ts,bid,bidq,ask,askq,mid,spread_bp,qimb
1787020106831,0.0828,268372.6,0.0829,468193.0,0.08285000000000001,12.070006035003363,-0.2712866308174045
1787020107931,0.0828,268372.6,0.0829,468796.5,0.08285000000000001,12.070006035003363,-0.27188320834392005
1787020108098,0.0828,268372.6,0.0829,469090.3,0.08285000000000001,12.070006035003363,-0.27217328492050247
1787020108220,0.0828,226385.1,0.0829,469090.3,0.08285000000000001,12.070006035003363,-0.34897740452070625
1787020108496,0.0828,137940.3,0.0829,469090.3,0.08285000000000001,12.070006035003363,-0.5455243936631861
1787020108497,0.0828,113260.7,0.0829,469090.3,0.08285000000000001,12.070006035003363,-0.6110225619943985
1787020108498,0.0828,96408.3,0.0829,469090.3,0.08285000000000001,12.070006035003363,-0.6590325776226502
1787020108499,0.0828,90720.8,0.0829,469090.3,0.08285000000000001,12.070006035003363,-0.6758878128711632
1787020108500,0.0828,90181.2,0.0829,469090.3,0.08285000000000001,12.070006035003363,-0.6775047539522396
1787020108514,0.0828,68322.2,0.0829,469090.3,0.08285000000000001,12.070006035003363,-0.7457364687274672
1787020108519,0.0828,68322.2,0.0829,473787.8,0.08285000000000001,12.070006035003363,-0.7479397170315987
1787020108522,0.0828,68322.2,0.0829,473787.8,0.08285000000000001,12.070006035003363,-0.7479397170315987
1787020108523,0.0828,68261.8,0.0829,473787.8,0.08285000000000001,12.070006035003363,-0.7481344880616092
1787020108538,0.0828,68261.8,0.0829,473727.4,0.08285000000000001,12.070006035003363,-0.7481064198327199
1787020108540,0.0828,68261.8,0.0829,480773.6,0.08285000000000001,12.070006035003363,-0.7513391668369653
1787020108611,0.0828,68261.8,0.0829,480834.0,0.08285000000000001,12.070006035003363,-0.7513665192849772
1787020108620,0.0828,67319.0,0.0829,480834.0,0.08285000000000001,12.070006035003363,-0.7543787957012003
1787020108621,0.0828,67319.0,0.0829,481035.4,0.08285000000000001,12.070006035003363,-0.7544690076344788
1787020108633,0.0828,67379.4,0.0829,481035.4,0.08285000000000001,12.070006035003363,-0.7542757781153973
1787020108641,0.0828,67379.4,0.0829,482061.1,0.08285000000000001,12.070006035003363,-0.7547344980939701
1787020108642,0.0828,67379.4,0.0829,483568.9,0.08285000000000001,12.070006035003363,-0.7554057250017833
1787020108643,0.0828,67379.4,0.0829,494947.6,0.08285000000000001,12.070006035003363,-0.7603550958783767
1787020108644,0.0828,67379.4,0.0829,495736.1,0.08285000000000001,12.070006035003363,-0.7606906576004389
1787020108646,0.0828,67319.0,0.0829,495675.7,0.08285000000000001,12.070006035003363,-0.7608538765995488
1787020108656,0.0828,67319.0,0.0829,504535.3,0.08285000000000001,12.070006035003363,-0.7645589094984508
1787020108665,0.0828,67319.0,0.0829,524198.4,0.08285000000000001,12.070006035003363,-0.7723853939038818
1787020108667,0.0828,67319.0,0.0829,524258.8,0.08285000000000001,12.070006035003363,-0.7724086333192354
1787020108676,0.0828,67379.4,0.0829,524258.8,0.08285000000000001,12.070006035003363,-0.7722276891519176
1787020108691,0.0828,67379.4,0.0829,524198.4,0.08285000000000001,12.070006035003363,-0.7722044336349335
1787020108711,0.0828,67379.4,0.0829,524923.0,0.08285000000000001,12.070006035003363,-0.7724831099789566
1787020108712,0.0828,67379.4,0.0829,524983.4,0.08285000000000001,12.070006035003363,-0.7725063086338304
1787020108714,0.0828,11125.4,0.0829,524983.4,0.08285000000000001,12.070006035003363,-0.9584957381785189
1787020108721,0.0828,11125.4,0.0829,529326.8,0.08285000000000001,12.070006035003363,-0.9588292914711051
1787020108738,0.0827,627963.0,0.0828,44492.8,0.08274999999999999,12.084592145015453,0.8676707078740341
1787020108739,0.0827,597745.7,0.0828,101476.7,0.08274999999999999,12.084592145015453,0.7097441386317144
1787020108740,0.0827,524599.0,0.0828,161600.8,0.08274999999999999,12.084592145015453,0.528997822500094
1787020108741,0.0827,533221.2,0.0828,168773.0,0.08274999999999999,12.084592145015453,0.5191612694235935
1787020108742,0.0827,533523.3,0.0828,168773.0,0.08274999999999999,12.084592145015453,0.5193681071650242
1787020108743,0.0827,534852.6,0.0828,168773.0,0.08274999999999999,12.084592145015453,0.520276124120555
1787020108744,0.0827,535052.0,0.0828,119858.0,0.08274999999999999,12.084592145015453,0.6339710799957246
1787020108745,0.0827,486439.9,0.0828,119858.0,0.08274999999999999,12.084592145015453,0.6046234037756028
1787020108747,0.0827,486439.9,0.0828,131302.9,0.08274999999999999,12.084592145015453,0.5748946001475047
1787020108748,0.0827,480234.6,0.0828,134167.8,0.08274999999999999,12.084592145015453,0.5632575654001353
1787020108749,0.0827,468855.9,0.0828,144110.0,0.08274999999999999,12.084592145015453,0.5297943980244252
1787020108750,0.0827,462650.6,0.0828,144110.0,0.08274999999999999,12.084592145015453,0.524985636839307
1787020108751,0.0827,462650.6,0.0828,143510.0,0.08274999999999999,12.084592145015453,0.5264951235695622
1787020108753,0.0827,412426.6,0.0828,144110.0,0.08274999999999999,12.084592145015453,0.48211851655398763
1787020108756,0.0827,390505.5,0.0828,144110.0,0.08274999999999999,12.084592145015453,0.4608835695934742
1787020108758,0.0827,390306.3,0.0828,144110.0,0.08274999999999999,12.084592145015453,0.46068261765219354
1787020108761,0.0827,389992.8,0.0828,144110.0,0.08274999999999999,12.084592145015453,0.46036605687144866
1787020108764,0.0827,389992.8,0.0828,158161.2,0.08274999999999999,12.084592145015453,0.4229315119473724
1787020108765,0.0827,389992.8,0.0828,101907.2,0.08274999999999999,12.084592145015453,0.5856588737548282
1787020108766,0.0827,397755.0,0.0828,101907.2,0.08274999999999999,12.084592145015453,0.5920956198007373
1787020108770,0.0827,397755.0,0.0828,60430.0,0.08274999999999999,12.084592145015453,0.7362200857732139
1787020108771,0.0827,408141.4,0.0828,60430.0,0.08274999999999999,12.084592145015453,0.7420670574431133
1787020108774,0.0827,408141.4,0.0828,60430.0,0.08274999999999999,12.084592145015453,0.7420670574431133
1787020108777,0.0827,407481.4,0.0828,60430.0,0.08274999999999999,12.084592145015453,0.7417032369803344
1787020108779,0.0827,408140.6,0.0828,60430.0,0.08274999999999999,12.084592145015453,0.742066617069018
1787020108784,0.0827,408140.6,0.0828,60629.4,0.08274999999999999,12.084592145015453,0.7413255967745375
1787020108790,0.0827,408140.6,0.0828,60430.0,0.08274999999999999,12.084592145015453,0.742066617069018
1787020108792,0.0827,400378.4,0.0828,60430.0,0.08274999999999999,12.084592145015453,0.7377217950020009
1787020108795,0.0827,400378.4,0.0828,59830.0,0.08274999999999999,12.084592145015453,0.7399873622471906
1787020108797,0.0827,400378.4,0.0828,60430.0,0.08274999999999999,12.084592145015453,0.7377217950020009
1787020108798,0.0827,400378.4,0.0828,82351.1,0.08274999999999999,12.084592145015453,0.6588105761093946
1787020108799,0.0827,400378.4,0.0828,60430.0,0.08274999999999999,12.084592145015453,0.7377217950020009
1787020108800,0.0827,400378.4,0.0828,184222.1,0.08274999999999999,12.084592145015453,0.3697504535148362
1787020108802,0.0827,395680.9,0.0828,184222.1,0.08274999999999999,12.084592145015453,0.36464512168414376
1787020108805,0.0827,395680.9,0.0828,184342.9,0.08274999999999999,12.084592145015453,0.3643609107074572
1787020108831,0.0827,395680.9,0.0828,184543.6,0.08274999999999999,12.084592145015453,0.36388897745613985
1787020108842,0.0827,395680.9,0.0828,184743.0,0.08274999999999999,12.084592145015453,0.36342042427956534
1787020108849,0.0827,395680.9,0.0828,184542.3,0.08274999999999999,12.084592145015453,0.3638920332727131
1787020108898,0.0827,395680.9,0.0828,201298.8,0.08274999999999999,12.084592145015453,0.3256092292585494
1787020108899,0.0827,395680.9,0.0828,202575.8,0.08274999999999999,12.084592145015453,0.3227796696635408
1787020108932,0.0827,388634.7,0.0828,202575.8,0.08274999999999999,12.084592145015453,0.314708382209044
1787020108974,0.0827,396396.9,0.0828,202575.8,0.08274999999999999,12.084592145015453,0.32358920531770485
1787020109040,0.0827,396215.6,0.0828,202575.8,0.08274999999999999,12.084592145015453,0.32338440398442597
1787020109100,0.0827,396215.6,0.0828,202870.8,0.08274999999999999,12.084592145015453,0.3227327477305444
1787020109101,0.0827,396215.6,0.0828,203165.8,0.08274999999999999,12.084592145015453,0.32208173293332093
1787020109181,0.0827,396463.4,0.0828,203165.8,0.08274999999999999,12.084592145015453,0.3223618863124078
1787020109298,0.0827,396463.4,0.0828,203045.0,0.08274999999999999,12.084592145015453,0.32262834015336567
1787020109321,0.0827,396463.4,0.0828,203347.0,0.08274999999999999,12.084592145015453,0.32196240678721144
1787020109323,0.0827,396523.9,0.0828,203468.0,0.08274999999999999,12.084592145015453,0.3217641771497249
1787020109400,0.0827,396523.9,0.0828,203572.1,0.08274999999999999,12.084592145015453,0.32153488775129313
1787020109528,0.0827,395617.6,0.0828,203572.1,0.08274999999999999,12.084592145015453,0.3205086803060867
1787020109602,0.0827,395617.6,0.0828,221611.8,0.08274999999999999,12.084592145015453,0.28191430933134426
1787020109604,0.0827,395617.6,0.0828,221490.8,0.08274999999999999,12.084592145015453,0.2821656616568499
1787020109633,0.0827,395617.6,0.0828,221611.8,0.08274999999999999,12.084592145015453,0.28191430933134426
1787020109634,0.0827,395617.6,0.0828,221732.8,0.08274999999999999,12.084592145015453,0.2816630555353977
1787020109635,0.0827,395617.6,0.0828,263720.3,0.08274999999999999,12.084592145015453,0.2000450755219744
1787020109636,0.0827,352267.3,0.0828,263720.3,0.08274999999999999,12.084592145015453,0.14374802349917434
1787020109782,0.0827,349850.4,0.0828,263720.3,0.08274999999999999,12.084592145015453,0.14037518414748298
1787020109786,0.0827,349850.4,0.0828,256608.6,0.08274999999999999,12.084592145015453,0.15374790381542697
1787020109791,0.0827,349850.4,0.0828,249722.9,0.08274999999999999,12.084592145015453,0.1669979300279049
1787020109792,0.0827,349850.4,0.0828,249601.9,0.08274999999999999,12.084592145015453,0.16723348963712378
1787020109797,0.0827,349850.4,0.0828,249447.5,0.08274999999999999,12.084592145015453,0.16753420961428367
1787020109799,0.0827,399850.4,0.0828,249447.5,0.08274999999999999,12.084592145015453,0.23163928298551406
1787020109800,0.0827,349789.9,0.0828,249568.5,0.08274999999999999,12.084592145015453,0.16721447467825598
1787020109801,0.0827,349850.4,0.0828,249568.5,0.08274999999999999,12.084592145015453,0.16729852862497332
1787020109808,0.0827,346687.5,0.0828,249568.5,0.08274999999999999,12.084592145015453,0.1628813798100145
1787020110097,0.0827,346687.5,0.0828,248978.5,0.08274999999999999,12.084592145015453,0.1640331998133182
1787020110399,0.0827,346687.5,0.0828,248874.4,0.08274999999999999,12.084592145015453,0.16423666456836813
1787020111298,0.0827,346808.3,0.0828,248874.4,0.08274999999999999,12.084592145015453,0.16440615112710172
1787020111556,0.0827,346808.3,0.0828,250605.0,0.08274999999999999,12.084592145015453,0.16103307375312867
1787020112126,0.0827,501808.3,0.0828,250605.0,0.08274999999999999,12.084592145015453,0.3338634497821875
1787020112128,0.0827,346747.8,0.0828,250605.0,0.08274999999999999,12.084592145015453,0.16094810303057086
1787020112129,0.0827,346808.3,0.0828,250605.0,0.08274999999999999,12.084592145015453,0.16103307375312867
1787020112299,0.0827,346687.5,0.0828,250605.0,0.08274999999999999,12.084592145015453,0.16086339607478747
1787020112800,0.0827,346687.5,0.0828,250725.8,0.08274999999999999,12.084592145015453,0.16062866360692005
1787020113038,0.0827,346539.4,0.0828,250725.8,0.08274999999999999,12.084592145015453,0.16042053010957283
1787020113115,0.0827,421539.4,0.0828,250725.8,0.08274999999999999,12.084592145015453,0.25408663128777165
1787020113116,0.0827,346478.9,0.0828,250725.8,0.08274999999999999,12.084592145015453,0.1603354762613222
1787020113118,0.0827,346539.4,0.0828,250725.8,0.08274999999999999,12.084592145015453,0.16042053010957283
1787020113134,0.0827,346542.1,0.0828,250725.8,0.08274999999999999,12.084592145015453,0.16042432549949528
1787020113299,0.0827,346542.1,0.0828,250605.0,0.08274999999999999,12.084592145015453,0.1606590737860068
1787020114104,0.0827,376542.1,0.0828,250605.0,0.08274999999999999,12.084592145015453,0.20080950705185432
1787020114105,0.0827,376481.6,0.0828,250605.0,0.08274999999999999,12.084592145015453,0.20073240282921048
1787020114300,0.0827,376602.4,0.0828,250605.0,0.08274999999999999,12.084592145015453,0.20088634158334231
1787020114302,0.0827,376662.9,0.0828,250605.0,0.08274999999999999,12.084592145015453,0.20096341610976748
1787020114757,0.0827,376662.9,0.0828,249908.4,0.08274999999999999,12.084592145015453,0.20229860512283282
1787020115296,0.0827,376542.1,0.0828,249908.4,0.08274999999999999,12.084592145015453,0.2021447823890315
1787020115365,0.0827,376542.1,0.0828,250196.8,0.08274999999999999,12.084592145015453,0.2015916037763094
1787020115612,0.0827,346542.1,0.0828,250196.8,0.08274999999999999,12.084592145015453,0.16145302409479256
1787020116297,0.0827,346542.1,0.0828,250317.6,0.08274999999999999,12.084592145015453,0.16121795457123336
1787020116487,0.0827,346447.7,0.0828,250317.6,0.08274999999999999,12.084592145015453,0.16108527087617192
1787020117987,0.0827,346447.7,0.0828,250425.1,0.08274999999999999,12.084592145015453,0.16087615317702533
1787020117996,0.0827,386196.4,0.0828,250425.1,0.08274999999999999,12.084592145015453,0.21326848056498252
1787020117997,0.0827,386135.9,0.0828,250425.1,0.08274999999999999,12.084592145015453,0.21319370806568422
1787020118144,0.0827,386133.2,0.0828,250425.1,0.08274999999999999,12.084592145015453,0.21319037077986414
1787020118154,0.0827,386135.9,0.0828,250425.1,0.08274999999999999,12.084592145015453,0.21319370806568422
1787020118155,0.0827,386196.4,0.0828,250425.1,0.08274999999999999,12.084592145015453,0.21326848056498252
1787020118226,0.0827,385812.5,0.0828,250425.1,0.08274999999999999,12.084592145015453,0.21279377389830464
1787020118299,0.0827,385812.5,0.0828,250304.3,0.08274999999999999,12.084592145015453,0.21302408614267065
1787020118798,0.0827,385812.5,0.0828,250425.1,0.08274999999999999,12.084592145015453,0.21279377389830464
1787020120297,0.0827,385812.5,0.0828,250304.3,0.08274999999999999,12.084592145015453,0.21302408614267065
1787020121799,0.0827,385933.3,0.0828,250304.3,0.08274999999999999,12.084592145015453,0.21317350624986642
1787020121862,0.0827,386030.7,0.0828,250304.3,0.08274999999999999,12.084592145015453,0.2132939410844917
1787020122014,0.0827,386030.7,0.0828,249974.5,0.08274999999999999,12.084592145015453,0.2139230937105546
1787020122460,0.0827,384913.5,0.0828,249974.5,0.08274999999999999,12.084592145015453,0.21253984954826677
1787020122797,0.0827,384792.7,0.0828,249974.5,0.08274999999999999,12.084592145015453,0.21238999116526502
1787020123164,0.0827,384790.0,0.0828,249974.5,0.08274999999999999,12.084592145015453,0.21238664102986227
1787020123173,0.0827,384792.7,0.0828,249974.5,0.08274999999999999,12.084592145015453,0.21238999116526502
1787020123798,0.0827,384913.5,0.0828,249974.5,0.08274999999999999,12.084592145015453,0.21253984954826677
1787020123919,0.0827,384987.9,0.0828,249974.5,0.08274999999999999,12.084592145015453,0.2126321180592741
1787020124298,0.0827,384867.1,0.0828,249974.5,0.08274999999999999,12.084592145015453,0.21248229479605618
1787020125135,0.0827,386192.4,0.0828,249974.5,0.08274999999999999,12.084592145015453,0.21412289762324951
1787020125800,0.0827,386313.2,0.0828,249974.5,0.08274999999999999,12.084592145015453,0.21427209735470296
1787020127412,0.0827,386313.2,0.0828,249853.5,0.08274999999999999,12.084592145015453,0.21450305399512426
1787020127417,0.0827,386313.2,0.0828,251167.9,0.08274999999999999,12.084592145015453,0.21199891259521267
1787020127418,0.0827,386313.2,0.0828,251046.9,0.08274999999999999,12.084592145015453,0.2122290052358157
1787020127717,0.0827,386216.5,0.0828,251046.9,0.08274999999999999,12.084592145015453,0.21210946682329473
1787020127718,0.0827,386216.5,0.0828,281046.9,0.08274999999999999,12.084592145015453,0.15761332031698422
1787020127719,0.0827,386216.5,0.0828,281167.9,0.08274999999999999,12.084592145015453,0.15740343945708046
1787020127720,0.0827,386216.5,0.0828,251167.9,0.08274999999999999,12.084592145015453,0.2118793619674407
1787020127797,0.0827,386095.7,0.0828,251167.9,0.08274999999999999,12.084592145015453,0.21172996543345646
1787020128183,0.0827,386093.0,0.0828,251167.9,0.08274999999999999,12.084592145015453,0.21172662562539143
1787020128191,0.0827,386093.0,0.0828,251165.2,0.08274999999999999,12.084592145015453,0.2117317595913242
1787020128536,0.0827,386522.3,0.0828,251165.2,0.08274999999999999,12.084592145015453,0.21226243261785746
1787020128799,0.0827,386522.3,0.0828,251286.0,0.08274999999999999,12.084592145015453,0.21203283180855437
1787020128937,0.0827,386522.3,0.0828,291286.0,0.08274999999999999,12.084592145015453,0.1405062463826424
1787020128938,0.0827,386522.3,0.0828,290965.6,0.08274999999999999,12.084592145015453,0.14104561867451806
1787020128939,0.0827,386522.3,0.0828,291165.0,0.08274999999999999,12.084592145015453,0.14070988197653989
1787020128941,0.0827,386522.3,0.0828,291286.0,0.08274999999999999,12.084592145015453,0.1405062463826424
1787020129092,0.0827,386522.3,0.0828,251286.0,0.08274999999999999,12.084592145015453,0.21203283180855437
1787020129299,0.0827,386522.3,0.0828,251165.2,0.08274999999999999,12.084592145015453,0.21226243261785746
1787020129796,0.0827,386522.3,0.0828,251286.0,0.08274999999999999,12.084592145015453,0.21203283180855437
1787020129862,0.0827,386424.9,0.0828,251286.0,0.08274999999999999,12.084592145015453,0.21191248259987405
1787020129926,0.0827,386424.9,0.0828,296286.0,0.08274999999999999,12.084592145015453,0.13203084936830511
1787020129927,0.0827,386424.9,0.0828,296165.0,0.08274999999999999,12.084592145015453,0.1322315199800056
1787020130365,0.0827,386424.9,0.0828,251165.0,0.08274999999999999,12.084592145015453,0.21214247590810334
1787020130367,0.0827,386424.9,0.0828,251286.0,0.08274999999999999,12.084592145015453,0.21191248259987405
1787020130798,0.0827,386545.7,0.0828,251165.2,0.08274999999999999,12.084592145015453,0.21229133765786345
1787020130862,0.0827,386638.8,0.0828,251165.2,0.08274999999999999,12.084592145015453,0.2124063191826956
1787020131969,0.0827,386638.8,0.0828,249850.8,0.08274999999999999,12.084592145015453,0.21491003152290314
1787020131972,0.0827,386638.8,0.0828,251165.1,0.08274999999999999,12.084592145015453,0.2124065092734616
1787020132130,0.0827,387861.1,0.0828,251165.1,0.08274999999999999,12.084592145015453,0.21391298197163117
1787020132626,0.0827,387861.1,0.0828,183627.0,0.08274999999999999,12.084592145015453,0.3573724457254665
1787020132892,0.0827,387861.1,0.0828,218627.0,0.08274999999999999,12.084592145015453,0.2790394403451609
1787020132893,0.0827,387861.1,0.0828,218506.0,0.08274999999999999,12.084592145015453,0.27929467149520476
1787020132906,0.0827,387861.1,0.0828,308899.5,0.08274999999999999,12.084592145015453,0.11332672943906412
1787020132907,0.0827,387861.1,0.0828,308700.1,0.08274999999999999,12.084592145015453,0.11364543417003417
1787020132908,0.0827,387861.1,0.0828,308821.1,0.08274999999999999,12.084592145015453,0.11345201585457473
1787020132909,0.0827,387861.1,0.0828,309020.5,0.08274999999999999,12.084592145015453,0.11313342180364638
1787020133087,0.0827,387861.1,0.0828,309093.2,0.08274999999999999,12.084592145015453,0.11301730974326431
1787020133092,0.0827,348112.4,0.0828,309093.2,0.08274999999999999,12.084592145015453,0.059371374802649285
1787020133098,0.0827,348399.7,0.0828,309093.2,0.08274999999999999,12.084592145015453,0.05978239460836763
1787020133106,0.0827,348650.6,0.0828,309093.2,0.08274999999999999,12.084592145015453,0.0601410457992914
1787020133107,0.0827,348590.1,0.0828,309093.2,0.08274999999999999,12.084592145015453,0.06005458858389739
1787020133931,0.0827,349194.3,0.0828,309093.2,0.08274999999999999,12.084592145015453,0.0609173043692915
1787020133932,0.0827,349254.8,0.0828,309093.2,0.08274999999999999,12.084592145015453,0.061003602957706224
1787020134431,0.0827,348650.6,0.0828,309093.2,0.08274999999999999,12.084592145015453,0.0601410457992914
1787020135263,0.0827,348650.6,0.0828,274093.2,0.08274999999999999,12.084592145015453,0.11972403418548681
1787020135268,0.0827,348650.6,0.0828,183699.7,0.08274999999999999,12.084592145015453,0.30985405662399357
1787020135562,0.0827,348650.6,0.0828,259302.6,0.08274999999999999,12.084592145015453,0.14696525982592076
1787020135564,0.0827,348650.6,0.0828,259181.6,0.08274999999999999,12.084592145015453,0.14719358401874724
1787020135859,0.0827,393650.6,0.0828,259181.6,0.08274999999999999,12.084592145015453,0.20597789140915534
1787020135860,0.0827,393590.1,0.0828,259302.6,0.08274999999999999,12.084592145015453,0.20568081095101842
1787020135861,0.0827,393650.6,0.0828,259302.6,0.08274999999999999,12.084592145015453,0.2057544093512368
1787020137100,0.0827,393363.3,0.0828,259302.6,0.08274999999999999,12.084592145015453,0.20540478673698132
1787020137101,0.0827,407530.2,0.0828,259302.6,0.08274999999999999,12.084592145015453,0.22228600632722326
1787020137102,0.0827,407270.3,0.0828,259302.6,0.08274999999999999,12.084592145015453,0.22198277187686444
1787020137104,0.0827,407469.7,0.0828,259302.6,0.08274999999999999,12.084592145015453,0.22221543996353776
1787020137105,0.0827,407530.2,0.0828,259302.6,0.08274999999999999,12.084592145015453,0.22228600632722326
1787020137150,0.0827,407530.2,0.0828,259570.7,0.08274999999999999,12.084592145015453,0.22179478396746277
1787020137349,0.0827,407530.2,0.0828,259857.7,0.08274999999999999,12.084592145015453,0.22126936973235503
1787020137592,0.0827,362530.2,0.0828,259857.7,0.08274999999999999,12.084592145015453,0.16496545000312504
1787020137597,0.0827,348363.3,0.0828,259857.7,0.08274999999999999,12.084592145015453,0.14551552807285506
1787020138254,0.0827,349015.0,0.0828,259857.7,0.08274999999999999,12.084592145015453,0.14643011585180285
1787020139100,0.0827,349300.3,0.0828,259857.7,0.08274999999999999,12.084592145015453,0.14682988649906917
1787020139560,0.0827,349300.3,0.0828,246440.3,0.08274999999999999,12.084592145015453,0.17265903985728018
1787020139562,0.0827,349300.3,0.0828,170837.4,0.08274999999999999,12.084592145015453,0.3431070272352879
1787020139567,0.0827,360679.0,0.0828,170837.4,0.08274999999999999,12.084592145015453,0.35716978817586814
1787020139568,0.0827,360618.5,0.0828,170837.4,0.08274999999999999,12.084592145015453,0.35709660952112865
1787020139663,0.0827,361278.5,0.0828,170837.4,0.08274999999999999,12.084592145015453,0.35789402271196935
1787020139664,0.0827,361339.0,0.0828,170837.4,0.08274999999999999,12.084592145015453,0.357967019958044
1787020139665,0.0827,361339.0,0.0828,170237.4,0.08274999999999999,12.084592145015453,0.35949978215737194
1787020139693,0.0827,375439.7,0.0828,170237.4,0.08274999999999999,12.084592145015453,0.37605078168022815
1787020139694,0.0827,375379.2,0.0828,170237.4,0.08274999999999999,12.084592145015453,0.3759815958678677
1787020139766,0.0827,375379.2,0.0828,238744.8,0.08274999999999999,12.084592145015453,0.2224866639310628
1787020139767,0.0827,375439.7,0.0828,238424.4,0.08274999999999999,12.084592145015453,0.22320135678238884
1787020139768,0.0827,375439.7,0.0828,239344.8,0.08274999999999999,12.084592145015453,0.22137008984449028
1787020139815,0.0827,435439.7,0.0828,239344.8,0.08274999999999999,12.084592145015453,0.29060374089802005
1787020139816,0.0827,435379.2,0.0828,239344.8,0.08274999999999999,12.084592145015453,0.29054013196507017
1787020139914,0.0827,375379.2,0.0828,239344.8,0.08274999999999999,12.084592145015453,0.22129345852772955
1787020139916,0.0827,375439.7,0.0828,239344.8,0.08274999999999999,12.084592145015453,0.22137008984449028
1787020140020,0.0827,373947.9,0.0828,239344.8,0.08274999999999999,12.084592145015453,0.21947611637966674
1787020140021,0.0827,372456.1,0.0828,239344.8,0.08274999999999999,12.084592145015453,0.21757290647986952
1787020140025,0.0827,371325.4,0.0828,239344.8,0.08274999999999999,12.084592145015453,0.2161241861810189
1787020140098,0.0827,371040.1,0.0828,239344.8,0.08274999999999999,12.084592145015453,0.2157577947947271
1787020140802,0.0827,370919.3,0.0828,239344.8,0.08274999999999999,12.084592145015453,0.21560255633585526
1787020141369,0.0827,370919.3,0.0828,239057.8,0.08274999999999999,12.084592145015453,0.21617450884631573
1787020141373,0.0827,370919.3,0.0828,239691.3,0.08274999999999999,12.084592145015453,0.2149127447181559
1787020141798,0.0827,371040.1,0.0828,239691.3,0.08274999999999999,12.084592145015453,0.21506803154381782
1787020141931,0.0827,371644.3,0.0828,239691.3,0.08274999999999999,12.084592145015453,0.21584380166965575
1787020142383,0.0827,357543.6,0.0828,239691.3,0.08274999999999999,12.084592145015453,0.19732989482027927
1787020142583,0.0827,357543.6,0.0828,236691.3,0.08274999999999999,12.084592145015453,0.2033746250851305
1787020142596,0.0827,359035.4,0.0828,236691.3,0.08274999999999999,12.084592145015453,0.20536950920615116
1787020142604,0.0827,364630.0,0.0828,236691.3,0.08274999999999999,12.084592145015453,0.21276262789959377
1787020142605,0.0827,366121.8,0.0828,236691.3,0.08274999999999999,12.084592145015453,0.2147108282816017
1787020142722,0.0827,366061.3,0.0828,236691.3,0.08274999999999999,12.084592145015453,0.2146320065645507
1787020142781,0.0827,366061.3,0.0828,286691.3,0.08274999999999999,12.084592145015453,0.12159277496558421
1787020142785,0.0827,366121.8,0.0828,286691.3,0.08274999999999999,12.084592145015453,0.12167418208978956
1787020142793,0.0827,366121.8,0.0828,286570.3,0.08274999999999999,12.084592145015453,0.12188212481811869
1787020142795,0.0827,365461.8,0.0828,286570.3,0.08274999999999999,12.084592145015453,0.1209932762512766
1787020142799,0.0827,365461.8,0.0828,286691.1,0.08274999999999999,12.084592145015453,0.12078563171305383
1787020142805,0.0827,365341.0,0.0828,286691.1,0.08274999999999999,12.084592145015453,0.12062274234658082
1787020142807,0.0827,365341.0,0.0828,286812.1,0.08274999999999999,12.084592145015453,0.12041482283837955
1787020142862,0.0827,365247.9,0.0828,286812.1,0.08274999999999999,12.084592145015453,0.12028923718676203
1787020142930,0.0827,364643.7,0.0828,286812.1,0.08274999999999999,12.084592145015453,0.11947333955734223
1787020143089,0.0827,364214.4,0.0828,286812.1,0.08274999999999999,12.084592145015453,0.11889270252439808
1787020143098,0.0827,364214.4,0.0828,287096.5,0.08274999999999999,12.084592145015453,0.11840412927221089
1787020143139,0.0827,364214.4,0.0828,287398.5,0.08274999999999999,12.084592145015453,0.11788578771230591
1787020143282,0.0827,364804.4,0.0828,287398.5,0.08274999999999999,12.084592145015453,0.11868377156863305
1787020143298,0.0827,364804.4,0.0828,287277.7,0.08274999999999999,12.084592145015453,0.11889101080983515
1787020143863,0.0827,364876.4,0.0828,287277.7,0.08274999999999999,12.084592145015453,0.11898828819752877
1787020144098,0.0827,364876.4,0.0828,286993.3,0.08274999999999999,12.084592145015453,0.11947648433421594
1787020144116,0.0827,364876.4,0.0828,285679.0,0.08274999999999999,12.084592145015453,0.12173813329349048
1787020144119,0.0827,364876.4,0.0828,286985.9,0.08274999999999999,12.084592145015453,0.11948919273288239
1787020144981,0.0827,364628.6,0.0828,286985.9,0.08274999999999999,12.084592145015453,0.11915434662672478
1787020144985,0.0827,365079.7,0.0828,286985.9,0.08274999999999999,12.084592145015453,0.1197637170247901
1787020145081,0.0827,363754.4,0.0828,286985.9,0.08274999999999999,12.084592145015453,0.11797102469295354
1787020145180,0.0827,363754.4,0.0828,287145.9,0.08274999999999999,12.084592145015453,0.1176962124614169
1787020145800,0.0827,363875.2,0.0828,287145.9,0.08274999999999999,12.084592145015453,0.11785992804227079
1787020146102,0.0827,364158.6,0.0828,287145.9,0.08274999999999999,12.084592145015453,0.11824377077081451
1787020147162,0.0827,364158.6,0.0828,286877.8,0.08274999999999999,12.084592145015453,0.11870426907005507
1787020147166,0.0827,364158.6,0.0828,287163.3,0.08274999999999999,12.084592145015453,0.11821389699931785
1787020147519,0.0827,364158.6,0.0828,237163.3,0.08274999999999999,12.084592145015453,0.21119353876850322
1787020148097,0.0827,363875.2,0.0828,237163.3,0.08274999999999999,12.084592145015453,0.21082160294224084
1787020148102,0.0827,363624.3,0.0828,237163.3,0.08274999999999999,12.084592145015453,0.2104920274652806
1787020148109,0.0827,363624.3,0.0828,238304.4,0.08274999999999999,12.084592145015453,0.20819724994006766
1787020148112,0.0827,401818.5,0.0828,238304.4,0.08274999999999999,12.084592145015453,0.2554417284555825
1787020148113,0.0827,401758.0,0.0828,238304.4,0.08274999999999999,12.084592145015453,0.2553713512932489
1787020148342,0.0827,401758.0,0.0828,237670.9,0.08274999999999999,12.084592145015453,0.25661508261512733
1787020148347,0.0827,401758.0,0.0828,238303.9,0.08274999999999999,12.084592145015453,0.2553723319572685
1787020148348,0.0827,401818.5,0.0828,238303.9,0.08274999999999999,12.084592145015453,0.2554427090818881
1787020148406,0.0827,402065.6,0.0828,238303.9,0.08274999999999999,12.084592145015453,0.2557300121258117
1787020148714,0.0827,402065.6,0.0828,268303.9,0.08274999999999999,12.084592145015453,0.1995342866881622
1787020148715,0.0827,402065.6,0.0828,268182.9,0.08274999999999999,12.084592145015453,0.19975083868147403
1787020149098,0.0827,402348.0,0.0828,268182.9,0.08274999999999999,12.084592145015453,0.20008787067083705
1787020149100,0.0827,402348.0,0.0828,268303.9,0.08274999999999999,12.084592145015453,0.19987134905604528
1787020149630,0.0827,402348.0,0.0828,238303.9,0.08274999999999999,12.084592145015453,0.25605808708286043
1787020149703,0.0827,402348.0,0.0828,268303.9,0.08274999999999999,12.084592145015453,0.19987134905604528
1787020149704,0.0827,402348.0,0.0828,268182.9,0.08274999999999999,12.084592145015453,0.20008787067083705
1787020150301,0.0827,402227.2,0.0828,268182.9,0.08274999999999999,12.084592145015453,0.19994373593118595
1787020150302,0.0827,402227.2,0.0828,268303.7,0.08274999999999999,12.084592145015453,0.19972755916244872
1787020150303,0.0827,402227.2,0.0828,268424.7,0.08274999999999999,12.084592145015453,0.19951110255558807
1787020150354,0.0827,402227.2,0.0828,267791.7,0.08274999999999999,12.084592145015453,0.20064434003279608
1787020150359,0.0827,402227.2,0.0828,268428.7,0.08274999999999999,12.084592145015453,0.1995039482989712
1787020150692,0.0827,402227.2,0.0828,298428.7,0.08274999999999999,12.084592145015453,0.14814475978864947
1787020150693,0.0827,402227.2,0.0828,298307.7,0.08274999999999999,12.084592145015453,0.14834307327158147
1787020151101,0.0827,401944.8,0.0828,298307.7,0.08274999999999999,12.084592145015453,0.14799961442479673
1787020152265,0.0827,401944.8,0.0828,297000.8,0.08274999999999999,12.084592145015453,0.15014616302041248
1787020152268,0.0827,401944.8,0.0828,298283.8,0.08274999999999999,12.084592145015453,0.14803879761552158
1787020152269,0.0827,401944.8,0.0828,298404.8,0.08274999999999999,12.084592145015453,0.14784044996955806
1787020152862,0.0827,401872.8,0.0828,298404.8,0.08274999999999999,12.084592145015453,0.1477528340189662
1787020153658,0.0827,401872.8,0.0828,328404.8,0.08274999999999999,12.084592145015453,0.10060283924907461
1787020153659,0.0827,401872.8,0.0828,328084.4,0.08274999999999999,12.084592145015453,0.1010859266817287
1787020153660,0.0827,401872.8,0.0828,328283.8,0.08274999999999999,12.084592145015453,0.10078522881255884
1787020153661,0.0827,401872.8,0.0828,328404.8,0.08274999999999999,12.084592145015453,0.10060283924907461
1787020153856,0.0827,401872.8,0.0828,326674.2,0.08274999999999999,12.084592145015453,0.10321722551873795
1787020154154,0.0827,401872.8,0.0828,326993.0,0.08274999999999999,12.084592145015453,0.10273468723597676
1787020154326,0.0827,401221.1,0.0828,326993.0,0.08274999999999999,12.084592145015453,0.10193169838375826
1787020154327,0.0827,389842.4,0.0828,326993.0,0.08274999999999999,12.084592145015453,0.08767619456293596
1787020154331,0.0827,389842.4,0.0828,326341.3,0.08274999999999999,12.084592145015453,0.08866593864116153
1787020154336,0.0827,389842.4,0.0828,326401.8,0.08274999999999999,12.084592145015453,0.08857398077359654
1787020154647,0.0827,389842.4,0.0828,376401.8,0.08274999999999999,12.084592145015453,0.017540883180583992
1787020154648,0.0827,389842.4,0.0828,376280.8,0.08274999999999999,12.084592145015453,0.017701591597800506
1787020155069,0.0827,389842.4,0.0828,326280.8,0.08274999999999999,12.084592145015453,0.08875791204641888
1787020155070,0.0827,389842.4,0.0828,326401.8,0.08274999999999999,12.084592145015453,0.08857398077359654
1787020155172,0.0827,389842.4,0.0828,326083.0,0.08274999999999999,12.084592145015453,0.08905872036388152
1787020155509,0.0827,389768.0,0.0828,326083.0,0.08274999999999999,12.084592145015453,0.08896404419355425
1787020155682,0.0827,389768.0,0.0828,296083.0,0.08274999999999999,12.084592145015453,0.13659672436141376
1787020155989,0.0827,389198.6,0.0828,296083.0,0.08274999999999999,12.084592145015453,0.13587932318626383
1787020156297,0.0827,389198.6,0.0828,295962.2,0.08274999999999999,12.084592145015453,0.13607958890818034
1787020156343,0.0827,389198.6,0.0828,265962.2,0.08274999999999999,12.084592145015453,0.1881009974955766
1787020156798,0.0827,389198.6,0.0828,266083.0,0.08274999999999999,12.084592145015453,0.18788197318526872
1787020157164,0.0827,389198.6,0.0828,266008.6,0.08274999999999999,12.084592145015453,0.18801685939959148
1787020157614,0.0827,389198.6,0.0828,316008.6,0.08274999999999999,12.084592145015453,0.10378510032228827
1787020157615,0.0827,389198.6,0.0828,315887.6,0.08274999999999999,12.084592145015453,0.10397452112947325
1787020158099,0.0827,389478.2,0.0828,315887.6,0.08274999999999999,12.084592145015453,0.10432969673324115
1787020158100,0.0827,389478.2,0.0828,316008.6,0.08274999999999999,12.084592145015453,0.10414029008055152
1787020158746,0.0827,389384.9,0.0828,316008.6,0.08274999999999999,12.084592145015453,0.10402179776252553
1787020159033,0.0827,389384.9,0.0828,266008.6,0.08274999999999999,12.084592145015453,0.18824767105563306
1787020159099,0.0827,389105.3,0.0828,266008.6,0.08274999999999999,12.084592145015453,0.18790121839881588
1787020159221,0.0827,389105.3,0.0828,266325.8,0.08274999999999999,12.084592145015453,0.18732632613862846
1787020159396,0.0827,389105.3,0.0828,267533.5,0.08274999999999999,12.084592145015453,0.18514257762410624
1787020159591,0.0827,389105.3,0.0828,307533.5,0.08274999999999999,12.084592145015453,0.11709339186964605
1787020159592,0.0827,389105.3,0.0828,307412.5,0.08274999999999999,12.084592145015453,0.1172874548216858
1787020160832,0.0827,333399.2,0.0828,307412.5,0.08274999999999999,12.084592145015453,0.04055278641135924
1787020160833,0.0827,268204.6,0.0828,307412.5,0.08274999999999999,12.084592145015453,-0.06811455045376523
1787020160834,0.0827,268204.6,0.0828,432533.5,0.08274999999999999,12.084592145015453,-0.2345082991776814
1787020160835,0.0827,268204.6,0.0828,443972.7,0.08274999999999999,12.084592145015453,-0.2468038506703317
1787020160836,0.0827,250164.9,0.0828,443972.7,0.08274999999999999,12.084592145015453,-0.27920660111194096
1787020160838,0.0827,250164.9,0.0828,445272.7,0.08274999999999999,12.084592145015453,-0.28055399938110914
1787020160840,0.0827,250164.9,0.0828,445151.7,0.08274999999999999,12.084592145015453,-0.2804288003479279
1787020160887,0.0827,248497.3,0.0828,445151.7,0.08274999999999999,12.084592145015453,-0.28350707634552924
1787020160905,0.0827,248250.2,0.0828,445151.7,0.08274999999999999,12.084592145015453,-0.2839644656295288
1787020160938,0.0827,231493.7,0.0828,445151.7,0.08274999999999999,12.084592145015453,-0.315760662822802
1787020160939,0.0827,231493.7,0.0828,445272.7,0.08274999999999999,12.084592145015453,-0.3158829989195681
1787020161042,0.0827,231493.7,0.0828,432106.1,0.08274999999999999,12.084592145015453,-0.30230931353505525
1787020161045,0.0827,320282.1,0.0828,432306.1,0.08274999999999999,12.084592145015453,-0.14885165619126103
1787020161046,0.0827,320221.6,0.0828,432306.1,0.08274999999999999,12.084592145015453,-0.14894401893777465
1787020161100,0.0827,320221.6,0.0828,432592.8,0.08274999999999999,12.084592145015453,-0.1492681330218976
1787020161101,0.0827,320282.1,0.0828,432592.8,0.08274999999999999,12.084592145015453,-0.14917577940239476
1787020161298,0.0827,320282.1,0.0828,432472.0,0.08274999999999999,12.084592145015453,-0.1490392413671344
1787020161301,0.0827,320282.1,0.0828,432272.0,0.08274999999999999,12.084592145015453,-0.14881308865369283
1787020161796,0.0827,320282.1,0.0828,432392.8,0.08274999999999999,12.084592145015453,-0.1489496992659115
1787020162099,0.0827,320282.1,0.0828,432106.1,0.08274999999999999,12.084592145015453,-0.14862540374769304
1787020162100,0.0827,320568.4,0.0828,432106.1,0.08274999999999999,12.084592145015453,-0.14818849316670082
1787020163074,0.0827,320568.4,0.0828,423371.9,0.08274999999999999,12.084592145015453,-0.13818783577123056
1787020163299,0.0827,320568.4,0.0828,423251.1,0.08274999999999999,12.084592145015453,-0.13804787317353195
1787020163316,0.0827,282374.2,0.0828,423251.1,0.08274999999999999,12.084592145015453,-0.19964831192985846
1787020163325,0.0827,315479.1,0.0828,423251.1,0.08274999999999999,12.084592145015453,-0.1458881740586753
1787020163326,0.0827,315418.6,0.0828,423251.1,0.08274999999999999,12.084592145015453,-0.14598202687886075
1787020163407,0.0827,315418.6,0.0828,422962.7,0.08274999999999999,12.084592145015453,-0.14564846103226073
1787020163412,0.0827,315418.6,0.0828,423267.6,0.08274999999999999,12.084592145015453,-0.14600110303942324
1787020163413,0.0827,315479.1,0.0828,423267.6,0.08274999999999999,12.084592145015453,-0.14590725075320135
1787020163729,0.0827,315382.4,0.0828,423267.6,0.08274999999999999,12.084592145015453,-0.14605726663507745
1787020165796,0.0827,315503.2,0.0828,423267.6,0.08274999999999999,12.084592145015453,-0.1458698692476746
1787020166099,0.0827,315789.2,0.0828,423267.6,0.08274999999999999,12.084592145015453,-0.14542644083648235
1787020166125,0.0827,315789.2,0.0828,373267.6,0.08274999999999999,12.084592145015453,-0.08341605510605216
1787020166211,0.0827,315789.2,0.0828,298267.6,0.08274999999999999,12.084592145015453,0.02853416817467054
1787020166280,0.0827,315789.2,0.0828,258267.6,0.08274999999999999,12.084592145015453,0.1002019312374664
1787020166296,0.0827,315668.4,0.0828,258267.6,0.08274999999999999,12.084592145015453,0.10001254495274738
1787020166300,0.0827,315668.4,0.0828,228267.6,0.08274999999999999,12.084592145015453,0.16068213907518536
1787020166313,0.0827,315668.4,0.0828,227950.4,0.08274999999999999,12.084592145015453,0.161359393751651
1787020166352,0.0827,333708.1,0.0828,227950.4,0.08274999999999999,12.084592145015453,0.18829537877553706
1787020166353,0.0827,333647.6,0.0828,227950.4,0.08274999999999999,12.084592145015453,0.18820793521344445
1787020166513,0.0827,363647.6,0.0828,227950.4,0.08274999999999999,12.084592145015453,0.22937400058823726
1787020166515,0.0827,363708.1,0.0828,227950.4,0.08274999999999999,12.084592145015453,0.22945280089781517
1787020166798,0.0827,363708.1,0.0828,228071.2,0.08274999999999999,12.084592145015453,0.22920183250749046
1787020166863,0.0827,363708.1,0.0828,216692.5,0.08274999999999999,12.084592145015453,0.25330022057179125
1787020167098,0.0827,363135.8,0.0828,216692.5,0.08274999999999999,12.084592145015453,0.2525632156967847
1787020167146,0.0827,363135.8,0.0828,216826.2,0.08274999999999999,12.084592145015453,0.2522744593611305
1787020167298,0.0827,363135.8,0.0828,216705.4,0.08274999999999999,12.084592145015453,0.2525353493335762
1787020167798,0.0827,363135.8,0.0828,216826.2,0.08274999999999999,12.084592145015453,0.2522744593611305
1787020168201,0.0827,363135.8,0.0828,216666.2,0.08274999999999999,12.084592145015453,0.25262003235587316
1787020168211,0.0827,363607.8,0.0828,216666.2,0.08274999999999999,12.084592145015453,0.2532279578268197
1787020168212,0.0827,363607.8,0.0828,216826.3,0.08274999999999999,12.084592145015453,0.25288228241586774
1787020168215,0.0827,363607.8,0.0828,217051.4,0.08274999999999999,12.084592145015453,0.2523965865003086
1787020168226,0.0827,363409.2,0.0828,217051.4,0.08274999999999999,12.084592145015453,0.2521407999095891
1787020168349,0.0827,363409.2,0.0828,148544.0,0.08274999999999999,12.084592145015453,0.4196969566749461
1787020168350,0.0827,364069.2,0.0828,147944.0,0.08274999999999999,12.084592145015453,0.42210864876139914
1787020168426,0.0827,364325.7,0.0828,147944.0,0.08274999999999999,12.084592145015453,0.42239800636266406
1787020168491,0.0827,394325.7,0.0828,147944.0,0.08274999999999999,12.084592145015453,0.45435269571580345
1787020168492,0.0827,394265.2,0.0828,147944.0,0.08274999999999999,12.084592145015453,0.4542918120902412
1787020168494,0.0827,394265.2,0.0828,148544.0,0.08274999999999999,12.084592145015453,0.4526842949603655
1787020168495,0.0827,394325.7,0.0828,148544.0,0.08274999999999999,12.084592145015453,0.4527452904444658
1787020168497,0.0827,394325.7,0.0828,147944.0,0.08274999999999999,12.084592145015453,0.45435269571580345
1787020168639,0.0827,394325.7,0.0828,148544.0,0.08274999999999999,12.084592145015453,0.4527452904444658
1787020168641,0.0827,394325.7,0.0828,233528.0,0.08274999999999999,12.084592145015453,0.25610695612688117
1787020168642,0.0827,394325.7,0.0828,233207.6,0.08274999999999999,12.084592145015453,0.25674828730204435
1787020168643,0.0827,394325.7,0.0828,233407.0,0.08274999999999999,12.084592145015453,0.2563490797914463
1787020168644,0.0827,394325.7,0.0828,233528.0,0.08274999999999999,12.084592145015453,0.25610695612688117
1787020168799,0.0827,394325.7,0.0828,233407.2,0.08274999999999999,12.084592145015453,0.25634867951002727
1787020168835,0.0827,364325.7,0.0828,233407.2,0.08274999999999999,12.084592145015453,0.21902508628854125
1787020169073,0.0827,364325.7,0.0828,148423.2,0.08274999999999999,12.084592145015453,0.42106867513513924
1787020169075,0.0827,364325.7,0.0828,147823.2,0.08274999999999999,12.084592145015453,0.4227335058222325
1787020169220,0.0827,364325.7,0.0828,147663.1,0.08274999999999999,12.084592145015453,0.42317839765244863
1787020169230,0.0827,364325.7,0.0828,147823.4,0.08274999999999999,12.084592145015453,0.4227329502287518
1787020169283,0.0827,364325.7,0.0828,220052.6,0.08274999999999999,12.084592145015453,0.24688305503472663
1787020169284,0.0827,364325.7,0.0828,219931.6,0.08274999999999999,12.084592145015453,0.2471412851837709
1787020169352,0.0827,364325.7,0.0828,220531.6,0.08274999999999999,12.084592145015453,0.24586185382314626
1787020169353,0.0827,364325.7,0.0828,220652.6,0.08274999999999999,12.084592145015453,0.24560415317969914
1787020169480,0.0827,424325.7,0.0828,220652.6,0.08274999999999999,12.084592145015453,0.31578287207492095
1787020169481,0.0827,424265.2,0.0828,220052.6,0.08274999999999999,12.084592145015453,0.31694390563166186
1787020169537,0.0827,424265.2,0.0828,220652.6,0.08274999999999999,12.084592145015453,0.3157186853890527
1787020169538,0.0827,424325.7,0.0828,220652.6,0.08274999999999999,12.084592145015453,0.31578287207492095
1787020169540,0.0827,424325.7,0.0828,220052.6,0.08274999999999999,12.084592145015453,0.317008037049044
1787020169561,0.0827,424325.7,0.0828,220652.6,0.08274999999999999,12.084592145015453,0.31578287207492095
1787020170036,0.0827,424325.7,0.0828,219369.6,0.08274999999999999,12.084592145015453,0.31840546295739613
1787020170039,0.0827,424325.7,0.0828,220662.2,0.08274999999999999,12.084592145015453,0.31576328796245634
1787020170043,0.0827,424325.7,0.0828,220062.2,0.08274999999999999,12.084592145015453,0.3169884164491605
1787020170296,0.0827,424446.5,0.0828,220062.2,0.08274999999999999,12.084592145015453,0.3171164330287551
1787020170546,0.0827,424446.5,0.0828,220662.2,0.08274999999999999,12.084592145015453,0.31589141488868466
1787020170673,0.0827,364446.5,0.0828,220662.2,0.08274999999999999,12.084592145015453,0.2457394668717112
1787020170800,0.0827,364325.7,0.0828,220783.0,0.08274999999999999,12.084592145015453,0.2453265521432172
1787020171297,0.0827,364325.7,0.0828,220662.2,0.08274999999999999,12.084592145015453,0.24558371207336083
1787020171798,0.0827,364325.7,0.0828,220783.0,0.08274999999999999,12.084592145015453,0.2453265521432172
1787020172059,0.0827,334325.7,0.0828,220783.0,0.08274999999999999,12.084592145015453,0.20454138081424417
1787020172095,0.0827,334325.7,0.0828,222300.8,0.08274999999999999,12.084592145015453,0.20125685715645952
1787020172096,0.0827,334325.7,0.0828,222179.8,0.08274999999999999,12.084592145015453,0.2015180442960582
1787020172298,0.0827,334325.7,0.0828,222059.0,0.08274999999999999,12.084592145015453,0.20177891304343923
1787020172409,0.0827,333433.2,0.0828,222059.0,0.08274999999999999,12.084592145015453,0.20049642461226283
1787020172446,0.0827,368433.2,0.0828,222059.0,0.08274999999999999,12.084592145015453,0.24788506943868188
1787020172448,0.0827,368372.7,0.0828,222180.0,0.08274999999999999,12.084592145015453,0.24755233529539367
1787020172449,0.0827,368433.2,0.0828,222180.0,0.08274999999999999,12.084592145015453,0.24762941295589064
1787020173038,0.0827,368433.2,0.0828,221580.0,0.08274999999999999,12.084592145015453,0.2488981602445505
1787020173308,0.0827,333433.2,0.0828,221580.0,0.08274999999999999,12.084592145015453,0.2015325040917946
1787020173310,0.0827,333433.2,0.0828,222180.0,0.08274999999999999,12.084592145015453,0.20023498361809983
1787020173344,0.0827,333433.2,0.0828,221580.0,0.08274999999999999,12.084592145015453,0.2015325040917946
1787020173435,0.0827,368433.2,0.0828,221580.0,0.08274999999999999,12.084592145015453,0.2488981602445505
1787020173437,0.0827,368372.7,0.0828,221580.0,0.08274999999999999,12.084592145015453,0.24882113430449598
1787020173438,0.0827,368372.7,0.0828,222180.0,0.08274999999999999,12.084592145015453,0.24755233529539367
1787020173439,0.0827,368433.2,0.0828,222180.0,0.08274999999999999,12.084592145015453,0.24762941295589064
1787020173440,0.0827,368433.2,0.0828,221580.0,0.08274999999999999,12.084592145015453,0.2488981602445505
1787020173612,0.0827,368433.2,0.0828,222180.0,0.08274999999999999,12.084592145015453,0.24762941295589064
1787020173769,0.0827,368433.2,0.0828,221580.0,0.08274999999999999,12.084592145015453,0.2488981602445505
1787020173954,0.0827,368433.2,0.0828,222180.0,0.08274999999999999,12.084592145015453,0.24762941295589064
1787020174400,0.0827,368433.2,0.0828,220972.3,0.08274999999999999,12.084592145015453,0.2501858228333465
1787020174488,0.0827,368433.2,0.0828,222180.0,0.08274999999999999,12.084592145015453,0.24762941295589064
1787020174799,0.0827,368433.2,0.0828,222300.8,0.08274999999999999,12.084592145015453,0.2473742835184703
1787020175298,0.0827,368433.2,0.0828,222180.0,0.08274999999999999,12.084592145015453,0.24762941295589064
1787020175592,0.0827,368433.2,0.0828,222598.5,0.08274999999999999,12.084592145015453,0.24674598672118606
1787020175798,0.0827,368433.2,0.0828,222719.3,0.08274999999999999,12.084592145015453,0.24649121842502572
1787020176122,0.0827,333433.2,0.0828,222719.3,0.08274999999999999,12.084592145015453,0.1990711180836192
1787020176474,0.0827,332626.7,0.0828,222719.3,0.08274999999999999,12.084592145015453,0.19790797088661846
1787020177099,0.0827,332626.7,0.0828,223001.9,0.08274999999999999,12.084592145015453,0.19729869916703355
1787020177100,0.0827,332626.7,0.0828,223567.1,0.08274999999999999,12.084592145015453,0.19608201314002421
1787020177101,0.0827,332626.7,0.0828,223446.1,0.08274999999999999,12.084592145015453,0.19634227748596947
1787020178099,0.0827,332626.7,0.0828,222598.3,0.08274999999999999,12.084592145015453,0.1981690305731911
1787020178881,0.0827,331966.7,0.0828,222598.3,0.08274999999999999,12.084592145015453,0.19721475390621482
1787020178887,0.0827,298861.8,0.0828,222598.3,0.08274999999999999,12.084592145015453,0.14624992401144402
1787020178888,0.0827,298861.8,0.0828,222719.3,0.08274999999999999,12.084592145015453,0.14598400900646133
1787020178901,0.0827,301393.0,0.0828,222719.3,0.08274999999999999,12.084592145015453,0.1501084786600124
1787020179369,0.0827,301393.0,0.0828,262719.3,0.08274999999999999,12.084592145015453,0.06855673950027327
1787020179370,0.0827,301393.0,0.0828,262598.3,0.08274999999999999,12.084592145015453,0.06878599013850038
1787020180146,0.0827,301393.0,0.0828,261305.7,0.08274999999999999,12.084592145015453,0.07124114557222185
1787020180150,0.0827,301393.0,0.0828,262621.0,0.08274999999999999,12.084592145015453,0.06874297446517286
1787020180151,0.0827,301393.0,0.0828,262742.0,0.08274999999999999,12.084592145015453,0.06851374227800083
1787020180464,0.0827,301393.0,0.0828,262674.0,0.08274999999999999,12.084592145015453,0.06864255487380046
1787020181098,0.0827,301674.3,0.0828,262674.0,0.08274999999999999,12.084592145015453,0.06910679096579185
1787020181300,0.0827,301674.3,0.0828,262553.2,0.08274999999999999,12.084592145015453,0.06933568463075616
1787020181345,0.0827,301417.8,0.0828,262553.2,0.08274999999999999,12.084592145015453,0.06891240861675507
1787020181346,0.0827,301417.8,0.0828,322553.2,0.08274999999999999,12.084592145015453,-0.03387240753176033
1787020181347,0.0827,301417.8,0.0828,322432.2,0.08274999999999999,12.084592145015453,-0.03368502043760523
1787020181349,0.0827,301417.8,0.0828,322553.2,0.08274999999999999,12.084592145015453,-0.03387240753176033
1787020181650,0.0827,301417.8,0.0828,321916.2,0.08274999999999999,12.084592145015453,-0.032885098518611246
1787020181653,0.0827,301417.8,0.0828,322553.6,0.08274999999999999,12.084592145015453,-0.03387302687270601
1787020182052,0.0827,301417.8,0.0828,322268.1,0.08274999999999999,12.084592145015453,-0.033430770200192104
1787020182056,0.0827,301417.8,0.0828,322553.4,0.08274999999999999,12.084592145015453,-0.033872717202332474
1787020183816,0.0827,301417.8,0.0828,322445.9,0.08274999999999999,12.084592145015453,-0.03370624064198644
1787020183919,0.0827,301492.2,0.0828,322445.9,0.08274999999999999,12.084592145015453,-0.033582978824341726
1787020183933,0.0827,301384.7,0.0828,322445.9,0.08274999999999999,12.084592145015453,-0.0337610883467403
1787020183935,0.0827,301384.7,0.0828,262445.9,0.08274999999999999,12.084592145015453,0.06906116837220254
1787020184098,0.0827,301665.0,0.0828,262445.9,0.08274999999999999,12.084592145015453,0.06952374081053916
1787020184156,0.0827,301665.0,0.0828,261808.5,0.08274999999999999,12.084592145015453,0.0707335837443997
1787020184159,0.0827,301665.0,0.0828,262461.2,0.08274999999999999,12.084592145015453,0.06949473362520654
1787020185098,0.0827,301384.7,0.0828,262461.2,0.08274999999999999,12.084592145015453,0.06903215931870747
1787020185334,0.0827,301384.7,0.0828,262175.9,0.08274999999999999,12.084592145015453,0.06957335200509046
1787020185337,0.0827,301384.7,0.0828,262929.8,0.08274999999999999,12.084592145015453,0.06814444782120613
1787020186099,0.0827,301103.4,0.0828,262929.8,0.08274999999999999,12.084592145015453,0.06767970396068891
1787020186290,0.0827,301103.4,0.0828,302929.8,0.08274999999999999,12.084592145015453,-0.003023674857607107
1787020186292,0.0827,301103.4,0.0828,302808.8,0.08274999999999999,12.084592145015453,-0.0028239204308175346
1787020187091,0.0827,301103.4,0.0828,262808.8,0.08274999999999999,12.084592145015453,0.06790879856828783
1787020187092,0.0827,301103.4,0.0828,262929.8,0.08274999999999999,12.084592145015453,0.06767970396068891
1787020187279,0.0827,301103.4,0.0828,292929.8,0.08274999999999999,12.084592145015453,0.013759500310757102
1787020187280,0.0827,301103.4,0.0828,292808.8,0.08274999999999999,12.084592145015453,0.013966037404182025
1787020187365,0.0827,300652.3,0.0828,292808.8,0.08274999999999999,12.084592145015453,0.013216536012217145
1787020187371,0.0827,301287.9,0.0828,292808.8,0.08274999999999999,12.084592145015453,0.01427225567824234
1787020187372,0.0827,301287.9,0.0828,292929.8,0.08274999999999999,12.084592145015453,0.014065720358043921
1787020187718,0.0827,301287.9,0.0828,292511.3,0.08274999999999999,12.084592145015453,0.01478041735320633
1787020188213,0.0827,301287.9,0.0828,262511.3,0.08274999999999999,12.084592145015453,0.068777323557749
1787020189100,0.0827,301287.9,0.0828,262790.0,0.08274999999999999,12.084592145015453,0.06824926131656642
1787020189257,0.0827,301287.9,0.0828,292790.0,0.08274999999999999,12.084592145015453,0.014304353014983427
1787020189258,0.0827,301287.9,0.0828,292669.0,0.08274999999999999,12.084592145015453,0.014510985561410302
1787020189488,0.0827,301287.9,0.0828,291461.3,0.08274999999999999,12.084592145015453,0.01657800634737261
1787020189550,0.0827,301287.9,0.0828,292669.0,0.08274999999999999,12.084592145015453,0.014510985561410302
1787020189551,0.0827,301287.9,0.0828,292790.0,0.08274999999999999,12.084592145015453,0.014304353014983427
1787020189970,0.0827,301287.9,0.0828,293208.5,0.08274999999999999,12.084592145015453,0.013590326198779375
1787020189982,0.0827,301287.9,0.0828,263208.5,0.08274999999999999,12.084592145015453,0.06745729467893864
1787020190043,0.0827,301706.8,0.0828,263208.5,0.08274999999999999,12.084592145015453,0.06814880035998314
1787020190044,0.0827,301646.3,0.0828,263208.5,0.08274999999999999,12.084592145015453,0.06804899241362557
1787020191099,0.0827,301646.3,0.0828,263764.7,0.08274999999999999,12.084592145015453,0.06699834279842447
1787020191100,0.0827,301706.8,0.0828,263764.7,0.08274999999999999,12.084592145015453,0.06709816498267371
1787020191676,0.0827,301706.8,0.0828,223764.7,0.08274999999999999,12.084592145015453,0.14832793024930938
1787020191816,0.0827,302472.0,0.0828,223764.7,0.08274999999999999,12.084592145015453,0.14956634533471344
1787020192099,0.0827,302472.0,0.0828,223208.5,0.08274999999999999,12.084592145015453,0.15078265220033843
1787020192224,0.0827,332472.0,0.0828,223208.5,0.08274999999999999,12.084592145015453,0.19663007789548131
1787020192225,0.0827,332411.5,0.0828,223208.5,0.08274999999999999,12.084592145015453,0.19654260105827723
1787020192700,0.0827,302411.5,0.0828,223208.5,0.08274999999999999,12.084592145015453,0.1506849054449983
1787020192701,0.0827,302272.6,0.0828,223208.5,0.08274999999999999,12.084592145015453,0.15046040666353172
1787020192702,0.0827,302472.0,0.0828,223208.5,0.08274999999999999,12.084592145015453,0.15078265220033843
1787020193098,0.0827,302472.0,0.0828,223763.3,0.08274999999999999,12.084592145015453,0.14956940364890003
1787020193212,0.0827,302472.0,0.0828,258763.3,0.08274999999999999,12.084592145015453,0.07787945626370973
1787020193214,0.0827,302472.0,0.0828,258442.9,0.08274999999999999,12.084592145015453,0.07849515140353734
1787020193215,0.0827,302472.0,0.0828,258642.3,0.08274999999999999,12.084592145015453,0.07811189271062956
1787020193216,0.0827,302472.0,0.0828,258763.3,0.08274999999999999,12.084592145015453,0.07787945626370973
1787020194098,0.0827,302472.0,0.0828,258208.5,0.08274999999999999,12.084592145015453,0.07894603076083438
1787020194102,0.0827,299940.8,0.0828,258208.5,0.08274999999999999,12.084592145015453,0.07476906268627406
1787020194124,0.0827,336262.5,0.0828,258208.5,0.08274999999999999,12.084592145015453,0.13129992884430022
1787020194125,0.0827,336202.0,0.0828,258208.5,0.08274999999999999,12.084592145015453,0.13121151123676314
1787020195042,0.0827,335783.1,0.0828,258208.5,0.08274999999999999,12.084592145015453,0.13059881654892086
1787020195069,0.0827,335783.1,0.0828,223208.5,0.08274999999999999,12.084592145015453,0.20138871496458977
1787020195070,0.0827,335843.6,0.0828,223208.5,0.08274999999999999,12.084592145015453,0.2014751397946631
1787020196098,0.0827,335843.6,0.0828,223761.5,0.08274999999999999,12.084592145015453,0.20028784583986098
1787020196179,0.0827,335843.6,0.0828,278761.5,0.08274999999999999,12.084592145015453,0.09287605976585613
1787020196180,0.0827,335843.6,0.0828,278640.5,0.08274999999999999,12.084592145015453,0.09309126143377831
1787020197099,0.0827,335843.6,0.0828,278364.0,0.08274999999999999,12.084592145015453,0.09358334217941944
1787020197100,0.0827,335843.6,0.0828,277808.8,0.08274999999999999,12.084592145015453,0.09457275812821721
1787020197722,0.0827,335843.6,0.0828,277163.2,0.08274999999999999,12.084592145015453,0.09572552865645204
1787020198098,0.0827,335843.6,0.0828,277715.0,0.08274999999999999,12.084592145015453,0.09474009491513928
1787020198099,0.0827,335843.6,0.0828,277836.0,0.08274999999999999,12.084592145015453,0.09452424359551789
1787020198236,0.0827,335208.0,0.0828,277836.0,0.08274999999999999,12.084592145015453,0.0935854522677002
1787020198240,0.0827,336423.4,0.0828,277836.0,0.08274999999999999,12.084592145015453,0.09537892297618893
1787020198780,0.0827,336423.4,0.0828,277417.5,0.08274999999999999,12.084592145015453,0.09612572247955459
1787020199732,0.0827,336326.7,0.0828,277417.5,0.08274999999999999,12.084592145015453,0.09598331031071254
1787020199734,0.0827,336326.7,0.0828,222417.5,0.08274999999999999,12.084592145015453,0.20386645624240934
1787020199916,0.0827,335854.7,0.0828,222417.5,0.08274999999999999,12.084592145015453,0.20319335263335703
1787020200023,0.0827,333239.3,0.0828,222417.5,0.08274999999999999,12.084592145015453,0.19944289352708358
1787020200026,0.0827,331747.5,0.0828,222417.5,0.08274999999999999,12.084592145015453,0.19728781139191395
1787020200027,0.0827,328768.3,0.0828,222417.5,0.08274999999999999,12.084592145015453,0.19294909266530447
1787020200028,0.0827,327276.5,0.0828,222417.5,0.08274999999999999,12.084592145015453,0.19075885856494704
1787020200040,0.0827,328272.5,0.0828,222417.5,0.08274999999999999,12.084592145015453,0.1922224845194211
1787020200137,0.0827,342411.4,0.0828,222417.5,0.08274999999999999,12.084592145015453,0.21244291855462782
1787020200138,0.0827,342350.9,0.0828,222417.5,0.08274999999999999,12.084592145015453,0.21235855263856834
1787020200220,0.0827,344015.9,0.0828,222417.5,0.08274999999999999,12.084592145015453,0.21467378159550624
1787020200221,0.0827,344076.4,0.0828,222417.5,0.08274999999999999,12.084592145015453,0.21475765228893023
1787020200299,0.0827,344076.4,0.0828,222538.3,0.08274999999999999,12.084592145015453,0.2144986707898684
1787020200466,0.0827,344076.4,0.0828,222956.8,0.08274999999999999,12.084592145015453,0.21360230758974968
1787020201099,0.0827,344076.4,0.0828,223231.7,0.08274999999999999,12.084592145015453,0.21301423335926278
1787020201123,0.0827,344076.4,0.0828,263231.7,0.08274999999999999,12.084592145015453,0.13311974597407805
1787020201124,0.0827,344076.4,0.0828,263110.7,0.08274999999999999,12.084592145015453,0.1333455536193045
1787020201181,0.0827,342861.0,0.0828,263110.7,0.08274999999999999,12.084592145015453,0.1316073011330397
1787020201190,0.0827,344093.7,0.0828,263110.7,0.08274999999999999,12.084592145015453,0.13337024567015654
1787020201223,0.0827,344093.7,0.0828,263231.7,0.08274999999999999,12.084592145015453,0.1331444395376844
1787020201228,0.0827,344093.7,0.0828,263548.9,0.08274999999999999,12.084592145015453,0.13255291844251862
1787020201249,0.0827,343328.5,0.0828,263548.9,0.08274999999999999,12.084592145015453,0.13145917116043532
1787020201307,0.0827,335566.3,0.0828,263548.9,0.08274999999999999,12.084592145015453,0.1202062641708973
1787020201323,0.0827,317526.6,0.0828,263548.9,0.08274999999999999,12.084592145015453,0.09289274801639366
1787020201400,0.0827,317526.6,0.0828,263626.4,0.08274999999999999,12.084592145015453,0.092747004661423
1787020201513,0.0827,317526.6,0.0828,266601.6,0.08274999999999999,12.084592145015453,0.08718120439999302
1787020201514,0.0827,317526.6,0.0828,266480.6,0.08274999999999999,12.084592145015453,0.08740645663272645
1787020201846,0.0827,317526.6,0.0828,277859.3,0.08274999999999999,12.084592145015453,0.06662452033210728
1787020201847,0.0827,317526.6,0.0828,277980.3,0.08274999999999999,12.084592145015453,0.0664077947711437
1787020201865,0.0827,228738.2,0.0828,277980.3,0.08274999999999999,12.084592145015453,-0.0971784136557082
1787020201927,0.0827,228738.2,0.0828,278054.1,0.08274999999999999,12.084592145015453,-0.09730988414780566
1787020201985,0.0827,228738.2,0.0828,288121.1,0.08274999999999999,12.084592145015453,-0.1148918090474525
1787020202000,0.0827,228738.2,0.0828,288000.1,0.08274999999999999,12.084592145015453,-0.1146845511548108
1787020202063,0.0827,314221.1,0.0828,288000.1,0.08274999999999999,12.084592145015453,0.04354047981040854
1787020202065,0.0827,314160.6,0.0828,288121.1,0.08274999999999999,12.084592145015453,0.04323475211018366
1787020202066,0.0827,314221.1,0.0828,288321.1,0.08274999999999999,12.084592145015453,0.042984541165747396
1787020202068,0.0827,314221.1,0.0828,288121.1,0.08274999999999999,12.084592145015453,0.043330850802085596
1787020202099,0.0827,314221.1,0.0828,285145.9,0.08274999999999999,12.084592145015453,0.048509844552669656
1787020202101,0.0827,314221.1,0.0828,284871.0,0.08274999999999999,12.084592145015453,0.04899096482827929
1787020202112,0.0827,314221.1,0.0828,409871.0,0.08274999999999999,12.084592145015453,-0.13209631758169993
1787020202113,0.0827,314221.1,0.0828,409550.6,0.08274999999999999,12.084592145015453,-0.13171211308759379
1787020202114,0.0827,314221.1,0.0828,284550.6,0.08274999999999999,12.084592145015453,0.04955227509917386
1787020202115,0.0827,314221.1,0.0828,284750.0,0.08274999999999999,12.084592145015453,0.049202874729682246
1787020202116,0.0827,314221.1,0.0828,284871.0,0.08274999999999999,12.084592145015453,0.04899096482827929
1787020202229,0.0827,314221.1,0.0828,283555.7,0.08274999999999999,12.084592145015453,0.051299080191803965
1787020202233,0.0827,314221.1,0.0828,284872.0,0.08274999999999999,12.084592145015453,0.04898921386342119
1787020202380,0.0827,321983.3,0.0828,284872.0,0.08274999999999999,12.084592145015453,0.0611534578341822
1787020202381,0.0827,321922.8,0.0828,284872.0,0.08274999999999999,12.084592145015453,0.06105985087545244
1787020202923,0.0827,321922.8,0.0828,284798.2,0.08274999999999999,12.084592145015453,0.06118891549822732
1787020202956,0.0827,314160.6,0.0828,284798.2,0.08274999999999999,12.084592145015453,0.049022403544283784
1787020203101,0.0827,314160.6,0.0828,389798.2,0.08274999999999999,12.084592145015453,-0.10744606076378338
1787020203102,0.0827,314221.1,0.0828,389677.2,0.08274999999999999,12.084592145015453,-0.10719744599468421
1787020203103,0.0827,314221.1,0.0828,284677.2,0.08274999999999999,12.084592145015453,0.04933041219185288
1787020203104,0.0827,314221.1,0.0828,284798.2,0.08274999999999999,12.084592145015453,0.04911845077445746
1787020203171,0.0827,314221.1,0.0828,288097.1,0.08274999999999999,12.084592145015453,0.043372423413405074
1787020203322,0.0827,321983.3,0.0828,288097.1,0.08274999999999999,12.084592145015453,0.05554382668251597
1787020203324,0.0827,321922.8,0.0828,288097.1,0.08274999999999999,12.084592145015453,0.05545015826532875
1787020203623,0.0827,322676.7,0.0828,288097.1,0.08274999999999999,12.084592145015453,0.05661605000083506
1787020203624,0.0827,322737.2,0.0828,288097.1,0.08274999999999999,12.084592145015453,0.056709487335599905
1787020203659,0.0827,322737.2,0.0828,288399.1,0.08274999999999999,12.084592145015453,0.05618730224337849
1787020203710,0.0827,322676.7,0.0828,288338.6,0.08274999999999999,12.084592145015453,0.056198429073707375
1787020203716,0.0827,322676.7,0.0828,288399.1,0.08274999999999999,12.084592145015453,0.056093859387002454
1787020203717,0.0827,322737.2,0.0828,288399.1,0.08274999999999999,12.084592145015453,0.05618730224337849
1787020203803,0.0827,314975.0,0.0828,288399.1,0.08274999999999999,12.084592145015453,0.04404547692716679
1787020203804,0.0827,314775.6,0.0828,288399.1,0.08274999999999999,12.084592145015453,0.04372945350658773
1787020203806,0.0827,314975.0,0.0828,288399.1,0.08274999999999999,12.084592145015453,0.04404547692716679
1787020203830,0.0827,314975.0,0.0828,285100.2,0.08274999999999999,12.084592145015453,0.04978509360160192
1787020204090,0.0827,314975.0,0.0828,380100.2,0.08274999999999999,12.084592145015453,-0.09369518578709184
1787020204091,0.0827,314975.0,0.0828,284779.8,0.08274999999999999,12.084592145015453,0.050345908027747355
1787020204092,0.0827,314975.0,0.0828,285100.2,0.08274999999999999,12.084592145015453,0.04978509360160192
1787020204194,0.0827,286723.6,0.0828,285100.2,0.08274999999999999,12.084592145015453,0.002838986415045972
1787020204195,0.0827,286784.1,0.0828,440160.7,0.08274999999999999,12.084592145015453,-0.21098795947092547
1787020204196,0.0827,286784.1,0.0828,325039.7,0.08274999999999999,12.084592145015453,-0.06252715242525712
1787020204197,0.0827,287384.1,0.0828,285160.7,0.08274999999999999,12.084592145015453,0.0038833642363007488
1787020204199,0.0827,287384.1,0.0828,285424.3,0.08274999999999999,12.084592145015453,0.003421388373494503
1787020204200,0.0827,287384.1,0.0828,285224.9,0.08274999999999999,12.084592145015453,0.0037708104483163093
1787020204224,0.0827,289084.1,0.0828,285224.9,0.08274999999999999,12.084592145015453,0.006719727533435752
1787020204396,0.0827,289084.1,0.0828,255224.9,0.08274999999999999,12.084592145015453,0.06220584263717848
1787020204400,0.0827,289084.1,0.0828,255147.4,0.08274999999999999,12.084592145015453,0.06235710354876552
1787020204552,0.0827,289084.1,0.0828,253939.7,0.08274999999999999,12.084592145015453,0.06471981522725148
1787020204614,0.0827,289084.1,0.0828,255147.4,0.08274999999999999,12.084592145015453,0.06235710354876552
1787020204917,0.0827,289529.6,0.0828,255147.4,0.08274999999999999,12.084592145015453,0.06312401661902373
1787020205045,0.0827,288533.6,0.0828,255147.4,0.08274999999999999,12.084592145015453,0.06140770047141611
1787020205079,0.0827,288533.6,0.0828,400147.4,0.08274999999999999,12.084592145015453,-0.16206894048187775
1787020205080,0.0827,288533.6,0.0828,255026.4,0.08274999999999999,12.084592145015453,0.06164397674589738
1787020205082,0.0827,288533.6,0.0828,254948.0,0.08274999999999999,12.084592145015453,0.06179712431846815
1787020205084,0.0827,288533.6,0.0828,255147.4,0.08274999999999999,12.084592145015453,0.06140770047141611
1787020205618,0.0827,288375.0,0.0828,255147.4,0.08274999999999999,12.084592145015453,0.0611338189557597
1787020205620,0.0827,288375.0,0.0828,370147.4,0.08274999999999999,12.084592145015453,-0.12417557853764735
1787020205621,0.0827,288375.0,0.0828,255026.4,0.08274999999999999,12.084592145015453,0.061370103205475736
1787020205622,0.0827,288375.0,0.0828,255147.4,0.08274999999999999,12.084592145015453,0.0611338189557597
1787020205800,0.0827,288375.0,0.0828,255026.6,0.08274999999999999,12.084592145015453,0.061369712566175724
1787020206068,0.0827,288375.0,0.0828,345026.6,0.08274999999999999,12.084592145015453,-0.08944025401893518
1787020206069,0.0827,288375.0,0.0828,254706.2,0.08274999999999999,12.084592145015453,0.06199588569812395
1787020206070,0.0827,288375.0,0.0828,255026.6,0.08274999999999999,12.084592145015453,0.061369712566175724
1787020206099,0.0827,288375.0,0.0828,254474.8,0.08274999999999999,12.084592145015453,0.06244858154133981
1787020207056,0.0827,288375.0,0.0828,379474.8,0.08274999999999999,12.084592145015453,-0.1364076174013977
1787020207057,0.0827,288375.0,0.0828,379353.8,0.08274999999999999,12.084592145015453,-0.136251124708115
1787020207058,0.0827,288375.0,0.0828,254353.8,0.08274999999999999,12.084592145015453,0.06268545173943231
1787020207059,0.0827,288375.0,0.0828,254474.8,0.08274999999999999,12.084592145015453,0.06244858154133981
1787020207797,0.0827,288375.0,0.0828,254595.6,0.08274999999999999,12.084592145015453,0.06221220817480725
1787020208045,0.0827,288375.0,0.0828,399595.6,0.08274999999999999,12.084592145015453,-0.16166475718584483
1787020208046,0.0827,288375.0,0.0828,399396.2,0.08274999999999999,12.084592145015453,-0.16142170535782832
1787020208047,0.0827,288375.0,0.0828,254275.2,0.08274999999999999,12.084592145015453,0.062839376084262
1787020208048,0.0827,288375.0,0.0828,254595.6,0.08274999999999999,12.084592145015453,0.06221220817480725
1787020208226,0.0827,288041.5,0.0828,254595.6,0.08274999999999999,12.084592145015453,0.06163585202707297
1787020208227,0.0827,288041.5,0.0828,394595.6,0.08274999999999999,12.084592145015453,-0.15609186784603413
1787020208228,0.0827,288041.5,0.0828,394474.6,0.08274999999999999,12.084592145015453,-0.15594225542811369
1787020208229,0.0827,288041.5,0.0828,254474.6,0.08274999999999999,12.084592145015453,0.0618726338259823
1787020208230,0.0827,288041.5,0.0828,254595.6,0.08274999999999999,12.084592145015453,0.06163585202707297
1787020208231,0.0827,288041.5,0.0828,254595.6,0.08274999999999999,12.084592145015453,0.06163585202707297
1787020209034,0.0827,288041.5,0.0828,354595.6,0.08274999999999999,12.084592145015453,-0.1035640488232005
1787020209035,0.0827,288041.5,0.0828,354474.6,0.08274999999999999,12.084592145015453,-0.10339523009617965
1787020209552,0.0827,287406.8,0.0828,354474.6,0.08274999999999999,12.084592145015453,-0.1044862804873299
1787020209553,0.0827,287406.8,0.0828,389474.6,0.08274999999999999,12.084592145015453,-0.15079126121651446
1787020209554,0.0827,287406.8,0.0828,389595.6,0.08274999999999999,12.084592145015453,-0.1509430394929176
1787020209563,0.0827,251085.1,0.0828,389595.6,0.08274999999999999,12.084592145015453,-0.21619271502949908
1787020209567,0.0827,283130.0,0.0828,389595.6,0.08274999999999999,12.084592145015453,-0.15826006918719904
1787020209568,0.0827,283069.5,0.0828,389595.6,0.08274999999999999,12.084592145015453,-0.1583642439603303
1787020209994,0.0827,283069.5,0.0828,389822.6,0.08274999999999999,12.084592145015453,-0.15864816959509553
1787020209995,0.0827,283130.0,0.0828,389822.6,0.08274999999999999,12.084592145015453,-0.15854400443656802
1787020210291,0.0827,283130.0,0.0828,389595.6,0.08274999999999999,12.084592145015453,-0.15826006918719904
1787020210300,0.0827,283130.0,0.0828,389474.8,0.08274999999999999,12.084592145015453,-0.15810889247296478
1787020210599,0.0827,283130.0,0.0828,389701.8,0.08274999999999999,12.084592145015453,-0.1583929297039765
1787020210879,0.0827,282791.7,0.0828,389701.8,0.08274999999999999,12.084592145015453,-0.1589756629617981
1787020210929,0.0827,283768.8,0.0828,389701.8,0.08274999999999999,12.084592145015453,-0.157294171415946
1787020211046,0.0827,283768.8,0.0828,389283.3,0.08274999999999999,12.084592145015453,-0.1567701816843005
1787020211300,0.0827,283768.8,0.0828,389404.1,0.08274999999999999,12.084592145015453,-0.15692149817676856
1787020212337,0.0827,283768.8,0.0828,389822.6,0.08274999999999999,12.084592145015453,-0.1574452999251475
1787020212505,0.0827,283768.8,0.0828,389749.9,0.08274999999999999,12.084592145015453,-0.15735435408103746
1787020212509,0.0827,283768.8,0.0828,389824.2,0.08274999999999999,12.084592145015453,-0.15744730126352266
1787020212575,0.0827,283768.8,0.0828,389171.5,0.08274999999999999,12.084592145015453,-0.1566300903661142
1787020212578,0.0827,283768.8,0.0828,389824.1,0.08274999999999999,12.084592145015453,-0.15744717618015275
1787020212739,0.0827,283768.8,0.0828,393216.5,0.08274999999999999,12.084592145015453,-0.16166924156255683
1787020212740,0.0827,283768.8,0.0828,393095.5,0.08274999999999999,12.084592145015453,-0.16151937692680793
1787020213948,0.0827,283768.8,0.0828,391577.7,0.08274999999999999,12.084592145015453,-0.15963494295150715
1787020214169,0.0827,283768.8,0.0828,391442.7,0.08274999999999999,12.084592145015453,-0.1594669225864785
1787020214239,0.0827,283768.8,0.0828,391200.9,0.08274999999999999,12.084592145015453,-0.1591658114430915
1787020214298,0.0827,283768.8,0.0828,391080.1,0.08274999999999999,12.084592145015453,-0.1590152995729859
1787020214799,0.0827,283768.8,0.0828,391200.9,0.08274999999999999,12.084592145015453,-0.1591658114430915
1787020214800,0.0827,283768.8,0.0828,391321.9,0.08274999999999999,12.084592145015453,-0.15931651850632816
1787020214909,0.0827,283694.4,0.0828,391321.9,0.08274999999999999,12.084592145015453,-0.15944429786362194
1787020215060,0.0827,283525.7,0.0828,391321.9,0.08274999999999999,12.084592145015453,-0.15973413849289825
1787020215175,0.0827,283525.7,0.0828,390669.3,0.08274999999999999,12.084592145015453,-0.15892078701265952
1787020215186,0.0827,283525.7,0.0828,391319.7,0.08274999999999999,12.084592145015453,-0.1597313992212142
1787020215813,0.0827,283525.7,0.0828,391245.2,0.08274999999999999,12.084592145015453,-0.15963862697694875
1787020216083,0.0827,283541.0,0.0828,391245.2,0.08274999999999999,12.084592145015453,-0.159612333506524
1787020218171,0.0827,276637.3,0.0828,391245.2,0.08274999999999999,12.084592145015453,-0.1715988965124854
1787020218825,0.0827,276637.3,0.0828,391445.2,0.08274999999999999,12.084592145015453,-0.17184689016700785
1787020218827,0.0827,276637.3,0.0828,391245.2,0.08274999999999999,12.084592145015453,-0.1715988965124854
1787020219595,0.0827,276637.3,0.0828,391438.2,0.08274999999999999,12.084592145015453,-0.17183821289659632
1787020219604,0.0827,191154.4,0.0828,391438.2,0.08274999999999999,12.084592145015453,-0.3437801990619174
1787020219606,0.0827,190554.4,0.0828,391438.2,0.08274999999999999,12.084592145015453,-0.3451655570878393
1787020219608,0.0827,177419.7,0.0828,391438.2,0.08274999999999999,12.084592145015453,-0.37622488850027397
1787020219617,0.0827,176354.7,0.0828,391438.2,0.08274999999999999,12.084592145015453,-0.3788062513638335
1787020219619,0.0827,176354.7,0.0828,390230.5,0.08274999999999999,12.084592145015453,-0.37748215096335025
1787020219628,0.0827,174654.7,0.0828,390230.5,0.08274999999999999,12.084592145015453,-0.3816276298263789
1787020219634,0.0827,174054.7,0.0828,390230.5,0.08274999999999999,12.084592145015453,-0.3830967035818058
1787020219640,0.0827,174654.7,0.0828,390230.5,0.08274999999999999,12.084592145015453,-0.3816276298263789
1787020219642,0.0827,132667.2,0.0828,390230.5,0.08274999999999999,12.084592145015453,-0.4925691966134102
1787020219654,0.0827,132067.2,0.0828,390230.5,0.08274999999999999,12.084592145015453,-0.49428381553278905
1787020219656,0.0827,132067.2,0.0828,390951.1,0.08274999999999999,12.084592145015453,-0.49498057716144916
1787020219657,0.0827,132067.2,0.0828,396298.6,0.08274999999999999,12.084592145015453,-0.500091792466507
1787020219659,0.0827,132067.2,0.0828,402505.7,0.08274999999999999,12.084592145015453,-0.5058963894353792
1787020219660,0.0827,132067.2,0.0828,402566.4,0.08274999999999999,12.084592145015453,-0.5059524878346591
1787020219664,0.0827,132067.2,0.0828,409612.6,0.08274999999999999,12.084592145015453,-0.512379084470198
1787020219671,0.0827,132067.2,0.0828,410357.1,0.08274999999999999,12.084592145015453,-0.5130483645367657
1787020219673,0.0827,132067.2,0.0828,411323.2,0.08274999999999999,12.084592145015453,-0.513914121412524
1787020219689,0.0827,132067.2,0.0828,414825.3,0.08274999999999999,12.084592145015453,-0.5170268379983268
1787020219708,0.0827,132067.2,0.0828,416033.0,0.08274999999999999,12.084592145015453,-0.518091035179334
1787020219714,0.0827,132667.2,0.0828,416033.0,0.08274999999999999,12.084592145015453,-0.5164310127825724
1787020219716,0.0827,132667.2,0.0828,416154.0,0.08274999999999999,12.084592145015453,-0.5165376264619516
1787020219719,0.0827,132067.2,0.0828,416154.0,0.08274999999999999,12.084592145015453,-0.5181973991520211
1787020219725,0.0827,132067.2,0.0828,417821.6,0.08274999999999999,12.084592145015453,-0.5196585200498718
1787020219751,0.0827,132067.2,0.0828,418166.9,0.08274999999999999,12.084592145015453,-0.5199599588611465
1787020219770,0.0827,132067.2,0.0828,418426.0,0.08274999999999999,12.084592145015453,-0.5201858987540627
1787020219774,0.0827,132667.2,0.0828,418426.0,0.08274999999999999,12.084592145015453,-0.5185308038640288
1787020219782,0.0827,132067.2,0.0828,418426.0,0.08274999999999999,12.084592145015453,-0.5201858987540627
1787020219791,0.0827,132667.2,0.0828,418426.0,0.08274999999999999,12.084592145015453,-0.5185308038640288
1787020219808,0.0827,132067.2,0.0828,418426.0,0.08274999999999999,12.084592145015453,-0.5201858987540627
1787020219813,0.0827,132067.2,0.0828,419211.5,0.08274999999999999,12.084592145015453,-0.520869571053625
1787020219832,0.0827,132067.2,0.0828,419404.4,0.08274999999999999,12.084592145015453,-0.5210371667371447
1787020219859,0.0827,132067.2,0.0828,419604.4,0.08274999999999999,12.084592145015453,-0.521210807299125
1787020219870,0.0827,132667.2,0.0828,419604.4,0.08274999999999999,12.084592145015453,-0.5195581304561016
1787020219871,0.0827,132606.7,0.0828,419604.4,0.08274999999999999,12.084592145015453,-0.5197246125621161
1787020219872,0.0827,132006.7,0.0828,419604.4,0.08274999999999999,12.084592145015453,-0.5213776517550136
1787020219917,0.0827,132006.7,0.0828,419967.1,0.08274999999999999,12.084592145015453,-0.5216921527797151
1787020219919,0.0827,132067.2,0.0828,419967.1,0.08274999999999999,12.084592145015453,-0.5215253834770773
1787020219927,0.0827,132067.2,0.0828,420063.4,0.08274999999999999,12.084592145015453,-0.5216088367498558
1787020220000,0.0827,132667.2,0.0828,420063.4,0.08274999999999999,12.084592145015453,-0.519957100258245
1787020220005,0.0827,132067.2,0.0828,420063.4,0.08274999999999999,12.084592145015453,-0.5216088367498558
1787020220026,0.0827,132067.2,0.0828,428394.6,0.08274999999999999,12.084592145015453,-0.5287200662025493
1787020220027,0.0827,132067.2,0.0828,428273.6,0.08274999999999999,12.084592145015453,-0.5286182980072126
1787020220029,0.0827,132667.2,0.0828,428273.6,0.08274999999999999,12.084592145015453,-0.5269832395860667
1787020220031,0.0827,132667.2,0.0828,428394.6,0.08274999999999999,12.084592145015453,-0.5270852515712172
1787020220032,0.0827,132067.2,0.0828,428394.6,0.08274999999999999,12.084592145015453,-0.5287200662025493
1787020220102,0.0827,132067.2,0.0828,428946.4,0.08274999999999999,12.084592145015453,-0.5291836062441266
1787020220104,0.0827,132067.2,0.0828,429222.3,0.08274999999999999,12.084592145015453,-0.5294150344875505
1787020220118,0.0827,132667.2,0.0828,429222.3,0.08274999999999999,12.084592145015453,-0.527781885940207
1787020220119,0.0827,132606.7,0.0828,451814.6,0.08274999999999999,12.084592145015453,-0.5461948426588832
1787020220120,0.0827,132067.2,0.0828,451814.6,0.08274999999999999,12.084592145015453,-0.5476235087307053
1787020220121,0.0827,132067.2,0.0828,451693.6,0.08274999999999999,12.084592145015453,-0.547529741633902
1787020220122,0.0827,132067.2,0.0828,451814.6,0.08274999999999999,12.084592145015453,-0.5476235087307053
1787020220164,0.0827,132067.2,0.0828,454908.2,0.08274999999999999,12.084592145015453,-0.5500077175295591
1787020220220,0.0827,132667.2,0.0828,454908.2,0.08274999999999999,12.084592145015453,-0.5484249340595266
1787020220251,0.0827,132067.2,0.0828,454908.2,0.08274999999999999,12.084592145015453,-0.5500077175295591
1787020220319,0.0827,132067.2,0.0828,455270.5,0.08274999999999999,12.084592145015453,-0.5502852958357688
1787020220329,0.0827,132667.2,0.0828,455270.5,0.08274999999999999,12.084592145015453,-0.5487032044381573
1787020220381,0.0827,132067.2,0.0828,455813.9,0.08274999999999999,12.084592145015453,-0.5507009835832449
1787020220395,0.0827,132667.2,0.0828,455813.9,0.08274999999999999,12.084592145015453,-0.5491199292551621
1787020220396,0.0827,132606.7,0.0828,455813.9,0.08274999999999999,12.084592145015453,-0.5492792060645055
1787020220397,0.0827,132006.7,0.0828,455813.9,0.08274999999999999,12.084592145015453,-0.5508605856957037
1787020220400,0.0827,132006.7,0.0828,455910.0,0.08274999999999999,12.084592145015453,-0.550934001364479
1787020220401,0.0827,132067.2,0.0828,455910.0,0.08274999999999999,12.084592145015453,-0.5507744177835467
1787020220402,0.0827,132667.2,0.0828,455910.0,0.08274999999999999,12.084592145015453,-0.5491935467428912
1787020220456,0.0827,132067.2,0.0828,455910.0,0.08274999999999999,12.084592145015453,-0.5507744177835467
1787020220518,0.0827,132667.2,0.0828,455910.0,0.08274999999999999,12.084592145015453,-0.5491935467428912
1787020220559,0.0827,132067.2,0.0828,455910.0,0.08274999999999999,12.084592145015453,-0.5507744177835467
1787020220565,0.0827,132067.2,0.0828,455491.5,0.08274999999999999,12.084592145015453,-0.5504544482108766
1787020220567,0.0827,132667.2,0.0828,455491.5,0.08274999999999999,12.084592145015453,-0.5488727787245178
1787020220577,0.0827,132067.2,0.0828,455491.5,0.08274999999999999,12.084592145015453,-0.5504544482108766
1787020220592,0.0827,132667.2,0.0828,455491.5,0.08274999999999999,12.084592145015453,-0.5488727787245178
1787020220636,0.0827,132067.2,0.0828,455491.5,0.08274999999999999,12.084592145015453,-0.5504544482108766
1787020220696,0.0827,132667.2,0.0828,455491.5,0.08274999999999999,12.084592145015453,-0.5488727787245178
1787020220699,0.0827,132667.2,0.0828,455291.5,0.08274999999999999,12.084592145015453,-0.548719323313015
1787020220728,0.0827,132067.2,0.0828,455291.5,0.08274999999999999,12.084592145015453,-0.5503013746114598
1787020220820,0.0827,132667.2,0.0828,455291.5,0.08274999999999999,12.084592145015453,-0.548719323313015
1787020220828,0.0827,132067.2,0.0828,455291.5,0.08274999999999999,12.084592145015453,-0.5503013746114598
1787020220855,0.0827,132667.2,0.0828,455291.5,0.08274999999999999,12.084592145015453,-0.548719323313015
1787020220894,0.0827,132067.2,0.0828,455291.5,0.08274999999999999,12.084592145015453,-0.5503013746114598
1787020220951,0.0827,132667.2,0.0828,455291.5,0.08274999999999999,12.084592145015453,-0.548719323313015
1787020220961,0.0827,132067.2,0.0828,455291.5,0.08274999999999999,12.084592145015453,-0.5503013746114598
1787020221133,0.0827,132667.2,0.0828,455291.5,0.08274999999999999,12.084592145015453,-0.548719323313015
1787020221161,0.0827,132067.2,0.0828,455291.5,0.08274999999999999,12.084592145015453,-0.5503013746114598
1787020221349,0.0827,132067.2,0.0828,455653.8,0.08274999999999999,12.084592145015453,-0.5505785908619906
1787020221433,0.0827,132067.2,0.0828,456258.0,0.08274999999999999,12.084592145015453,-0.5510401390251514
1787020221434,0.0827,132067.2,0.0828,456137.0,0.08274999999999999,12.084592145015453,-0.5509477830998146
1787020221435,0.0827,132067.2,0.0828,456337.0,0.08274999999999999,12.084592145015453,-0.5511004170262551
1787020221436,0.0827,132067.2,0.0828,456458.0,0.08274999999999999,12.084592145015453,-0.5511927101847126
1787020221699,0.0827,132067.2,0.0828,456876.5,0.08274999999999999,12.084592145015453,-0.5515116300590363
1787020221714,0.0827,132667.2,0.0828,456876.5,0.08274999999999999,12.084592145015453,-0.5499326004162203
1787020221840,0.0827,132067.2,0.0828,456876.5,0.08274999999999999,12.084592145015453,-0.5515116300590363
1787020221850,0.0827,132667.2,0.0828,456876.5,0.08274999999999999,12.084592145015453,-0.5499326004162203
1787020221931,0.0827,132667.2,0.0828,456272.3,0.08274999999999999,12.084592145015453,-0.549470870946846
1787020221936,0.0827,132667.2,0.0828,457468.5,0.08274999999999999,12.084592145015453,-0.5503840896254879
1787020221954,0.0827,132067.2,0.0828,457468.5,0.08274999999999999,12.084592145015453,-0.5519619931413823
1787020222010,0.0827,132667.2,0.0828,457468.5,0.08274999999999999,12.084592145015453,-0.5503840896254879
1787020222019,0.0827,132067.2,0.0828,457468.5,0.08274999999999999,12.084592145015453,-0.5519619931413823
1787020222058,0.0827,132667.2,0.0828,457468.5,0.08274999999999999,12.084592145015453,-0.5503840896254879
1787020222062,0.0827,132067.2,0.0828,457468.5,0.08274999999999999,12.084592145015453,-0.5519619931413823
1787020222072,0.0827,132667.2,0.0828,457468.5,0.08274999999999999,12.084592145015453,-0.5503840896254879
1787020222098,0.0827,132667.2,0.0828,457192.6,0.08274999999999999,12.084592145015453,-0.5501737870592299
1787020222110,0.0827,132067.2,0.0828,457192.6,0.08274999999999999,12.084592145015453,-0.5517522152368105
1787020222215,0.0827,132667.2,0.0828,457192.6,0.08274999999999999,12.084592145015453,-0.5501737870592299
1787020222347,0.0827,36122.2,0.0828,457192.6,0.08274999999999999,12.084592145015453,-0.8535531469966033
1787020222348,0.0826,516453.4,0.0827,39236.2,0.08265,12.099213551117845,0.8587837526561591
1787020222349,0.0826,455351.6,0.0827,501969.1,0.08265,12.099213551117845,-0.04869580277539178
1787020222350,0.0826,214737.3,0.0827,333211.9,0.08265,12.099213551117845,-0.21621456879579357
1787020222351,0.0826,217227.9,0.0827,278052.9,0.08265,12.099213551117845,-0.12280912161343631
1787020222352,0.0826,216569.6,0.0827,278052.9,0.08265,12.099213551117845,-0.12430348397009844
1787020222353,0.0826,217899.7,0.0827,278052.9,0.08265,12.099213551117845,-0.12128820375172951
1787020222354,0.0826,181595.9,0.0827,278052.9,0.08265,12.099213551117845,-0.2098493458483956
1787020222356,0.0826,181656.5,0.0827,278113.5,0.08265,12.099213551117845,-0.20979402744850686
1787020222358,0.0826,135584.5,0.0827,278113.5,0.08265,12.099213551117845,-0.3445242664939159
1787020222360,0.0826,135584.5,0.0827,282811.0,0.08265,12.099213551117845,-0.35188356471329163
1787020222361,0.0826,135269.4,0.0827,240823.5,0.08265,12.099213551117845,-0.2806596455290701
1787020222362,0.0826,135269.4,0.0827,241048.6,0.08265,12.099213551117845,-0.28108992926195403
1787020222363,0.0826,133601.8,0.0827,283036.1,0.08265,12.099213551117845,-0.3586670823753672
1787020222379,0.0826,133601.8,0.0827,214433.0,0.08265,12.099213551117845,-0.23225033818457239
1787020222380,0.0826,133601.8,0.0827,215710.0,0.08265,12.099213551117845,-0.23505704645534453
1787020222382,0.0826,133579.5,0.0827,215710.0,0.08265,12.099213551117845,-0.2351358973000906
1787020222392,0.0826,133579.5,0.0827,204331.3,0.08265,12.099213551117845,-0.20938010859670655
1787020222431,0.0826,133579.5,0.0827,205831.3,0.08265,12.099213551117845,-0.21287419257136186
1787020222529,0.0826,133779.2,0.0827,206031.0,0.08265,12.099213551117845,-0.21262398833231017
1787020222534,0.0826,133597.7,0.0827,206031.0,0.08265,12.099213551117845,-0.21327202324185202
1787020222554,0.0826,215090.4,0.0827,206031.0,0.08265,12.099213551117845,0.021512561460899384
1787020222555,0.0826,215090.4,0.0827,274998.3,0.08265,12.099213551117845,-0.122238892673918
1787020222558,0.0826,222852.6,0.0827,274998.3,0.08265,12.099213551117845,-0.10474160034660976
1787020222681,0.0826,222852.6,0.0827,274654.1,0.08265,12.099213551117845,-0.10412221584151525
1787020222683,0.0826,372852.6,0.0827,274654.1,0.08265,12.099213551117845,0.15165634579534082
1787020222684,0.0826,222652.9,0.0827,274654.1,0.08265,12.099213551117845,-0.10456559026918982
1787020222685,0.0826,222852.6,0.0827,274654.1,0.08265,12.099213551117845,-0.10412221584151525
1787020222797,0.0826,222852.6,0.0827,274775.0,0.08265,12.099213551117845,-0.1043398718238297
1787020222854,0.0826,221946.3,0.0827,274775.0,0.08265,12.099213551117845,-0.10635481103789995
1787020222873,0.0826,221946.3,0.0827,275532.3,0.08265,12.099213551117845,-0.10771518614067017
1787020222874,0.0826,222006.9,0.0827,275653.5,0.08265,12.099213551117845,-0.10779760656061846
1787020222878,0.0826,322006.9,0.0827,275653.5,0.08265,12.099213551117845,0.07755809151819332
1787020222879,0.0826,321946.3,0.0827,275653.5,0.08265,12.099213551117845,0.07746455069094733
1787020222880,0.0826,221946.3,0.0827,275653.5,0.08265,12.099213551117845,-0.10793251926548204
1787020222881,0.0826,222006.9,0.0827,275653.5,0.08265,12.099213551117845,-0.10779760656061846
1787020223068,0.0826,206592.6,0.0827,275653.5,0.08265,12.099213551117845,-0.1432067568820152
1787020223069,0.0826,206592.6,0.0827,312515.2,0.08265,12.099213551117845,-0.20404740595306023
1787020223070,0.0826,206592.6,0.0827,312394.0,0.08265,12.099213551117845,-0.20386152551915598
1787020223071,0.0826,206592.6,0.0827,275532.3,0.08265,12.099213551117845,-0.14299137007858334
1787020223072,0.0826,206592.6,0.0827,275653.5,0.08265,12.099213551117845,-0.1432067568820152
1787020223074,0.0826,118211.7,0.0827,239489.8,0.08265,12.099213551117845,-0.3390483405856559
1787020223075,0.0826,118012.0,0.0827,304554.0,0.08265,12.099213551117845,-0.4414505663020688
1787020223076,0.0826,169149.8,0.0827,435811.6,0.08265,12.099213551117845,-0.4407914290068755
1787020223077,0.0826,169210.4,0.0827,245490.7,0.08265,12.099213551117845,-0.18394043324215928
1787020223078,0.0826,169210.4,0.0827,245611.9,0.08265,12.099213551117845,-0.18417886405817624
1787020223095,0.0826,169410.1,0.0827,245611.9,0.08265,12.099213551117845,-0.18360906168829602
1787020223096,0.0826,169410.1,0.0827,245811.6,0.08265,12.099213551117845,-0.18400170318651457
1787020223123,0.0826,171310.1,0.0827,245515.8,0.08265,12.099213551117845,-0.17802564571923188
1787020223124,0.0826,171249.5,0.0827,245515.8,0.08265,12.099213551117845,-0.178196937221021
1787020223125,0.0826,226249.5,0.0827,245515.8,0.08265,12.099213551117845,-0.04083873909335847
1787020223126,0.0826,226310.1,0.0827,245515.8,0.08265,12.099213551117845,-0.040705056674506385
1787020223132,0.0826,226310.1,0.0827,245371.4,0.08265,12.099213551117845,-0.040411379288778526
1787020223133,0.0826,226310.1,0.0827,245227.0,0.08265,12.099213551117845,-0.0401175220359119
1787020223134,0.0826,266310.1,0.0827,245227.0,0.08265,12.099213551117845,0.04121519240735418
1787020223135,0.0826,266249.5,0.0827,245227.0,0.08265,12.099213551117845,0.04110159508794637
1787020223163,0.0826,258487.3,0.0827,245227.0,0.08265,12.099213551117845,0.02632504179452517
1787020223167,0.0826,255833.9,0.0827,245227.0,0.08265,12.099213551117845,0.021168883862221127
1787020223168,0.0826,255894.5,0.0827,245227.0,0.08265,12.099213551117845,0.02128725269221137
1787020223213,0.0826,237400.6,0.0827,245227.0,0.08265,12.099213551117845,-0.016216229656157242
1787020223216,0.0826,237461.2,0.0827,245227.0,0.08265,12.099213551117845,-0.016088646873903253
1787020223298,0.0826,237461.2,0.0827,245106.1,0.08265,12.099213551117845,-0.015842142640000667
1787020223445,0.0826,237461.2,0.0827,248498.5,0.08265,12.099213551117845,-0.02271237717860141
1787020223471,0.0826,237461.2,0.0827,248800.8,0.08265,12.099213551117845,-0.02331993863390513
1787020223472,0.0826,237461.2,0.0827,248679.6,0.08265,12.099213551117845,-0.0230764420513563
1787020223727,0.0826,237461.2,0.0827,249164.6,0.08265,12.099213551117845,-0.02405010174142019
1787020223728,0.0826,237461.2,0.0827,249285.8,0.08265,12.099213551117845,-0.024293113260071407
1787020224140,0.0826,236370.2,0.0827,249285.8,0.08265,12.099213551117845,-0.026594132472367225
1787020224141,0.0826,236370.2,0.0827,309285.8,0.08265,12.099213551117845,-0.13362924626504608
1787020224142,0.0826,196370.2,0.0827,309285.8,0.08265,12.099213551117845,-0.22330517189551785
1787020224143,0.0826,85054.4,0.0827,309164.6,0.08265,12.099213551117845,-0.5684916252133966
1787020224144,0.0826,84454.4,0.0827,323279.4,0.08265,12.099213551117845,-0.5857375572003106
1787020224145,0.0826,135393.6,0.0827,385567.9,0.08265,12.099213551117845,-0.4802164843275367
1787020224146,0.0826,135333.0,0.0827,385567.9,0.08265,12.099213551117845,-0.4803886881362655
1787020224175,0.0826,126721.8,0.0827,385567.9,0.08265,12.099213551117845,-0.5052728953949299
1787020224177,0.0826,169625.9,0.0827,385446.7,0.08265,12.099213551117845,-0.38881544504268456
1787020224178,0.0826,169625.9,0.0827,385567.9,0.08265,12.099213551117845,-0.388948867944851
1787020224179,0.0826,169426.2,0.0827,385567.9,0.08265,12.099213551117845,-0.3894486445891947
1787020224296,0.0826,169426.2,0.0827,387237.5,0.08265,12.099213551117845,-0.39127986969511397
1787020224297,0.0826,169365.6,0.0827,387237.5,0.08265,12.099213551117845,-0.3914313448847123
1787020224299,0.0826,169365.6,0.0827,387358.4,0.08265,12.099213551117845,-0.39156350363914616
1787020224300,0.0826,169426.2,0.0827,387358.4,0.08265,12.099213551117845,-0.39141204695675846
1787020224329,0.0826,169625.9,0.0827,387358.4,0.08265,12.099213551117845,-0.3909131729565807
1787020224662,0.0826,169625.9,0.0827,388177.2,0.08265,12.099213551117845,-0.39180725241577186
1787020224664,0.0826,169625.9,0.0827,388377.2,0.08265,12.099213551117845,-0.39202524143683076
1787020224670,0.0826,179038.0,0.0827,388377.2,0.08265,12.099213551117845,-0.3689347765093357
1787020224671,0.0826,178977.4,0.0827,388377.2,0.08265,12.099213551117845,-0.36908099449621107
1787020224770,0.0826,178977.4,0.0827,389586.4,0.08265,12.099213551117845,-0.370422809190455
1787020224771,0.0826,179038.0,0.0827,389465.2,0.08265,12.099213551117845,-0.37014250755316774
1787020224772,0.0826,179038.0,0.0827,389586.4,0.08265,12.099213551117845,-0.37027675914012836
1787020225161,0.0826,179038.0,0.0827,389229.7,0.08265,12.099213551117845,-0.36988148367397977
1787020225164,0.0826,179038.0,0.0827,389029.7,0.08265,12.099213551117845,-0.3696596373988523
1787020225165,0.0826,179638.0,0.0827,389029.7,0.08265,12.099213551117845,-0.3682145126231014
1787020225173,0.0826,179038.0,0.0827,389029.7,0.08265,12.099213551117845,-0.3696596373988523
1787020225242,0.0826,179638.0,0.0827,389029.7,0.08265,12.099213551117845,-0.3682145126231014
1787020225296,0.0826,179758.9,0.0827,388908.8,0.08265,12.099213551117845,-0.3677893082374821
1787020225301,0.0826,179158.9,0.0827,388908.8,0.08265,12.099213551117845,-0.3692339839071998
1787020225579,0.0826,179758.9,0.0827,388908.8,0.08265,12.099213551117845,-0.3677893082374821
1787020225718,0.0826,179758.9,0.0827,338908.8,0.08265,12.099213551117845,-0.30684366888472137
1787020225838,0.0826,179758.9,0.0827,278908.8,0.08265,12.099213551117845,-0.2161693531068353
1787020225839,0.0826,179758.9,0.0827,278709.1,0.08265,12.099213551117845,-0.21582793128418992
1787020225841,0.0826,179758.9,0.0827,278908.8,0.08265,12.099213551117845,-0.2161693531068353
1787020225845,0.0826,284758.9,0.0827,278908.8,0.08265,12.099213551117845,0.010378632658923042
1787020225846,0.0826,179698.3,0.0827,278163.4,0.08265,12.099213551117845,-0.21505424017776553
1787020225847,0.0826,179758.9,0.0827,278163.4,0.08265,12.099213551117845,-0.21489344371304916
1787020225932,0.0826,180363.8,0.0827,278163.4,0.08265,12.099213551117845,-0.21329072735488763
1787020225997,0.0826,197120.3,0.0827,278163.4,0.08265,12.099213551117845,-0.17051521017867863
1787020225998,0.0826,197059.7,0.0827,278163.4,0.08265,12.099213551117845,-0.17066447317060135
1787020226100,0.0826,197378.6,0.0827,278163.4,0.08265,12.099213551117845,-0.16987942179660265
1787020226101,0.0826,197439.2,0.0827,278163.4,0.08265,12.099213551117845,-0.16973035891729776
1787020226131,0.0826,197439.2,0.0827,274771.0,0.08265,12.099213551117845,-0.16376562810375547
1787020226297,0.0826,197318.3,0.0827,274771.0,0.08265,12.099213551117845,-0.16406366337894127
1787020226431,0.0826,196713.4,0.0827,274771.0,0.08265,12.099213551117845,-0.16555712129605984
1787020226456,0.0826,204475.6,0.0827,274771.0,0.08265,12.099213551117845,-0.14667897487431314
1787020226458,0.0826,204415.0,0.0827,274771.0,0.08265,12.099213551117845,-0.14682398901470411
1787020226799,0.0826,204415.0,0.0827,274891.9,0.08265,12.099213551117845,-0.14703919346873584
1787020226800,0.0826,204475.6,0.0827,274891.9,0.08265,12.099213551117845,-0.14689418869656373
1787020226803,0.0826,204475.6,0.0827,275091.9,0.08265,12.099213551117845,-0.1472499700250747
1787020226805,0.0826,204475.6,0.0827,274891.9,0.08265,12.099213551117845,-0.14689418869656373
1787020226834,0.0826,204475.6,0.0827,409891.9,0.08265,12.099213551117845,-0.33435411215599786
1787020226835,0.0826,204475.6,0.0827,409770.7,0.08265,12.099213551117845,-0.3342227702470491
1787020226837,0.0826,202575.6,0.0827,409770.7,0.08265,12.099213551117845,-0.3383626225879049
1787020226930,0.0826,201975.6,0.0827,409770.7,0.08265,12.099213551117845,-0.3396752869612779
1787020226966,0.0826,201975.6,0.0827,410516.1,0.08265,12.099213551117845,-0.34047889955080207
1787020226967,0.0826,201975.6,0.0827,410637.3,0.08265,12.099213551117845,-0.34060937992001145
1787020226997,0.0826,202575.6,0.0827,410637.3,0.08265,12.099213551117845,-0.33929765665399403
1787020226998,0.0826,201975.6,0.0827,410637.3,0.08265,12.099213551117845,-0.34060937992001145
1787020227040,0.0826,194213.4,0.0827,410637.3,0.08265,12.099213551117845,-0.35781375470012683
1787020227043,0.0826,194813.4,0.0827,410637.3,0.08265,12.099213551117845,-0.35646816495546213
1787020227104,0.0826,194813.4,0.0827,411274.5,0.08265,12.099213551117845,-0.35714473098703997
1787020227106,0.0826,194494.5,0.0827,411274.5,0.08265,12.099213551117845,-0.3578591839463558
1787020227107,0.0826,194494.5,0.0827,411593.1,0.08265,12.099213551117845,-0.3581967359173822
1787020227137,0.0826,193894.5,0.0827,411593.1,0.08265,12.099213551117845,-0.3595426231685009
1787020227272,0.0826,193894.5,0.0827,414941.0,0.08265,12.099213551117845,-0.3630644073809757
1787020227273,0.0826,193894.5,0.0827,414819.8,0.08265,12.099213551117845,-0.3629375882905987
1787020227344,0.0826,193894.5,0.0827,415019.8,0.08265,12.099213551117845,-0.36314683363488093
1787020227345,0.0826,193894.5,0.0827,415141.0,0.08265,12.099213551117845,-0.3632735694388915
1787020227457,0.0826,194494.5,0.0827,415141.0,0.08265,12.099213551117845,-0.3619318428798848
1787020227634,0.0826,193894.5,0.0827,415141.0,0.08265,12.099213551117845,-0.3632735694388915
1787020227759,0.0826,194494.5,0.0827,415141.0,0.08265,12.099213551117845,-0.3619318428798848
1787020227783,0.0826,193894.5,0.0827,415141.0,0.08265,12.099213551117845,-0.3632735694388915
1787020227798,0.0826,193894.5,0.0827,415020.1,0.08265,12.099213551117845,-0.36314714739965176
1787020227800,0.0826,194494.5,0.0827,415020.1,0.08265,12.099213551117845,-0.3618052791516397
1787020228099,0.0826,194494.5,0.0827,414701.5,0.08265,12.099213551117845,-0.36147151327323224
1787020228100,0.0826,194494.5,0.0827,414064.3,0.08265,12.099213551117845,-0.36080293309372896
1787020228299,0.0826,194615.4,0.0827,414064.3,0.08265,12.099213551117845,-0.3605326413875804
1787020228430,0.0826,195220.3,0.0827,414064.3,0.08265,12.099213551117845,-0.3591818995589254
1787020228431,0.0826,195159.7,0.0827,414064.3,0.08265,12.099213551117845,-0.3593170984728113
1787020228433,0.0826,195159.7,0.0827,413864.3,0.08265,12.099213551117845,-0.3591067018705338
1787020228468,0.0826,195159.7,0.0827,414189.0,0.08265,12.099213551117845,-0.359448210852013
1787020228469,0.0826,195220.3,0.0827,414189.0,0.08265,12.099213551117845,-0.3593130265652329
1787020229799,0.0826,195099.4,0.0827,414189.0,0.08265,12.099213551117845,-0.3595827526012312
1787020230297,0.0826,195220.3,0.0827,414189.0,0.08265,12.099213551117845,-0.3593130265652329
1787020230448,0.0826,237207.8,0.0827,414189.0,0.08265,12.099213551117845,-0.27169491775212895
1787020230450,0.0826,237147.2,0.0827,414189.0,0.08265,12.099213551117845,-0.27181323562240206
1787020230476,0.0826,237147.2,0.0827,279189.0,0.08265,12.099213551117845,-0.08142330520308277
1787020230477,0.0826,237207.8,0.0827,266865.2,0.08265,12.099213551117845,-0.05883552580677803
1787020230478,0.0826,237207.8,0.0827,267064.9,0.08265,12.099213551117845,-0.059208241889755354
1787020230536,0.0826,237207.8,0.0827,267483.4,0.08265,12.099213551117845,-0.05998836516269757
1787020230570,0.0826,237207.8,0.0827,264135.5,0.08265,12.099213551117845,-0.053711099759386455
1787020230582,0.0826,237207.8,0.0827,252391.8,0.08265,12.099213551117845,-0.031013097232922577
1787020230731,0.0826,230541.8,0.0827,252391.8,0.08265,12.099213551117845,-0.04524431516051068
1787020230789,0.0826,260541.8,0.0827,292391.8,0.08265,12.099213551117845,-0.05760185309773181
1787020230790,0.0826,260481.2,0.0827,292270.6,0.08265,12.099213551117845,-0.057511165047314114
1787020230799,0.0826,260360.3,0.0827,292270.6,0.08265,12.099213551117845,-0.057742518559856126
1787020230822,0.0826,268122.5,0.0827,292270.6,0.08265,12.099213551117845,-0.0430913585481334
1787020230823,0.0826,268183.1,0.0827,292391.8,0.08265,12.099213551117845,-0.04318548689925292
1787020230932,0.0826,267578.2,0.0827,292391.8,0.08265,12.099213551117845,-0.04431237387717195
1787020231241,0.0826,267578.2,0.0827,252391.8,0.08265,12.099213551117845,0.029206300363482554
1787020231778,0.0826,337578.2,0.0827,252391.8,0.08265,12.099213551117845,0.14439107073241017
1787020231779,0.0826,337317.9,0.0827,252391.8,0.08265,12.099213551117845,0.14401340184840108
1787020231780,0.0826,337517.6,0.0827,252391.8,0.08265,12.099213551117845,0.14430317604703366
1787020231781,0.0826,337578.2,0.0827,252391.8,0.08265,12.099213551117845,0.14439107073241017
1787020231803,0.0826,337699.1,0.0827,252391.8,0.08265,12.099213551117845,0.1445663710455457
1787020232004,0.0826,337699.1,0.0827,253357.0,0.08265,12.099213551117845,0.14269728372653626
1787020232171,0.0826,337699.1,0.0827,254729.4,0.08265,12.099213551117845,0.14005014951171318
1787020232361,0.0826,337699.1,0.0827,255043.6,0.08265,12.099213551117845,0.13944583374877495
1787020232808,0.0826,337699.1,0.0827,254558.6,0.08265,12.099213551117845,0.1403789262680755
1787020233381,0.0826,337699.1,0.0827,254244.4,0.08265,12.099213551117845,0.1409842324478603
1787020233755,0.0826,372699.1,0.0827,254244.4,0.08265,12.099213551117845,0.18893999220025406
1787020233756,0.0826,372638.5,0.0827,254244.4,0.08265,12.099213551117845,0.188861588025451
1787020234149,0.0826,371859.5,0.0827,254244.4,0.08265,12.099213551117845,0.1878523676341898
1787020234150,0.0826,336859.5,0.0827,254244.4,0.08265,12.099213551117845,0.1397640922348846
1787020234151,0.0826,336920.1,0.0827,254244.4,0.08265,12.099213551117845,0.13985227462068509
1787020234192,0.0826,336920.1,0.0827,254729.4,0.08265,12.099213551117845,0.13891788973032174
1787020234193,0.0826,336920.1,0.0827,254608.2,0.08265,12.099213551117845,0.13915124601815324
1787020234492,0.0826,338587.1,0.0827,254608.2,0.08265,12.099213551117845,0.14157040691320372
1787020234494,0.0826,338587.1,0.0827,254729.4,0.08265,12.099213551117845,0.14133721209506223
1787020234744,0.0826,373587.1,0.0827,254729.4,0.08265,12.099213551117845,0.18916851618571212
1787020234745,0.0826,373526.5,0.0827,254729.4,0.08265,12.099213551117845,0.18909030539943994
1787020235779,0.0826,373429.7,0.0827,254729.4,0.08265,12.099213551117845,0.18896534333419673
1787020235780,0.0826,338429.7,0.0827,254729.4,0.08265,12.099213551117845,0.14110935834921864
1787020235782,0.0826,338490.3,0.0827,254729.4,0.08265,12.099213551117845,0.14119709780373108
1787020236300,0.0826,338369.4,0.0827,254729.4,0.08265,12.099213551117845,0.14102203545176625
1787020236505,0.0826,338873.5,0.0827,254729.4,0.08265,12.099213551117845,0.14175149750784574
1787020236796,0.0826,338873.5,0.0827,254850.3,0.08265,12.099213551117845,0.1415190026069361
1787020237297,0.0826,338873.5,0.0827,254729.4,0.08265,12.099213551117845,0.14175149750784574
1787020238129,0.0826,338873.5,0.0827,254310.9,0.08265,12.099213551117845,0.14255701936868198
1787020238781,0.0826,268873.5,0.0827,254310.9,0.08265,12.099213551117845,0.02783454552543999
1787020238798,0.0826,268873.5,0.0827,254431.8,0.08265,12.099213551117845,0.027597083385167344
1787020238855,0.0826,268369.4,0.0827,254431.8,0.08265,12.099213551117845,0.026659464438872814
1787020238914,0.0826,268369.4,0.0827,254750.7,0.08265,12.099213551117845,0.026033601079369747
1787020238998,0.0826,268369.4,0.0827,255169.2,0.08265,12.099213551117845,0.02521342265880684
1787020239005,0.0826,268290.8,0.0827,255169.2,0.08265,12.099213551117845,0.025067053834103802
1787020239006,0.0826,238290.8,0.0827,255169.2,0.08265,12.099213551117845,-0.03420419081587165
1787020239007,0.0826,238290.8,0.0827,295169.2,0.08265,12.099213551117845,-0.10662167735162903
1787020239008,0.0826,238290.8,0.0827,255048.0,0.08265,12.099213551117845,-0.033966920907092676
1787020239009,0.0826,238290.8,0.0827,255169.2,0.08265,12.099213551117845,-0.03420419081587165
1787020239100,0.0826,238290.8,0.0827,255799.2,0.08265,12.099213551117845,-0.035435649375619875
1787020239301,0.0826,238290.8,0.0827,255678.3,0.08265,12.099213551117845,-0.03519957017554337
1787020239302,0.0826,238411.7,0.0827,255678.3,0.08265,12.099213551117845,-0.03494626485053326
1787020239426,0.0826,238411.7,0.0827,255878.3,0.08265,12.099213551117845,-0.035336745635153405
1787020239689,0.0826,238411.7,0.0827,285878.3,0.08265,12.099213551117845,-0.09053500925060554
1787020239690,0.0826,238411.7,0.0827,285757.1,0.08265,12.099213551117845,-0.09032471982307982
1787020239692,0.0826,238411.7,0.0827,285557.1,0.08265,12.099213551117845,-0.08997749484320434
1787020239705,0.0826,228999.6,0.0827,285557.1,0.08265,12.099213551117845,-0.10991500062092278
1787020239708,0.0826,237925.2,0.0827,285557.1,0.08265,12.099213551117845,-0.09099046901872321
1787020239709,0.0826,237925.2,0.0827,285678.3,0.08265,12.099213551117845,-0.0912008800552326
1787020239773,0.0826,237925.2,0.0827,284469.1,0.08265,12.099213551117845,-0.0890972585267488
1787020239837,0.0826,237925.2,0.0827,285678.3,0.08265,12.099213551117845,-0.0912008800552326
1787020239931,0.0826,238530.1,0.0827,285678.3,0.08265,12.099213551117845,-0.08994171020533051
1787020240101,0.0826,238530.1,0.0827,285048.3,0.08265,12.099213551117845,-0.0888466751111199
1787020240568,0.0826,238530.1,0.0827,255048.3,0.08265,12.099213551117845,-0.03346621327027273
1787020240677,0.0826,268530.1,0.0827,255048.3,0.08265,12.099213551117845,0.025749343364814114
1787020240678,0.0826,268469.5,0.0827,255048.3,0.08265,12.099213551117845,0.02563656861333084
1787020241052,0.0826,268469.5,0.0827,254729.4,0.08265,12.099213551117845,0.026261714235255473
1787020241092,0.0826,286509.2,0.0827,254729.4,0.08265,12.099213551117845,0.058716802534039554
1787020241093,0.0826,286569.8,0.0827,254729.4,0.08265,12.099213551117845,0.05882218189127195
1787020241305,0.0826,287555.4,0.0827,254729.4,0.08265,12.099213551117845,0.060532768021526746
1787020241432,0.0826,286950.5,0.0827,254729.4,0.08265,12.099213551117845,0.059483654460872566
1787020241572,0.0826,286950.5,0.0827,254658.6,0.08265,12.099213551117845,0.05962215184346052
1787020242128,0.0826,286950.5,0.0827,253693.4,0.08265,12.099213551117845,0.06151387262484605
1787020242129,0.0826,286950.5,0.0827,254404.1,0.08265,12.099213551117845,0.06012029822966314
1787020242931,0.0826,287555.4,0.0827,254404.1,0.08265,12.099213551117845,0.061169330918638784
1787020243115,0.0826,287555.4,0.0827,254604.1,0.08265,12.099213551117845,0.06077787071885675
1787020243226,0.0826,287032.2,0.0827,254604.1,0.08265,12.099213551117845,0.059870617977414
1787020243227,0.0826,257032.2,0.0827,254604.1,0.08265,12.099213551117845,0.004745753966245173
1787020243228,0.0826,256832.5,0.0827,254604.1,0.08265,12.099213551117845,0.0043571383041416945
1787020243229,0.0826,257032.2,0.0827,254404.1,0.08265,12.099213551117845,0.005138665362626794
1787020243249,0.0826,257032.2,0.0827,254101.6,0.08265,12.099213551117845,0.005733528089905238
1787020243251,0.0826,312032.2,0.0827,254101.6,0.08265,12.099213551117845,0.10232669379570696
1787020243252,0.0826,311971.6,0.0827,254101.6,0.08265,12.099213551117845,0.10223059491246005
1787020243259,0.0826,311971.6,0.0827,254170.8,0.08265,12.099213551117845,0.1020958684599493
1787020243260,0.0826,312032.2,0.0827,254170.8,0.08265,12.099213551117845,0.1021919700178205
1787020243430,0.0826,311427.3,0.0827,254170.8,0.08265,12.099213551117845,0.10123177570787455
1787020243919,0.0826,311501.7,0.0827,254170.8,0.08265,12.099213551117845,0.10134998607851721
1787020244227,0.0826,311501.7,0.0827,253685.8,0.08265,12.099213551117845,0.10229507906668145
1787020244265,0.0826,311501.7,0.0827,253475.7,0.08265,12.099213551117845,0.10270499315547843
1787020244266,0.0826,366501.7,0.0827,253475.7,0.08265,12.099213551117845,0.18230664537126676
1787020244268,0.0826,366441.1,0.0827,253475.7,0.08265,12.099213551117845,0.18222671171357183
1787020244281,0.0826,366441.1,0.0827,251806.1,0.08265,12.099213551117845,0.18541935976418492
1787020244288,0.0826,311441.1,0.0827,251806.1,0.08265,12.099213551117845,0.1058771352968998
1787020244290,0.0826,311501.7,0.0827,251806.1,0.08265,12.099213551117845,0.10597332399799897
1787020244847,0.0826,311501.7,0.0827,252291.1,0.08265,12.099213551117845,0.10502191585277429
1787020244862,0.0826,311563.0,0.0827,252291.1,0.08265,12.099213551117845,0.10511921434995329
1787020244930,0.0826,312167.9,0.0827,252291.1,0.08265,12.099213551117845,0.10607820940050565
1787020245622,0.0826,337167.9,0.0827,252291.1,0.08265,12.099213551117845,0.1439910154904752
1787020245623,0.0826,337107.3,0.0827,252291.1,0.08265,12.099213551117845,0.14390300346930018
1787020246551,0.0826,337107.3,0.0827,251872.6,0.08265,12.099213551117845,0.14471580439332477
1787020247098,0.0826,337419.5,0.0827,251872.6,0.08265,12.099213551117845,0.14516892386644925
1787020247100,0.0826,337480.1,0.0827,251872.6,0.08265,12.099213551117845,0.1452568215942677
1787020247335,0.0826,337480.1,0.0827,252291.1,0.08265,12.099213551117845,0.14444415054516052
1787020247545,0.0826,337480.1,0.0827,251472.3,0.08265,12.099213551117845,0.1460352313701413
1787020247549,0.0826,337480.1,0.0827,252288.0,0.08265,12.099213551117845,0.1444501660907058
1787020247862,0.0826,337418.8,0.0827,252288.0,0.08265,12.099213551117845,0.14436123171718554
1787020248099,0.0826,337106.6,0.0827,252288.0,0.08265,12.099213551117845,0.14390800322907604
1787020248322,0.0826,336985.6,0.0827,252288.0,0.08265,12.099213551117845,0.1437322153919673
1787020248323,0.0826,311985.6,0.0827,252288.0,0.08265,12.099213551117845,0.10579548644487351
1787020248433,0.0826,311380.7,0.0827,252288.0,0.08265,12.099213551117845,0.10483587256131131
1787020248573,0.0826,311300.9,0.0827,252288.0,0.08265,12.099213551117845,0.10470912397316558
1787020248801,0.0826,311180.0,0.0827,252288.0,0.08265,12.099213551117845,0.10451702669894297
1787020249302,0.0826,311180.0,0.0827,252408.9,0.08265,12.099213551117845,0.10428008784417153
1787020249567,0.0826,311073.5,0.0827,252408.9,0.08265,12.099213551117845,0.10411079387750177
1787020249568,0.0826,256073.5,0.0827,252408.9,0.08265,12.099213551117845,0.007206935775948205
1787020249569,0.0826,255873.8,0.0827,252408.9,0.08265,12.099213551117845,0.006816875726834682
1787020249625,0.0826,254888.2,0.0827,252408.9,0.08265,12.099213551117845,0.004887274143692163
1787020249677,0.0826,236848.5,0.0827,252408.9,0.08265,12.099213551117845,-0.03180411783245382
1787020249716,0.0826,237048.2,0.0827,252408.9,0.08265,12.099213551117845,-0.03138313858354488
1787020249797,0.0826,237048.2,0.0827,252288.0,0.08265,12.099213551117845,-0.03114382299940202
1787020250099,0.0826,237048.2,0.0827,252603.4,0.08265,12.099213551117845,-0.03176789374322474
1787020250566,0.0826,237048.2,0.0827,317603.4,0.08265,12.099213551117845,-0.14523567587292635
1787020250567,0.0826,237048.2,0.0827,317282.5,0.08265,12.099213551117845,-0.1447408559547577
1787020250568,0.0826,237048.2,0.0827,317482.2,0.08265,12.099213551117845,-0.14504885575254306
1787020250569,0.0826,237048.2,0.0827,317603.4,0.08265,12.099213551117845,-0.14523567587292635
1787020250591,0.0826,237048.2,0.0827,252603.4,0.08265,12.099213551117845,-0.03176789374322474
1787020250797,0.0826,237169.1,0.0827,252603.4,0.08265,12.099213551117845,-0.03151320255833063
1787020251014,0.0826,237055.0,0.0827,252603.4,0.08265,12.099213551117845,-0.031753565342696036
1787020251555,0.0826,237055.0,0.0827,307603.4,0.08265,12.099213551117845,-0.1295277920986806
1787020251556,0.0826,237055.0,0.0827,307482.2,0.08265,12.099213551117845,-0.12933404733413992
1787020252071,0.0826,237055.0,0.0827,308787.2,0.08265,12.099213551117845,-0.13141563624065714
1787020252072,0.0826,237055.0,0.0827,308908.4,0.08265,12.099213551117845,-0.13160845580491295
1787020252653,0.0826,237055.0,0.0827,253908.4,0.08265,12.099213551117845,-0.03432720239431288
1787020252902,0.0826,237055.0,0.0827,253593.0,0.08265,12.099213551117845,-0.033706445353899335
1787020253099,0.0826,237365.1,0.0827,253593.0,0.08265,12.099213551117845,-0.03305353348890668
1787020253465,0.0826,237365.1,0.0827,253108.0,0.08265,12.099213551117845,-0.032097377001919156
1787020253533,0.0826,342365.1,0.0827,253108.0,0.08265,12.099213551117845,0.14989274914349612
1787020253534,0.0826,342304.5,0.0827,253108.0,0.08265,12.099213551117845,0.14980622677555477
1787020253793,0.0826,341398.2,0.0827,253108.0,0.08265,12.099213551117845,0.1485101416940648
1787020253794,0.0826,236398.2,0.0827,253108.0,0.08265,12.099213551117845,-0.0341360334148985
1787020253795,0.0826,236458.8,0.0827,253108.0,0.08265,12.099213551117845,-0.03400802505398653
1787020253806,0.0826,236997.2,0.0827,253108.0,0.08265,12.099213551117845,-0.03287212622922586
1787020253908,0.0826,237058.4,0.0827,253108.0,0.08265,12.099213551117845,-0.03274316640226667
1787020253934,0.0826,237663.3,0.0827,253108.0,0.08265,12.099213551117845,-0.03147025916144651
1787020253937,0.0826,237663.3,0.0827,253593.0,0.08265,12.099213551117845,-0.03242645437829502
1787020254521,0.0826,342663.3,0.0827,253593.0,0.08265,12.099213551117845,0.14938257256149742
1787020254523,0.0826,237403.0,0.0827,253593.0,0.08265,12.099213551117845,-0.03297379204718572
1787020254524,0.0826,237663.3,0.0827,253593.0,0.08265,12.099213551117845,-0.03242645437829502
1787020254839,0.0826,237663.3,0.0827,252383.8,0.08265,12.099213551117845,-0.030038949317320724
1787020254854,0.0826,228737.7,0.0827,252383.8,0.08265,12.099213551117845,-0.049147876368027574
1787020254863,0.0826,228737.7,0.0827,251965.3,0.08265,12.099213551117845,-0.0483200645720954
1787020254868,0.0826,229127.3,0.0827,251965.3,0.08265,12.099213551117845,-0.04747111055127433
1787020254901,0.0826,229127.3,0.0827,253174.5,0.08265,12.099213551117845,-0.04985923751476775
1787020255047,0.0826,229965.5,0.0827,253174.5,0.08265,12.099213551117845,-0.04803783582398476
1787020255197,0.0826,229965.5,0.0827,251869.5,0.08265,12.099213551117845,-0.045459545280023245
1787020255200,0.0826,229965.5,0.0827,253174.3,0.08265,12.099213551117845,-0.04803744175081413
1787020255510,0.0826,299965.5,0.0827,253174.3,0.08265,12.099213551117845,0.08459199645369943
1787020255511,0.0826,299904.9,0.0827,253174.3,0.08265,12.099213551117845,0.08449169666839765
1787020255578,0.0826,299486.4,0.0827,253174.3,0.08265,12.099213551117845,0.08379843184072984
1787020255579,0.0826,229486.4,0.0827,253174.3,0.08265,12.099213551117845,-0.04907774757712819
1787020255580,0.0826,229547.0,0.0827,253174.3,0.08265,12.099213551117845,-0.048946048164852034
1787020256296,0.0826,229442.3,0.0827,253174.3,0.08265,12.099213551117845,-0.049173609030439484
1787020256499,0.0826,314442.3,0.0827,253174.3,0.08265,12.099213551117845,0.1079390560459296
1787020256500,0.0826,314381.7,0.0827,253174.3,0.08265,12.099213551117845,0.10784380748331446
1787020257601,0.0826,314381.7,0.0827,252574.3,0.08265,12.099213551117845,0.10901621995357669
1787020257607,0.0826,314381.7,0.0827,196320.3,0.08265,12.099213551117845,0.23117473595169008
1787020257609,0.0826,314381.7,0.0827,127353.0,0.08265,12.099213551117845,0.4233959885877202
1787020257612,0.0826,314381.7,0.0827,127953.0,0.08265,12.099213551117845,0.421465238879066
1787020257617,0.0826,314442.3,0.0827,127953.0,0.08265,12.099213551117845,0.4215444874753416
1787020257621,0.0826,314442.3,0.0827,127353.0,0.08265,12.099213551117845,0.4234750799748209
1787020257622,0.0826,325821.0,0.0827,110596.5,0.08265,12.099213551117845,0.4931619378232999
1787020257623,0.0826,327621.0,0.0827,110396.8,0.08265,12.099213551117845,0.4959255080501295
1787020257624,0.0826,327421.3,0.0827,110596.5,0.08265,12.099213551117845,0.4950136729603226
1787020257629,0.0826,327421.3,0.0827,97227.1,0.08265,12.099213551117845,0.5420818729094469
1787020257635,0.0826,328021.6,0.0827,97227.1,0.08265,12.099213551117845,0.5427282905274019
1787020257636,0.0826,328021.6,0.0828,492049.1,0.0827,24.183796856105424,-0.20001629127830078
1787020257637,0.0827,208214.0,0.0828,479521.3,0.08274999999999999,12.084592145015453,-0.394493782709714
1787020257638,0.0827,117326.7,0.0828,448411.0,0.08274999999999999,12.084592145015453,-0.5852258034067732
1787020257639,0.0827,179329.1,0.0828,397931.7,0.08274999999999999,12.084592145015453,-0.37868949355300063
1787020257640,0.0827,179329.1,0.0828,399103.2,0.08274999999999999,12.084592145015453,-0.379947834863302
1787020257641,0.0827,179329.1,0.0828,313712.5,0.08274999999999999,12.084592145015453,-0.2725599624859241
1787020257644,0.0827,179329.1,0.0828,308425.5,0.08274999999999999,12.084592145015453,-0.2646749000419473
1787020257645,0.0827,196146.1,0.0828,307229.3,0.08274999999999999,12.084592145015453,-0.22067665603046946
1787020257652,0.0827,196146.1,0.0828,295485.6,0.08274999999999999,12.084592145015453,-0.20206081096886142
1787020257653,0.0827,196146.1,0.0828,260689.4,0.08274999999999999,12.084592145015453,-0.14128345980117568
1787020257660,0.0827,196146.1,0.0828,260568.7,0.08274999999999999,12.084592145015453,-0.1410565192982579
1787020257663,0.0827,196146.1,0.0828,260507.7,0.08274999999999999,12.084592145015453,-0.14094178127938495
1787020257676,0.0827,196146.1,0.0828,227506.8,0.08274999999999999,12.084592145015453,-0.07402451393581864
1787020257694,0.0827,196146.1,0.0828,226721.3,0.08274999999999999,12.084592145015453,-0.07230446234446065
1787020257706,0.0827,214185.8,0.0828,226721.3,0.08274999999999999,12.084592145015453,-0.02843115930770904
1787020257771,0.0827,214185.8,0.0828,243477.8,0.08274999999999999,12.084592145015453,-0.06400334219282461
1787020257798,0.0827,214185.8,0.0828,243598.6,0.08274999999999999,12.084592145015453,-0.0642503326893621
1787020257799,0.0827,214185.8,0.0828,242854.1,0.08274999999999999,12.084592145015453,-0.0627260333288188
1787020257812,0.0827,252070.5,0.0828,316159.3,0.08274999999999999,12.084592145015453,-0.11278676338340576
1787020257813,0.0827,252269.9,0.0828,316358.7,0.08274999999999999,12.084592145015453,-0.11270766190796597
1787020257814,0.0827,252330.4,0.0828,316358.7,0.08274999999999999,12.084592145015453,-0.1125892864835989
1787020257854,0.0827,252330.4,0.0828,319488.0,0.08274999999999999,12.084592145015453,-0.11744567855808767
1787020257923,0.0827,252330.4,0.0828,319391.7,0.08274999999999999,12.084592145015453,-0.11729702245199201
1787020258056,0.0827,260092.6,0.0828,319391.7,0.08274999999999999,12.084592145015453,-0.10233081379426501
1787020258100,0.0827,260092.6,0.0828,319711.1,0.08274999999999999,12.084592145015453,-0.10282531829307053
1787020258131,0.0827,260092.6,0.0828,318804.8,0.08274999999999999,12.084592145015453,-0.10142073534964914
1787020258254,0.0827,260092.6,0.0828,318623.7,0.08274999999999999,12.084592145015453,-0.10113953935633056
1787020258258,0.0827,260092.6,0.0828,318396.7,0.08274999999999999,12.084592145015453,-0.10078682527057976
1787020258316,0.0827,260092.6,0.0828,317853.3,0.08274999999999999,12.084592145015453,-0.09994136129350512
1787020258360,0.0827,260167.0,0.0828,317853.3,0.08274999999999999,12.084592145015453,-0.09979978211837887
1787020258362,0.0827,260227.5,0.0828,317913.8,0.08274999999999999,12.084592145015453,-0.09977889488261776
1787020258399,0.0827,260227.5,0.0828,317817.7,0.08274999999999999,12.084592145015453,-0.09962923314647369
1787020258477,0.0827,260227.5,0.0828,502817.7,0.08274999999999999,12.084592145015453,-0.317923761266043
1787020258478,0.0827,260227.5,0.0828,502757.2,0.08274999999999999,12.084592145015453,-0.31786967681003303
1787020258640,0.0827,263858.5,0.0828,502757.2,0.08274999999999999,12.084592145015453,-0.31162771646862963
1787020258641,0.0827,263798.0,0.0828,502817.7,0.08274999999999999,12.084592145015453,-0.3117855530482875
1787020258642,0.0827,263858.5,0.0828,502817.7,0.08274999999999999,12.084592145015453,-0.31168203734510086
1787020258651,0.0827,263858.5,0.0828,492841.2,0.08274999999999999,12.084592145015453,-0.3026070976372794
1787020258663,0.0827,263858.5,0.0828,485951.4,0.08274999999999999,12.084592145015453,-0.29619894322547624
1787020258681,0.0827,263858.5,0.0828,480504.6,0.08274999999999999,12.084592145015453,-0.29104895178173124
1787020258700,0.0827,263858.5,0.0828,474097.8,0.08274999999999999,12.084592145015453,-0.2848939700087932
1787020259002,0.0827,263858.5,0.0828,475775.3,0.08274999999999999,12.084592145015453,-0.2865158406768322
1787020259026,0.0827,263858.5,0.0828,467444.1,0.08274999999999999,12.084592145015453,-0.2783876332451163
1787020259468,0.0827,263858.5,0.0828,467987.5,0.08274999999999999,12.084592145015453,-0.2789234347116743
1787020259474,0.0827,263858.5,0.0828,468168.6,0.08274999999999999,12.084592145015453,-0.27910182560181174
1787020259488,0.0827,263858.5,0.0828,468395.6,0.08274999999999999,12.084592145015453,-0.2793253052458156
1787020260099,0.0827,263858.5,0.0828,468714.3,0.08274999999999999,12.084592145015453,-0.27963882906927473
1787020260265,0.0827,263858.5,0.0828,465585.0,0.08274999999999999,12.084592145015453,-0.2765484921039121
1787020260861,0.0827,263858.5,0.0828,465267.8,0.08274999999999999,12.084592145015453,-0.27623376087243046
1787020261181,0.0827,263858.5,0.0828,465585.0,0.08274999999999999,12.084592145015453,-0.2765484921039121
1787020261399,0.0827,263858.5,0.0828,465805.1,0.08274999999999999,12.084592145015453,-0.27676671825208216
1787020261482,0.0827,225973.8,0.0828,465805.1,0.08274999999999999,12.084592145015453,-0.3466877928771751
1787020261489,0.0827,225373.8,0.0828,465805.1,0.08274999999999999,12.084592145015453,-0.3478568283840841
1787020261491,0.0827,225373.8,0.0828,466549.6,0.08274999999999999,12.084592145015453,-0.34855852540902654
1787020261507,0.0827,225373.8,0.0828,469680.3,0.08274999999999999,12.084592145015453,-0.35149278307976317
1787020261508,0.0827,225373.8,0.0828,469619.8,0.08274999999999999,12.084592145015453,-0.3514363297733965
1787020261547,0.0827,225973.8,0.0828,469619.8,0.08274999999999999,12.084592145015453,-0.3502706177860176
1787020261548,0.0827,225973.8,0.0828,469680.3,0.08274999999999999,12.084592145015453,-0.35032712378177605
1787020261550,0.0827,225373.8,0.0828,469680.3,0.08274999999999999,12.084592145015453,-0.35149278307976317
1787020261558,0.0827,207334.1,0.0828,469680.3,0.08274999999999999,12.084592145015453,-0.3875046084691846
1787020261559,0.0827,207334.1,0.0828,474377.8,0.08274999999999999,12.084592145015453,-0.3917251554505649
1787020261560,0.0827,207334.1,0.0828,474317.3,0.08274999999999999,12.084592145015453,-0.3916711679899725
1787020261679,0.0827,207934.1,0.0828,474317.3,0.08274999999999999,12.084592145015453,-0.3904472750074239
1787020261680,0.0827,207934.1,0.0828,474377.8,0.08274999999999999,12.084592145015453,-0.3905013235149496
1787020261681,0.0827,207334.1,0.0828,474377.8,0.08274999999999999,12.084592145015453,-0.3917251554505649
1787020261982,0.0827,207334.1,0.0828,474438.6,0.08274999999999999,12.084592145015453,-0.3917794009645737
1787020262074,0.0827,207334.1,0.0828,481342.3,0.08274999999999999,12.084592145015453,-0.39787656437769603
1787020262075,0.0827,207334.1,0.0828,481281.8,0.08274999999999999,12.084592145015453,-0.3978236633804127
1787020262099,0.0827,207334.1,0.0828,480963.1,0.08274999999999999,12.084592145015453,-0.39754483964194537
1787020262297,0.0827,207334.1,0.0828,480842.3,0.08274999999999999,12.084592145015453,-0.3974390868387814
1787020262298,0.0827,207934.1,0.0828,480842.3,0.08274999999999999,12.084592145015453,-0.3962217636957363
1787020262299,0.0827,207934.1,0.0828,480902.8,0.08274999999999999,12.084592145015453,-0.3962747930605923
1787020262301,0.0827,207334.1,0.0828,480902.8,0.08274999999999999,12.084592145015453,-0.39749205542452015
1787020262361,0.0827,207934.1,0.0828,480902.8,0.08274999999999999,12.084592145015453,-0.3962747930605923
1787020262379,0.0827,207334.1,0.0828,480902.8,0.08274999999999999,12.084592145015453,-0.39749205542452015
1787020262400,0.0827,207334.1,0.0828,480682.7,0.08274999999999999,12.084592145015453,-0.3972993101331246
1787020262401,0.0827,207934.1,0.0828,480682.7,0.08274999999999999,12.084592145015453,-0.3960818266414644
1787020262420,0.0827,207334.1,0.0828,480682.7,0.08274999999999999,12.084592145015453,-0.3972993101331246
1787020262516,0.0827,207934.1,0.0828,480682.7,0.08274999999999999,12.084592145015453,-0.3960818266414644
1787020263099,0.0827,207934.1,0.0828,480363.3,0.08274999999999999,12.084592145015453,-0.3958015822811476
1787020263147,0.0827,207334.1,0.0828,480363.3,0.08274999999999999,12.084592145015453,-0.3970193867244517
1787020263297,0.0827,207334.1,0.0828,480484.1,0.08274999999999999,12.084592145015453,-0.39712528688540083
1787020263342,0.0827,207334.1,0.0828,487530.3,0.08274999999999999,12.084592145015453,-0.4032386750566009
1787020263343,0.0827,207334.1,0.0828,487469.8,0.08274999999999999,12.084592145015453,-0.40318671210682605
1787020263428,0.0827,199571.9,0.0828,487469.8,0.08274999999999999,12.084592145015453,-0.41903992144872726
1787020263429,0.0827,199571.9,0.0828,487530.3,0.08274999999999999,12.084592145015453,-0.4190910755343238
1787020263563,0.0827,204766.4,0.0828,487530.3,0.08274999999999999,12.084592145015453,-0.4084432296152792
1787020263564,0.0827,204705.9,0.0828,487530.3,0.08274999999999999,12.084592145015453,-0.40856632461578873
1787020263863,0.0827,204705.9,0.0828,487730.3,0.08274999999999999,12.084592145015453,-0.40873715152385165
1787020263865,0.0827,204766.4,0.0828,487730.3,0.08274999999999999,12.084592145015453,-0.408614077150115
1787020263866,0.0827,204766.4,0.0828,487530.3,0.08274999999999999,12.084592145015453,-0.4084432296152792
1787020263901,0.0827,240636.7,0.0828,487530.3,0.08274999999999999,12.084592145015453,-0.33906178115734437
1787020263902,0.0827,240576.2,0.0828,487530.3,0.08274999999999999,12.084592145015453,-0.33917304680015903
1787020263903,0.0827,241176.2,0.0828,487530.3,0.08274999999999999,12.084592145015453,-0.3380704028302204
1787020263904,0.0827,240636.7,0.0828,487530.3,0.08274999999999999,12.084592145015453,-0.33906178115734437
1787020263906,0.0827,241236.7,0.0828,487530.3,0.08274999999999999,12.084592145015453,-0.3379593203314639
1787020263907,0.0827,240636.7,0.0828,487530.3,0.08274999999999999,12.084592145015453,-0.33906178115734437
1787020263985,0.0827,241236.7,0.0828,487530.3,0.08274999999999999,12.084592145015453,-0.3379593203314639
1787020264040,0.0827,240636.7,0.0828,487530.3,0.08274999999999999,12.084592145015453,-0.33906178115734437
1787020264087,0.0827,240636.7,0.0828,487597.9,0.08274999999999999,12.084592145015453,-0.33912313422075796
1787020264218,0.0827,241236.7,0.0828,487597.9,0.08274999999999999,12.084592145015453,-0.33802072514120485
1787020264337,0.0827,240636.7,0.0828,487597.9,0.08274999999999999,12.084592145015453,-0.33912313422075796
1787020264487,0.0827,204766.4,0.0828,487597.9,0.08274999999999999,12.084592145015453,-0.4085009871248416
1787020264544,0.0827,204766.4,0.0828,487714.8,0.08274999999999999,12.084592145015453,-0.4086008399939234
1787020264801,0.0827,204766.4,0.0828,487594.0,0.08274999999999999,12.084592145015453,-0.40849765526740117
1787020265035,0.0827,204857.9,0.0828,487594.0,0.08274999999999999,12.084592145015453,-0.4083115375956077
1787020265046,0.0827,206109.6,0.0828,487594.0,0.08274999999999999,12.084592145015453,-0.40577041837464883
1787020265072,0.0827,206709.6,0.0828,487594.0,0.08274999999999999,12.084592145015453,-0.40455558634580036
1787020265073,0.0827,243868.5,0.0828,487594.0,0.08274999999999999,12.084592145015453,-0.3332030008373635
1787020265298,0.0827,243868.5,0.0828,487714.8,0.08274999999999999,12.084592145015453,-0.3333131032378677
1787020265299,0.0827,243929.0,0.0828,487714.8,0.08274999999999999,12.084592145015453,-0.3332028508954767
1787020266082,0.0827,206109.6,0.0828,487714.8,0.08274999999999999,12.084592145015453,-0.4058738781743622
1787020266131,0.0827,206709.6,0.0828,487714.8,0.08274999999999999,12.084592145015453,-0.40465916808222746
1787020266211,0.0827,206109.6,0.0828,487714.8,0.08274999999999999,12.084592145015453,-0.4058738781743622
1787020266336,0.0827,206709.6,0.0828,487714.8,0.08274999999999999,12.084592145015453,-0.40465916808222746
1787020266372,0.0827,206109.6,0.0828,487714.8,0.08274999999999999,12.084592145015453,-0.4058738781743622
1787020266419,0.0827,206709.6,0.0828,487714.8,0.08274999999999999,12.084592145015453,-0.40465916808222746
1787020266550,0.0827,206709.6,0.0828,487533.7,0.08274999999999999,12.084592145015453,-0.404503867736282
1787020266658,0.0827,206109.6,0.0828,487533.7,0.08274999999999999,12.084592145015453,-0.40571876063677104
1787020266865,0.0827,206709.6,0.0828,487533.7,0.08274999999999999,12.084592145015453,-0.404503867736282
1787020266980,0.0827,206109.6,0.0828,487533.7,0.08274999999999999,12.084592145015453,-0.40571876063677104
1787020267057,0.0827,205955.7,0.0828,487533.7,0.08274999999999999,12.084592145015453,-0.406030719431328
1787020267068,0.0827,205955.7,0.0828,489027.3,0.08274999999999999,12.084592145015453,-0.4073072290976901
1787020267069,0.0827,205955.7,0.0828,490520.9,0.08274999999999999,12.084592145015453,-0.40857826379235135
1787020267070,0.0827,205955.7,0.0828,496490.9,0.08274999999999999,12.084592145015453,-0.41360467827732383
1787020267071,0.0827,205955.7,0.0828,496430.4,0.08274999999999999,12.084592145015453,-0.41355416913859766
1787020267101,0.0827,205955.7,0.0828,496746.5,0.08274999999999999,12.084592145015453,-0.4138179729620884
1787020267102,0.0827,205955.7,0.0828,496807.0,0.08274999999999999,12.084592145015453,-0.41386843667143974
1787020267532,0.0827,206555.7,0.0828,496807.0,0.08274999999999999,12.084592145015453,-0.4126623433400719
1787020267628,0.0827,206346.6,0.0828,496807.0,0.08274999999999999,12.084592145015453,-0.413082433198095
1787020267629,0.0827,205746.6,0.0828,496807.0,0.08274999999999999,12.084592145015453,-0.41428924426549096
1787020267871,0.0827,206346.6,0.0828,496807.0,0.08274999999999999,12.084592145015453,-0.413082433198095
1787020267883,0.0827,205746.6,0.0828,496807.0,0.08274999999999999,12.084592145015453,-0.41428924426549096
1787020267946,0.0827,206346.6,0.0828,496807.0,0.08274999999999999,12.084592145015453,-0.413082433198095
1787020267960,0.0827,205746.6,0.0828,496807.0,0.08274999999999999,12.084592145015453,-0.41428924426549096
1787020268089,0.0827,206346.6,0.0828,496807.0,0.08274999999999999,12.084592145015453,-0.413082433198095
1787020268216,0.0827,206346.6,0.0828,497636.8,0.08274999999999999,12.084592145015453,-0.41377424524498724
1787020268217,0.0827,205746.6,0.0828,497636.8,0.08274999999999999,12.084592145015453,-0.41498022273485546
1787020269698,0.0827,205746.6,0.0828,498765.4,0.08274999999999999,12.084592145015453,-0.4159174009811047
1787020269992,0.0827,205746.6,0.0828,498523.6,0.08274999999999999,12.084592145015453,-0.4157168654871383
1787020270002,0.0827,244202.1,0.0828,498523.6,0.08274999999999999,12.084592145015453,-0.3424164533420615
1787020270003,0.0827,244741.6,0.0828,498523.6,0.08274999999999999,12.084592145015453,-0.3414420586353296
1787020270004,0.0827,244202.1,0.0828,498523.6,0.08274999999999999,12.084592145015453,-0.3424164533420615
1787020270006,0.0827,244802.1,0.0828,498523.6,0.08274999999999999,12.084592145015453,-0.3413328773645254
1787020270007,0.0827,244202.1,0.0828,498523.6,0.08274999999999999,12.084592145015453,-0.3424164533420615
1787020270035,0.0827,244310.0,0.0828,498523.6,0.08274999999999999,12.084592145015453,-0.34222146117246177
1787020270071,0.0827,244910.0,0.0828,498523.6,0.08274999999999999,12.084592145015453,-0.34113819983385196
1787020270072,0.0827,244310.0,0.0828,498523.6,0.08274999999999999,12.084592145015453,-0.34222146117246177
1787020270085,0.0827,290693.4,0.0828,498523.6,0.08274999999999999,12.084592145015453,-0.2633372063703645
1787020270086,0.0827,290632.9,0.0828,498523.6,0.08274999999999999,12.084592145015453,-0.2634340590237804
1787020270099,0.0827,290632.9,0.0828,498207.5,0.08274999999999999,12.084592145015453,-0.26313890617164126
1787020270246,0.0827,291232.9,0.0828,498207.5,0.08274999999999999,12.084592145015453,-0.26217888012825286
1787020270247,0.0827,291293.4,0.0828,498207.5,0.08274999999999999,12.084592145015453,-0.26208215848772304
1787020270299,0.0827,290693.4,0.0828,498207.5,0.08274999999999999,12.084592145015453,-0.26304203734588205
1787020271156,0.0827,291293.4,0.0828,498207.5,0.08274999999999999,12.084592145015453,-0.26208215848772304
1787020271161,0.0827,290693.4,0.0828,498207.5,0.08274999999999999,12.084592145015453,-0.26304203734588205
1787020271335,0.0827,291293.4,0.0828,498207.5,0.08274999999999999,12.084592145015453,-0.26208215848772304
1787020271711,0.0827,291196.8,0.0828,498207.5,0.08274999999999999,12.084592145015453,-0.26223660043402347
1787020272351,0.0827,298959.0,0.0828,498207.5,0.08274999999999999,12.084592145015453,-0.24994590214214973
1787020272352,0.0827,298898.5,0.0828,498207.5,0.08274999999999999,12.084592145015453,-0.25004077249449885
1787020273589,0.0827,298898.5,0.0828,496530.0,0.08274999999999999,12.084592145015453,-0.24845916383433583
1787020273635,0.0827,298898.5,0.0828,311530.0,0.08274999999999999,12.084592145015453,-0.020692841176321225
1787020273636,0.0827,298959.0,0.0828,267818.6,0.08274999999999999,12.084592145015453,0.054942891179891415
1787020273637,0.0827,298959.0,0.0828,256074.9,0.08274999999999999,12.084592145015453,0.0772639292843194
1787020274101,0.0827,298959.0,0.0828,255757.7,0.08274999999999999,12.084592145015453,0.0778799340275856
1787020274294,0.0827,298959.0,0.0828,256074.9,0.08274999999999999,12.084592145015453,0.0772639292843194
1787020274298,0.0827,298959.0,0.0828,326074.9,0.08274999999999999,12.084592145015453,-0.043383086901366504
1787020274300,0.0827,298959.0,0.0828,326014.4,0.08274999999999999,12.084592145015453,-0.04329048244293281
1787020274710,0.0827,298884.6,0.0828,326014.4,0.08274999999999999,12.084592145015453,-0.04341469581484375
1787020274801,0.0827,298884.6,0.0828,325697.2,0.08274999999999999,12.084592145015453,-0.042928884575247045
1787020274844,0.0827,298884.6,0.0828,326417.0,0.08274999999999999,12.084592145015453,-0.044030592597236316
1787020274845,0.0827,298884.6,0.0828,326477.5,0.08274999999999999,12.084592145015453,-0.044123076854193796
1787020275036,0.0827,299008.6,0.0828,326477.5,0.08274999999999999,12.084592145015453,-0.043916083826643026
1787020275038,0.0827,299008.6,0.0828,326695.3,0.08274999999999999,12.084592145015453,-0.044248885135604904
1787020275042,0.0827,300494.4,0.0828,326695.3,0.08274999999999999,12.084592145015453,-0.04177508017111883
1787020275058,0.0827,299774.5,0.0828,326695.3,0.08274999999999999,12.084592145015453,-0.04297222308242151
1787020275059,0.0827,299774.5,0.0828,371695.3,0.08274999999999999,12.084592145015453,-0.10710950812679883
1787020275060,0.0827,299774.5,0.0828,371634.8,0.08274999999999999,12.084592145015453,-0.10702905068488026
1787020275061,0.0827,299774.5,0.0828,326634.8,0.08274999999999999,12.084592145015453,-0.04287979121638198
1787020275063,0.0827,299774.5,0.0828,326695.3,0.08274999999999999,12.084592145015453,-0.04297222308242151
1787020275297,0.0827,299774.5,0.0828,326574.5,0.08274999999999999,12.084592145015453,-0.04278764714240783
1787020275762,0.0827,299774.5,0.0828,326500.1,0.08274999999999999,12.084592145015453,-0.04267393248903912
1787020275799,0.0827,299895.3,0.0828,326500.1,0.08274999999999999,12.084592145015453,-0.04247285340856589
1787020276253,0.0827,299895.3,0.0828,326791.1,0.08274999999999999,12.084592145015453,-0.04291747834323514
1787020276797,0.0827,299774.5,0.0828,326791.1,0.08274999999999999,12.084592145015453,-0.04311854975759917
1787020277260,0.0827,299774.5,0.0828,326500.1,0.08274999999999999,12.084592145015453,-0.04267393248903912
1787020277263,0.0827,299774.5,0.0828,326791.3,0.08274999999999999,12.084592145015453,-0.043118855194458405
1787020277298,0.0827,299895.3,0.0828,326791.3,0.08274999999999999,12.084592145015453,-0.0429177837853881
1787020277433,0.0827,300367.3,0.0828,326791.3,0.08274999999999999,12.084592145015453,-0.042132883133548675
1787020277843,0.0827,300367.3,0.0828,256791.3,0.08274999999999999,12.084592145015453,0.07821112336774484
1787020277844,0.0827,300367.3,0.0828,256591.9,0.08274999999999999,12.084592145015453,0.07859713961094457
1787020277846,0.0827,300367.3,0.0828,256791.3,0.08274999999999999,12.084592145015453,0.07821112336774484
1787020277868,0.0827,300367.3,0.0828,253660.6,0.08274999999999999,12.084592145015453,0.08430387711521384
1787020278071,0.0827,300367.3,0.0828,246756.9,0.08274999999999999,12.084592145015453,0.09798579554697087
1787020278094,0.0827,300367.3,0.0828,246213.5,0.08274999999999999,12.084592145015453,0.09907739166834983
1787020278325,0.0827,300367.3,0.0828,246389.7,0.08274999999999999,12.084592145015453,0.09872319878849284
1787020278589,0.0827,300367.3,0.0828,173084.5,0.08274999999999999,12.084592145015453,0.26884003820452257
1787020278591,0.0827,300367.3,0.0828,156328.0,0.08274999999999999,12.084592145015453,0.31539475006640094
1787020278593,0.0827,313646.0,0.0828,156328.0,0.08274999999999999,12.084592145015453,0.334737666338989
1787020278594,0.0827,313585.5,0.0828,156328.0,0.08274999999999999,12.084592145015453,0.334652015743323
1787020278595,0.0827,313646.0,0.0828,156328.0,0.08274999999999999,12.084592145015453,0.334737666338989
1787020278637,0.0827,313646.0,0.0828,154660.4,0.08274999999999999,12.084592145015453,0.33949055575580434
1787020278638,0.0827,314306.0,0.0828,154660.4,0.08274999999999999,12.084592145015453,0.3404201239150609
1787020278643,0.0827,314306.0,0.0828,154117.6,0.08274999999999999,12.084592145015453,0.34197337623467305
1787020278644,0.0827,419306.0,0.0828,154117.6,0.08274999999999999,12.084592145015453,0.46246509561169097
1787020278646,0.0827,419245.5,0.0828,153517.6,0.08274999999999999,12.084592145015453,0.46394032716143907
1787020278662,0.0827,419245.5,0.0828,154117.6,0.08274999999999999,12.084592145015453,0.46240837612326297
1787020278664,0.0827,433209.2,0.0828,153517.6,0.08274999999999999,12.084592145015453,0.47669818389069657
1787020278696,0.0827,434876.8,0.0828,153517.6,0.08274999999999999,12.084592145015453,0.47818130152156435
1787020278697,0.0827,434816.3,0.0828,153517.6,0.08274999999999999,12.084592145015453,0.4781276414634614
1787020278740,0.0827,434816.3,0.0828,154117.6,0.08274999999999999,12.084592145015453,0.4766217397232524
1787020278741,0.0827,434876.8,0.0828,154117.6,0.08274999999999999,12.084592145015453,0.4766754998010167
1787020278797,0.0827,434756.0,0.0828,154117.6,0.08274999999999999,12.084592145015453,0.47656814637300776
1787020278864,0.0827,434468.4,0.0828,154117.6,0.08274999999999999,12.084592145015453,0.4763123825575193
1787020278882,0.0827,434346.3,0.0828,154117.6,0.08274999999999999,12.084592145015453,0.47620372294715096
1787020279043,0.0827,434346.3,0.0828,153517.6,0.08274999999999999,12.084592145015453,0.4777104020165211
1787020279061,0.0827,434346.3,0.0828,154117.6,0.08274999999999999,12.084592145015453,0.47620372294715096
1787020279099,0.0827,434658.2,0.0828,154117.6,0.08274999999999999,12.084592145015453,0.47648120048412307
1787020279102,0.0827,434970.1,0.0828,154117.6,0.08274999999999999,12.084592145015453,0.4767583841930497
1787020279166,0.0827,434970.1,0.0828,153517.6,0.08274999999999999,12.084592145015453,0.4782640316866436
1787020279182,0.0827,434970.1,0.0828,154117.6,0.08274999999999999,12.084592145015453,0.4767583841930497
1787020279183,0.0827,434970.1,0.0828,153517.6,0.08274999999999999,12.084592145015453,0.4782640316866436
1787020279222,0.0827,434970.1,0.0828,154117.6,0.08274999999999999,12.084592145015453,0.4767583841930497
1787020279227,0.0827,434970.1,0.0828,153517.6,0.08274999999999999,12.084592145015453,0.4782640316866436
1787020279261,0.0827,434970.1,0.0828,154117.6,0.08274999999999999,12.084592145015453,0.4767583841930497
1787020279262,0.0827,434970.1,0.0828,153517.6,0.08274999999999999,12.084592145015453,0.4782640316866436
1787020279297,0.0827,435090.9,0.0828,153517.6,0.08274999999999999,12.084592145015453,0.47837110745087785
1787020279362,0.0827,435090.9,0.0828,154117.6,0.08274999999999999,12.084592145015453,0.4768656596094592
1787020279365,0.0827,435090.9,0.0828,227458.4,0.08274999999999999,12.084592145015453,0.3133842266530204
1787020279366,0.0827,435090.9,0.0828,227397.9,0.08274999999999999,12.084592145015453,0.3135041679195181
1787020279833,0.0827,330090.9,0.0828,227397.9,0.08274999999999999,12.084592145015453,0.1842063912315369
1787020279834,0.0827,330090.9,0.0828,227458.4,0.08274999999999999,12.084592145015453,0.1840778923047702
1787020280044,0.0827,329962.3,0.0828,227458.4,0.08274999999999999,12.084592145015453,0.18388965461813672
1787020280046,0.0827,316059.1,0.0828,227458.4,0.08274999999999999,12.084592145015453,0.16301351842396974
1787020280075,0.0827,316059.1,0.0828,227459.8,0.08274999999999999,12.084592145015453,0.1630105227251527
1787020280099,0.0827,315747.2,0.0828,227459.8,0.08274999999999999,12.084592145015453,0.16252993794262596
1787020280240,0.0827,315669.6,0.0828,227459.8,0.08274999999999999,12.084592145015453,0.16241028381081932
1787020280553,0.0827,330782.0,0.0828,227459.8,0.08274999999999999,12.084592145015453,0.18508502946214347
1787020280554,0.0827,330721.5,0.0828,227459.8,0.08274999999999999,12.084592145015453,0.1849967026842354
1787020280854,0.0827,315609.1,0.0828,227459.8,0.08274999999999999,12.084592145015453,0.16231697303970086
1787020280855,0.0827,315669.6,0.0828,227459.8,0.08274999999999999,12.084592145015453,0.16241028381081932
1787020280976,0.0827,315009.6,0.0828,227459.8,0.08274999999999999,12.084592145015453,0.1613912231731412
1787020281164,0.0827,315082.2,0.0828,227459.8,0.08274999999999999,12.084592145015453,0.16150344120823829
1787020281221,0.0827,315082.2,0.0828,307459.8,0.08274999999999999,12.084592145015453,0.012243993176364041
1787020281222,0.0827,315082.2,0.0828,307199.9,0.08274999999999999,12.084592145015453,0.012666763193091988
1787020281223,0.0827,315082.2,0.0828,307399.3,0.08274999999999999,12.084592145015453,0.012342374833629632
1787020281224,0.0827,315082.2,0.0828,307459.8,0.08274999999999999,12.084592145015453,0.012243993176364041
1787020281351,0.0827,315008.4,0.0828,307459.8,0.08274999999999999,12.084592145015453,0.012126884554102579
1787020281930,0.0827,315612.6,0.0828,307459.8,0.08274999999999999,12.084592145015453,0.01308483572695563
1787020282038,0.0827,316915.4,0.0828,307459.8,0.08274999999999999,12.084592145015453,0.015144099253141438
1787020282297,0.0827,316794.6,0.0828,307459.8,0.08274999999999999,12.084592145015453,0.014953518949966535
1787020282428,0.0827,316794.6,0.0828,307168.6,0.08274999999999999,12.084592145015453,0.015427191860032772
1787020282431,0.0827,316190.4,0.0828,307459.3,0.08274999999999999,12.084592145015453,0.014000006734549918
1787020282654,0.0827,315216.2,0.0828,307459.3,0.08274999999999999,12.084592145015453,0.012457371455918891
1787020282656,0.0827,315216.2,0.0828,357459.3,0.08274999999999999,12.084592145015453,-0.06279863024593578
1787020282657,0.0827,315216.2,0.0828,357398.8,0.08274999999999999,12.084592145015453,-0.06271433137827728
1787020282893,0.0827,315216.2,0.0828,357598.8,0.08274999999999999,12.084592145015453,-0.06299294754130032
1787020282894,0.0827,315216.2,0.0828,357659.3,0.08274999999999999,12.084592145015453,-0.06307719630154461
1787020282895,0.0827,315216.2,0.0828,357459.3,0.08274999999999999,12.084592145015453,-0.06279863024593578
1787020282976,0.0827,315216.2,0.0828,361000.8,0.08274999999999999,12.084592145015453,-0.06770696388881081
1787020283758,0.0827,315216.2,0.0828,360350.4,0.08274999999999999,12.084592145015453,-0.06680940117525053
1787020283762,0.0827,315216.2,0.0828,360998.3,0.08274999999999999,12.084592145015453,-0.06770351715321096
1787020283820,0.0827,315216.2,0.0828,360899.4,0.08274999999999999,12.084592145015453,-0.06756714384344926
1787020283928,0.0827,315216.2,0.0828,360694.9,0.08274999999999999,12.084592145015453,-0.06728503201086652
1787020283929,0.0827,315216.2,0.0828,360511.3,0.08274999999999999,12.084592145015453,-0.06703160667576794
1787020283930,0.0827,315216.2,0.0828,360268.1,0.08274999999999999,12.084592145015453,-0.06669570262402837
1787020283931,0.0827,315216.2,0.0828,360180.6,0.08274999999999999,12.084592145015453,-0.06657478981244798
1787020284187,0.0827,315216.2,0.0828,395180.6,0.08274999999999999,12.084592145015453,-0.1125630070405722
