ts,bid,bidq,ask,askq,mid,spread_bp
1787026800099,1891.71,5.306,1891.72,131.769,1891.7150000000001,0.052862085462085484
1787026800257,1891.71,5.306,1891.72,131.781,1891.7150000000001,0.052862085462085484
1787026800434,1891.71,5.306,1891.72,127.677,1891.7150000000001,0.052862085462085484
1787026800604,1891.71,0.491,1891.72,127.677,1891.7150000000001,0.052862085462085484
1787026800647,1891.71,0.491,1891.72,128.526,1891.7150000000001,0.052862085462085484
1787026800664,1891.71,0.491,1891.72,132.63,1891.7150000000001,0.052862085462085484
1787026800775,1891.71,0.357,1891.72,132.63,1891.7150000000001,0.052862085462085484
1787026800776,1891.71,0.357,1891.72,132.844,1891.7150000000001,0.052862085462085484
1787026800798,1891.7,0.421,1891.71,4.002,1891.705,0.05286236490357062
1787026800799,1891.7,0.421,1891.71,16.048,1891.705,0.05286236490357062
1787026800800,1891.7,0.421,1891.71,160.388,1891.705,0.05286236490357062
1787026800801,1891.7,0.421,1891.71,142.427,1891.705,0.05286236490357062
1787026800802,1891.7,0.437,1891.71,145.135,1891.705,0.05286236490357062
1787026800803,1891.7,0.437,1891.71,143.684,1891.705,0.05286236490357062
1787026800833,1891.7,0.421,1891.71,143.684,1891.705,0.05286236490357062
1787026800890,1891.7,0.421,1891.71,143.724,1891.705,0.05286236490357062
1787026800900,1891.67,1.2,1891.68,93.542,1891.6750000000002,0.05286320324575259
1787026800901,1891.67,1.2,1891.68,103.107,1891.6750000000002,0.05286320324575259
1787026800902,1891.67,5.83,1891.68,158.479,1891.6750000000002,0.05286320324575259
1787026800903,1891.67,5.814,1891.68,128.961,1891.6750000000002,0.05286320324575259
1787026800904,1891.67,5.814,1891.68,128.945,1891.6750000000002,0.05286320324575259
1787026800962,1891.67,5.814,1891.68,127.831,1891.6750000000002,0.05286320324575259
1787026801048,1891.67,5.83,1891.68,127.847,1891.6750000000002,0.05286320324575259
1787026801081,1891.67,5.83,1891.68,132.659,1891.6750000000002,0.05286320324575259
1787026801098,1891.67,5.83,1891.68,133.188,1891.6750000000002,0.05286320324575259
1787026801160,1891.67,5.682,1891.68,133.188,1891.6750000000002,0.05286320324575259
1787026801187,1891.67,5.666,1891.68,133.188,1891.6750000000002,0.05286320324575259
1787026801266,1891.67,5.666,1891.68,133.2,1891.6750000000002,0.05286320324575259
1787026801338,1891.67,5.666,1891.68,129.096,1891.6750000000002,0.05286320324575259
1787026801508,1891.67,5.68,1891.68,129.096,1891.6750000000002,0.05286320324575259
1787026801607,1891.67,5.68,1891.68,133.2,1891.6750000000002,0.05286320324575259
1787026801680,1891.67,5.743,1891.68,133.2,1891.6750000000002,0.05286320324575259
1787026801793,1891.67,5.743,1891.68,129.096,1891.6750000000002,0.05286320324575259
1787026801794,1891.67,5.759,1891.68,129.096,1891.6750000000002,0.05286320324575259
1787026802066,1891.67,5.908,1891.68,129.096,1891.6750000000002,0.05286320324575259
1787026802068,1891.67,10.334,1891.68,129.096,1891.6750000000002,0.05286320324575259
1787026802258,1891.67,10.185,1891.68,129.096,1891.6750000000002,0.05286320324575259
1787026802259,1891.67,10.32,1891.68,129.096,1891.6750000000002,0.05286320324575259
1787026802260,1891.67,10.185,1891.68,129.096,1891.6750000000002,0.05286320324575259
1787026802261,1891.67,10.118,1891.68,129.096,1891.6750000000002,0.05286320324575259
1787026802281,1891.67,10.242,1891.68,129.096,1891.6750000000002,0.05286320324575259
1787026802658,1891.67,21.357,1891.68,129.096,1891.6750000000002,0.05286320324575259
1787026802659,1891.67,21.357,1891.68,129.096,1891.6750000000002,0.05286320324575259
1787026802721,1891.67,10.242,1891.68,129.096,1891.6750000000002,0.05286320324575259
1787026802722,1891.67,5.883,1891.68,129.096,1891.6750000000002,0.05286320324575259
1787026802737,1891.67,5.759,1891.68,129.096,1891.6750000000002,0.05286320324575259
1787026803097,1891.67,5.759,1891.68,128.567,1891.6750000000002,0.05286320324575259
1787026803200,1891.67,5.759,1891.68,128.592,1891.6750000000002,0.05286320324575259
1787026803973,1891.66,0.933,1891.67,103.423,1891.665,0.05286348269905562
1787026803974,1891.66,0.949,1891.67,104.495,1891.665,0.05286348269905562
1787026803975,1891.66,5.798,1891.67,176.668,1891.665,0.05286348269905562
1787026803976,1891.66,5.798,1891.67,147.364,1891.665,0.05286348269905562
1787026803977,1891.66,5.782,1891.67,147.562,1891.665,0.05286348269905562
1787026803988,1891.66,5.782,1891.67,147.348,1891.665,0.05286348269905562
1787026804035,1891.66,5.782,1891.67,143.256,1891.665,0.05286348269905562
1787026804097,1891.66,5.782,1891.67,143.785,1891.665,0.05286348269905562
1787026804099,1891.66,5.798,1891.67,143.801,1891.665,0.05286348269905562
1787026804395,1891.66,5.798,1891.67,147.905,1891.665,0.05286348269905562
1787026804416,1891.66,5.798,1891.67,147.93,1891.665,0.05286348269905562
1787026804507,1891.66,5.812,1891.67,147.93,1891.665,0.05286348269905562
1787026804681,1891.66,5.882,1891.67,147.93,1891.665,0.05286348269905562
1787026805284,1891.66,5.882,1891.67,148.743,1891.665,0.05286348269905562
1787026805448,1891.66,5.882,1891.67,144.639,1891.665,0.05286348269905562
1787026805449,1891.66,5.882,1891.67,142.639,1891.665,0.05286348269905562
1787026805556,1891.66,5.882,1891.67,146.743,1891.665,0.05286348269905562
1787026805686,1891.66,5.882,1891.67,142.639,1891.665,0.05286348269905562
1787026806026,1891.66,10.241,1891.67,142.639,1891.665,0.05286348269905562
1787026806029,1891.66,10.308,1891.67,142.639,1891.665,0.05286348269905562
1787026806098,1891.66,10.308,1891.67,142.11,1891.665,0.05286348269905562
1787026806197,1891.66,10.308,1891.67,142.085,1891.665,0.05286348269905562
1787026806201,1891.66,10.308,1891.67,142.112,1891.665,0.05286348269905562
1787026806457,1891.66,5.949,1891.67,142.112,1891.665,0.05286348269905562
1787026806458,1891.66,5.866,1891.67,142.112,1891.665,0.05286348269905562
1787026806459,1891.66,5.882,1891.67,146.216,1891.665,0.05286348269905562
1787026806518,1891.66,5.866,1891.67,146.216,1891.665,0.05286348269905562
1787026806658,1891.66,5.726,1891.67,146.216,1891.665,0.05286348269905562
1787026807094,1891.66,5.855,1891.67,146.216,1891.665,0.05286348269905562
1787026807097,1891.66,5.726,1891.67,146.216,1891.665,0.05286348269905562
1787026807099,1891.66,5.726,1891.67,146.745,1891.665,0.05286348269905562
1787026807123,1891.66,5.857,1891.67,146.745,1891.665,0.05286348269905562
1787026807182,1891.66,5.873,1891.67,146.745,1891.665,0.05286348269905562
1787026807220,1891.66,5.742,1891.67,146.745,1891.665,0.05286348269905562
1787026807229,1891.66,5.742,1891.67,146.718,1891.665,0.05286348269905562
1787026807233,1891.66,5.742,1891.67,146.746,1891.665,0.05286348269905562
1787026808097,1891.66,5.742,1891.67,146.217,1891.665,0.05286348269905562
1787026808725,1891.66,10.101,1891.67,146.217,1891.665,0.05286348269905562
1787026808726,1891.66,10.101,1891.67,140.135,1891.665,0.05286348269905562
1787026808729,1891.66,10.241,1891.67,140.135,1891.665,0.05286348269905562
1787026808742,1891.66,10.241,1891.67,136.031,1891.665,0.05286348269905562
1787026808743,1891.66,10.101,1891.67,136.031,1891.665,0.05286348269905562
1787026808745,1891.66,10.238,1891.67,136.031,1891.665,0.05286348269905562
1787026808928,1891.66,10.101,1891.67,136.031,1891.665,0.05286348269905562
1787026809069,1891.66,10.24,1891.67,136.031,1891.665,0.05286348269905562
1787026809489,1891.66,10.101,1891.67,136.031,1891.665,0.05286348269905562
1787026809552,1891.66,10.237,1891.67,136.031,1891.665,0.05286348269905562
1787026809627,1891.66,5.878,1891.67,136.031,1891.665,0.05286348269905562
1787026809628,1891.66,5.862,1891.67,136.031,1891.665,0.05286348269905562
1787026809629,1891.66,5.878,1891.67,136.031,1891.665,0.05286348269905562
1787026809663,1891.66,5.878,1891.67,136.089,1891.665,0.05286348269905562
1787026809830,1891.66,10.237,1891.67,136.089,1891.665,0.05286348269905562
1787026810369,1891.66,10.101,1891.67,136.089,1891.665,0.05286348269905562
1787026810371,1891.66,10.251,1891.67,136.089,1891.665,0.05286348269905562
1787026810507,1891.66,10.292,1891.67,136.089,1891.665,0.05286348269905562
1787026810526,1891.66,10.303,1891.67,136.089,1891.665,0.05286348269905562
1787026810708,1891.66,21.418,1891.67,124.974,1891.665,0.05286348269905562
1787026810709,1891.66,21.418,1891.67,124.974,1891.665,0.05286348269905562
1787026810863,1891.66,24.32,1891.67,124.974,1891.665,0.05286348269905562
1787026811135,1891.66,13.205,1891.67,124.974,1891.665,0.05286348269905562
1787026811136,1891.66,10.303,1891.67,136.089,1891.665,0.05286348269905562
1787026811140,1891.66,10.303,1891.67,140.193,1891.665,0.05286348269905562
1787026811180,1891.66,10.153,1891.67,140.193,1891.665,0.05286348269905562
1787026811344,1891.66,5.794,1891.67,140.193,1891.665,0.05286348269905562
1787026811345,1891.66,5.778,1891.67,140.193,1891.665,0.05286348269905562
1787026811346,1891.66,5.794,1891.67,140.193,1891.665,0.05286348269905562
1787026811538,1891.66,10.153,1891.67,140.193,1891.665,0.05286348269905562
1787026811566,1891.66,10.281,1891.67,140.193,1891.665,0.05286348269905562
1787026811601,1891.66,10.153,1891.67,140.193,1891.665,0.05286348269905562
1787026811684,1891.66,10.153,1891.67,136.089,1891.665,0.05286348269905562
1787026812001,1891.66,5.794,1891.67,136.089,1891.665,0.05286348269905562
1787026812002,1891.66,5.794,1891.67,140.193,1891.665,0.05286348269905562
1787026812087,1891.66,5.778,1891.67,140.193,1891.665,0.05286348269905562
1787026812253,1891.66,5.794,1891.67,140.193,1891.665,0.05286348269905562
1787026812780,1891.66,5.794,1891.67,140.165,1891.665,0.05286348269905562
1787026812784,1891.66,5.794,1891.67,140.607,1891.665,0.05286348269905562
1787026813161,1891.66,5.707,1891.67,140.607,1891.665,0.05286348269905562
1787026813286,1891.66,5.857,1891.67,140.607,1891.665,0.05286348269905562
1787026813287,1891.66,5.707,1891.67,140.607,1891.665,0.05286348269905562
1787026813288,1891.66,5.707,1891.67,140.165,1891.665,0.05286348269905562
1787026813291,1891.66,5.707,1891.67,140.608,1891.665,0.05286348269905562
1787026813295,1891.66,5.707,1891.67,140.622,1891.665,0.05286348269905562
1787026813341,1891.66,5.692,1891.67,140.622,1891.665,0.05286348269905562
1787026813507,1891.66,5.8,1891.67,140.622,1891.665,0.05286348269905562
1787026813523,1891.66,5.8,1891.67,140.638,1891.665,0.05286348269905562
1787026813530,1891.66,5.784,1891.67,140.638,1891.665,0.05286348269905562
1787026813612,1891.66,5.784,1891.67,136.534,1891.665,0.05286348269905562
1787026813614,1891.66,10.143,1891.67,136.534,1891.665,0.05286348269905562
1787026813616,1891.66,5.784,1891.67,136.534,1891.665,0.05286348269905562
1787026813618,1891.66,5.768,1891.67,136.534,1891.665,0.05286348269905562
1787026813619,1891.66,5.784,1891.67,136.534,1891.665,0.05286348269905562
1787026813623,1891.66,5.784,1891.67,136.488,1891.665,0.05286348269905562
1787026813834,1891.66,5.784,1891.67,140.592,1891.665,0.05286348269905562
1787026814099,1891.66,5.784,1891.67,141.121,1891.665,0.05286348269905562
1787026814166,1891.66,5.768,1891.67,141.121,1891.665,0.05286348269905562
1787026814254,1891.66,5.768,1891.67,142.621,1891.665,0.05286348269905562
1787026814405,1891.66,5.768,1891.67,142.178,1891.665,0.05286348269905562
1787026814408,1891.66,5.768,1891.67,142.634,1891.665,0.05286348269905562
1787026814451,1891.66,5.895,1891.67,142.634,1891.665,0.05286348269905562
1787026814452,1891.66,5.895,1891.67,138.53,1891.665,0.05286348269905562
1787026814516,1891.66,5.768,1891.67,138.53,1891.665,0.05286348269905562
1787026814575,1891.66,5.784,1891.67,138.53,1891.665,0.05286348269905562
1787026814744,1891.66,5.768,1891.67,138.53,1891.665,0.05286348269905562
1787026814870,1891.66,5.768,1891.67,142.634,1891.665,0.05286348269905562
1787026815097,1891.66,5.768,1891.67,142.105,1891.665,0.05286348269905562
1787026815412,1891.66,5.768,1891.67,141.649,1891.665,0.05286348269905562
1787026815415,1891.66,5.768,1891.67,142.101,1891.665,0.05286348269905562
1787026815568,1891.66,5.768,1891.67,137.997,1891.665,0.05286348269905562
1787026816019,1891.66,5.784,1891.67,137.997,1891.665,0.05286348269905562
1787026816367,1891.66,5.914,1891.67,137.997,1891.665,0.05286348269905562
1787026816368,1891.66,16.899,1891.67,126.882,1891.665,0.05286348269905562
1787026816369,1891.66,5.91,1891.67,126.882,1891.665,0.05286348269905562
1787026816370,1891.66,5.926,1891.67,137.997,1891.665,0.05286348269905562
1787026816425,1891.66,5.784,1891.67,137.997,1891.665,0.05286348269905562
1787026816430,1891.66,5.908,1891.67,137.997,1891.665,0.05286348269905562
1787026816497,1891.66,5.908,1891.67,137.545,1891.665,0.05286348269905562
1787026816500,1891.66,5.908,1891.67,137.988,1891.665,0.05286348269905562
1787026816507,1891.66,6.447,1891.67,137.988,1891.665,0.05286348269905562
1787026816633,1891.66,9.245,1891.67,137.988,1891.665,0.05286348269905562
1787026816634,1891.66,17.562,1891.67,137.988,1891.665,0.05286348269905562
1787026816635,1891.66,17.562,1891.67,126.873,1891.665,0.05286348269905562
1787026816636,1891.66,17.562,1891.67,126.873,1891.665,0.05286348269905562
1787026817623,1891.66,17.562,1891.67,137.988,1891.665,0.05286348269905562
1787026817647,1891.66,17.562,1891.67,138.712,1891.665,0.05286348269905562
1787026817986,1891.66,17.562,1891.67,127.597,1891.665,0.05286348269905562
1787026817987,1891.66,17.562,1891.67,127.581,1891.665,0.05286348269905562
1787026817988,1891.66,17.562,1891.67,127.597,1891.665,0.05286348269905562
1787026818240,1891.66,17.562,1891.67,138.712,1891.665,0.05286348269905562
1787026818299,1891.66,6.447,1891.67,138.712,1891.665,0.05286348269905562
1787026818368,1891.66,6.447,1891.67,138.269,1891.665,0.05286348269905562
1787026818371,1891.66,10.806,1891.67,138.269,1891.665,0.05286348269905562
1787026818372,1891.66,10.806,1891.67,138.713,1891.665,0.05286348269905562
1787026818929,1891.66,10.682,1891.67,138.713,1891.665,0.05286348269905562
1787026819150,1891.66,10.829,1891.67,138.713,1891.665,0.05286348269905562
1787026819494,1891.66,10.829,1891.67,138.269,1891.665,0.05286348269905562
1787026819497,1891.66,10.829,1891.67,138.74,1891.665,0.05286348269905562
1787026819507,1891.66,11.083,1891.67,138.74,1891.665,0.05286348269905562
1787026819888,1891.66,11.183,1891.67,138.74,1891.665,0.05286348269905562
1787026820582,1891.66,11.172,1891.67,138.74,1891.665,0.05286348269905562
1787026820635,1891.66,11.172,1891.67,138.729,1891.665,0.05286348269905562
1787026820636,1891.66,11.025,1891.67,138.729,1891.665,0.05286348269905562
1787026820696,1891.66,11.025,1891.67,138.258,1891.665,0.05286348269905562
1787026820699,1891.66,11.025,1891.67,138.716,1891.665,0.05286348269905562
1787026821006,1891.66,6.666,1891.67,138.716,1891.665,0.05286348269905562
1787026821008,1891.66,6.666,1891.67,142.82,1891.665,0.05286348269905562
1787026821098,1891.66,6.666,1891.67,143.349,1891.665,0.05286348269905562
1787026821183,1891.66,6.666,1891.67,139.245,1891.665,0.05286348269905562
1787026821304,1891.66,6.799,1891.67,139.245,1891.665,0.05286348269905562
1787026821329,1891.66,17.663,1891.67,139.245,1891.665,0.05286348269905562
1787026821330,1891.66,17.647,1891.67,139.245,1891.665,0.05286348269905562
1787026821332,1891.66,17.663,1891.67,139.245,1891.665,0.05286348269905562
1787026821358,1891.66,17.914,1891.67,139.245,1891.665,0.05286348269905562
1787026821364,1891.66,17.914,1891.67,128.13,1891.665,0.05286348269905562
1787026821374,1891.66,17.914,1891.67,139.245,1891.665,0.05286348269905562
1787026821486,1891.66,7.05,1891.67,139.245,1891.665,0.05286348269905562
1787026821487,1891.66,6.799,1891.67,139.245,1891.665,0.05286348269905562
1787026821512,1891.66,6.666,1891.67,139.245,1891.665,0.05286348269905562
1787026822057,1891.66,6.666,1891.67,138.787,1891.665,0.05286348269905562
1787026822061,1891.66,6.666,1891.67,139.238,1891.665,0.05286348269905562
1787026822365,1891.66,6.788,1891.67,139.238,1891.665,0.05286348269905562
1787026822422,1891.66,11.788,1891.67,139.238,1891.665,0.05286348269905562
1787026822507,1891.66,12.092,1891.67,139.238,1891.665,0.05286348269905562
1787026822822,1891.66,7.092,1891.67,139.238,1891.665,0.05286348269905562
1787026822824,1891.66,7.076,1891.67,139.238,1891.665,0.05286348269905562
1787026822825,1891.66,7.092,1891.67,139.238,1891.665,0.05286348269905562
1787026823098,1891.66,6.97,1891.67,138.709,1891.665,0.05286348269905562
1787026823124,1891.66,7.107,1891.67,127.594,1891.665,0.05286348269905562
1787026823125,1891.66,18.222,1891.67,127.594,1891.665,0.05286348269905562
1787026823126,1891.66,18.206,1891.67,127.594,1891.665,0.05286348269905562
1787026823128,1891.66,7.107,1891.67,138.709,1891.665,0.05286348269905562
1787026823131,1891.66,6.97,1891.67,138.709,1891.665,0.05286348269905562
1787026823146,1891.66,7.093,1891.67,138.709,1891.665,0.05286348269905562
1787026823166,1891.66,7.077,1891.67,138.709,1891.665,0.05286348269905562
1787026823229,1891.66,6.954,1891.67,138.709,1891.665,0.05286348269905562
1787026823230,1891.66,6.97,1891.67,138.709,1891.665,0.05286348269905562
1787026823606,1891.66,6.97,1891.67,142.813,1891.665,0.05286348269905562
1787026823826,1891.66,6.97,1891.67,138.709,1891.665,0.05286348269905562
1787026824097,1891.66,6.97,1891.67,139.238,1891.665,0.05286348269905562
1787026824257,1891.66,6.97,1891.67,138.787,1891.665,0.05286348269905562
1787026824260,1891.66,6.97,1891.67,139.244,1891.665,0.05286348269905562
1787026824508,1891.66,7.117,1891.67,139.244,1891.665,0.05286348269905562
1787026824520,1891.66,6.97,1891.67,139.244,1891.665,0.05286348269905562
1787026824607,1891.66,6.97,1891.67,139.284,1891.665,0.05286348269905562
1787026824654,1891.66,7.1,1891.67,139.284,1891.665,0.05286348269905562
1787026824977,1891.66,18.215,1891.67,139.284,1891.665,0.05286348269905562
1787026824979,1891.66,18.199,1891.67,128.169,1891.665,0.05286348269905562
1787026824980,1891.66,18.215,1891.67,128.169,1891.665,0.05286348269905562
1787026825098,1891.66,18.215,1891.67,127.64,1891.665,0.05286348269905562
1787026825139,1891.66,18.215,1891.67,137.978,1891.665,0.05286348269905562
1787026825350,1891.66,7.1,1891.67,137.978,1891.665,0.05286348269905562
1787026825351,1891.66,7.1,1891.67,138.755,1891.665,0.05286348269905562
1787026825507,1891.66,7.373,1891.67,138.755,1891.665,0.05286348269905562
1787026825548,1891.66,7.243,1891.67,138.755,1891.665,0.05286348269905562
1787026825763,1891.66,7.243,1891.67,141.926,1891.665,0.05286348269905562
1787026826152,1891.66,7.369,1891.67,141.926,1891.665,0.05286348269905562
1787026826266,1891.66,7.243,1891.67,141.926,1891.665,0.05286348269905562
1787026826461,1891.66,7.243,1891.67,141.469,1891.665,0.05286348269905562
1787026826464,1891.66,7.243,1891.67,142.137,1891.665,0.05286348269905562
1787026826577,1891.66,7.387,1891.67,142.137,1891.665,0.05286348269905562
1787026826806,1891.66,7.243,1891.67,142.137,1891.665,0.05286348269905562
1787026827099,1891.66,7.243,1891.67,142.666,1891.665,0.05286348269905562
1787026827140,1891.66,7.243,1891.67,146.77,1891.665,0.05286348269905562
1787026827164,1891.66,7.39,1891.67,146.77,1891.665,0.05286348269905562
1787026827226,1891.66,7.243,1891.67,146.77,1891.665,0.05286348269905562
1787026827398,1891.66,7.243,1891.67,142.666,1891.665,0.05286348269905562
1787026827654,1891.66,7.243,1891.67,146.77,1891.665,0.05286348269905562
1787026827693,1891.66,7.243,1891.67,142.666,1891.665,0.05286348269905562
1787026828390,1891.66,7.243,1891.67,142.88,1891.665,0.05286348269905562
1787026828392,1891.66,7.227,1891.67,142.88,1891.665,0.05286348269905562
1787026828395,1891.66,7.227,1891.67,146.984,1891.665,0.05286348269905562
1787026828417,1891.66,7.227,1891.67,146.77,1891.665,0.05286348269905562
1787026828433,1891.66,7.243,1891.67,146.77,1891.665,0.05286348269905562
1787026828434,1891.66,7.243,1891.67,142.666,1891.665,0.05286348269905562
1787026828435,1891.66,7.243,1891.67,142.65,1891.665,0.05286348269905562
1787026828437,1891.66,7.243,1891.67,142.666,1891.665,0.05286348269905562
1787026828475,1891.66,7.243,1891.67,141.998,1891.665,0.05286348269905562
1787026828478,1891.66,7.243,1891.67,142.668,1891.665,0.05286348269905562
1787026828507,1891.66,7.535,1891.67,142.668,1891.665,0.05286348269905562
1787026828570,1891.66,7.519,1891.67,142.668,1891.665,0.05286348269905562
1787026829223,1891.66,7.535,1891.67,142.668,1891.665,0.05286348269905562
1787026829524,1891.66,7.678,1891.67,142.668,1891.665,0.05286348269905562
1787026829562,1891.66,18.793,1891.67,142.668,1891.665,0.05286348269905562
1787026829563,1891.66,18.777,1891.67,142.668,1891.665,0.05286348269905562
1787026829564,1891.66,18.793,1891.67,142.668,1891.665,0.05286348269905562
1787026829569,1891.66,18.793,1891.67,141.891,1891.665,0.05286348269905562
1787026829570,1891.66,18.793,1891.67,131.553,1891.665,0.05286348269905562
1787026829693,1891.66,18.793,1891.67,131.487,1891.665,0.05286348269905562
1787026829710,1891.66,30.068,1891.67,131.487,1891.665,0.05286348269905562
1787026829945,1891.66,30.068,1891.67,130.036,1891.665,0.05286348269905562
1787026829946,1891.66,33.314,1891.67,128.585,1891.665,0.05286348269905562
1787026830098,1891.66,33.314,1891.67,128.056,1891.665,0.05286348269905562
1787026830100,1891.66,33.314,1891.67,118.968,1891.665,0.05286348269905562
1787026830623,1891.66,33.314,1891.67,117.468,1891.665,0.05286348269905562
1787026830819,1891.66,22.199,1891.67,117.468,1891.665,0.05286348269905562
1787026830820,1891.66,22.183,1891.67,128.583,1891.665,0.05286348269905562
1787026830821,1891.66,22.199,1891.67,128.583,1891.665,0.05286348269905562
1787026830823,1891.66,22.199,1891.67,132.687,1891.665,0.05286348269905562
1787026830881,1891.66,22.056,1891.67,132.687,1891.665,0.05286348269905562
1787026830883,1891.66,22.202,1891.67,132.687,1891.665,0.05286348269905562
1787026830887,1891.66,22.056,1891.67,132.687,1891.665,0.05286348269905562
1787026830893,1891.66,22.195,1891.67,132.687,1891.665,0.05286348269905562
1787026830984,1891.66,22.056,1891.67,132.687,1891.665,0.05286348269905562
1787026830985,1891.66,22.056,1891.67,141.775,1891.665,0.05286348269905562
1787026831117,1891.66,22.056,1891.67,137.671,1891.665,0.05286348269905562
1787026831128,1891.66,22.056,1891.67,142.38,1891.665,0.05286348269905562
1787026831508,1891.66,22.376,1891.67,142.38,1891.665,0.05286348269905562
1787026831512,1891.66,22.376,1891.67,141.71,1891.665,0.05286348269905562
1787026831515,1891.66,22.376,1891.67,142.384,1891.665,0.05286348269905562
1787026831617,1891.66,22.22,1891.67,142.384,1891.665,0.05286348269905562
1787026831960,1891.66,22.22,1891.67,146.488,1891.665,0.05286348269905562
1787026832009,1891.66,10.945,1891.67,146.488,1891.665,0.05286348269905562
1787026832336,1891.66,10.945,1891.67,146.448,1891.665,0.05286348269905562
1787026832340,1891.66,7.699,1891.67,146.448,1891.665,0.05286348269905562
1787026832880,1891.66,7.699,1891.67,142.344,1891.665,0.05286348269905562
1787026832986,1891.66,7.699,1891.67,146.448,1891.665,0.05286348269905562
1787026833098,1891.66,7.699,1891.67,146.977,1891.665,0.05286348269905562
1787026833398,1891.66,7.699,1891.67,142.873,1891.665,0.05286348269905562
1787026834033,1891.66,7.699,1891.67,143.402,1891.665,0.05286348269905562
1787026834507,1891.66,8.05,1891.67,143.402,1891.665,0.05286348269905562
1787026834615,1891.66,7.936,1891.67,143.402,1891.665,0.05286348269905562
1787026835034,1891.66,7.936,1891.67,142.873,1891.665,0.05286348269905562
1787026836097,1891.66,7.936,1891.67,142.344,1891.665,0.05286348269905562
1787026836374,1891.66,8.073,1891.67,142.344,1891.665,0.05286348269905562
1787026836838,1891.66,8.073,1891.67,141.67,1891.665,0.05286348269905562
1787026836842,1891.66,8.073,1891.67,142.336,1891.665,0.05286348269905562
1787026836904,1891.66,7.936,1891.67,142.336,1891.665,0.05286348269905562
1787026837345,1891.66,7.936,1891.67,141.67,1891.665,0.05286348269905562
1787026837349,1891.66,7.936,1891.67,142.338,1891.665,0.05286348269905562
1787026837507,1891.66,8.362,1891.67,142.338,1891.665,0.05286348269905562
1787026837616,1891.66,8.147,1891.67,142.338,1891.665,0.05286348269905562
1787026838560,1891.66,3.438,1891.67,142.338,1891.665,0.05286348269905562
1787026838561,1891.66,3.438,1891.67,146.442,1891.665,0.05286348269905562
1787026838684,1891.66,3.438,1891.67,142.338,1891.665,0.05286348269905562
1787026838823,1891.66,3.438,1891.67,146.442,1891.665,0.05286348269905562
1787026839099,1891.66,3.438,1891.67,146.971,1891.665,0.05286348269905562
1787026839206,1891.66,3.438,1891.67,147.82,1891.665,0.05286348269905562
1787026839366,1891.66,3.438,1891.67,147.152,1891.665,0.05286348269905562
1787026839369,1891.66,3.438,1891.67,147.849,1891.665,0.05286348269905562
1787026839622,1891.66,3.438,1891.67,147.889,1891.665,0.05286348269905562
1787026839838,1891.66,3.438,1891.67,143.785,1891.665,0.05286348269905562
1787026840374,1891.66,3.438,1891.67,143.088,1891.665,0.05286348269905562
1787026840378,1891.66,3.438,1891.67,143.771,1891.665,0.05286348269905562
1787026840507,1891.66,3.985,1891.67,143.771,1891.665,0.05286348269905562
1787026840508,1891.66,3.969,1891.67,143.771,1891.665,0.05286348269905562
1787026840509,1891.66,3.985,1891.67,143.771,1891.665,0.05286348269905562
1787026840617,1891.66,3.856,1891.67,143.771,1891.665,0.05286348269905562
1787026840652,1891.66,3.856,1891.67,147.875,1891.665,0.05286348269905562
1787026840781,1891.62,0.011,1891.63,30.268,1891.625,0.052864600543016074
1787026840782,1891.52,0.6,1891.53,0.964,1891.525,0.05286739535555123
1787026840783,1891.52,0.745,1891.53,36.482,1891.525,0.05286739535555123
1787026840784,1891.52,13.32,1891.53,52.508,1891.525,0.05286739535555123
1787026840785,1891.52,13.72,1891.53,87.985,1891.525,0.05286739535555123
1787026840786,1891.52,13.787,1891.53,97.073,1891.525,0.05286739535555123
1787026840787,1891.52,13.72,1891.53,97.073,1891.525,0.05286739535555123
1787026840791,1891.52,5.511,1891.53,97.073,1891.525,0.05286739535555123
1787026840792,1891.52,5.511,1891.53,96.753,1891.525,0.05286739535555123
1787026840793,1891.52,5.111,1891.53,96.753,1891.525,0.05286739535555123
1787026840794,1891.52,5.511,1891.53,96.753,1891.525,0.05286739535555123
1787026840812,1891.52,5.511,1891.53,92.649,1891.525,0.05286739535555123
1787026840819,1891.52,5.511,1891.53,92.663,1891.525,0.05286739535555123
1787026840823,1891.52,5.511,1891.53,92.679,1891.525,0.05286739535555123
1787026840843,1891.52,5.655,1891.53,87.946,1891.525,0.05286739535555123
1787026840846,1891.52,9.366,1891.53,87.946,1891.525,0.05286739535555123
1787026840847,1891.52,9.366,1891.53,77.379,1891.525,0.05286739535555123
1787026840848,1891.52,9.366,1891.53,63.79,1891.525,0.05286739535555123
1787026840849,1891.52,19.103,1891.53,63.408,1891.525,0.05286739535555123
1787026840850,1891.52,19.103,1891.53,61.641,1891.525,0.05286739535555123
1787026840861,1891.52,24.103,1891.53,61.641,1891.525,0.05286739535555123
1787026840865,1891.52,24.103,1891.53,61.653,1891.525,0.05286739535555123
1787026840879,1891.52,35.378,1891.53,26.754,1891.525,0.05286739535555123
1787026840880,1891.52,30.947,1891.53,17.666,1891.525,0.05286739535555123
1787026840881,1891.52,35.306,1891.53,14.378,1891.525,0.05286739535555123
1787026840887,1891.52,35.306,1891.53,15.061,1891.525,0.05286739535555123
1787026840985,1891.52,35.306,1891.53,15.119,1891.525,0.05286739535555123
1787026840986,1891.52,40.035,1891.53,15.119,1891.525,0.05286739535555123
1787026841003,1891.52,40.035,1891.53,26.234,1891.525,0.05286739535555123
1787026841143,1891.52,40.085,1891.53,26.234,1891.525,0.05286739535555123
1787026841274,1891.52,28.97,1891.53,26.234,1891.525,0.05286739535555123
1787026841604,1891.52,40.085,1891.53,26.234,1891.525,0.05286739535555123
1787026841748,1891.52,40.085,1891.53,36.521,1891.525,0.05286739535555123
1787026841904,1891.52,40.111,1891.53,36.521,1891.525,0.05286739535555123
1787026841905,1891.52,40.375,1891.53,36.521,1891.525,0.05286739535555123
1787026841934,1891.52,39.975,1891.53,36.521,1891.525,0.05286739535555123
1787026841935,1891.52,28.86,1891.53,36.521,1891.525,0.05286739535555123
1787026841936,1891.52,16.87,1891.53,36.521,1891.525,0.05286739535555123
1787026841950,1891.52,16.87,1891.53,40.625,1891.525,0.05286739535555123
1787026841998,1891.52,16.726,1891.53,40.625,1891.525,0.05286739535555123
1787026842052,1891.52,16.862,1891.53,36.521,1891.525,0.05286739535555123
1787026842053,1891.52,16.862,1891.53,45.609,1891.525,0.05286739535555123
1787026842083,1891.52,16.862,1891.53,49.713,1891.525,0.05286739535555123
1787026842086,1891.52,16.726,1891.53,49.713,1891.525,0.05286739535555123
1787026842098,1891.52,16.726,1891.53,50.242,1891.525,0.05286739535555123
1787026842142,1891.52,16.878,1891.53,50.242,1891.525,0.05286739535555123
1787026842184,1891.52,16.878,1891.53,46.138,1891.525,0.05286739535555123
1787026842386,1891.52,16.878,1891.53,46.158,1891.525,0.05286739535555123
1787026842392,1891.52,16.878,1891.53,45.475,1891.525,0.05286739535555123
1787026842395,1891.52,16.878,1891.53,46.157,1891.525,0.05286739535555123
1787026843507,1891.52,17.374,1891.53,46.157,1891.525,0.05286739535555123
1787026844086,1891.52,12.863,1891.53,46.157,1891.525,0.05286739535555123
1787026844088,1891.52,12.863,1891.53,50.261,1891.525,0.05286739535555123
1787026844089,1891.51,0.562,1891.52,5.0,1891.5149999999999,0.05286767485317804
1787026844090,1891.47,0.1,1891.48,9.278,1891.475,0.05286879287323864
1787026844091,1891.46,0.029,1891.47,2.408,1891.4650000000001,0.05286907238564237
1787026844092,1891.46,0.029,1891.47,17.595,1891.4650000000001,0.05286907238564237
1787026844093,1891.45,0.443,1891.46,11.282,1891.455,0.052869351901001636
1787026844094,1891.45,0.443,1891.46,17.448,1891.455,0.052869351901001636
1787026844095,1891.45,0.443,1891.46,56.325,1891.455,0.052869351901001636
1787026844096,1891.45,0.443,1891.46,75.279,1891.455,0.052869351901001636
1787026844097,1891.45,0.443,1891.46,105.431,1891.455,0.052869351901001636
1787026844098,1891.45,0.443,1891.46,109.87,1891.455,0.052869351901001636
1787026844099,1891.45,0.443,1891.46,112.818,1891.455,0.052869351901001636
1787026844100,1891.45,0.275,1891.46,113.405,1891.455,0.052869351901001636
1787026844101,1891.45,0.275,1891.46,113.619,1891.455,0.052869351901001636
1787026844103,1891.44,0.11,1891.45,23.857,1891.4450000000002,0.05286963141931647
1787026844104,1891.44,0.11,1891.45,32.662,1891.4450000000002,0.05286963141931647
1787026844105,1891.44,0.11,1891.45,61.828,1891.4450000000002,0.05286963141931647
1787026844106,1891.44,0.11,1891.45,69.756,1891.4450000000002,0.05286963141931647
1787026844107,1891.44,0.11,1891.45,70.323,1891.4450000000002,0.05286963141931647
1787026844108,1891.44,0.11,1891.45,69.477,1891.4450000000002,0.05286963141931647
1787026844109,1891.44,0.098,1891.45,69.464,1891.4450000000002,0.05286963141931647
1787026844110,1891.44,0.098,1891.45,74.041,1891.4450000000002,0.05286963141931647
1787026844111,1891.44,0.098,1891.45,106.946,1891.4450000000002,0.05286963141931647
1787026844112,1891.44,0.098,1891.45,107.505,1891.4450000000002,0.05286963141931647
1787026844113,1891.44,0.098,1891.45,107.291,1891.4450000000002,0.05286963141931647
1787026844116,1891.43,0.137,1891.44,23.806,1891.435,0.05286991094058694
1787026844117,1891.43,0.137,1891.44,49.893,1891.435,0.05286991094058694
1787026844118,1891.43,0.137,1891.44,87.991,1891.435,0.05286991094058694
1787026844119,1891.43,0.137,1891.44,91.119,1891.435,0.05286991094058694
1787026844120,1891.43,0.137,1891.44,95.636,1891.435,0.05286991094058694
1787026844121,1891.43,0.137,1891.44,99.389,1891.435,0.05286991094058694
1787026844122,1891.43,0.137,1891.44,103.019,1891.435,0.05286991094058694
1787026844123,1891.43,0.137,1891.44,105.231,1891.435,0.05286991094058694
1787026844124,1891.43,0.137,1891.44,113.325,1891.435,0.05286991094058694
1787026844125,1891.43,0.137,1891.44,115.718,1891.435,0.05286991094058694
1787026844126,1891.42,3.162,1891.43,14.633,1891.4250000000002,0.05287019046481306
1787026844127,1891.42,3.162,1891.43,59.856,1891.4250000000002,0.05287019046481306
1787026844128,1891.42,3.162,1891.43,71.037,1891.4250000000002,0.05287019046481306
1787026844129,1891.42,3.162,1891.43,86.88,1891.4250000000002,0.05287019046481306
1787026844130,1891.42,3.151,1891.43,92.674,1891.4250000000002,0.05287019046481306
1787026844131,1891.42,3.151,1891.43,109.367,1891.4250000000002,0.05287019046481306
1787026844134,1891.42,3.151,1891.43,111.131,1891.4250000000002,0.05287019046481306
1787026844135,1891.42,3.151,1891.43,113.371,1891.4250000000002,0.05287019046481306
1787026844136,1891.42,3.151,1891.43,114.822,1891.4250000000002,0.05287019046481306
1787026844137,1891.42,3.151,1891.43,119.001,1891.4250000000002,0.05287019046481306
1787026844139,1891.42,3.151,1891.43,126.197,1891.4250000000002,0.05287019046481306
1787026844140,1891.42,3.151,1891.43,126.504,1891.4250000000002,0.05287019046481306
1787026844143,1891.42,3.151,1891.43,132.646,1891.4250000000002,0.05287019046481306
1787026844144,1891.42,3.151,1891.43,143.527,1891.4250000000002,0.05287019046481306
1787026844145,1891.42,3.151,1891.43,145.706,1891.4250000000002,0.05287019046481306
1787026844146,1891.42,3.151,1891.43,140.604,1891.4250000000002,0.05287019046481306
1787026844148,1891.42,3.151,1891.43,138.425,1891.4250000000002,0.05287019046481306
1787026844149,1891.42,3.28,1891.43,134.164,1891.4250000000002,0.05287019046481306
1787026844150,1891.42,3.28,1891.43,131.048,1891.4250000000002,0.05287019046481306
1787026844151,1891.42,3.28,1891.43,123.969,1891.4250000000002,0.05287019046481306
1787026844154,1891.42,3.28,1891.43,126.286,1891.4250000000002,0.05287019046481306
1787026844155,1891.42,3.28,1891.43,147.282,1891.4250000000002,0.05287019046481306
1787026844156,1891.42,3.28,1891.43,143.81,1891.4250000000002,0.05287019046481306
1787026844157,1891.42,3.68,1891.43,143.81,1891.4250000000002,0.05287019046481306
1787026844159,1891.42,3.68,1891.43,143.434,1891.4250000000002,0.05287019046481306
1787026844160,1891.42,3.88,1891.43,143.434,1891.4250000000002,0.05287019046481306
1787026844163,1891.42,3.88,1891.43,150.63,1891.4250000000002,0.05287019046481306
1787026844164,1891.42,3.88,1891.43,154.989,1891.4250000000002,0.05287019046481306
1787026844169,1891.42,3.88,1891.43,164.077,1891.4250000000002,0.05287019046481306
1787026844170,1891.42,3.88,1891.43,156.881,1891.4250000000002,0.05287019046481306
1787026844171,1891.42,3.88,1891.43,152.522,1891.4250000000002,0.05287019046481306
1787026844172,1891.42,3.88,1891.43,152.489,1891.4250000000002,0.05287019046481306
1787026844173,1891.42,3.947,1891.43,152.489,1891.4250000000002,0.05287019046481306
1787026844174,1891.42,3.88,1891.43,152.489,1891.4250000000002,0.05287019046481306
1787026844175,1891.42,3.88,1891.43,153.546,1891.4250000000002,0.05287019046481306
1787026844180,1891.42,3.88,1891.43,152.095,1891.4250000000002,0.05287019046481306
1787026844187,1891.42,3.88,1891.43,152.028,1891.4250000000002,0.05287019046481306
1787026844198,1891.42,1.48,1891.43,150.17,1891.4250000000002,0.05287019046481306
1787026844199,1891.42,1.08,1891.43,150.198,1891.4250000000002,0.05287019046481306
1787026844202,1891.42,1.147,1891.43,150.198,1891.4250000000002,0.05287019046481306
1787026844209,1891.42,1.147,1891.43,150.17,1891.4250000000002,0.05287019046481306
1787026844210,1891.42,4.049,1891.43,150.17,1891.4250000000002,0.05287019046481306
1787026844212,1891.42,8.408,1891.43,150.17,1891.4250000000002,0.05287019046481306
1787026844218,1891.42,8.408,1891.43,124.421,1891.4250000000002,0.05287019046481306
1787026844219,1891.42,8.408,1891.43,119.045,1891.4250000000002,0.05287019046481306
1787026844220,1891.42,19.523,1891.43,119.045,1891.4250000000002,0.05287019046481306
1787026844221,1891.42,19.523,1891.43,118.458,1891.4250000000002,0.05287019046481306
1787026844224,1891.42,19.523,1891.43,113.977,1891.4250000000002,0.05287019046481306
1787026844230,1891.42,19.539,1891.43,113.993,1891.4250000000002,0.05287019046481306
1787026844231,1891.42,19.539,1891.43,111.993,1891.4250000000002,0.05287019046481306
1787026844237,1891.42,19.539,1891.43,105.593,1891.4250000000002,0.05287019046481306
1787026844238,1891.42,19.739,1891.43,105.593,1891.4250000000002,0.05287019046481306
1787026844239,1891.42,20.139,1891.43,105.593,1891.4250000000002,0.05287019046481306
1787026844243,1891.42,31.414,1891.43,105.593,1891.4250000000002,0.05287019046481306
1787026844244,1891.42,31.414,1891.43,101.489,1891.4250000000002,0.05287019046481306
1787026844245,1891.42,31.414,1891.43,96.014,1891.4250000000002,0.05287019046481306
1787026844253,1891.42,31.414,1891.43,79.739,1891.4250000000002,0.05287019046481306
1787026844254,1891.42,31.414,1891.43,67.97,1891.4250000000002,0.05287019046481306
1787026844266,1891.42,31.414,1891.43,63.404,1891.4250000000002,0.05287019046481306
1787026844278,1891.42,31.414,1891.43,52.289,1891.4250000000002,0.05287019046481306
1787026844293,1891.42,31.414,1891.43,60.862,1891.4250000000002,0.05287019046481306
1787026844294,1891.42,31.414,1891.43,63.462,1891.4250000000002,0.05287019046481306
1787026844295,1891.42,31.414,1891.43,67.566,1891.4250000000002,0.05287019046481306
1787026844296,1891.42,15.94,1891.43,67.566,1891.4250000000002,0.05287019046481306
1787026844297,1891.42,15.924,1891.43,67.566,1891.4250000000002,0.05287019046481306
1787026844299,1891.42,15.324,1891.43,67.566,1891.4250000000002,0.05287019046481306
1787026844303,1891.42,14.924,1891.43,67.566,1891.4250000000002,0.05287019046481306
1787026844329,1891.42,21.965,1891.43,67.566,1891.4250000000002,0.05287019046481306
1787026844330,1891.42,26.055,1891.43,67.566,1891.4250000000002,0.05287019046481306
1787026844373,1891.42,26.055,1891.43,63.462,1891.4250000000002,0.05287019046481306
1787026844384,1891.42,26.655,1891.43,63.462,1891.4250000000002,0.05287019046481306
1787026844509,1891.42,26.655,1891.43,52.347,1891.4250000000002,0.05287019046481306
1787026844554,1891.42,27.455,1891.43,52.347,1891.4250000000002,0.05287019046481306
1787026844644,1891.42,27.455,1891.43,63.462,1891.4250000000002,0.05287019046481306
1787026844655,1891.42,27.455,1891.43,52.347,1891.4250000000002,0.05287019046481306
1787026844656,1891.42,27.455,1891.43,52.331,1891.4250000000002,0.05287019046481306
1787026844658,1891.42,27.455,1891.43,52.347,1891.4250000000002,0.05287019046481306
1787026844681,1891.42,27.618,1891.43,52.347,1891.4250000000002,0.05287019046481306
1787026844758,1891.42,27.618,1891.43,52.359,1891.4250000000002,0.05287019046481306
1787026844847,1891.42,27.618,1891.43,52.266,1891.4250000000002,0.05287019046481306
1787026844849,1891.42,32.705,1891.43,52.266,1891.4250000000002,0.05287019046481306
1787026844851,1891.42,32.705,1891.43,43.178,1891.4250000000002,0.05287019046481306
1787026844852,1891.42,32.705,1891.43,37.904,1891.4250000000002,0.05287019046481306
1787026844935,1891.42,32.705,1891.43,37.64,1891.4250000000002,0.05287019046481306
1787026845039,1891.42,32.705,1891.43,36.583,1891.4250000000002,0.05287019046481306
1787026845142,1891.42,32.753,1891.43,36.583,1891.4250000000002,0.05287019046481306
1787026845145,1891.42,32.775,1891.43,36.583,1891.4250000000002,0.05287019046481306
1787026845346,1891.42,33.355,1891.43,36.583,1891.4250000000002,0.05287019046481306
1787026845347,1891.42,42.443,1891.43,36.583,1891.4250000000002,0.05287019046481306
1787026845427,1891.42,42.28,1891.43,36.583,1891.4250000000002,0.05287019046481306
1787026845437,1891.42,42.28,1891.43,25.753,1891.4250000000002,0.05287019046481306
1787026845520,1891.42,47.28,1891.43,25.753,1891.4250000000002,0.05287019046481306
1787026845521,1891.42,47.264,1891.43,25.753,1891.4250000000002,0.05287019046481306
1787026845574,1891.42,47.28,1891.43,25.753,1891.4250000000002,0.05287019046481306
1787026846142,1891.42,47.33,1891.43,25.753,1891.4250000000002,0.05287019046481306
1787026846212,1891.42,42.33,1891.43,25.753,1891.4250000000002,0.05287019046481306
1787026846493,1891.42,41.53,1891.43,25.753,1891.4250000000002,0.05287019046481306
1787026846507,1891.42,41.924,1891.43,25.753,1891.4250000000002,0.05287019046481306
1787026846514,1891.42,42.724,1891.43,25.753,1891.4250000000002,0.05287019046481306
1787026846748,1891.42,47.724,1891.43,25.753,1891.4250000000002,0.05287019046481306
1787026847473,1891.42,47.724,1891.43,25.072,1891.4250000000002,0.05287019046481306
1787026847476,1891.42,47.724,1891.43,25.749,1891.4250000000002,0.05287019046481306
1787026848093,1891.42,46.924,1891.43,25.749,1891.4250000000002,0.05287019046481306
1787026848094,1891.42,47.324,1891.43,25.749,1891.4250000000002,0.05287019046481306
1787026848432,1891.42,36.209,1891.43,42.339,1891.4250000000002,0.05287019046481306
1787026848433,1891.42,31.209,1891.43,42.339,1891.4250000000002,0.05287019046481306
1787026848436,1891.42,26.122,1891.43,42.339,1891.4250000000002,0.05287019046481306
1787026848453,1891.42,25.722,1891.43,42.339,1891.4250000000002,0.05287019046481306
1787026848460,1891.42,25.322,1891.43,42.339,1891.4250000000002,0.05287019046481306
1787026848474,1891.42,25.722,1891.43,42.339,1891.4250000000002,0.05287019046481306
1787026848480,1891.42,36.837,1891.43,42.339,1891.4250000000002,0.05287019046481306
1787026848505,1891.42,37.237,1891.43,42.339,1891.4250000000002,0.05287019046481306
1787026848506,1891.42,36.837,1891.43,42.339,1891.4250000000002,0.05287019046481306
1787026848507,1891.42,36.821,1891.43,42.339,1891.4250000000002,0.05287019046481306
1787026848508,1891.42,36.837,1891.43,42.339,1891.4250000000002,0.05287019046481306
1787026848528,1891.42,41.837,1891.43,42.339,1891.4250000000002,0.05287019046481306
1787026848563,1891.42,41.437,1891.43,42.339,1891.4250000000002,0.05287019046481306
1787026848574,1891.42,41.837,1891.43,42.339,1891.4250000000002,0.05287019046481306
1787026848643,1891.42,41.437,1891.43,42.339,1891.4250000000002,0.05287019046481306
1787026848955,1891.42,41.437,1891.43,42.359,1891.4250000000002,0.05287019046481306
1787026849094,1891.42,41.837,1891.43,42.359,1891.4250000000002,0.05287019046481306
1787026849103,1891.42,41.437,1891.43,42.359,1891.4250000000002,0.05287019046481306
1787026849408,1891.42,36.437,1891.43,42.359,1891.4250000000002,0.05287019046481306
1787026849434,1891.42,36.837,1891.43,42.359,1891.4250000000002,0.05287019046481306
1787026849453,1891.42,36.437,1891.43,42.359,1891.4250000000002,0.05287019046481306
1787026849508,1891.42,36.863,1891.43,42.359,1891.4250000000002,0.05287019046481306
1787026849534,1891.42,37.263,1891.43,42.359,1891.4250000000002,0.05287019046481306
1787026849698,1891.42,37.263,1891.43,25.769,1891.4250000000002,0.05287019046481306
1787026849699,1891.42,42.263,1891.43,25.769,1891.4250000000002,0.05287019046481306
1787026849720,1891.42,42.663,1891.43,25.769,1891.4250000000002,0.05287019046481306
1787026850019,1891.42,45.306,1891.43,25.769,1891.4250000000002,0.05287019046481306
1787026850492,1891.42,45.306,1891.43,25.092,1891.4250000000002,0.05287019046481306
1787026850496,1891.42,45.306,1891.43,25.716,1891.4250000000002,0.05287019046481306
1787026851336,1891.42,45.306,1891.43,25.732,1891.4250000000002,0.05287019046481306
1787026851337,1891.42,45.306,1891.43,25.746,1891.4250000000002,0.05287019046481306
1787026852508,1891.42,45.677,1891.43,25.746,1891.4250000000002,0.05287019046481306
1787026852542,1891.42,45.677,1891.43,25.734,1891.4250000000002,0.05287019046481306
1787026852545,1891.42,45.677,1891.43,25.748,1891.4250000000002,0.05287019046481306
1787026853645,1891.42,45.677,1891.43,42.248,1891.4250000000002,0.05287019046481306
1787026853705,1891.42,46.677,1891.43,42.248,1891.4250000000002,0.05287019046481306
1787026853973,1891.42,46.677,1891.43,42.228,1891.4250000000002,0.05287019046481306
1787026854285,1891.42,46.677,1891.43,53.343,1891.4250000000002,0.05287019046481306
1787026854287,1891.42,46.677,1891.43,53.327,1891.4250000000002,0.05287019046481306
1787026854288,1891.42,46.677,1891.43,53.343,1891.4250000000002,0.05287019046481306
1787026854403,1891.42,46.277,1891.43,53.343,1891.4250000000002,0.05287019046481306
1787026854414,1891.42,46.677,1891.43,53.343,1891.4250000000002,0.05287019046481306
1787026854423,1891.42,46.277,1891.43,53.343,1891.4250000000002,0.05287019046481306
1787026854428,1891.42,46.277,1891.43,52.719,1891.4250000000002,0.05287019046481306
1787026854432,1891.42,46.277,1891.43,53.899,1891.4250000000002,0.05287019046481306
1787026854477,1891.42,45.877,1891.43,53.899,1891.4250000000002,0.05287019046481306
1787026854544,1891.42,46.277,1891.43,53.899,1891.4250000000002,0.05287019046481306
1787026854635,1891.42,46.677,1891.43,53.899,1891.4250000000002,0.05287019046481306
1787026854863,1891.42,46.277,1891.43,53.899,1891.4250000000002,0.05287019046481306
1787026855014,1891.42,41.277,1891.43,53.899,1891.4250000000002,0.05287019046481306
1787026855015,1891.42,32.189,1891.43,53.899,1891.4250000000002,0.05287019046481306
1787026855016,1891.42,32.173,1891.43,53.899,1891.4250000000002,0.05287019046481306
1787026855017,1891.42,32.189,1891.43,62.987,1891.4250000000002,0.05287019046481306
1787026855040,1891.42,31.609,1891.43,62.987,1891.4250000000002,0.05287019046481306
1787026855041,1891.42,20.494,1891.43,62.987,1891.4250000000002,0.05287019046481306
1787026855053,1891.42,20.094,1891.43,62.987,1891.4250000000002,0.05287019046481306
1787026855054,1891.42,17.192,1891.43,62.987,1891.4250000000002,0.05287019046481306
1787026855125,1891.42,5.917,1891.43,62.987,1891.4250000000002,0.05287019046481306
1787026855265,1891.42,21.15,1891.43,62.987,1891.4250000000002,0.05287019046481306
1787026855267,1891.42,21.15,1891.43,62.987,1891.4250000000002,0.05287019046481306
1787026855348,1891.42,22.23,1891.43,62.987,1891.4250000000002,0.05287019046481306
1787026855508,1891.42,22.652,1891.43,62.987,1891.4250000000002,0.05287019046481306
1787026855524,1891.42,22.652,1891.43,63.007,1891.4250000000002,0.05287019046481306
1787026855646,1891.42,22.652,1891.43,61.827,1891.4250000000002,0.05287019046481306
1787026855650,1891.42,22.652,1891.43,63.01,1891.4250000000002,0.05287019046481306
1787026856001,1891.42,16.374,1891.43,63.01,1891.4250000000002,0.05287019046481306
1787026856098,1891.42,16.374,1891.43,63.539,1891.4250000000002,0.05287019046481306
1787026856153,1891.42,17.454,1891.43,63.539,1891.4250000000002,0.05287019046481306
1787026856154,1891.42,17.454,1891.43,62.356,1891.4250000000002,0.05287019046481306
1787026856158,1891.42,17.454,1891.43,63.511,1891.4250000000002,0.05287019046481306
1787026856704,1891.42,17.854,1891.43,63.511,1891.4250000000002,0.05287019046481306
1787026856706,1891.42,17.454,1891.43,63.511,1891.4250000000002,0.05287019046481306
1787026856945,1891.42,6.339,1891.43,63.511,1891.4250000000002,0.05287019046481306
1787026857031,1891.42,6.339,1891.43,64.04,1891.4250000000002,0.05287019046481306
1787026857658,1891.42,10.767,1891.43,64.04,1891.4250000000002,0.05287019046481306
1787026857659,1891.42,21.882,1891.43,64.04,1891.4250000000002,0.05287019046481306
1787026857660,1891.42,21.882,1891.43,64.04,1891.4250000000002,0.05287019046481306
1787026857917,1891.42,17.454,1891.43,64.04,1891.4250000000002,0.05287019046481306
1787026858259,1891.42,6.339,1891.43,64.04,1891.4250000000002,0.05287019046481306
1787026858261,1891.42,6.339,1891.43,64.04,1891.4250000000002,0.05287019046481306
1787026858298,1891.42,6.339,1891.43,62.885,1891.4250000000002,0.05287019046481306
1787026858301,1891.42,6.272,1891.43,62.885,1891.4250000000002,0.05287019046481306
1787026858302,1891.42,6.272,1891.43,64.081,1891.4250000000002,0.05287019046481306
1787026858305,1891.42,6.072,1891.43,64.081,1891.4250000000002,0.05287019046481306
1787026858306,1891.42,6.072,1891.43,68.185,1891.4250000000002,0.05287019046481306
1787026858310,1891.42,6.056,1891.43,68.185,1891.4250000000002,0.05287019046481306
1787026858332,1891.42,6.056,1891.43,69.445,1891.4250000000002,0.05287019046481306
1787026858336,1891.42,6.056,1891.43,69.659,1891.4250000000002,0.05287019046481306
1787026858337,1891.42,6.056,1891.43,69.445,1891.4250000000002,0.05287019046481306
1787026858345,1891.42,5.927,1891.43,69.445,1891.4250000000002,0.05287019046481306
1787026858346,1891.42,5.927,1891.43,69.659,1891.4250000000002,0.05287019046481306
1787026858355,1891.42,5.927,1891.43,69.445,1891.4250000000002,0.05287019046481306
1787026858430,1891.42,5.727,1891.43,69.445,1891.4250000000002,0.05287019046481306
1787026858450,1891.42,5.743,1891.43,69.445,1891.4250000000002,0.05287019046481306
1787026858507,1891.42,6.18,1891.43,69.445,1891.4250000000002,0.05287019046481306
1787026858750,1891.42,6.18,1891.43,65.341,1891.4250000000002,0.05287019046481306
1787026859074,1891.42,10.959,1891.43,65.341,1891.4250000000002,0.05287019046481306
1787026859075,1891.42,22.193,1891.43,65.341,1891.4250000000002,0.05287019046481306
1787026859076,1891.42,22.209,1891.43,65.341,1891.4250000000002,0.05287019046481306
1787026859192,1891.42,22.209,1891.43,54.226,1891.4250000000002,0.05287019046481306
1787026859194,1891.42,22.209,1891.43,52.966,1891.4250000000002,0.05287019046481306
1787026859251,1891.42,22.209,1891.43,64.081,1891.4250000000002,0.05287019046481306
1787026859252,1891.42,6.18,1891.43,64.081,1891.4250000000002,0.05287019046481306
1787026859397,1891.42,11.201,1891.43,64.081,1891.4250000000002,0.05287019046481306
1787026859398,1891.42,22.316,1891.43,64.081,1891.4250000000002,0.05287019046481306
1787026859399,1891.42,22.316,1891.43,64.081,1891.4250000000002,0.05287019046481306
1787026859556,1891.42,22.316,1891.43,64.579,1891.4250000000002,0.05287019046481306
1787026859574,1891.42,22.17,1891.43,64.579,1891.4250000000002,0.05287019046481306
1787026859612,1891.42,22.317,1891.43,64.579,1891.4250000000002,0.05287019046481306
1787026859813,1891.42,22.317,1891.43,53.464,1891.4250000000002,0.05287019046481306
1787026859814,1891.42,22.317,1891.43,53.448,1891.4250000000002,0.05287019046481306
1787026859815,1891.42,22.317,1891.43,53.464,1891.4250000000002,0.05287019046481306
1787026859978,1891.42,22.317,1891.43,52.268,1891.4250000000002,0.05287019046481306
1787026859981,1891.42,22.317,1891.43,53.458,1891.4250000000002,0.05287019046481306
1787026860009,1891.42,22.317,1891.43,64.573,1891.4250000000002,0.05287019046481306
1787026860033,1891.42,22.317,1891.43,64.044,1891.4250000000002,0.05287019046481306
1787026860307,1891.42,22.277,1891.43,64.044,1891.4250000000002,0.05287019046481306
1787026860385,1891.42,22.277,1891.43,64.757,1891.4250000000002,0.05287019046481306
1787026860485,1891.42,22.277,1891.43,63.567,1891.4250000000002,0.05287019046481306
1787026860488,1891.42,22.277,1891.43,64.758,1891.4250000000002,0.05287019046481306
1787026860544,1891.42,22.277,1891.43,64.738,1891.4250000000002,0.05287019046481306
1787026860560,1891.42,22.277,1891.43,63.714,1891.4250000000002,0.05287019046481306
1787026860575,1891.42,22.277,1891.43,52.599,1891.4250000000002,0.05287019046481306
1787026860587,1891.42,22.277,1891.43,52.151,1891.4250000000002,0.05287019046481306
1787026860681,1891.42,22.426,1891.43,52.151,1891.4250000000002,0.05287019046481306
1787026860683,1891.42,33.701,1891.43,52.151,1891.4250000000002,0.05287019046481306
1787026860684,1891.42,33.701,1891.43,43.063,1891.4250000000002,0.05287019046481306
1787026861071,1891.42,33.701,1891.43,54.178,1891.4250000000002,0.05287019046481306
1787026861073,1891.42,33.701,1891.43,63.266,1891.4250000000002,0.05287019046481306
1787026861074,1891.42,33.701,1891.43,63.25,1891.4250000000002,0.05287019046481306
1787026861075,1891.42,33.701,1891.43,63.266,1891.4250000000002,0.05287019046481306
1787026861096,1891.42,33.701,1891.43,63.732,1891.4250000000002,0.05287019046481306
1787026861098,1891.42,33.701,1891.43,63.203,1891.4250000000002,0.05287019046481306
1787026861492,1891.42,33.701,1891.43,62.012,1891.4250000000002,0.05287019046481306
1787026861496,1891.42,33.701,1891.43,63.321,1891.4250000000002,0.05287019046481306
1787026861508,1891.42,34.144,1891.43,63.321,1891.4250000000002,0.05287019046481306
1787026861780,1891.42,18.007,1891.43,63.321,1891.4250000000002,0.05287019046481306
1787026861781,1891.42,18.007,1891.43,63.321,1891.4250000000002,0.05287019046481306
1787026861858,1891.42,18.007,1891.43,64.031,1891.4250000000002,0.05287019046481306
1787026862099,1891.42,18.007,1891.43,64.051,1891.4250000000002,0.05287019046481306
1787026862146,1891.42,18.057,1891.43,64.051,1891.4250000000002,0.05287019046481306
1787026862327,1891.42,26.714,1891.43,64.051,1891.4250000000002,0.05287019046481306
1787026862367,1891.42,29.172,1891.43,64.051,1891.4250000000002,0.05287019046481306
1787026862671,1891.42,29.172,1891.43,52.936,1891.4250000000002,0.05287019046481306
1787026862707,1891.42,29.172,1891.43,51.627,1891.4250000000002,0.05287019046481306
1787026862710,1891.42,29.172,1891.43,52.937,1891.4250000000002,0.05287019046481306
1787026863339,1891.42,29.172,1891.43,57.859,1891.4250000000002,0.05287019046481306
1787026863342,1891.42,29.172,1891.43,57.843,1891.4250000000002,0.05287019046481306
1787026863343,1891.42,29.172,1891.43,57.829,1891.4250000000002,0.05287019046481306
1787026863364,1891.42,29.172,1891.43,64.022,1891.4250000000002,0.05287019046481306
1787026863507,1891.42,29.172,1891.43,57.829,1891.4250000000002,0.05287019046481306
1787026863660,1891.42,29.172,1891.43,52.907,1891.4250000000002,0.05287019046481306
1787026863749,1891.42,29.172,1891.43,53.433,1891.4250000000002,0.05287019046481306
1787026863819,1891.42,29.172,1891.43,64.548,1891.4250000000002,0.05287019046481306
1787026864241,1891.42,29.172,1891.43,63.238,1891.4250000000002,0.05287019046481306
1787026864245,1891.42,29.172,1891.43,64.534,1891.4250000000002,0.05287019046481306
1787026864508,1891.42,29.615,1891.43,64.534,1891.4250000000002,0.05287019046481306
1787026865232,1891.42,27.157,1891.43,64.534,1891.4250000000002,0.05287019046481306
1787026865272,1891.42,29.615,1891.43,64.534,1891.4250000000002,0.05287019046481306
1787026865736,1891.42,18.5,1891.43,64.534,1891.4250000000002,0.05287019046481306
1787026865737,1891.42,18.516,1891.43,64.534,1891.4250000000002,0.05287019046481306
1787026865738,1891.42,18.5,1891.43,64.534,1891.4250000000002,0.05287019046481306
1787026866114,1891.42,25.777,1891.43,64.534,1891.4250000000002,0.05287019046481306
1787026866117,1891.42,29.615,1891.43,64.534,1891.4250000000002,0.05287019046481306
1787026866912,1891.42,25.777,1891.43,64.534,1891.4250000000002,0.05287019046481306
1787026866913,1891.42,18.5,1891.43,64.534,1891.4250000000002,0.05287019046481306
1787026866914,1891.42,18.5,1891.43,64.534,1891.4250000000002,0.05287019046481306
1787026867035,1891.42,13.43,1891.43,64.534,1891.4250000000002,0.05287019046481306
1787026867036,1891.42,11.72,1891.43,64.534,1891.4250000000002,0.05287019046481306
1787026867037,1891.42,0.952,1891.43,68.638,1891.4250000000002,0.05287019046481306
1787026867041,1891.36,0.311,1891.43,68.638,1891.395,0.3700972033877837
1787026867042,1891.35,3.935,1891.36,8.964,1891.355,0.052872147217158626
1787026867043,1891.35,19.395,1891.36,50.936,1891.355,0.052872147217158626
1787026867044,1891.35,9.352,1891.36,61.294,1891.355,0.052872147217158626
1787026867045,1891.35,10.152,1891.36,65.398,1891.355,0.052872147217158626
1787026867046,1891.35,7.917,1891.36,65.398,1891.355,0.052872147217158626
1787026867047,1891.35,5.217,1891.36,65.398,1891.355,0.052872147217158626
1787026867048,1891.35,5.217,1891.36,74.166,1891.355,0.052872147217158626
1787026867050,1891.35,0.097,1891.36,74.166,1891.355,0.052872147217158626
1787026867051,1891.33,0.102,1891.34,7.194,1891.335,0.052872706315861044
1787026867052,1891.33,0.102,1891.34,8.186,1891.335,0.052872706315861044
1787026867053,1891.33,5.447,1891.34,82.114,1891.335,0.052872706315861044
1787026867054,1891.33,7.514,1891.34,110.83,1891.335,0.052872706315861044
1787026867055,1891.33,7.514,1891.34,114.934,1891.335,0.052872706315861044
1787026867056,1891.33,7.643,1891.34,114.934,1891.335,0.052872706315861044
1787026867059,1891.33,7.643,1891.34,107.898,1891.335,0.052872706315861044
1787026867063,1891.33,7.243,1891.34,107.898,1891.335,0.052872706315861044
1787026867064,1891.33,10.287,1891.34,107.898,1891.335,0.052872706315861044
1787026867076,1891.33,10.287,1891.34,103.794,1891.335,0.052872706315861044
1787026867078,1891.33,13.189,1891.34,103.794,1891.335,0.052872706315861044
1787026867082,1891.33,13.189,1891.34,101.794,1891.335,0.052872706315861044
1787026867084,1891.33,17.548,1891.34,101.794,1891.335,0.052872706315861044
1787026867106,1891.33,17.548,1891.34,94.6,1891.335,0.052872706315861044
1787026867113,1891.33,17.148,1891.34,94.6,1891.335,0.052872706315861044
1787026867114,1891.33,13.189,1891.34,94.6,1891.335,0.052872706315861044
1787026867144,1891.33,13.205,1891.34,94.63,1891.335,0.052872706315861044
1787026867150,1891.33,13.253,1891.34,94.63,1891.335,0.052872706315861044
1787026867245,1891.33,13.253,1891.34,94.688,1891.335,0.052872706315861044
1787026867283,1891.33,13.253,1891.34,95.984,1891.335,0.052872706315861044
1787026867507,1891.33,13.714,1891.34,95.984,1891.335,0.052872706315861044
1787026867533,1891.33,13.714,1891.34,91.375,1891.335,0.052872706315861044
1787026867534,1891.33,24.829,1891.34,86.364,1891.335,0.052872706315861044
1787026867596,1891.33,24.829,1891.34,79.964,1891.335,0.052872706315861044
1787026867642,1891.33,24.829,1891.34,61.234,1891.335,0.052872706315861044
1787026867644,1891.33,24.829,1891.34,52.08,1891.335,0.052872706315861044
1787026867864,1891.33,24.829,1891.34,40.965,1891.335,0.052872706315861044
1787026867907,1891.33,24.829,1891.34,36.37,1891.335,0.052872706315861044
1787026867908,1891.33,24.829,1891.34,29.669,1891.335,0.052872706315861044
1787026867909,1891.33,33.917,1891.34,29.669,1891.335,0.052872706315861044
1787026867910,1891.33,33.917,1891.34,29.669,1891.335,0.052872706315861044
1787026867930,1891.33,38.917,1891.34,29.669,1891.335,0.052872706315861044
1787026868066,1891.33,39.181,1891.34,29.669,1891.335,0.052872706315861044
1787026868148,1891.33,39.233,1891.34,29.669,1891.335,0.052872706315861044
1787026868149,1891.33,39.233,1891.34,29.651,1891.335,0.052872706315861044
1787026868321,1891.33,44.032,1891.34,29.651,1891.335,0.052872706315861044
1787026868670,1891.33,44.032,1891.34,29.662,1891.335,0.052872706315861044
1787026868678,1891.33,44.032,1891.34,29.682,1891.335,0.052872706315861044
1787026868972,1891.33,44.032,1891.34,23.544,1891.335,0.052872706315861044
1787026869894,1891.33,44.032,1891.34,43.544,1891.335,0.052872706315861044
1787026870451,1891.33,39.233,1891.34,43.544,1891.335,0.052872706315861044
1787026870452,1891.33,34.233,1891.34,43.544,1891.335,0.052872706315861044
1787026870454,1891.33,25.145,1891.34,43.544,1891.335,0.052872706315861044
1787026870507,1891.33,25.628,1891.34,43.544,1891.335,0.052872706315861044
1787026870549,1891.33,34.991,1891.34,43.544,1891.335,0.052872706315861044
1787026870551,1891.33,39.975,1891.34,43.544,1891.335,0.052872706315861044
1787026870552,1891.33,39.991,1891.34,43.544,1891.335,0.052872706315861044
1787026871186,1891.33,39.991,1891.34,53.02,1891.335,0.052872706315861044
1787026871187,1891.33,39.991,1891.34,53.004,1891.335,0.052872706315861044
1787026871188,1891.33,39.991,1891.34,53.02,1891.335,0.052872706315861044
1787026871191,1891.33,39.991,1891.34,43.544,1891.335,0.052872706315861044
1787026871365,1891.33,39.991,1891.34,54.659,1891.335,0.052872706315861044
1787026871756,1891.33,39.203,1891.34,54.659,1891.335,0.052872706315861044
1787026872055,1891.33,28.088,1891.34,54.659,1891.335,0.052872706315861044
1787026872217,1891.33,28.088,1891.34,53.363,1891.335,0.052872706315861044
1787026872220,1891.33,28.088,1891.34,54.658,1891.335,0.052872706315861044
1787026872223,1891.33,27.688,1891.34,54.658,1891.335,0.052872706315861044
1787026872224,1891.33,28.088,1891.34,54.658,1891.335,0.052872706315861044
1787026872233,1891.33,27.688,1891.34,54.658,1891.335,0.052872706315861044
1787026872234,1891.33,28.088,1891.34,54.658,1891.335,0.052872706315861044
1787026872261,1891.33,23.088,1891.34,54.658,1891.335,0.052872706315861044
1787026872573,1891.33,13.725,1891.34,54.658,1891.335,0.052872706315861044
1787026872575,1891.33,13.725,1891.34,63.746,1891.335,0.052872706315861044
1787026872576,1891.33,6.097,1891.34,63.746,1891.335,0.052872706315861044
1787026872577,1891.33,6.097,1891.34,63.746,1891.335,0.052872706315861044
1787026873033,1891.33,6.097,1891.34,64.275,1891.335,0.052872706315861044
1787026873098,1891.33,6.097,1891.34,64.804,1891.335,0.052872706315861044
1787026873100,1891.33,6.097,1891.34,77.863,1891.335,0.052872706315861044
1787026873101,1891.33,6.097,1891.34,67.706,1891.335,0.052872706315861044
1787026873102,1891.33,6.097,1891.34,67.706,1891.335,0.052872706315861044
1787026873507,1891.33,6.589,1891.34,67.706,1891.335,0.052872706315861044
1787026873696,1891.33,6.589,1891.34,67.686,1891.335,0.052872706315861044
1787026873988,1891.33,6.589,1891.34,64.784,1891.335,0.052872706315861044
1787026874029,1891.33,6.589,1891.34,64.255,1891.335,0.052872706315861044
1787026874396,1891.33,6.589,1891.34,62.96,1891.335,0.052872706315861044
1787026874400,1891.33,6.589,1891.34,64.249,1891.335,0.052872706315861044
1787026875245,1891.33,6.589,1891.34,64.269,1891.335,0.052872706315861044
1787026876050,1891.33,6.56,1891.34,64.269,1891.335,0.052872706315861044
1787026876052,1891.33,6.16,1891.34,64.269,1891.335,0.052872706315861044
1787026876053,1891.33,6.16,1891.34,68.587,1891.335,0.052872706315861044
1787026876088,1891.33,6.16,1891.34,68.573,1891.335,0.052872706315861044
1787026876097,1891.33,6.16,1891.34,68.359,1891.335,0.052872706315861044
1787026876131,1891.33,6.16,1891.34,69.619,1891.335,0.052872706315861044
1787026876146,1891.33,6.123,1891.34,69.619,1891.335,0.052872706315861044
1787026876147,1891.33,6.123,1891.34,65.515,1891.335,0.052872706315861044
1787026876152,1891.33,6.075,1891.34,65.515,1891.335,0.052872706315861044
1787026876153,1891.33,6.091,1891.34,65.515,1891.335,0.052872706315861044
1787026876277,1891.33,6.091,1891.34,70.629,1891.335,0.052872706315861044
1787026876278,1891.33,6.091,1891.34,74.733,1891.335,0.052872706315861044
1787026876333,1891.33,6.091,1891.34,73.444,1891.335,0.052872706315861044
1787026876337,1891.33,6.091,1891.34,74.727,1891.335,0.052872706315861044
1787026876542,1891.33,6.513,1891.34,74.727,1891.335,0.052872706315861044
1787026876624,1891.33,6.513,1891.34,75.44,1891.335,0.052872706315861044
1787026876850,1891.33,6.513,1891.34,71.336,1891.335,0.052872706315861044
1787026876862,1891.33,6.436,1891.34,71.336,1891.335,0.052872706315861044
1787026877082,1891.33,6.436,1891.34,75.44,1891.335,0.052872706315861044
1787026878150,1891.33,6.484,1891.34,75.44,1891.335,0.052872706315861044
1787026878271,1891.33,6.484,1891.34,71.336,1891.335,0.052872706315861044
1787026878278,1891.33,22.891,1891.34,66.222,1891.335,0.052872706315861044
1787026878279,1891.33,22.891,1891.34,66.222,1891.335,0.052872706315861044
1787026878351,1891.33,22.891,1891.34,55.107,1891.335,0.052872706315861044
1787026878352,1891.33,22.891,1891.34,53.847,1891.335,0.052872706315861044
1787026878432,1891.33,22.891,1891.34,64.962,1891.335,0.052872706315861044
1787026878433,1891.33,22.891,1891.34,64.946,1891.335,0.052872706315861044
1787026878434,1891.33,22.891,1891.34,64.962,1891.335,0.052872706315861044
1787026878617,1891.33,22.995,1891.34,64.962,1891.335,0.052872706315861044
1787026878756,1891.33,22.995,1891.34,64.951,1891.335,0.052872706315861044
1787026878952,1891.33,23.101,1891.34,64.951,1891.335,0.052872706315861044
1787026879098,1891.33,23.101,1891.34,64.422,1891.335,0.052872706315861044
1787026879105,1891.33,23.101,1891.34,63.139,1891.335,0.052872706315861044
1787026879108,1891.33,23.101,1891.34,64.406,1891.335,0.052872706315861044
1787026879151,1891.33,23.149,1891.34,64.406,1891.335,0.052872706315861044
1787026879507,1891.33,23.612,1891.34,64.406,1891.335,0.052872706315861044
1787026879570,1891.33,26.412,1891.34,64.406,1891.335,0.052872706315861044
1787026879987,1891.33,26.412,1891.34,53.291,1891.335,0.052872706315861044
1787026879990,1891.33,37.687,1891.34,53.291,1891.335,0.052872706315861044
1787026879991,1891.33,37.687,1891.34,44.203,1891.335,0.052872706315861044
1787026880002,1891.33,42.687,1891.34,44.203,1891.335,0.052872706315861044
1787026880046,1891.33,42.687,1891.34,42.936,1891.335,0.052872706315861044
1787026880050,1891.33,42.687,1891.34,44.185,1891.335,0.052872706315861044
1787026880115,1891.33,42.558,1891.34,44.185,1891.335,0.052872706315861044
1787026880125,1891.33,37.558,1891.34,44.185,1891.335,0.052872706315861044
1787026880126,1891.33,37.542,1891.34,44.185,1891.335,0.052872706315861044
1787026880127,1891.33,37.558,1891.34,44.185,1891.335,0.052872706315861044
1787026880264,1891.33,37.558,1891.34,44.165,1891.335,0.052872706315861044
1787026880268,1891.33,37.558,1891.34,55.28,1891.335,0.052872706315861044
1787026880391,1891.33,32.266,1891.34,55.28,1891.335,0.052872706315861044
1787026880392,1891.33,32.266,1891.34,64.368,1891.335,0.052872706315861044
1787026880406,1891.33,21.151,1891.34,64.368,1891.335,0.052872706315861044
1787026880931,1891.33,9.876,1891.34,64.368,1891.335,0.052872706315861044
1787026880955,1891.33,9.876,1891.34,68.472,1891.335,0.052872706315861044
1787026881098,1891.33,9.876,1891.34,69.001,1891.335,0.052872706315861044
1787026881589,1891.33,9.876,1891.34,64.897,1891.335,0.052872706315861044
1787026881825,1891.33,9.876,1891.34,64.917,1891.335,0.052872706315861044
1787026881862,1891.33,9.745,1891.34,64.917,1891.335,0.052872706315861044
1787026882256,1891.33,9.757,1891.34,64.917,1891.335,0.052872706315861044
1787026882508,1891.33,10.207,1891.34,64.917,1891.335,0.052872706315861044
1787026883156,1891.33,10.207,1891.34,63.668,1891.335,0.052872706315861044
1787026883159,1891.33,10.207,1891.34,64.907,1891.335,0.052872706315861044
1787026884163,1891.33,10.207,1891.34,63.668,1891.335,0.052872706315861044
1787026884166,1891.33,10.207,1891.34,64.906,1891.335,0.052872706315861044
1787026884862,1891.33,10.207,1891.34,64.93,1891.335,0.052872706315861044
1787026885032,1891.33,10.207,1891.34,65.459,1891.335,0.052872706315861044
1787026885508,1891.33,10.69,1891.34,65.459,1891.335,0.052872706315861044
1787026885862,1891.33,10.69,1891.34,65.435,1891.335,0.052872706315861044
1787026886058,1891.33,27.139,1891.34,65.435,1891.335,0.052872706315861044
1787026886059,1891.33,27.139,1891.34,65.435,1891.335,0.052872706315861044
1787026886329,1891.33,27.139,1891.34,64.197,1891.335,0.052872706315861044
1787026886332,1891.33,27.139,1891.34,65.434,1891.335,0.052872706315861044
1787026886545,1891.33,32.139,1891.34,65.434,1891.335,0.052872706315861044
1787026886843,1891.33,32.139,1891.34,65.414,1891.335,0.052872706315861044
1787026886871,1891.33,27.139,1891.34,65.414,1891.335,0.052872706315861044
1787026886901,1891.33,10.69,1891.34,65.414,1891.335,0.052872706315861044
1787026887033,1891.33,10.69,1891.34,64.885,1891.335,0.052872706315861044
1787026887097,1891.33,10.69,1891.34,64.356,1891.335,0.052872706315861044
1787026887232,1891.33,10.634,1891.34,64.356,1891.335,0.052872706315861044
1787026887337,1891.33,10.634,1891.34,63.119,1891.335,0.052872706315861044
1787026887338,1891.33,10.634,1891.34,63.103,1891.335,0.052872706315861044
1787026887339,1891.33,10.634,1891.34,63.119,1891.335,0.052872706315861044
1787026887340,1891.33,10.634,1891.34,64.354,1891.335,0.052872706315861044
1787026887561,1891.33,21.749,1891.34,64.354,1891.335,0.052872706315861044
1787026887562,1891.33,26.696,1891.34,64.354,1891.335,0.052872706315861044
1787026887563,1891.33,26.696,1891.34,64.354,1891.335,0.052872706315861044
1787026887564,1891.33,31.696,1891.34,64.354,1891.335,0.052872706315861044
1787026887875,1891.33,26.749,1891.34,64.354,1891.335,0.052872706315861044
1787026887876,1891.33,15.634,1891.34,64.354,1891.335,0.052872706315861044
1787026888393,1891.33,15.634,1891.34,64.374,1891.335,0.052872706315861044
1787026888440,1891.33,10.634,1891.34,64.374,1891.335,0.052872706315861044
1787026888468,1891.33,5.634,1891.34,64.374,1891.335,0.052872706315861044
1787026888469,1891.33,5.634,1891.34,64.374,1891.335,0.052872706315861044
1787026888471,1891.33,5.734,1891.34,64.374,1891.335,0.052872706315861044
1787026888507,1891.33,6.196,1891.34,64.374,1891.335,0.052872706315861044
1787026888921,1891.33,11.196,1891.34,64.374,1891.335,0.052872706315861044
1787026889024,1891.33,11.196,1891.34,63.139,1891.335,0.052872706315861044
1787026889028,1891.33,11.196,1891.34,64.359,1891.335,0.052872706315861044
1787026889064,1891.33,13.84,1891.34,64.359,1891.335,0.052872706315861044
1787026889065,1891.33,13.824,1891.34,64.359,1891.335,0.052872706315861044
1787026889067,1891.33,13.84,1891.34,64.359,1891.335,0.052872706315861044
1787026889098,1891.33,13.84,1891.34,64.888,1891.335,0.052872706315861044
1787026889148,1891.33,13.744,1891.34,64.888,1891.335,0.052872706315861044
1787026889402,1891.33,24.859,1891.34,64.888,1891.335,0.052872706315861044
1787026889480,1891.33,25.123,1891.34,64.888,1891.335,0.052872706315861044
1787026889497,1891.33,29.922,1891.34,64.888,1891.335,0.052872706315861044
1787026889498,1891.33,41.197,1891.34,53.773,1891.335,0.052872706315861044
1787026889499,1891.33,57.285,1891.34,23.53,1891.335,0.052872706315861044
1787026889500,1891.33,57.499,1891.34,9.582,1891.335,0.052872706315861044
1787026889502,1891.36,10.42,1891.41,0.02,1891.385,0.26435654295757816
1787026889503,1891.4,3.802,1891.41,0.02,1891.4050000000002,0.05287074952213251
1787026889504,1891.4,57.332,1891.41,4.379,1891.4050000000002,0.05287074952213251
1787026889505,1891.4,70.158,1891.41,4.303,1891.4050000000002,0.05287074952213251
1787026889506,1891.4,76.792,1891.41,4.303,1891.4050000000002,0.05287074952213251
1787026889507,1891.4,86.492,1891.41,8.871,1891.4050000000002,0.05287074952213251
1787026889508,1891.4,85.008,1891.41,8.871,1891.4050000000002,0.05287074952213251
1787026889509,1891.4,84.008,1891.41,8.871,1891.4050000000002,0.05287074952213251
1787026889511,1891.4,91.496,1891.41,8.871,1891.4050000000002,0.05287074952213251
1787026889553,1891.4,79.318,1891.41,8.871,1891.4050000000002,0.05287074952213251
1787026889554,1891.4,74.413,1891.41,8.871,1891.4050000000002,0.05287074952213251
1787026889555,1891.4,74.413,1891.41,18.871,1891.4050000000002,0.05287074952213251
1787026889558,1891.4,69.614,1891.41,18.871,1891.4050000000002,0.05287074952213251
1787026889561,1891.4,61.893,1891.41,18.887,1891.4050000000002,0.05287074952213251
1787026889564,1891.4,61.893,1891.41,18.954,1891.4050000000002,0.05287074952213251
1787026889599,1891.4,61.893,1891.41,18.887,1891.4050000000002,0.05287074952213251
1787026889600,1891.4,61.909,1891.41,14.319,1891.4050000000002,0.05287074952213251
1787026889609,1891.4,66.708,1891.41,14.319,1891.4050000000002,0.05287074952213251
1787026889866,1891.4,66.814,1891.41,14.319,1891.4050000000002,0.05287074952213251
1787026889899,1891.4,66.918,1891.41,14.319,1891.4050000000002,0.05287074952213251
1787026889912,1891.4,66.93,1891.41,14.319,1891.4050000000002,0.05287074952213251
1787026890064,1891.4,69.573,1891.41,14.319,1891.4050000000002,0.05287074952213251
1787026890096,1891.4,70.102,1891.41,14.319,1891.4050000000002,0.05287074952213251
1787026890314,1891.4,65.303,1891.41,14.319,1891.4050000000002,0.05287074952213251
1787026890429,1891.4,69.843,1891.41,14.319,1891.4050000000002,0.05287074952213251
1787026890430,1891.4,69.843,1891.41,14.306,1891.4050000000002,0.05287074952213251
1787026890436,1891.4,69.843,1891.41,10.016,1891.4050000000002,0.05287074952213251
1787026890437,1891.4,70.057,1891.41,10.016,1891.4050000000002,0.05287074952213251
1787026890438,1891.41,12.637,1891.42,5.444,1891.415,0.052870469991994906
1787026890439,1891.42,20.712,1891.43,20.47,1891.4250000000002,0.05287019046481306
1787026890440,1891.42,113.792,1891.43,21.312,1891.4250000000002,0.05287019046481306
1787026890441,1891.42,132.564,1891.43,16.953,1891.4250000000002,0.05287019046481306
1787026890442,1891.42,131.113,1891.43,16.953,1891.4250000000002,0.05287019046481306
1787026890462,1891.42,130.899,1891.43,16.953,1891.4250000000002,0.05287019046481306
1787026890463,1891.42,139.987,1891.43,16.953,1891.4250000000002,0.05287019046481306
1787026890487,1891.42,140.003,1891.43,16.969,1891.4250000000002,0.05287019046481306
1787026890490,1891.42,130.003,1891.43,16.969,1891.4250000000002,0.05287019046481306
1787026890492,1891.42,112.845,1891.43,16.969,1891.4250000000002,0.05287019046481306
1787026890493,1891.42,103.535,1891.43,16.969,1891.4250000000002,0.05287019046481306
1787026890494,1891.42,93.823,1891.43,16.969,1891.4250000000002,0.05287019046481306
1787026890495,1891.42,93.808,1891.43,16.969,1891.4250000000002,0.05287019046481306
1787026890496,1891.42,83.323,1891.43,19.918,1891.4250000000002,0.05287019046481306
1787026890497,1891.42,83.323,1891.43,22.444,1891.4250000000002,0.05287019046481306
1787026890498,1891.42,73.323,1891.43,33.559,1891.4250000000002,0.05287019046481306
1787026890499,1891.42,73.323,1891.43,34.626,1891.4250000000002,0.05287019046481306
1787026890500,1891.42,63.323,1891.43,34.61,1891.4250000000002,0.05287019046481306
1787026890501,1891.42,58.469,1891.43,34.61,1891.4250000000002,0.05287019046481306
1787026890502,1891.42,58.469,1891.43,34.61,1891.4250000000002,0.05287019046481306
1787026890504,1891.42,64.62,1891.43,34.61,1891.4250000000002,0.05287019046481306
1787026890535,1891.42,64.62,1891.43,34.543,1891.4250000000002,0.05287019046481306
1787026890546,1891.42,69.584,1891.43,23.428,1891.4250000000002,0.05287019046481306
1787026890608,1891.42,69.584,1891.43,23.444,1891.4250000000002,0.05287019046481306
1787026890622,1891.42,69.584,1891.43,22.444,1891.4250000000002,0.05287019046481306
1787026890919,1891.42,69.596,1891.43,22.444,1891.4250000000002,0.05287019046481306
1787026891064,1891.42,72.239,1891.43,22.444,1891.4250000000002,0.05287019046481306
1787026891071,1891.42,72.239,1891.43,16.969,1891.4250000000002,0.05287019046481306
1787026891098,1891.42,72.768,1891.43,16.969,1891.4250000000002,0.05287019046481306
1787026891353,1891.42,72.819,1891.43,16.969,1891.4250000000002,0.05287019046481306
1787026891507,1891.42,73.275,1891.43,16.969,1891.4250000000002,0.05287019046481306
1787026892387,1891.42,73.275,1891.43,16.981,1891.4250000000002,0.05287019046481306
1787026894507,1891.42,73.733,1891.43,16.981,1891.4250000000002,0.05287019046481306
1787026894565,1891.42,73.733,1891.43,16.74,1891.4250000000002,0.05287019046481306
1787026894946,1891.42,73.753,1891.43,16.74,1891.4250000000002,0.05287019046481306
1787026895608,1891.42,73.753,1891.43,16.728,1891.4250000000002,0.05287019046481306
1787026896540,1891.42,73.741,1891.43,16.728,1891.4250000000002,0.05287019046481306
1787026896543,1891.42,73.774,1891.43,16.728,1891.4250000000002,0.05287019046481306
1787026897206,1891.42,73.774,1891.43,16.779,1891.4250000000002,0.05287019046481306
1787026897508,1891.42,74.223,1891.43,16.779,1891.4250000000002,0.05287019046481306
1787026897963,1891.42,74.203,1891.43,16.779,1891.4250000000002,0.05287019046481306
1787026898210,1891.42,74.203,1891.43,16.728,1891.4250000000002,0.05287019046481306
1787026898213,1891.42,74.203,1891.43,16.769,1891.4250000000002,0.05287019046481306
1787026899306,1891.42,74.203,1891.43,16.241,1891.4250000000002,0.05287019046481306
1787026899540,1891.42,74.223,1891.43,16.241,1891.4250000000002,0.05287019046481306
1787026900508,1891.42,74.706,1891.43,16.241,1891.4250000000002,0.05287019046481306
1787026901141,1891.42,74.706,1891.43,13.969,1891.4250000000002,0.05287019046481306
1787026901143,1891.43,12.522,1891.44,10.0,1891.435,0.05286991094058694
1787026901144,1891.43,24.719,1891.44,10.0,1891.435,0.05286991094058694
1787026901145,1891.44,26.744,1891.45,11.534,1891.4450000000002,0.05286963141931647
1787026901146,1891.44,90.049,1891.45,8.376,1891.4450000000002,0.05286963141931647
1787026901147,1891.49,3.254,1891.51,0.011,1891.5,0.10573618821031884
1787026901148,1891.51,15.745,1891.52,1.65,1891.5149999999999,0.05286767485317804
1787026901149,1891.51,44.262,1891.52,6.009,1891.5149999999999,0.05286767485317804
1787026901150,1891.51,91.027,1891.52,10.368,1891.5149999999999,0.05286767485317804
1787026901151,1891.51,100.498,1891.52,6.009,1891.5149999999999,0.05286767485317804
1787026901152,1891.51,93.314,1891.52,6.009,1891.5149999999999,0.05286767485317804
1787026901153,1891.51,93.247,1891.52,6.009,1891.5149999999999,0.05286767485317804
1787026901154,1891.51,107.335,1891.52,6.009,1891.5149999999999,0.05286767485317804
1787026901155,1891.51,100.151,1891.52,6.009,1891.5149999999999,0.05286767485317804
1787026901165,1891.51,92.967,1891.52,6.009,1891.5149999999999,0.05286767485317804
1787026901197,1891.51,82.967,1891.52,6.009,1891.5149999999999,0.05286767485317804
1787026901199,1891.51,61.852,1891.52,22.599,1891.5149999999999,0.05286767485317804
1787026901200,1891.51,56.658,1891.52,32.254,1891.5149999999999,0.05286767485317804
1787026901201,1891.51,43.019,1891.52,22.666,1891.5149999999999,0.05286767485317804
1787026901202,1891.51,27.234,1891.52,45.048,1891.5149999999999,0.05286767485317804
1787026901203,1891.51,17.234,1891.52,46.469,1891.5149999999999,0.05286767485317804
1787026901204,1891.51,5.0,1891.52,46.469,1891.5149999999999,0.05286767485317804
1787026901205,1891.5,0.039,1891.51,7.298,1891.505,0.05286795435376013
1787026901206,1891.49,5.0,1891.5,18.615,1891.495,0.05286823385729757
1787026901207,1891.45,4.807,1891.46,45.929,1891.455,0.052869351901001636
1787026901208,1891.45,18.655,1891.46,37.147,1891.455,0.052869351901001636
1787026901209,1891.45,7.193,1891.46,53.283,1891.455,0.052869351901001636
1787026901210,1891.45,11.975,1891.46,53.216,1891.455,0.052869351901001636
1787026901218,1891.45,11.975,1891.46,52.896,1891.455,0.052869351901001636
1787026901231,1891.45,6.995,1891.46,52.896,1891.455,0.052869351901001636
1787026901233,1891.45,6.995,1891.46,61.984,1891.455,0.052869351901001636
1787026901248,1891.45,11.995,1891.46,61.984,1891.455,0.052869351901001636
1787026901319,1891.45,12.028,1891.46,61.984,1891.455,0.052869351901001636
1787026901320,1891.45,16.387,1891.46,59.082,1891.455,0.052869351901001636
1787026901321,1891.45,19.289,1891.46,49.62,1891.455,0.052869351901001636
1787026901322,1891.45,19.289,1891.46,39.086,1891.455,0.052869351901001636
1787026901377,1891.45,19.289,1891.46,39.019,1891.455,0.052869351901001636
1787026901378,1891.45,19.305,1891.46,39.035,1891.455,0.052869351901001636
1787026901381,1891.45,21.735,1891.46,39.035,1891.455,0.052869351901001636
1787026901382,1891.45,33.01,1891.46,34.63,1891.455,0.052869351901001636
1787026901383,1891.45,42.098,1891.46,34.63,1891.455,0.052869351901001636
1787026901385,1891.45,42.082,1891.46,34.63,1891.455,0.052869351901001636
1787026901493,1891.45,42.098,1891.46,34.63,1891.455,0.052869351901001636
1787026901547,1891.45,42.098,1891.46,29.675,1891.455,0.052869351901001636
1787026901549,1891.45,42.098,1891.46,28.683,1891.455,0.052869351901001636
1787026901558,1891.45,53.213,1891.46,28.683,1891.455,0.052869351901001636
1787026901611,1891.45,53.213,1891.46,11.168,1891.455,0.052869351901001636
1787026901612,1891.45,53.213,1891.46,4.374,1891.455,0.052869351901001636
1787026901622,1891.45,53.319,1891.46,4.374,1891.455,0.052869351901001636
1787026901637,1891.45,53.423,1891.46,4.374,1891.455,0.052869351901001636
1787026902064,1891.45,56.066,1891.46,4.374,1891.455,0.052869351901001636
1787026902097,1891.45,56.595,1891.46,4.374,1891.455,0.052869351901001636
1787026902258,1891.45,61.394,1891.46,4.374,1891.455,0.052869351901001636
1787026902260,1891.51,12.167,1891.52,1.65,1891.5149999999999,0.05286767485317804
1787026902261,1891.51,60.715,1891.52,1.65,1891.5149999999999,0.05286767485317804
1787026902262,1891.51,80.72,1891.52,6.009,1891.5149999999999,0.05286767485317804
1787026902263,1891.51,98.181,1891.52,10.874,1891.5149999999999,0.05286767485317804
1787026902264,1891.51,127.824,1891.52,10.874,1891.5149999999999,0.05286767485317804
1787026902265,1891.51,160.909,1891.52,10.874,1891.5149999999999,0.05286767485317804
1787026902266,1891.51,167.686,1891.52,10.874,1891.5149999999999,0.05286767485317804
1787026902267,1891.51,156.485,1891.52,10.874,1891.5149999999999,0.05286767485317804
1787026902268,1891.51,154.24,1891.52,10.633,1891.5149999999999,0.05286767485317804
1787026902269,1891.51,151.272,1891.52,10.633,1891.5149999999999,0.05286767485317804
1787026902270,1891.51,151.239,1891.52,10.633,1891.5149999999999,0.05286767485317804
1787026902283,1891.51,146.705,1891.52,10.633,1891.5149999999999,0.05286767485317804
1787026902284,1891.51,146.705,1891.52,5.768,1891.5149999999999,0.05286767485317804
1787026902294,1891.51,146.705,1891.52,5.755,1891.5149999999999,0.05286767485317804
1787026902304,1891.51,146.491,1891.52,5.755,1891.5149999999999,0.05286767485317804
1787026902318,1891.51,146.491,1891.54,0.038,1891.525,0.1586021860666537
1787026902319,1891.53,20.995,1891.54,0.027,1891.5349999999999,0.052867115860879686
1787026902320,1891.59,47.389,1891.6,14.126,1891.5949999999998,0.052865438954907924
1787026902321,1891.59,64.383,1891.6,9.754,1891.5949999999998,0.052865438954907924
1787026902322,1891.59,58.454,1891.6,9.211,1891.5949999999998,0.052865438954907924
1787026902323,1891.59,57.765,1891.6,15.541,1891.5949999999998,0.052865438954907924
1787026902324,1891.59,52.863,1891.6,15.541,1891.5949999999998,0.052865438954907924
1787026902325,1891.59,55.717,1891.6,20.673,1891.5949999999998,0.052865438954907924
1787026902326,1891.59,64.855,1891.6,15.541,1891.5949999999998,0.052865438954907924
1787026902327,1891.59,66.306,1891.6,25.206,1891.5949999999998,0.052865438954907924
1787026902328,1891.59,66.306,1891.6,15.541,1891.5949999999998,0.052865438954907924
1787026902329,1891.59,66.317,1891.6,15.541,1891.5949999999998,0.052865438954907924
1787026902330,1891.59,64.855,1891.6,15.541,1891.5949999999998,0.052865438954907924
1787026902331,1891.59,53.74,1891.6,15.541,1891.5949999999998,0.052865438954907924
1787026902334,1891.59,53.74,1891.6,20.41,1891.5949999999998,0.052865438954907924
1787026902336,1891.59,53.756,1891.6,25.174,1891.5949999999998,0.052865438954907924
1787026902337,1891.59,53.575,1891.6,25.174,1891.5949999999998,0.052865438954907924
1787026902339,1891.59,51.556,1891.6,25.174,1891.5949999999998,0.052865438954907924
1787026902359,1891.59,53.966,1891.6,20.41,1891.5949999999998,0.052865438954907924
1787026902361,1891.59,58.325,1891.6,15.541,1891.5949999999998,0.052865438954907924
1787026902362,1891.59,53.966,1891.6,15.541,1891.5949999999998,0.052865438954907924
1787026902366,1891.59,52.979,1891.6,15.541,1891.5949999999998,0.052865438954907924
1787026902369,1891.59,64.094,1891.6,15.541,1891.5949999999998,0.052865438954907924
1787026902385,1891.59,64.094,1891.6,4.426,1891.5949999999998,0.052865438954907924
1787026902387,1891.59,64.094,1891.6,4.359,1891.5949999999998,0.052865438954907924
1787026902388,1891.59,64.094,1891.6,4.375,1891.5949999999998,0.052865438954907924
1787026902453,1891.59,64.094,1891.6,15.49,1891.5949999999998,0.052865438954907924
1787026902454,1891.59,64.094,1891.6,15.474,1891.5949999999998,0.052865438954907924
1787026902507,1891.59,64.094,1891.6,15.49,1891.5949999999998,0.052865438954907924
1787026902516,1891.59,52.979,1891.6,15.49,1891.5949999999998,0.052865438954907924
1787026902580,1891.59,53.012,1891.6,15.49,1891.5949999999998,0.052865438954907924
1787026902595,1891.59,64.127,1891.6,15.49,1891.5949999999998,0.052865438954907924
1787026902611,1891.59,64.127,1891.6,4.375,1891.5949999999998,0.052865438954907924
1787026902612,1891.59,68.926,1891.6,0.016,1891.5949999999998,0.052865438954907924
1787026902614,1891.61,12.961,1891.62,2.847,1891.6149999999998,0.05286488000989052
1787026902615,1891.61,45.168,1891.62,2.847,1891.6149999999998,0.05286488000989052
1787026902616,1891.61,127.447,1891.62,8.144,1891.6149999999998,0.05286488000989052
1787026902617,1891.61,153.29,1891.62,9.656,1891.6149999999998,0.05286488000989052
1787026902618,1891.61,152.562,1891.64,0.023,1891.625,0.15859380162664422
1787026902619,1891.61,149.759,1891.64,5.369,1891.625,0.15859380162664422
1787026902620,1891.63,29.611,1891.64,9.704,1891.6350000000002,0.0528643210766924
1787026902621,1891.63,51.277,1891.64,9.704,1891.6350000000002,0.0528643210766924
1787026902622,1891.63,130.54,1891.64,4.359,1891.6350000000002,0.0528643210766924
1787026902623,1891.63,145.524,1891.64,4.359,1891.6350000000002,0.0528643210766924
1787026902624,1891.63,137.446,1891.64,4.359,1891.6350000000002,0.0528643210766924
1787026902625,1891.63,140.44,1891.64,4.359,1891.6350000000002,0.0528643210766924
1787026902628,1891.63,138.118,1891.64,4.359,1891.6350000000002,0.0528643210766924
1787026902637,1891.63,137.904,1891.64,4.359,1891.6350000000002,0.0528643210766924
1787026902639,1891.63,137.904,1891.64,4.373,1891.6350000000002,0.0528643210766924
1787026902652,1891.63,133.105,1891.64,4.373,1891.6350000000002,0.0528643210766924
1787026902653,1891.63,105.803,1891.64,15.782,1891.6350000000002,0.0528643210766924
1787026902654,1891.63,89.569,1891.64,25.716,1891.6350000000002,0.0528643210766924
1787026902655,1891.63,67.249,1891.64,46.133,1891.6350000000002,0.0528643210766924
1787026902656,1891.63,48.75,1891.64,46.133,1891.6350000000002,0.0528643210766924
1787026902657,1891.63,23.793,1891.64,46.133,1891.6350000000002,0.0528643210766924
1787026902722,1891.63,23.793,1891.64,46.149,1891.6350000000002,0.0528643210766924
1787026902723,1891.63,23.809,1891.64,46.149,1891.6350000000002,0.0528643210766924
1787026902724,1891.63,14.721,1891.64,46.149,1891.6350000000002,0.0528643210766924
1787026902772,1891.63,17.039,1891.64,46.149,1891.6350000000002,0.0528643210766924
1787026902774,1891.63,22.428,1891.64,41.69,1891.6350000000002,0.0528643210766924
1787026902775,1891.63,22.428,1891.64,38.788,1891.6350000000002,0.0528643210766924
1787026902776,1891.63,22.428,1891.64,28.446,1891.6350000000002,0.0528643210766924
1787026902777,1891.63,14.32,1891.64,28.446,1891.6350000000002,0.0528643210766924
1787026902778,1891.63,14.304,1891.64,28.446,1891.6350000000002,0.0528643210766924
1787026902795,1891.63,14.304,1891.64,38.113,1891.6350000000002,0.0528643210766924
1787026902840,1891.63,14.32,1891.64,33.675,1891.6350000000002,0.0528643210766924
1787026902896,1891.63,14.32,1891.64,38.119,1891.6350000000002,0.0528643210766924
1787026902980,1891.63,25.595,1891.64,33.675,1891.6350000000002,0.0528643210766924
1787026902981,1891.63,25.595,1891.64,33.608,1891.6350000000002,0.0528643210766924
1787026903012,1891.63,36.71,1891.64,28.379,1891.6350000000002,0.0528643210766924
1787026903013,1891.63,36.71,1891.64,28.379,1891.6350000000002,0.0528643210766924
1787026903064,1891.63,39.353,1891.64,28.379,1891.6350000000002,0.0528643210766924
1787026903065,1891.63,39.353,1891.64,21.979,1891.6350000000002,0.0528643210766924
1787026903067,1891.63,39.353,1891.64,21.979,1891.6350000000002,0.0528643210766924
1787026903086,1891.63,39.386,1891.64,21.979,1891.6350000000002,0.0528643210766924
1787026903097,1891.63,39.915,1891.64,21.979,1891.6350000000002,0.0528643210766924
1787026903151,1891.63,37.597,1891.64,21.979,1891.6350000000002,0.0528643210766924
1787026903152,1891.63,15.207,1891.64,48.423,1891.6350000000002,0.0528643210766924
1787026903153,1891.63,15.207,1891.64,48.407,1891.6350000000002,0.0528643210766924
1787026903194,1891.63,15.207,1891.64,48.423,1891.6350000000002,0.0528643210766924
1787026903214,1891.63,17.24,1891.64,43.837,1891.6350000000002,0.0528643210766924
1787026903216,1891.63,17.24,1891.64,48.419,1891.6350000000002,0.0528643210766924
1787026903217,1891.63,17.24,1891.64,39.209,1891.6350000000002,0.0528643210766924
1787026903223,1891.63,20.153,1891.64,39.209,1891.6350000000002,0.0528643210766924
1787026903281,1891.63,28.355,1891.64,39.209,1891.6350000000002,0.0528643210766924
1787026903282,1891.63,28.355,1891.64,39.209,1891.6350000000002,0.0528643210766924
1787026903316,1891.63,28.355,1891.64,40.058,1891.6350000000002,0.0528643210766924
1787026903384,1891.63,28.355,1891.64,40.602,1891.6350000000002,0.0528643210766924
1787026903450,1891.63,38.131,1891.64,40.602,1891.6350000000002,0.0528643210766924
1787026903507,1891.63,38.479,1891.64,40.602,1891.6350000000002,0.0528643210766924
1787026903649,1891.63,27.364,1891.64,40.602,1891.6350000000002,0.0528643210766924
1787026903683,1891.63,30.619,1891.64,40.602,1891.6350000000002,0.0528643210766924
1787026903829,1891.63,36.733,1891.64,40.602,1891.6350000000002,0.0528643210766924
1787026903830,1891.63,36.733,1891.64,40.602,1891.6350000000002,0.0528643210766924
1787026903846,1891.63,38.479,1891.64,40.602,1891.6350000000002,0.0528643210766924
1787026903871,1891.63,38.479,1891.64,17.612,1891.6350000000002,0.0528643210766924
1787026903872,1891.63,47.567,1891.64,17.612,1891.6350000000002,0.0528643210766924
1787026903874,1891.63,47.567,1891.64,16.612,1891.6350000000002,0.0528643210766924
1787026904090,1891.63,47.534,1891.64,16.612,1891.6350000000002,0.0528643210766924
1787026904094,1891.63,47.569,1891.64,16.612,1891.6350000000002,0.0528643210766924
1787026904108,1891.63,47.589,1891.64,16.612,1891.6350000000002,0.0528643210766924
1787026904172,1891.63,47.695,1891.64,16.612,1891.6350000000002,0.0528643210766924
1787026904181,1891.63,47.799,1891.64,16.612,1891.6350000000002,0.0528643210766924
1787026904560,1891.63,47.799,1891.64,21.645,1891.6350000000002,0.0528643210766924
1787026904562,1891.63,47.799,1891.64,21.629,1891.6350000000002,0.0528643210766924
1787026904563,1891.63,47.799,1891.64,21.645,1891.6350000000002,0.0528643210766924
1787026904649,1891.63,47.799,1891.64,27.727,1891.6350000000002,0.0528643210766924
1787026904900,1891.63,36.684,1891.64,27.727,1891.6350000000002,0.0528643210766924
1787026904992,1891.63,36.878,1891.64,27.727,1891.6350000000002,0.0528643210766924
1787026905291,1891.63,47.448,1891.64,16.897,1891.6350000000002,0.0528643210766924
1787026905297,1891.63,47.993,1891.64,16.897,1891.6350000000002,0.0528643210766924
1787026905355,1891.63,36.878,1891.64,16.897,1891.6350000000002,0.0528643210766924
1787026905356,1891.63,36.862,1891.64,16.897,1891.6350000000002,0.0528643210766924
1787026905357,1891.63,36.878,1891.64,16.897,1891.6350000000002,0.0528643210766924
1787026905640,1891.63,36.878,1891.64,16.353,1891.6350000000002,0.0528643210766924
1787026905644,1891.63,36.878,1891.64,16.933,1891.6350000000002,0.0528643210766924
1787026905727,1891.63,40.678,1891.64,16.933,1891.6350000000002,0.0528643210766924
1787026905791,1891.63,36.878,1891.64,16.933,1891.6350000000002,0.0528643210766924
1787026905875,1891.63,47.993,1891.64,16.933,1891.6350000000002,0.0528643210766924
1787026905908,1891.63,47.993,1891.64,10.851,1891.6350000000002,0.0528643210766924
1787026905909,1891.63,47.993,1891.64,5.818,1891.6350000000002,0.0528643210766924
1787026905910,1891.63,47.993,1891.64,5.818,1891.6350000000002,0.0528643210766924
1787026906158,1891.63,47.993,1891.64,5.238,1891.6350000000002,0.0528643210766924
1787026906162,1891.63,47.993,1891.64,5.801,1891.6350000000002,0.0528643210766924
1787026906507,1891.63,48.284,1891.64,5.801,1891.6350000000002,0.0528643210766924
1787026907125,1891.63,48.264,1891.64,5.801,1891.6350000000002,0.0528643210766924
1787026907168,1891.63,48.264,1891.64,5.238,1891.6350000000002,0.0528643210766924
1787026907170,1891.63,48.264,1891.65,0.621,1891.64,0.10572836269047922
1787026907171,1891.63,100.313,1891.64,0.849,1891.6350000000002,0.0528643210766924
1787026907172,1891.63,100.689,1891.64,1.415,1891.6350000000002,0.0528643210766924
1787026907173,1891.63,96.331,1891.64,1.415,1891.6350000000002,0.0528643210766924
1787026907174,1891.63,96.101,1891.64,1.415,1891.6350000000002,0.0528643210766924
1787026907201,1891.63,96.315,1891.64,1.415,1891.6350000000002,0.0528643210766924
1787026907289,1891.63,96.331,1891.64,1.415,1891.6350000000002,0.0528643210766924
1787026907363,1891.68,26.285,1891.7,0.024,1891.69,0.10572556814267565
1787026907364,1891.69,49.098,1891.7,4.369,1891.6950000000002,0.052862644348010135
1787026907365,1891.69,43.114,1891.7,4.359,1891.6950000000002,0.052862644348010135
1787026907366,1891.69,92.094,1891.72,10.105,1891.705,0.15858709471071186
1787026907367,1891.74,14.441,1891.76,0.024,1891.75,0.1057222148803056
1787026907368,1891.74,27.568,1891.76,0.024,1891.75,0.1057222148803056
1787026907369,1891.75,26.038,1891.76,0.024,1891.755,0.05286096772568808
1787026907370,1891.77,7.388,1891.78,0.275,1891.775,0.052860408875214565
1787026907371,1891.77,8.433,1891.78,0.275,1891.775,0.052860408875214565
1787026907372,1891.77,10.842,1891.8,7.726,1891.7849999999999,0.1585803883632269
1787026907373,1891.79,16.716,1891.8,7.726,1891.795,0.05285985003655737
1787026907374,1891.79,21.442,1891.8,7.726,1891.795,0.05285985003655737
1787026907375,1891.79,39.31,1891.8,7.326,1891.795,0.05285985003655737
1787026907376,1891.79,81.372,1891.8,3.921,1891.795,0.05285985003655737
1787026907377,1891.79,92.69,1891.8,3.921,1891.795,0.05285985003655737
1787026907378,1891.79,92.721,1891.8,8.994,1891.795,0.05285985003655737
1787026907379,1891.79,97.973,1891.8,8.994,1891.795,0.05285985003655737
1787026907380,1891.79,105.234,1891.8,5.073,1891.795,0.05285985003655737
1787026907381,1891.79,111.631,1891.8,5.073,1891.795,0.05285985003655737
1787026907382,1891.79,128.042,1891.8,5.073,1891.795,0.05285985003655737
1787026907383,1891.79,128.372,1891.8,10.031,1891.795,0.05285985003655737
1787026907384,1891.79,132.891,1891.8,5.073,1891.795,0.05285985003655737
1787026907385,1891.79,141.979,1891.8,5.073,1891.795,0.05285985003655737
1787026907386,1891.79,141.996,1891.8,5.073,1891.795,0.05285985003655737
1787026907387,1891.79,137.52,1891.8,5.073,1891.795,0.05285985003655737
1787026907388,1891.79,132.224,1891.8,5.073,1891.795,0.05285985003655737
1787026907389,1891.79,126.972,1891.8,5.073,1891.795,0.05285985003655737
1787026907395,1891.79,119.624,1891.8,5.073,1891.795,0.05285985003655737
1787026907396,1891.79,116.722,1891.8,5.073,1891.795,0.05285985003655737
1787026907397,1891.79,116.789,1891.8,5.073,1891.795,0.05285985003655737
1787026907398,1891.79,116.722,1891.8,5.073,1891.795,0.05285985003655737
1787026907399,1891.79,112.363,1891.8,5.073,1891.795,0.05285985003655737
1787026907400,1891.79,114.659,1891.8,5.073,1891.795,0.05285985003655737
1787026907401,1891.79,114.642,1891.8,5.073,1891.795,0.05285985003655737
1787026907402,1891.79,112.346,1891.8,5.073,1891.795,0.05285985003655737
1787026907407,1891.79,112.346,1891.83,1.701,1891.81,0.21143772366127478
1787026907408,1891.82,14.696,1891.83,1.701,1891.8249999999998,0.052859011800726316
1787026907409,1891.82,30.565,1891.83,1.701,1891.8249999999998,0.052859011800726316
1787026907410,1891.82,61.574,1891.83,1.701,1891.8249999999998,0.052859011800726316
1787026907411,1891.82,90.092,1891.83,1.701,1891.8249999999998,0.052859011800726316
1787026907413,1891.82,92.271,1891.83,1.701,1891.8249999999998,0.052859011800726316
1787026907415,1891.82,98.521,1891.83,1.701,1891.8249999999998,0.052859011800726316
1787026907418,1891.82,113.742,1891.83,1.701,1891.8249999999998,0.052859011800726316
1787026907419,1891.82,117.372,1891.83,1.701,1891.8249999999998,0.052859011800726316
1787026907421,1891.82,118.823,1891.83,1.701,1891.8249999999998,0.052859011800726316
1787026907422,1891.82,130.131,1891.83,1.701,1891.8249999999998,0.052859011800726316
1787026907425,1891.82,128.68,1891.83,1.701,1891.8249999999998,0.052859011800726316
1787026907427,1891.82,127.212,1891.83,1.701,1891.8249999999998,0.052859011800726316
1787026907429,1891.82,128.663,1891.83,1.701,1891.8249999999998,0.052859011800726316
1787026907430,1891.82,130.842,1891.83,1.701,1891.8249999999998,0.052859011800726316
1787026907431,1891.82,132.293,1891.83,1.701,1891.8249999999998,0.052859011800726316
1787026907432,1891.82,141.285,1891.83,1.701,1891.8249999999998,0.052859011800726316
1787026907435,1891.82,138.619,1891.83,1.701,1891.8249999999998,0.052859011800726316
1787026907439,1891.82,147.977,1891.83,1.701,1891.8249999999998,0.052859011800726316
1787026907440,1891.82,148.01,1891.83,1.701,1891.8249999999998,0.052859011800726316
1787026907441,1891.84,12.422,1891.89,3.751,1891.865,0.2642894709727274
1787026907442,1891.84,12.455,1891.89,3.751,1891.865,0.2642894709727274
1787026907443,1891.88,16.052,1891.89,3.751,1891.8850000000002,0.052857335408816625
1787026907444,1891.88,23.667,1891.89,3.751,1891.8850000000002,0.052857335408816625
1787026907445,1891.88,27.998,1891.89,3.751,1891.8850000000002,0.052857335408816625
1787026907446,1891.88,33.473,1891.89,3.751,1891.8850000000002,0.052857335408816625
1787026907447,1891.88,44.18,1891.89,3.751,1891.8850000000002,0.052857335408816625
1787026907448,1891.88,49.088,1891.89,3.739,1891.8850000000002,0.052857335408816625
1787026907449,1891.88,45.105,1891.89,3.739,1891.8850000000002,0.052857335408816625
1787026907450,1891.88,53.904,1891.89,3.739,1891.8850000000002,0.052857335408816625
1787026907452,1891.88,56.806,1891.89,3.739,1891.8850000000002,0.052857335408816625
1787026907453,1891.88,51.751,1891.89,3.739,1891.8850000000002,0.052857335408816625
1787026907455,1891.88,53.794,1891.89,3.739,1891.8850000000002,0.052857335408816625
1787026907456,1891.88,77.402,1891.89,3.739,1891.8850000000002,0.052857335408816625
1787026907457,1891.89,8.678,1891.91,0.011,1891.9,0.10571383265490675
1787026907458,1891.89,30.269,1891.91,2.912,1891.9,0.10571383265490675
1787026907459,1891.89,74.0,1891.91,2.912,1891.9,0.10571383265490675
1787026907460,1891.9,11.148,1891.91,2.912,1891.9050000000002,0.05285677663514238
1787026907461,1891.9,34.811,1891.91,5.825,1891.9050000000002,0.05285677663514238
1787026907462,1891.9,51.915,1891.91,2.913,1891.9050000000002,0.05285677663514238
1787026907463,1891.91,0.566,1891.92,18.016,1891.915,0.05285649725273548
1787026907465,1891.91,22.435,1891.92,18.016,1891.915,0.05285649725273548
1787026907466,1891.91,40.934,1891.92,18.016,1891.915,0.05285649725273548
1787026907467,1891.91,54.266,1891.92,18.016,1891.915,0.05285649725273548
1787026907468,1891.91,72.417,1891.92,18.016,1891.915,0.05285649725273548
1787026907469,1891.91,72.829,1891.92,18.016,1891.915,0.05285649725273548
1787026907470,1891.91,75.041,1891.92,18.016,1891.915,0.05285649725273548
1787026907471,1891.91,73.85,1891.92,18.016,1891.915,0.05285649725273548
1787026907472,1891.91,78.649,1891.92,18.016,1891.915,0.05285649725273548
1787026907473,1891.91,85.99,1891.92,33.873,1891.915,0.05285649725273548
1787026907474,1891.91,100.078,1891.92,33.873,1891.915,0.05285649725273548
1787026907475,1891.91,101.529,1891.92,34.722,1891.915,0.05285649725273548
1787026907476,1891.91,101.496,1891.92,34.722,1891.915,0.05285649725273548
1787026907477,1891.91,103.181,1891.92,34.722,1891.915,0.05285649725273548
1787026907478,1891.91,101.796,1891.92,34.722,1891.915,0.05285649725273548
1787026907479,1891.91,101.796,1891.92,34.722,1891.915,0.05285649725273548
1787026907481,1891.91,99.594,1891.92,34.722,1891.915,0.05285649725273548
1787026907482,1891.91,106.902,1891.92,34.722,1891.915,0.05285649725273548
1787026907483,1891.91,106.636,1891.92,34.722,1891.915,0.05285649725273548
1787026907484,1891.91,105.185,1891.92,34.722,1891.915,0.05285649725273548
1787026907485,1891.91,95.026,1891.92,18.865,1891.915,0.05285649725273548
1787026907486,1891.91,93.575,1891.92,18.865,1891.915,0.05285649725273548
1787026907488,1891.91,98.749,1891.92,18.865,1891.915,0.05285649725273548
1787026907489,1891.91,98.377,1891.92,18.865,1891.915,0.05285649725273548
1787026907490,1891.91,106.485,1891.92,18.865,1891.915,0.05285649725273548
1787026907491,1891.91,105.507,1891.92,18.865,1891.915,0.05285649725273548
1787026907492,1891.91,109.659,1891.92,18.865,1891.915,0.05285649725273548
1787026907493,1891.91,108.898,1891.92,18.865,1891.915,0.05285649725273548
1787026907494,1891.91,111.144,1891.92,23.291,1891.915,0.05285649725273548
1787026907495,1891.91,107.514,1891.92,23.291,1891.915,0.05285649725273548
1787026907496,1891.91,107.514,1891.92,23.224,1891.915,0.05285649725273548
1787026907498,1891.91,107.481,1891.92,23.224,1891.915,0.05285649725273548
1787026907499,1891.91,106.063,1891.92,23.224,1891.915,0.05285649725273548
1787026907500,1891.91,106.063,1891.92,18.865,1891.915,0.05285649725273548
1787026907501,1891.91,108.242,1891.92,18.865,1891.915,0.05285649725273548
1787026907502,1891.91,106.063,1891.92,18.865,1891.915,0.05285649725273548
1787026907503,1891.91,104.546,1891.92,18.865,1891.915,0.05285649725273548
1787026907505,1891.91,104.546,1891.92,18.849,1891.915,0.05285649725273548
1787026907507,1891.91,104.276,1891.92,18.849,1891.915,0.05285649725273548
1787026907508,1891.91,101.881,1891.92,18.849,1891.915,0.05285649725273548
1787026907509,1891.91,101.814,1891.92,18.849,1891.915,0.05285649725273548
1787026907511,1891.91,101.847,1891.92,18.849,1891.915,0.05285649725273548
1787026907512,1891.91,104.174,1891.92,18.849,1891.915,0.05285649725273548
1787026907516,1891.91,108.533,1891.92,18.849,1891.915,0.05285649725273548
1787026907517,1891.91,103.96,1891.92,18.849,1891.915,0.05285649725273548
1787026907518,1891.91,103.96,1891.92,18.865,1891.915,0.05285649725273548
1787026907520,1891.91,101.781,1891.92,23.861,1891.915,0.05285649725273548
1787026907521,1891.91,101.781,1891.92,18.865,1891.915,0.05285649725273548
1787026907526,1891.91,96.781,1891.92,18.865,1891.915,0.05285649725273548
1787026907530,1891.91,91.673,1891.92,18.865,1891.915,0.05285649725273548
1787026907568,1891.91,90.673,1891.92,18.865,1891.915,0.05285649725273548
1787026907620,1891.91,90.673,1891.92,18.016,1891.915,0.05285649725273548
1787026907621,1891.91,90.673,1891.92,18.0,1891.915,0.05285649725273548
1787026907622,1891.91,95.673,1891.92,18.0,1891.915,0.05285649725273548
1787026907627,1891.91,95.689,1891.92,18.016,1891.915,0.05285649725273548
1787026907640,1891.91,95.795,1891.92,18.016,1891.915,0.05285649725273548
1787026907653,1891.91,95.899,1891.92,18.016,1891.915,0.05285649725273548
1787026907679,1891.91,95.899,1891.92,18.003,1891.915,0.05285649725273548
1787026907680,1891.91,95.899,1891.93,0.028,1891.92,0.10571271512527912
1787026907681,1891.92,22.301,1891.93,0.028,1891.9250000000002,0.05285621787328199
1787026907682,1891.94,46.965,1891.95,1.27,1891.9450000000002,0.0528556591232351
1787026907683,1891.94,64.52,1891.95,1.27,1891.9450000000002,0.0528556591232351
1787026907684,1891.94,168.748,1891.95,1.27,1891.9450000000002,0.0528556591232351
1787026907685,1891.94,159.237,1891.95,1.27,1891.9450000000002,0.0528556591232351
1787026907686,1891.94,154.406,1891.95,1.27,1891.9450000000002,0.0528556591232351
1787026907687,1891.94,163.494,1891.95,1.27,1891.9450000000002,0.0528556591232351
1787026907700,1891.94,163.28,1891.95,1.27,1891.9450000000002,0.0528556591232351
1787026907717,1891.94,156.039,1891.95,1.27,1891.9450000000002,0.0528556591232351
1787026907722,1891.94,156.039,1891.95,2.119,1891.9450000000002,0.0528556591232351
1787026907737,1891.94,156.055,1891.95,2.135,1891.9450000000002,0.0528556591232351
1787026907781,1891.94,134.671,1891.95,6.561,1891.9450000000002,0.0528556591232351
1787026907782,1891.94,112.747,1891.95,6.545,1891.9450000000002,0.0528556591232351
1787026907817,1891.94,117.747,1891.95,6.545,1891.9450000000002,0.0528556591232351
1787026907842,1891.94,117.747,1891.95,6.561,1891.9450000000002,0.0528556591232351
1787026907851,1891.94,117.747,1891.95,6.494,1891.9450000000002,0.0528556591232351
1787026907979,1891.94,117.782,1891.95,6.494,1891.9450000000002,0.0528556591232351
1787026908064,1891.94,120.425,1891.95,6.494,1891.9450000000002,0.0528556591232351
1787026908098,1891.94,120.954,1891.95,6.494,1891.9450000000002,0.0528556591232351
1787026908326,1891.94,120.954,1891.95,2.135,1891.9450000000002,0.0528556591232351
1787026908329,1891.94,120.954,1891.95,6.494,1891.9450000000002,0.0528556591232351
1787026908330,1891.94,120.954,1891.95,6.478,1891.9450000000002,0.0528556591232351
1787026908331,1891.94,120.954,1891.95,6.494,1891.9450000000002,0.0528556591232351
1787026908398,1891.94,120.954,1891.95,6.758,1891.9450000000002,0.0528556591232351
1787026908672,1891.94,120.974,1891.95,6.758,1891.9450000000002,0.0528556591232351
1787026908675,1891.94,120.974,1891.95,6.807,1891.9450000000002,0.0528556591232351
1787026908687,1891.94,120.974,1891.95,6.794,1891.9450000000002,0.0528556591232351
1787026908688,1891.94,120.974,1891.95,2.435,1891.9450000000002,0.0528556591232351
1787026908689,1891.94,120.974,1891.95,6.794,1891.9450000000002,0.0528556591232351
1787026908694,1891.94,120.974,1891.95,6.778,1891.9450000000002,0.0528556591232351
1787026908695,1891.94,120.974,1891.95,6.794,1891.9450000000002,0.0528556591232351
1787026908835,1891.94,120.998,1891.95,6.794,1891.9450000000002,0.0528556591232351
1787026908941,1891.94,120.998,1891.95,2.435,1891.9450000000002,0.0528556591232351
1787026908943,1891.94,121.212,1891.95,2.435,1891.9450000000002,0.0528556591232351
1787026908953,1891.94,121.212,1891.95,2.505,1891.9450000000002,0.0528556591232351
1787026909325,1891.94,121.212,1891.95,6.864,1891.9450000000002,0.0528556591232351
1787026909326,1891.94,120.998,1891.95,6.848,1891.9450000000002,0.0528556591232351
1787026909327,1891.94,120.998,1891.95,6.864,1891.9450000000002,0.0528556591232351
1787026909335,1891.94,122.048,1891.95,6.864,1891.9450000000002,0.0528556591232351
1787026909507,1891.94,122.339,1891.95,6.864,1891.9450000000002,0.0528556591232351
1787026909887,1891.94,122.445,1891.95,6.864,1891.9450000000002,0.0528556591232351
1787026909901,1891.94,122.549,1891.95,6.864,1891.9450000000002,0.0528556591232351
1787026910265,1891.94,111.274,1891.95,6.864,1891.9450000000002,0.0528556591232351
1787026910307,1891.94,106.274,1891.95,6.864,1891.9450000000002,0.0528556591232351
1787026910341,1891.94,111.274,1891.95,6.864,1891.9450000000002,0.0528556591232351
1787026911123,1891.94,111.274,1891.95,6.898,1891.9450000000002,0.0528556591232351
1787026911418,1891.94,111.274,1891.95,6.049,1891.9450000000002,0.0528556591232351
1787026911420,1891.94,111.274,1891.95,1.69,1891.9450000000002,0.0528556591232351
1787026911518,1891.94,111.274,1891.95,2.539,1891.9450000000002,0.0528556591232351
1787026911556,1891.94,111.435,1891.95,2.539,1891.9450000000002,0.0528556591232351
1787026911690,1891.94,111.415,1891.95,2.539,1891.9450000000002,0.0528556591232351
1787026912040,1891.94,111.415,1891.95,6.898,1891.9450000000002,0.0528556591232351
1787026912042,1891.94,111.415,1891.95,6.882,1891.9450000000002,0.0528556591232351
1787026912043,1891.94,111.415,1891.95,6.898,1891.9450000000002,0.0528556591232351
1787026912193,1891.94,106.415,1891.95,6.898,1891.9450000000002,0.0528556591232351
1787026912194,1891.94,109.215,1891.95,6.898,1891.9450000000002,0.0528556591232351
1787026912507,1891.94,109.479,1891.95,6.898,1891.9450000000002,0.0528556591232351
1787026913235,1891.94,109.499,1891.95,6.898,1891.9450000000002,0.0528556591232351
1787026913822,1891.94,109.499,1891.95,6.598,1891.9450000000002,0.0528556591232351
1787026913824,1891.94,109.499,1891.95,2.239,1891.9450000000002,0.0528556591232351
1787026914215,1891.94,109.499,1891.95,6.598,1891.9450000000002,0.0528556591232351
1787026914216,1891.94,109.499,1891.95,6.582,1891.9450000000002,0.0528556591232351
1787026914217,1891.94,109.499,1891.95,6.598,1891.9450000000002,0.0528556591232351
1787026914233,1891.94,106.699,1891.95,6.598,1891.9450000000002,0.0528556591232351
1787026914234,1891.94,108.699,1891.95,6.598,1891.9450000000002,0.0528556591232351
1787026914302,1891.94,97.584,1891.95,17.713,1891.9450000000002,0.0528556591232351
1787026914303,1891.94,97.584,1891.95,17.697,1891.9450000000002,0.0528556591232351
1787026914345,1891.94,97.584,1891.95,17.713,1891.9450000000002,0.0528556591232351
1787026914355,1891.94,97.584,1891.95,17.679,1891.9450000000002,0.0528556591232351
1787026914391,1891.94,97.584,1891.95,6.564,1891.9450000000002,0.0528556591232351
1787026914392,1891.94,108.699,1891.95,6.564,1891.9450000000002,0.0528556591232351
1787026915077,1891.94,108.711,1891.95,6.564,1891.9450000000002,0.0528556591232351
1787026915507,1891.94,108.994,1891.95,6.564,1891.9450000000002,0.0528556591232351
1787026916263,1891.94,108.974,1891.95,6.564,1891.9450000000002,0.0528556591232351
1787026917427,1891.94,113.974,1891.95,6.564,1891.9450000000002,0.0528556591232351
1787026917668,1891.94,108.974,1891.95,6.564,1891.9450000000002,0.0528556591232351
1787026917807,1891.94,108.994,1891.95,6.564,1891.9450000000002,0.0528556591232351
1787026918507,1891.94,109.31,1891.95,6.564,1891.9450000000002,0.0528556591232351
1787026918879,1891.94,98.195,1891.95,17.679,1891.9450000000002,0.0528556591232351
1787026918880,1891.94,98.195,1891.95,17.679,1891.9450000000002,0.0528556591232351
1787026918998,1891.94,80.022,1891.95,27.414,1891.9450000000002,0.0528556591232351
1787026919001,1891.94,77.558,1891.95,27.414,1891.9450000000002,0.0528556591232351
1787026919009,1891.94,77.558,1891.95,36.85,1891.9450000000002,0.0528556591232351
1787026919010,1891.94,77.558,1891.95,36.85,1891.9450000000002,0.0528556591232351
1787026919093,1891.94,75.558,1891.95,36.85,1891.9450000000002,0.0528556591232351
1787026919094,1891.94,76.358,1891.95,36.85,1891.9450000000002,0.0528556591232351
1787026919100,1891.94,75.829,1891.95,36.85,1891.9450000000002,0.0528556591232351
1787026919114,1891.94,75.829,1891.95,31.592,1891.9450000000002,0.0528556591232351
1787026919116,1891.94,72.927,1891.95,36.574,1891.9450000000002,0.0528556591232351
1787026919117,1891.94,72.927,1891.95,36.574,1891.9450000000002,0.0528556591232351
1787026919118,1891.94,72.927,1891.95,39.476,1891.9450000000002,0.0528556591232351
1787026919119,1891.94,63.773,1891.95,39.476,1891.9450000000002,0.0528556591232351
1787026919120,1891.94,58.298,1891.95,39.476,1891.9450000000002,0.0528556591232351
1787026919133,1891.94,58.298,1891.95,44.476,1891.9450000000002,0.0528556591232351
1787026919145,1891.94,51.898,1891.95,44.476,1891.9450000000002,0.0528556591232351
1787026919156,1891.94,43.79,1891.95,44.476,1891.9450000000002,0.0528556591232351
1787026919157,1891.94,33.033,1891.95,44.476,1891.9450000000002,0.0528556591232351
1787026919158,1891.94,33.009,1891.95,44.476,1891.9450000000002,0.0528556591232351
1787026919163,1891.94,32.209,1891.95,44.476,1891.9450000000002,0.0528556591232351
1787026919164,1891.94,32.609,1891.95,44.476,1891.9450000000002,0.0528556591232351
1787026919181,1891.94,32.609,1891.95,39.476,1891.9450000000002,0.0528556591232351
1787026919183,1891.94,32.609,1891.95,36.574,1891.9450000000002,0.0528556591232351
1787026919188,1891.94,32.609,1891.95,31.592,1891.9450000000002,0.0528556591232351
1787026919189,1891.94,35.043,1891.95,31.592,1891.9450000000002,0.0528556591232351
1787026919219,1891.94,35.043,1891.95,27.115,1891.9450000000002,0.0528556591232351
1787026919231,1891.94,35.043,1891.95,32.246,1891.9450000000002,0.0528556591232351
1787026919233,1891.94,35.043,1891.95,32.23,1891.9450000000002,0.0528556591232351
1787026919234,1891.94,35.043,1891.95,32.246,1891.9450000000002,0.0528556591232351
1787026919235,1891.94,35.043,1891.95,37.482,1891.9450000000002,0.0528556591232351
1787026919319,1891.94,35.043,1891.95,32.246,1891.9450000000002,0.0528556591232351
1787026919370,1891.94,35.043,1891.95,32.275,1891.9450000000002,0.0528556591232351
1787026919572,1891.94,35.043,1891.95,32.246,1891.9450000000002,0.0528556591232351
