ts,bid,bidq,ask,askq,mid,spread_bp
1787025551184,0.001396,1336150.0,0.001397,2209754.0,0.0013965000000000002,7.160759040457685
1787025551675,0.001396,1332820.0,0.001397,2209754.0,0.0013965000000000002,7.160759040457685
1787025551885,0.001396,1332820.0,0.001397,2232883.0,0.0013965000000000002,7.160759040457685
1787025551984,0.001396,1327382.0,0.001397,2232883.0,0.0013965000000000002,7.160759040457685
1787025552181,0.001396,1327382.0,0.001397,2209754.0,0.0013965000000000002,7.160759040457685
1787025552344,0.001396,1327382.0,0.001397,2205995.0,0.0013965000000000002,7.160759040457685
1787025552348,0.001396,1327382.0,0.001397,2216062.0,0.0013965000000000002,7.160759040457685
1787025552633,0.001396,1327382.0,0.001397,2226977.0,0.0013965000000000002,7.160759040457685
1787025552899,0.001396,1322069.0,0.001397,2226977.0,0.0013965000000000002,7.160759040457685
1787025552985,0.001396,1322069.0,0.001397,2249406.0,0.0013965000000000002,7.160759040457685
1787025553098,0.001396,1518363.0,0.001397,2249406.0,0.0013965000000000002,7.160759040457685
1787025553233,0.001396,1518363.0,0.001397,2478956.0,0.0013965000000000002,7.160759040457685
1787025553380,0.001396,1518363.0,0.001397,2468516.0,0.0013965000000000002,7.160759040457685
1787025553383,0.001396,1518363.0,0.001397,2627699.0,0.0013965000000000002,7.160759040457685
1787025553582,0.001396,1518363.0,0.001397,2605270.0,0.0013965000000000002,7.160759040457685
1787025553738,0.001396,1518363.0,0.001397,1480133.0,0.0013965000000000002,7.160759040457685
1787025553739,0.001396,1518363.0,0.001397,1468317.0,0.0013965000000000002,7.160759040457685
1787025553754,0.001396,1518363.0,0.001397,1353707.0,0.0013965000000000002,7.160759040457685
1787025553756,0.001396,2532067.0,0.001397,1353707.0,0.0013965000000000002,7.160759040457685
1787025553758,0.001396,1732067.0,0.001397,1365523.0,0.0013965000000000002,7.160759040457685
1787025553759,0.001396,1732067.0,0.001397,1365523.0,0.0013965000000000002,7.160759040457685
1787025553760,0.001396,1732067.0,0.001397,1250913.0,0.0013965000000000002,7.160759040457685
1787025553761,0.001396,1732067.0,0.001397,1480463.0,0.0013965000000000002,7.160759040457685
1787025553762,0.001396,2532067.0,0.001397,1480463.0,0.0013965000000000002,7.160759040457685
1787025553763,0.001396,2532067.0,0.001397,1250913.0,0.0013965000000000002,7.160759040457685
1787025553765,0.001396,1732067.0,0.001397,1250913.0,0.0013965000000000002,7.160759040457685
1787025553782,0.001396,1732067.0,0.001397,1273342.0,0.0013965000000000002,7.160759040457685
1787025553856,0.001396,1732067.0,0.001397,1309334.0,0.0013965000000000002,7.160759040457685
1787025553865,0.001396,1696074.0,0.001397,1309334.0,0.0013965000000000002,7.160759040457685
1787025553867,0.001396,1696074.0,0.001397,1538884.0,0.0013965000000000002,7.160759040457685
1787025553988,0.001396,1696074.0,0.001397,2294250.0,0.0013965000000000002,7.160759040457685
1787025553989,0.001396,1696074.0,0.001397,2282434.0,0.0013965000000000002,7.160759040457685
1787025553995,0.001396,1696074.0,0.001397,2294250.0,0.0013965000000000002,7.160759040457685
1787025554181,0.001396,1696074.0,0.001397,2271821.0,0.0013965000000000002,7.160759040457685
1787025554183,0.001396,1692613.0,0.001397,2271821.0,0.0013965000000000002,7.160759040457685
1787025554556,0.001396,1692613.0,0.001397,1286905.0,0.0013965000000000002,7.160759040457685
1787025554598,0.001396,1777240.0,0.001397,1286905.0,0.0013965000000000002,7.160759040457685
1787025554881,0.001396,1777240.0,0.001397,1309323.0,0.0013965000000000002,7.160759040457685
1787025554886,0.001396,2683074.0,0.001397,1309323.0,0.0013965000000000002,7.160759040457685
1787025554887,0.001396,2683074.0,0.001397,1309323.0,0.0013965000000000002,7.160759040457685
1787025555037,0.001396,2722900.0,0.001397,1309323.0,0.0013965000000000002,7.160759040457685
1787025555067,0.001396,2722900.0,0.001397,1108771.0,0.0013965000000000002,7.160759040457685
1787025555082,0.001396,2722900.0,0.001397,1086353.0,0.0013965000000000002,7.160759040457685
1787025555097,0.001396,2820831.0,0.001397,1086353.0,0.0013965000000000002,7.160759040457685
1787025555098,0.001396,2919639.0,0.001397,1086353.0,0.0013965000000000002,7.160759040457685
1787025555100,0.001397,178954.0,0.001398,2784962.0,0.0013974999999999999,7.155635062611206
1787025555101,0.001397,479386.0,0.001398,558178.0,0.0013974999999999999,7.155635062611206
1787025555102,0.001397,727940.0,0.001398,855636.0,0.0013974999999999999,7.155635062611206
1787025555103,0.001397,799522.0,0.001398,992198.0,0.0013974999999999999,7.155635062611206
1787025555104,0.001397,778572.0,0.001398,1272137.0,0.0013974999999999999,7.155635062611206
1787025555108,0.001397,778572.0,0.001398,1346743.0,0.0013974999999999999,7.155635062611206
1787025555121,0.001397,706990.0,0.001398,1346743.0,0.0013974999999999999,7.155635062611206
1787025555188,0.001397,706990.0,0.001398,1358550.0,0.0013974999999999999,7.155635062611206
1787025555189,0.001397,718797.0,0.001398,1358550.0,0.0013974999999999999,7.155635062611206
1787025555273,0.001397,716556.0,0.001398,1358550.0,0.0013974999999999999,7.155635062611206
1787025555300,0.001397,822519.0,0.001398,1358550.0,0.0013974999999999999,7.155635062611206
1787025555301,0.001397,1713364.0,0.001398,1358550.0,0.0013974999999999999,7.155635062611206
1787025555302,0.001397,1701557.0,0.001398,2194562.0,0.0013974999999999999,7.155635062611206
1787025555303,0.001397,1713364.0,0.001398,2194562.0,0.0013974999999999999,7.155635062611206
1787025555362,0.001397,1713364.0,0.001398,2190623.0,0.0013974999999999999,7.155635062611206
1787025555369,0.001397,1641784.0,0.001398,2190623.0,0.0013974999999999999,7.155635062611206
1787025555372,0.001397,750939.0,0.001398,2190623.0,0.0013974999999999999,7.155635062611206
1787025555501,0.001397,652131.0,0.001398,2190623.0,0.0013974999999999999,7.155635062611206
1787025555683,0.001397,652131.0,0.001398,2213517.0,0.0013974999999999999,7.155635062611206
1787025555687,0.001397,1463397.0,0.001398,2213517.0,0.0013974999999999999,7.155635062611206
1787025555689,0.001397,1463397.0,0.001398,2213517.0,0.0013974999999999999,7.155635062611206
1787025555951,0.001397,1467195.0,0.001398,2213517.0,0.0013974999999999999,7.155635062611206
1787025556082,0.001397,1467195.0,0.001398,2190623.0,0.0013974999999999999,7.155635062611206
1787025556119,0.001397,1467195.0,0.001398,1807112.0,0.0013974999999999999,7.155635062611206
1787025556176,0.001397,1467195.0,0.001398,1663949.0,0.0013974999999999999,7.155635062611206
1787025556177,0.001397,1467195.0,0.001398,1652142.0,0.0013974999999999999,7.155635062611206
1787025556179,0.001397,1467195.0,0.001398,1663949.0,0.0013974999999999999,7.155635062611206
1787025556259,0.001397,1368575.0,0.001398,1663949.0,0.0013974999999999999,7.155635062611206
1787025556260,0.001397,557309.0,0.001398,1663949.0,0.0013974999999999999,7.155635062611206
1787025556261,0.001397,557309.0,0.001398,2120235.0,0.0013974999999999999,7.155635062611206
1787025556339,0.001397,552425.0,0.001398,2120235.0,0.0013974999999999999,7.155635062611206
1787025556837,0.001397,556295.0,0.001398,2120235.0,0.0013974999999999999,7.155635062611206
1787025557567,0.001397,554101.0,0.001398,2120235.0,0.0013974999999999999,7.155635062611206
1787025557680,0.001397,554101.0,0.001398,2142678.0,0.0013974999999999999,7.155635062611206
1787025558183,0.001397,554101.0,0.001398,2120235.0,0.0013974999999999999,7.155635062611206
1787025558675,0.001397,549851.0,0.001398,2120235.0,0.0013974999999999999,7.155635062611206
1787025558681,0.001397,549851.0,0.001398,2142690.0,0.0013974999999999999,7.155635062611206
1787025558864,0.001397,1297302.0,0.001398,2142690.0,0.0013974999999999999,7.155635062611206
1787025558865,0.001397,1285495.0,0.001398,1686404.0,0.0013974999999999999,7.155635062611206
1787025558925,0.001397,1297302.0,0.001398,1686404.0,0.0013974999999999999,7.155635062611206
1787025559083,0.001397,1297302.0,0.001398,1663949.0,0.0013974999999999999,7.155635062611206
1787025559100,0.001397,1492446.0,0.001398,1663949.0,0.0013974999999999999,7.155635062611206
1787025559364,0.001397,1492446.0,0.001398,1715187.0,0.0013974999999999999,7.155635062611206
1787025559787,0.001397,1492446.0,0.001398,879175.0,0.0013974999999999999,7.155635062611206
1787025559789,0.001397,1492446.0,0.001398,589099.0,0.0013974999999999999,7.155635062611206
1787025559861,0.001397,1488147.0,0.001398,589099.0,0.0013974999999999999,7.155635062611206
1787025560099,0.001397,1586955.0,0.001398,589099.0,0.0013974999999999999,7.155635062611206
1787025560564,0.001397,1586955.0,0.001398,1443880.0,0.0013974999999999999,7.155635062611206
1787025560565,0.001397,1511348.0,0.001398,1661948.0,0.0013974999999999999,7.155635062611206
1787025560598,0.001397,1593995.0,0.001398,1661948.0,0.0013974999999999999,7.155635062611206
1787025560698,0.001397,1495187.0,0.001398,1661948.0,0.0013974999999999999,7.155635062611206
1787025560743,0.001397,1888313.0,0.001398,1606498.0,0.0013974999999999999,7.155635062611206
1787025560744,0.001397,1888313.0,0.001398,1610433.0,0.0013974999999999999,7.155635062611206
1787025560745,0.001397,1495187.0,0.001398,1610433.0,0.0013974999999999999,7.155635062611206
1787025560746,0.001397,1483380.0,0.001398,1610433.0,0.0013974999999999999,7.155635062611206
1787025560747,0.001397,1495187.0,0.001398,1610433.0,0.0013974999999999999,7.155635062611206
1787025560882,0.001397,1495187.0,0.001398,1632878.0,0.0013974999999999999,7.155635062611206
1787025560998,0.001397,1493225.0,0.001398,1632878.0,0.0013974999999999999,7.155635062611206
1787025561356,0.001397,1500354.0,0.001398,1632878.0,0.0013974999999999999,7.155635062611206
1787025561581,0.001397,1500354.0,0.001398,1610433.0,0.0013974999999999999,7.155635062611206
1787025561597,0.001397,1417707.0,0.001398,1610433.0,0.0013974999999999999,7.155635062611206
1787025561658,0.001397,1417707.0,0.001398,1566432.0,0.0013974999999999999,7.155635062611206
1787025561983,0.001397,1417707.0,0.001398,1588877.0,0.0013974999999999999,7.155635062611206
1787025562013,0.001397,1413845.0,0.001398,1588877.0,0.0013974999999999999,7.155635062611206
1787025562482,0.001397,1413845.0,0.001398,1566432.0,0.0013974999999999999,7.155635062611206
1787025562985,0.001397,1413845.0,0.001398,1588877.0,0.0013974999999999999,7.155635062611206
1787025563028,0.001397,1396804.0,0.001398,1588877.0,0.0013974999999999999,7.155635062611206
1787025563038,0.001397,1437579.0,0.001398,1588877.0,0.0013974999999999999,7.155635062611206
1787025563080,0.001397,1437579.0,0.001398,1566432.0,0.0013974999999999999,7.155635062611206
1787025563083,0.001397,1437579.0,0.001398,1530642.0,0.0013974999999999999,7.155635062611206
1787025563161,0.001397,1437579.0,0.001398,1312574.0,0.0013974999999999999,7.155635062611206
1787025563201,0.001397,1536387.0,0.001398,1312574.0,0.0013974999999999999,7.155635062611206
1787025563229,0.001397,1533696.0,0.001398,457793.0,0.0013974999999999999,7.155635062611206
1787025563230,0.001397,1533696.0,0.001398,457793.0,0.0013974999999999999,7.155635062611206
1787025563399,0.001397,1556530.0,0.001398,457793.0,0.0013974999999999999,7.155635062611206
1787025563401,0.001397,1951434.0,0.001399,3201934.0,0.001398,14.306151645207787
1787025563402,0.001397,1772307.0,0.001398,3935.0,0.0013974999999999999,7.155635062611206
1787025563403,0.001397,1556530.0,0.001398,690183.0,0.0013974999999999999,7.155635062611206
1787025563404,0.001397,1377403.0,0.001399,3002259.0,0.001398,14.306151645207787
1787025563405,0.001398,393150.0,0.001399,2817305.0,0.0013985,7.150518412585862
1787025563406,0.001398,619058.0,0.001399,1810121.0,0.0013985,7.150518412585862
1787025563407,0.001398,690589.0,0.001399,1946585.0,0.0013985,7.150518412585862
1787025563408,0.001398,739066.0,0.001399,1946585.0,0.0013985,7.150518412585862
1787025563427,0.001398,815797.0,0.001399,1946585.0,0.0013985,7.150518412585862
1787025563452,0.001398,1573677.0,0.001399,2732050.0,0.0013985,7.150518412585862
1787025563455,0.001398,1577970.0,0.001399,2732050.0,0.0013985,7.150518412585862
1787025563558,0.001398,1589769.0,0.001399,2743849.0,0.0013985,7.150518412585862
1787025563601,0.001398,1688577.0,0.001399,2743849.0,0.0013985,7.150518412585862
1787025563731,0.001398,1688577.0,0.001399,2738134.0,0.0013985,7.150518412585862
1787025563797,0.001398,1695727.0,0.001399,2738134.0,0.0013985,7.150518412585862
1787025563879,0.001398,1874726.0,0.001399,2738134.0,0.0013985,7.150518412585862
1787025563962,0.001398,1878524.0,0.001399,2738134.0,0.0013985,7.150518412585862
1787025564000,0.001398,1779716.0,0.001399,2738134.0,0.0013985,7.150518412585862
1787025564098,0.001398,1973908.0,0.001399,2738134.0,0.0013985,7.150518412585862
1787025564100,0.001398,1902377.0,0.001399,2738134.0,0.0013985,7.150518412585862
1787025564253,0.001398,1897054.0,0.001399,2738134.0,0.0013985,7.150518412585862
1787025564424,0.001398,1897054.0,0.001399,2595073.0,0.0013985,7.150518412585862
1787025564451,0.001398,1897054.0,0.001399,2211699.0,0.0013985,7.150518412585862
1787025564597,0.001398,1913153.0,0.001399,2211699.0,0.0013985,7.150518412585862
1787025564886,0.001398,1917023.0,0.001399,2211699.0,0.0013985,7.150518412585862
1787025565148,0.001398,1920779.0,0.001399,2211699.0,0.0013985,7.150518412585862
1787025565386,0.001398,1920779.0,0.001399,2068638.0,0.0013985,7.150518412585862
1787025565387,0.001398,1920779.0,0.001399,815893.0,0.0013985,7.150518412585862
1787025565388,0.001398,1970996.0,0.001399,30428.0,0.0013985,7.150518412585862
1787025565389,0.001399,491453.0,0.0014,2478127.0,0.0013995000000000001,7.1454090746689225
1787025565390,0.001399,493221.0,0.0014,1880456.0,0.0013995000000000001,7.1454090746689225
1787025565391,0.001399,824429.0,0.0014,1896926.0,0.0013995000000000001,7.1454090746689225
1787025565393,0.001399,828361.0,0.0014,2128109.0,0.0013995000000000001,7.1454090746689225
1787025565432,0.001399,1304602.0,0.0014,2128109.0,0.0013995000000000001,7.1454090746689225
1787025565439,0.001399,1301944.0,0.0014,2128109.0,0.0013995000000000001,7.1454090746689225
1787025565551,0.001399,1313734.0,0.0014,2139899.0,0.0013995000000000001,7.1454090746689225
1787025565616,0.001399,2190365.0,0.0014,2896269.0,0.0013995000000000001,7.1454090746689225
1787025565617,0.001399,2118885.0,0.0014,2896269.0,0.0013995000000000001,7.1454090746689225
1787025565623,0.001399,1767552.0,0.0014,2896269.0,0.0013995000000000001,7.1454090746689225
1787025565624,0.001399,1545579.0,0.0014,2896269.0,0.0013995000000000001,7.1454090746689225
1787025565625,0.001399,657158.0,0.0014,2896269.0,0.0013995000000000001,7.1454090746689225
1787025565626,0.001399,532183.0,0.0014,3309984.0,0.0013995000000000001,7.1454090746689225
1787025565656,0.001399,535936.0,0.0014,3309984.0,0.0013995000000000001,7.1454090746689225
1787025565658,0.001399,547726.0,0.0014,3309984.0,0.0013995000000000001,7.1454090746689225
1787025565683,0.001399,547726.0,0.0014,3333043.0,0.0013995000000000001,7.1454090746689225
1787025565799,0.001399,554871.0,0.0014,3333043.0,0.0013995000000000001,7.1454090746689225
1787025565831,0.001399,352722.0,0.0014,3333043.0,0.0013995000000000001,7.1454090746689225
1787025565832,0.001399,227348.0,0.0014,3333043.0,0.0013995000000000001,7.1454090746689225
1787025565833,0.001399,227348.0,0.0014,3816720.0,0.0013995000000000001,7.1454090746689225
1787025565834,0.001399,178871.0,0.0014,2576673.0,0.0013995000000000001,7.1454090746689225
1787025565835,0.001399,37330.0,0.0014,2564883.0,0.0013995000000000001,7.1454090746689225
1787025565836,0.001398,2263034.0,0.001399,617593.0,0.0013985,7.150518412585862
1787025565837,0.001398,949698.0,0.001399,1123708.0,0.0013985,7.150518412585862
1787025565839,0.001398,949698.0,0.001399,945137.0,0.0013985,7.150518412585862
1787025565840,0.001398,949698.0,0.001399,1163205.0,0.0013985,7.150518412585862
1787025565841,0.001398,949698.0,0.001399,1211682.0,0.0013985,7.150518412585862
1787025565859,0.001398,873764.0,0.001399,1211682.0,0.0013985,7.150518412585862
1787025565873,0.001398,873764.0,0.001399,1070443.0,0.0013985,7.150518412585862
1787025565874,0.001398,1673764.0,0.001399,1070443.0,0.0013985,7.150518412585862
1787025565875,0.001398,1753319.0,0.001399,1070443.0,0.0013985,7.150518412585862
1787025566006,0.001398,1753319.0,0.001399,976029.0,0.0013985,7.150518412585862
1787025566066,0.001398,2578223.0,0.001399,976029.0,0.0013985,7.150518412585862
1787025566068,0.001398,2578223.0,0.001399,927552.0,0.0013985,7.150518412585862
1787025566153,0.001398,2578223.0,0.001399,1787044.0,0.0013985,7.150518412585862
1787025566168,0.001398,2590022.0,0.001399,1798843.0,0.0013985,7.150518412585862
1787025566223,0.001398,2590022.0,0.001399,2130799.0,0.0013985,7.150518412585862
1787025566297,0.001398,2597172.0,0.001399,2130799.0,0.0013985,7.150518412585862
1787025566317,0.001398,1797172.0,0.001399,2130799.0,0.0013985,7.150518412585862
1787025566318,0.001398,1717617.0,0.001399,2130799.0,0.0013985,7.150518412585862
1787025566343,0.001398,1717617.0,0.001399,2134731.0,0.0013985,7.150518412585862
1787025566477,0.001398,1714354.0,0.001399,2134731.0,0.0013985,7.150518412585862
1787025566598,0.001398,1698255.0,0.001399,2134731.0,0.0013985,7.150518412585862
1787025566850,0.001398,1877254.0,0.001399,2134731.0,0.0013985,7.150518412585862
1787025566883,0.001398,1877254.0,0.001399,2157560.0,0.0013985,7.150518412585862
1787025566987,0.001398,1877254.0,0.001399,1709650.0,0.0013985,7.150518412585862
1787025567129,0.001398,1877254.0,0.001399,850158.0,0.0013985,7.150518412585862
1787025567298,0.001398,1870104.0,0.001399,850158.0,0.0013985,7.150518412585862
1787025567344,0.001398,1870104.0,0.001399,1593593.0,0.0013985,7.150518412585862
1787025567345,0.001398,1870104.0,0.001399,1593593.0,0.0013985,7.150518412585862
1787025567753,0.001398,1865952.0,0.001399,1593593.0,0.0013985,7.150518412585862
1787025567768,0.001398,1865952.0,0.001399,1570764.0,0.0013985,7.150518412585862
1787025567796,0.001398,1873102.0,0.001399,1570764.0,0.0013985,7.150518412585862
1787025567943,0.001398,1873060.0,0.001399,1570764.0,0.0013985,7.150518412585862
1787025567983,0.001398,1873060.0,0.001399,1593579.0,0.0013985,7.150518412585862
1787025568019,0.001398,1873060.0,0.001399,1228985.0,0.0013985,7.150518412585862
1787025568051,0.001398,1876637.0,0.001399,1228985.0,0.0013985,7.150518412585862
1787025568182,0.001398,1876637.0,0.001399,1206170.0,0.0013985,7.150518412585862
1787025568296,0.001398,1869487.0,0.001399,1206170.0,0.0013985,7.150518412585862
1787025568598,0.001398,1878912.0,0.001399,1206170.0,0.0013985,7.150518412585862
1787025568782,0.001398,1878912.0,0.001399,1228985.0,0.0013985,7.150518412585862
1787025568797,0.001398,1886062.0,0.001399,1228985.0,0.0013985,7.150518412585862
1787025569081,0.001398,1886062.0,0.001399,1206170.0,0.0013985,7.150518412585862
1787025569109,0.001398,1882906.0,0.001399,1206170.0,0.0013985,7.150518412585862
1787025569267,0.001398,1882906.0,0.001399,462735.0,0.0013985,7.150518412585862
1787025569269,0.001398,1882906.0,0.001399,511212.0,0.0013985,7.150518412585862
1787025569299,0.001398,1875756.0,0.001399,511212.0,0.0013985,7.150518412585862
1787025569625,0.001398,1855043.0,0.001399,511212.0,0.0013985,7.150518412585862
1787025569687,0.001398,1855043.0,0.0014,3486880.0,0.001399,14.295925661186908
1787025569688,0.001399,491415.0,0.0014,3347703.0,0.0013995000000000001,7.1454090746689225
1787025569689,0.001399,1533630.0,0.0014,3508524.0,0.0013995000000000001,7.1454090746689225
1787025569690,0.001399,1537562.0,0.0014,3508524.0,0.0013995000000000001,7.1454090746689225
1787025569692,0.001399,1509168.0,0.0014,3651483.0,0.0013995000000000001,7.1454090746689225
1787025569693,0.001399,1509168.0,0.0014,3167806.0,0.0013995000000000001,7.1454090746689225
1787025569899,0.001399,1607976.0,0.0014,3167806.0,0.0013995000000000001,7.1454090746689225
1787025569900,0.001399,1619766.0,0.0014,3179596.0,0.0013995000000000001,7.1454090746689225
1787025569981,0.001399,1619766.0,0.0014,3202411.0,0.0013995000000000001,7.1454090746689225
1787025569982,0.001399,1619766.0,0.0014,3225226.0,0.0013995000000000001,7.1454090746689225
1787025569998,0.001399,1520958.0,0.0014,3225226.0,0.0013995000000000001,7.1454090746689225
1787025570080,0.001399,1520958.0,0.0014,3179596.0,0.0013995000000000001,7.1454090746689225
1787025570097,0.001399,1617835.0,0.0014,3179596.0,0.0013995000000000001,7.1454090746689225
1787025570098,0.001399,1714712.0,0.0014,3179596.0,0.0013995000000000001,7.1454090746689225
1787025570125,0.001399,1709898.0,0.0014,3179596.0,0.0013995000000000001,7.1454090746689225
1787025570133,0.001399,1709898.0,0.0014,3743267.0,0.0013995000000000001,7.1454090746689225
1787025570266,0.001399,1709898.0,0.0014,3707507.0,0.0013995000000000001,7.1454090746689225
1787025570307,0.001399,1728978.0,0.0014,3707507.0,0.0013995000000000001,7.1454090746689225
1787025570338,0.001399,1728786.0,0.0014,3707507.0,0.0013995000000000001,7.1454090746689225
1787025570683,0.001399,1728786.0,0.0014,3730322.0,0.0013995000000000001,7.1454090746689225
1787025570698,0.001399,1728786.0,0.0014,3587363.0,0.0013995000000000001,7.1454090746689225
1787025570712,0.001399,1728786.0,0.0014,3204263.0,0.0013995000000000001,7.1454090746689225
1787025570965,0.001399,1732871.0,0.0014,3204263.0,0.0013995000000000001,7.1454090746689225
1787025570985,0.001399,1732871.0,0.0014,3227078.0,0.0013995000000000001,7.1454090746689225
1787025571099,0.001399,1534319.0,0.0014,3227078.0,0.0013995000000000001,7.1454090746689225
1787025571282,0.001399,1534319.0,0.0014,3181448.0,0.0013995000000000001,7.1454090746689225
1787025571484,0.001399,1533909.0,0.0014,3181448.0,0.0013995000000000001,7.1454090746689225
1787025571619,0.001399,1533909.0,0.0014,3145688.0,0.0013995000000000001,7.1454090746689225
1787025571787,0.001399,1533909.0,0.0014,1879958.0,0.0013995000000000001,7.1454090746689225
1787025571789,0.001399,1533909.0,0.0014,1637098.0,0.0013995000000000001,7.1454090746689225
1787025571798,0.001399,1562579.0,0.0014,1637098.0,0.0013995000000000001,7.1454090746689225
1787025571883,0.001399,1562579.0,0.0014,1659926.0,0.0013995000000000001,7.1454090746689225
1787025571884,0.001399,1562579.0,0.0014,1682754.0,0.0013995000000000001,7.1454090746689225
1787025572024,0.001399,1562579.0,0.0014,2411830.0,0.0013995000000000001,7.1454090746689225
1787025572025,0.001399,1562579.0,0.0014,2400040.0,0.0013995000000000001,7.1454090746689225
1787025572026,0.001399,1562579.0,0.0014,2411830.0,0.0013995000000000001,7.1454090746689225
1787025572084,0.001399,1562579.0,0.0014,2366174.0,0.0013995000000000001,7.1454090746689225
1787025572151,0.001399,1560702.0,0.0014,2366174.0,0.0013995000000000001,7.1454090746689225
1787025572175,0.001399,1560702.0,0.0014,2359143.0,0.0013995000000000001,7.1454090746689225
1787025572177,0.001399,2160702.0,0.0014,2359143.0,0.0013995000000000001,7.1454090746689225
1787025572178,0.001399,1560702.0,0.0014,2359143.0,0.0013995000000000001,7.1454090746689225
1787025572179,0.001399,1560702.0,0.0014,2359143.0,0.0013995000000000001,7.1454090746689225
1787025572297,0.001399,1567847.0,0.0014,2359143.0,0.0013995000000000001,7.1454090746689225
1787025572338,0.001399,2167847.0,0.0014,2359143.0,0.0013995000000000001,7.1454090746689225
1787025572420,0.001399,1567847.0,0.0014,2359143.0,0.0013995000000000001,7.1454090746689225
1787025572596,0.001399,1567224.0,0.0014,2359143.0,0.0013995000000000001,7.1454090746689225
1787025572682,0.001399,1567224.0,0.0014,2381958.0,0.0013995000000000001,7.1454090746689225
1787025572788,0.001399,1567224.0,0.0014,1652882.0,0.0013995000000000001,7.1454090746689225
1787025572830,0.001399,1567224.0,0.0014,1266861.0,0.0013995000000000001,7.1454090746689225
1787025572831,0.001399,2585382.0,0.0014,1266861.0,0.0013995000000000001,7.1454090746689225
1787025572833,0.001399,2585382.0,0.0014,1266861.0,0.0013995000000000001,7.1454090746689225
1787025573037,0.001399,2625963.0,0.0014,1266861.0,0.0013995000000000001,7.1454090746689225
1787025573082,0.001399,2625963.0,0.0014,1244046.0,0.0013995000000000001,7.1454090746689225
1787025573099,0.001399,2819107.0,0.0014,1244046.0,0.0013995000000000001,7.1454090746689225
1787025573233,0.001399,2822977.0,0.0014,1244046.0,0.0013995000000000001,7.1454090746689225
1787025573303,0.001399,2921785.0,0.0014,1244046.0,0.0013995000000000001,7.1454090746689225
1787025573325,0.001399,2916829.0,0.0014,1244046.0,0.0013995000000000001,7.1454090746689225
1787025573326,0.001399,2116829.0,0.0014,1244046.0,0.0013995000000000001,7.1454090746689225
1787025573348,0.001399,2294412.0,0.0014,1244046.0,0.0013995000000000001,7.1454090746689225
1787025573426,0.001399,2294412.0,0.0014,2143164.0,0.0013995000000000001,7.1454090746689225
1787025573501,0.001399,2195604.0,0.0014,2143164.0,0.0013995000000000001,7.1454090746689225
1787025573598,0.001399,2276545.0,0.0014,2143164.0,0.0013995000000000001,7.1454090746689225
1787025573626,0.001399,2275853.0,0.0014,2143164.0,0.0013995000000000001,7.1454090746689225
1787025573823,0.001399,2275853.0,0.0014,1244046.0,0.0013995000000000001,7.1454090746689225
1787025573824,0.001399,2275853.0,0.0014,1232256.0,0.0013995000000000001,7.1454090746689225
1787025573934,0.001399,2275853.0,0.0014,1244046.0,0.0013995000000000001,7.1454090746689225
1787025574028,0.001399,2275853.0,0.0014,1998886.0,0.0013995000000000001,7.1454090746689225
1787025574480,0.001399,2275853.0,0.001401,3902176.0,0.0014,14.285714285713084
1787025574481,0.0014,12960.0,0.001401,3902175.0,0.0014004999999999998,7.140307033201829
1787025574482,0.0014,61437.0,0.001401,4285001.0,0.0014004999999999998,7.140307033201829
1787025574483,0.0014,61437.0,0.001401,4056713.0,0.0014004999999999998,7.140307033201829
1787025574485,0.0014,61437.0,0.001401,4199570.0,0.0014004999999999998,7.140307033201829
1787025574486,0.0014,58364.0,0.001401,4164030.0,0.0014004999999999998,7.140307033201829
1787025574487,0.0014,71324.0,0.001401,3488100.0,0.0014004999999999998,7.140307033201829
1787025574488,0.0014,71324.0,0.001401,3498864.0,0.0014004999999999998,7.140307033201829
1787025574489,0.0014,71324.0,0.001401,3391494.0,0.0014004999999999998,7.140307033201829
1787025574490,0.0014,58364.0,0.001401,3391494.0,0.0014004999999999998,7.140307033201829
1787025574494,0.0014,658364.0,0.001401,3391494.0,0.0014004999999999998,7.140307033201829
1787025574495,0.0014,658364.0,0.001401,2783583.0,0.0014004999999999998,7.140307033201829
1787025574496,0.0014,662293.0,0.001401,2783583.0,0.0014004999999999998,7.140307033201829
1787025574501,0.0014,653612.0,0.001401,2783583.0,0.0014004999999999998,7.140307033201829
1787025574507,0.0014,672692.0,0.001401,2779644.0,0.0014004999999999998,7.140307033201829
1787025574508,0.0014,754168.0,0.001401,2644121.0,0.0014004999999999998,7.140307033201829
1787025574510,0.0014,754168.0,0.001401,2362586.0,0.0014004999999999998,7.140307033201829
1787025574511,0.0014,972326.0,0.001401,2362586.0,0.0014004999999999998,7.140307033201829
1787025574519,0.0014,977682.0,0.001401,2362586.0,0.0014004999999999998,7.140307033201829
1787025574520,0.0014,1049111.0,0.001401,2362586.0,0.0014004999999999998,7.140307033201829
1787025574522,0.0014,449111.0,0.001401,2362586.0,0.0014004999999999998,7.140307033201829
1787025574529,0.0014,449111.0,0.001401,2496553.0,0.0014004999999999998,7.140307033201829
1787025574537,0.0014,627854.0,0.001401,2496553.0,0.0014004999999999998,7.140307033201829
1787025574538,0.0014,1121119.0,0.001401,2354255.0,0.0014004999999999998,7.140307033201829
1787025574539,0.0014,1121119.0,0.001401,2211957.0,0.0014004999999999998,7.140307033201829
1787025574547,0.0014,1339187.0,0.001401,2211957.0,0.0014004999999999998,7.140307033201829
1787025574554,0.001399,2782685.0,0.001401,2211957.0,0.0014,14.285714285713084
1787025574556,0.001399,2782684.0,0.0014,17743.0,0.0013995000000000001,7.1454090746689225
1787025574559,0.001399,2782684.0,0.0014,35486.0,0.0013995000000000001,7.1454090746689225
1787025574561,0.001399,2782684.0,0.0014,83963.0,0.0013995000000000001,7.1454090746689225
1787025574564,0.001399,2782684.0,0.0014,284288.0,0.0013995000000000001,7.1454090746689225
1787025574565,0.001399,2778754.0,0.0014,284288.0,0.0013995000000000001,7.1454090746689225
1787025574570,0.001399,2778754.0,0.0014,502446.0,0.0013995000000000001,7.1454090746689225
1787025574571,0.001399,2802679.0,0.0014,502446.0,0.0013995000000000001,7.1454090746689225
1787025574572,0.001399,2573463.0,0.0014,502446.0,0.0013995000000000001,7.1454090746689225
1787025574576,0.001399,2573463.0,0.0014,1586954.0,0.0013995000000000001,7.1454090746689225
1787025574580,0.001399,2573463.0,0.0014,1579454.0,0.0013995000000000001,7.1454090746689225
1787025574581,0.001399,2088574.0,0.0014,1579454.0,0.0013995000000000001,7.1454090746689225
1787025574589,0.001399,2076792.0,0.0014,1579454.0,0.0013995000000000001,7.1454090746689225
1787025574591,0.001399,2633508.0,0.0014,1579454.0,0.0013995000000000001,7.1454090746689225
1787025574592,0.001399,2633508.0,0.0014,2084824.0,0.0013995000000000001,7.1454090746689225
1787025574594,0.001399,2637082.0,0.0014,2084824.0,0.0013995000000000001,7.1454090746689225
1787025574599,0.001399,2556141.0,0.0014,2316149.0,0.0013995000000000001,7.1454090746689225
1787025574604,0.001399,2584811.0,0.0014,2316149.0,0.0013995000000000001,7.1454090746689225
1787025574609,0.001399,2584811.0,0.0014,2343099.0,0.0013995000000000001,7.1454090746689225
1787025574616,0.001399,2581168.0,0.0014,2343099.0,0.0013995000000000001,7.1454090746689225
1787025574626,0.001399,2581168.0,0.0014,2203400.0,0.0013995000000000001,7.1454090746689225
1787025574627,0.001399,2581168.0,0.0014,2066311.0,0.0013995000000000001,7.1454090746689225
1787025574643,0.001399,2581168.0,0.0014,1848153.0,0.0013995000000000001,7.1454090746689225
1787025574674,0.001399,2581168.0,0.0014,1821203.0,0.0013995000000000001,7.1454090746689225
1787025574675,0.001399,2592958.0,0.0014,1832993.0,0.0013995000000000001,7.1454090746689225
1787025574682,0.001399,2592958.0,0.0014,1856248.0,0.0013995000000000001,7.1454090746689225
1787025574758,0.001399,2592624.0,0.0014,1856248.0,0.0013995000000000001,7.1454090746689225
1787025574762,0.001399,2592624.0,0.0014,2733726.0,0.0013995000000000001,7.1454090746689225
1787025574801,0.001399,2585479.0,0.0014,2733726.0,0.0013995000000000001,7.1454090746689225
1787025575037,0.001399,2544898.0,0.0014,2733726.0,0.0013995000000000001,7.1454090746689225
1787025575099,0.001399,2448326.0,0.0014,2733726.0,0.0013995000000000001,7.1454090746689225
1787025575100,0.001399,2351754.0,0.0014,2733726.0,0.0013995000000000001,7.1454090746689225
1787025575102,0.001399,2348180.0,0.0014,2733726.0,0.0013995000000000001,7.1454090746689225
1787025575267,0.001399,2348180.0,0.0014,2765992.0,0.0013995000000000001,7.1454090746689225
1787025575282,0.001399,2348180.0,0.0014,2742737.0,0.0013995000000000001,7.1454090746689225
1787025575401,0.001399,2367240.0,0.0014,2742737.0,0.0013995000000000001,7.1454090746689225
1787025575435,0.001399,2367240.0,0.0014,2746666.0,0.0013995000000000001,7.1454090746689225
1787025575509,0.001399,2365395.0,0.0014,2746666.0,0.0013995000000000001,7.1454090746689225
1787025575523,0.001399,2365395.0,0.0014,2975724.0,0.0013995000000000001,7.1454090746689225
1787025575546,0.001399,2372301.0,0.0014,2975724.0,0.0013995000000000001,7.1454090746689225
1787025575682,0.001399,2372301.0,0.0014,3022234.0,0.0013995000000000001,7.1454090746689225
1787025575879,0.001399,2551172.0,0.0014,3022234.0,0.0013995000000000001,7.1454090746689225
1787025576159,0.001399,2550262.0,0.0014,3022234.0,0.0013995000000000001,7.1454090746689225
1787025576284,0.001399,2550262.0,0.0014,2998979.0,0.0013995000000000001,7.1454090746689225
1787025576680,0.001399,2550262.0,0.0014,3022220.0,0.0013995000000000001,7.1454090746689225
1787025576962,0.001399,2554019.0,0.0014,3022220.0,0.0013995000000000001,7.1454090746689225
1787025576989,0.001399,2550790.0,0.0014,3022220.0,0.0013995000000000001,7.1454090746689225
1787025577472,0.001399,2550790.0,0.0014,3012471.0,0.0013995000000000001,7.1454090746689225
1787025577487,0.001399,2550089.0,0.0014,3012471.0,0.0013995000000000001,7.1454090746689225
1787025578017,0.001399,2546691.0,0.0014,3012471.0,0.0013995000000000001,7.1454090746689225
1787025578091,0.001399,2546691.0,0.0014,2974175.0,0.0013995000000000001,7.1454090746689225
1787025578482,0.001399,2546691.0,0.0014,2950934.0,0.0013995000000000001,7.1454090746689225
1787025578579,0.001399,2546691.0,0.0014,2974175.0,0.0013995000000000001,7.1454090746689225
1787025578589,0.001399,2546691.0,0.0014,2995603.0,0.0013995000000000001,7.1454090746689225
1787025579173,0.001399,2543541.0,0.0014,2995603.0,0.0013995000000000001,7.1454090746689225
1787025579174,0.001399,2542464.0,0.0014,2995603.0,0.0013995000000000001,7.1454090746689225
1787025579437,0.001399,2542464.0,0.0014,2118125.0,0.0013995000000000001,7.1454090746689225
1787025579442,0.001399,2542464.0,0.0014,2106335.0,0.0013995000000000001,7.1454090746689225
1787025579484,0.001399,2542464.0,0.0014,2118125.0,0.0013995000000000001,7.1454090746689225
1787025579637,0.001399,2542464.0,0.0014,2975282.0,0.0013995000000000001,7.1454090746689225
1787025580329,0.001399,2539236.0,0.0014,2975282.0,0.0013995000000000001,7.1454090746689225
1787025580330,0.001399,2538583.0,0.0014,2975282.0,0.0013995000000000001,7.1454090746689225
1787025580918,0.001399,2538583.0,0.0014,2945497.0,0.0013995000000000001,7.1454090746689225
1787025580919,0.001399,2538583.0,0.0014,2440127.0,0.0013995000000000001,7.1454090746689225
1787025581083,0.001399,2538583.0,0.0014,2416886.0,0.0013995000000000001,7.1454090746689225
1787025581234,0.001399,2538583.0,0.0014,2516403.0,0.0013995000000000001,7.1454090746689225
1787025581541,0.001399,2533594.0,0.0014,2516403.0,0.0013995000000000001,7.1454090746689225
1787025581570,0.001399,2532645.0,0.0014,2516403.0,0.0013995000000000001,7.1454090746689225
1787025581683,0.001399,2532645.0,0.0014,2539628.0,0.0013995000000000001,7.1454090746689225
1787025582083,0.001399,2532645.0,0.0014,2516403.0,0.0013995000000000001,7.1454090746689225
1787025582428,0.001399,2532645.0,0.0014,2460176.0,0.0013995000000000001,7.1454090746689225
1787025582481,0.001399,2532645.0,0.0014,2483421.0,0.0013995000000000001,7.1454090746689225
1787025582504,0.001399,2532645.0,0.0014,2482112.0,0.0013995000000000001,7.1454090746689225
1787025582627,0.001399,2528048.0,0.0014,2482112.0,0.0013995000000000001,7.1454090746689225
1787025582797,0.001399,2535193.0,0.0014,2482112.0,0.0013995000000000001,7.1454090746689225
1787025583279,0.001399,2535193.0,0.0014,2458867.0,0.0013995000000000001,7.1454090746689225
1787025583297,0.001399,2528048.0,0.0014,2458867.0,0.0013995000000000001,7.1454090746689225
1787025583480,0.001399,2528048.0,0.0014,2481981.0,0.0013995000000000001,7.1454090746689225
1787025583795,0.001399,2523421.0,0.0014,2481981.0,0.0013995000000000001,7.1454090746689225
1787025583799,0.001399,2523421.0,0.0014,2480136.0,0.0013995000000000001,7.1454090746689225
1787025583858,0.001399,2523421.0,0.0014,2472988.0,0.0013995000000000001,7.1454090746689225
1787025584063,0.001399,2523421.0,0.0014,1615831.0,0.0013995000000000001,7.1454090746689225
1787025584064,0.001399,2523421.0,0.0014,1604041.0,0.0013995000000000001,7.1454090746689225
1787025584065,0.001399,2523421.0,0.0014,1386773.0,0.0013995000000000001,7.1454090746689225
1787025584083,0.001399,2523421.0,0.0014,1363659.0,0.0013995000000000001,7.1454090746689225
1787025584680,0.001399,2523421.0,0.0014,1386805.0,0.0013995000000000001,7.1454090746689225
1787025584845,0.001399,2519911.0,0.0014,1386805.0,0.0013995000000000001,7.1454090746689225
1787025584846,0.001399,2519911.0,0.0014,1385197.0,0.0013995000000000001,7.1454090746689225
1787025585000,0.001399,2519911.0,0.0014,1614255.0,0.0013995000000000001,7.1454090746689225
1787025585001,0.001398,2609406.0,0.001399,611117.0,0.0013985,7.150518412585862
1787025585002,0.001398,916434.0,0.001399,473346.0,0.0013985,7.150518412585862
1787025585003,0.001398,1553977.0,0.001399,1209428.0,0.0013985,7.150518412585862
1787025585004,0.001398,1227711.0,0.001399,1668707.0,0.0013985,7.150518412585862
1787025585005,0.001398,998495.0,0.001399,1668707.0,0.0013985,7.150518412585862
1787025585009,0.001398,1027085.0,0.001399,1668707.0,0.0013985,7.150518412585862
1787025585010,0.001398,1027085.0,0.001399,2506973.0,0.0013985,7.150518412585862
1787025585011,0.001397,1294093.0,0.001398,1027830.0,0.0013974999999999999,7.155635062611206
1787025585012,0.001397,968971.0,0.001398,610201.0,0.0013974999999999999,7.155635062611206
1787025585013,0.001397,500637.0,0.001398,1639259.0,0.0013974999999999999,7.155635062611206
1787025585014,0.001397,565061.0,0.001398,1610529.0,0.0013974999999999999,7.155635062611206
1787025585021,0.001397,565061.0,0.001398,810529.0,0.0013974999999999999,7.155635062611206
1787025585022,0.001397,565061.0,0.001398,798316.0,0.0013974999999999999,7.155635062611206
1787025585056,0.001397,593651.0,0.001398,798316.0,0.0013974999999999999,7.155635062611206
1787025585100,0.001397,407434.0,0.001398,1020799.0,0.0013974999999999999,7.155635062611206
1787025585101,0.001397,332272.0,0.001398,1020799.0,0.0013974999999999999,7.155635062611206
1787025585103,0.001397,117117.0,0.001398,1020799.0,0.0013974999999999999,7.155635062611206
1787025585104,0.001397,117117.0,0.001398,2405919.0,0.0013974999999999999,7.155635062611206
1787025585105,0.001397,68640.0,0.001398,1605919.0,0.0013974999999999999,7.155635062611206
1787025585106,0.001397,68640.0,0.001398,1742481.0,0.0013974999999999999,7.155635062611206
1787025585107,0.001397,117117.0,0.001398,1742481.0,0.0013974999999999999,7.155635062611206
1787025585108,0.001397,88527.0,0.001398,1742481.0,0.0013974999999999999,7.155635062611206
1787025585123,0.001397,40050.0,0.001398,1742481.0,0.0013974999999999999,7.155635062611206
1787025585154,0.001397,88527.0,0.001398,1742481.0,0.0013974999999999999,7.155635062611206
1787025585155,0.001397,137004.0,0.001398,1742481.0,0.0013974999999999999,7.155635062611206
1787025585193,0.001397,137004.0,0.001398,2542481.0,0.0013974999999999999,7.155635062611206
1787025585195,0.001397,137004.0,0.001398,1742481.0,0.0013974999999999999,7.155635062611206
1787025585210,0.001397,906547.0,0.001398,2527731.0,0.0013974999999999999,7.155635062611206
1787025585226,0.001397,906547.0,0.001398,1742481.0,0.0013974999999999999,7.155635062611206
1787025585275,0.001397,918354.0,0.001398,1754288.0,0.0013974999999999999,7.155635062611206
1787025585296,0.001397,925509.0,0.001398,1754288.0,0.0013974999999999999,7.155635062611206
1787025585353,0.001397,929439.0,0.001398,1754288.0,0.0013974999999999999,7.155635062611206
1787025585355,0.001397,925509.0,0.001398,1754288.0,0.0013974999999999999,7.155635062611206
1787025585399,0.001397,925509.0,0.001398,1762157.0,0.0013974999999999999,7.155635062611206
1787025585408,0.001397,1104636.0,0.001398,1762157.0,0.0013974999999999999,7.155635062611206
1787025585478,0.001397,1104636.0,0.001398,2597640.0,0.0013974999999999999,7.155635062611206
1787025585480,0.001397,1056159.0,0.001398,2597640.0,0.0013974999999999999,7.155635062611206
1787025585564,0.001397,1056159.0,0.001398,2619068.0,0.0013974999999999999,7.155635062611206
1787025585581,0.001397,1056159.0,0.001398,2642218.0,0.0013974999999999999,7.155635062611206
1787025585589,0.001397,1056159.0,0.001398,2606408.0,0.0013974999999999999,7.155635062611206
1787025585759,0.001397,1104636.0,0.001398,2606408.0,0.0013974999999999999,7.155635062611206
1787025585795,0.001397,1302081.0,0.001398,2606408.0,0.0013974999999999999,7.155635062611206
1787025585824,0.001397,1302081.0,0.001398,2604517.0,0.0013974999999999999,7.155635062611206
1787025585943,0.001397,1299851.0,0.001398,2604517.0,0.0013974999999999999,7.155635062611206
1787025585944,0.001397,1251374.0,0.001398,3404517.0,0.0013974999999999999,7.155635062611206
1787025585946,0.001397,481831.0,0.001398,3404517.0,0.0013974999999999999,7.155635062611206
1787025585947,0.001397,481831.0,0.001398,3404517.0,0.0013974999999999999,7.155635062611206
1787025585957,0.001397,481831.0,0.001398,3408452.0,0.0013974999999999999,7.155635062611206
1787025585966,0.001397,485769.0,0.001398,3408452.0,0.0013974999999999999,7.155635062611206
1787025586345,0.001397,520434.0,0.001398,3408452.0,0.0013974999999999999,7.155635062611206
1787025586381,0.001397,520434.0,0.001398,3385302.0,0.0013974999999999999,7.155635062611206
1787025586588,0.001397,1477491.0,0.001398,3385302.0,0.0013974999999999999,7.155635062611206
1787025586590,0.001397,1465684.0,0.001398,3385302.0,0.0013974999999999999,7.155635062611206
1787025586600,0.001397,1465684.0,0.001398,2585302.0,0.0013974999999999999,7.155635062611206
1787025586618,0.001397,1465684.0,0.001398,2573495.0,0.0013974999999999999,7.155635062611206
1787025586751,0.001397,1477491.0,0.001398,2585302.0,0.0013974999999999999,7.155635062611206
1787025586883,0.001397,1477491.0,0.001398,2607847.0,0.0013974999999999999,7.155635062611206
1787025586885,0.001397,1477491.0,0.001398,2606249.0,0.0013974999999999999,7.155635062611206
1787025587051,0.001397,1475699.0,0.001398,2606249.0,0.0013974999999999999,7.155635062611206
1787025587055,0.001397,1479279.0,0.001398,2606249.0,0.0013974999999999999,7.155635062611206
1787025587160,0.001397,1479279.0,0.001398,2514986.0,0.0013974999999999999,7.155635062611206
1787025587161,0.001397,1479279.0,0.001398,1679503.0,0.0013974999999999999,7.155635062611206
1787025587162,0.001397,1479279.0,0.001398,1094383.0,0.0013974999999999999,7.155635062611206
1787025587181,0.001397,1479279.0,0.001398,1071838.0,0.0013974999999999999,7.155635062611206
1787025587236,0.001397,1479279.0,0.001398,849355.0,0.0013974999999999999,7.155635062611206
1787025587238,0.001397,1507869.0,0.001398,849355.0,0.0013974999999999999,7.155635062611206
1787025587248,0.001397,1479279.0,0.001398,849355.0,0.0013974999999999999,7.155635062611206
1787025587268,0.001397,1507869.0,0.001398,849355.0,0.0013974999999999999,7.155635062611206
1787025587312,0.001397,1507869.0,0.001398,620297.0,0.0013974999999999999,7.155635062611206
1787025587608,0.001397,1507869.0,0.001398,1474346.0,0.0013974999999999999,7.155635062611206
1787025587609,0.001397,1507869.0,0.001398,1474346.0,0.0013974999999999999,7.155635062611206
1787025588245,0.001397,1507869.0,0.001398,1472700.0,0.0013974999999999999,7.155635062611206
1787025588273,0.001397,1505990.0,0.001398,1472700.0,0.0013974999999999999,7.155635062611206
1787025588598,0.001397,1522977.0,0.001398,1472700.0,0.0013974999999999999,7.155635062611206
1787025588882,0.001397,1522977.0,0.001398,1495283.0,0.0013974999999999999,7.155635062611206
1787025589097,0.001397,1714587.0,0.001398,1495283.0,0.0013974999999999999,7.155635062611206
1787025589181,0.001397,1714587.0,0.001398,1472700.0,0.0013974999999999999,7.155635062611206
1787025589207,0.001397,1714587.0,0.001398,618651.0,0.0013974999999999999,7.155635062611206
1787025589493,0.001397,1714587.0,0.001398,616209.0,0.0013974999999999999,7.155635062611206
1787025589521,0.001397,1709902.0,0.001398,616209.0,0.0013974999999999999,7.155635062611206
1787025589591,0.001397,1709902.0,0.001398,1448464.0,0.0013974999999999999,7.155635062611206
1787025589592,0.001397,1709902.0,0.001398,1448464.0,0.0013974999999999999,7.155635062611206
1787025589883,0.001397,1709902.0,0.001398,1471047.0,0.0013974999999999999,7.155635062611206
1787025590141,0.001397,1709902.0,0.001398,1503313.0,0.0013974999999999999,7.155635062611206
1787025590281,0.001397,1709902.0,0.001398,1480730.0,0.0013974999999999999,7.155635062611206
1787025590512,0.001397,1709902.0,0.001398,1417860.0,0.0013974999999999999,7.155635062611206
1787025590513,0.001397,1709902.0,0.001398,1646918.0,0.0013974999999999999,7.155635062611206
1787025590518,0.001397,1681312.0,0.001398,1646918.0,0.0013974999999999999,7.155635062611206
1787025590519,0.001397,1632835.0,0.001398,1646918.0,0.0013974999999999999,7.155635062611206
1787025590583,0.001397,724255.0,0.001398,2189193.0,0.0013974999999999999,7.155635062611206
1787025590598,0.001397,707268.0,0.001398,2189193.0,0.0013974999999999999,7.155635062611206
1787025590683,0.001397,707268.0,0.001398,2210096.0,0.0013974999999999999,7.155635062611206
1787025590684,0.001397,658791.0,0.001398,2210096.0,0.0013974999999999999,7.155635062611206
1787025590711,0.001397,658791.0,0.001398,2207459.0,0.0013974999999999999,7.155635062611206
1787025590787,0.001397,654900.0,0.001398,2207459.0,0.0013974999999999999,7.155635062611206
1787025590788,0.001397,654900.0,0.001398,2807459.0,0.0013974999999999999,7.155635062611206
1787025590789,0.001397,654900.0,0.001398,2795652.0,0.0013974999999999999,7.155635062611206
1787025590790,0.001397,654900.0,0.001398,2807459.0,0.0013974999999999999,7.155635062611206
1787025591097,0.001397,463290.0,0.001398,2807459.0,0.0013974999999999999,7.155635062611206
1787025591098,0.001397,451483.0,0.001398,2807459.0,0.0013974999999999999,7.155635062611206
1787025591099,0.001397,463290.0,0.001398,2807459.0,0.0013974999999999999,7.155635062611206
1787025591382,0.001397,463290.0,0.001398,2786556.0,0.0013974999999999999,7.155635062611206
1787025591694,0.001397,734886.0,0.001398,812026.0,0.0013974999999999999,7.155635062611206
1787025591695,0.001397,1157930.0,0.001398,213867.0,0.0013974999999999999,7.155635062611206
1787025591696,0.001397,1194600.0,0.001398,213867.0,0.0013974999999999999,7.155635062611206
1787025591697,0.001397,1194600.0,0.001398,262344.0,0.0013974999999999999,7.155635062611206
1787025591713,0.001397,1194600.0,0.001398,491402.0,0.0013974999999999999,7.155635062611206
1787025591714,0.001397,1194600.0,0.001398,479595.0,0.0013974999999999999,7.155635062611206
1787025591761,0.001397,771556.0,0.001398,479595.0,0.0013974999999999999,7.155635062611206
1787025591778,0.001397,771556.0,0.001398,702714.0,0.0013974999999999999,7.155635062611206
1787025591807,0.001397,771556.0,0.001398,700884.0,0.0013974999999999999,7.155635062611206
1787025591883,0.001397,771556.0,0.001398,721785.0,0.0013974999999999999,7.155635062611206
1787025591902,0.001397,1638807.0,0.001398,1613559.0,0.0013974999999999999,7.155635062611206
1787025591903,0.001397,1590330.0,0.001398,1613559.0,0.0013974999999999999,7.155635062611206
1787025591915,0.001397,1602137.0,0.001398,1625366.0,0.0013974999999999999,7.155635062611206
1787025591943,0.001397,1599354.0,0.001398,1625366.0,0.0013974999999999999,7.155635062611206
1787025592283,0.001397,1599354.0,0.001398,1604465.0,0.0013974999999999999,7.155635062611206
1787025592679,0.001397,1599354.0,0.001398,1625253.0,0.0013974999999999999,7.155635062611206
1787025592947,0.001397,1594379.0,0.001398,1625253.0,0.0013974999999999999,7.155635062611206
1787025592948,0.001397,1594379.0,0.001398,1624963.0,0.0013974999999999999,7.155635062611206
1787025593081,0.001397,1594379.0,0.001398,1604175.0,0.0013974999999999999,7.155635062611206
1787025593351,0.001397,1594379.0,0.001398,1381056.0,0.0013974999999999999,7.155635062611206
1787025593352,0.001397,1594379.0,0.001398,260224.0,0.0013974999999999999,7.155635062611206
1787025593353,0.001398,192568.0,0.001399,1905813.0,0.0013985,7.150518412585862
1787025593354,0.001398,254787.0,0.001399,988663.0,0.0013985,7.150518412585862
1787025593355,0.001398,423979.0,0.001399,1372037.0,0.0013985,7.150518412585862
1787025593356,0.001398,423979.0,0.001399,1515098.0,0.0013985,7.150518412585862
1787025593366,0.001398,423979.0,0.001399,1511168.0,0.0013985,7.150518412585862
1787025593377,0.001398,423979.0,0.001399,1442648.0,0.0013985,7.150518412585862
1787025593378,0.001398,410237.0,0.001399,1442648.0,0.0013985,7.150518412585862
1787025593379,0.001398,481768.0,0.001399,1442648.0,0.0013985,7.150518412585862
1787025593405,0.001398,485643.0,0.001399,1442648.0,0.0013985,7.150518412585862
1787025593474,0.001398,485643.0,0.001399,1796592.0,0.0013985,7.150518412585862
1787025593584,0.001398,485643.0,0.001399,1817383.0,0.0013985,7.150518412585862
1787025593594,0.001398,485643.0,0.001399,2645046.0,0.0013985,7.150518412585862
1787025593617,0.001398,1377811.0,0.001399,2645046.0,0.0013985,7.150518412585862
1787025593621,0.001398,1389610.0,0.001399,2645046.0,0.0013985,7.150518412585862
1787025593622,0.001398,1389610.0,0.001399,2656845.0,0.0013985,7.150518412585862
1787025593636,0.001398,1318079.0,0.001399,2656845.0,0.0013985,7.150518412585862
1787025593795,0.001398,971088.0,0.001399,2656845.0,0.0013985,7.150518412585862
1787025593796,0.001398,15674.0,0.001399,2656845.0,0.0013985,7.150518412585862
1787025593798,0.001398,52352.0,0.001399,3702206.0,0.0013985,7.150518412585862
1787025593799,0.001398,59502.0,0.001399,3702206.0,0.0013985,7.150518412585862
1787025593832,0.001398,59502.0,0.001399,3750050.0,0.0013985,7.150518412585862
1787025593901,0.001398,68215.0,0.001399,3750050.0,0.0013985,7.150518412585862
1787025594295,0.001398,72150.0,0.001399,3750050.0,0.0013985,7.150518412585862
1787025594303,0.001398,251149.0,0.001399,3750050.0,0.0013985,7.150518412585862
1787025594305,0.001398,251149.0,0.001399,3750050.0,0.0013985,7.150518412585862
1787025594382,0.001398,251149.0,0.001399,3729259.0,0.0013985,7.150518412585862
1787025594389,0.001398,251149.0,0.001399,3586198.0,0.0013985,7.150518412585862
1787025594404,0.001398,251149.0,0.001399,3202824.0,0.0013985,7.150518412585862
1787025594472,0.001398,251149.0,0.001399,3167034.0,0.0013985,7.150518412585862
1787025594581,0.001398,251149.0,0.001399,3187834.0,0.0013985,7.150518412585862
1787025594831,0.001398,251149.0,0.001399,3139990.0,0.0013985,7.150518412585862
1787025595079,0.001398,251149.0,0.001399,3119190.0,0.0013985,7.150518412585862
1787025595099,0.001398,246734.0,0.001399,3119190.0,0.0013985,7.150518412585862
1787025595249,0.001398,232439.0,0.001399,3119190.0,0.0013985,7.150518412585862
1787025595782,0.001398,232439.0,0.001399,3139979.0,0.0013985,7.150518412585862
1787025595881,0.001398,232439.0,0.001399,3160768.0,0.0013985,7.150518412585862
1787025595924,0.001398,429884.0,0.001399,3160768.0,0.0013985,7.150518412585862
1787025595928,0.001398,429884.0,0.001399,2705897.0,0.0013985,7.150518412585862
1787025595930,0.001398,1326706.0,0.001399,2705897.0,0.0013985,7.150518412585862
1787025595931,0.001398,1326706.0,0.001399,2115407.0,0.0013985,7.150518412585862
1787025595932,0.001398,1326706.0,0.001399,2115407.0,0.0013985,7.150518412585862
1787025596046,0.001398,1322415.0,0.001399,2115407.0,0.0013985,7.150518412585862
1787025596081,0.001398,1322415.0,0.001399,2073829.0,0.0013985,7.150518412585862
1787025596123,0.001398,1654048.0,0.001399,2073829.0,0.0013985,7.150518412585862
1787025596296,0.001398,1646898.0,0.001399,2073829.0,0.0013985,7.150518412585862
1787025596301,0.001398,1220396.0,0.001399,2073829.0,0.0013985,7.150518412585862
1787025596302,0.001398,343432.0,0.001399,2073829.0,0.0013985,7.150518412585862
1787025596303,0.001397,1404279.0,0.001398,190909.0,0.0013974999999999999,7.155635062611206
1787025596304,0.001397,602790.0,0.001398,408509.0,0.0013974999999999999,7.155635062611206
1787025596305,0.001397,459626.0,0.001398,617256.0,0.0013974999999999999,7.155635062611206
1787025596306,0.001397,459626.0,0.001398,808845.0,0.0013974999999999999,7.155635062611206
1787025596307,0.001397,536693.0,0.001398,808845.0,0.0013974999999999999,7.155635062611206
1787025596323,0.001397,533425.0,0.001398,808845.0,0.0013974999999999999,7.155635062611206
1787025596336,0.001397,461843.0,0.001398,808845.0,0.0013974999999999999,7.155635062611206
1787025596338,0.001397,473650.0,0.001398,820652.0,0.0013974999999999999,7.155635062611206
1787025596361,0.001397,469714.0,0.001398,820652.0,0.0013974999999999999,7.155635062611206
1787025596469,0.001397,469714.0,0.001398,685175.0,0.0013974999999999999,7.155635062611206
1787025596510,0.001397,1198837.0,0.001398,685175.0,0.0013974999999999999,7.155635062611206
1787025596511,0.001397,1198837.0,0.001398,685175.0,0.0013974999999999999,7.155635062611206
1787025596634,0.001397,1198837.0,0.001398,1524023.0,0.0013974999999999999,7.155635062611206
1787025596637,0.001397,1198837.0,0.001398,1512216.0,0.0013974999999999999,7.155635062611206
1787025596639,0.001397,1198837.0,0.001398,1524023.0,0.0013974999999999999,7.155635062611206
1787025596799,0.001397,1205992.0,0.001398,1524023.0,0.0013974999999999999,7.155635062611206
1787025596879,0.001397,1385119.0,0.001398,1524023.0,0.0013974999999999999,7.155635062611206
1787025596884,0.001397,1385119.0,0.001398,1545177.0,0.0013974999999999999,7.155635062611206
1787025597312,0.001397,1385119.0,0.001398,1402065.0,0.0013974999999999999,7.155635062611206
1787025597346,0.001397,1385119.0,0.001398,1018554.0,0.0013974999999999999,7.155635062611206
1787025597564,0.001397,1431061.0,0.001398,1018554.0,0.0013974999999999999,7.155635062611206
1787025597584,0.001397,1431061.0,0.001398,997400.0,0.0013974999999999999,7.155635062611206
1787025597591,0.001397,1427561.0,0.001398,997400.0,0.0013974999999999999,7.155635062611206
1787025597680,0.001397,1427561.0,0.001398,1018543.0,0.0013974999999999999,7.155635062611206
1787025598703,0.001397,1423037.0,0.001398,1018543.0,0.0013974999999999999,7.155635062611206
1787025598801,0.001397,1415882.0,0.001398,1018543.0,0.0013974999999999999,7.155635062611206
1787025598856,0.001397,1415882.0,0.001398,179695.0,0.0013974999999999999,7.155635062611206
1787025598985,0.001397,1415882.0,0.001398,158552.0,0.0013974999999999999,7.155635062611206
1787025599020,0.001397,1415882.0,0.001398,57059.0,0.0013974999999999999,7.155635062611206
1787025599021,0.001397,1633482.0,0.001398,57059.0,0.0013974999999999999,7.155635062611206
1787025599022,0.001397,1633482.0,0.001398,49187.0,0.0013974999999999999,7.155635062611206
1787025599023,0.001397,1633482.0,0.001398,60994.0,0.0013974999999999999,7.155635062611206
1787025599055,0.001397,2449146.0,0.001398,60994.0,0.0013974999999999999,7.155635062611206
1787025599056,0.001397,2377564.0,0.001399,3063279.0,0.001398,14.306151645207787
1787025599057,0.001398,178826.0,0.001399,2050896.0,0.0013985,7.150518412585862
1787025599058,0.001398,227303.0,0.001399,2262533.0,0.0013985,7.150518412585862
1787025599059,0.001398,627447.0,0.001399,1764735.0,0.0013985,7.150518412585862
1787025599060,0.001398,698978.0,0.001399,1764735.0,0.0013985,7.150518412585862
1787025599065,0.001398,520152.0,0.001399,1764735.0,0.0013985,7.150518412585862
1787025599126,0.001398,520152.0,0.001399,1776534.0,0.0013985,7.150518412585862
1787025599178,0.001398,531951.0,0.001399,1776534.0,0.0013985,7.150518412585862
1787025599278,0.001398,531951.0,0.001399,2505756.0,0.0013985,7.150518412585862
1787025599348,0.001398,531951.0,0.001399,2501823.0,0.0013985,7.150518412585862
1787025599512,0.001398,531951.0,0.001399,2494665.0,0.0013985,7.150518412585862
1787025599515,0.001398,1385789.0,0.001399,2494665.0,0.0013985,7.150518412585862
1787025599516,0.001398,1385789.0,0.001399,2494665.0,0.0013985,7.150518412585862
1787025599719,0.001398,1385789.0,0.001399,1765443.0,0.0013985,7.150518412585862
1787025599720,0.001398,1385789.0,0.001399,1542324.0,0.0013985,7.150518412585862
1787025599721,0.001398,1385789.0,0.001399,1424734.0,0.0013985,7.150518412585862
1787025599722,0.001398,1385789.0,0.001399,1412935.0,0.0013985,7.150518412585862
1787025599724,0.001399,704091.0,0.0014,3818532.0,0.0013995000000000001,7.1454090746689225
1787025599725,0.001399,69297.0,0.0014,2097078.0,0.0013995000000000001,7.1454090746689225
1787025599726,0.001399,248168.0,0.0014,2233445.0,0.0013995000000000001,7.1454090746689225
1787025599727,0.001399,227348.0,0.0014,2233445.0,0.0013995000000000001,7.1454090746689225
1787025599732,0.001399,227348.0,0.0014,2503397.0,0.0013995000000000001,7.1454090746689225
1787025599734,0.001399,444558.0,0.0014,2503397.0,0.0013995000000000001,7.1454090746689225
1787025599737,0.001398,1880784.0,0.0014,2503397.0,0.001399,14.295925661186908
1787025599738,0.001398,1861411.0,0.001399,585934.0,0.0013985,7.150518412585862
1787025599739,0.001398,285207.0,0.001399,1828101.0,0.0013985,7.150518412585862
1787025599740,0.001398,313797.0,0.001399,1828101.0,0.0013985,7.150518412585862
1787025599741,0.001398,385328.0,0.001399,2045701.0,0.0013985,7.150518412585862
1787025599742,0.001398,385328.0,0.001399,2094178.0,0.0013985,7.150518412585862
1787025599775,0.001398,382879.0,0.001399,2094178.0,0.0013985,7.150518412585862
1787025599777,0.001398,431356.0,0.001399,2094178.0,0.0013985,7.150518412585862
1787025599881,0.001398,431356.0,0.001399,2136442.0,0.0013985,7.150518412585862
1787025599882,0.001398,443155.0,0.001399,2148241.0,0.0013985,7.150518412585862
1787025599955,0.001398,1232648.0,0.001399,2910442.0,0.0013985,7.150518412585862
1787025599956,0.001398,1220849.0,0.001399,2910442.0,0.0013985,7.150518412585862
1787025599975,0.001398,1220849.0,0.001399,2914374.0,0.0013985,7.150518412585862
1787025599983,0.001398,1232648.0,0.001399,2914374.0,0.0013985,7.150518412585862
1787025600011,0.001398,1161117.0,0.001399,2914374.0,0.0013985,7.150518412585862
1787025600133,0.001398,1008033.0,0.001399,2914374.0,0.0013985,7.150518412585862
1787025600135,0.001398,222475.0,0.001399,2914374.0,0.0013985,7.150518412585862
1787025600136,0.001398,401474.0,0.001399,2914374.0,0.0013985,7.150518412585862
1787025600137,0.001398,449951.0,0.001399,2914374.0,0.0013985,7.150518412585862
1787025600138,0.001398,438152.0,0.001399,2914374.0,0.0013985,7.150518412585862
1787025600139,0.001398,449951.0,0.001399,2914374.0,0.0013985,7.150518412585862
1787025600182,0.001398,449951.0,0.001399,2893242.0,0.0013985,7.150518412585862
1787025600303,0.001398,449951.0,0.001399,2900392.0,0.0013985,7.150518412585862
1787025600357,0.001398,1220430.0,0.001399,2900392.0,0.0013985,7.150518412585862
1787025600358,0.001398,1220430.0,0.001399,2900392.0,0.0013985,7.150518412585862
1787025600494,0.001398,1225363.0,0.001399,2900392.0,0.0013985,7.150518412585862
1787025600718,0.001398,1225363.0,0.001399,2854613.0,0.0013985,7.150518412585862
1787025600721,0.001398,1225363.0,0.001399,1874812.0,0.0013985,7.150518412585862
1787025600746,0.001398,1221551.0,0.001399,1874812.0,0.0013985,7.150518412585862
1787025600781,0.001398,1221551.0,0.001399,1895989.0,0.0013985,7.150518412585862
1787025600923,0.001398,1164327.0,0.001399,1895989.0,0.0013985,7.150518412585862
1787025600925,0.001398,1164327.0,0.001399,2799571.0,0.0013985,7.150518412585862
1787025600926,0.001398,1164327.0,0.001399,2787772.0,0.0013985,7.150518412585862
1787025600928,0.001398,1164327.0,0.001399,2799571.0,0.0013985,7.150518412585862
1787025601053,0.001398,1164327.0,0.001399,3006242.0,0.0013985,7.150518412585862
1787025601060,0.001398,1164327.0,0.001399,2863182.0,0.0013985,7.150518412585862
1787025601061,0.001398,345371.0,0.001399,2863182.0,0.0013985,7.150518412585862
1787025601063,0.001398,345371.0,0.001399,2720122.0,0.0013985,7.150518412585862
1787025601067,0.001398,345371.0,0.001399,3194057.0,0.0013985,7.150518412585862
1787025601070,0.001398,296894.0,0.001399,3194057.0,0.0013985,7.150518412585862
1787025601148,0.001398,268304.0,0.001399,3194057.0,0.0013985,7.150518412585862
1787025601174,0.001398,268304.0,0.001399,3182613.0,0.0013985,7.150518412585862
1787025601265,0.001398,1104752.0,0.001399,3182613.0,0.0013985,7.150518412585862
1787025601266,0.001398,1092953.0,0.001399,2708678.0,0.0013985,7.150518412585862
1787025601267,0.001398,1141430.0,0.001399,2708678.0,0.0013985,7.150518412585862
1787025601268,0.001398,1189907.0,0.001399,2708678.0,0.0013985,7.150518412585862
1787025601302,0.001398,1189907.0,0.001399,2701528.0,0.0013985,7.150518412585862
1787025601319,0.001398,1201706.0,0.001399,2701528.0,0.0013985,7.150518412585862
1787025601379,0.001398,1201706.0,0.001399,1459361.0,0.0013985,7.150518412585862
1787025601481,0.001398,1201706.0,0.001399,1438184.0,0.0013985,7.150518412585862
1787025601634,0.001398,1201706.0,0.001399,1537781.0,0.0013985,7.150518412585862
1787025601635,0.001398,1201706.0,0.001399,1525982.0,0.0013985,7.150518412585862
1787025601637,0.001398,1201706.0,0.001399,1537781.0,0.0013985,7.150518412585862
1787025601681,0.001398,1369433.0,0.001399,1558958.0,0.0013985,7.150518412585862
1787025601709,0.001398,1361768.0,0.001399,1558958.0,0.0013985,7.150518412585862
1787025601948,0.001398,1145785.0,0.001399,1558958.0,0.0013985,7.150518412585862
1787025601949,0.001398,1121796.0,0.001399,1788174.0,0.0013985,7.150518412585862
1787025601950,0.001398,1121796.0,0.001399,1558958.0,0.0013985,7.150518412585862
1787025601951,0.001398,285348.0,0.001399,1558958.0,0.0013985,7.150518412585862
1787025601952,0.001398,273549.0,0.001399,1694684.0,0.0013985,7.150518412585862
1787025601953,0.001398,225072.0,0.001399,1694684.0,0.0013985,7.150518412585862
1787025602135,0.001398,236871.0,0.001399,1694684.0,0.0013985,7.150518412585862
1787025602182,0.001398,236871.0,0.001399,1673507.0,0.0013985,7.150518412585862
1787025602279,0.001398,236871.0,0.001399,1652375.0,0.0013985,7.150518412585862
1787025602298,0.001398,244021.0,0.001399,1652375.0,0.0013985,7.150518412585862
1787025602302,0.001398,461231.0,0.001399,1652375.0,0.0013985,7.150518412585862
1787025602303,0.001398,1595860.0,0.001399,1652375.0,0.0013985,7.150518412585862
1787025602304,0.001398,1595860.0,0.001399,1652375.0,0.0013985,7.150518412585862
1787025602307,0.001398,1595860.0,0.001399,542122.0,0.0013985,7.150518412585862
1787025602308,0.001398,1595860.0,0.001399,146957.0,0.0013985,7.150518412585862
1787025602309,0.001399,804334.0,0.0014,2728716.0,0.0013995000000000001,7.1454090746689225
1787025602310,0.001399,354413.0,0.0014,1295444.0,0.0013995000000000001,7.1454090746689225
1787025602311,0.001399,402890.0,0.0014,1319119.0,0.0013995000000000001,7.1454090746689225
1787025602312,0.001399,474370.0,0.0014,1319119.0,0.0013995000000000001,7.1454090746689225
1787025602324,0.001399,474370.0,0.0014,992579.0,0.0013995000000000001,7.1454090746689225
1787025602325,0.001399,691580.0,0.0014,774025.0,0.0013995000000000001,7.1454090746689225
1787025602326,0.001399,773276.0,0.0014,774025.0,0.0013995000000000001,7.1454090746689225
1787025602328,0.001399,773276.0,0.0014,687865.0,0.0013995000000000001,7.1454090746689225
1787025602332,0.001399,773276.0,0.0014,622105.0,0.0013995000000000001,7.1454090746689225
1787025602335,0.001399,773276.0,0.0014,536736.0,0.0013995000000000001,7.1454090746689225
1787025602346,0.001398,1292361.0,0.0014,753946.0,0.001399,14.295925661186908
1787025602348,0.001398,1143042.0,0.001399,630291.0,0.0013985,7.150518412585862
1787025602349,0.001398,913826.0,0.001399,885439.0,0.0013985,7.150518412585862
1787025602350,0.001398,835399.0,0.001399,885439.0,0.0013985,7.150518412585862
1787025602359,0.001398,863989.0,0.001399,885439.0,0.0013985,7.150518412585862
1787025602361,0.001398,532304.0,0.001399,885439.0,0.0013985,7.150518412585862
1787025602362,0.001398,115525.0,0.001399,885439.0,0.0013985,7.150518412585862
1787025602365,0.001398,164002.0,0.001399,885439.0,0.0013985,7.150518412585862
1787025602375,0.001398,135412.0,0.001399,885439.0,0.0013985,7.150518412585862
1787025602381,0.001398,428908.0,0.001399,885439.0,0.0013985,7.150518412585862
1787025602399,0.001398,432841.0,0.001399,885439.0,0.0013985,7.150518412585862
1787025602401,0.001398,356555.0,0.001399,885439.0,0.0013985,7.150518412585862
1787025602402,0.001398,352622.0,0.001399,885439.0,0.0013985,7.150518412585862
1787025602480,0.001398,352622.0,0.001399,906608.0,0.0013985,7.150518412585862
1787025602500,0.001398,352622.0,0.001399,923080.0,0.0013985,7.150518412585862
1787025602515,0.001398,364421.0,0.001399,934879.0,0.0013985,7.150518412585862
1787025602565,0.001398,1200689.0,0.001399,934879.0,0.0013985,7.150518412585862
1787025602567,0.001398,1188890.0,0.001399,1696063.0,0.0013985,7.150518412585862
1787025602598,0.001398,1188890.0,0.001399,934879.0,0.0013985,7.150518412585862
1787025602599,0.001398,1188890.0,0.001399,923080.0,0.0013985,7.150518412585862
1787025602600,0.001398,1188890.0,0.001399,906608.0,0.0013985,7.150518412585862
1787025602636,0.001398,1200689.0,0.001399,918407.0,0.0013985,7.150518412585862
1787025602680,0.001398,1234900.0,0.001399,918407.0,0.0013985,7.150518412585862
1787025602701,0.001398,1234900.0,0.001399,934879.0,0.0013985,7.150518412585862
1787025602735,0.001398,577631.0,0.001399,934879.0,0.0013985,7.150518412585862
1787025602736,0.001398,398632.0,0.001399,934879.0,0.0013985,7.150518412585862
1787025602737,0.001398,398632.0,0.001399,934879.0,0.0013985,7.150518412585862
1787025602768,0.001398,398632.0,0.001399,452047.0,0.0013985,7.150518412585862
1787025602769,0.001398,398632.0,0.001399,669257.0,0.0013985,7.150518412585862
1787025602770,0.001398,398632.0,0.001399,452047.0,0.0013985,7.150518412585862
1787025602771,0.001398,398632.0,0.001399,440248.0,0.0013985,7.150518412585862
1787025602773,0.001398,398632.0,0.001399,233577.0,0.0013985,7.150518412585862
1787025602776,0.001398,398632.0,0.001399,86118.0,0.0013985,7.150518412585862
1787025602780,0.001399,265622.0,0.0014,3386535.0,0.0013995000000000001,7.1454090746689225
1787025602781,0.001399,265622.0,0.0014,2483053.0,0.0013995000000000001,7.1454090746689225
1787025602782,0.001399,288487.0,0.0014,2483053.0,0.0013995000000000001,7.1454090746689225
1787025602783,0.001399,336964.0,0.0014,2483053.0,0.0013995000000000001,7.1454090746689225
1787025602784,0.001399,371175.0,0.0014,1981393.0,0.0013995000000000001,7.1454090746689225
1787025602795,0.001398,1663184.0,0.001399,644433.0,0.0013985,7.150518412585862
1787025602796,0.001398,830466.0,0.001399,899581.0,0.0013985,7.150518412585862
1787025602797,0.001398,687404.0,0.001399,771971.0,0.0013985,7.150518412585862
1787025602798,0.001398,544342.0,0.001399,771971.0,0.0013985,7.150518412585862
1787025602799,0.001398,401280.0,0.001399,771971.0,0.0013985,7.150518412585862
1787025602800,0.001398,329749.0,0.001399,771971.0,0.0013985,7.150518412585862
1787025602801,0.001398,358339.0,0.001399,788443.0,0.0013985,7.150518412585862
1787025602808,0.001398,329749.0,0.001399,788443.0,0.0013985,7.150518412585862
1787025602860,0.001398,341548.0,0.001399,800242.0,0.0013985,7.150518412585862
1787025602873,0.001398,333080.0,0.001399,800242.0,0.0013985,7.150518412585862
1787025602882,0.001398,333080.0,0.001399,821882.0,0.0013985,7.150518412585862
1787025602883,0.001398,333080.0,0.001399,843522.0,0.0013985,7.150518412585862
1787025602903,0.001398,337015.0,0.001399,843522.0,0.0013985,7.150518412585862
1787025602946,0.001398,1160085.0,0.001399,843522.0,0.0013985,7.150518412585862
1787025602947,0.001398,1148286.0,0.001399,1675040.0,0.0013985,7.150518412585862
1787025602948,0.001398,1148286.0,0.001399,1663241.0,0.0013985,7.150518412585862
1787025602999,0.001398,1160085.0,0.001399,1675040.0,0.0013985,7.150518412585862
1787025603001,0.001398,1160085.0,0.001399,1658568.0,0.0013985,7.150518412585862
1787025603083,0.001398,1160085.0,0.001399,1615288.0,0.0013985,7.150518412585862
1787025603101,0.001398,1339084.0,0.001399,1751810.0,0.0013985,7.150518412585862
1787025603176,0.001398,298804.0,0.001399,1751810.0,0.0013985,7.150518412585862
1787025603177,0.001398,298804.0,0.001399,1751810.0,0.0013985,7.150518412585862
1787025603223,0.001398,298804.0,0.001399,1742966.0,0.0013985,7.150518412585862
1787025603275,0.001398,298804.0,0.001399,2015204.0,0.0013985,7.150518412585862
1787025603280,0.001398,298804.0,0.001399,2019136.0,0.0013985,7.150518412585862
1787025603295,0.001398,287014.0,0.001399,2019136.0,0.0013985,7.150518412585862
1787025603391,0.001398,287014.0,0.001399,2022889.0,0.0013985,7.150518412585862
1787025603407,0.001398,276951.0,0.001399,2022889.0,0.0013985,7.150518412585862
1787025603437,0.001398,276951.0,0.001399,2036984.0,0.0013985,7.150518412585862
1787025603483,0.001398,276951.0,0.001399,2058610.0,0.0013985,7.150518412585862
1787025603508,0.001398,494161.0,0.001399,2058610.0,0.0013985,7.150518412585862
1787025603509,0.001398,1226617.0,0.001399,2058610.0,0.0013985,7.150518412585862
1787025603511,0.001398,1226617.0,0.001399,2058610.0,0.0013985,7.150518412585862
1787025603524,0.001398,1226617.0,0.001399,2101966.0,0.0013985,7.150518412585862
1787025603784,0.001398,1226617.0,0.001399,2123592.0,0.0013985,7.150518412585862
1787025603921,0.001398,1254741.0,0.001399,2123592.0,0.0013985,7.150518412585862
1787025603949,0.001398,1248999.0,0.001399,2123592.0,0.0013985,7.150518412585862
1787025603958,0.001398,516543.0,0.001399,2123592.0,0.0013985,7.150518412585862
1787025604226,0.001398,1259409.0,0.001399,2123592.0,0.0013985,7.150518412585862
1787025604228,0.001398,1259409.0,0.001399,2123592.0,0.0013985,7.150518412585862
1787025604281,0.001398,1259409.0,0.001399,2101966.0,0.0013985,7.150518412585862
1787025604282,0.001398,1259409.0,0.001399,2080340.0,0.0013985,7.150518412585862
1787025604782,0.001398,1259409.0,0.001399,2123626.0,0.0013985,7.150518412585862
1787025604838,0.001398,1305351.0,0.001399,2123626.0,0.0013985,7.150518412585862
1787025605004,0.001398,1301059.0,0.001399,2123626.0,0.0013985,7.150518412585862
1787025605019,0.001398,1285871.0,0.001399,2123626.0,0.0013985,7.150518412585862
1787025605033,0.001398,1310464.0,0.001399,2123626.0,0.0013985,7.150518412585862
1787025605041,0.001398,1249567.0,0.001399,2123626.0,0.0013985,7.150518412585862
1787025605051,0.001398,1291306.0,0.001399,2123626.0,0.0013985,7.150518412585862
1787025605062,0.001398,1287594.0,0.001399,2123626.0,0.0013985,7.150518412585862
1787025605063,0.001398,1291529.0,0.001399,2123626.0,0.0013985,7.150518412585862
1787025605281,0.001398,1291529.0,0.001399,2080340.0,0.0013985,7.150518412585862
1787025605782,0.001398,1291529.0,0.001399,2123658.0,0.0013985,7.150518412585862
1787025606136,0.001398,548663.0,0.001399,2123658.0,0.0013985,7.150518412585862
1787025606138,0.001398,597140.0,0.001399,2123658.0,0.0013985,7.150518412585862
1787025606239,0.001398,590576.0,0.001399,2123658.0,0.0013985,7.150518412585862
1787025606355,0.001398,513323.0,0.001399,2123658.0,0.0013985,7.150518412585862
1787025606357,0.001398,296113.0,0.001399,2123658.0,0.0013985,7.150518412585862
1787025606358,0.001398,284314.0,0.001399,2123658.0,0.0013985,7.150518412585862
1787025606384,0.001398,284314.0,0.001399,2080340.0,0.0013985,7.150518412585862
1787025606385,0.001398,332791.0,0.001399,2080340.0,0.0013985,7.150518412585862
1787025606391,0.001398,344590.0,0.001399,2080340.0,0.0013985,7.150518412585862
1787025606583,0.001398,344590.0,0.001399,2101999.0,0.0013985,7.150518412585862
1787025606584,0.001398,344590.0,0.001399,2123658.0,0.0013985,7.150518412585862
1787025606860,0.001398,344590.0,0.001399,1740831.0,0.0013985,7.150518412585862
1787025606861,0.001398,1330233.0,0.001399,1740831.0,0.0013985,7.150518412585862
1787025606863,0.001398,1330233.0,0.001399,1740831.0,0.0013985,7.150518412585862
1787025606864,0.001398,1330233.0,0.001399,909313.0,0.0013985,7.150518412585862
1787025606865,0.001398,1330233.0,0.001399,909313.0,0.0013985,7.150518412585862
1787025606866,0.001398,1330233.0,0.001399,957790.0,0.0013985,7.150518412585862
1787025606985,0.001398,1326460.0,0.001399,957790.0,0.0013985,7.150518412585862
1787025606986,0.001398,1238729.0,0.001399,957790.0,0.0013985,7.150518412585862
1787025607001,0.001398,1238729.0,0.001399,974146.0,0.0013985,7.150518412585862
1787025607037,0.001398,1238729.0,0.001399,960444.0,0.0013985,7.150518412585862
1787025607066,0.001398,1238729.0,0.001399,1763999.0,0.0013985,7.150518412585862
1787025607083,0.001398,1238729.0,0.001399,1742340.0,0.0013985,7.150518412585862
1787025607100,0.001398,1238729.0,0.001399,1725984.0,0.0013985,7.150518412585862
1787025607102,0.001398,1238729.0,0.001399,1714185.0,0.0013985,7.150518412585862
1787025607104,0.001398,1238729.0,0.001399,1725984.0,0.0013985,7.150518412585862
1787025607183,0.001398,1238729.0,0.001399,922429.0,0.0013985,7.150518412585862
1787025607184,0.001398,1238729.0,0.001399,715758.0,0.0013985,7.150518412585862
1787025607185,0.001399,15314.0,0.0014,3712540.0,0.0013995000000000001,7.1454090746689225
1787025607186,0.001399,30628.0,0.0014,3483323.0,0.0013995000000000001,7.1454090746689225
1787025607187,0.001399,30628.0,0.0014,3866286.0,0.0013995000000000001,7.1454090746689225
1787025607188,0.001399,63791.0,0.0014,4005545.0,0.0013995000000000001,7.1454090746689225
1787025607189,0.001398,2101771.0,0.001399,43885.0,0.0013985,7.150518412585862
1787025607190,0.001399,439753.0,0.0014,4236142.0,0.0013995000000000001,7.1454090746689225
1787025607191,0.001399,1315121.0,0.0014,3610763.0,0.0013995000000000001,7.1454090746689225
1787025607192,0.001399,950780.0,0.0014,2794997.0,0.0013995000000000001,7.1454090746689225
1787025607193,0.001399,939513.0,0.0014,2516336.0,0.0013995000000000001,7.1454090746689225
1787025607195,0.001399,499760.0,0.0014,2516336.0,0.0013995000000000001,7.1454090746689225
1787025607197,0.001399,488493.0,0.0014,2516336.0,0.0013995000000000001,7.1454090746689225
1787025607230,0.001399,118283.0,0.0014,3041847.0,0.0013995000000000001,7.1454090746689225
1787025607231,0.001398,1474483.0,0.001399,852520.0,0.0013985,7.150518412585862
1787025607232,0.001398,1553466.0,0.001399,1291959.0,0.0013985,7.150518412585862
1787025607233,0.001398,1185000.0,0.001399,1103313.0,0.0013985,7.150518412585862
1787025607234,0.001398,1185000.0,0.001399,663874.0,0.0013985,7.150518412585862
1787025607236,0.001398,1346948.0,0.001399,663874.0,0.0013985,7.150518412585862
1787025607238,0.001398,1318338.0,0.001399,663874.0,0.0013985,7.150518412585862
1787025607256,0.001398,1318338.0,0.001399,461558.0,0.0013985,7.150518412585862
1787025607363,0.001398,1509136.0,0.001399,473357.0,0.0013985,7.150518412585862
1787025607367,0.001398,1502102.0,0.001399,473357.0,0.0013985,7.150518412585862
1787025607369,0.001398,1506035.0,0.001399,473357.0,0.0013985,7.150518412585862
1787025607373,0.001398,1502102.0,0.001399,473357.0,0.0013985,7.150518412585862
1787025607391,0.001398,1502102.0,0.001399,1254231.0,0.0013985,7.150518412585862
1787025607392,0.001398,1502102.0,0.001399,1242432.0,0.0013985,7.150518412585862
1787025607393,0.001398,1502102.0,0.001399,1438761.0,0.0013985,7.150518412585862
1787025607423,0.001398,1516461.0,0.001399,1438761.0,0.0013985,7.150518412585862
1787025607475,0.001398,1516461.0,0.001399,1450560.0,0.0013985,7.150518412585862
1787025607579,0.001398,1516461.0,0.001399,1472572.0,0.0013985,7.150518412585862
1787025607669,0.001398,1509852.0,0.001399,1472572.0,0.0013985,7.150518412585862
1787025607679,0.001398,1509852.0,0.001399,1494596.0,0.0013985,7.150518412585862
1787025607989,0.001398,1476739.0,0.001399,1494596.0,0.0013985,7.150518412585862
1787025608014,0.001398,1476739.0,0.001399,1620131.0,0.0013985,7.150518412585862
1787025608085,0.001398,1476739.0,0.001399,1865898.0,0.0013985,7.150518412585862
1787025608144,0.001398,1476739.0,0.001399,1869830.0,0.0013985,7.150518412585862
1787025608183,0.001398,1476739.0,0.001399,1847806.0,0.0013985,7.150518412585862
1787025608279,0.001398,1476739.0,0.001399,1825794.0,0.0013985,7.150518412585862
1787025608299,0.001398,1468156.0,0.001399,1825794.0,0.0013985,7.150518412585862
1787025608415,0.001398,1461063.0,0.001399,1825794.0,0.0013985,7.150518412585862
1787025608470,0.001398,1461063.0,0.001399,1863606.0,0.0013985,7.150518412585862
1787025608494,0.001398,1452960.0,0.001399,1863606.0,0.0013985,7.150518412585862
1787025608508,0.001398,1475283.0,0.001399,1863606.0,0.0013985,7.150518412585862
1787025608581,0.001398,1475283.0,0.001399,1907636.0,0.0013985,7.150518412585862
1787025608864,0.001398,1258073.0,0.001399,1907636.0,0.0013985,7.150518412585862
1787025608865,0.001398,441163.0,0.001399,1907636.0,0.0013985,7.150518412585862
1787025608880,0.001398,158514.0,0.001399,2629168.0,0.0013985,7.150518412585862
1787025608881,0.001397,2242245.0,0.001398,932897.0,0.0013974999999999999,7.155635062611206
1787025608882,0.001397,1375309.0,0.001398,1587637.0,0.0013974999999999999,7.155635062611206
1787025608883,0.001397,1368151.0,0.001398,1531539.0,0.0013974999999999999,7.155635062611206
1787025608884,0.001397,1396761.0,0.001398,1663921.0,0.0013974999999999999,7.155635062611206
1787025608885,0.001397,1396761.0,0.001398,1684577.0,0.0013974999999999999,7.155635062611206
1787025608886,0.001397,1396761.0,0.001398,1652358.0,0.0013974999999999999,7.155635062611206
1787025608934,0.001397,1396761.0,0.001398,1212749.0,0.0013974999999999999,7.155635062611206
1787025608948,0.001397,1396761.0,0.001398,1016420.0,0.0013974999999999999,7.155635062611206
1787025608998,0.001397,1408568.0,0.001398,1028227.0,0.0013974999999999999,7.155635062611206
1787025609018,0.001397,1485133.0,0.001398,1028227.0,0.0013974999999999999,7.155635062611206
1787025609038,0.001397,1485133.0,0.001398,325771.0,0.0013974999999999999,7.155635062611206
1787025609041,0.001397,1485133.0,0.001398,64993.0,0.0013974999999999999,7.155635062611206
1787025609043,0.001397,1485133.0,0.001398,113470.0,0.0013974999999999999,7.155635062611206
1787025609078,0.001397,2227627.0,0.001398,113470.0,0.0013974999999999999,7.155635062611206
1787025609097,0.001397,2227627.0,0.001398,117405.0,0.0013974999999999999,7.155635062611206
1787025609206,0.001397,2237205.0,0.001398,117405.0,0.0013974999999999999,7.155635062611206
1787025609326,0.001397,2112026.0,0.001398,117405.0,0.0013974999999999999,7.155635062611206
1787025609328,0.001397,2291153.0,0.001398,1020105.0,0.0013974999999999999,7.155635062611206
1787025609329,0.001397,2291153.0,0.001398,1020105.0,0.0013974999999999999,7.155635062611206
1787025609347,0.001397,2291153.0,0.001398,867371.0,0.0013974999999999999,7.155635062611206
1787025609348,0.001397,2291153.0,0.001398,11807.0,0.0013974999999999999,7.155635062611206
1787025609350,0.001398,1096883.0,0.001399,2212873.0,0.0013985,7.150518412585862
1787025609351,0.001398,657218.0,0.001399,1656055.0,0.0013985,7.150518412585862
1787025609352,0.001398,657218.0,0.001399,1679730.0,0.0013985,7.150518412585862
1787025609353,0.001398,669017.0,0.001399,1679730.0,0.0013985,7.150518412585862
1787025609354,0.001398,834179.0,0.001399,1679730.0,0.0013985,7.150518412585862
1787025609356,0.001398,834179.0,0.001399,1603165.0,0.0013985,7.150518412585862
1787025609364,0.001398,834179.0,0.001399,1593587.0,0.0013985,7.150518412585862
1787025609378,0.001398,834179.0,0.001399,1589654.0,0.0013985,7.150518412585862
1787025609432,0.001398,834179.0,0.001399,1601453.0,0.0013985,7.150518412585862
1787025609481,0.001398,834179.0,0.001399,1623975.0,0.0013985,7.150518412585862
1787025609492,0.001398,861208.0,0.001399,1623975.0,0.0013985,7.150518412585862
1787025609500,0.001398,892457.0,0.001399,1623975.0,0.0013985,7.150518412585862
1787025609521,0.001398,887292.0,0.001399,1623975.0,0.0013985,7.150518412585862
1787025609570,0.001398,1691622.0,0.001399,2468648.0,0.0013985,7.150518412585862
1787025609571,0.001398,1691622.0,0.001399,2468648.0,0.0013985,7.150518412585862
1787025609580,0.001398,1691622.0,0.001399,2491159.0,0.0013985,7.150518412585862
1787025609797,0.001398,1691622.0,0.001399,2498309.0,0.0013985,7.150518412585862
1787025609835,0.001398,1695557.0,0.001399,2498309.0,0.0013985,7.150518412585862
1787025609879,0.001398,1874556.0,0.001399,2498309.0,0.0013985,7.150518412585862
1787025609983,0.001398,1070226.0,0.001399,2498309.0,0.0013985,7.150518412585862
1787025610033,0.001398,1070226.0,0.001399,2504270.0,0.0013985,7.150518412585862
1787025610084,0.001398,1070226.0,0.001399,2481759.0,0.0013985,7.150518412585862
1787025610085,0.001398,1070226.0,0.001399,2459237.0,0.0013985,7.150518412585862
1787025610092,0.001398,1070226.0,0.001399,2577786.0,0.0013985,7.150518412585862
1787025610097,0.001398,1070226.0,0.001399,2590913.0,0.0013985,7.150518412585862
1787025610298,0.001398,1070226.0,0.001399,2583763.0,0.0013985,7.150518412585862
1787025610596,0.001398,964233.0,0.001399,2583763.0,0.0013985,7.150518412585862
1787025610611,0.001398,964233.0,0.001399,2688682.0,0.0013985,7.150518412585862
1787025610623,0.001398,957465.0,0.001399,2688682.0,0.0013985,7.150518412585862
1787025610795,0.001398,957465.0,0.001399,2666145.0,0.0013985,7.150518412585862
1787025610800,0.001398,957465.0,0.001399,2682508.0,0.0013985,7.150518412585862
1787025610918,0.001398,953781.0,0.001399,2682508.0,0.0013985,7.150518412585862
1787025611083,0.001398,958213.0,0.001399,2682508.0,0.0013985,7.150518412585862
1787025611100,0.001398,958213.0,0.001399,2666145.0,0.0013985,7.150518412585862
1787025611184,0.001398,958213.0,0.001399,2688656.0,0.0013985,7.150518412585862
1787025611585,0.001398,951837.0,0.001399,2688656.0,0.0013985,7.150518412585862
1787025611881,0.001398,951837.0,0.001399,2711167.0,0.0013985,7.150518412585862
1787025611969,0.001398,880306.0,0.001399,2711167.0,0.0013985,7.150518412585862
1787025612001,0.001398,880306.0,0.001399,2727527.0,0.0013985,7.150518412585862
1787025612081,0.001398,880306.0,0.001399,2705016.0,0.0013985,7.150518412585862
1787025612249,0.001398,880306.0,0.001399,2667204.0,0.0013985,7.150518412585862
1787025612252,0.001398,880306.0,0.001399,2717984.0,0.0013985,7.150518412585862
1787025612299,0.001398,880306.0,0.001399,2701624.0,0.0013985,7.150518412585862
1787025612364,0.001398,880306.0,0.001399,2665859.0,0.0013985,7.150518412585862
1787025612399,0.001398,880306.0,0.001399,2673481.0,0.0013985,7.150518412585862
1787025612583,0.001398,880306.0,0.001399,2696033.0,0.0013985,7.150518412585862
1787025612697,0.001398,873220.0,0.001399,2696033.0,0.0013985,7.150518412585862
1787025612751,0.001398,818489.0,0.001399,2696033.0,0.0013985,7.150518412585862
1787025613165,0.001398,600296.0,0.001399,2696033.0,0.0013985,7.150518412585862
1787025613351,0.001398,492146.0,0.001399,2696033.0,0.0013985,7.150518412585862
1787025613352,0.001397,1495511.0,0.001398,888720.0,0.0013974999999999999,7.155635062611206
1787025613353,0.001397,1250846.0,0.001398,989951.0,0.0013974999999999999,7.155635062611206
1787025613354,0.001397,1250846.0,0.001398,342767.0,0.0013974999999999999,7.155635062611206
1787025613355,0.001397,1279456.0,0.001398,560960.0,0.0013974999999999999,7.155635062611206
1787025613356,0.001397,1279456.0,0.001398,613372.0,0.0013974999999999999,7.155635062611206
1787025613357,0.001397,1291263.0,0.001398,23710.0,0.0013974999999999999,7.155635062611206
1787025613358,0.001398,465334.0,0.001399,2882278.0,0.0013985,7.150518412585862
1787025613359,0.001398,703908.0,0.001399,2529338.0,0.0013985,7.150518412585862
1787025613360,0.001398,730378.0,0.001399,2161196.0,0.0013985,7.150518412585862
1787025613361,0.001398,762655.0,0.001399,2161196.0,0.0013985,7.150518412585862
1787025613362,0.001398,762655.0,0.001399,2161196.0,0.0013985,7.150518412585862
1787025613364,0.001398,811132.0,0.001399,2161196.0,0.0013985,7.150518412585862
1787025613365,0.001398,762655.0,0.001399,2161196.0,0.0013985,7.150518412585862
1787025613381,0.001398,762655.0,0.001399,2116133.0,0.0013985,7.150518412585862
1787025613430,0.001398,762655.0,0.001399,1474036.0,0.0013985,7.150518412585862
1787025613431,0.001398,811132.0,0.001399,1474036.0,0.0013985,7.150518412585862
1787025613438,0.001398,582234.0,0.001399,1474036.0,0.0013985,7.150518412585862
1787025613439,0.001398,503265.0,0.001399,1474036.0,0.0013985,7.150518412585862
1787025613506,0.001398,285072.0,0.001399,1474036.0,0.0013985,7.150518412585862
1787025613509,0.001398,296871.0,0.001399,1474036.0,0.0013985,7.150518412585862
1787025613510,0.001398,378462.0,0.001399,1474036.0,0.0013985,7.150518412585862
1787025613511,0.001398,378462.0,0.001399,737325.0,0.0013985,7.150518412585862
1787025613512,0.001398,1622200.0,0.001399,725526.0,0.0013985,7.150518412585862
1787025613513,0.001398,1381185.0,0.001399,725526.0,0.0013985,7.150518412585862
1787025613514,0.001398,781185.0,0.001399,725526.0,0.0013985,7.150518412585862
1787025613520,0.001398,784775.0,0.001399,725526.0,0.0013985,7.150518412585862
1787025613571,0.001398,1533534.0,0.001399,725526.0,0.0013985,7.150518412585862
1787025613572,0.001398,1533534.0,0.001399,1560950.0,0.0013985,7.150518412585862
1787025613573,0.001398,1533534.0,0.001399,1549151.0,0.0013985,7.150518412585862
1787025613667,0.001398,1545333.0,0.001399,1549151.0,0.0013985,7.150518412585862
1787025613681,0.001398,1545333.0,0.001399,1572651.0,0.0013985,7.150518412585862
1787025613682,0.001398,1545333.0,0.001399,1584450.0,0.0013985,7.150518412585862
1787025613714,0.001398,1545333.0,0.001399,1593042.0,0.0013985,7.150518412585862
1787025613762,0.001398,1545333.0,0.001399,1577922.0,0.0013985,7.150518412585862
1787025613763,0.001398,1545333.0,0.001399,754297.0,0.0013985,7.150518412585862
1787025613764,0.001398,1724332.0,0.001399,754297.0,0.0013985,7.150518412585862
1787025613765,0.001398,1724332.0,0.001399,747144.0,0.0013985,7.150518412585862
1787025613780,0.001398,1724332.0,0.001399,767946.0,0.0013985,7.150518412585862
1787025613787,0.001398,1724332.0,0.001399,717801.0,0.0013985,7.150518412585862
1787025613788,0.001398,1703529.0,0.001399,717801.0,0.0013985,7.150518412585862
1787025613794,0.001398,1613288.0,0.001399,717801.0,0.0013985,7.150518412585862
1787025613795,0.001398,1613288.0,0.001399,935994.0,0.0013985,7.150518412585862
1787025613818,0.001398,1607909.0,0.001399,935994.0,0.0013985,7.150518412585862
1787025613886,0.001398,1607909.0,0.001399,914932.0,0.0013985,7.150518412585862
1787025613914,0.001398,1607909.0,0.001399,862894.0,0.0013985,7.150518412585862
1787025613922,0.001398,1607909.0,0.001399,801087.0,0.0013985,7.150518412585862
1787025613995,0.001398,1607909.0,0.001399,782093.0,0.0013985,7.150518412585862
1787025614026,0.001398,1607909.0,0.001399,760854.0,0.0013985,7.150518412585862
1787025614028,0.001398,1607909.0,0.001399,731099.0,0.0013985,7.150518412585862
1787025614037,0.001398,1620799.0,0.001399,731099.0,0.0013985,7.150518412585862
1787025614041,0.001398,1620799.0,0.001399,711776.0,0.0013985,7.150518412585862
1787025614082,0.001398,1620799.0,0.001399,688276.0,0.0013985,7.150518412585862
1787025614089,0.001398,1620799.0,0.001399,664338.0,0.0013985,7.150518412585862
1787025614309,0.001398,1620799.0,0.001399,668270.0,0.0013985,7.150518412585862
1787025614425,0.001398,1620799.0,0.001399,1025739.0,0.0013985,7.150518412585862
1787025614427,0.001398,1620799.0,0.001399,1013940.0,0.0013985,7.150518412585862
1787025614428,0.001398,1620799.0,0.001399,1025739.0,0.0013985,7.150518412585862
1787025614488,0.001398,1642360.0,0.001399,1025739.0,0.0013985,7.150518412585862
1787025614489,0.001398,1664495.0,0.001399,1025739.0,0.0013985,7.150518412585862
1787025614490,0.001398,1673248.0,0.001399,1025739.0,0.0013985,7.150518412585862
1787025614588,0.001398,1673248.0,0.001399,1161012.0,0.0013985,7.150518412585862
1787025614680,0.001398,1772894.0,0.001399,1161012.0,0.0013985,7.150518412585862
1787025614899,0.001398,1772894.0,0.001399,1943161.0,0.0013985,7.150518412585862
1787025614900,0.001398,1691303.0,0.001399,1943161.0,0.0013985,7.150518412585862
1787025614914,0.001398,1691303.0,0.001399,2049135.0,0.0013985,7.150518412585862
1787025614940,0.001398,1642826.0,0.001399,2049135.0,0.0013985,7.150518412585862
1787025614949,0.001398,1424633.0,0.001399,2049135.0,0.0013985,7.150518412585862
1787025614968,0.001398,1424633.0,0.001399,2245464.0,0.0013985,7.150518412585862
1787025614969,0.001398,1418562.0,0.001399,2233665.0,0.0013985,7.150518412585862
1787025614976,0.001398,1368088.0,0.001399,2233665.0,0.0013985,7.150518412585862
1787025614982,0.001398,1368088.0,0.001399,2280651.0,0.0013985,7.150518412585862
1787025615016,0.001398,1368088.0,0.001399,2292450.0,0.0013985,7.150518412585862
1787025615017,0.001398,619329.0,0.001399,2292450.0,0.0013985,7.150518412585862
1787025615018,0.001398,619329.0,0.001399,2292450.0,0.0013985,7.150518412585862
1787025615037,0.001398,606439.0,0.001399,2292450.0,0.0013985,7.150518412585862
1787025615282,0.001398,606439.0,0.001399,2245464.0,0.0013985,7.150518412585862
1787025615429,0.001398,410110.0,0.001399,2245464.0,0.0013985,7.150518412585862
1787025615684,0.001398,410110.0,0.001399,2291824.0,0.0013985,7.150518412585862
1787025615797,0.001398,417260.0,0.001399,2291824.0,0.0013985,7.150518412585862
1787025615843,0.001398,417260.0,0.001399,2298524.0,0.0013985,7.150518412585862
1787025616027,0.001398,1322997.0,0.001399,2298524.0,0.0013985,7.150518412585862
1787025616028,0.001398,1322997.0,0.001399,2298524.0,0.0013985,7.150518412585862
1787025616079,0.001398,1322997.0,0.001399,2252164.0,0.0013985,7.150518412585862
1787025616207,0.001398,1316360.0,0.001399,2252164.0,0.0013985,7.150518412585862
1787025616255,0.001398,1512689.0,0.001399,2252164.0,0.0013985,7.150518412585862
1787025616297,0.001398,1505539.0,0.001399,2252164.0,0.0013985,7.150518412585862
1787025616781,0.001398,1505539.0,0.001399,2298524.0,0.0013985,7.150518412585862
1787025616982,0.001398,1505539.0,0.001399,2275344.0,0.0013985,7.150518412585862
1787025617010,0.001398,1352707.0,0.001399,2275344.0,0.0013985,7.150518412585862
1787025617012,0.001398,1269895.0,0.001399,2275344.0,0.0013985,7.150518412585862
1787025617079,0.001398,1269895.0,0.001399,2252164.0,0.0013985,7.150518412585862
1787025617295,0.001398,1261385.0,0.001399,2252164.0,0.0013985,7.150518412585862
1787025617678,0.001398,1440384.0,0.001399,1273686.0,0.0013985,7.150518412585862
1787025617679,0.001398,1658577.0,0.001399,1055493.0,0.0013985,7.150518412585862
1787025617735,0.001398,1664910.0,0.001399,1055493.0,0.0013985,7.150518412585862
1787025617826,0.001398,2264910.0,0.001399,1055493.0,0.0013985,7.150518412585862
1787025617827,0.001398,1653111.0,0.001399,1055493.0,0.0013985,7.150518412585862
1787025617912,0.001398,1664910.0,0.001399,1055493.0,0.0013985,7.150518412585862
1787025617982,0.001398,1664910.0,0.001399,1078696.0,0.0013985,7.150518412585862
1787025618079,0.001398,1664910.0,0.001399,1055493.0,0.0013985,7.150518412585862
1787025618128,0.001398,1693520.0,0.001399,1055493.0,0.0013985,7.150518412585862
1787025618133,0.001398,2509184.0,0.001399,1055493.0,0.0013985,7.150518412585862
1787025618273,0.001398,2459346.0,0.001399,1055493.0,0.0013985,7.150518412585862
1787025618274,0.001398,2241153.0,0.001399,1273686.0,0.0013985,7.150518412585862
1787025618275,0.001398,2241153.0,0.001399,2161874.0,0.0013985,7.150518412585862
1787025618276,0.001398,1139087.0,0.001399,2358203.0,0.0013985,7.150518412585862
1787025618277,0.001398,1127288.0,0.001399,2957369.0,0.0013985,7.150518412585862
1787025618278,0.001398,1147155.0,0.001399,2969168.0,0.0013985,7.150518412585862
1787025618279,0.001398,1110477.0,0.001399,2969168.0,0.0013985,7.150518412585862
1787025618282,0.001398,294813.0,0.001399,2969168.0,0.0013985,7.150518412585862
1787025618284,0.001398,48477.0,0.001399,2969168.0,0.0013985,7.150518412585862
1787025618285,0.001398,52412.0,0.001399,2969168.0,0.0013985,7.150518412585862
1787025618286,0.001398,3935.0,0.001399,2599877.0,0.0013985,7.150518412585862
1787025618287,0.001397,2209397.0,0.001398,472288.0,0.0013974999999999999,7.155635062611206
1787025618288,0.001397,1304421.0,0.001398,476223.0,0.0013974999999999999,7.155635062611206
1787025618290,0.001397,1275811.0,0.001398,476223.0,0.0013974999999999999,7.155635062611206
1787025618292,0.001397,1304421.0,0.001398,476223.0,0.0013974999999999999,7.155635062611206
1787025618293,0.001397,1304421.0,0.001398,708299.0,0.0013974999999999999,7.155635062611206
1787025618301,0.001397,1297407.0,0.001398,700299.0,0.0013974999999999999,7.155635062611206
1787025618304,0.001397,1304043.0,0.001398,700299.0,0.0013974999999999999,7.155635062611206
1787025618309,0.001397,1275433.0,0.001398,689569.0,0.0013974999999999999,7.155635062611206
1787025618376,0.001397,1271500.0,0.001398,689569.0,0.0013974999999999999,7.155635062611206
1787025618379,0.001397,1283307.0,0.001398,701376.0,0.0013974999999999999,7.155635062611206
1787025618473,0.001397,1306099.0,0.001398,701376.0,0.0013974999999999999,7.155635062611206
1787025618486,0.001397,2039004.0,0.001398,701376.0,0.0013974999999999999,7.155635062611206
1787025618538,0.001397,1931708.0,0.001398,701376.0,0.0013974999999999999,7.155635062611206
1787025618540,0.001397,1931708.0,0.001398,1495550.0,0.0013974999999999999,7.155635062611206
1787025618541,0.001397,1931708.0,0.001398,1483743.0,0.0013974999999999999,7.155635062611206
1787025618542,0.001397,1931708.0,0.001398,1495550.0,0.0013974999999999999,7.155635062611206
1787025618545,0.001397,1931708.0,0.001398,1691879.0,0.0013974999999999999,7.155635062611206
1787025618546,0.001397,1198803.0,0.001398,1691879.0,0.0013974999999999999,7.155635062611206
1787025618547,0.001397,1198803.0,0.001398,1691879.0,0.0013974999999999999,7.155635062611206
1787025618639,0.001397,1198803.0,0.001398,1730695.0,0.0013974999999999999,7.155635062611206
1787025618683,0.001397,1198803.0,0.001398,1777101.0,0.0013974999999999999,7.155635062611206
1787025618716,0.001397,1377930.0,0.001398,1777101.0,0.0013974999999999999,7.155635062611206
1787025618793,0.001397,577930.0,0.001398,1777101.0,0.0013974999999999999,7.155635062611206
1787025618794,0.001397,566131.0,0.001398,1777101.0,0.0013974999999999999,7.155635062611206
1787025618856,0.001397,1317494.0,0.001398,1777101.0,0.0013974999999999999,7.155635062611206
1787025618858,0.001397,1317494.0,0.001398,1777101.0,0.0013974999999999999,7.155635062611206
1787025618915,0.001397,1568623.0,0.001398,1777101.0,0.0013974999999999999,7.155635062611206
1787025619181,0.001397,1568623.0,0.001398,1753898.0,0.0013974999999999999,7.155635062611206
1787025619407,0.001397,1560984.0,0.001398,1753898.0,0.0013974999999999999,7.155635062611206
1787025619468,0.001397,1579750.0,0.001398,1753898.0,0.0013974999999999999,7.155635062611206
1787025619469,0.001397,1589396.0,0.001398,1753898.0,0.0013974999999999999,7.155635062611206
1787025619763,0.001397,1589396.0,0.001398,1677119.0,0.0013974999999999999,7.155635062611206
1787025620051,0.001397,1589396.0,0.001398,1574642.0,0.0013974999999999999,7.155635062611206
1787025620381,0.001397,1589396.0,0.001398,1551439.0,0.0013974999999999999,7.155635062611206
1787025620409,0.001397,1584655.0,0.001398,1551439.0,0.0013974999999999999,7.155635062611206
1787025620512,0.001397,1561863.0,0.001398,1551439.0,0.0013974999999999999,7.155635062611206
1787025620525,0.001397,1580657.0,0.001398,1551439.0,0.0013974999999999999,7.155635062611206
1787025620781,0.001397,1580657.0,0.001398,1597845.0,0.0013974999999999999,7.155635062611206
1787025620816,0.001397,1550872.0,0.001398,1597845.0,0.0013974999999999999,7.155635062611206
1787025621142,0.001397,1513439.0,0.001398,1597845.0,0.0013974999999999999,7.155635062611206
1787025621183,0.001397,1513439.0,0.001398,1551439.0,0.0013974999999999999,7.155635062611206
1787025621299,0.001397,1484592.0,0.001398,1551439.0,0.0013974999999999999,7.155635062611206
1787025621422,0.001397,1484592.0,0.001398,1355110.0,0.0013974999999999999,7.155635062611206
1787025621423,0.001397,1484592.0,0.001398,560936.0,0.0013974999999999999,7.155635062611206
1787025621424,0.001397,1484592.0,0.001398,549129.0,0.0013974999999999999,7.155635062611206
1787025621434,0.001397,1484592.0,0.001398,560936.0,0.0013974999999999999,7.155635062611206
1787025621436,0.001397,1484592.0,0.001398,609413.0,0.0013974999999999999,7.155635062611206
1787025621503,0.001397,1484592.0,0.001398,560936.0,0.0013974999999999999,7.155635062611206
1787025621571,0.001397,1480607.0,0.001398,560936.0,0.0013974999999999999,7.155635062611206
1787025621583,0.001397,1480607.0,0.001398,583506.0,0.0013974999999999999,7.155635062611206
1787025621636,0.001397,1480607.0,0.001398,1404107.0,0.0013974999999999999,7.155635062611206
1787025621637,0.001397,1480607.0,0.001398,1404107.0,0.0013974999999999999,7.155635062611206
1787025621824,0.001397,1480607.0,0.001398,1417030.0,0.0013974999999999999,7.155635062611206
1787025621893,0.001397,1480607.0,0.001398,1516870.0,0.0013974999999999999,7.155635062611206
1787025622450,0.001397,1480607.0,0.001398,1713199.0,0.0013974999999999999,7.155635062611206
1787025622797,0.001397,1475925.0,0.001398,1713199.0,0.0013974999999999999,7.155635062611206
1787025622998,0.001397,1455613.0,0.001398,1713199.0,0.0013974999999999999,7.155635062611206
1787025623082,0.001397,1455613.0,0.001398,1690629.0,0.0013974999999999999,7.155635062611206
1787025623128,0.001397,1426337.0,0.001398,1690629.0,0.0013974999999999999,7.155635062611206
1787025623875,0.001397,1416778.0,0.001398,1690629.0,0.0013974999999999999,7.155635062611206
1787025623882,0.001397,1416778.0,0.001398,1735765.0,0.0013974999999999999,7.155635062611206
1787025623921,0.001397,1416778.0,0.001398,1756567.0,0.0013974999999999999,7.155635062611206
1787025623999,0.001397,879144.0,0.001398,1756567.0,0.0013974999999999999,7.155635062611206
1787025624000,0.001397,314080.0,0.001398,1756567.0,0.0013974999999999999,7.155635062611206
1787025624001,0.001397,350750.0,0.001398,1973142.0,0.0013974999999999999,7.155635062611206
1787025624002,0.001397,375973.0,0.001398,2391041.0,0.0013974999999999999,7.155635062611206
1787025624103,0.001397,375973.0,0.001398,2408751.0,0.0013974999999999999,7.155635062611206
1787025624104,0.001397,387780.0,0.001398,2408751.0,0.0013974999999999999,7.155635062611206
1787025624162,0.001397,318794.0,0.001398,2408751.0,0.0013974999999999999,7.155635062611206
1787025624206,0.001397,1101323.0,0.001398,2408751.0,0.0013974999999999999,7.155635062611206
1787025624207,0.001397,1101323.0,0.001398,2408751.0,0.0013974999999999999,7.155635062611206
1787025624231,0.001397,1101323.0,0.001398,2420195.0,0.0013974999999999999,7.155635062611206
1787025624282,0.001397,1101323.0,0.001398,2375059.0,0.0013974999999999999,7.155635062611206
1787025624551,0.001395,5404536.0,0.001398,2375059.0,0.0013965,21.482277121374615
1787025624552,0.001395,2606443.0,0.001396,207074.0,0.0013955,7.165890361878414
1787025624553,0.001395,1786067.0,0.001396,207074.0,0.0013955,7.165890361878414
1787025624554,0.001395,1453826.0,0.001396,48477.0,0.0013955,7.165890361878414
1787025624555,0.001395,1663700.0,0.001396,397054.0,0.0013955,7.165890361878414
1787025624556,0.001396,230135.0,0.001397,1790499.0,0.0013965000000000002,7.160759040457685
1787025624557,0.001396,276820.0,0.001397,1630861.0,0.0013965000000000002,7.160759040457685
1787025624558,0.001396,121135.0,0.001397,1129009.0,0.0013965000000000002,7.160759040457685
1787025624559,0.001396,224452.0,0.001397,899793.0,0.0013965000000000002,7.160759040457685
1787025624560,0.001396,420315.0,0.001397,948270.0,0.0013965000000000002,7.160759040457685
1787025624562,0.001396,616644.0,0.001397,948270.0,0.0013965000000000002,7.160759040457685
1787025624563,0.001396,616644.0,0.001397,703464.0,0.0013965000000000002,7.160759040457685
1787025624565,0.001396,616644.0,0.001397,624054.0,0.0013965000000000002,7.160759040457685
1787025624578,0.001396,616644.0,0.001397,613309.0,0.0013965000000000002,7.160759040457685
1787025624579,0.001396,535831.0,0.001397,564832.0,0.0013965000000000002,7.160759040457685
1787025624580,0.001396,1335831.0,0.001397,564832.0,0.0013965000000000002,7.160759040457685
1787025624594,0.001396,1325077.0,0.001397,564832.0,0.0013965000000000002,7.160759040457685
1787025624597,0.001396,1325077.0,0.001397,486050.0,0.0013965000000000002,7.160759040457685
1787025624624,0.001396,1217588.0,0.001397,486050.0,0.0013965000000000002,7.160759040457685
1787025624626,0.001396,1074270.0,0.001397,486050.0,0.0013965000000000002,7.160759040457685
1787025624633,0.001396,1074270.0,0.001397,682379.0,0.0013965000000000002,7.160759040457685
1787025624634,0.001396,1074270.0,0.001397,730856.0,0.0013965000000000002,7.160759040457685
1787025624682,0.001396,1074270.0,0.001397,755761.0,0.0013965000000000002,7.160759040457685
1787025624692,0.001396,996329.0,0.001397,755761.0,0.0013965000000000002,7.160759040457685
1787025624693,0.001396,1008145.0,0.001397,767577.0,0.0013965000000000002,7.160759040457685
1787025624756,0.001396,1831482.0,0.001397,767577.0,0.0013965000000000002,7.160759040457685
1787025624757,0.001396,1831482.0,0.001397,1593155.0,0.0013965000000000002,7.160759040457685
1787025624759,0.001396,1831482.0,0.001397,1581339.0,0.0013965000000000002,7.160759040457685
1787025624761,0.001396,1831482.0,0.001397,1568736.0,0.0013965000000000002,7.160759040457685
1787025624799,0.001396,1831482.0,0.001397,1589017.0,0.0013965000000000002,7.160759040457685
1787025624800,0.001396,1831482.0,0.001397,1600833.0,0.0013965000000000002,7.160759040457685
1787025624899,0.001396,1831482.0,0.001397,1580552.0,0.0013965000000000002,7.160759040457685
1787025624920,0.001396,1990862.0,0.001397,1580552.0,0.0013965000000000002,7.160759040457685
1787025624927,0.001396,1986070.0,0.001397,1580552.0,0.0013965000000000002,7.160759040457685
1787025624954,0.001396,1990010.0,0.001397,1580552.0,0.0013965000000000002,7.160759040457685
1787025624996,0.001396,1990010.0,0.001397,1588336.0,0.0013965000000000002,7.160759040457685
1787025625021,0.001396,1962099.0,0.001397,1588336.0,0.0013965000000000002,7.160759040457685
1787025625023,0.001396,1950283.0,0.001397,1588336.0,0.0013965000000000002,7.160759040457685
1787025625024,0.001396,1962099.0,0.001397,1588336.0,0.0013965000000000002,7.160759040457685
1787025625082,0.001396,1962099.0,0.001397,1563431.0,0.0013965000000000002,7.160759040457685
1787025625129,0.001396,1962099.0,0.001397,1653099.0,0.0013965000000000002,7.160759040457685
1787025625219,0.001396,1138762.0,0.001397,1653099.0,0.0013965000000000002,7.160759040457685
1787025625453,0.001396,1975324.0,0.001397,1653099.0,0.0013965000000000002,7.160759040457685
1787025625454,0.001396,1997002.0,0.001397,1653099.0,0.0013965000000000002,7.160759040457685
1787025625457,0.001396,2017809.0,0.001397,1653099.0,0.0013965000000000002,7.160759040457685
1787025625507,0.001396,2017809.0,0.001397,1657037.0,0.0013965000000000002,7.160759040457685
1787025625582,0.001396,2017809.0,0.001397,1516581.0,0.0013965000000000002,7.160759040457685
1787025625879,0.001396,2197064.0,0.001397,1516581.0,0.0013965000000000002,7.160759040457685
1787025626036,0.001396,2197064.0,0.001397,1525323.0,0.0013965000000000002,7.160759040457685
1787025626038,0.001396,2236313.0,0.001397,1525323.0,0.0013965000000000002,7.160759040457685
1787025626065,0.001396,2236313.0,0.001397,286841.0,0.0013965000000000002,7.160759040457685
1787025626067,0.001397,848063.0,0.001398,1867000.0,0.0013974999999999999,7.155635062611206
1787025626068,0.001397,684314.0,0.001398,1739755.0,0.0013974999999999999,7.155635062611206
1787025626069,0.001397,710890.0,0.001398,1433089.0,0.0013974999999999999,7.155635062611206
1787025626070,0.001397,510035.0,0.001398,1433089.0,0.0013974999999999999,7.155635062611206
1787025626071,0.001397,510035.0,0.001398,1665304.0,0.0013974999999999999,7.155635062611206
1787025626072,0.001396,3040444.0,0.001398,1665304.0,0.001397,14.31639226914697
1787025626073,0.001396,2453713.0,0.001397,629656.0,0.0013965000000000002,7.160759040457685
1787025626074,0.001396,2045242.0,0.001397,990850.0,0.0013965000000000002,7.160759040457685
1787025626075,0.001396,2073852.0,0.001397,1039327.0,0.0013965000000000002,7.160759040457685
1787025626076,0.001396,2073852.0,0.001397,1175987.0,0.0013965000000000002,7.160759040457685
1787025626134,0.001396,2085668.0,0.001397,1022938.0,0.0013965000000000002,7.160759040457685
1787025626139,0.001396,2085668.0,0.001397,974461.0,0.0013965000000000002,7.160759040457685
1787025626141,0.001397,297287.0,0.001398,2429177.0,0.0013974999999999999,7.155635062611206
1787025626142,0.001397,591713.0,0.001398,2648272.0,0.0013974999999999999,7.155635062611206
1787025626143,0.001397,709355.0,0.001398,2196165.0,0.0013974999999999999,7.155635062611206
1787025626144,0.001397,631504.0,0.001398,2196165.0,0.0013974999999999999,7.155635062611206
1787025626146,0.001397,610816.0,0.001398,2196165.0,0.0013974999999999999,7.155635062611206
1787025626175,0.001397,605073.0,0.001398,2196165.0,0.0013974999999999999,7.155635062611206
1787025626176,0.001397,388498.0,0.001398,2196165.0,0.0013974999999999999,7.155635062611206
1787025626267,0.001397,1170707.0,0.001398,3051779.0,0.0013974999999999999,7.155635062611206
1787025626268,0.001397,1182514.0,0.001398,3063586.0,0.0013974999999999999,7.155635062611206
1787025626350,0.001397,1182514.0,0.001398,3059650.0,0.0013974999999999999,7.155635062611206
1787025626352,0.001397,1182514.0,0.001398,3063589.0,0.0013974999999999999,7.155635062611206
1787025626359,0.001397,1182514.0,0.001398,3059650.0,0.0013974999999999999,7.155635062611206
1787025626401,0.001397,1341894.0,0.001398,3059650.0,0.0013974999999999999,7.155635062611206
1787025626685,0.001397,1341894.0,0.001398,2433722.0,0.0013974999999999999,7.155635062611206
1787025626687,0.001397,1558469.0,0.001398,2020818.0,0.0013974999999999999,7.155635062611206
1787025626688,0.001398,294458.0,0.001399,2860652.0,0.0013985,7.150518412585862
1787025626689,0.001398,195500.0,0.001399,1504084.0,0.0013985,7.150518412585862
1787025626690,0.001398,113628.0,0.001399,1876883.0,0.0013985,7.150518412585862
1787025626692,0.001398,65151.0,0.001399,1876883.0,0.0013985,7.150518412585862
1787025626693,0.001398,207857.0,0.001399,1876883.0,0.0013985,7.150518412585862
1787025626705,0.001398,207857.0,0.001399,1592287.0,0.0013985,7.150518412585862
1787025626762,0.001398,424432.0,0.001399,1592287.0,0.0013985,7.150518412585862
1787025626763,0.001398,472909.0,0.001399,1592287.0,0.0013985,7.150518412585862
1787025626781,0.001398,472909.0,0.001399,1618387.0,0.0013985,7.150518412585862
1787025626782,0.001398,472909.0,0.001399,1644487.0,0.0013985,7.150518412585862
1787025626818,0.001398,484708.0,0.001399,1656286.0,0.0013985,7.150518412585862
1787025626819,0.001398,484708.0,0.001399,1634984.0,0.0013985,7.150518412585862
1787025626851,0.001398,476429.0,0.001399,1634984.0,0.0013985,7.150518412585862
1787025626860,0.001398,427952.0,0.001399,1634984.0,0.0013985,7.150518412585862
1787025626861,0.001398,431887.0,0.001399,1634984.0,0.0013985,7.150518412585862
1787025626894,0.001398,1168372.0,0.001399,2407351.0,0.0013985,7.150518412585862
1787025626895,0.001398,1156573.0,0.001399,2407351.0,0.0013985,7.150518412585862
1787025626922,0.001398,1156573.0,0.001399,2433768.0,0.0013985,7.150518412585862
1787025626923,0.001398,1168372.0,0.001399,2433768.0,0.0013985,7.150518412585862
1787025627216,0.001398,1168372.0,0.001399,2423039.0,0.0013985,7.150518412585862
1787025627277,0.001398,1161311.0,0.001399,2423039.0,0.0013985,7.150518412585862
1787025627297,0.001398,1161311.0,0.001399,2430189.0,0.0013985,7.150518412585862
1787025627471,0.001398,1203796.0,0.001399,2430189.0,0.0013985,7.150518412585862
1787025627569,0.001398,1199923.0,0.001399,2430189.0,0.0013985,7.150518412585862
1787025627583,0.001398,1199923.0,0.001399,2404089.0,0.0013985,7.150518412585862
1787025627643,0.001398,1199923.0,0.001399,2408021.0,0.0013985,7.150518412585862
1787025627694,0.001398,1199923.0,0.001399,2024784.0,0.0013985,7.150518412585862
1787025627797,0.001398,1199923.0,0.001399,2017634.0,0.0013985,7.150518412585862
1787025627879,0.001398,1378922.0,0.001399,2017634.0,0.0013985,7.150518412585862
1787025627937,0.001398,1378922.0,0.001399,1953303.0,0.0013985,7.150518412585862
1787025628070,0.001398,1162347.0,0.001399,1953303.0,0.0013985,7.150518412585862
1787025628071,0.001398,425862.0,0.001399,1953303.0,0.0013985,7.150518412585862
1787025628073,0.001398,414063.0,0.001399,1953303.0,0.0013985,7.150518412585862
1787025628074,0.001398,485594.0,0.001399,1953303.0,0.0013985,7.150518412585862
1787025628084,0.001398,485594.0,0.001399,1927203.0,0.0013985,7.150518412585862
1787025628168,0.001398,497393.0,0.001399,1927203.0,0.0013985,7.150518412585862
1787025628513,0.001398,1238172.0,0.001399,1927203.0,0.0013985,7.150518412585862
1787025628514,0.001398,1249971.0,0.001399,1927203.0,0.0013985,7.150518412585862
1787025628515,0.001398,1238172.0,0.001399,1927203.0,0.0013985,7.150518412585862
1787025628541,0.001398,1228933.0,0.001399,1927203.0,0.0013985,7.150518412585862
1787025628603,0.001398,1157402.0,0.001399,1927203.0,0.0013985,7.150518412585862
1787025628649,0.001398,529072.0,0.001399,1927203.0,0.0013985,7.150518412585862
1787025628650,0.001398,11799.0,0.001399,1927203.0,0.0013985,7.150518412585862
1787025628651,0.001397,1019172.0,0.001399,2751661.0,0.001398,14.306151645207787
1787025628652,0.001397,1019172.0,0.001398,476106.0,0.0013974999999999999,7.155635062611206
1787025628653,0.001397,809187.0,0.001398,98105.0,0.0013974999999999999,7.155635062611206
1787025628654,0.001397,880769.0,0.001398,284565.0,0.0013974999999999999,7.155635062611206
1787025628655,0.001397,962436.0,0.001398,333042.0,0.0013974999999999999,7.155635062611206
1787025628656,0.001397,962436.0,0.001398,565317.0,0.0013974999999999999,7.155635062611206
1787025628681,0.001397,1119501.0,0.001398,565317.0,0.0013974999999999999,7.155635062611206
1787025628796,0.001397,1131308.0,0.001398,577124.0,0.0013974999999999999,7.155635062611206
1787025628864,0.001397,2026084.0,0.001398,577124.0,0.0013974999999999999,7.155635062611206
1787025628866,0.001397,1872835.0,0.001398,577124.0,0.0013974999999999999,7.155635062611206
1787025628879,0.001397,1872835.0,0.001398,603457.0,0.0013974999999999999,7.155635062611206
1787025628968,0.001397,1872835.0,0.001398,613987.0,0.0013974999999999999,7.155635062611206
1787025629037,0.001397,1912662.0,0.001398,613987.0,0.0013974999999999999,7.155635062611206
1787025629081,0.001397,1912662.0,0.001398,587654.0,0.0013974999999999999,7.155635062611206
1787025629145,0.001397,1912662.0,0.001398,1350300.0,0.0013974999999999999,7.155635062611206
1787025629146,0.001397,1900863.0,0.001398,1338493.0,0.0013974999999999999,7.155635062611206
1787025629147,0.001397,593183.0,0.001398,1560231.0,0.0013974999999999999,7.155635062611206
1787025629148,0.001397,581376.0,0.001398,2149803.0,0.0013974999999999999,7.155635062611206
1787025629149,0.001397,305990.0,0.001398,2149803.0,0.0013974999999999999,7.155635062611206
1787025629151,0.001397,485010.0,0.001398,2149803.0,0.0013974999999999999,7.155635062611206
1787025629167,0.001397,436533.0,0.001398,2149803.0,0.0013974999999999999,7.155635062611206
1787025629257,0.001397,448340.0,0.001398,2161610.0,0.0013974999999999999,7.155635062611206
1787025629412,0.001397,1348971.0,0.001398,2161610.0,0.0013974999999999999,7.155635062611206
1787025629413,0.001397,1337164.0,0.001398,2161610.0,0.0013974999999999999,7.155635062611206
1787025629414,0.001397,1348971.0,0.001398,1572038.0,0.0013974999999999999,7.155635062611206
1787025629471,0.001397,1371181.0,0.001398,1572038.0,0.0013974999999999999,7.155635062611206
1787025629472,0.001397,1387207.0,0.001398,1572038.0,0.0013974999999999999,7.155635062611206
1787025629719,0.001397,1383168.0,0.001398,1572038.0,0.0013974999999999999,7.155635062611206
1787025629883,0.001397,1383168.0,0.001398,1598385.0,0.0013974999999999999,7.155635062611206
1787025629972,0.001397,1383168.0,0.001398,1609802.0,0.0013974999999999999,7.155635062611206
1787025630032,0.001397,1383168.0,0.001398,1640193.0,0.0013974999999999999,7.155635062611206
1787025630040,0.001397,1343341.0,0.001398,1640193.0,0.0013974999999999999,7.155635062611206
1787025630799,0.001397,1336239.0,0.001398,1640193.0,0.0013974999999999999,7.155635062611206
1787025631082,0.001397,1336239.0,0.001398,1613846.0,0.0013974999999999999,7.155635062611206
1787025631480,0.001397,1336239.0,0.001398,1583455.0,0.0013974999999999999,7.155635062611206
1787025631483,0.001397,1336239.0,0.001398,1956726.0,0.0013974999999999999,7.155635062611206
1787025631925,0.001397,1336239.0,0.001398,1978364.0,0.0013974999999999999,7.155635062611206
1787025631953,0.001397,1330319.0,0.001398,1978364.0,0.0013974999999999999,7.155635062611206
1787025631984,0.001397,1330319.0,0.001398,2004700.0,0.0013974999999999999,7.155635062611206
1787025632183,0.001397,1330319.0,0.001398,1978364.0,0.0013974999999999999,7.155635062611206
1787025632218,0.001397,1330319.0,0.001398,1999666.0,0.0013974999999999999,7.155635062611206
1787025632682,0.001397,1330319.0,0.001398,2026002.0,0.0013974999999999999,7.155635062611206
1787025632924,0.001397,1330319.0,0.001398,2004364.0,0.0013974999999999999,7.155635062611206
1787025633167,0.001397,1320931.0,0.001398,2004364.0,0.0013974999999999999,7.155635062611206
1787025633817,0.001397,1294418.0,0.001398,2004364.0,0.0013974999999999999,7.155635062611206
1787025634082,0.001397,1294418.0,0.001398,1978028.0,0.0013974999999999999,7.155635062611206
1787025634251,0.001397,1285501.0,0.001398,1978028.0,0.0013974999999999999,7.155635062611206
1787025634253,0.001397,1289439.0,0.001398,1978028.0,0.0013974999999999999,7.155635062611206
1787025634261,0.001397,1302020.0,0.001398,1978028.0,0.0013974999999999999,7.155635062611206
1787025634646,0.001397,1714854.0,0.001398,1978028.0,0.0013974999999999999,7.155635062611206
1787025634681,0.001397,1714854.0,0.001398,2002713.0,0.0013974999999999999,7.155635062611206
1787025634779,0.001397,1714854.0,0.001398,1978028.0,0.0013974999999999999,7.155635062611206
1787025635026,0.001397,1714854.0,0.001398,2004429.0,0.0013974999999999999,7.155635062611206
1787025635309,0.001397,1707531.0,0.001398,2004429.0,0.0013974999999999999,7.155635062611206
1787025635588,0.001397,1630392.0,0.001398,2004429.0,0.0013974999999999999,7.155635062611206
1787025635707,0.001397,1630392.0,0.001398,669890.0,0.0013974999999999999,7.155635062611206
1787025635708,0.001397,2038590.0,0.001398,496610.0,0.0013974999999999999,7.155635062611206
1787025635709,0.001398,20623.0,0.001399,2027972.0,0.0013985,7.150518412585862
1787025635710,0.001398,459634.0,0.001399,1287252.0,0.0013985,7.150518412585862
1787025635711,0.001398,733784.0,0.001399,1509879.0,0.0013985,7.150518412585862
1787025635712,0.001398,756331.0,0.001399,1509879.0,0.0013985,7.150518412585862
1787025635714,0.001398,924719.0,0.001399,1509879.0,0.0013985,7.150518412585862
1787025635718,0.001398,924719.0,0.001399,1615382.0,0.0013985,7.150518412585862
1787025635719,0.001398,876242.0,0.001399,1615382.0,0.0013985,7.150518412585862
1787025635739,0.001398,881965.0,0.001399,1615382.0,0.0013985,7.150518412585862
1787025635780,0.001398,881965.0,0.001399,1640677.0,0.0013985,7.150518412585862
1787025635832,0.001398,893764.0,0.001399,1640677.0,0.0013985,7.150518412585862
1787025635833,0.001398,893764.0,0.001399,1652476.0,0.0013985,7.150518412585862
1787025635922,0.001398,893764.0,0.001399,1671823.0,0.0013985,7.150518412585862
1787025635927,0.001398,893764.0,0.001399,2419389.0,0.0013985,7.150518412585862
1787025636109,0.001398,1072763.0,0.001399,2419389.0,0.0013985,7.150518412585862
1787025636111,0.001398,1879070.0,0.001399,2419389.0,0.0013985,7.150518412585862
1787025636112,0.001398,1879070.0,0.001399,2419389.0,0.0013985,7.150518412585862
1787025636282,0.001398,1879070.0,0.001399,2394094.0,0.0013985,7.150518412585862
1787025636486,0.001398,1889590.0,0.001399,2394094.0,0.0013985,7.150518412585862
1787025636488,0.001398,1917306.0,0.001399,2394094.0,0.0013985,7.150518412585862
1787025636501,0.001398,1910226.0,0.001399,2394094.0,0.0013985,7.150518412585862
1787025636601,0.001398,1910226.0,0.001399,2432700.0,0.0013985,7.150518412585862
1787025636713,0.001398,1910226.0,0.001399,2296236.0,0.0013985,7.150518412585862
1787025636737,0.001398,1910226.0,0.001399,1912999.0,0.0013985,7.150518412585862
1787025636924,0.001398,1910226.0,0.001399,1893652.0,0.0013985,7.150518412585862
1787025637780,0.001398,1910226.0,0.001399,1918958.0,0.0013985,7.150518412585862
1787025637805,0.001398,1904896.0,0.001399,1918958.0,0.0013985,7.150518412585862
1787025638483,0.001398,1924896.0,0.001399,1918958.0,0.0013985,7.150518412585862
1787025638555,0.001398,1909799.0,0.001399,1918958.0,0.0013985,7.150518412585862
1787025638647,0.001398,1103492.0,0.001399,1918958.0,0.0013985,7.150518412585862
1787025638811,0.001398,1095882.0,0.001399,1918958.0,0.0013985,7.150518412585862
1787025639084,0.001398,1095882.0,0.001399,1893652.0,0.0013985,7.150518412585862
1787025639298,0.001398,1103032.0,0.001399,1893652.0,0.0013985,7.150518412585862
1787025639517,0.001398,1063225.0,0.001399,1893652.0,0.0013985,7.150518412585862
1787025639518,0.001398,49457.0,0.001399,1893652.0,0.0013985,7.150518412585862
1787025639519,0.001398,49457.0,0.001399,2122868.0,0.0013985,7.150518412585862
1787025639520,0.001397,1959625.0,0.001398,1048037.0,0.0013974999999999999,7.155635062611206
1787025639521,0.001397,623163.0,0.001398,1562433.0,0.0013974999999999999,7.155635062611206
1787025639522,0.001397,623163.0,0.001398,1116351.0,0.0013974999999999999,7.155635062611206
1787025639523,0.001397,436703.0,0.001398,1105621.0,0.0013974999999999999,7.155635062611206
1787025639524,0.001397,485180.0,0.001398,1105621.0,0.0013974999999999999,7.155635062611206
1787025639525,0.001397,533657.0,0.001398,1105621.0,0.0013974999999999999,7.155635062611206
1787025639575,0.001397,533657.0,0.001398,666867.0,0.0013974999999999999,7.155635062611206
1787025639587,0.001397,545464.0,0.001398,678674.0,0.0013974999999999999,7.155635062611206
1787025639591,0.001397,437975.0,0.001398,678674.0,0.0013974999999999999,7.155635062611206
1787025639595,0.001397,294657.0,0.001398,678674.0,0.0013974999999999999,7.155635062611206
1787025639598,0.001397,246180.0,0.001398,678674.0,0.0013974999999999999,7.155635062611206
1787025639623,0.001397,246180.0,0.001398,657654.0,0.0013974999999999999,7.155635062611206
1787025639661,0.001397,294657.0,0.001398,735460.0,0.0013974999999999999,7.155635062611206
1787025639662,0.001397,246180.0,0.001398,735460.0,0.0013974999999999999,7.155635062611206
1787025639663,0.001397,246180.0,0.001398,1248491.0,0.0013974999999999999,7.155635062611206
1787025639665,0.001396,2031815.0,0.001397,577533.0,0.0013965000000000002,7.160759040457685
1787025639666,0.001396,1199316.0,0.001397,820064.0,0.0013965000000000002,7.160759040457685
1787025639667,0.001396,1199316.0,0.001397,956724.0,0.0013965000000000002,7.160759040457685
1787025639668,0.001396,1199316.0,0.001397,1005201.0,0.0013965000000000002,7.160759040457685
1787025639680,0.001396,1319642.0,0.001397,1005201.0,0.0013965000000000002,7.160759040457685
1787025639717,0.001396,1319642.0,0.001397,566447.0,0.0013965000000000002,7.160759040457685
1787025639722,0.001396,2087918.0,0.001397,566447.0,0.0013965000000000002,7.160759040457685
1787025639807,0.001396,2081623.0,0.001397,566447.0,0.0013965000000000002,7.160759040457685
1787025639834,0.001396,2093439.0,0.001397,578263.0,0.0013965000000000002,7.160759040457685
1787025639861,0.001396,2093439.0,0.001397,1416651.0,0.0013965000000000002,7.160759040457685
1787025639862,0.001396,2093439.0,0.001397,1404835.0,0.0013965000000000002,7.160759040457685
1787025639879,0.001396,2272632.0,0.001397,1404835.0,0.0013965000000000002,7.160759040457685
1787025639935,0.001396,2272632.0,0.001397,1416651.0,0.0013965000000000002,7.160759040457685
1787025640298,0.001396,2279792.0,0.001397,1416651.0,0.0013965000000000002,7.160759040457685
1787025640455,0.001396,2308461.0,0.001397,1416651.0,0.0013965000000000002,7.160759040457685
1787025640459,0.001396,2314205.0,0.001397,1416651.0,0.0013965000000000002,7.160759040457685
1787025640476,0.001396,2314205.0,0.001397,1420589.0,0.0013965000000000002,7.160759040457685
1787025640712,0.001396,2262464.0,0.001397,1420589.0,0.0013965000000000002,7.160759040457685
1787025640801,0.001396,2255304.0,0.001397,1420589.0,0.0013965000000000002,7.160759040457685
1787025640836,0.001396,2255300.0,0.001397,1420589.0,0.0013965000000000002,7.160759040457685
1787025640857,0.001396,2255300.0,0.001397,1427289.0,0.0013965000000000002,7.160759040457685
1787025641029,0.001396,2250873.0,0.001397,1427289.0,0.0013965000000000002,7.160759040457685
1787025641067,0.001396,2541581.0,0.001397,1427289.0,0.0013965000000000002,7.160759040457685
1787025641299,0.001396,2548741.0,0.001397,1427289.0,0.0013965000000000002,7.160759040457685
1787025641552,0.001396,2548741.0,0.001397,402441.0,0.0013965000000000002,7.160759040457685
1787025641553,0.001396,2548741.0,0.001397,353964.0,0.0013965000000000002,7.160759040457685
1787025641554,0.001397,980740.0,0.001398,1079322.0,0.0013974999999999999,7.155635062611206
1787025641555,0.001397,1139357.0,0.001398,750944.0,0.0013974999999999999,7.155635062611206
1787025641556,0.001397,774060.0,0.001398,992807.0,0.0013974999999999999,7.155635062611206
1787025641557,0.001397,1816482.0,0.001398,937448.0,0.0013974999999999999,7.155635062611206
1787025641558,0.001397,1016482.0,0.001398,1008979.0,0.0013974999999999999,7.155635062611206
1787025641559,0.001397,1136808.0,0.001398,1008979.0,0.0013974999999999999,7.155635062611206
1787025641608,0.001397,1136808.0,0.001398,937448.0,0.0013974999999999999,7.155635062611206
1787025641650,0.001397,1148615.0,0.001398,949255.0,0.0013974999999999999,7.155635062611206
1787025641754,0.001397,1979652.0,0.001398,1717299.0,0.0013974999999999999,7.155635062611206
1787025642313,0.001397,1971628.0,0.001398,1717299.0,0.0013974999999999999,7.155635062611206
1787025642463,0.001397,1985774.0,0.001398,1717299.0,0.0013974999999999999,7.155635062611206
1787025642464,0.001397,2006041.0,0.001398,1717299.0,0.0013974999999999999,7.155635062611206
1787025642643,0.001397,2006041.0,0.001398,1333788.0,0.0013974999999999999,7.155635062611206
1787025642644,0.001397,2006041.0,0.001398,1321981.0,0.0013974999999999999,7.155635062611206
1787025642645,0.001397,2006041.0,0.001398,1333788.0,0.0013974999999999999,7.155635062611206
1787025643244,0.001397,1270587.0,0.001398,1333788.0,0.0013974999999999999,7.155635062611206
1787025643245,0.001397,1049998.0,0.001398,1333788.0,0.0013974999999999999,7.155635062611206
1787025643246,0.001397,170484.0,0.001398,1882694.0,0.0013974999999999999,7.155635062611206
1787025643247,0.001397,170484.0,0.001398,1904997.0,0.0013974999999999999,7.155635062611206
1787025643248,0.001397,122007.0,0.001398,1904997.0,0.0013974999999999999,7.155635062611206
1787025643249,0.001396,2158051.0,0.001397,459675.0,0.0013965000000000002,7.160759040457685
1787025643250,0.001396,1435726.0,0.001397,1588744.0,0.0013965000000000002,7.160759040457685
1787025643251,0.001396,1435726.0,0.001397,1291201.0,0.0013965000000000002,7.160759040457685
1787025643252,0.001396,1435726.0,0.001397,1515401.0,0.0013965000000000002,7.160759040457685
1787025643295,0.001396,1442886.0,0.001397,1515401.0,0.0013965000000000002,7.160759040457685
1787025643305,0.001396,1442886.0,0.001397,1077260.0,0.0013965000000000002,7.160759040457685
1787025643321,0.001396,1419368.0,0.001397,1077260.0,0.0013965000000000002,7.160759040457685
1787025643322,0.001396,1202793.0,0.001397,1077260.0,0.0013965000000000002,7.160759040457685
1787025643323,0.001396,1059475.0,0.001397,1077260.0,0.0013965000000000002,7.160759040457685
1787025643324,0.001396,330040.0,0.001397,1077260.0,0.0013965000000000002,7.160759040457685
1787025643325,0.001396,294546.0,0.001397,1306476.0,0.0013965000000000002,7.160759040457685
1787025643333,0.001396,294546.0,0.001397,1077260.0,0.0013965000000000002,7.160759040457685
1787025643335,0.001396,343023.0,0.001397,1077260.0,0.0013965000000000002,7.160759040457685
1787025643367,0.001396,354839.0,0.001397,1089076.0,0.0013965000000000002,7.160759040457685
1787025643368,0.001396,350900.0,0.001397,1089076.0,0.0013965000000000002,7.160759040457685
1787025643380,0.001396,350900.0,0.001397,1067542.0,0.0013965000000000002,7.160759040457685
1787025643461,0.001396,341376.0,0.001397,1067542.0,0.0013965000000000002,7.160759040457685
1787025643463,0.001396,341376.0,0.001397,1841361.0,0.0013965000000000002,7.160759040457685
1787025643464,0.001396,292899.0,0.001397,1841361.0,0.0013965000000000002,7.160759040457685
1787025643465,0.001396,292899.0,0.001397,1997063.0,0.0013965000000000002,7.160759040457685
1787025643681,0.001395,3342514.0,0.001397,1997063.0,0.001396,14.32664756447026
1787025643682,0.001395,2439684.0,0.001396,609200.0,0.0013955,7.165890361878414
1787025643683,0.001395,1581472.0,0.001396,828919.0,0.0013955,7.165890361878414
1787025643684,0.001395,1352256.0,0.001396,884627.0,0.0013955,7.165890361878414
1787025643685,0.001395,1352256.0,0.001396,933104.0,0.0013955,7.165890361878414
1787025643686,0.001395,1352256.0,0.001396,981581.0,0.0013955,7.165890361878414
1787025643707,0.001395,1356366.0,0.001396,981581.0,0.0013955,7.165890361878414
1787025643734,0.001395,968509.0,0.001396,981581.0,0.0013955,7.165890361878414
1787025643735,0.001395,254797.0,0.001396,981581.0,0.0013955,7.165890361878414
1787025643737,0.001395,303274.0,0.001396,981581.0,0.0013955,7.165890361878414
1787025643739,0.001395,351751.0,0.001396,981581.0,0.0013955,7.165890361878414
1787025643772,0.001395,351751.0,0.001396,952810.0,0.0013955,7.165890361878414
1787025643773,0.001395,951751.0,0.001396,952810.0,0.0013955,7.165890361878414
1787025643802,0.001395,963575.0,0.001396,984661.0,0.0013955,7.165890361878414
1787025643817,0.001395,963575.0,0.001396,905693.0,0.0013955,7.165890361878414
1787025643880,0.001394,2981053.0,0.001396,905693.0,0.001395,14.336917562724363
1787025643881,0.001395,48477.0,0.001396,1350922.0,0.0013955,7.165890361878414
1787025643882,0.001395,228542.0,0.001396,1594941.0,0.0013955,7.165890361878414
1787025643883,0.001394,2227221.0,0.001395,908240.0,0.0013945,7.171029042667021
1787025643884,0.001394,744364.0,0.001395,43149.0,0.0013945,7.171029042667021
1787025643885,0.001394,744364.0,0.001395,108645.0,0.0013945,7.171029042667021
1787025643886,0.001395,257160.0,0.001396,2584673.0,0.0013955,7.165890361878414
1787025643887,0.001395,279654.0,0.001396,2154348.0,0.0013955,7.165890361878414
1787025643888,0.001395,253671.0,0.001396,2128054.0,0.0013955,7.165890361878414
1787025643891,0.001395,253671.0,0.001396,1984584.0,0.0013955,7.165890361878414
1787025643892,0.001395,253671.0,0.001396,1908750.0,0.0013955,7.165890361878414
1787025643893,0.001395,1053671.0,0.001396,1908750.0,0.0013955,7.165890361878414
1787025643902,0.001395,253671.0,0.001396,1908750.0,0.0013955,7.165890361878414
1787025643904,0.001395,227688.0,0.001396,1908750.0,0.0013955,7.165890361878414
1787025643905,0.001395,48477.0,0.001396,1908750.0,0.0013955,7.165890361878414
1787025643926,0.001395,48477.0,0.001396,1920574.0,0.0013955,7.165890361878414
1787025643927,0.001395,60301.0,0.001396,1920574.0,0.0013955,7.165890361878414
1787025643954,0.001392,3592735.0,0.001395,10753.0,0.0013935,21.52852529601697
1787025643955,0.001392,3592735.0,0.001394,10760.0,0.0013930000000000001,14.357501794688071
1787025643956,0.001392,1768636.0,0.001394,789525.0,0.0013930000000000001,14.357501794688071
1787025643957,0.001392,1768636.0,0.001393,632800.0,0.0013925,7.181328545780365
1787025643958,0.001392,1328355.0,0.001393,62994.0,0.0013925,7.181328545780365
1787025643959,0.001393,401240.0,0.001394,511830.0,0.0013935,7.17617509867336
1787025643960,0.001393,1005488.0,0.001394,279310.0,0.0013935,7.17617509867336
1787025643961,0.001393,990381.0,0.001394,249720.0,0.0013935,7.17617509867336
1787025643965,0.001393,990381.0,0.001394,298197.0,0.0013935,7.17617509867336
1787025643978,0.001393,964361.0,0.001394,298197.0,0.0013935,7.17617509867336
1787025644020,0.001393,964361.0,0.001394,484657.0,0.0013935,7.17617509867336
1787025644023,0.001393,964361.0,0.001394,533134.0,0.0013935,7.17617509867336
1787025644028,0.001393,821043.0,0.001394,533134.0,0.0013935,7.17617509867336
1787025644107,0.001393,821043.0,0.001394,484657.0,0.0013935,7.17617509867336
1787025644108,0.001393,735559.0,0.001395,2205268.0,0.0013939999999999998,14.347202295552718
1787025644109,0.001393,955278.0,0.001395,1793201.0,0.0013939999999999998,14.347202295552718
1787025644110,0.001394,363837.0,0.001395,1646196.0,0.0013945,7.171029042667021
1787025644111,0.001394,183175.0,0.001395,1023447.0,0.0013945,7.171029042667021
1787025644114,0.001394,183175.0,0.001395,836987.0,0.0013945,7.171029042667021
1787025644116,0.001394,231652.0,0.001395,836987.0,0.0013945,7.171029042667021
1787025644119,0.001394,231652.0,0.001395,859291.0,0.0013945,7.171029042667021
1787025644141,0.001394,231652.0,0.001395,1036427.0,0.0013945,7.171029042667021
1787025644142,0.001394,183175.0,0.001395,1036427.0,0.0013945,7.171029042667021
1787025644160,0.001394,1081063.0,0.001395,1036427.0,0.0013945,7.171029042667021
1787025644161,0.001394,1081063.0,0.001395,1841257.0,0.0013945,7.171029042667021
1787025644166,0.001394,1321368.0,0.001395,1841257.0,0.0013945,7.171029042667021
1787025644175,0.001394,1321368.0,0.001395,1036427.0,0.0013945,7.171029042667021
1787025644178,0.001394,1321368.0,0.001395,1014123.0,0.0013945,7.171029042667021
1787025644188,0.001394,1321368.0,0.001395,836987.0,0.0013945,7.171029042667021
1787025644189,0.001394,1333201.0,0.001395,848820.0,0.0013945,7.171029042667021
1787025644191,0.001394,1333201.0,0.001395,1025956.0,0.0013945,7.171029042667021
1787025644198,0.001394,1337147.0,0.001395,1025956.0,0.0013945,7.171029042667021
1787025644199,0.001394,1337147.0,0.001395,1050363.0,0.0013945,7.171029042667021
1787025644204,0.001394,1337147.0,0.001395,1054306.0,0.0013945,7.171029042667021
1787025644224,0.001394,1337147.0,0.001395,982776.0,0.0013945,7.171029042667021
1787025644253,0.001394,1250963.0,0.001395,805640.0,0.0013945,7.171029042667021
1787025644254,0.001394,1250963.0,0.001395,577921.0,0.0013945,7.171029042667021
1787025644255,0.001394,1250963.0,0.001395,673600.0,0.0013945,7.171029042667021
1787025644256,0.001394,1250963.0,0.001395,661767.0,0.0013945,7.171029042667021
1787025644268,0.001394,1250963.0,0.001395,484631.0,0.0013945,7.171029042667021
1787025644269,0.001394,1250963.0,0.001396,2410786.0,0.001395,14.336917562724363
1787025644270,0.001395,439063.0,0.001396,2396165.0,0.0013955,7.165890361878414
1787025644271,0.001395,439063.0,0.001396,1645687.0,0.0013955,7.165890361878414
1787025644272,0.001395,487540.0,0.001396,1535047.0,0.0013955,7.165890361878414
1787025644273,0.001395,536017.0,0.001396,1535047.0,0.0013955,7.165890361878414
1787025644275,0.001395,776322.0,0.001396,1535047.0,0.0013955,7.165890361878414
1787025644293,0.001395,750340.0,0.001396,1535047.0,0.0013955,7.165890361878414
1787025644295,0.001395,762164.0,0.001396,1546871.0,0.0013955,7.165890361878414
1787025644333,0.001395,713687.0,0.001396,1546871.0,0.0013955,7.165890361878414
1787025644359,0.001395,713687.0,0.001396,1542756.0,0.0013955,7.165890361878414
1787025644367,0.001395,713687.0,0.001396,1553407.0,0.0013955,7.165890361878414
1787025644368,0.001395,713687.0,0.001396,1549471.0,0.0013955,7.165890361878414
1787025644376,0.001395,713687.0,0.001396,2374419.0,0.0013955,7.165890361878414
1787025644377,0.001395,1599015.0,0.001396,2374419.0,0.0013955,7.165890361878414
1787025644378,0.001395,1587191.0,0.001396,2374419.0,0.0013955,7.165890361878414
1787025644398,0.001395,1599015.0,0.001396,2374419.0,0.0013955,7.165890361878414
1787025644454,0.001395,1629987.0,0.001396,2374419.0,0.0013955,7.165890361878414
1787025644506,0.001395,1629987.0,0.001396,2034549.0,0.0013955,7.165890361878414
1787025644563,0.001395,1624572.0,0.001396,2034549.0,0.0013955,7.165890361878414
1787025644783,0.001395,1624572.0,0.001396,2060488.0,0.0013955,7.165890361878414
1787025644882,0.001395,1624572.0,0.001396,2049837.0,0.0013955,7.165890361878414
1787025644918,0.001395,1624572.0,0.001396,1653815.0,0.0013955,7.165890361878414
1787025644920,0.001395,1624572.0,0.001396,1665639.0,0.0013955,7.165890361878414
1787025644972,0.001395,1624572.0,0.001396,1644252.0,0.0013955,7.165890361878414
1787025645151,0.001395,1628515.0,0.001396,1644252.0,0.0013955,7.165890361878414
1787025645158,0.001395,1628515.0,0.001396,1648192.0,0.0013955,7.165890361878414
1787025645182,0.001395,1628515.0,0.001396,1622253.0,0.0013955,7.165890361878414
1787025645823,0.001395,1622328.0,0.001396,1622253.0,0.0013955,7.165890361878414
1787025646104,0.001395,1622328.0,0.001396,1602897.0,0.0013955,7.165890361878414
1787025646292,0.001395,1622328.0,0.001396,1649360.0,0.0013955,7.165890361878414
1787025646900,0.001395,1622328.0,0.001396,824412.0,0.0013955,7.165890361878414
1787025646901,0.001395,1622328.0,0.001396,494932.0,0.0013955,7.165890361878414
1787025646902,0.001395,1622328.0,0.001396,430069.0,0.0013955,7.165890361878414
1787025646903,0.001396,622419.0,0.001397,2889520.0,0.0013965000000000002,7.160759040457685
1787025646904,0.001396,638725.0,0.001397,2229201.0,0.0013965000000000002,7.160759040457685
1787025646905,0.001396,687202.0,0.001397,2225265.0,0.0013965000000000002,7.160759040457685
1787025646907,0.001396,687202.0,0.001397,2280361.0,0.0013965000000000002,7.160759040457685
1787025646909,0.001396,687202.0,0.001397,1995765.0,0.0013965000000000002,7.160759040457685
1787025646911,0.001396,590248.0,0.001397,1995765.0,0.0013965000000000002,7.160759040457685
1787025646912,0.001395,2017149.0,0.001396,48477.0,0.0013955,7.165890361878414
1787025646913,0.001395,2033189.0,0.001396,310516.0,0.0013955,7.165890361878414
1787025646914,0.001395,928142.0,0.001396,632900.0,0.0013955,7.165890361878414
1787025646915,0.001395,928142.0,0.001396,589505.0,0.0013955,7.165890361878414
1787025646916,0.001395,928142.0,0.001396,508494.0,0.0013955,7.165890361878414
1787025646917,0.001395,976619.0,0.001396,508494.0,0.0013955,7.165890361878414
1787025646918,0.001395,797289.0,0.001396,508494.0,0.0013955,7.165890361878414
1787025646927,0.001395,789258.0,0.001396,508494.0,0.0013955,7.165890361878414
1787025646938,0.001395,789258.0,0.001396,547100.0,0.0013955,7.165890361878414
1787025646989,0.001395,645940.0,0.001396,547100.0,0.0013955,7.165890361878414
1787025647000,0.001395,642345.0,0.001396,547100.0,0.0013955,7.165890361878414
1787025647033,0.001395,642345.0,0.001396,558924.0,0.0013955,7.165890361878414
1787025647114,0.001395,642345.0,0.001396,1385066.0,0.0013955,7.165890361878414
1787025647116,0.001395,642345.0,0.001396,1373242.0,0.0013955,7.165890361878414
1787025647141,0.001395,642345.0,0.001396,1385066.0,0.0013955,7.165890361878414
1787025647152,0.001395,402040.0,0.001396,1385066.0,0.0013955,7.165890361878414
1787025647169,0.001395,330510.0,0.001396,1385066.0,0.0013955,7.165890361878414
1787025647296,0.001395,337675.0,0.001396,1385066.0,0.0013955,7.165890361878414
1787025647553,0.001395,1233057.0,0.001396,1385066.0,0.0013955,7.165890361878414
1787025647554,0.001395,1233061.0,0.001396,1385066.0,0.0013955,7.165890361878414
1787025647555,0.001395,1233061.0,0.001397,2409075.0,0.001396,14.32664756447026
1787025647556,0.001396,288785.0,0.001397,3138019.0,0.0013965000000000002,7.160759040457685
1787025647557,0.001396,288785.0,0.001397,1299392.0,0.0013965000000000002,7.160759040457685
1787025647558,0.001396,337262.0,0.001397,1050583.0,0.0013965000000000002,7.160759040457685
1787025647561,0.001396,337262.0,0.001397,864123.0,0.0013965000000000002,7.160759040457685
1787025647562,0.001396,337262.0,0.001397,1041259.0,0.0013965000000000002,7.160759040457685
1787025647565,0.001396,337262.0,0.001397,864123.0,0.0013965000000000002,7.160759040457685
1787025647577,0.001396,337262.0,0.001397,1041259.0,0.0013965000000000002,7.160759040457685
1787025647660,0.001396,316673.0,0.001397,1041259.0,0.0013965000000000002,7.160759040457685
1787025647710,0.001396,328489.0,0.001397,1053075.0,0.0013965000000000002,7.160759040457685
1787025647778,0.001396,1072790.0,0.001397,1830321.0,0.0013965000000000002,7.160759040457685
1787025647780,0.001396,1060974.0,0.001397,1830321.0,0.0013965000000000002,7.160759040457685
1787025647853,0.001396,1054695.0,0.001397,1830321.0,0.0013965000000000002,7.160759040457685
1787025647854,0.001396,1066511.0,0.001397,1830321.0,0.0013965000000000002,7.160759040457685
1787025647920,0.001396,1151231.0,0.001397,1830321.0,0.0013965000000000002,7.160759040457685
1787025647947,0.001396,1151231.0,0.001397,1472412.0,0.0013965000000000002,7.160759040457685
1787025647948,0.001396,1151231.0,0.001397,504088.0,0.0013965000000000002,7.160759040457685
1787025647949,0.001396,1151231.0,0.001397,515904.0,0.0013965000000000002,7.160759040457685
1787025647951,0.001396,1151231.0,0.001397,564381.0,0.0013965000000000002,7.160759040457685
1787025648014,0.001396,1155171.0,0.001397,564381.0,0.0013965000000000002,7.160759040457685
1787025648090,0.001396,1155171.0,0.001397,512640.0,0.0013965000000000002,7.160759040457685
1787025648102,0.001396,1155171.0,0.001397,509060.0,0.0013965000000000002,7.160759040457685
1787025648211,0.001396,1155171.0,0.001397,1255607.0,0.0013965000000000002,7.160759040457685
1787025648212,0.001396,1155171.0,0.001397,1255607.0,0.0013965000000000002,7.160759040457685
1787025648494,0.001396,1186143.0,0.001397,1255607.0,0.0013965000000000002,7.160759040457685
1787025648951,0.001396,1181194.0,0.001397,1255607.0,0.0013965000000000002,7.160759040457685
1787025649084,0.001396,1175217.0,0.001397,1255607.0,0.0013965000000000002,7.160759040457685
1787025649121,0.001396,430916.0,0.001397,1255607.0,0.0013965000000000002,7.160759040457685
1787025649163,0.001396,426617.0,0.001397,1255607.0,0.0013965000000000002,7.160759040457685
1787025649298,0.001396,433777.0,0.001397,1255607.0,0.0013965000000000002,7.160759040457685
1787025649334,0.001396,1203644.0,0.001397,1255607.0,0.0013965000000000002,7.160759040457685
1787025649356,0.001396,1215460.0,0.001397,1255607.0,0.0013965000000000002,7.160759040457685
1787025649365,0.001396,1203644.0,0.001397,1255607.0,0.0013965000000000002,7.160759040457685
1787025649802,0.001396,1196484.0,0.001397,1255607.0,0.0013965000000000002,7.160759040457685
1787025649848,0.001396,426617.0,0.001397,1255607.0,0.0013965000000000002,7.160759040457685
1787025649916,0.001396,228402.0,0.001397,1255607.0,0.0013965000000000002,7.160759040457685
1787025650087,0.001396,220651.0,0.001397,1255607.0,0.0013965000000000002,7.160759040457685
1787025650299,0.001396,227811.0,0.001397,1255607.0,0.0013965000000000002,7.160759040457685
1787025650415,0.001396,1116265.0,0.001397,1255607.0,0.0013965000000000002,7.160759040457685
1787025650416,0.001396,1116265.0,0.001397,1255607.0,0.0013965000000000002,7.160759040457685
1787025650798,0.001396,1109105.0,0.001397,1255607.0,0.0013965000000000002,7.160759040457685
1787025651019,0.001396,1101106.0,0.001397,1255607.0,0.0013965000000000002,7.160759040457685
1787025651178,0.001397,176032.0,0.001398,2761187.0,0.0013974999999999999,7.155635062611206
1787025651179,0.001397,179970.0,0.001398,2081933.0,0.0013974999999999999,7.155635062611206
1787025651181,0.001397,269389.0,0.001398,534199.0,0.0013974999999999999,7.155635062611206
1787025651182,0.001397,451063.0,0.001398,726028.0,0.0013974999999999999,7.155635062611206
1787025651183,0.001397,674883.0,0.001398,726028.0,0.0013974999999999999,7.155635062611206
1787025651184,0.001397,674883.0,0.001398,654428.0,0.0013974999999999999,7.155635062611206
1787025651185,0.001397,593088.0,0.001398,702905.0,0.0013974999999999999,7.155635062611206
1787025651312,0.001397,604895.0,0.001398,714712.0,0.0013974999999999999,7.155635062611206
1787025651360,0.001397,604895.0,0.001398,710776.0,0.0013974999999999999,7.155635062611206
1787025651379,0.001397,1421024.0,0.001398,710776.0,0.0013974999999999999,7.155635062611206
1787025651380,0.001397,1421024.0,0.001398,1541354.0,0.0013974999999999999,7.155635062611206
1787025651381,0.001397,1409217.0,0.001398,1529547.0,0.0013974999999999999,7.155635062611206
1787025651421,0.001397,1421024.0,0.001398,1541354.0,0.0013974999999999999,7.155635062611206
1787025651937,0.001396,1324922.0,0.001398,1541354.0,0.001397,14.31639226914697
1787025651938,0.001396,1181579.0,0.001398,1929164.0,0.001397,14.31639226914697
1787025651939,0.001396,311971.0,0.001397,563782.0,0.0013965000000000002,7.160759040457685
1787025651940,0.001396,311971.0,0.001397,612259.0,0.0013965000000000002,7.160759040457685
1787025651941,0.001396,180973.0,0.001397,612259.0,0.0013965000000000002,7.160759040457685
1787025651942,0.001396,109340.0,0.001397,616197.0,0.0013965000000000002,7.160759040457685
1787025651944,0.001396,188658.0,0.001397,616197.0,0.0013965000000000002,7.160759040457685
1787025651945,0.001396,188658.0,0.001397,752857.0,0.0013965000000000002,7.160759040457685
1787025651946,0.001396,188658.0,0.001397,1309913.0,0.0013965000000000002,7.160759040457685
1787025651965,0.001396,109340.0,0.001397,1309913.0,0.0013965000000000002,7.160759040457685
1787025651998,0.001396,103842.0,0.001397,1309913.0,0.0013965000000000002,7.160759040457685
1787025652030,0.001396,115658.0,0.001397,1321729.0,0.0013965000000000002,7.160759040457685
1787025652057,0.001396,109024.0,0.001397,1321729.0,0.0013965000000000002,7.160759040457685
1787025652058,0.001396,157501.0,0.001397,1321729.0,0.0013965000000000002,7.160759040457685
1787025652059,0.001396,157501.0,0.001397,2121729.0,0.0013965000000000002,7.160759040457685
1787025652060,0.001396,157501.0,0.001397,1321729.0,0.0013965000000000002,7.160759040457685
1787025652062,0.001396,157501.0,0.001397,1309913.0,0.0013965000000000002,7.160759040457685
1787025652137,0.001396,157501.0,0.001397,1321729.0,0.0013965000000000002,7.160759040457685
1787025652142,0.001396,937842.0,0.001397,2228105.0,0.0013965000000000002,7.160759040457685
1787025652143,0.001396,937842.0,0.001397,2228105.0,0.0013965000000000002,7.160759040457685
1787025652295,0.001396,11816.0,0.001397,2228105.0,0.0013965000000000002,7.160759040457685
1787025652296,0.001395,2110838.0,0.001396,556952.0,0.0013955,7.165890361878414
1787025652297,0.001395,713249.0,0.001396,994230.0,0.0013955,7.165890361878414
1787025652298,0.001395,566923.0,0.001396,784364.0,0.0013955,7.165890361878414
1787025652301,0.001395,579287.0,0.001396,784364.0,0.0013955,7.165890361878414
1787025652305,0.001395,583067.0,0.001396,784364.0,0.0013955,7.165890361878414
1787025652327,0.001395,583067.0,0.001396,563782.0,0.0013955,7.165890361878414
1787025652367,0.001395,594891.0,0.001396,575606.0,0.0013955,7.165890361878414
1787025652371,0.001395,590949.0,0.001396,575606.0,0.0013955,7.165890361878414
1787025652522,0.001395,1420383.0,0.001396,1469591.0,0.0013955,7.165890361878414
1787025652523,0.001395,1420383.0,0.001396,1469591.0,0.0013955,7.165890361878414
1787025652524,0.001395,1420383.0,0.001396,1640391.0,0.0013955,7.165890361878414
1787025652591,0.001395,1420383.0,0.001396,522586.0,0.0013955,7.165890361878414
1787025652592,0.001395,1420383.0,0.001396,354367.0,0.0013955,7.165890361878414
1787025652761,0.001395,1420383.0,0.001396,578187.0,0.0013955,7.165890361878414
1787025652762,0.001395,1420383.0,0.001396,566363.0,0.0013955,7.165890361878414
1787025652764,0.001395,1420383.0,0.001396,578187.0,0.0013955,7.165890361878414
1787025652835,0.001395,1420383.0,0.001396,626664.0,0.0013955,7.165890361878414
1787025652879,0.001395,1599767.0,0.001396,626664.0,0.0013955,7.165890361878414
1787025652896,0.001395,1599767.0,0.001396,630604.0,0.0013955,7.165890361878414
1787025653290,0.001395,1614241.0,0.001396,630604.0,0.0013955,7.165890361878414
1787025653291,0.001395,1621478.0,0.001396,630604.0,0.0013955,7.165890361878414
1787025653317,0.001395,1617000.0,0.001396,630604.0,0.0013955,7.165890361878414
1787025653322,0.001395,1617000.0,0.001396,1493971.0,0.0013955,7.165890361878414
1787025653323,0.001395,1617000.0,0.001396,1493971.0,0.0013955,7.165890361878414
1787025653540,0.001395,1635194.0,0.001396,1493971.0,0.0013955,7.165890361878414
1787025653542,0.001395,1644874.0,0.001396,1493971.0,0.0013955,7.165890361878414
1787025653596,0.001395,1107575.0,0.001396,1493971.0,0.0013955,7.165890361878414
1787025653597,0.001395,1111518.0,0.001396,1887663.0,0.0013955,7.165890361878414
1787025653598,0.001395,282084.0,0.001396,1662190.0,0.0013955,7.165890361878414
1787025653600,0.001395,318737.0,0.001396,1662190.0,0.0013955,7.165890361878414
1787025653601,0.001395,367214.0,0.001396,1662190.0,0.0013955,7.165890361878414
1787025653672,0.001395,187830.0,0.001396,1662190.0,0.0013955,7.165890361878414
1787025653699,0.001395,199654.0,0.001396,1662190.0,0.0013955,7.165890361878414
1787025653778,0.001394,1069565.0,0.001396,1662190.0,0.001395,14.336917562724363
1787025653779,0.001394,828525.0,0.001395,164557.0,0.0013945,7.171029042667021
1787025653780,0.001394,809953.0,0.001395,388377.0,0.0013945,7.171029042667021
1787025653781,0.001394,809953.0,0.001395,458545.0,0.0013945,7.171029042667021
1787025653782,0.001394,630546.0,0.001395,436854.0,0.0013945,7.171029042667021
1787025653784,0.001394,679023.0,0.001395,339900.0,0.0013945,7.171029042667021
1787025653785,0.001394,1479023.0,0.001395,339900.0,0.0013945,7.171029042667021
1787025653786,0.001394,679023.0,0.001395,339900.0,0.0013945,7.171029042667021
1787025653790,0.001394,630546.0,0.001395,339900.0,0.0013945,7.171029042667021
1787025653791,0.001394,1230546.0,0.001395,291423.0,0.0013945,7.171029042667021
1787025653802,0.001394,1966469.0,0.001395,339900.0,0.0013945,7.171029042667021
1787025653805,0.001394,1970139.0,0.001395,339900.0,0.0013945,7.171029042667021
1787025653810,0.001394,1970139.0,0.001395,272297.0,0.0013945,7.171029042667021
1787025653850,0.001394,1970139.0,0.001395,276240.0,0.0013945,7.171029042667021
1787025653859,0.001394,1370139.0,0.001395,276240.0,0.0013945,7.171029042667021
1787025653955,0.001394,1318398.0,0.001395,276240.0,0.0013945,7.171029042667021
1787025653969,0.001394,1330231.0,0.001395,288073.0,0.0013945,7.171029042667021
1787025653974,0.001394,1330231.0,0.001395,64253.0,0.0013945,7.171029042667021
1787025653976,0.001395,587434.0,0.001396,2423798.0,0.0013955,7.165890361878414
1787025653977,0.001395,252503.0,0.001396,1764822.0,0.0013955,7.165890361878414
1787025653978,0.001395,1142264.0,0.001396,1550587.0,0.0013955,7.165890361878414
1787025653985,0.001395,1270559.0,0.001396,1550587.0,0.0013955,7.165890361878414
1787025654082,0.001395,1282383.0,0.001396,1562411.0,0.0013955,7.165890361878414
1787025654342,0.001395,1282383.0,0.001396,1513972.0,0.0013955,7.165890361878414
1787025654518,0.001395,1302519.0,0.001396,1513972.0,0.0013955,7.165890361878414
1787025654519,0.001395,1307470.0,0.001396,1513972.0,0.0013955,7.165890361878414
1787025654542,0.001395,1212555.0,0.001396,1513972.0,0.0013955,7.165890361878414
1787025654544,0.001395,1380115.0,0.001396,1513972.0,0.0013955,7.165890361878414
1787025654545,0.001395,538831.0,0.001396,1513972.0,0.0013955,7.165890361878414
1787025654547,0.001395,533702.0,0.001396,1513972.0,0.0013955,7.165890361878414
1787025654551,0.001395,537645.0,0.001396,1513972.0,0.0013955,7.165890361878414
1787025654576,0.001394,700114.0,0.001395,413081.0,0.0013945,7.171029042667021
1787025654577,0.001394,389236.0,0.001395,1071348.0,0.0013945,7.171029042667021
1787025654578,0.001394,233940.0,0.001395,862220.0,0.0013945,7.171029042667021
1787025654579,0.001394,162204.0,0.001395,1027978.0,0.0013945,7.171029042667021
1787025654580,0.001394,287835.0,0.001395,1027978.0,0.0013945,7.171029042667021
1787025654643,0.001394,239358.0,0.001395,1027978.0,0.0013945,7.171029042667021
1787025654652,0.001394,96040.0,0.001395,1027978.0,0.0013945,7.171029042667021
1787025654681,0.001394,204553.0,0.001395,1027978.0,0.0013945,7.171029042667021
1787025654700,0.001394,204553.0,0.001395,1054613.0,0.0013945,7.171029042667021
1787025654726,0.001393,1337557.0,0.001395,1054613.0,0.0013939999999999998,14.347202295552718
1787025654728,0.001393,1075727.0,0.001394,621255.0,0.0013935,7.17617509867336
1787025654729,0.001393,1045218.0,0.001394,628861.0,0.0013935,7.17617509867336
1787025654730,0.001393,1045218.0,0.001394,56083.0,0.0013935,7.17617509867336
1787025654731,0.001393,1326952.0,0.001394,40871.0,0.0013935,7.17617509867336
1787025654732,0.001393,1350015.0,0.001395,2494367.0,0.0013939999999999998,14.347202295552718
1787025654733,0.001394,250095.0,0.001395,2080373.0,0.0013945,7.171029042667021
1787025654734,0.001394,250095.0,0.001395,1056094.0,0.0013945,7.171029042667021
1787025654735,0.001394,298572.0,0.001395,888855.0,0.0013945,7.171029042667021
1787025654737,0.001394,370308.0,0.001395,888855.0,0.0013945,7.171029042667021
1787025654744,0.001394,370308.0,0.001395,1028777.0,0.0013945,7.171029042667021
1787025654745,0.001394,1140007.0,0.001395,1843705.0,0.0013945,7.171029042667021
1787025654781,0.001394,1068271.0,0.001395,1843705.0,0.0013945,7.171029042667021
1787025654803,0.001394,1068271.0,0.001395,1847648.0,0.0013945,7.171029042667021
1787025654807,0.001394,1068271.0,0.001395,1032720.0,0.0013945,7.171029042667021
1787025654808,0.001394,1068271.0,0.001395,864501.0,0.0013945,7.171029042667021
1787025654894,0.001394,1080104.0,0.001395,864501.0,0.0013945,7.171029042667021
1787025654895,0.001394,1080104.0,0.001395,876334.0,0.0013945,7.171029042667021
1787025655000,0.001394,1080104.0,0.001395,849699.0,0.0013945,7.171029042667021
1787025655109,0.001394,1259617.0,0.001395,849699.0,0.0013945,7.171029042667021
1787025655298,0.001394,1266788.0,0.001395,849699.0,0.0013945,7.171029042667021
1787025655422,0.001394,1266788.0,0.001395,1037982.0,0.0013945,7.171029042667021
1787025655444,0.001394,1266788.0,0.001395,1877301.0,0.0013945,7.171029042667021
1787025655445,0.001394,1266788.0,0.001395,1877301.0,0.0013945,7.171029042667021
1787025655505,0.001394,1270734.0,0.001395,1877301.0,0.0013945,7.171029042667021
1787025655510,0.001394,1293312.0,0.001395,1877301.0,0.0013945,7.171029042667021
1787025655607,0.001394,1283956.0,0.001395,1877301.0,0.0013945,7.171029042667021
1787025655649,0.001394,1291129.0,0.001395,1877301.0,0.0013945,7.171029042667021
1787025655915,0.001394,1369797.0,0.001395,1877301.0,0.0013945,7.171029042667021
1787025655935,0.001394,1358686.0,0.001395,1877301.0,0.0013945,7.171029042667021
1787025655957,0.001394,1358686.0,0.001395,2037087.0,0.0013945,7.171029042667021
1787025656021,0.001394,1358686.0,0.001395,1964603.0,0.0013945,7.171029042667021
1787025656079,0.001394,1179173.0,0.001395,1964603.0,0.0013945,7.171029042667021
1787025656411,0.001394,1179173.0,0.001395,2041484.0,0.0013945,7.171029042667021
1787025656517,0.001394,1179173.0,0.001395,1202165.0,0.0013945,7.171029042667021
1787025656519,0.001394,1179173.0,0.001395,1042379.0,0.0013945,7.171029042667021
1787025656532,0.001394,1358686.0,0.001395,1042379.0,0.0013945,7.171029042667021
1787025657429,0.001394,1358686.0,0.001395,965498.0,0.0013945,7.171029042667021
1787025657432,0.001394,1358686.0,0.001395,1033633.0,0.0013945,7.171029042667021
1787025657457,0.001394,1349078.0,0.001395,1033633.0,0.0013945,7.171029042667021
1787025657475,0.001394,1349078.0,0.001395,1934651.0,0.0013945,7.171029042667021
1787025657476,0.001394,1349078.0,0.001395,1934651.0,0.0013945,7.171029042667021
1787025657543,0.001394,1129058.0,0.001395,1934651.0,0.0013945,7.171029042667021
1787025658123,0.001394,1129058.0,0.001395,1930938.0,0.0013945,7.171029042667021
1787025658415,0.001394,1119457.0,0.001395,1930938.0,0.0013945,7.171029042667021
1787025658540,0.001394,1119457.0,0.001395,1428788.0,0.0013945,7.171029042667021
1787025658542,0.001394,1119457.0,0.001395,527770.0,0.0013945,7.171029042667021
1787025658544,0.001394,1119457.0,0.001395,576247.0,0.0013945,7.171029042667021
1787025658798,0.001394,1112286.0,0.001395,576247.0,0.0013945,7.171029042667021
1787025658917,0.001394,1112286.0,0.001395,1346854.0,0.0013945,7.171029042667021
1787025658918,0.001394,1112286.0,0.001395,1346854.0,0.0013945,7.171029042667021
1787025659004,0.001394,1112286.0,0.001395,1342550.0,0.0013945,7.171029042667021
1787025659297,0.001394,1119457.0,0.001395,1342550.0,0.0013945,7.171029042667021
1787025659689,0.001394,1110051.0,0.001395,1342550.0,0.0013945,7.171029042667021
1787025659720,0.001394,1105210.0,0.001395,1342550.0,0.0013945,7.171029042667021
1787025659734,0.001394,1096243.0,0.001395,1342550.0,0.0013945,7.171029042667021
1787025659794,0.001394,1096243.0,0.001395,1502336.0,0.0013945,7.171029042667021
1787025660137,0.001394,92020.0,0.001395,1731552.0,0.0013945,7.171029042667021
1787025660138,0.001394,849981.0,0.001395,1952299.0,0.0013945,7.171029042667021
1787025660139,0.001394,849981.0,0.001395,2097171.0,0.0013945,7.171029042667021
1787025660140,0.001394,59594.0,0.001395,2085338.0,0.0013945,7.171029042667021
1787025660182,0.001394,56007.0,0.001395,2085338.0,0.0013945,7.171029042667021
1787025660264,0.001394,67840.0,0.001395,2097171.0,0.0013945,7.171029042667021
1787025660296,0.001394,64256.0,0.001395,2097171.0,0.0013945,7.171029042667021
1787025660421,0.001394,956219.0,0.001395,2097171.0,0.0013945,7.171029042667021
1787025660422,0.001394,956219.0,0.001395,2097171.0,0.0013945,7.171029042667021
1787025660458,0.001394,917667.0,0.001395,2097171.0,0.0013945,7.171029042667021
1787025660466,0.001393,1295566.0,0.001395,2097171.0,0.0013939999999999998,14.347202295552718
1787025660467,0.001393,707414.0,0.001394,297479.0,0.0013935,7.17617509867336
1787025660468,0.001393,242982.0,0.001394,571760.0,0.0013935,7.17617509867336
1787025660469,0.001393,75104.0,0.001394,1333041.0,0.0013935,7.17617509867336
1787025660470,0.001393,139148.0,0.001394,1333041.0,0.0013935,7.17617509867336
1787025660471,0.001393,187625.0,0.001394,1381518.0,0.0013935,7.17617509867336
1787025660472,0.001393,1037423.0,0.001394,1381518.0,0.0013935,7.17617509867336
1787025660492,0.001393,1032138.0,0.001394,1381518.0,0.0013935,7.17617509867336
1787025660493,0.001393,1032138.0,0.001394,1253593.0,0.0013935,7.17617509867336
1787025660500,0.001393,952690.0,0.001394,1253593.0,0.0013935,7.17617509867336
1787025660501,0.001393,952690.0,0.001394,1455953.0,0.0013935,7.17617509867336
1787025660503,0.001393,952690.0,0.001394,1253593.0,0.0013935,7.17617509867336
1787025660511,0.001393,951646.0,0.001394,1253593.0,0.0013935,7.17617509867336
1787025660539,0.001393,736283.0,0.001394,1253593.0,0.0013935,7.17617509867336
1787025660540,0.001393,53371.0,0.001394,1253593.0,0.0013935,7.17617509867336
1787025660567,0.001393,53371.0,0.001394,1762021.0,0.0013935,7.17617509867336
1787025660583,0.001393,65212.0,0.001394,1773862.0,0.0013935,7.17617509867336
1787025660689,0.001393,61291.0,0.001394,1773862.0,0.0013935,7.17617509867336
1787025660898,0.001393,856860.0,0.001394,1773862.0,0.0013935,7.17617509867336
1787025660900,0.001393,856860.0,0.001394,1773862.0,0.0013935,7.17617509867336
1787025660919,0.001393,807410.0,0.001394,1773862.0,0.0013935,7.17617509867336
1787025660970,0.001393,797570.0,0.001394,1773862.0,0.0013935,7.17617509867336
1787025660992,0.001393,11841.0,0.001394,1773862.0,0.0013935,7.17617509867336
1787025660993,0.001392,1241605.0,0.001393,69013.0,0.0013925,7.181328545780365
1787025660994,0.001392,496636.0,0.001393,306667.0,0.0013925,7.181328545780365
1787025660995,0.001392,496636.0,0.001394,2068652.0,0.0013930000000000001,14.357501794688071
1787025660996,0.001393,26008.0,0.001394,2310740.0,0.0013935,7.17617509867336
1787025660997,0.001393,102389.0,0.001394,1349761.0,0.0013935,7.17617509867336
1787025660998,0.001393,26008.0,0.001394,1278940.0,0.0013935,7.17617509867336
1787025660999,0.001393,103965.0,0.001394,1317535.0,0.0013935,7.17617509867336
1787025661000,0.001393,103965.0,0.001394,1357019.0,0.0013935,7.17617509867336
1787025661016,0.001393,77957.0,0.001394,1357019.0,0.0013935,7.17617509867336
1787025661069,0.001392,1343468.0,0.001394,1357019.0,0.0013930000000000001,14.357501794688071
1787025661070,0.001392,1331626.0,0.001394,1586235.0,0.0013930000000000001,14.357501794688071
1787025661071,0.001392,1331626.0,0.001393,208263.0,0.0013925,7.181328545780365
1787025661072,0.001392,1102410.0,0.001393,434067.0,0.0013925,7.181328545780365
1787025661077,0.001392,1102410.0,0.001393,306232.0,0.0013925,7.181328545780365
1787025661079,0.001392,1262196.0,0.001393,306232.0,0.0013925,7.181328545780365
1787025661080,0.001392,1337715.0,0.001393,306232.0,0.0013925,7.181328545780365
1787025661117,0.001392,1349565.0,0.001393,318082.0,0.0013925,7.181328545780365
1787025661118,0.001392,1274046.0,0.001393,318082.0,0.0013925,7.181328545780365
1787025661199,0.001392,2074192.0,0.001393,318082.0,0.0013925,7.181328545780365
1787025661354,0.001392,2070247.0,0.001393,318082.0,0.0013925,7.181328545780365
1787025661399,0.001392,2070247.0,0.001394,2349578.0,0.0013930000000000001,14.357501794688071
1787025661400,0.001393,618557.0,0.001394,2511928.0,0.0013935,7.17617509867336
1787025661401,0.001393,699154.0,0.001395,2454494.0,0.0013939999999999998,14.347202295552718
1787025661402,0.001393,761280.0,0.001394,11841.0,0.0013935,7.17617509867336
1787025661403,0.001394,152017.0,0.001395,2439718.0,0.0013945,7.171029042667021
1787025661404,0.001394,572939.0,0.001395,904063.0,0.0013945,7.171029042667021
1787025661405,0.001394,439070.0,0.001395,900116.0,0.0013945,7.171029042667021
1787025661407,0.001394,439070.0,0.001395,607681.0,0.0013945,7.171029042667021
1787025661409,0.001394,439070.0,0.001395,598848.0,0.0013945,7.171029042667021
1787025661527,0.001394,451520.0,0.001395,610681.0,0.0013945,7.171029042667021
1787025661528,0.001394,459389.0,0.001395,610681.0,0.0013945,7.171029042667021
1787025661547,0.001394,471222.0,0.001395,610681.0,0.0013945,7.171029042667021
1787025661620,0.001394,1286969.0,0.001395,1376190.0,0.0013945,7.171029042667021
1787025661621,0.001394,1275136.0,0.001395,1364357.0,0.0013945,7.171029042667021
1787025661634,0.001394,1275136.0,0.001395,1376190.0,0.0013945,7.171029042667021
1787025661660,0.001394,1286969.0,0.001395,1376190.0,0.0013945,7.171029042667021
1787025661759,0.001394,1283359.0,0.001395,1376190.0,0.0013945,7.171029042667021
1787025661761,0.001394,1462872.0,0.001395,1376190.0,0.0013945,7.171029042667021
1787025661821,0.001394,1392543.0,0.001395,1376190.0,0.0013945,7.171029042667021
1787025662038,0.001394,1387628.0,0.001395,1376190.0,0.0013945,7.171029042667021
1787025662191,0.001394,1387628.0,0.001395,1371130.0,0.0013945,7.171029042667021
1787025662356,0.001394,1391574.0,0.001395,1371130.0,0.0013945,7.171029042667021
1787025662416,0.001394,1400684.0,0.001395,1371130.0,0.0013945,7.171029042667021
1787025662471,0.001394,1221171.0,0.001395,1371130.0,0.0013945,7.171029042667021
1787025662553,0.001394,1260372.0,0.001395,1371130.0,0.0013945,7.171029042667021
1787025662789,0.001394,1254677.0,0.001395,1371130.0,0.0013945,7.171029042667021
1787025662920,0.001394,438930.0,0.001395,1371130.0,0.0013945,7.171029042667021
1787025662921,0.001394,438930.0,0.001395,1371130.0,0.0013945,7.171029042667021
1787025663298,0.001394,446101.0,0.001395,1371130.0,0.0013945,7.171029042667021
1787025663510,0.001394,446101.0,0.001395,1392270.0,0.0013945,7.171029042667021
1787025663798,0.001394,438930.0,0.001395,1392270.0,0.0013945,7.171029042667021
1787025663860,0.001394,436034.0,0.001395,1392270.0,0.0013945,7.171029042667021
1787025663863,0.001394,436034.0,0.001395,1563506.0,0.0013945,7.171029042667021
1787025664058,0.001394,436034.0,0.001395,1572037.0,0.0013945,7.171029042667021
1787025664101,0.001394,530541.0,0.001395,1572037.0,0.0013945,7.171029042667021
1787025664102,0.001394,1373033.0,0.001395,1572037.0,0.0013945,7.171029042667021
1787025664103,0.001394,1361200.0,0.001395,1572037.0,0.0013945,7.171029042667021
1787025664105,0.001394,1351885.0,0.001395,1572037.0,0.0013945,7.171029042667021
1787025664142,0.001394,4442887.0,0.001395,1572037.0,0.0013945,7.171029042667021
1787025664158,0.001394,4786929.0,0.001395,1572037.0,0.0013945,7.171029042667021
1787025664713,0.001394,4798762.0,0.001395,1572037.0,0.0013945,7.171029042667021
1787025664995,0.001394,4958548.0,0.001396,2080215.0,0.001395,14.336917562724363
1787025664996,0.001395,858306.0,0.001396,2080215.0,0.0013955,7.165890361878414
1787025664997,0.001395,479628.0,0.001396,1895509.0,0.0013955,7.165890361878414
1787025664998,0.001395,552487.0,0.001397,2795119.0,0.001396,14.32664756447026
1787025664999,0.001396,506518.0,0.001397,2816900.0,0.0013965000000000002,7.160759040457685
1787025665000,0.001396,554995.0,0.001397,2816900.0,0.0013965000000000002,7.160759040457685
1787025665001,0.001396,528099.0,0.001397,2148533.0,0.0013965000000000002,7.160759040457685
1787025665002,0.001396,528099.0,0.001397,2148533.0,0.0013965000000000002,7.160759040457685
1787025665004,0.001396,528099.0,0.001397,2140104.0,0.0013965000000000002,7.160759040457685
1787025665006,0.001396,479622.0,0.001397,2140104.0,0.0013965000000000002,7.160759040457685
1787025665007,0.001396,479622.0,0.001397,1710459.0,0.0013965000000000002,7.160759040457685
1787025665009,0.001396,479622.0,0.001397,1719156.0,0.0013965000000000002,7.160759040457685
1787025665018,0.001396,461558.0,0.001397,1719156.0,0.0013965000000000002,7.160759040457685
1787025665020,0.001396,457266.0,0.001397,1719156.0,0.0013965000000000002,7.160759040457685
1787025665021,0.001396,457266.0,0.001397,2319156.0,0.0013965000000000002,7.160759040457685
1787025665023,0.001396,457266.0,0.001397,1719156.0,0.0013965000000000002,7.160759040457685
1787025665024,0.001396,536870.0,0.001397,1719156.0,0.0013965000000000002,7.160759040457685
1787025665051,0.001396,408789.0,0.001397,1719156.0,0.0013965000000000002,7.160759040457685
1787025665059,0.001396,360312.0,0.001397,1719156.0,0.0013965000000000002,7.160759040457685
1787025665061,0.001396,311835.0,0.001397,2319156.0,0.0013965000000000002,7.160759040457685
1787025665062,0.001395,1943660.0,0.001396,1141004.0,0.0013955,7.165890361878414
1787025665063,0.001395,1128257.0,0.001396,335243.0,0.0013955,7.165890361878414
1787025665064,0.001395,984887.0,0.001396,335243.0,0.0013955,7.165890361878414
1787025665065,0.001395,841517.0,0.001396,335243.0,0.0013955,7.165890361878414
1787025665066,0.001395,818309.0,0.001396,335243.0,0.0013955,7.165890361878414
1787025665101,0.001395,957996.0,0.001396,335243.0,0.0013955,7.165890361878414
1787025665102,0.001395,969820.0,0.001396,347067.0,0.0013955,7.165890361878414
1787025665107,0.001395,962769.0,0.001396,347067.0,0.0013955,7.165890361878414
1787025665109,0.001395,962769.0,0.001396,514952.0,0.0013955,7.165890361878414
1787025665189,0.001395,1130654.0,0.001396,514952.0,0.0013955,7.165890361878414
1787025665197,0.001395,1882480.0,0.001396,1401574.0,0.0013955,7.165890361878414
1787025665198,0.001395,1807756.0,0.001396,1389750.0,0.0013955,7.165890361878414
1787025665199,0.001395,2029178.0,0.001396,1389750.0,0.0013955,7.165890361878414
1787025665218,0.001395,2041002.0,0.001396,1401574.0,0.0013955,7.165890361878414
1787025665345,0.001395,2044942.0,0.001396,1401574.0,0.0013955,7.165890361878414
1787025665355,0.001395,2041002.0,0.001396,1401574.0,0.0013955,7.165890361878414
1787025665358,0.001395,2220320.0,0.001396,1401574.0,0.0013955,7.165890361878414
1787025665373,0.001395,2214846.0,0.001396,1401574.0,0.0013955,7.165890361878414
1787025665398,0.001395,2222890.0,0.001396,1401574.0,0.0013955,7.165890361878414
1787025665399,0.001395,1989644.0,0.001396,1401574.0,0.0013955,7.165890361878414
1787025665475,0.001395,1989644.0,0.001396,11824.0,0.0013955,7.165890361878414
1787025665476,0.001396,453222.0,0.001397,1519652.0,0.0013965000000000002,7.160759040457685
1787025665477,0.001396,787739.0,0.001397,1345867.0,0.0013965000000000002,7.160759040457685
1787025665478,0.001396,890132.0,0.001397,832055.0,0.0013965000000000002,7.160759040457685
1787025665479,0.001396,864182.0,0.001397,832055.0,0.0013965000000000002,7.160759040457685
1787025665480,0.001396,864182.0,0.001397,608235.0,0.0013965000000000002,7.160759040457685
1787025665481,0.001396,843763.0,0.001397,608235.0,0.0013965000000000002,7.160759040457685
1787025665503,0.001396,761789.0,0.001397,608235.0,0.0013965000000000002,7.160759040457685
1787025665525,0.001396,767932.0,0.001397,608235.0,0.0013965000000000002,7.160759040457685
1787025665533,0.001396,774239.0,0.001397,608235.0,0.0013965000000000002,7.160759040457685
1787025665538,0.001396,782108.0,0.001397,608235.0,0.0013965000000000002,7.160759040457685
1787025665559,0.001396,863119.0,0.001397,608235.0,0.0013965000000000002,7.160759040457685
1787025665578,0.001396,874935.0,0.001397,620051.0,0.0013965000000000002,7.160759040457685
1787025665580,0.001396,793924.0,0.001397,620051.0,0.0013965000000000002,7.160759040457685
1787025665676,0.001396,793924.0,0.001397,1413552.0,0.0013965000000000002,7.160759040457685
1787025665677,0.001396,1672399.0,0.001397,1413552.0,0.0013965000000000002,7.160759040457685
1787025665678,0.001396,1660583.0,0.001397,1401736.0,0.0013965000000000002,7.160759040457685
1787025665679,0.001396,1672399.0,0.001397,1413552.0,0.0013965000000000002,7.160759040457685
1787025665879,0.001396,1851654.0,0.001397,1413552.0,0.0013965000000000002,7.160759040457685
1787025665952,0.001396,1855594.0,0.001397,1413552.0,0.0013965000000000002,7.160759040457685
1787025666097,0.001396,1950109.0,0.001397,1413552.0,0.0013965000000000002,7.160759040457685
1787025666161,0.001396,1942992.0,0.001397,1413552.0,0.0013965000000000002,7.160759040457685
1787025666196,0.001396,1942992.0,0.001397,2158370.0,0.0013965000000000002,7.160759040457685
1787025666270,0.001396,1942992.0,0.001397,2769110.0,0.0013965000000000002,7.160759040457685
1787025666293,0.001396,1942992.0,0.001397,2717369.0,0.0013965000000000002,7.160759040457685
1787025666307,0.001396,1933707.0,0.001397,2717369.0,0.0013965000000000002,7.160759040457685
1787025666592,0.001396,1055232.0,0.001397,2717369.0,0.0013965000000000002,7.160759040457685
1787025666793,0.001396,1807472.0,0.001397,2717369.0,0.0013965000000000002,7.160759040457685
1787025666795,0.001396,1807472.0,0.001397,2717369.0,0.0013965000000000002,7.160759040457685
1787025667099,0.001396,1712957.0,0.001397,2717369.0,0.0013965000000000002,7.160759040457685
1787025667144,0.001396,1708583.0,0.001397,2717369.0,0.0013965000000000002,7.160759040457685
1787025667343,0.001396,1699476.0,0.001397,2717369.0,0.0013965000000000002,7.160759040457685
1787025667434,0.001396,1699476.0,0.001397,2721128.0,0.0013965000000000002,7.160759040457685
1787025667625,0.001396,1699476.0,0.001397,2713275.0,0.0013965000000000002,7.160759040457685
1787025667626,0.001396,1699476.0,0.001397,2701459.0,0.0013965000000000002,7.160759040457685
1787025667627,0.001396,1699476.0,0.001397,2713275.0,0.0013965000000000002,7.160759040457685
1787025667667,0.001396,1642293.0,0.001397,2713275.0,0.0013965000000000002,7.160759040457685
1787025667766,0.001396,1630462.0,0.001397,2713275.0,0.0013965000000000002,7.160759040457685
1787025667776,0.001396,1606799.0,0.001397,2713275.0,0.0013965000000000002,7.160759040457685
1787025667778,0.001396,854559.0,0.001397,2713275.0,0.0013965000000000002,7.160759040457685
1787025667780,0.001395,1722690.0,0.001396,666669.0,0.0013955,7.165890361878414
1787025667781,0.001395,1225664.0,0.001396,501417.0,0.0013955,7.165890361878414
1787025667782,0.001395,996448.0,0.001396,602311.0,0.0013955,7.165890361878414
1787025667783,0.001395,974174.0,0.001396,602311.0,0.0013955,7.165890361878414
1787025667791,0.001395,806289.0,0.001396,602311.0,0.0013955,7.165890361878414
1787025667868,0.001395,806289.0,0.001396,828115.0,0.0013955,7.165890361878414
1787025667930,0.001395,818113.0,0.001396,828115.0,0.0013955,7.165890361878414
1787025667931,0.001395,818113.0,0.001396,839939.0,0.0013955,7.165890361878414
1787025667957,0.001395,813093.0,0.001396,839939.0,0.0013955,7.165890361878414
1787025667998,0.001395,1584864.0,0.001396,1668386.0,0.0013955,7.165890361878414
1787025668357,0.001395,1578712.0,0.001396,1668386.0,0.0013955,7.165890361878414
1787025668399,0.001395,1570668.0,0.001396,1668386.0,0.0013955,7.165890361878414
1787025668879,0.001395,1750052.0,0.001396,1668386.0,0.0013955,7.165890361878414
1787025668880,0.001395,1738228.0,0.001396,1668386.0,0.0013955,7.165890361878414
1787025668881,0.001395,1750052.0,0.001396,1668386.0,0.0013955,7.165890361878414
1787025668900,0.001395,1768341.0,0.001396,1668386.0,0.0013955,7.165890361878414
1787025669751,0.001395,1758604.0,0.001396,1668386.0,0.0013955,7.165890361878414
1787025669796,0.001395,1706863.0,0.001396,1668386.0,0.0013955,7.165890361878414
1787025670717,0.001395,1701235.0,0.001396,1668386.0,0.0013955,7.165890361878414
1787025670761,0.001395,1695794.0,0.001396,1668386.0,0.0013955,7.165890361878414
1787025670919,0.001395,1695794.0,0.001396,1864502.0,0.0013955,7.165890361878414
1787025670920,0.001395,1695794.0,0.001396,1852678.0,0.0013955,7.165890361878414
1787025670922,0.001395,1695794.0,0.001396,1864502.0,0.0013955,7.165890361878414
1787025671493,0.001395,1682623.0,0.001396,1864502.0,0.0013955,7.165890361878414
1787025671726,0.001395,1682623.0,0.001396,1858772.0,0.0013955,7.165890361878414
1787025671959,0.001395,1676851.0,0.001396,1858772.0,0.0013955,7.165890361878414
1787025671997,0.001395,1676851.0,0.001396,7020229.0,0.0013955,7.165890361878414
1787025671998,0.001394,4727334.0,0.001395,1004765.0,0.0013945,7.171029042667021
1787025671999,0.001394,4016832.0,0.001395,606487.0,0.0013945,7.171029042667021
1787025672000,0.001394,3845230.0,0.001395,658907.0,0.0013945,7.171029042667021
1787025672001,0.001394,3845230.0,0.001395,818600.0,0.0013945,7.171029042667021
1787025672002,0.001394,3845230.0,0.001395,867077.0,0.0013945,7.171029042667021
1787025672006,0.001394,3845230.0,0.001395,941458.0,0.0013945,7.171029042667021
1787025672070,0.001394,3857063.0,0.001395,941458.0,0.0013945,7.171029042667021
1787025672109,0.001394,3857063.0,0.001395,953291.0,0.0013945,7.171029042667021
1787025672206,0.001394,4671555.0,0.001395,1734031.0,0.0013945,7.171029042667021
1787025672446,0.001394,4671555.0,0.001395,1740235.0,0.0013945,7.171029042667021
1787025672500,0.001394,4963454.0,0.001395,1740235.0,0.0013945,7.171029042667021
1787025672502,0.001394,4963454.0,0.001395,1665854.0,0.0013945,7.171029042667021
1787025672507,0.001394,4963454.0,0.001395,1670637.0,0.0013945,7.171029042667021
1787025672593,0.001394,5142967.0,0.001395,1670637.0,0.0013945,7.171029042667021
1787025672595,0.001394,5142967.0,0.001395,1452367.0,0.0013945,7.171029042667021
1787025672596,0.001394,5142967.0,0.001395,1440534.0,0.0013945,7.171029042667021
1787025672597,0.001394,5142967.0,0.001395,1452367.0,0.0013945,7.171029042667021
1787025672676,0.001394,5142967.0,0.001395,671627.0,0.0013945,7.171029042667021
1787025672677,0.001394,5142967.0,0.001395,623150.0,0.0013945,7.171029042667021
1787025672799,0.001394,5142967.0,0.001395,630321.0,0.0013945,7.171029042667021
1787025672879,0.001394,5148713.0,0.001395,630321.0,0.0013945,7.171029042667021
1787025672880,0.001394,5154594.0,0.001395,630321.0,0.0013945,7.171029042667021
1787025672881,0.001394,5159426.0,0.001395,630321.0,0.0013945,7.171029042667021
1787025673040,0.001394,5201784.0,0.001395,630321.0,0.0013945,7.171029042667021
1787025673060,0.001394,5201784.0,0.001395,643215.0,0.0013945,7.171029042667021
1787025673111,0.001394,5197074.0,0.001395,643215.0,0.0013945,7.171029042667021
1787025673115,0.001394,5197074.0,0.001395,1482917.0,0.0013945,7.171029042667021
1787025673116,0.001394,5197074.0,0.001395,1482917.0,0.0013945,7.171029042667021
1787025673199,0.001394,5197074.0,0.001395,1620519.0,0.0013945,7.171029042667021
1787025673203,0.001394,5197074.0,0.001395,785896.0,0.0013945,7.171029042667021
1787025673204,0.001395,20871.0,0.001396,6790563.0,0.0013955,7.165890361878414
1787025673205,0.001395,1287426.0,0.001396,5891988.0,0.0013955,7.165890361878414
1787025673206,0.001395,1416488.0,0.001396,5891988.0,0.0013955,7.165890361878414
1787025673207,0.001395,1420431.0,0.001396,5891988.0,0.0013955,7.165890361878414
1787025673208,0.001395,1400007.0,0.001396,5891988.0,0.0013955,7.165890361878414
1787025673210,0.001395,1400007.0,0.001396,6125215.0,0.0013955,7.165890361878414
1787025673236,0.001395,1400007.0,0.001396,6291264.0,0.0013955,7.165890361878414
1787025673396,0.001395,1400007.0,0.001396,6287319.0,0.0013955,7.165890361878414
1787025673414,0.001395,2298429.0,0.001396,7104423.0,0.0013955,7.165890361878414
1787025673602,0.001395,2298429.0,0.001396,7119379.0,0.0013955,7.165890361878414
1787025673612,0.001395,2227490.0,0.001396,7119379.0,0.0013955,7.165890361878414
1787025673613,0.001395,2059288.0,0.001396,7119379.0,0.0013955,7.165890361878414
1787025673614,0.001395,1160866.0,0.001396,7119379.0,0.0013955,7.165890361878414
1787025673615,0.001395,1112389.0,0.001396,7119379.0,0.0013955,7.165890361878414
1787025673629,0.001395,1124213.0,0.001396,7131203.0,0.0013955,7.165890361878414
1787025673658,0.001395,1110835.0,0.001396,7131203.0,0.0013955,7.165890361878414
1787025673726,0.001395,1110835.0,0.001396,7169969.0,0.0013955,7.165890361878414
1787025673734,0.001395,1075174.0,0.001396,7169969.0,0.0013955,7.165890361878414
1787025673830,0.001395,1075174.0,0.001396,7255104.0,0.0013955,7.165890361878414
1787025674242,0.001395,1078764.0,0.001396,7255104.0,0.0013955,7.165890361878414
1787025674301,0.001395,1071021.0,0.001396,7255104.0,0.0013955,7.165890361878414
1787025674302,0.001395,327803.0,0.001396,7255104.0,0.0013955,7.165890361878414
1787025674303,0.001395,247218.0,0.001396,7255104.0,0.0013955,7.165890361878414
1787025674305,0.001395,198741.0,0.001396,7255104.0,0.0013955,7.165890361878414
1787025674624,0.001395,3289743.0,0.001396,7255104.0,0.0013955,7.165890361878414
1787025674625,0.001395,3289743.0,0.001396,7255104.0,0.0013955,7.165890361878414
1787025674626,0.001395,4188585.0,0.001396,7255104.0,0.0013955,7.165890361878414
1787025674627,0.001395,4188585.0,0.001396,7089055.0,0.0013955,7.165890361878414
1787025674628,0.001395,4237062.0,0.001396,7089055.0,0.0013955,7.165890361878414
1787025674779,0.001395,4581104.0,0.001396,7089055.0,0.0013955,7.165890361878414
1787025674800,0.001395,4581104.0,0.001396,7096220.0,0.0013955,7.165890361878414
1787025674826,0.001395,4581104.0,0.001396,7239541.0,0.0013955,7.165890361878414
1787025674831,0.001395,4581104.0,0.001396,7154406.0,0.0013955,7.165890361878414
1787025674862,0.001395,4586850.0,0.001396,7154406.0,0.0013955,7.165890361878414
1787025674874,0.001395,4592731.0,0.001396,7154406.0,0.0013955,7.165890361878414
1787025674875,0.001395,4597563.0,0.001396,7154406.0,0.0013955,7.165890361878414
1787025675038,0.001395,4518926.0,0.001396,7154406.0,0.0013955,7.165890361878414
1787025675048,0.001395,4518926.0,0.001396,7211915.0,0.0013955,7.165890361878414
1787025675561,0.001395,4513038.0,0.001396,7211915.0,0.0013955,7.165890361878414
1787025675796,0.001395,4513038.0,0.001396,7204750.0,0.0013955,7.165890361878414
1787025676706,0.001395,4507720.0,0.001396,7204750.0,0.0013955,7.165890361878414
1787025676707,0.001395,4418179.0,0.001396,7204750.0,0.0013955,7.165890361878414
1787025676733,0.001395,4407960.0,0.001396,7204750.0,0.0013955,7.165890361878414
1787025676734,0.001395,4411903.0,0.001396,7204750.0,0.0013955,7.165890361878414
1787025676827,0.001395,4407965.0,0.001396,7204750.0,0.0013955,7.165890361878414
1787025677110,0.001395,4587349.0,0.001396,7204750.0,0.0013955,7.165890361878414
1787025677530,0.001395,4565479.0,0.001396,7204750.0,0.0013955,7.165890361878414
1787025677781,0.001395,4565479.0,0.001396,7262652.0,0.0013955,7.165890361878414
1787025677895,0.001395,4565479.0,0.001396,7273303.0,0.0013955,7.165890361878414
1787025678053,0.001395,4489194.0,0.001396,7273303.0,0.0013955,7.165890361878414
1787025678131,0.001395,4482607.0,0.001396,7273303.0,0.0013955,7.165890361878414
1787025678492,0.001395,4482607.0,0.001396,7215794.0,0.0013955,7.165890361878414
1787025678495,0.001395,4482607.0,0.001396,7287545.0,0.0013955,7.165890361878414
1787025678527,0.001395,4482607.0,0.001396,7291615.0,0.0013955,7.165890361878414
1787025679185,0.001395,4473621.0,0.001396,7291615.0,0.0013955,7.165890361878414
1787025679389,0.001395,4473621.0,0.001396,6781357.0,0.0013955,7.165890361878414
1787025679390,0.001395,4473621.0,0.001396,6785297.0,0.0013955,7.165890361878414
1787025679391,0.001395,4473621.0,0.001396,5968193.0,0.0013955,7.165890361878414
1787025679502,0.001395,4473621.0,0.001396,6870882.0,0.0013955,7.165890361878414
1787025679613,0.001395,4473621.0,0.001396,7746238.0,0.0013955,7.165890361878414
1787025680000,0.001395,4469939.0,0.001396,7746238.0,0.0013955,7.165890361878414
1787025680356,0.001395,4460101.0,0.001396,7746238.0,0.0013955,7.165890361878414
1787025680369,0.001395,4399367.0,0.001396,7746238.0,0.0013955,7.165890361878414
1787025680383,0.001395,4390840.0,0.001396,7746238.0,0.0013955,7.165890361878414
1787025680553,0.001395,4390840.0,0.001396,7754309.0,0.0013955,7.165890361878414
1787025680644,0.001395,4375780.0,0.001396,7754309.0,0.0013955,7.165890361878414
1787025680712,0.001395,4283047.0,0.001396,7754309.0,0.0013955,7.165890361878414
1787025680713,0.001395,3384205.0,0.001396,7754309.0,0.0013955,7.165890361878414
1787025680715,0.001395,3154217.0,0.001396,7754309.0,0.0013955,7.165890361878414
1787025680718,0.001395,3154217.0,0.001396,8016685.0,0.0013955,7.165890361878414
1787025680721,0.001395,3202694.0,0.001396,8016685.0,0.0013955,7.165890361878414
1787025680830,0.001395,3202694.0,0.001396,8087116.0,0.0013955,7.165890361878414
1787025680862,0.001395,3202694.0,0.001396,8093426.0,0.0013955,7.165890361878414
1787025680958,0.001394,2763156.0,0.001395,413081.0,0.0013945,7.171029042667021
1787025680959,0.001394,2037810.0,0.001395,856819.0,0.0013945,7.171029042667021
1787025680960,0.001394,1796770.0,0.001395,1124900.0,0.0013945,7.171029042667021
1787025680961,0.001394,1796770.0,0.001395,1842060.0,0.0013945,7.171029042667021
1787025680962,0.001394,1796770.0,0.001395,1865735.0,0.0013945,7.171029042667021
1787025680963,0.001394,1796770.0,0.001395,1840313.0,0.0013945,7.171029042667021
1787025681033,0.001394,1705538.0,0.001395,1840313.0,0.0013945,7.171029042667021
1787025681034,0.001394,1616607.0,0.001395,1840313.0,0.0013945,7.171029042667021
1787025681036,0.001394,1576354.0,0.001395,1852146.0,0.0013945,7.171029042667021
1787025681037,0.001394,1533996.0,0.001395,1852146.0,0.0013945,7.171029042667021
1787025681041,0.001394,753980.0,0.001395,1852146.0,0.0013945,7.171029042667021
1787025681042,0.001394,802457.0,0.001395,1852146.0,0.0013945,7.171029042667021
1787025681057,0.001394,802457.0,0.001395,1992928.0,0.0013945,7.171029042667021
1787025681250,0.001394,1711606.0,0.001395,1992928.0,0.0013945,7.171029042667021
1787025681251,0.001394,1711606.0,0.001395,1992928.0,0.0013945,7.171029042667021
1787025681377,0.001394,1891119.0,0.001395,1992928.0,0.0013945,7.171029042667021
1787025681513,0.001394,1882569.0,0.001395,1992928.0,0.0013945,7.171029042667021
1787025681864,0.001394,1897383.0,0.001395,1992928.0,0.0013945,7.171029042667021
1787025682223,0.001394,1900970.0,0.001395,1992928.0,0.0013945,7.171029042667021
1787025682549,0.001394,1900970.0,0.001395,1258992.0,0.0013945,7.171029042667021
1787025682550,0.001394,1900970.0,0.001395,1210515.0,0.0013945,7.171029042667021
1787025682561,0.001394,1900970.0,0.001395,1067045.0,0.0013945,7.171029042667021
1787025682618,0.001394,1838703.0,0.001395,1067045.0,0.0013945,7.171029042667021
1787025682723,0.001394,1830633.0,0.001395,1067045.0,0.0013945,7.171029042667021
1787025682725,0.001394,1830633.0,0.001395,1115522.0,0.0013945,7.171029042667021
1787025682751,0.001394,1823848.0,0.001395,1115522.0,0.0013945,7.171029042667021
1787025682753,0.001394,1823848.0,0.001395,1938562.0,0.0013945,7.171029042667021
1787025682754,0.001394,1823848.0,0.001395,1938562.0,0.0013945,7.171029042667021
1787025682783,0.001394,1817043.0,0.001395,1938562.0,0.0013945,7.171029042667021
1787025683284,0.001394,1752258.0,0.001395,1938562.0,0.0013945,7.171029042667021
1787025683285,0.001394,1756204.0,0.001395,1938562.0,0.0013945,7.171029042667021
1787025683455,0.001394,1756204.0,0.001395,1943842.0,0.0013945,7.171029042667021
1787025683457,0.001394,1756204.0,0.001395,1947912.0,0.0013945,7.171029042667021
1787025683487,0.001394,1756204.0,0.001395,1986678.0,0.0013945,7.171029042667021
1787025683494,0.001394,1756204.0,0.001395,2001634.0,0.0013945,7.171029042667021
1787025683911,0.001394,1748476.0,0.001395,2001634.0,0.0013945,7.171029042667021
1787025683912,0.001394,1744042.0,0.001395,3194510.0,0.0013945,7.171029042667021
1787025683913,0.001394,1744042.0,0.001395,2001634.0,0.0013945,7.171029042667021
1787025683914,0.001394,1744042.0,0.001395,2001634.0,0.0013945,7.171029042667021
1787025684898,0.001394,1686821.0,0.001395,2001634.0,0.0013945,7.171029042667021
1787025685116,0.001394,1686821.0,0.001395,2190487.0,0.0013945,7.171029042667021
1787025685361,0.001394,1681897.0,0.001395,2190487.0,0.0013945,7.171029042667021
1787025686017,0.001394,1681897.0,0.001395,2120682.0,0.0013945,7.171029042667021
1787025686038,0.001394,1681897.0,0.001395,2129436.0,0.0013945,7.171029042667021
1787025686485,0.001394,1675541.0,0.001395,2129436.0,0.0013945,7.171029042667021
1787025686850,0.001394,1675541.0,0.001395,1657478.0,0.0013945,7.171029042667021
1787025686851,0.001394,1675541.0,0.001395,834438.0,0.0013945,7.171029042667021
1787025687093,0.001394,1675541.0,0.001395,1654427.0,0.0013945,7.171029042667021
1787025687094,0.001394,1675541.0,0.001395,1642594.0,0.0013945,7.171029042667021
1787025687095,0.001394,1675541.0,0.001395,1654427.0,0.0013945,7.171029042667021
1787025687220,0.001394,1642047.0,0.001395,1654427.0,0.0013945,7.171029042667021
1787025687221,0.001394,1642047.0,0.001395,1916803.0,0.0013945,7.171029042667021
1787025687348,0.001394,1642047.0,0.001395,1848178.0,0.0013945,7.171029042667021
1787025687419,0.001394,1617598.0,0.001395,1848178.0,0.0013945,7.171029042667021
1787025687447,0.001394,1610761.0,0.001395,1848178.0,0.0013945,7.171029042667021
1787025687472,0.001394,1610761.0,0.001395,1906080.0,0.0013945,7.171029042667021
1787025687984,0.001394,1500348.0,0.001395,1906080.0,0.0013945,7.171029042667021
1787025688005,0.001394,591199.0,0.001395,1906080.0,0.0013945,7.171029042667021
1787025688254,0.001394,1327879.0,0.001395,1906080.0,0.0013945,7.171029042667021
1787025688255,0.001394,1316046.0,0.001395,1906080.0,0.0013945,7.171029042667021
1787025688256,0.001394,1327879.0,0.001395,1906080.0,0.0013945,7.171029042667021
1787025688396,0.001394,1320651.0,0.001395,1906080.0,0.0013945,7.171029042667021
1787025688697,0.001394,1287729.0,0.001395,1906080.0,0.0013945,7.171029042667021
1787025688715,0.001394,1311778.0,0.001395,1906080.0,0.0013945,7.171029042667021
1787025688732,0.001395,304808.0,0.001396,8618385.0,0.0013955,7.165890361878414
1787025688733,0.001395,386060.0,0.001396,7047039.0,0.0013955,7.165890361878414
1787025688734,0.001395,880240.0,0.001396,6906212.0,0.0013955,7.165890361878414
1787025688735,0.001395,928717.0,0.001396,6906212.0,0.0013955,7.165890361878414
1787025688736,0.001395,928717.0,0.001396,7072261.0,0.0013955,7.165890361878414
1787025688737,0.001395,847465.0,0.001396,7072261.0,0.0013955,7.165890361878414
1787025688755,0.001395,798988.0,0.001396,7072261.0,0.0013955,7.165890361878414
1787025688756,0.001395,798988.0,0.001396,6906212.0,0.0013955,7.165890361878414
1787025688799,0.001395,798988.0,0.001396,7072261.0,0.0013955,7.165890361878414
1787025688830,0.001395,798988.0,0.001396,7001830.0,0.0013955,7.165890361878414
1787025688862,0.001395,798988.0,0.001396,6995520.0,0.0013955,7.165890361878414
1787025688967,0.001395,798988.0,0.001396,7884091.0,0.0013955,7.165890361878414
1787025689164,0.001395,1663180.0,0.001396,7884091.0,0.0013955,7.165890361878414
1787025689595,0.001395,1653145.0,0.001396,7884091.0,0.0013955,7.165890361878414
1787025689628,0.001395,1664969.0,0.001396,7895915.0,0.0013955,7.165890361878414
1787025689878,0.001395,1679783.0,0.001396,7895915.0,0.0013955,7.165890361878414
1787025690088,0.001395,1679783.0,0.001396,7901306.0,0.0013955,7.165890361878414
1787025690110,0.001395,1638033.0,0.001396,7901306.0,0.0013955,7.165890361878414
1787025690423,0.001395,1591973.0,0.001396,7901306.0,0.0013955,7.165890361878414
1787025691004,0.001395,1584004.0,0.001396,7901306.0,0.0013955,7.165890361878414
1787025691031,0.001395,1575563.0,0.001396,7901306.0,0.0013955,7.165890361878414
1787025691035,0.001395,1575563.0,0.001396,7937123.0,0.0013955,7.165890361878414
1787025692102,0.001395,1668642.0,0.001396,7937123.0,0.0013955,7.165890361878414
1787025692129,0.001395,1662751.0,0.001396,7937123.0,0.0013955,7.165890361878414
1787025692580,0.001395,1662751.0,0.001396,7048552.0,0.0013955,7.165890361878414
1787025693040,0.001395,1703452.0,0.001396,7048552.0,0.0013955,7.165890361878414
1787025693203,0.001395,1694612.0,0.001396,7048552.0,0.0013955,7.165890361878414
1787025693207,0.001395,1694612.0,0.001396,7012735.0,0.0013955,7.165890361878414
1787025693524,0.001395,1694612.0,0.001396,7815209.0,0.0013955,7.165890361878414
1787025693669,0.001395,1689169.0,0.001396,7815209.0,0.0013955,7.165890361878414
1787025693927,0.001395,1679242.0,0.001396,7815209.0,0.0013955,7.165890361878414
1787025694088,0.001395,815050.0,0.001396,7815209.0,0.0013955,7.165890361878414
1787025694093,0.001395,863527.0,0.001396,7815209.0,0.0013955,7.165890361878414
1787025694299,0.001395,1652330.0,0.001396,7815209.0,0.0013955,7.165890361878414
1787025694300,0.001395,1640506.0,0.001396,7815209.0,0.0013955,7.165890361878414
1787025694301,0.001395,1652330.0,0.001396,7815209.0,0.0013955,7.165890361878414
1787025694539,0.001395,1648113.0,0.001396,7815209.0,0.0013955,7.165890361878414
1787025694622,0.001395,1631068.0,0.001396,7815209.0,0.0013955,7.165890361878414
1787025695040,0.001395,1590367.0,0.001396,7815209.0,0.0013955,7.165890361878414
1787025696040,0.001395,1630396.0,0.001396,7815209.0,0.0013955,7.165890361878414
1787025696057,0.001395,1630396.0,0.001396,7674427.0,0.0013955,7.165890361878414
1787025696064,0.001395,1630396.0,0.001396,7929599.0,0.0013955,7.165890361878414
1787025696067,0.001395,1625405.0,0.001396,7929599.0,0.0013955,7.165890361878414
1787025696112,0.001395,1625405.0,0.001396,7857848.0,0.0013955,7.165890361878414
1787025696115,0.001395,1625405.0,0.001396,14864289.0,0.0013955,7.165890361878414
1787025696116,0.001395,1625405.0,0.001396,14852465.0,0.0013955,7.165890361878414
1787025696117,0.001394,1390860.0,0.001395,16778.0,0.0013945,7.171029042667021
1787025696118,0.001394,723157.0,0.001395,449555.0,0.0013945,7.171029042667021
1787025696119,0.001394,384707.0,0.001395,675001.0,0.0013945,7.171029042667021
1787025696120,0.001394,384707.0,0.001395,694751.0,0.0013945,7.171029042667021
1787025696121,0.001394,384707.0,0.001395,667274.0,0.0013945,7.171029042667021
1787025696125,0.001394,384707.0,0.001395,957087.0,0.0013945,7.171029042667021
1787025696135,0.001394,384707.0,0.001395,1772149.0,0.0013945,7.171029042667021
1787025696144,0.001394,384707.0,0.001395,1383398.0,0.0013945,7.171029042667021
1787025696166,0.001394,379166.0,0.001395,1383398.0,0.0013945,7.171029042667021
1787025696167,0.001393,1652527.0,0.001395,1383398.0,0.0013939999999999998,14.347202295552718
1787025696168,0.001393,1407435.0,0.001394,274634.0,0.0013935,7.17617509867336
1787025696169,0.001393,696623.0,0.001394,575066.0,0.0013935,7.17617509867336
1787025696170,0.001393,696623.0,0.001394,623543.0,0.0013935,7.17617509867336
1787025696171,0.001393,745100.0,0.001394,575043.0,0.0013935,7.17617509867336
1787025696177,0.001393,745100.0,0.001394,526543.0,0.0013935,7.17617509867336
1787025696178,0.001393,745100.0,0.001394,451557.0,0.0013935,7.17617509867336
1787025696190,0.001393,745100.0,0.001394,439895.0,0.0013935,7.17617509867336
1787025696197,0.001393,745100.0,0.001394,517184.0,0.0013935,7.17617509867336
1787025696201,0.001393,753254.0,0.001394,517184.0,0.0013935,7.17617509867336
1787025696239,0.001393,15292.0,0.001394,806997.0,0.0013935,7.17617509867336
1787025696240,0.001393,15292.0,0.001394,1084690.0,0.0013935,7.17617509867336
1787025696241,0.001392,2049430.0,0.001393,850297.0,0.0013925,7.181328545780365
1787025696242,0.001392,1399795.0,0.001393,533407.0,0.0013925,7.181328545780365
1787025696243,0.001392,1321655.0,0.001393,807330.0,0.0013925,7.181328545780365
1787025696244,0.001392,1178131.0,0.001393,807330.0,0.0013925,7.181328545780365
1787025696245,0.001392,322009.0,0.001393,1023185.0,0.0013925,7.181328545780365
1787025696246,0.001392,322009.0,0.001393,1274048.0,0.0013925,7.181328545780365
1787025696247,0.001392,271667.0,0.001393,1563861.0,0.0013925,7.181328545780365
1787025696248,0.001392,271667.0,0.001393,1718140.0,0.0013925,7.181328545780365
1787025696259,0.001392,271667.0,0.001393,1766617.0,0.0013925,7.181328545780365
1787025696276,0.001392,320144.0,0.001393,1766617.0,0.0013925,7.181328545780365
1787025696301,0.001392,320144.0,0.001393,1792004.0,0.0013925,7.181328545780365
1787025696313,0.001392,271667.0,0.001393,1792004.0,0.0013925,7.181328545780365
1787025696318,0.001392,128143.0,0.001393,1792004.0,0.0013925,7.181328545780365
1787025696372,0.001392,124019.0,0.001393,1792004.0,0.0013925,7.181328545780365
1787025696382,0.001392,120072.0,0.001393,1792004.0,0.0013925,7.181328545780365
1787025696383,0.001392,120072.0,0.001393,1799893.0,0.0013925,7.181328545780365
1787025696394,0.001392,131922.0,0.001393,1811743.0,0.0013925,7.181328545780365
1787025696396,0.001392,180399.0,0.001393,1811743.0,0.0013925,7.181328545780365
1787025696443,0.001392,180399.0,0.001393,2553419.0,0.0013925,7.181328545780365
1787025696444,0.001392,131922.0,0.001393,2553419.0,0.0013925,7.181328545780365
1787025696577,0.001392,1002952.0,0.001393,2553419.0,0.0013925,7.181328545780365
1787025696578,0.001392,1051429.0,0.001393,2553419.0,0.0013925,7.181328545780365
1787025696579,0.001392,1051429.0,0.001393,2059182.0,0.0013925,7.181328545780365
1787025696580,0.001392,1051429.0,0.001393,1893231.0,0.0013925,7.181328545780365
1787025696613,0.001392,1024636.0,0.001393,1893231.0,0.0013925,7.181328545780365
1787025696628,0.001392,1020336.0,0.001393,1893231.0,0.0013925,7.181328545780365
1787025696831,0.001392,1020336.0,0.001393,1974219.0,0.0013925,7.181328545780365
1787025696864,0.001392,1025143.0,0.001393,1974219.0,0.0013925,7.181328545780365
1787025696865,0.001392,1033668.0,0.001393,1974219.0,0.0013925,7.181328545780365
1787025696879,0.001392,1213353.0,0.001393,1974219.0,0.0013925,7.181328545780365
1787025696928,0.001392,1488504.0,0.001393,1974219.0,0.0013925,7.181328545780365
1787025696930,0.001392,1488504.0,0.001393,1925742.0,0.0013925,7.181328545780365
1787025697008,0.001392,1488504.0,0.001393,1184066.0,0.0013925,7.181328545780365
1787025697009,0.001392,1488504.0,0.001393,1184066.0,0.0013925,7.181328545780365
1787025697060,0.001392,1492456.0,0.001393,1188015.0,0.0013925,7.181328545780365
1787025697090,0.001392,1451954.0,0.001393,1188015.0,0.0013925,7.181328545780365
1787025697104,0.001392,1451954.0,0.001393,1162628.0,0.0013925,7.181328545780365
1787025697115,0.001392,1441820.0,0.001393,1162628.0,0.0013925,7.181328545780365
1787025697206,0.001392,1441820.0,0.001393,2854930.0,0.0013925,7.181328545780365
1787025697207,0.001392,1441820.0,0.001393,2903407.0,0.0013925,7.181328545780365
1787025697209,0.001392,1441820.0,0.001393,3803854.0,0.0013925,7.181328545780365
1787025697288,0.001392,1427490.0,0.001393,3803854.0,0.0013925,7.181328545780365
1787025697299,0.001392,1416132.0,0.001393,3803854.0,0.0013925,7.181328545780365
1787025697573,0.001392,1416132.0,0.001393,3822182.0,0.0013925,7.181328545780365
1787025697851,0.001392,835284.0,0.001393,3822182.0,0.0013925,7.181328545780365
1787025697852,0.001392,208819.0,0.001393,3988425.0,0.0013925,7.181328545780365
1787025697853,0.001392,257296.0,0.001393,3988425.0,0.0013925,7.181328545780365
1787025697914,0.001392,305773.0,0.001393,3988425.0,0.0013925,7.181328545780365
1787025698070,0.001392,1149740.0,0.001393,3988425.0,0.0013925,7.181328545780365
1787025698072,0.001392,1149740.0,0.001393,3988425.0,0.0013925,7.181328545780365
1787025698098,0.001392,1149740.0,0.001393,4080224.0,0.0013925,7.181328545780365
1787025698125,0.001392,1141693.0,0.001393,4080224.0,0.0013925,7.181328545780365
1787025698242,0.001392,1118034.0,0.001393,4080224.0,0.0013925,7.181328545780365
1787025698831,0.001392,1118034.0,0.001393,3999236.0,0.0013925,7.181328545780365
1787025698853,0.001392,1123069.0,0.001393,3999236.0,0.0013925,7.181328545780365
1787025698854,0.001392,1130033.0,0.001393,3999236.0,0.0013925,7.181328545780365
1787025699075,0.001392,286066.0,0.001393,3999236.0,0.0013925,7.181328545780365
1787025699077,0.001392,237589.0,0.001393,3999236.0,0.0013925,7.181328545780365
1787025699081,0.001392,215657.0,0.001393,3999236.0,0.0013925,7.181328545780365
1787025699301,0.001392,211046.0,0.001393,3999236.0,0.0013925,7.181328545780365
1787025699510,0.001392,259523.0,0.001393,3999236.0,0.0013925,7.181328545780365
1787025699513,0.001392,259523.0,0.001393,4726502.0,0.0013925,7.181328545780365
1787025699515,0.001392,259523.0,0.001393,5428442.0,0.0013925,7.181328545780365
1787025699517,0.001392,211046.0,0.001393,5428442.0,0.0013925,7.181328545780365
1787025699583,0.001392,211046.0,0.001393,10589899.0,0.0013925,7.181328545780365
1787025699584,0.001392,211046.0,0.001393,10578049.0,0.0013925,7.181328545780365
1787025699585,0.001392,211046.0,0.001393,10589899.0,0.0013925,7.181328545780365
1787025699679,0.001392,211046.0,0.001393,10613889.0,0.0013925,7.181328545780365
1787025699779,0.001392,211046.0,0.001393,10589899.0,0.0013925,7.181328545780365
1787025699831,0.001392,211046.0,0.001393,10669982.0,0.0013925,7.181328545780365
1787025699898,0.001392,211046.0,0.001393,10694823.0,0.0013925,7.181328545780365
1787025700374,0.001392,148915.0,0.001393,10694823.0,0.0013925,7.181328545780365
1787025700375,0.001392,76278.0,0.001393,10694823.0,0.0013925,7.181328545780365
1787025700376,0.001392,64428.0,0.001393,10694823.0,0.0013925,7.181328545780365
1787025700377,0.001392,76278.0,0.001393,10694823.0,0.0013925,7.181328545780365
1787025700567,0.001392,66216.0,0.001393,10694823.0,0.0013925,7.181328545780365
1787025700568,0.001392,70168.0,0.001393,10694823.0,0.0013925,7.181328545780365
1787025700793,0.001391,3049766.0,0.001393,10694823.0,0.001392,14.367816091952815
1787025700794,0.001391,3049766.0,0.001393,10924039.0,0.001392,14.367816091952815
1787025700795,0.001391,3019328.0,0.001392,547824.0,0.0013915,7.186489399927531
1787025700796,0.001391,2541906.0,0.001392,763567.0,0.0013915,7.186489399927531
1787025700797,0.001391,2473281.0,0.001392,1572158.0,0.0013915,7.186489399927531
1787025700798,0.001391,809348.0,0.001392,1572158.0,0.0013915,7.186489399927531
1787025700799,0.001391,809348.0,0.001392,2939144.0,0.0013915,7.186489399927531
1787025700800,0.001391,100730.0,0.001392,1833504.0,0.0013915,7.186489399927531
1787025700802,0.001391,100730.0,0.001392,1881981.0,0.0013915,7.186489399927531
1787025700809,0.001391,100730.0,0.001392,2709299.0,0.0013915,7.186489399927531
1787025700811,0.001391,52253.0,0.001392,2875542.0,0.0013915,7.186489399927531
1787025700821,0.001391,100730.0,0.001392,2875542.0,0.0013915,7.186489399927531
1787025700833,0.001391,100730.0,0.001392,2449755.0,0.0013915,7.186489399927531
1787025700867,0.001391,56330.0,0.001392,2449755.0,0.0013915,7.186489399927531
1787025700888,0.001391,7853.0,0.001392,2449755.0,0.0013915,7.186489399927531
1787025700899,0.001391,7853.0,0.001392,2475011.0,0.0013915,7.186489399927531
1787025700975,0.001391,56330.0,0.001392,2475011.0,0.0013915,7.186489399927531
1787025700982,0.001391,68188.0,0.001392,2486869.0,0.0013915,7.186489399927531
1787025701098,0.001391,68188.0,0.001392,2579207.0,0.0013915,7.186489399927531
1787025701104,0.001391,68188.0,0.001392,5323706.0,0.0013915,7.186489399927531
1787025701105,0.001391,68188.0,0.001392,5311848.0,0.0013915,7.186489399927531
1787025701106,0.001391,68188.0,0.001392,5323706.0,0.0013915,7.186489399927531
1787025701509,0.001391,72142.0,0.001392,5323706.0,0.0013915,7.186489399927531
1787025701512,0.001391,72142.0,0.001392,5703238.0,0.0013915,7.186489399927531
1787025701581,0.001391,72142.0,0.001392,5727147.0,0.0013915,7.186489399927531
1787025701669,0.001391,66745.0,0.001392,5727147.0,0.0013915,7.186489399927531
1787025701670,0.001391,18268.0,0.001392,5727147.0,0.0013915,7.186489399927531
1787025701671,0.001391,6410.0,0.001392,5727147.0,0.0013915,7.186489399927531
1787025701673,0.001391,186251.0,0.001392,5727147.0,0.0013915,7.186489399927531
1787025701674,0.001391,234728.0,0.001392,5727147.0,0.0013915,7.186489399927531
1787025701801,0.001391,234728.0,0.001392,5752403.0,0.0013915,7.186489399927531
1787025701803,0.001391,246586.0,0.001392,5752403.0,0.0013915,7.186489399927531
1787025701804,0.001391,198109.0,0.001392,5752403.0,0.0013915,7.186489399927531
1787025701831,0.001391,198109.0,0.001392,5832448.0,0.0013915,7.186489399927531
1787025701861,0.001391,208908.0,0.001392,5832448.0,0.0013915,7.186489399927531
1787025701923,0.001391,166851.0,0.001392,5832448.0,0.0013915,7.186489399927531
1787025701999,0.001391,166851.0,0.001392,5807192.0,0.0013915,7.186489399927531
1787025702127,0.001391,208396.0,0.001392,5807192.0,0.0013915,7.186489399927531
1787025702283,0.001391,208396.0,0.001392,5783283.0,0.0013915,7.186489399927531
1787025702450,0.001391,212350.0,0.001392,5783283.0,0.0013915,7.186489399927531
1787025702655,0.001391,206538.0,0.001392,5783283.0,0.0013915,7.186489399927531
1787025702758,0.001391,150478.0,0.001392,5783283.0,0.0013915,7.186489399927531
1787025702759,0.001391,68156.0,0.001392,5783283.0,0.0013915,7.186489399927531
1787025702761,0.001391,56298.0,0.001392,5783283.0,0.0013915,7.186489399927531
1787025702762,0.001391,68156.0,0.001392,5783283.0,0.0013915,7.186489399927531
1787025702780,0.00139,1852567.0,0.001392,5783283.0,0.0013909999999999999,14.378145219267065
1787025702781,0.00139,1874735.0,0.001391,413081.0,0.0013905,7.191657677095526
1787025702782,0.00139,558685.0,0.001391,759795.0,0.0013905,7.191657677095526
1787025702783,0.00139,558685.0,0.001391,681255.0,0.0013905,7.191657677095526
1787025702784,0.00139,558685.0,0.001391,689144.0,0.0013905,7.191657677095526
1787025702785,0.00139,607162.0,0.001391,689144.0,0.0013905,7.191657677095526
1787025702786,0.001389,1838939.0,0.001391,689144.0,0.0013900000000000002,14.388489208633441
1787025702787,0.001389,1363377.0,0.00139,677301.0,0.0013895000000000001,7.196833393306339
1787025702788,0.001389,384068.0,0.00139,677301.0,0.0013895000000000001,7.196833393306339
1787025702789,0.001389,376868.0,0.00139,264220.0,0.0013895000000000001,7.196833393306339
1787025702790,0.001389,685428.0,0.00139,264220.0,0.0013895000000000001,7.196833393306339
1787025702791,0.001389,48477.0,0.00139,264220.0,0.0013895000000000001,7.196833393306339
1787025702792,0.001389,342707.0,0.00139,601391.0,0.0013895000000000001,7.196833393306339
1787025702793,0.001389,420786.0,0.00139,288694.0,0.0013895000000000001,7.196833393306339
1787025702794,0.001389,342707.0,0.00139,264220.0,0.0013895000000000001,7.196833393306339
1787025702795,0.00139,183759.0,0.001391,3242388.0,0.0013905,7.191657677095526
1787025702796,0.00139,98955.0,0.001391,2312517.0,0.0013905,7.191657677095526
1787025702797,0.00139,98955.0,0.001391,2002492.0,0.0013905,7.191657677095526
1787025702798,0.00139,13279.0,0.001391,2024953.0,0.0013905,7.191657677095526
1787025702799,0.00139,13279.0,0.001391,1978318.0,0.0013905,7.191657677095526
1787025702809,0.001389,1981342.0,0.001391,1978318.0,0.0013900000000000002,14.388489208633441
1787025702810,0.001389,1977389.0,0.00139,243109.0,0.0013895000000000001,7.196833393306339
1787025702811,0.001389,1754064.0,0.00139,458852.0,0.0013895000000000001,7.196833393306339
1787025702812,0.001389,1671479.0,0.00139,466741.0,0.0013895000000000001,7.196833393306339
1787025702813,0.001389,1671479.0,0.00139,515218.0,0.0013895000000000001,7.196833393306339
1787025702814,0.001389,1671479.0,0.00139,438081.0,0.0013895000000000001,7.196833393306339
1787025702815,0.001389,1671479.0,0.00139,389604.0,0.0013895000000000001,7.196833393306339
1787025702817,0.001389,1599485.0,0.00139,389604.0,0.0013895000000000001,7.196833393306339
1787025702819,0.001389,1599485.0,0.00139,438081.0,0.0013895000000000001,7.196833393306339
1787025702864,0.001389,1599485.0,0.00139,519676.0,0.0013895000000000001,7.196833393306339
1787025702878,0.001389,1599485.0,0.00139,793870.0,0.0013895000000000001,7.196833393306339
1787025702880,0.001389,1527491.0,0.00139,793870.0,0.0013895000000000001,7.196833393306339
1787025702881,0.001389,1455497.0,0.00139,793870.0,0.0013895000000000001,7.196833393306339
1787025702882,0.001389,1226281.0,0.00139,793870.0,0.0013895000000000001,7.196833393306339
1787025702891,0.001389,1226281.0,0.00139,712275.0,0.0013895000000000001,7.196833393306339
1787025702899,0.001389,1226281.0,0.00139,738658.0,0.0013895000000000001,7.196833393306339
1787025702902,0.001389,626281.0,0.00139,738658.0,0.0013895000000000001,7.196833393306339
1787025702904,0.001389,626281.0,0.00139,819121.0,0.0013895000000000001,7.196833393306339
1787025702905,0.001389,410538.0,0.00139,819121.0,0.0013895000000000001,7.196833393306339
1787025702912,0.001389,338544.0,0.00139,819121.0,0.0013895000000000001,7.196833393306339
1787025702917,0.001389,338544.0,0.00139,738658.0,0.0013895000000000001,7.196833393306339
1787025702950,0.001389,350419.0,0.00139,738658.0,0.0013895000000000001,7.196833393306339
1787025702961,0.001389,350419.0,0.00139,750533.0,0.0013895000000000001,7.196833393306339
1787025702984,0.001389,1155332.0,0.00139,750533.0,0.0013895000000000001,7.196833393306339
1787025702985,0.001389,1143457.0,0.00139,750533.0,0.0013895000000000001,7.196833393306339
1787025702993,0.001389,1143457.0,0.00139,432637.0,0.0013895000000000001,7.196833393306339
1787025702996,0.001389,1143457.0,0.00139,1217941.0,0.0013895000000000001,7.196833393306339
1787025702997,0.001389,1143457.0,0.00139,1206066.0,0.0013895000000000001,7.196833393306339
1787025702998,0.001389,1143457.0,0.00139,420762.0,0.0013895000000000001,7.196833393306339
1787025703002,0.001389,1143457.0,0.00139,394379.0,0.0013895000000000001,7.196833393306339
1787025703052,0.001389,1155332.0,0.00139,406254.0,0.0013895000000000001,7.196833393306339
1787025703099,0.001389,1155332.0,0.00139,499256.0,0.0013895000000000001,7.196833393306339
1787025703145,0.001389,1155332.0,0.00139,517584.0,0.0013895000000000001,7.196833393306339
1787025703178,0.001389,134518.0,0.00139,517584.0,0.0013895000000000001,7.196833393306339
1787025703180,0.001389,240511.0,0.00139,594273.0,0.0013895000000000001,7.196833393306339
1787025703181,0.001389,264078.0,0.00139,594273.0,0.0013895000000000001,7.196833393306339
1787025703182,0.001389,228636.0,0.00139,594273.0,0.0013895000000000001,7.196833393306339
1787025703282,0.001389,228636.0,0.00139,487295.0,0.0013895000000000001,7.196833393306339
1787025703283,0.001389,240511.0,0.00139,703038.0,0.0013895000000000001,7.196833393306339
1787025703284,0.001389,240511.0,0.00139,703038.0,0.0013895000000000001,7.196833393306339
1787025703287,0.001389,514705.0,0.00139,703038.0,0.0013895000000000001,7.196833393306339
1787025703288,0.001389,502830.0,0.00139,703038.0,0.0013895000000000001,7.196833393306339
1787025703381,0.001389,1298538.0,0.00139,1453745.0,0.0013895000000000001,7.196833393306339
1787025703382,0.001389,1298538.0,0.00139,1441870.0,0.0013895000000000001,7.196833393306339
1787025703383,0.001389,1310413.0,0.00139,1365181.0,0.0013895000000000001,7.196833393306339
1787025703385,0.001389,1310413.0,0.00139,1377056.0,0.0013895000000000001,7.196833393306339
1787025703390,0.001389,1314373.0,0.00139,1377056.0,0.0013895000000000001,7.196833393306339
1787025703425,0.001389,1314373.0,0.00139,1371473.0,0.0013895000000000001,7.196833393306339
1787025703598,0.001388,3821092.0,0.00139,1371473.0,0.001389,14.398848092152976
1787025703599,0.001388,3705751.0,0.001389,186186.0,0.0013885,7.202016564639054
1787025703600,0.001388,3296219.0,0.001389,1225619.0,0.0013885,7.202016564639054
1787025703601,0.001388,3296219.0,0.001389,1322695.0,0.0013885,7.202016564639054
1787025703602,0.001388,2333684.0,0.001389,1322695.0,0.0013885,7.202016564639054
1787025703603,0.001388,1420741.0,0.001389,1322695.0,0.0013885,7.202016564639054
1787025703685,0.001388,1636484.0,0.001389,308867.0,0.0013885,7.202016564639054
1787025703686,0.001388,1896874.0,0.001389,48477.0,0.0013885,7.202016564639054
1787025703687,0.001389,847097.0,0.00139,1174740.0,0.0013895000000000001,7.196833393306339
1787025703688,0.001389,472357.0,0.00139,934094.0,0.0013895000000000001,7.196833393306339
1787025703689,0.001389,472357.0,0.00139,845115.0,0.0013895000000000001,7.196833393306339
1787025703690,0.001389,472357.0,0.00139,773173.0,0.0013895000000000001,7.196833393306339
1787025703692,0.001389,472357.0,0.00139,701231.0,0.0013895000000000001,7.196833393306339
1787025703693,0.001389,484232.0,0.00139,713106.0,0.0013895000000000001,7.196833393306339
1787025703711,0.001389,473433.0,0.00139,713106.0,0.0013895000000000001,7.196833393306339
1787025703723,0.001389,473433.0,0.00139,717063.0,0.0013895000000000001,7.196833393306339
1787025703771,0.001389,473433.0,0.00139,645121.0,0.0013895000000000001,7.196833393306339
1787025703799,0.001389,467858.0,0.00139,645121.0,0.0013895000000000001,7.196833393306339
1787025703801,0.001389,467858.0,0.00139,1245121.0,0.0013895000000000001,7.196833393306339
1787025703856,0.001389,477578.0,0.00139,1245121.0,0.0013895000000000001,7.196833393306339
1787025703886,0.001389,477578.0,0.00139,2096627.0,0.0013895000000000001,7.196833393306339
1787025703887,0.001389,1047928.0,0.00139,2096627.0,0.0013895000000000001,7.196833393306339
1787025703888,0.001389,1047928.0,0.00139,2096627.0,0.0013895000000000001,7.196833393306339
1787025703955,0.001389,1047928.0,0.00139,1496627.0,0.0013895000000000001,7.196833393306339
1787025704014,0.001389,891431.0,0.00139,1496627.0,0.0013895000000000001,7.196833393306339
1787025704017,0.001389,891431.0,0.00139,1485784.0,0.0013895000000000001,7.196833393306339
1787025704099,0.001389,891431.0,0.00139,1392782.0,0.0013895000000000001,7.196833393306339
1787025704143,0.001389,1071590.0,0.00139,1392782.0,0.0013895000000000001,7.196833393306339
1787025704153,0.001389,1071590.0,0.00139,1283236.0,0.0013895000000000001,7.196833393306339
1787025704154,0.001389,1318949.0,0.00139,431730.0,0.0013895000000000001,7.196833393306339
1787025704171,0.001389,1354161.0,0.00139,431730.0,0.0013895000000000001,7.196833393306339
1787025704318,0.001389,1419463.0,0.00139,431730.0,0.0013895000000000001,7.196833393306339
1787025704330,0.001389,1423423.0,0.00139,431730.0,0.0013895000000000001,7.196833393306339
1787025704358,0.001389,1423423.0,0.00139,1299661.0,0.0013895000000000001,7.196833393306339
1787025704360,0.001389,1423423.0,0.00139,1287786.0,0.0013895000000000001,7.196833393306339
1787025704411,0.001389,1419104.0,0.00139,1287786.0,0.0013895000000000001,7.196833393306339
1787025704535,0.001389,1419104.0,0.00139,1299661.0,0.0013895000000000001,7.196833393306339
1787025704759,0.001389,1358163.0,0.00139,1299661.0,0.0013895000000000001,7.196833393306339
1787025704766,0.001389,787813.0,0.00139,1299661.0,0.0013895000000000001,7.196833393306339
1787025704767,0.001389,775938.0,0.00139,1299661.0,0.0013895000000000001,7.196833393306339
1787025704787,0.001389,767891.0,0.00139,1299661.0,0.0013895000000000001,7.196833393306339
1787025704802,0.001389,779766.0,0.00139,1299661.0,0.0013895000000000001,7.196833393306339
1787025705089,0.001389,1314275.0,0.00139,1299661.0,0.0013895000000000001,7.196833393306339
1787025705090,0.001389,1853074.0,0.00139,1299661.0,0.0013895000000000001,7.196833393306339
1787025705092,0.001389,1853074.0,0.00139,1299661.0,0.0013895000000000001,7.196833393306339
1787025705599,0.001389,1936670.0,0.00139,1299661.0,0.0013895000000000001,7.196833393306339
1787025705718,0.001389,1756511.0,0.00139,1299661.0,0.0013895000000000001,7.196833393306339
1787025705777,0.001389,1217712.0,0.00139,1299661.0,0.0013895000000000001,7.196833393306339
1787025705781,0.001389,970353.0,0.00139,1299661.0,0.0013895000000000001,7.196833393306339
1787025705791,0.001389,970353.0,0.00139,1294646.0,0.0013895000000000001,7.196833393306339
1787025705922,0.001389,1010027.0,0.00139,1294646.0,0.0013895000000000001,7.196833393306339
1787025705983,0.001389,1518749.0,0.00139,1294646.0,0.0013895000000000001,7.196833393306339
1787025706011,0.001389,1512266.0,0.00139,1294646.0,0.0013895000000000001,7.196833393306339
1787025706013,0.001389,977757.0,0.00139,1294646.0,0.0013895000000000001,7.196833393306339
1787025706014,0.001389,965882.0,0.00139,1294646.0,0.0013895000000000001,7.196833393306339
1787025706015,0.001389,457160.0,0.00139,1294646.0,0.0013895000000000001,7.196833393306339
1787025706016,0.001389,684778.0,0.00139,1294646.0,0.0013895000000000001,7.196833393306339
1787025706218,0.001389,1240109.0,0.00139,1294646.0,0.0013895000000000001,7.196833393306339
1787025706219,0.001389,1240109.0,0.00139,1294646.0,0.0013895000000000001,7.196833393306339
1787025706220,0.001388,2702828.0,0.00139,1294646.0,0.001389,14.398848092152976
1787025706221,0.001389,3960.0,0.00139,2005386.0,0.0013895000000000001,7.196833393306339
1787025706222,0.001389,184119.0,0.00139,1776170.0,0.0013895000000000001,7.196833393306339
1787025706223,0.001389,3960.0,0.00139,1848138.0,0.0013895000000000001,7.196833393306339
1787025706224,0.001388,2144556.0,0.001389,423038.0,0.0013885,7.202016564639054
1787025706225,0.001388,2144556.0,0.001389,874841.0,0.0013885,7.202016564639054
1787025706226,0.001388,1706455.0,0.001389,28765.0,0.0013885,7.202016564639054
1787025706227,0.001389,352508.0,0.00139,2072949.0,0.0013895000000000001,7.196833393306339
1787025706228,0.001389,650477.0,0.00139,1836263.0,0.0013895000000000001,7.196833393306339
1787025706229,0.001389,319577.0,0.001391,3279580.0,0.0013900000000000002,14.388489208633441
1787025706230,0.00139,2052006.0,0.001391,3366466.0,0.0013905,7.191657677095526
1787025706231,0.00139,297516.0,0.001391,3366466.0,0.0013905,7.191657677095526
1787025706232,0.00139,297516.0,0.001391,2439972.0,0.0013905,7.191657677095526
1787025706233,0.00139,215743.0,0.001391,2080062.0,0.0013905,7.191657677095526
1787025706234,0.00139,296163.0,0.001391,2080062.0,0.0013905,7.191657677095526
1787025706235,0.00139,344640.0,0.001391,2080062.0,0.0013905,7.191657677095526
1787025706307,0.00139,344640.0,0.001391,1935996.0,0.0013905,7.191657677095526
1787025706333,0.00139,264220.0,0.001391,1935996.0,0.0013905,7.191657677095526
1787025706366,0.00139,276087.0,0.001391,1935996.0,0.0013905,7.191657677095526
1787025706367,0.00139,276087.0,0.001391,1947863.0,0.0013905,7.191657677095526
1787025706368,0.00139,357949.0,0.001391,1947863.0,0.0013905,7.191657677095526
1787025706369,0.00139,605308.0,0.001391,1947863.0,0.0013905,7.191657677095526
1787025706370,0.00139,593441.0,0.001391,1947863.0,0.0013905,7.191657677095526
1787025706371,0.00139,511579.0,0.001391,1947863.0,0.0013905,7.191657677095526
1787025706382,0.00139,511579.0,0.001391,1943910.0,0.0013905,7.191657677095526
1787025706433,0.00139,1365464.0,0.001391,2699571.0,0.0013905,7.191657677095526
1787025706434,0.00139,1365464.0,0.001391,2107554.0,0.0013905,7.191657677095526
1787025706515,0.00139,1365464.0,0.001391,1351893.0,0.0013905,7.191657677095526
1787025706521,0.00139,1365464.0,0.001391,1340026.0,0.0013905,7.191657677095526
1787025706529,0.00139,1899973.0,0.001391,1340026.0,0.0013905,7.191657677095526
1787025706531,0.00139,1899973.0,0.001391,1197728.0,0.0013905,7.191657677095526
1787025706558,0.00139,1899973.0,0.001391,1302789.0,0.0013905,7.191657677095526
1787025706588,0.00139,2080002.0,0.001391,1302789.0,0.0013905,7.191657677095526
1787025706631,0.00139,2091869.0,0.001391,1314656.0,0.0013905,7.191657677095526
1787025706678,0.00139,2054387.0,0.001391,1314656.0,0.0013905,7.191657677095526
1787025706735,0.00139,2054387.0,0.001391,2061139.0,0.0013905,7.191657677095526
1787025706870,0.00139,2058710.0,0.001391,2061139.0,0.0013905,7.191657677095526
1787025706871,0.00139,2063134.0,0.001391,2061139.0,0.0013905,7.191657677095526
1787025707043,0.00139,2059483.0,0.001391,2061139.0,0.0013905,7.191657677095526
1787025707162,0.00139,2063440.0,0.001391,2061139.0,0.0013905,7.191657677095526
1787025707268,0.00139,1972940.0,0.001391,2061139.0,0.0013905,7.191657677095526
1787025707717,0.00139,1972940.0,0.001391,2055389.0,0.0013905,7.191657677095526
1787025708053,0.00139,1962977.0,0.001391,2055389.0,0.0013905,7.191657677095526
1787025708280,0.00139,1962977.0,0.001391,2061852.0,0.0013905,7.191657677095526
1787025708688,0.00139,1889381.0,0.001391,2061852.0,0.0013905,7.191657677095526
1787025709021,0.00139,1881595.0,0.001391,2061852.0,0.0013905,7.191657677095526
1787025709494,0.00139,1851005.0,0.001391,2061852.0,0.0013905,7.191657677095526
1787025709702,0.00139,1851005.0,0.001391,7223309.0,0.0013905,7.191657677095526
1787025709703,0.00139,1851005.0,0.001391,7377880.0,0.0013905,7.191657677095526
1787025709777,0.00139,1851005.0,0.001391,7389747.0,0.0013905,7.191657677095526
1787025709778,0.00139,1840353.0,0.001391,7389747.0,0.0013905,7.191657677095526
1787025709780,0.00139,1840353.0,0.001391,7882421.0,0.0013905,7.191657677095526
1787025709781,0.00139,986468.0,0.001391,7882421.0,0.0013905,7.191657677095526
1787025709783,0.00139,739109.0,0.001391,7882421.0,0.0013905,7.191657677095526
1787025710133,0.00139,733956.0,0.001391,7882421.0,0.0013905,7.191657677095526
1787025710269,0.00139,578660.0,0.001391,7882421.0,0.0013905,7.191657677095526
1787025710328,0.00139,574752.0,0.001391,7882421.0,0.0013905,7.191657677095526
1787025710362,0.00139,569929.0,0.001391,7882421.0,0.0013905,7.191657677095526
1787025711239,0.00139,563202.0,0.001391,7882421.0,0.0013905,7.191657677095526
1787025711257,0.00139,871655.0,0.001391,7882421.0,0.0013905,7.191657677095526
1787025711903,0.00139,1341881.0,0.001391,7135938.0,0.0013905,7.191657677095526
1787025711904,0.00139,1722496.0,0.001392,5488593.0,0.0013909999999999999,14.378145219267065
1787025711905,0.001391,4845457.0,0.001392,5473787.0,0.0013915,7.186489399927531
1787025711906,0.001391,518703.0,0.001392,2617704.0,0.0013915,7.186489399927531
1787025711907,0.001391,1279690.0,0.001392,3893571.0,0.0013915,7.186489399927531
1787025711908,0.001391,1279690.0,0.001392,2869015.0,0.0013915,7.186489399927531
1787025711909,0.001391,479690.0,0.001392,2869015.0,0.0013915,7.186489399927531
1787025711916,0.001391,479690.0,0.001392,2817274.0,0.0013915,7.186489399927531
1787025711984,0.001391,557348.0,0.001392,2817274.0,0.0013915,7.186489399927531
1787025711986,0.001391,479690.0,0.001392,2817274.0,0.0013915,7.186489399927531
1787025712098,0.001391,491548.0,0.001392,2829132.0,0.0013915,7.186489399927531
1787025712104,0.001391,1225435.0,0.001392,3635860.0,0.0013915,7.186489399927531
1787025712105,0.001391,1213577.0,0.001392,3635860.0,0.0013915,7.186489399927531
1787025712227,0.001391,1225435.0,0.001392,3635860.0,0.0013915,7.186489399927531
1787025712275,0.001391,1205107.0,0.001392,3635860.0,0.0013915,7.186489399927531
1787025712311,0.001391,1194885.0,0.001392,3635860.0,0.0013915,7.186489399927531
1787025712358,0.001391,1085008.0,0.001392,3635860.0,0.0013915,7.186489399927531
1787025712359,0.001391,351121.0,0.001392,3635860.0,0.0013915,7.186489399927531
1787025712391,0.001391,351121.0,0.001392,4973943.0,0.0013915,7.186489399927531
1787025712794,0.001391,351121.0,0.001392,4827997.0,0.0013915,7.186489399927531
1787025712795,0.001391,1228084.0,0.001392,4827997.0,0.0013915,7.186489399927531
1787025712796,0.001391,1228084.0,0.001392,4827997.0,0.0013915,7.186489399927531
1787025712797,0.001391,1276561.0,0.001392,4827997.0,0.0013915,7.186489399927531
1787025712830,0.001391,1276561.0,0.001392,4747952.0,0.0013915,7.186489399927531
1787025712861,0.001391,1276561.0,0.001392,4690728.0,0.0013915,7.186489399927531
1787025712885,0.001391,1280884.0,0.001392,4690728.0,0.0013915,7.186489399927531
1787025712886,0.001391,1285308.0,0.001392,4690728.0,0.0013915,7.186489399927531
1787025712939,0.001391,1285308.0,0.001392,3884000.0,0.0013915,7.186489399927531
1787025712941,0.001391,1285308.0,0.001392,3872142.0,0.0013915,7.186489399927531
1787025712942,0.001391,1285308.0,0.001392,3884000.0,0.0013915,7.186489399927531
1787025713000,0.001391,1281625.0,0.001392,3884000.0,0.0013915,7.186489399927531
1787025713144,0.001391,1281625.0,0.001392,4740335.0,0.0013915,7.186489399927531
1787025713451,0.001391,1276161.0,0.001392,4740335.0,0.0013915,7.186489399927531
1787025713467,0.001391,1269530.0,0.001392,4740335.0,0.0013915,7.186489399927531
1787025713949,0.001391,1269530.0,0.001392,4724328.0,0.0013915,7.186489399927531
1787025713956,0.001391,1269530.0,0.001392,3867993.0,0.0013915,7.186489399927531
1787025714022,0.001391,1255017.0,0.001392,3867993.0,0.0013915,7.186489399927531
1787025714214,0.001391,1255017.0,0.001392,4604220.0,0.0013915,7.186489399927531
1787025714669,0.001391,1249211.0,0.001392,4604220.0,0.0013915,7.186489399927531
1787025715036,0.001391,1249211.0,0.001392,3266137.0,0.0013915,7.186489399927531
1787025715044,0.001391,1249211.0,0.001392,5337483.0,0.0013915,7.186489399927531
1787025715045,0.001391,1249211.0,0.001392,5337483.0,0.0013915,7.186489399927531
1787025715063,0.001391,1200734.0,0.001392,5337483.0,0.0013915,7.186489399927531
1787025715141,0.001391,1246607.0,0.001392,5337483.0,0.0013915,7.186489399927531
1787025715199,0.001391,1246607.0,0.001392,5363670.0,0.0013915,7.186489399927531
1787025715538,0.001391,369644.0,0.001392,5363670.0,0.0013915,7.186489399927531
1787025715539,0.001391,250332.0,0.001392,5363670.0,0.0013915,7.186489399927531
1787025715540,0.001391,205661.0,0.001392,5553436.0,0.0013915,7.186489399927531
1787025715541,0.001391,197757.0,0.001392,5553436.0,0.0013915,7.186489399927531
1787025715542,0.001391,209615.0,0.001392,5694811.0,0.0013915,7.186489399927531
1787025715601,0.001391,209615.0,0.001392,5668624.0,0.0013915,7.186489399927531
1787025715603,0.001391,209615.0,0.001392,5858390.0,0.0013915,7.186489399927531
1787025715699,0.001391,209615.0,0.001392,5884572.0,0.0013915,7.186489399927531
1787025715719,0.001391,202707.0,0.001392,5884572.0,0.0013915,7.186489399927531
1787025715766,0.001391,246526.0,0.001392,5884572.0,0.0013915,7.186489399927531
1787025715830,0.001391,246526.0,0.001392,5972253.0,0.0013915,7.186489399927531
1787025715862,0.001391,246526.0,0.001392,6016092.0,0.0013915,7.186489399927531
1787025715979,0.001391,241543.0,0.001392,6016092.0,0.0013915,7.186489399927531
1787025716200,0.001391,241543.0,0.001392,6042071.0,0.0013915,7.186489399927531
1787025716299,0.001391,241543.0,0.001392,6016092.0,0.0013915,7.186489399927531
1787025716819,0.001391,234796.0,0.001392,6016092.0,0.0013915,7.186489399927531
1787025716862,0.001391,234796.0,0.001392,5972253.0,0.0013915,7.186489399927531
1787025717071,0.001391,229395.0,0.001392,5972253.0,0.0013915,7.186489399927531
1787025717093,0.001391,229395.0,0.001392,3736679.0,0.0013915,7.186489399927531
1787025717098,0.001391,1111304.0,0.001392,3736679.0,0.0013915,7.186489399927531
1787025717099,0.001391,1111304.0,0.001392,3595304.0,0.0013915,7.186489399927531
1787025717101,0.001391,1111304.0,0.001392,6569238.0,0.0013915,7.186489399927531
1787025717102,0.001391,1111304.0,0.001392,6557380.0,0.0013915,7.186489399927531
1787025717103,0.001391,1111304.0,0.001392,6569238.0,0.0013915,7.186489399927531
1787025717402,0.001391,1111304.0,0.001392,6543056.0,0.0013915,7.186489399927531
1787025717503,0.001391,1111304.0,0.001392,6568298.0,0.0013915,7.186489399927531
1787025717833,0.001391,1111304.0,0.001392,6480617.0,0.0013915,7.186489399927531
1787025718093,0.001391,1101083.0,0.001392,6480617.0,0.0013915,7.186489399927531
1787025719080,0.001391,741630.0,0.001392,6480617.0,0.0013915,7.186489399927531
1787025719082,0.001391,15812.0,0.001392,6480617.0,0.0013915,7.186489399927531
1787025719083,0.001391,3954.0,0.001392,7031726.0,0.0013915,7.186489399927531
1787025719199,0.001391,3954.0,0.001392,7057058.0,0.0013915,7.186489399927531
1787025719387,0.00139,2731691.0,0.001392,7057058.0,0.0013909999999999999,14.378145219267065
1787025719388,0.00139,2602414.0,0.001391,307515.0,0.0013905,7.191657677095526
1787025719389,0.00139,2726014.0,0.001391,307515.0,0.0013905,7.191657677095526
1787025719390,0.00139,1696798.0,0.001391,319382.0,0.0013905,7.191657677095526
1787025719391,0.00139,1696798.0,0.001391,367859.0,0.0013905,7.191657677095526
1787025719393,0.00139,1696798.0,0.001391,1130689.0,0.0013905,7.191657677095526
1787025719394,0.00139,1473931.0,0.001391,1378635.0,0.0013905,7.191657677095526
1787025719452,0.00139,1653872.0,0.001391,1378635.0,0.0013905,7.191657677095526
1787025719493,0.00139,1665739.0,0.001391,1390502.0,0.0013905,7.191657677095526
1787025719500,0.00139,1665739.0,0.001391,1415807.0,0.0013905,7.191657677095526
1787025719559,0.00139,1665739.0,0.001391,656931.0,0.0013905,7.191657677095526
1787025719566,0.00139,1582893.0,0.001391,656931.0,0.0013905,7.191657677095526
1787025719837,0.00139,1582893.0,0.001391,1477215.0,0.0013905,7.191657677095526
1787025719838,0.00139,1582893.0,0.001391,1465348.0,0.0013905,7.191657677095526
1787025719839,0.00139,1582893.0,0.001391,1477215.0,0.0013905,7.191657677095526
1787025719881,0.00139,1590767.0,0.001391,1477215.0,0.0013905,7.191657677095526
1787025719899,0.00139,1590767.0,0.001391,1451910.0,0.0013905,7.191657677095526
1787025720022,0.00139,1594724.0,0.001391,1451910.0,0.0013905,7.191657677095526
1787025720120,0.00139,1594724.0,0.001391,631626.0,0.0013905,7.191657677095526
1787025720131,0.00139,1594724.0,0.001391,607515.0,0.0013905,7.191657677095526
1787025720183,0.00139,1404399.0,0.001391,607515.0,0.0013905,7.191657677095526
1787025720343,0.00139,1404399.0,0.001391,246326.0,0.0013905,7.191657677095526
1787025720344,0.00139,1619256.0,0.001391,246326.0,0.0013905,7.191657677095526
1787025720345,0.00139,1619256.0,0.001391,1083444.0,0.0013905,7.191657677095526
1787025720347,0.00139,1619256.0,0.001391,298757.0,0.0013905,7.191657677095526
1787025720443,0.00139,1625469.0,0.001391,298757.0,0.0013905,7.191657677095526
1787025720452,0.00139,1620891.0,0.001391,298757.0,0.0013905,7.191657677095526
1787025720453,0.00139,1620891.0,0.001391,513614.0,0.0013905,7.191657677095526
1787025720463,0.00139,1615246.0,0.001391,513614.0,0.0013905,7.191657677095526
1787025720471,0.00139,1610851.0,0.001391,513614.0,0.0013905,7.191657677095526
1787025720518,0.00139,1395994.0,0.001391,513614.0,0.0013905,7.191657677095526
1787025720520,0.00139,1264770.0,0.001391,513614.0,0.0013905,7.191657677095526
1787025720527,0.00139,2097897.0,0.001391,513614.0,0.0013905,7.191657677095526
1787025720528,0.00139,2086030.0,0.001391,513614.0,0.0013905,7.191657677095526
1787025720537,0.00139,1869735.0,0.001391,513614.0,0.0013905,7.191657677095526
1787025720538,0.00139,1099924.0,0.001391,513614.0,0.0013905,7.191657677095526
1787025720565,0.00139,1076698.0,0.001391,1468325.0,0.0013905,7.191657677095526
1787025720566,0.00139,1076698.0,0.001391,1456458.0,0.0013905,7.191657677095526
1787025720568,0.00139,1076698.0,0.001391,501747.0,0.0013905,7.191657677095526
1787025720573,0.00139,1207742.0,0.001391,501747.0,0.0013905,7.191657677095526
1787025720575,0.00139,1219609.0,0.001391,513614.0,0.0013905,7.191657677095526
1787025720587,0.00139,1212726.0,0.001391,513614.0,0.0013905,7.191657677095526
1787025720598,0.00139,1277859.0,0.001391,513614.0,0.0013905,7.191657677095526
1787025720703,0.00139,1277859.0,0.001391,487946.0,0.0013905,7.191657677095526
1787025720759,0.00139,2050480.0,0.001391,487946.0,0.0013905,7.191657677095526
1787025720813,0.00139,2050480.0,0.001391,1357477.0,0.0013905,7.191657677095526
1787025720814,0.00139,2050480.0,0.001391,1357477.0,0.0013905,7.191657677095526
1787025720921,0.00139,2050480.0,0.001391,1368128.0,0.0013905,7.191657677095526
1787025721607,0.00139,2050480.0,0.001391,498597.0,0.0013905,7.191657677095526
1787025721608,0.00139,2310293.0,0.001391,498597.0,0.0013905,7.191657677095526
1787025721640,0.00139,2310293.0,0.001392,6042508.0,0.0013909999999999999,14.378145219267065
1787025721641,0.00139,2359568.0,0.001391,3954.0,0.0013905,7.191657677095526
1787025721642,0.00139,1345864.0,0.001391,3954.0,0.0013905,7.191657677095526
1787025721643,0.001391,434268.0,0.001392,5518221.0,0.0013915,7.186489399927531
1787025721644,0.001391,32478.0,0.001392,5376748.0,0.0013915,7.186489399927531
1787025721645,0.001391,36432.0,0.001392,5636561.0,0.0013915,7.186489399927531
1787025721655,0.001391,684909.0,0.001392,5636561.0,0.0013915,7.186489399927531
1787025721671,0.001391,84909.0,0.001392,5636561.0,0.0013915,7.186489399927531
1787025721672,0.001391,73565.0,0.001392,5636561.0,0.0013915,7.186489399927531
1787025721673,0.001391,25088.0,0.001392,5636561.0,0.0013915,7.186489399927531
1787025721696,0.001391,25088.0,0.001392,5778034.0,0.0013915,7.186489399927531
1787025721708,0.001391,25088.0,0.001392,5180522.0,0.0013915,7.186489399927531
1787025721718,0.001391,73565.0,0.001392,5180522.0,0.0013915,7.186489399927531
1787025721725,0.001391,68436.0,0.001392,5180522.0,0.0013915,7.186489399927531
1787025721801,0.001391,208123.0,0.001392,5180522.0,0.0013915,7.186489399927531
1787025721802,0.001391,219981.0,0.001392,5192380.0,0.0013915,7.186489399927531
1787025721853,0.001391,970517.0,0.001392,6044663.0,0.0013915,7.186489399927531
1787025721854,0.001391,958659.0,0.001392,6044663.0,0.0013915,7.186489399927531
1787025721858,0.001391,910182.0,0.001392,6044663.0,0.0013915,7.186489399927531
1787025721899,0.001391,770495.0,0.001392,6044663.0,0.0013915,7.186489399927531
1787025721913,0.001391,782353.0,0.001392,6044663.0,0.0013915,7.186489399927531
1787025722020,0.001391,782353.0,0.001392,5961874.0,0.0013915,7.186489399927531
1787025722300,0.001391,789539.0,0.001392,5961874.0,0.0013915,7.186489399927531
1787025722302,0.001391,838016.0,0.001392,5961874.0,0.0013915,7.186489399927531
1787025722322,0.001391,876651.0,0.001392,5961874.0,0.0013915,7.186489399927531
1787025722480,0.001391,876651.0,0.001392,5925929.0,0.0013915,7.186489399927531
1787025722481,0.001391,1056551.0,0.001392,5925929.0,0.0013915,7.186489399927531
1787025722482,0.001391,1056551.0,0.001392,5784456.0,0.0013915,7.186489399927531
1787025722566,0.001391,1187595.0,0.001392,5784456.0,0.0013915,7.186489399927531
1787025722581,0.001391,1187595.0,0.001392,5788408.0,0.0013915,7.186489399927531
1787025722598,0.001391,1447408.0,0.001392,4936125.0,0.0013915,7.186489399927531
1787025722599,0.001392,282480.0,0.001393,4901832.0,0.0013925,7.181328545780365
1787025722600,0.001392,400068.0,0.001393,5044934.0,0.0013925,7.181328545780365
1787025722601,0.001392,1234646.0,0.001393,3801641.0,0.0013925,7.181328545780365
1787025722602,0.001392,1238598.0,0.001393,3801641.0,0.0013925,7.181328545780365
1787025722604,0.001392,1498411.0,0.001393,3660168.0,0.0013925,7.181328545780365
1787025722605,0.001392,1098343.0,0.001393,3656218.0,0.0013925,7.181328545780365
1787025722612,0.001392,1098343.0,0.001393,3430772.0,0.0013925,7.181328545780365
1787025722614,0.001392,1098343.0,0.001393,2564399.0,0.0013925,7.181328545780365
1787025722617,0.001392,1098343.0,0.001393,2422101.0,0.0013925,7.181328545780365
1787025722651,0.001392,1094017.0,0.001393,2422101.0,0.0013925,7.181328545780365
1787025722652,0.001392,1090334.0,0.001393,2422101.0,0.0013925,7.181328545780365
1787025722658,0.001392,530423.0,0.001393,2422101.0,0.0013925,7.181328545780365
1787025722723,0.001392,786104.0,0.001393,2422101.0,0.0013925,7.181328545780365
1787025722734,0.001392,530423.0,0.001393,2422101.0,0.0013925,7.181328545780365
1787025722778,0.001392,542273.0,0.001393,2433951.0,0.0013925,7.181328545780365
1787025722808,0.001392,1222542.0,0.001393,2433951.0,0.0013925,7.181328545780365
1787025722809,0.001392,1210692.0,0.001393,3311221.0,0.0013925,7.181328545780365
1787025722879,0.001392,1390462.0,0.001393,3311221.0,0.0013925,7.181328545780365
1787025722880,0.001392,1402312.0,0.001393,3311221.0,0.0013925,7.181328545780365
1787025722897,0.001392,1410186.0,0.001393,3311221.0,0.0013925,7.181328545780365
1787025723137,0.001392,1864229.0,0.001393,2433951.0,0.0013925,7.181328545780365
1787025723138,0.001392,1864229.0,0.001393,2289989.0,0.0013925,7.181328545780365
1787025723139,0.001393,798574.0,0.001394,2069383.0,0.0013935,7.17617509867336
1787025723140,0.001393,710404.0,0.001394,1204620.0,0.0013935,7.17617509867336
1787025723141,0.001393,758881.0,0.001394,1204620.0,0.0013935,7.17617509867336
1787025723207,0.001393,758881.0,0.001394,979174.0,0.0013935,7.17617509867336
1787025723208,0.001393,1031698.0,0.001394,979174.0,0.0013935,7.17617509867336
1787025723212,0.001393,1497524.0,0.001394,640884.0,0.0013935,7.17617509867336
1787025723213,0.001393,1497524.0,0.001394,282577.0,0.0013935,7.17617509867336
1787025723229,0.001393,1497524.0,0.001394,331054.0,0.0013935,7.17617509867336
1787025723241,0.001393,1677165.0,0.001394,331054.0,0.0013935,7.17617509867336
1787025723254,0.001393,1677165.0,0.001394,279313.0,0.0013935,7.17617509867336
1787025723256,0.001393,1677165.0,0.001394,171671.0,0.0013935,7.17617509867336
1787025723257,0.001394,424393.0,0.001395,3052800.0,0.0013945,7.171029042667021
1787025723258,0.001394,424393.0,0.001395,1702907.0,0.0013945,7.171029042667021
1787025723259,0.001394,719891.0,0.001395,1473691.0,0.0013945,7.171029042667021
1787025723260,0.001394,768368.0,0.001395,1189095.0,0.0013945,7.171029042667021
1787025723261,0.001394,687727.0,0.001395,1189095.0,0.0013945,7.171029042667021
1787025723339,0.001394,1364256.0,0.001395,2025944.0,0.0013945,7.171029042667021
1787025723355,0.001394,1402891.0,0.001395,2025944.0,0.0013945,7.171029042667021
1787025723376,0.001394,1402891.0,0.001395,2021985.0,0.0013945,7.171029042667021
1787025723379,0.001394,726362.0,0.001395,2021985.0,0.0013945,7.171029042667021
1787025723388,0.001394,738195.0,0.001395,2033818.0,0.0013945,7.171029042667021
1787025723430,0.001394,742137.0,0.001395,2033818.0,0.0013945,7.171029042667021
1787025723444,0.001394,738138.0,0.001395,2033818.0,0.0013945,7.171029042667021
1787025723542,0.001394,742084.0,0.001395,2033818.0,0.0013945,7.171029042667021
1787025723563,0.001394,873128.0,0.001395,2033818.0,0.0013945,7.171029042667021
1787025723580,0.001394,1576980.0,0.001395,2033818.0,0.0013945,7.171029042667021
1787025723581,0.001394,1576980.0,0.001395,2033818.0,0.0013945,7.171029042667021
1787025723659,0.001394,1756493.0,0.001395,2033818.0,0.0013945,7.171029042667021
1787025723661,0.001394,1747025.0,0.001395,2033818.0,0.0013945,7.171029042667021
1787025724517,0.001394,2019842.0,0.001395,2033818.0,0.0013945,7.171029042667021
1787025724518,0.001394,2019842.0,0.001395,1808372.0,0.0013945,7.171029042667021
1787025724597,0.001394,2015714.0,0.001395,1808372.0,0.0013945,7.171029042667021
1787025724665,0.001394,2011418.0,0.001395,1808372.0,0.0013945,7.171029042667021
1787025724904,0.001394,2019292.0,0.001395,1808372.0,0.0013945,7.171029042667021
1787025725054,0.001394,1940208.0,0.001395,1808372.0,0.0013945,7.171029042667021
1787025725058,0.001394,1940208.0,0.001395,1844214.0,0.0013945,7.171029042667021
1787025725071,0.001394,1940208.0,0.001395,1643662.0,0.0013945,7.171029042667021
1787025725079,0.001394,1935916.0,0.001395,1643662.0,0.0013945,7.171029042667021
1787025725146,0.001394,1935916.0,0.001395,1679504.0,0.0013945,7.171029042667021
1787025725432,0.001394,1935916.0,0.001395,1643662.0,0.0013945,7.171029042667021
1787025725687,0.001394,1935916.0,0.001395,1607820.0,0.0013945,7.171029042667021
1787025726086,0.001394,1935916.0,0.001395,1755543.0,0.0013945,7.171029042667021
1787025726113,0.001394,1929304.0,0.001395,1755543.0,0.0013945,7.171029042667021
1787025726294,0.001394,1929304.0,0.001395,1660628.0,0.0013945,7.171029042667021
1787025726297,0.001394,1929304.0,0.001395,823779.0,0.0013945,7.171029042667021
1787025726299,0.001394,1929304.0,0.001395,533966.0,0.0013945,7.171029042667021
1787025726301,0.001394,1929304.0,0.001395,456007.0,0.0013945,7.171029042667021
1787025726460,0.001394,1929304.0,0.001395,473220.0,0.0013945,7.171029042667021
1787025726461,0.001394,1929304.0,0.001395,461387.0,0.0013945,7.171029042667021
1787025726463,0.001394,1929304.0,0.001395,473220.0,0.0013945,7.171029042667021
1787025726466,0.001394,1929304.0,0.001395,618074.0,0.0013945,7.171029042667021
1787025726494,0.001394,1929304.0,0.001395,1604019.0,0.0013945,7.171029042667021
1787025726495,0.001394,1929304.0,0.001395,1592186.0,0.0013945,7.171029042667021
1787025726598,0.001394,1929304.0,0.001395,2340367.0,0.0013945,7.171029042667021
1787025726600,0.001394,1929304.0,0.001395,2352200.0,0.0013945,7.171029042667021
1787025726698,0.001394,1929304.0,0.001395,2289236.0,0.0013945,7.171029042667021
1787025726700,0.001394,1929304.0,0.001395,1541055.0,0.0013945,7.171029042667021
1787025726705,0.001394,1929304.0,0.001395,1435962.0,0.0013945,7.171029042667021
1787025726710,0.001394,2440675.0,0.001395,1435962.0,0.0013945,7.171029042667021
1787025726711,0.001394,2440675.0,0.001395,1339008.0,0.0013945,7.171029042667021
1787025727053,0.001394,2440675.0,0.001395,2075853.0,0.0013945,7.171029042667021
1787025727081,0.001394,2436122.0,0.001395,2075853.0,0.0013945,7.171029042667021
1787025727098,0.001394,2579694.0,0.001395,2075853.0,0.0013945,7.171029042667021
1787025727483,0.001394,2579694.0,0.001395,2079617.0,0.0013945,7.171029042667021
1787025727826,0.001394,2579694.0,0.001395,1342772.0,0.0013945,7.171029042667021
1787025727827,0.001394,2579694.0,0.001395,1330939.0,0.0013945,7.171029042667021
1787025727854,0.001394,2579694.0,0.001395,1342772.0,0.0013945,7.171029042667021
1787025728095,0.001394,2579694.0,0.001395,1338168.0,0.0013945,7.171029042667021
1787025728096,0.001394,2808910.0,0.001395,1319090.0,0.0013945,7.171029042667021
1787025728097,0.001394,2579694.0,0.001395,1319090.0,0.0013945,7.171029042667021
1787025728098,0.001394,2567861.0,0.001395,1261743.0,0.0013945,7.171029042667021
1787025728099,0.001394,2579694.0,0.001395,1261743.0,0.0013945,7.171029042667021
1787025728123,0.001394,2570212.0,0.001395,1261743.0,0.0013945,7.171029042667021
1787025728127,0.001394,2570212.0,0.001395,1385906.0,0.0013945,7.171029042667021
1787025728140,0.001394,2607889.0,0.001395,1385906.0,0.0013945,7.171029042667021
1787025728403,0.001394,3377160.0,0.001395,1385906.0,0.0013945,7.171029042667021
1787025728404,0.001394,2974984.0,0.001395,1385906.0,0.0013945,7.171029042667021
1787025728406,0.001394,2974984.0,0.001395,1242176.0,0.0013945,7.171029042667021
1787025728438,0.001394,2974984.0,0.001395,1387030.0,0.0013945,7.171029042667021
1787025728536,0.001394,2607889.0,0.001395,1387030.0,0.0013945,7.171029042667021
1787025728538,0.001394,2607889.0,0.001395,2243971.0,0.0013945,7.171029042667021
1787025728539,0.001394,2607889.0,0.001395,2243971.0,0.0013945,7.171029042667021
1787025728655,0.001394,2607889.0,0.001395,1387030.0,0.0013945,7.171029042667021
1787025728720,0.001394,2588426.0,0.001395,1387030.0,0.0013945,7.171029042667021
1787025728761,0.001394,2588426.0,0.001395,1470213.0,0.0013945,7.171029042667021
1787025728872,0.001394,2588426.0,0.001395,2222734.0,0.0013945,7.171029042667021
1787025729145,0.001394,2568049.0,0.001395,2222734.0,0.0013945,7.171029042667021
1787025729329,0.001394,2563858.0,0.001395,2222734.0,0.0013945,7.171029042667021
1787025729447,0.001394,2563858.0,0.001395,2338509.0,0.0013945,7.171029042667021
1787025729850,0.001394,2563858.0,0.001395,2355078.0,0.0013945,7.171029042667021
1787025729872,0.001394,2545832.0,0.001395,2355078.0,0.0013945,7.171029042667021
1787025730567,0.001394,2537583.0,0.001395,2355078.0,0.0013945,7.171029042667021
1787025730798,0.001394,2537583.0,0.001395,2362249.0,0.0013945,7.171029042667021
1787025731147,0.001394,2537583.0,0.001395,2435166.0,0.0013945,7.171029042667021
1787025731299,0.001394,2537583.0,0.001395,2427995.0,0.0013945,7.171029042667021
1787025731636,0.001394,2522780.0,0.001395,2427995.0,0.0013945,7.171029042667021
1787025731663,0.001394,2518578.0,0.001395,2427995.0,0.0013945,7.171029042667021
1787025731798,0.001394,2518578.0,0.001395,2435166.0,0.0013945,7.171029042667021
1787025732156,0.001394,2518578.0,0.001395,2550941.0,0.0013945,7.171029042667021
1787025732158,0.001393,3860273.0,0.001395,2780157.0,0.0013939999999999998,14.347202295552718
1787025732159,0.001394,3946.0,0.001395,4814369.0,0.0013945,7.171029042667021
1787025732160,0.001393,3630952.0,0.001394,311226.0,0.0013935,7.17617509867336
1787025732161,0.001393,2058342.0,0.001394,579304.0,0.0013935,7.17617509867336
1787025732162,0.001393,1829126.0,0.001394,684571.0,0.0013935,7.17617509867336
1787025732163,0.001393,1829126.0,0.001394,604423.0,0.0013935,7.17617509867336
1787025732164,0.001393,1829126.0,0.001394,645490.0,0.0013935,7.17617509867336
1787025732167,0.001393,1106980.0,0.001394,645490.0,0.0013935,7.17617509867336
1787025732168,0.001393,1106980.0,0.001394,596990.0,0.0013935,7.17617509867336
1787025732296,0.001393,1106980.0,0.001394,604166.0,0.0013935,7.17617509867336
1787025732332,0.001393,1118821.0,0.001394,604166.0,0.0013935,7.17617509867336
1787025732362,0.001393,1067080.0,0.001394,604166.0,0.0013935,7.17617509867336
1787025732363,0.001393,1067080.0,0.001394,1394707.0,0.0013935,7.17617509867336
1787025732365,0.001393,1137416.0,0.001394,1394707.0,0.0013935,7.17617509867336
1787025732375,0.001393,1133466.0,0.001394,1394707.0,0.0013935,7.17617509867336
1787025732376,0.001393,1133466.0,0.001394,1406548.0,0.0013935,7.17617509867336
1787025732398,0.001393,1133466.0,0.001394,8420680.0,0.0013935,7.17617509867336
1787025732399,0.001393,918609.0,0.001394,8408839.0,0.0013935,7.17617509867336
1787025732400,0.001392,1410411.0,0.001393,23424.0,0.0013925,7.181328545780365
1787025732401,0.001392,1399003.0,0.001393,887290.0,0.0013925,7.181328545780365
1787025732402,0.001392,586484.0,0.001393,856706.0,0.0013925,7.181328545780365
1787025732403,0.001392,586484.0,0.001393,905183.0,0.0013925,7.181328545780365
1787025732408,0.001392,586484.0,0.001393,833353.0,0.0013925,7.181328545780365
1787025732409,0.001392,1186484.0,0.001393,833353.0,0.0013925,7.181328545780365
1787025732411,0.001392,1186484.0,0.001393,464423.0,0.0013925,7.181328545780365
1787025732413,0.001392,1186484.0,0.001393,392593.0,0.0013925,7.181328545780365
1787025732414,0.001392,586484.0,0.001393,320763.0,0.0013925,7.181328545780365
1787025732415,0.001392,1386484.0,0.001393,320763.0,0.0013925,7.181328545780365
1787025732470,0.001392,586484.0,0.001393,320763.0,0.0013925,7.181328545780365
1787025732491,0.001392,586484.0,0.001393,324853.0,0.0013925,7.181328545780365
1787025732494,0.001392,658323.0,0.001393,324853.0,0.0013925,7.181328545780365
1787025732533,0.001392,1458323.0,0.001393,324853.0,0.0013925,7.181328545780365
1787025732541,0.001392,658323.0,0.001393,324853.0,0.0013925,7.181328545780365
1787025732542,0.001392,670173.0,0.001393,324853.0,0.0013925,7.181328545780365
1787025732561,0.001392,849943.0,0.001393,324853.0,0.0013925,7.181328545780365
1787025732571,0.001392,849943.0,0.001393,336703.0,0.0013925,7.181328545780365
1787025732585,0.001392,857029.0,0.001393,336703.0,0.0013925,7.181328545780365
1787025732590,0.001392,851229.0,0.001393,336703.0,0.0013925,7.181328545780365
1787025732602,0.001392,862100.0,0.001393,336703.0,0.0013925,7.181328545780365
1787025732603,0.001392,862100.0,0.001393,1105949.0,0.0013925,7.181328545780365
1787025732604,0.001392,862100.0,0.001393,1380827.0,0.0013925,7.181328545780365
1787025732659,0.001392,862100.0,0.001393,1512773.0,0.0013925,7.181328545780365
1787025732686,0.001392,862100.0,0.001393,1524623.0,0.0013925,7.181328545780365
1787025732777,0.001392,790261.0,0.001393,1524623.0,0.0013925,7.181328545780365
1787025733102,0.001392,790261.0,0.001393,1528572.0,0.0013925,7.181328545780365
1787025733659,0.001392,738520.0,0.001393,1528572.0,0.0013925,7.181328545780365
1787025733713,0.001392,743520.0,0.001393,1528572.0,0.0013925,7.181328545780365
1787025733837,0.001392,737523.0,0.001393,1528572.0,0.0013925,7.181328545780365
1787025733859,0.001392,737523.0,0.001393,1565861.0,0.0013925,7.181328545780365
1787025733893,0.001392,701642.0,0.001393,1565861.0,0.0013925,7.181328545780365
1787025733903,0.001392,701642.0,0.001393,1636137.0,0.0013925,7.181328545780365
1787025733956,0.001392,688945.0,0.001393,1636137.0,0.0013925,7.181328545780365
1787025734194,0.001392,688945.0,0.001393,1768083.0,0.0013925,7.181328545780365
1787025734262,0.001392,688945.0,0.001393,1588743.0,0.0013925,7.181328545780365
1787025734264,0.001392,688945.0,0.001393,819497.0,0.0013925,7.181328545780365
1787025734670,0.001392,688945.0,0.001393,532769.0,0.0013925,7.181328545780365
1787025734702,0.001392,688945.0,0.001393,1360928.0,0.0013925,7.181328545780365
1787025734705,0.001392,688945.0,0.001393,1349078.0,0.0013925,7.181328545780365
1787025734711,0.001392,688945.0,0.001393,520919.0,0.0013925,7.181328545780365
1787025734797,0.001393,244782.0,0.001394,8696873.0,0.0013935,7.17617509867336
1787025734798,0.001393,244782.0,0.001394,8467657.0,0.0013935,7.17617509867336
1787025734799,0.001393,248731.0,0.001394,8326573.0,0.0013935,7.17617509867336
1787025734802,0.001393,272651.0,0.001394,8326573.0,0.0013935,7.17617509867336
1787025734803,0.001393,473374.0,0.001394,8326573.0,0.0013935,7.17617509867336
1787025734806,0.001393,473374.0,0.001394,8322628.0,0.0013935,7.17617509867336
1787025734807,0.001393,252512.0,0.001394,8129514.0,0.0013935,7.17617509867336
1787025734814,0.001393,257512.0,0.001394,8129514.0,0.0013935,7.17617509867336
1787025734815,0.001393,233592.0,0.001394,8129514.0,0.0013935,7.17617509867336
1787025734830,0.001393,188590.0,0.001394,8129514.0,0.0013935,7.17617509867336
1787025734834,0.001393,188590.0,0.001394,8270792.0,0.0013935,7.17617509867336
1787025734836,0.001393,16688.0,0.001394,8270792.0,0.0013935,7.17617509867336
1787025734837,0.001392,1756512.0,0.001393,31789.0,0.0013925,7.181328545780365
1787025734838,0.001392,1756512.0,0.001393,421207.0,0.0013925,7.181328545780365
1787025734839,0.001392,1756511.0,0.001393,421207.0,0.0013925,7.181328545780365
1787025734840,0.001392,1756511.0,0.001393,802977.0,0.0013925,7.181328545780365
1787025734841,0.001392,1756511.0,0.001393,819665.0,0.0013925,7.181328545780365
1787025734844,0.001392,1752561.0,0.001393,819665.0,0.0013925,7.181328545780365
1787025734845,0.001392,1752561.0,0.001393,1203679.0,0.0013925,7.181328545780365
1787025734846,0.001392,1680722.0,0.001393,1203679.0,0.0013925,7.181328545780365
1787025734847,0.001392,880722.0,0.001393,1203679.0,0.0013925,7.181328545780365
1787025734849,0.001392,868881.0,0.001393,1203679.0,0.0013925,7.181328545780365
1787025734851,0.001392,868881.0,0.001393,1490407.0,0.0013925,7.181328545780365
1787025734854,0.001392,797042.0,0.001393,1867455.0,0.0013925,7.181328545780365
1787025734857,0.001392,797042.0,0.001393,1490407.0,0.0013925,7.181328545780365
1787025734859,0.001392,793380.0,0.001393,1134640.0,0.0013925,7.181328545780365
1787025734866,0.001392,793380.0,0.001393,752870.0,0.0013925,7.181328545780365
1787025734868,0.001392,793380.0,0.001393,368856.0,0.0013925,7.181328545780365
1787025734874,0.001392,564164.0,0.001393,368856.0,0.0013925,7.181328545780365
1787025734877,0.001392,492325.0,0.001393,368856.0,0.0013925,7.181328545780365
1787025734883,0.001392,540802.0,0.001393,368856.0,0.0013925,7.181328545780365
1787025734890,0.001392,540802.0,0.001393,345973.0,0.0013925,7.181328545780365
1787025734902,0.001392,540802.0,0.001393,1122888.0,0.0013925,7.181328545780365
1787025734941,0.001392,536437.0,0.001393,1122888.0,0.0013925,7.181328545780365
1787025734954,0.001392,548287.0,0.001393,1122888.0,0.0013925,7.181328545780365
1787025734969,0.001392,548287.0,0.001393,1134738.0,0.0013925,7.181328545780365
1787025735228,0.001392,548287.0,0.001393,1269553.0,0.0013925,7.181328545780365
1787025735232,0.001392,548287.0,0.001393,1412874.0,0.0013925,7.181328545780365
1787025735562,0.001392,548287.0,0.001393,1537037.0,0.0013925,7.181328545780365
1787025735737,0.001392,548287.0,0.001393,1540986.0,0.0013925,7.181328545780365
1787025735879,0.001392,728057.0,0.001393,1540986.0,0.0013925,7.181328545780365
1787025736151,0.001392,723571.0,0.001393,1540986.0,0.0013925,7.181328545780365
1787025736618,0.001392,752261.0,0.001393,764071.0,0.0013925,7.181328545780365
1787025736619,0.001392,768655.0,0.001393,752221.0,0.0013925,7.181328545780365
1787025736620,0.001392,787167.0,0.001393,752221.0,0.0013925,7.181328545780365
1787025736624,0.001392,801368.0,0.001393,752221.0,0.0013925,7.181328545780365
1787025736625,0.001392,841428.0,0.001393,752221.0,0.0013925,7.181328545780365
1787025736657,0.001392,795063.0,0.001393,752221.0,0.0013925,7.181328545780365
1787025736821,0.001392,795063.0,0.001393,1630277.0,0.0013925,7.181328545780365
1787025736822,0.001392,795063.0,0.001393,1642127.0,0.0013925,7.181328545780365
1787025736839,0.001392,821078.0,0.001393,1642127.0,0.0013925,7.181328545780365
1787025736957,0.001392,821078.0,0.001393,1647127.0,0.0013925,7.181328545780365
1787025737144,0.001392,821078.0,0.001393,1663859.0,0.0013925,7.181328545780365
1787025737327,0.001392,811048.0,0.001393,1663859.0,0.0013925,7.181328545780365
1787025737338,0.001392,806917.0,0.001393,1663859.0,0.0013925,7.181328545780365
1787025737494,0.001392,806917.0,0.001393,1830226.0,0.0013925,7.181328545780365
1787025737557,0.001392,806917.0,0.001393,1838231.0,0.0013925,7.181328545780365
1787025738023,0.001392,548405.0,0.001393,1838231.0,0.0013925,7.181328545780365
1787025738024,0.001392,540507.0,0.001393,1838231.0,0.0013925,7.181328545780365
1787025738026,0.001392,541486.0,0.001393,1838231.0,0.0013925,7.181328545780365
1787025738029,0.001392,762348.0,0.001393,1838231.0,0.0013925,7.181328545780365
1787025738238,0.001392,774827.0,0.001393,1838231.0,0.0013925,7.181328545780365
1787025738453,0.001392,770213.0,0.001393,1838231.0,0.0013925,7.181328545780365
1787025738520,0.001392,770213.0,0.001393,1985954.0,0.0013925,7.181328545780365
1787025738801,0.001392,770213.0,0.001393,1993135.0,0.0013925,7.181328545780365
1787025739283,0.001392,770213.0,0.001393,2159502.0,0.0013925,7.181328545780365
1787025739611,0.001392,760569.0,0.001393,2159502.0,0.0013925,7.181328545780365
1787025739615,0.001392,748090.0,0.001393,2159502.0,0.0013925,7.181328545780365
1787025739616,0.001392,410660.0,0.001393,2159502.0,0.0013925,7.181328545780365
1787025739617,0.001392,350333.0,0.001393,2159502.0,0.0013925,7.181328545780365
1787025739618,0.001392,321643.0,0.001393,2159502.0,0.0013925,7.181328545780365
1787025739795,0.001392,321643.0,0.001393,2152321.0,0.0013925,7.181328545780365
1787025739823,0.001392,333493.0,0.001393,2152321.0,0.0013925,7.181328545780365
1787025740016,0.001392,333493.0,0.001393,2169053.0,0.0013925,7.181328545780365
1787025740033,0.001392,333496.0,0.001393,2169053.0,0.0013925,7.181328545780365
1787025740064,0.001392,345531.0,0.001393,2169053.0,0.0013925,7.181328545780365
1787025740447,0.001392,333496.0,0.001393,2169053.0,0.0013925,7.181328545780365
1787025740649,0.001392,345787.0,0.001393,2169053.0,0.0013925,7.181328545780365
1787025740652,0.001392,394264.0,0.001393,2169053.0,0.0013925,7.181328545780365
1787025740799,0.001392,394264.0,0.001393,2176234.0,0.0013925,7.181328545780365
1787025740827,0.001392,390287.0,0.001393,2176234.0,0.0013925,7.181328545780365
1787025740828,0.001392,390287.0,0.001393,3467339.0,0.0013925,7.181328545780365
1787025740829,0.001392,390287.0,0.001393,2176234.0,0.0013925,7.181328545780365
1787025740830,0.001392,341810.0,0.001393,2176234.0,0.0013925,7.181328545780365
1787025741449,0.001392,560659.0,0.001393,2176234.0,0.0013925,7.181328545780365
1787025741450,0.001392,560659.0,0.001393,2176234.0,0.0013925,7.181328545780365
1787025741451,0.001392,609136.0,0.001393,2176234.0,0.0013925,7.181328545780365
1787025741465,0.001392,609136.0,0.001393,2586132.0,0.0013925,7.181328545780365
1787025741503,0.001392,609136.0,0.001393,2589901.0,0.0013925,7.181328545780365
1787025742056,0.001392,604778.0,0.001393,2589901.0,0.0013925,7.181328545780365
1787025742057,0.001392,604778.0,0.001393,3942184.0,0.0013925,7.181328545780365
1787025742058,0.001392,604778.0,0.001393,2589901.0,0.0013925,7.181328545780365
1787025742059,0.001392,556301.0,0.001393,2589901.0,0.0013925,7.181328545780365
1787025742060,0.001392,556301.0,0.001393,2589901.0,0.0013925,7.181328545780365
1787025742100,0.001392,551727.0,0.001393,2589901.0,0.0013925,7.181328545780365
1787025742122,0.001392,551727.0,0.001393,2569098.0,0.0013925,7.181328545780365
1787025742296,0.001392,551727.0,0.001393,2561917.0,0.0013925,7.181328545780365
1787025743185,0.001392,546725.0,0.001393,2561917.0,0.0013925,7.181328545780365
1787025743290,0.001392,474575.0,0.001393,2561917.0,0.0013925,7.181328545780365
1787025743293,0.001392,523052.0,0.001393,2561917.0,0.0013925,7.181328545780365
1787025743316,0.001392,528940.0,0.001393,2561917.0,0.0013925,7.181328545780365
1787025743591,0.001392,535800.0,0.001393,2561917.0,0.0013925,7.181328545780365
1787025743669,0.001392,503788.0,0.001393,2561917.0,0.0013925,7.181328545780365
1787025743670,0.001392,423352.0,0.001393,2561917.0,0.0013925,7.181328545780365
1787025743672,0.001392,374875.0,0.001393,2561917.0,0.0013925,7.181328545780365
1787025743725,0.001392,374875.0,0.001393,2556173.0,0.0013925,7.181328545780365
1787025743726,0.001392,423352.0,0.001393,2556173.0,0.0013925,7.181328545780365
1787025743823,0.001391,3162547.0,0.001392,1008287.0,0.0013915,7.186489399927531
1787025743824,0.001391,1456949.0,0.001392,1042486.0,0.0013915,7.186489399927531
1787025743825,0.001391,1456949.0,0.001392,1947708.0,0.0013915,7.186489399927531
1787025743826,0.001391,1358974.0,0.001392,1130825.0,0.0013915,7.186489399927531
1787025743827,0.001391,1358974.0,0.001392,1417553.0,0.0013915,7.186489399927531
1787025743828,0.001391,1358974.0,0.001392,1410729.0,0.0013915,7.186489399927531
1787025743830,0.001391,641204.0,0.001392,1410729.0,0.0013915,7.186489399927531
1787025743841,0.001391,641204.0,0.001392,1415729.0,0.0013915,7.186489399927531
1787025743855,0.001391,641261.0,0.001392,1415730.0,0.0013915,7.186489399927531
1787025743899,0.001391,641261.0,0.001392,1428427.0,0.0013915,7.186489399927531
1787025743906,0.001391,653119.0,0.001392,1428427.0,0.0013915,7.186489399927531
1787025743939,0.001391,653119.0,0.001392,1511610.0,0.0013915,7.186489399927531
1787025744028,0.001391,653119.0,0.001392,2416983.0,0.0013915,7.186489399927531
1787025744029,0.001391,653119.0,0.001392,2428841.0,0.0013915,7.186489399927531
1787025744110,0.001391,833021.0,0.001392,2428841.0,0.0013915,7.186489399927531
1787025744116,0.001391,833021.0,0.001392,2464431.0,0.0013915,7.186489399927531
1787025744339,0.001391,796958.0,0.001392,2464431.0,0.0013915,7.186489399927531
1787025744340,0.001391,800912.0,0.001392,2464431.0,0.0013915,7.186489399927531
1787025744413,0.001391,795279.0,0.001392,2464431.0,0.0013915,7.186489399927531
1787025744469,0.001391,795279.0,0.001392,2504418.0,0.0013915,7.186489399927531
1787025744497,0.001391,789333.0,0.001392,2504418.0,0.0013915,7.186489399927531
1787025744595,0.001391,737592.0,0.001392,2504418.0,0.0013915,7.186489399927531
1787025744596,0.001391,743284.0,0.001392,2504418.0,0.0013915,7.186489399927531
1787025745092,0.001391,743284.0,0.001392,2649272.0,0.0013915,7.186489399927531
1787025745125,0.001391,743284.0,0.001392,2773435.0,0.0013915,7.186489399927531
1787025745808,0.001391,732647.0,0.001392,2773435.0,0.0013915,7.186489399927531
1787025746000,0.001391,728965.0,0.001392,2773435.0,0.0013915,7.186489399927531
1787025746038,0.001391,728965.0,0.001392,2782208.0,0.0013915,7.186489399927531
1787025746386,0.001391,681037.0,0.001392,2782208.0,0.0013915,7.186489399927531
1787025746881,0.001391,681037.0,0.001392,2927062.0,0.0013915,7.186489399927531
1787025746975,0.001391,535061.0,0.001392,2927062.0,0.0013915,7.186489399927531
1787025746978,0.001391,478682.0,0.001392,2927062.0,0.0013915,7.186489399927531
1787025747003,0.001391,469290.0,0.001392,2927062.0,0.0013915,7.186489399927531
1787025747958,0.001391,464982.0,0.001392,2927062.0,0.0013915,7.186489399927531
1787025747985,0.001391,456209.0,0.001392,2927062.0,0.0013915,7.186489399927531
1787025748165,0.001391,791414.0,0.001392,1734961.0,0.0013915,7.186489399927531
1787025748166,0.001391,779556.0,0.001392,1734961.0,0.0013915,7.186489399927531
1787025748168,0.001391,779556.0,0.001392,1153116.0,0.0013915,7.186489399927531
1787025748169,0.001391,2246983.0,0.001392,250840.0,0.0013915,7.186489399927531
1787025748170,0.001391,2821795.0,0.001392,250840.0,0.0013915,7.186489399927531
1787025748171,0.001392,836465.0,0.001393,3178547.0,0.0013925,7.181328545780365
1787025748172,0.001392,655851.0,0.001393,1701575.0,0.0013925,7.181328545780365
1787025748173,0.001392,725319.0,0.001393,1690855.0,0.0013925,7.181328545780365
1787025748174,0.001392,1529271.0,0.001393,1690855.0,0.0013925,7.181328545780365
1787025748175,0.001392,1512448.0,0.001393,1475290.0,0.0013925,7.181328545780365
1787025748176,0.001392,1491457.0,0.001393,1475290.0,0.0013925,7.181328545780365
1787025748181,0.001392,1504650.0,0.001393,1475290.0,0.0013925,7.181328545780365
1787025748185,0.001392,1511753.0,0.001393,1475290.0,0.0013925,7.181328545780365
1787025748188,0.001392,1540443.0,0.001393,1475290.0,0.0013925,7.181328545780365
1787025748208,0.001392,1586133.0,0.001393,1475290.0,0.0013925,7.181328545780365
1787025748265,0.001392,1540443.0,0.001393,1475290.0,0.0013925,7.181328545780365
1787025748298,0.001392,1540443.0,0.001393,1482471.0,0.0013925,7.181328545780365
1787025748358,0.001392,1540443.0,0.001393,1478521.0,0.0013925,7.181328545780365
1787025748390,0.001392,1536253.0,0.001393,1478521.0,0.0013925,7.181328545780365
1787025748392,0.001392,736253.0,0.001393,1478521.0,0.0013925,7.181328545780365
1787025748394,0.001392,529254.0,0.001393,1490371.0,0.0013925,7.181328545780365
1787025748399,0.001392,480777.0,0.001393,1490371.0,0.0013925,7.181328545780365
1787025748408,0.001392,452087.0,0.001393,1490371.0,0.0013925,7.181328545780365
1787025748418,0.001392,452087.0,0.001393,2264263.0,0.0013925,7.181328545780365
1787025748419,0.001392,630387.0,0.001393,2264263.0,0.0013925,7.181328545780365
1787025748533,0.001392,326176.0,0.001393,2264263.0,0.0013925,7.181328545780365
1787025748534,0.001392,314326.0,0.001393,2264263.0,0.0013925,7.181328545780365
1787025748535,0.001392,326176.0,0.001393,2264263.0,0.0013925,7.181328545780365
1787025748548,0.001392,505948.0,0.001393,2264263.0,0.0013925,7.181328545780365
1787025748569,0.001392,505948.0,0.001393,2333797.0,0.0013925,7.181328545780365
1787025748578,0.001392,511640.0,0.001393,2333797.0,0.0013925,7.181328545780365
1787025748732,0.001392,503673.0,0.001393,2333797.0,0.0013925,7.181328545780365
1787025748797,0.001392,503673.0,0.001393,2326616.0,0.0013925,7.181328545780365
1787025748937,0.001392,503673.0,0.001393,2345076.0,0.0013925,7.181328545780365
1787025749017,0.001392,503673.0,0.001393,2083298.0,0.0013925,7.181328545780365
1787025749018,0.001392,726854.0,0.001393,2083298.0,0.0013925,7.181328545780365
1787025749019,0.001392,1526854.0,0.001393,2370026.0,0.0013925,7.181328545780365
1787025749020,0.001392,1526854.0,0.001393,2370026.0,0.0013925,7.181328545780365
1787025749028,0.001392,1555544.0,0.001393,2370026.0,0.0013925,7.181328545780365
1787025749237,0.001392,1548646.0,0.001393,2370026.0,0.0013925,7.181328545780365
1787025749238,0.001392,748646.0,0.001393,2370026.0,0.0013925,7.181328545780365
1787025749239,0.001392,1283155.0,0.001393,2370026.0,0.0013925,7.181328545780365
1787025749296,0.001392,1283155.0,0.001393,2377207.0,0.0013925,7.181328545780365
1787025749607,0.001392,1283155.0,0.001393,2412494.0,0.0013925,7.181328545780365
1787025749789,0.001392,1126352.0,0.001393,2412494.0,0.0013925,7.181328545780365
1787025749790,0.001392,1118454.0,0.001393,2412494.0,0.0013925,7.181328545780365
1787025749791,0.001392,595795.0,0.001393,2412494.0,0.0013925,7.181328545780365
1787025749793,0.001392,453137.0,0.001393,2412494.0,0.0013925,7.181328545780365
1787025749795,0.001392,501614.0,0.001393,2412494.0,0.0013925,7.181328545780365
1787025749800,0.001392,501614.0,0.001393,2405313.0,0.0013925,7.181328545780365
1787025749891,0.001392,1036123.0,0.001393,2405313.0,0.0013925,7.181328545780365
1787025749893,0.001392,1036123.0,0.001393,2405313.0,0.0013925,7.181328545780365
1787025750179,0.001392,1036123.0,0.001393,2415804.0,0.0013925,7.181328545780365
1787025750269,0.001392,1027145.0,0.001393,2415804.0,0.0013925,7.181328545780365
1787025750298,0.001392,1027145.0,0.001393,2422985.0,0.0013925,7.181328545780365
1787025750798,0.001392,1027145.0,0.001393,2415804.0,0.0013925,7.181328545780365
1787025750799,0.001392,1027145.0,0.001393,2403954.0,0.0013925,7.181328545780365
1787025750800,0.001392,1027145.0,0.001393,2415804.0,0.0013925,7.181328545780365
1787025751299,0.001392,1027145.0,0.001393,2422985.0,0.0013925,7.181328545780365
1787025751432,0.001392,961402.0,0.001393,2422985.0,0.0013925,7.181328545780365
1787025751459,0.001392,956371.0,0.001393,2422985.0,0.0013925,7.181328545780365
1787025751545,0.001392,907894.0,0.001393,2422985.0,0.0013925,7.181328545780365
1787025751799,0.001392,907894.0,0.001393,2415804.0,0.0013925,7.181328545780365
1787025752779,0.001392,902947.0,0.001393,2415804.0,0.0013925,7.181328545780365
1787025753058,0.001392,902947.0,0.001393,2451091.0,0.0013925,7.181328545780365
1787025753178,0.001392,902947.0,0.001393,9479737.0,0.0013925,7.181328545780365
1787025753179,0.001391,2850346.0,0.001392,413081.0,0.0013915,7.186489399927531
1787025753180,0.001391,2142699.0,0.001392,1722359.0,0.0013915,7.186489399927531
1787025753181,0.001391,675271.0,0.001392,1445575.0,0.0013915,7.186489399927531
1787025753182,0.001391,703961.0,0.001392,123405.0,0.0013915,7.186489399927531
1787025753183,0.001392,334886.0,0.001393,10787660.0,0.0013925,7.181328545780365
1787025753184,0.001392,427043.0,0.001393,8709200.0,0.0013925,7.181328545780365
1787025753185,0.001392,272019.0,0.001393,8476404.0,0.0013925,7.181328545780365
1787025753186,0.001392,300709.0,0.001393,8476404.0,0.0013925,7.181328545780365
1787025753187,0.001392,325266.0,0.001393,8464074.0,0.0013925,7.181328545780365
1787025753188,0.001392,275610.0,0.001393,8464074.0,0.0013925,7.181328545780365
1787025753189,0.001392,418268.0,0.001393,8464074.0,0.0013925,7.181328545780365
1787025753203,0.001392,369791.0,0.001393,8464074.0,0.0013925,7.181328545780365
1787025753413,0.001392,1056750.0,0.001393,8464074.0,0.0013925,7.181328545780365
1787025753414,0.001392,1068600.0,0.001393,9253722.0,0.0013925,7.181328545780365
1787025753575,0.001392,1073722.0,0.001393,9253722.0,0.0013925,7.181328545780365
1787025753780,0.001392,685188.0,0.001393,9253722.0,0.0013925,7.181328545780365
1787025753781,0.001392,196744.0,0.001393,9253722.0,0.0013925,7.181328545780365
1787025753782,0.001392,184894.0,0.001393,9253722.0,0.0013925,7.181328545780365
1787025753783,0.001392,148267.0,0.001393,9395000.0,0.0013925,7.181328545780365
1787025753892,0.001392,371448.0,0.001393,9395000.0,0.0013925,7.181328545780365
1787025753893,0.001392,359598.0,0.001393,9395000.0,0.0013925,7.181328545780365
1787025753947,0.001392,359598.0,0.001393,9394204.0,0.0013925,7.181328545780365
1787025753979,0.001392,371448.0,0.001393,9394204.0,0.0013925,7.181328545780365
1787025754043,0.001392,366460.0,0.001393,9394204.0,0.0013925,7.181328545780365
1787025754053,0.001392,1056637.0,0.001393,9394204.0,0.0013925,7.181328545780365
1787025754055,0.001392,1044787.0,0.001393,9394204.0,0.0013925,7.181328545780365
1787025754126,0.001392,1048739.0,0.001393,9394204.0,0.0013925,7.181328545780365
1787025754127,0.001392,1060589.0,0.001393,9394204.0,0.0013925,7.181328545780365
1787025754175,0.001392,1060589.0,0.001393,9430035.0,0.0013925,7.181328545780365
1787025754327,0.001392,1060589.0,0.001393,9465635.0,0.0013925,7.181328545780365
1787025754577,0.001392,1065199.0,0.001393,9465635.0,0.0013925,7.181328545780365
1787025755388,0.001392,1093929.0,0.001393,9465635.0,0.0013925,7.181328545780365
1787025755415,0.001392,1088375.0,0.001393,9465635.0,0.0013925,7.181328545780365
1787025755444,0.001392,1046847.0,0.001393,9465635.0,0.0013925,7.181328545780365
1787025755445,0.001392,962500.0,0.001393,9465635.0,0.0013925,7.181328545780365
1787025755879,0.001392,1142272.0,0.001393,9465635.0,0.0013925,7.181328545780365
1787025755881,0.001392,1190749.0,0.001393,9465635.0,0.0013925,7.181328545780365
1787025756753,0.001392,1180486.0,0.001393,9465635.0,0.0013925,7.181328545780365
1787025756765,0.001392,1180486.0,0.001393,9055737.0,0.0013925,7.181328545780365
1787025756785,0.001392,1180486.0,0.001393,9492813.0,0.0013925,7.181328545780365
1787025757010,0.001392,1283037.0,0.001393,9492813.0,0.0013925,7.181328545780365
1787025757099,0.001392,1374763.0,0.001393,9492813.0,0.0013925,7.181328545780365
1787025757791,0.001392,1365884.0,0.001393,9492813.0,0.0013925,7.181328545780365
1787025757906,0.001392,1365884.0,0.001393,8715015.0,0.0013925,7.181328545780365
1787025757909,0.001392,1667159.0,0.001393,8715015.0,0.0013925,7.181328545780365
1787025757910,0.001392,1667159.0,0.001393,8573737.0,0.0013925,7.181328545780365
1787025758131,0.001392,1661193.0,0.001393,8573737.0,0.0013925,7.181328545780365
1787025758176,0.001392,1661193.0,0.001393,9337051.0,0.0013925,7.181328545780365
1787025758269,0.001392,1628037.0,0.001393,9337051.0,0.0013925,7.181328545780365
1787025758299,0.001392,1635218.0,0.001393,9337051.0,0.0013925,7.181328545780365
1787025759276,0.001392,1626169.0,0.001393,9337051.0,0.0013925,7.181328545780365
1787025759569,0.001392,1626169.0,0.001393,9359669.0,0.0013925,7.181328545780365
1787025759798,0.001392,1618988.0,0.001393,9359669.0,0.0013925,7.181328545780365
1787025760676,0.001392,1618988.0,0.001393,9382104.0,0.0013925,7.181328545780365
1787025760703,0.001392,1611075.0,0.001393,9382104.0,0.0013925,7.181328545780365
1787025760708,0.001392,1562598.0,0.001393,9382104.0,0.0013925,7.181328545780365
1787025761003,0.001392,1562598.0,0.001393,9421548.0,0.0013925,7.181328545780365
1787025761116,0.001392,1544996.0,0.001393,9421548.0,0.0013925,7.181328545780365
1787025761250,0.001392,1538054.0,0.001393,9421548.0,0.0013925,7.181328545780365
1787025761300,0.001392,1531350.0,0.001393,9421548.0,0.0013925,7.181328545780365
1787025761892,0.001392,1579827.0,0.001393,9421548.0,0.0013925,7.181328545780365
1787025761894,0.001392,1567977.0,0.001393,9421548.0,0.0013925,7.181328545780365
1787025761895,0.001392,1579827.0,0.001393,9421548.0,0.0013925,7.181328545780365
1787025761921,0.001392,1573885.0,0.001393,9421548.0,0.0013925,7.181328545780365
1787025762985,0.001392,1564389.0,0.001393,9421548.0,0.0013925,7.181328545780365
1787025763098,0.001392,1655493.0,0.001393,9421548.0,0.0013925,7.181328545780365
1787025763296,0.001392,1662674.0,0.001393,9421548.0,0.0013925,7.181328545780365
1787025763781,0.001392,1662674.0,0.001393,9354283.0,0.0013925,7.181328545780365
1787025763782,0.001392,1662674.0,0.001393,9358232.0,0.0013925,7.181328545780365
1787025763787,0.001392,2411086.0,0.001393,9358232.0,0.0013925,7.181328545780365
1787025763788,0.001392,2411086.0,0.001393,8594918.0,0.0013925,7.181328545780365
1787025763798,0.001392,2403905.0,0.001393,8594918.0,0.0013925,7.181328545780365
1787025763900,0.001392,2543592.0,0.001393,8594918.0,0.0013925,7.181328545780365
1787025763927,0.001392,2533285.0,0.001393,8594918.0,0.0013925,7.181328545780365
1787025763998,0.001392,2533285.0,0.001393,9401173.0,0.0013925,7.181328545780365
1787025764004,0.001392,2393598.0,0.001393,9401173.0,0.0013925,7.181328545780365
1787025764300,0.001392,2400779.0,0.001393,9401173.0,0.0013925,7.181328545780365
1787025764398,0.001392,2405048.0,0.001393,9401173.0,0.0013925,7.181328545780365
1787025764877,0.001392,2405048.0,0.001393,9417742.0,0.0013925,7.181328545780365
1787025765123,0.001392,2400816.0,0.001393,9417742.0,0.0013925,7.181328545780365
1787025765297,0.001392,2393635.0,0.001393,9417742.0,0.0013925,7.181328545780365
1787025765797,0.001392,2400816.0,0.001393,9417742.0,0.0013925,7.181328545780365
1787025766039,0.001392,2440268.0,0.001393,9417742.0,0.0013925,7.181328545780365
1787025766100,0.001392,2579955.0,0.001393,9417742.0,0.0013925,7.181328545780365
1787025766163,0.001392,2575437.0,0.001393,9417742.0,0.0013925,7.181328545780365
1787025766256,0.001392,2565512.0,0.001393,9417742.0,0.0013925,7.181328545780365
1787025766500,0.001392,2425825.0,0.001393,9417742.0,0.0013925,7.181328545780365
1787025766546,0.001392,2425825.0,0.001393,9382142.0,0.0013925,7.181328545780365
1787025766684,0.001392,2401185.0,0.001393,9382142.0,0.0013925,7.181328545780365
1787025766686,0.001392,2379086.0,0.001393,9382142.0,0.0013925,7.181328545780365
1787025766773,0.001392,1472018.0,0.001393,9382142.0,0.0013925,7.181328545780365
1787025766774,0.001392,1088647.0,0.001393,9382142.0,0.0013925,7.181328545780365
1787025766775,0.001392,1100497.0,0.001393,9382142.0,0.0013925,7.181328545780365
1787025766776,0.001392,1129227.0,0.001393,9382142.0,0.0013925,7.181328545780365
1787025766796,0.001392,1122046.0,0.001393,9382142.0,0.0013925,7.181328545780365
1787025767037,0.001392,1082594.0,0.001393,9382142.0,0.0013925,7.181328545780365
1787025767097,0.001392,991490.0,0.001393,9382142.0,0.0013925,7.181328545780365
1787025767323,0.001392,986054.0,0.001393,9382142.0,0.0013925,7.181328545780365
1787025767398,0.001392,981785.0,0.001393,9382142.0,0.0013925,7.181328545780365
1787025767400,0.001392,1030262.0,0.001393,9382142.0,0.0013925,7.181328545780365
1787025767402,0.001392,1051198.0,0.001393,9382142.0,0.0013925,7.181328545780365
1787025767425,0.001392,1044625.0,0.001393,9382142.0,0.0013925,7.181328545780365
1787025767536,0.001392,296213.0,0.001393,9382142.0,0.0013925,7.181328545780365
1787025767538,0.001392,275277.0,0.001393,9523420.0,0.0013925,7.181328545780365
1787025767569,0.001392,279426.0,0.001393,9523420.0,0.0013925,7.181328545780365
1787025767879,0.001392,459198.0,0.001393,9523420.0,0.0013925,7.181328545780365
1787025767880,0.001392,447348.0,0.001393,9523420.0,0.0013925,7.181328545780365
1787025767881,0.001392,459198.0,0.001393,9523420.0,0.0013925,7.181328545780365
1787025768097,0.001392,367472.0,0.001393,9523420.0,0.0013925,7.181328545780365
1787025768145,0.001392,276930.0,0.001393,9523420.0,0.0013925,7.181328545780365
1787025768298,0.001392,276930.0,0.001393,9530601.0,0.0013925,7.181328545780365
1787025768448,0.001392,276930.0,0.001393,8930544.0,0.0013925,7.181328545780365
1787025768449,0.001392,725091.0,0.001393,8930544.0,0.0013925,7.181328545780365
1787025768450,0.001392,495875.0,0.001393,8930544.0,0.0013925,7.181328545780365
1787025768451,0.001392,517315.0,0.001393,8930544.0,0.0013925,7.181328545780365
1787025768703,0.001392,511975.0,0.001393,8930544.0,0.0013925,7.181328545780365
1787025768707,0.001392,515927.0,0.001393,8930544.0,0.0013925,7.181328545780365
1787025768796,0.001392,515927.0,0.001393,8923363.0,0.0013925,7.181328545780365
1787025768997,0.001392,515927.0,0.001393,8958963.0,0.0013925,7.181328545780365
1787025769079,0.001392,494073.0,0.001393,8958963.0,0.0013925,7.181328545780365
1787025769082,0.001392,445596.0,0.001393,8958963.0,0.0013925,7.181328545780365
1787025769084,0.001392,424156.0,0.001393,8958963.0,0.0013925,7.181328545780365
1787025769097,0.001392,424156.0,0.001393,8953358.0,0.0013925,7.181328545780365
1787025769098,0.001392,514828.0,0.001393,8953358.0,0.0013925,7.181328545780365
1787025769129,0.001391,1878510.0,0.001393,8953358.0,0.001392,14.367816091952815
1787025769130,0.001391,1445121.0,0.001392,348266.0,0.0013915,7.186489399927531
1787025769131,0.001391,1032250.0,0.001392,680074.0,0.0013915,7.186489399927531
1787025769132,0.001391,81157.0,0.001392,684026.0,0.0013915,7.186489399927531
1787025769133,0.001391,305120.0,0.001392,684026.0,0.0013915,7.186489399927531
1787025769134,0.001391,385870.0,0.001392,684026.0,0.0013915,7.186489399927531
1787025769157,0.001391,385870.0,0.001392,608200.0,0.0013915,7.186489399927531
1787025769159,0.001391,385871.0,0.001392,608202.0,0.0013915,7.186489399927531
1787025769177,0.001391,385871.0,0.001392,550975.0,0.0013915,7.186489399927531
1787025769178,0.001391,1185871.0,0.001392,320559.0,0.0013915,7.186489399927531
1787025769179,0.001391,1590457.0,0.001392,369036.0,0.0013915,7.186489399927531
1787025769185,0.001391,1509707.0,0.001392,369036.0,0.0013915,7.186489399927531
1787025769187,0.001391,1509707.0,0.001392,446623.0,0.0013915,7.186489399927531
1787025769197,0.001391,1509707.0,0.001392,670586.0,0.0013915,7.186489399927531
1787025769199,0.001391,709707.0,0.001392,670586.0,0.0013915,7.186489399927531
1787025769240,0.001391,721565.0,0.001392,682444.0,0.0013915,7.186489399927531
1787025769299,0.001391,741578.0,0.001392,1504432.0,0.0013915,7.186489399927531
1787025769300,0.001391,741578.0,0.001392,1492574.0,0.0013915,7.186489399927531
1787025769364,0.001391,737628.0,0.001392,1492574.0,0.0013915,7.186489399927531
1787025769365,0.001391,737628.0,0.001392,1504432.0,0.0013915,7.186489399927531
1787025769648,0.001391,741582.0,0.001392,1504432.0,0.0013915,7.186489399927531
1787025769649,0.001391,741582.0,0.001392,1426845.0,0.0013915,7.186489399927531
1787025769675,0.001391,735970.0,0.001392,1426845.0,0.0013915,7.186489399927531
1787025769795,0.001391,735970.0,0.001392,1202882.0,0.0013915,7.186489399927531
1787025769879,0.001391,915872.0,0.001392,1202882.0,0.0013915,7.186489399927531
1787025770173,0.001391,915872.0,0.001392,380894.0,0.0013915,7.186489399927531
1787025770298,0.001391,915872.0,0.001392,388080.0,0.0013915,7.186489399927531
1787025770374,0.001391,915872.0,0.001392,1168349.0,0.0013915,7.186489399927531
1787025770375,0.001391,915872.0,0.001392,1168349.0,0.0013915,7.186489399927531
1787025770959,0.001391,909526.0,0.001392,1168349.0,0.0013915,7.186489399927531
1787025771040,0.001391,909526.0,0.001392,1214850.0,0.0013915,7.186489399927531
1787025772072,0.001391,909526.0,0.001392,434581.0,0.0013915,7.186489399927531
1787025772169,0.001391,909526.0,0.001392,344922.0,0.0013915,7.186489399927531
1787025772170,0.001391,909526.0,0.001392,117976.0,0.0013915,7.186489399927531
1787025772174,0.001391,1657938.0,0.001392,117976.0,0.0013915,7.186489399927531
1787025772175,0.001391,1657938.0,0.001392,117976.0,0.0013915,7.186489399927531
1787025772177,0.001391,1657938.0,0.001392,244914.0,0.0013915,7.186489399927531
1787025772178,0.001391,1657938.0,0.001392,233056.0,0.0013915,7.186489399927531
1787025772197,0.001391,1650295.0,0.001392,233056.0,0.0013915,7.186489399927531
1787025772398,0.001391,1650295.0,0.001392,565751.0,0.0013915,7.186489399927531
1787025772399,0.001391,1650295.0,0.001392,577609.0,0.0013915,7.186489399927531
1787025772400,0.001391,1650295.0,0.001392,1404939.0,0.0013915,7.186489399927531
1787025772401,0.001391,1650295.0,0.001392,1393081.0,0.0013915,7.186489399927531
1787025772502,0.001391,147047.0,0.001392,1393081.0,0.0013915,7.186489399927531
1787025772503,0.00139,3715686.0,0.001391,10784.0,0.0013905,7.191657677095526
1787025772504,0.00139,3049621.0,0.001391,36609.0,0.0013905,7.191657677095526
1787025772505,0.00139,3076848.0,0.001391,503851.0,0.0013905,7.191657677095526
1787025772506,0.00139,3105578.0,0.001391,503851.0,0.0013905,7.191657677095526
1787025772507,0.00139,3105578.0,0.001391,478026.0,0.0013905,7.191657677095526
1787025772510,0.001391,21570.0,0.001392,4214011.0,0.0013915,7.186489399927531
1787025772511,0.001391,523722.0,0.001392,2162039.0,0.0013915,7.186489399927531
1787025772512,0.001391,317934.0,0.001392,2162039.0,0.0013915,7.186489399927531
1787025772514,0.001391,389825.0,0.001392,2162039.0,0.0013915,7.186489399927531
1787025772515,0.001391,365901.0,0.001392,2162039.0,0.0013915,7.186489399927531
1787025772519,0.001391,698596.0,0.001392,2162039.0,0.0013915,7.186489399927531
1787025772520,0.001391,698596.0,0.001392,2066149.0,0.0013915,7.186489399927531
1787025772521,0.001391,698596.0,0.001392,217960.0,0.0013915,7.186489399927531
1787025772522,0.001391,698596.0,0.001392,297500.0,0.0013915,7.186489399927531
1787025772523,0.001391,770487.0,0.001392,297500.0,0.0013915,7.186489399927531
1787025772528,0.001391,799217.0,0.001392,297500.0,0.0013915,7.186489399927531
1787025772569,0.001391,799217.0,0.001392,630195.0,0.0013915,7.186489399927531
1787025772570,0.001391,799217.0,0.001392,645398.0,0.0013915,7.186489399927531
1787025772659,0.001391,811075.0,0.001392,657256.0,0.0013915,7.186489399927531
1787025772778,0.001391,833554.0,0.001392,1559868.0,0.0013915,7.186489399927531
1787025772779,0.001391,833554.0,0.001392,1559868.0,0.0013915,7.186489399927531
1787025772803,0.001391,1552461.0,0.001392,1559868.0,0.0013915,7.186489399927531
1787025772879,0.001391,1732363.0,0.001392,1559868.0,0.0013915,7.186489399927531
1787025772880,0.001391,1732363.0,0.001392,1559868.0,0.0013915,7.186489399927531
1787025772881,0.001391,1732363.0,0.001392,1480328.0,0.0013915,7.186489399927531
1787025773027,0.001391,1732363.0,0.001392,1525562.0,0.0013915,7.186489399927531
1787025773298,0.001391,1732363.0,0.001392,1518376.0,0.0013915,7.186489399927531
1787025773321,0.001391,1728369.0,0.001392,1518376.0,0.0013915,7.186489399927531
1787025773383,0.001391,1728369.0,0.001392,1563610.0,0.0013915,7.186489399927531
1787025773430,0.001391,1732323.0,0.001392,1563610.0,0.0013915,7.186489399927531
1787025773432,0.001391,1732323.0,0.001392,1567562.0,0.0013915,7.186489399927531
1787025773639,0.001391,1715515.0,0.001392,1567562.0,0.0013915,7.186489399927531
1787025773798,0.001391,1715515.0,0.001392,1574748.0,0.0013915,7.186489399927531
1787025774377,0.001391,1701808.0,0.001392,1574748.0,0.0013915,7.186489399927531
1787025774487,0.001391,1695770.0,0.001392,1574748.0,0.0013915,7.186489399927531
1787025775066,0.001391,1695770.0,0.001392,1614192.0,0.0013915,7.186489399927531
1787025775261,0.001391,1695770.0,0.001392,1622262.0,0.0013915,7.186489399927531
1787025775613,0.001391,1692023.0,0.001392,1622262.0,0.0013915,7.186489399927531
1787025776094,0.001391,1692023.0,0.001392,1621204.0,0.0013915,7.186489399927531
1787025776123,0.001391,1692023.0,0.001392,1621205.0,0.0013915,7.186489399927531
1787025776298,0.001391,1692023.0,0.001392,1614019.0,0.0013915,7.186489399927531
1787025777098,0.001391,1782271.0,0.001392,1614019.0,0.0013915,7.186489399927531
1787025777125,0.001391,1776789.0,0.001392,1614019.0,0.0013915,7.186489399927531
1787025778373,0.001391,1771394.0,0.001392,1614019.0,0.0013915,7.186489399927531
1787025778379,0.001391,1748915.0,0.001392,1614019.0,0.0013915,7.186489399927531
1787025778485,0.001391,1416220.0,0.001392,1614019.0,0.0013915,7.186489399927531
1787025778513,0.001391,1344380.0,0.001392,1614019.0,0.0013915,7.186489399927531
1787025778518,0.001391,1225858.0,0.001392,1837982.0,0.0013915,7.186489399927531
1787025778528,0.001391,1197128.0,0.001392,1837982.0,0.0013915,7.186489399927531
1787025778799,0.001391,1197128.0,0.001392,1845168.0,0.0013915,7.186489399927531
1787025779000,0.001391,1193446.0,0.001392,1845168.0,0.0013915,7.186489399927531
1787025779098,0.001391,1103198.0,0.001392,1845168.0,0.0013915,7.186489399927531
1787025779127,0.001391,1103198.0,0.001392,1880768.0,0.0013915,7.186489399927531
1787025779191,0.001391,1103198.0,0.001392,1903386.0,0.0013915,7.186489399927531
1787025779717,0.001391,1103198.0,0.001392,1897639.0,0.0013915,7.186489399927531
1787025779727,0.001391,1093126.0,0.001392,1897639.0,0.0013915,7.186489399927531
1787025780007,0.001391,1021235.0,0.001392,1897639.0,0.0013915,7.186489399927531
1787025780100,0.001391,1021235.0,0.001392,1987597.0,0.0013915,7.186489399927531
1787025780466,0.001391,744509.0,0.001392,1987597.0,0.0013915,7.186489399927531
1787025780508,0.001391,729473.0,0.001392,1987597.0,0.0013915,7.186489399927531
1787025780509,0.001391,729473.0,0.001392,2457206.0,0.0013915,7.186489399927531
1787025780531,0.00139,3241630.0,0.001392,2457206.0,0.0013909999999999999,14.378145219267065
1787025780532,0.00139,3237676.0,0.001391,218095.0,0.0013905,7.191657677095526
1787025780533,0.00139,2742656.0,0.001391,1113649.0,0.0013905,7.191657677095526
1787025780534,0.00139,2461526.0,0.001391,1450298.0,0.0013905,7.191657677095526
1787025780535,0.00139,1548864.0,0.001391,1462165.0,0.0013905,7.191657677095526
1787025780576,0.00139,1630096.0,0.001391,1462165.0,0.0013905,7.191657677095526
1787025780596,0.00139,1564963.0,0.001391,1462165.0,0.0013905,7.191657677095526
1787025780700,0.00139,1564963.0,0.001391,1480147.0,0.0013905,7.191657677095526
1787025780800,0.00139,1564963.0,0.001391,1487338.0,0.0013905,7.191657677095526
1787025780807,0.00139,1564963.0,0.001391,1469356.0,0.0013905,7.191657677095526
1787025780830,0.00139,1556336.0,0.001391,1469356.0,0.0013905,7.191657677095526
1787025780831,0.00139,1341479.0,0.001391,1469356.0,0.0013905,7.191657677095526
1787025780835,0.001389,1033792.0,0.001391,1469356.0,0.0013900000000000002,14.388489208633441
1787025780836,0.001389,1071195.0,0.00139,270531.0,0.0013895000000000001,7.196833393306339
1787025780837,0.001389,381755.0,0.00139,1523081.0,0.0013895000000000001,7.196833393306339
1787025780838,0.001389,919568.0,0.00139,668743.0,0.0013895000000000001,7.196833393306339
1787025780839,0.001389,700534.0,0.00139,691585.0,0.0013895000000000001,7.196833393306339
1787025780840,0.001389,749011.0,0.00139,691585.0,0.0013895000000000001,7.196833393306339
1787025780842,0.001389,749011.0,0.00139,648405.0,0.0013895000000000001,7.196833393306339
1787025780843,0.001389,433079.0,0.00139,643085.0,0.0013895000000000001,7.196833393306339
1787025780844,0.001389,433079.0,0.00139,560805.0,0.0013895000000000001,7.196833393306339
1787025780845,0.001389,473079.0,0.00139,609282.0,0.0013895000000000001,7.196833393306339
1787025780848,0.001389,501809.0,0.00139,609282.0,0.0013895000000000001,7.196833393306339
1787025780852,0.001389,501809.0,0.00139,689091.0,0.0013895000000000001,7.196833393306339
1787025780909,0.001389,681970.0,0.00139,689091.0,0.0013895000000000001,7.196833393306339
1787025780955,0.001389,693845.0,0.00139,700966.0,0.0013895000000000001,7.196833393306339
1787025780971,0.001389,682897.0,0.00139,700966.0,0.0013895000000000001,7.196833393306339
1787025780975,0.001389,682897.0,0.00139,48500.0,0.0013895000000000001,7.196833393306339
1787025780976,0.001389,900992.0,0.00139,315072.0,0.0013895000000000001,7.196833393306339
1787025780977,0.001389,1200990.0,0.00139,303197.0,0.0013895000000000001,7.196833393306339
1787025780997,0.001389,1200990.0,0.00139,266572.0,0.0013895000000000001,7.196833393306339
1787025781039,0.001389,1220279.0,0.00139,266572.0,0.0013895000000000001,7.196833393306339
1787025781049,0.001389,1003984.0,0.00139,266572.0,0.0013895000000000001,7.196833393306339
1787025781050,0.001389,992109.0,0.00139,266572.0,0.0013895000000000001,7.196833393306339
1787025781051,0.001389,992109.0,0.00139,1208137.0,0.0013895000000000001,7.196833393306339
1787025781052,0.001389,972820.0,0.00139,1508135.0,0.0013895000000000001,7.196833393306339
1787025781077,0.001389,984695.0,0.00139,1520010.0,0.0013895000000000001,7.196833393306339
1787025781080,0.001389,984695.0,0.00139,1437139.0,0.0013895000000000001,7.196833393306339
1787025781171,0.001389,1185247.0,0.00139,1437139.0,0.0013895000000000001,7.196833393306339
1787025781289,0.001389,1208768.0,0.00139,1437139.0,0.0013895000000000001,7.196833393306339
1787025781297,0.001389,1208768.0,0.00139,1444335.0,0.0013895000000000001,7.196833393306339
1787025781460,0.001389,1208768.0,0.00139,1448292.0,0.0013895000000000001,7.196833393306339
1787025781763,0.001389,1212728.0,0.00139,1448292.0,0.0013895000000000001,7.196833393306339
1787025781848,0.001389,1204009.0,0.00139,1448292.0,0.0013895000000000001,7.196833393306339
1787025781885,0.001389,1180488.0,0.00139,1448292.0,0.0013895000000000001,7.196833393306339
1787025782087,0.001389,1201831.0,0.00139,1448292.0,0.0013895000000000001,7.196833393306339
1787025782240,0.001389,1201831.0,0.00139,1488279.0,0.0013895000000000001,7.196833393306339
1787025782245,0.001389,1201831.0,0.00139,1523566.0,0.0013895000000000001,7.196833393306339
1787025782346,0.001389,1736340.0,0.00139,1523566.0,0.0013895000000000001,7.196833393306339
1787025782347,0.001389,1736340.0,0.00139,1305471.0,0.0013895000000000001,7.196833393306339
1787025782459,0.001389,1736340.0,0.00139,446777.0,0.0013895000000000001,7.196833393306339
1787025782461,0.001389,1736340.0,0.001391,2274047.0,0.0013900000000000002,14.388489208633441
1787025782462,0.00139,679653.0,0.001391,1437336.0,0.0013905,7.191657677095526
1787025782463,0.00139,1144673.0,0.001391,749123.0,0.0013905,7.191657677095526
1787025782464,0.00139,1679182.0,0.001391,772798.0,0.0013905,7.191657677095526
1787025782465,0.00139,1679182.0,0.001391,694470.0,0.0013905,7.191657677095526
1787025782481,0.00139,1679182.0,0.001391,643290.0,0.0013905,7.191657677095526
1787025782598,0.00139,1691049.0,0.001391,655157.0,0.0013905,7.191657677095526
1787025782667,0.00139,1711480.0,0.001391,1440624.0,0.0013905,7.191657677095526
1787025782669,0.00139,1711480.0,0.001391,1428757.0,0.0013905,7.191657677095526
1787025782690,0.00139,1715437.0,0.001391,1428757.0,0.0013905,7.191657677095526
1787025782693,0.00139,1708409.0,0.001391,1428757.0,0.0013905,7.191657677095526
1787025782803,0.00139,1708409.0,0.001391,1435948.0,0.0013905,7.191657677095526
1787025782804,0.00139,1708409.0,0.001391,1447815.0,0.0013905,7.191657677095526
1787025782860,0.00139,1687978.0,0.001391,1447815.0,0.0013905,7.191657677095526
1787025782883,0.00139,1682135.0,0.001391,1447815.0,0.0013905,7.191657677095526
1787025782885,0.00139,1682135.0,0.001391,1414500.0,0.0013905,7.191657677095526
1787025783020,0.00139,1682135.0,0.001391,1461001.0,0.0013905,7.191657677095526
1787025783255,0.00139,1702497.0,0.001391,1461001.0,0.0013905,7.191657677095526
1787025783265,0.00139,1702497.0,0.001391,1039931.0,0.0013905,7.191657677095526
1787025783267,0.00139,1702497.0,0.001391,254464.0,0.0013905,7.191657677095526
1787025783268,0.00139,1702497.0,0.001391,302941.0,0.0013905,7.191657677095526
1787025783270,0.00139,1702497.0,0.001391,262941.0,0.0013905,7.191657677095526
1787025783324,0.00139,1733608.0,0.001391,262941.0,0.0013905,7.191657677095526
1787025783647,0.00139,1733608.0,0.001391,1158905.0,0.0013905,7.191657677095526
1787025783649,0.00139,1733608.0,0.001391,1158905.0,0.0013905,7.191657677095526
1787025783981,0.00139,1724918.0,0.001391,1158905.0,0.0013905,7.191657677095526
1787025784098,0.00139,1724918.0,0.001391,1249131.0,0.0013905,7.191657677095526
1787025784295,0.00139,1724918.0,0.001391,1241940.0,0.0013905,7.191657677095526
1787025784437,0.00139,1724918.0,0.001391,1252431.0,0.0013905,7.191657677095526
1787025784539,0.00139,1724918.0,0.001391,1256206.0,0.0013905,7.191657677095526
1787025784544,0.00139,1933078.0,0.001391,1120596.0,0.0013905,7.191657677095526
1787025784545,0.00139,1933078.0,0.001391,1124550.0,0.0013905,7.191657677095526
1787025784546,0.00139,1724918.0,0.001391,1124550.0,0.0013905,7.191657677095526
1787025784548,0.00139,1753648.0,0.001391,1124550.0,0.0013905,7.191657677095526
1787025784569,0.00139,1753648.0,0.001391,1395259.0,0.0013905,7.191657677095526
1787025784578,0.00139,1724918.0,0.001391,1395259.0,0.0013905,7.191657677095526
1787025784618,0.00139,1704556.0,0.001391,1395259.0,0.0013905,7.191657677095526
1787025784689,0.00139,1704556.0,0.001391,1431090.0,0.0013905,7.191657677095526
1787025784798,0.00139,1704556.0,0.001391,1438281.0,0.0013905,7.191657677095526
1787025785018,0.00139,1700264.0,0.001391,1438281.0,0.0013905,7.191657677095526
1787025785045,0.00139,1690459.0,0.001391,1438281.0,0.0013905,7.191657677095526
1787025785198,0.00139,1405470.0,0.001391,1438281.0,0.0013905,7.191657677095526
1787025785413,0.00139,1405470.0,0.001391,1450710.0,0.0013905,7.191657677095526
1787025786297,0.00139,1405470.0,0.001391,1443519.0,0.0013905,7.191657677095526
1787025786327,0.00139,1401099.0,0.001391,1443519.0,0.0013905,7.191657677095526
1787025786802,0.00139,1401099.0,0.001391,1450710.0,0.0013905,7.191657677095526
1787025786891,0.00139,1401099.0,0.001391,1485997.0,0.0013905,7.191657677095526
1787025787773,0.00139,1392071.0,0.001391,1485997.0,0.0013905,7.191657677095526
1787025788299,0.00139,1392071.0,0.001391,1478806.0,0.0013905,7.191657677095526
1787025788325,0.00139,1392071.0,0.001391,1498020.0,0.0013905,7.191657677095526
1787025788414,0.00139,1472872.0,0.001391,1498020.0,0.0013905,7.191657677095526
1787025788498,0.00139,1472872.0,0.001391,1543254.0,0.0013905,7.191657677095526
1787025788556,0.00139,1472872.0,0.001391,1638919.0,0.0013905,7.191657677095526
1787025788695,0.00139,1472872.0,0.001391,1585271.0,0.0013905,7.191657677095526
1787025788863,0.00139,1472872.0,0.001391,1620871.0,0.0013905,7.191657677095526
1787025789098,0.00139,1472872.0,0.001391,1530645.0,0.0013905,7.191657677095526
1787025789115,0.00139,1463268.0,0.001391,1530645.0,0.0013905,7.191657677095526
1787025789247,0.00139,1459594.0,0.001391,1530645.0,0.0013905,7.191657677095526
1787025789712,0.00139,1459594.0,0.001391,1384385.0,0.0013905,7.191657677095526
1787025789713,0.00139,1751657.0,0.001391,1384385.0,0.0013905,7.191657677095526
1787025789716,0.001391,21447.0,0.001392,3401568.0,0.0013915,7.186489399927531
1787025789717,0.001391,21447.0,0.001392,4178854.0,0.0013915,7.186489399927531
1787025789718,0.001391,754182.0,0.001392,2637314.0,0.0013915,7.186489399927531
1787025789719,0.001391,1743256.0,0.001392,2078422.0,0.0013915,7.186489399927531
1787025789720,0.001391,1791733.0,0.001392,2078422.0,0.0013915,7.186489399927531
1787025789724,0.001391,1791733.0,0.001392,2313474.0,0.0013915,7.186489399927531
1787025789725,0.001391,1791733.0,0.001392,2319506.0,0.0013915,7.186489399927531
1787025789733,0.001391,2142739.0,0.001392,2319506.0,0.0013915,7.186489399927531
1787025789785,0.001391,2877968.0,0.001392,2319506.0,0.0013915,7.186489399927531
1787025789787,0.001391,2877968.0,0.001392,1175325.0,0.0013915,7.186489399927531
1787025789792,0.001391,2877968.0,0.001392,1223802.0,0.0013915,7.186489399927531
1787025789795,0.001391,2877968.0,0.001392,1175325.0,0.0013915,7.186489399927531
1787025789797,0.001391,2877968.0,0.001392,1223802.0,0.0013915,7.186489399927531
1787025789798,0.001391,2877968.0,0.001392,1230988.0,0.0013915,7.186489399927531
1787025789799,0.001391,2877968.0,0.001392,527299.0,0.0013915,7.186489399927531
1787025789827,0.001391,2877968.0,0.001392,478822.0,0.0013915,7.186489399927531
1787025789829,0.001391,2877968.0,0.001392,155663.0,0.0013915,7.186489399927531
1787025789831,0.001391,3107184.0,0.001392,159615.0,0.0013915,7.186489399927531
1787025789832,0.001391,2877968.0,0.001392,51973.0,0.0013915,7.186489399927531
1787025789976,0.001391,2889826.0,0.001392,63831.0,0.0013915,7.186489399927531
1787025789999,0.001391,3123072.0,0.001392,63831.0,0.0013915,7.186489399927531
1787025790000,0.001391,3262759.0,0.001392,63831.0,0.0013915,7.186489399927531
1787025790098,0.001391,3352532.0,0.001392,63831.0,0.0013915,7.186489399927531
1787025790099,0.001391,3532078.0,0.001392,63831.0,0.0013915,7.186489399927531
1787025790180,0.001391,3318296.0,0.001392,63831.0,0.0013915,7.186489399927531
1787025790182,0.001391,3318296.0,0.001392,795498.0,0.0013915,7.186489399927531
1787025790183,0.001391,3318296.0,0.001392,795498.0,0.0013915,7.186489399927531
1787025790184,0.001391,3318296.0,0.001392,843975.0,0.0013915,7.186489399927531
1787025790186,0.001391,3318296.0,0.001392,892452.0,0.0013915,7.186489399927531
1787025790277,0.001391,3309631.0,0.001392,892452.0,0.0013915,7.186489399927531
1787025790302,0.001391,2936698.0,0.001392,892452.0,0.0013915,7.186489399927531
1787025790389,0.001391,2936698.0,0.001392,838804.0,0.0013915,7.186489399927531
1787025790391,0.001391,2936698.0,0.001392,108812.0,0.0013915,7.186489399927531
1787025790392,0.001391,2936698.0,0.001392,108812.0,0.0013915,7.186489399927531
1787025790393,0.001391,2936698.0,0.001392,60335.0,0.0013915,7.186489399927531
1787025790455,0.001391,2940614.0,0.001392,60335.0,0.0013915,7.186489399927531
1787025790468,0.001391,2971725.0,0.001392,60335.0,0.0013915,7.186489399927531
1787025790574,0.001391,2971725.0,0.001392,108812.0,0.0013915,7.186489399927531
1787025790575,0.001391,2791823.0,0.001392,108812.0,0.0013915,7.186489399927531
1787025790593,0.001391,2791823.0,0.001392,927086.0,0.0013915,7.186489399927531
1787025790594,0.001391,2791823.0,0.001392,915228.0,0.0013915,7.186489399927531
1787025790758,0.001391,2791823.0,0.001392,919180.0,0.0013915,7.186489399927531
1787025790782,0.001391,2791823.0,0.001392,931038.0,0.0013915,7.186489399927531
1787025790798,0.001391,2791823.0,0.001392,938224.0,0.0013915,7.186489399927531
1787025791097,0.001391,2522504.0,0.001392,1027940.0,0.0013915,7.186489399927531
1787025791111,0.001391,2522504.0,0.001392,1298649.0,0.0013915,7.186489399927531
1787025791288,0.001391,2702406.0,0.001392,1298649.0,0.0013915,7.186489399927531
1787025791356,0.001391,2485253.0,0.001392,1515802.0,0.0013915,7.186489399927531
1787025791358,0.00139,2040546.0,0.001391,396519.0,0.0013905,7.191657677095526
1787025791359,0.00139,2036879.0,0.001391,1087326.0,0.0013905,7.191657677095526
1787025791360,0.00139,1289871.0,0.001391,623512.0,0.0013905,7.191657677095526
1787025791361,0.00139,1289871.0,0.001391,645104.0,0.0013905,7.191657677095526
1787025791376,0.00139,1285915.0,0.001391,645104.0,0.0013905,7.191657677095526
1787025791391,0.00139,1285915.0,0.001391,1069724.0,0.0013905,7.191657677095526
1787025791392,0.00139,1067820.0,0.001391,1069724.0,0.0013905,7.191657677095526
1787025791393,0.00139,1063546.0,0.001391,1118201.0,0.0013905,7.191657677095526
1787025791485,0.00139,1063546.0,0.001391,1090289.0,0.0013905,7.191657677095526
1787025791491,0.00139,1075413.0,0.001391,1102156.0,0.0013905,7.191657677095526
1787025791567,0.00139,1877373.0,0.001391,1877795.0,0.0013905,7.191657677095526
1787025791568,0.00139,1877373.0,0.001391,1453175.0,0.0013905,7.191657677095526
1787025791570,0.00139,1877373.0,0.001391,1441308.0,0.0013905,7.191657677095526
1787025791592,0.00139,1877373.0,0.001391,1360455.0,0.0013905,7.191657677095526
1787025791593,0.00139,1877373.0,0.001391,1372322.0,0.0013905,7.191657677095526
1787025791684,0.00139,1877373.0,0.001391,1376276.0,0.0013905,7.191657677095526
1787025792293,0.00139,1877373.0,0.001391,1327799.0,0.0013905,7.191657677095526
1787025792337,0.00139,1877373.0,0.001391,1245173.0,0.0013905,7.191657677095526
1787025792339,0.00139,2057404.0,0.001391,1245173.0,0.0013905,7.191657677095526
1787025792423,0.00139,2047272.0,0.001391,1245173.0,0.0013905,7.191657677095526
1787025793149,0.00139,2047272.0,0.001391,8277297.0,0.0013905,7.191657677095526
1787025793150,0.00139,974603.0,0.001391,8277297.0,0.0013905,7.191657677095526
1787025793151,0.00139,926126.0,0.001391,8277297.0,0.0013905,7.191657677095526
1787025793152,0.001389,1437287.0,0.00139,2054616.0,0.0013895000000000001,7.196833393306339
1787025793153,0.001389,612634.0,0.00139,1349600.0,0.0013895000000000001,7.196833393306339
1787025793154,0.001389,612634.0,0.00139,1336796.0,0.0013895000000000001,7.196833393306339
1787025793164,0.001389,612634.0,0.00139,1385273.0,0.0013895000000000001,7.196833393306339
1787025793251,0.001389,624509.0,0.00139,1397148.0,0.0013895000000000001,7.196833393306339
1787025793255,0.001389,624509.0,0.00139,1368924.0,0.0013895000000000001,7.196833393306339
1787025793359,0.001389,1159018.0,0.00139,1368924.0,0.0013895000000000001,7.196833393306339
1787025793360,0.001389,1159018.0,0.00139,2097867.0,0.0013895000000000001,7.196833393306339
1787025793361,0.001389,1900789.0,0.00139,2097867.0,0.0013895000000000001,7.196833393306339
1787025793362,0.001389,1888914.0,0.00139,2097867.0,0.0013895000000000001,7.196833393306339
1787025793363,0.001389,1884955.0,0.00139,2097867.0,0.0013895000000000001,7.196833393306339
1787025793381,0.001389,1896830.0,0.00139,2097867.0,0.0013895000000000001,7.196833393306339
1787025793447,0.001389,1887602.0,0.00139,2097867.0,0.0013895000000000001,7.196833393306339
1787025793448,0.001389,1353093.0,0.00139,2097867.0,0.0013895000000000001,7.196833393306339
1787025793637,0.001389,1533254.0,0.00139,2097867.0,0.0013895000000000001,7.196833393306339
1787025793660,0.001389,1481928.0,0.00139,2097867.0,0.0013895000000000001,7.196833393306339
1787025793735,0.001389,1301767.0,0.00139,2097867.0,0.0013895000000000001,7.196833393306339
1787025793962,0.001389,1836276.0,0.00139,2097867.0,0.0013895000000000001,7.196833393306339
1787025794068,0.001389,1635724.0,0.00139,2097867.0,0.0013895000000000001,7.196833393306339
1787025794115,0.001389,1635724.0,0.00139,2015241.0,0.0013895000000000001,7.196833393306339
1787025794549,0.001389,1631580.0,0.00139,2015241.0,0.0013895000000000001,7.196833393306339
1787025794550,0.001389,1097071.0,0.00139,2015241.0,0.0013895000000000001,7.196833393306339
1787025794552,0.001389,1097071.0,0.00139,2015241.0,0.0013895000000000001,7.196833393306339
1787025794659,0.001389,1082801.0,0.00139,2015241.0,0.0013895000000000001,7.196833393306339
1787025794960,0.001389,1617310.0,0.00139,2015241.0,0.0013895000000000001,7.196833393306339
1787025795132,0.001389,1612647.0,0.00139,2015241.0,0.0013895000000000001,7.196833393306339
1787025795134,0.001389,1078138.0,0.00139,2015241.0,0.0013895000000000001,7.196833393306339
1787025795136,0.001389,336367.0,0.00139,2015241.0,0.0013895000000000001,7.196833393306339
1787025795137,0.001389,384844.0,0.00139,2285950.0,0.0013895000000000001,7.196833393306339
1787025795432,0.001389,1249511.0,0.00139,2285950.0,0.0013895000000000001,7.196833393306339
1787025795433,0.001389,1249511.0,0.00139,2285950.0,0.0013895000000000001,7.196833393306339
1787025795434,0.001389,1784020.0,0.00139,2285950.0,0.0013895000000000001,7.196833393306339
1787025795771,0.001389,1778404.0,0.00139,2285950.0,0.0013895000000000001,7.196833393306339
1787025795790,0.001389,913737.0,0.00139,2285950.0,0.0013895000000000001,7.196833393306339
1787025795791,0.001389,901862.0,0.00139,2285950.0,0.0013895000000000001,7.196833393306339
1787025795793,0.001389,913737.0,0.00139,2285950.0,0.0013895000000000001,7.196833393306339
1787025795794,0.001389,963737.0,0.00139,2285950.0,0.0013895000000000001,7.196833393306339
1787025796083,0.001389,1759156.0,0.00139,2285950.0,0.0013895000000000001,7.196833393306339
1787025796270,0.001389,1759156.0,0.00139,2490116.0,0.0013895000000000001,7.196833393306339
1787025796844,0.001389,1707771.0,0.00139,2490116.0,0.0013895000000000001,7.196833393306339
1787025796975,0.001389,1701833.0,0.00139,2490116.0,0.0013895000000000001,7.196833393306339
1787025797213,0.001389,906414.0,0.00139,2490116.0,0.0013895000000000001,7.196833393306339
1787025797214,0.001389,894539.0,0.00139,2490116.0,0.0013895000000000001,7.196833393306339
1787025797216,0.001389,906414.0,0.00139,2490116.0,0.0013895000000000001,7.196833393306339
1787025797242,0.001389,906416.0,0.00139,2490116.0,0.0013895000000000001,7.196833393306339
1787025797276,0.001389,906416.0,0.00139,2478036.0,0.0013895000000000001,7.196833393306339
1787025797482,0.001389,1669777.0,0.00139,2478036.0,0.0013895000000000001,7.196833393306339
1787025798150,0.001389,219451.0,0.00139,2478036.0,0.0013895000000000001,7.196833393306339
1787025798151,0.001388,2695504.0,0.001389,822801.0,0.0013885,7.202016564639054
1787025798152,0.001388,1888469.0,0.001389,819928.0,0.0013885,7.202016564639054
1787025798155,0.001388,1888469.0,0.001389,790855.0,0.0013885,7.202016564639054
1787025798179,0.001388,1892137.0,0.001389,790855.0,0.0013885,7.202016564639054
1787025798186,0.001388,1942137.0,0.001389,790855.0,0.0013885,7.202016564639054
1787025798189,0.001388,1942137.0,0.00139,4236584.0,0.001389,14.398848092152976
1787025798190,0.001389,245673.0,0.00139,4236584.0,0.0013895000000000001,7.196833393306339
1787025798191,0.001389,782012.0,0.00139,2489929.0,0.0013895000000000001,7.196833393306339
1787025798193,0.001389,782012.0,0.00139,1490277.0,0.0013895000000000001,7.196833393306339
1787025798205,0.001389,773198.0,0.00139,1490277.0,0.0013895000000000001,7.196833393306339
1787025798215,0.001389,759924.0,0.00139,1490277.0,0.0013895000000000001,7.196833393306339
1787025798262,0.001389,771799.0,0.00139,1502152.0,0.0013895000000000001,7.196833393306339
1787025798265,0.001389,771799.0,0.00139,1105220.0,0.0013895000000000001,7.196833393306339
1787025798266,0.001389,771799.0,0.00139,827771.0,0.0013895000000000001,7.196833393306339
1787025798268,0.001389,771799.0,0.00139,614261.0,0.0013895000000000001,7.196833393306339
1787025798270,0.001389,1571799.0,0.00139,614261.0,0.0013895000000000001,7.196833393306339
1787025798271,0.001389,1559924.0,0.00139,460919.0,0.0013895000000000001,7.196833393306339
1787025798273,0.00139,886401.0,0.001391,8564213.0,0.0013905,7.191657677095526
1787025798274,0.00139,1157110.0,0.001391,7908640.0,0.0013905,7.191657677095526
1787025798275,0.00139,750365.0,0.001391,7869512.0,0.0013905,7.191657677095526
1787025798277,0.00139,750365.0,0.001391,8104889.0,0.0013905,7.191657677095526
1787025798278,0.00139,750365.0,0.001391,7962591.0,0.0013905,7.191657677095526
1787025798279,0.001389,1743670.0,0.00139,407699.0,0.0013895000000000001,7.196833393306339
1787025798280,0.001389,1522847.0,0.00139,628535.0,0.0013895000000000001,7.196833393306339
1787025798372,0.001389,1522847.0,0.00139,632494.0,0.0013895000000000001,7.196833393306339
1787025798374,0.001389,1522847.0,0.00139,628535.0,0.0013895000000000001,7.196833393306339
1787025798380,0.001389,1526806.0,0.00139,628535.0,0.0013895000000000001,7.196833393306339
1787025798381,0.001389,1522847.0,0.00139,628535.0,0.0013895000000000001,7.196833393306339
1787025798414,0.001389,856126.0,0.00139,628535.0,0.0013895000000000001,7.196833393306339
1787025798438,0.001389,868001.0,0.00139,640410.0,0.0013895000000000001,7.196833393306339
1787025798475,0.001389,868001.0,0.00139,1373276.0,0.0013895000000000001,7.196833393306339
1787025798476,0.001389,868001.0,0.00139,1361401.0,0.0013895000000000001,7.196833393306339
1787025798498,0.001388,3277712.0,0.00139,1361401.0,0.001389,14.398848092152976
1787025798499,0.001388,2742321.0,0.001389,427239.0,0.0013885,7.202016564639054
1787025798500,0.001388,2491968.0,0.001389,505177.0,0.0013885,7.202016564639054
1787025798501,0.001388,2491968.0,0.001389,770807.0,0.0013885,7.202016564639054
1787025798507,0.001388,1758018.0,0.001389,770807.0,0.0013885,7.202016564639054
1787025798521,0.001388,1758018.0,0.001389,756649.0,0.0013885,7.202016564639054
1787025798523,0.001388,1758018.0,0.001389,678711.0,0.0013885,7.202016564639054
1787025798586,0.001388,1769902.0,0.001389,690595.0,0.0013885,7.202016564639054
1787025798638,0.001388,1798672.0,0.001389,690595.0,0.0013885,7.202016564639054
1787025798701,0.001388,1820783.0,0.001389,690595.0,0.0013885,7.202016564639054
1787025798786,0.001388,2420783.0,0.001389,690595.0,0.0013885,7.202016564639054
1787025798803,0.001388,1820783.0,0.001389,690595.0,0.0013885,7.202016564639054
1787025798879,0.001388,2001073.0,0.001389,690595.0,0.0013885,7.202016564639054
1787025798890,0.001388,1996754.0,0.001389,690595.0,0.0013885,7.202016564639054
1787025799079,0.001388,1996754.0,0.001389,694555.0,0.0013885,7.202016564639054
1787025799256,0.001388,1992349.0,0.001389,694555.0,0.0013885,7.202016564639054
1787025799298,0.001388,1999551.0,0.001389,694555.0,0.0013885,7.202016564639054
1787025799385,0.001388,1992258.0,0.001389,694555.0,0.0013885,7.202016564639054
1787025799387,0.001388,1992258.0,0.001389,1515871.0,0.0013885,7.202016564639054
1787025799389,0.001388,1992258.0,0.001389,1515871.0,0.0013885,7.202016564639054
1787025799766,0.001388,1992258.0,0.001389,694555.0,0.0013885,7.202016564639054
1787025799796,0.001388,1985056.0,0.001389,694555.0,0.0013885,7.202016564639054
1787025800099,0.001388,2164800.0,0.001389,694555.0,0.0013885,7.202016564639054
1787025800151,0.001388,2699309.0,0.001389,694555.0,0.0013885,7.202016564639054
1787025800152,0.001388,2687425.0,0.001389,694555.0,0.0013885,7.202016564639054
1787025800153,0.001388,2699309.0,0.001389,694555.0,0.0013885,7.202016564639054
1787025800298,0.001388,2706511.0,0.001389,694555.0,0.0013885,7.202016564639054
1787025800325,0.001388,2697450.0,0.001389,694555.0,0.0013885,7.202016564639054
1787025800327,0.001388,2162941.0,0.001389,694555.0,0.0013885,7.202016564639054
1787025800400,0.001388,2202009.0,0.001389,694555.0,0.0013885,7.202016564639054
1787025800627,0.001388,2736518.0,0.001389,694555.0,0.0013885,7.202016564639054
1787025800628,0.001389,319217.0,0.00139,3429713.0,0.0013895000000000001,7.196833393306339
1787025800629,0.001389,943400.0,0.00139,1890280.0,0.0013895000000000001,7.196833393306339
1787025800630,0.001389,825334.0,0.00139,1890280.0,0.0013895000000000001,7.196833393306339
1787025800631,0.001389,978012.0,0.00139,1890280.0,0.0013895000000000001,7.196833393306339
1787025800653,0.001389,832762.0,0.00139,1890280.0,0.0013895000000000001,7.196833393306339
1787025800655,0.001389,811353.0,0.00139,1890280.0,0.0013895000000000001,7.196833393306339
1787025800741,0.001389,811353.0,0.00139,1902155.0,0.0013895000000000001,7.196833393306339
1787025800742,0.001389,823228.0,0.00139,1902155.0,0.0013895000000000001,7.196833393306339
1787025800859,0.001389,846848.0,0.00139,1902155.0,0.0013895000000000001,7.196833393306339
1787025801635,0.001389,823228.0,0.00139,1902155.0,0.0013895000000000001,7.196833393306339
1787025801663,0.001389,818772.0,0.00139,1902155.0,0.0013895000000000001,7.196833393306339
1787025801773,0.001388,1911645.0,0.001389,998038.0,0.0013885,7.202016564639054
1787025801774,0.001388,862919.0,0.001389,1097242.0,0.0013885,7.202016564639054
1787025801775,0.001388,891689.0,0.001389,1101202.0,0.0013885,7.202016564639054
1787025801776,0.001388,891689.0,0.001389,1149679.0,0.0013885,7.202016564639054
1787025801778,0.001388,862919.0,0.001389,1149679.0,0.0013885,7.202016564639054
1787025801788,0.001388,891689.0,0.001389,1149679.0,0.0013885,7.202016564639054
1787025801796,0.001388,898888.0,0.001389,1149679.0,0.0013885,7.202016564639054
1787025801803,0.001388,898888.0,0.001389,878970.0,0.0013885,7.202016564639054
1787025801804,0.001388,898888.0,0.001389,690657.0,0.0013885,7.202016564639054
1787025801838,0.001388,923575.0,0.001389,690657.0,0.0013885,7.202016564639054
1787025801882,0.001388,923575.0,0.001389,702541.0,0.0013885,7.202016564639054
1787025801883,0.001388,935459.0,0.001389,702541.0,0.0013885,7.202016564639054
1787025801973,0.001389,225139.0,0.00139,3329891.0,0.0013895000000000001,7.196833393306339
1787025801974,0.001389,425008.0,0.00139,1890280.0,0.0013895000000000001,7.196833393306339
1787025801975,0.001389,765181.0,0.00139,713477.0,0.0013895000000000001,7.196833393306339
1787025801976,0.001389,990320.0,0.00139,484261.0,0.0013895000000000001,7.196833393306339
1787025801977,0.001389,990320.0,0.00139,213552.0,0.0013895000000000001,7.196833393306339
1787025801978,0.001389,1019090.0,0.00139,213552.0,0.0013895000000000001,7.196833393306339
1787025801981,0.001389,1026188.0,0.00139,153552.0,0.0013895000000000001,7.196833393306339
1787025801996,0.001389,1039381.0,0.00139,153552.0,0.0013895000000000001,7.196833393306339
1787025801997,0.001389,1039329.0,0.00139,165427.0,0.0013895000000000001,7.196833393306339
1787025801999,0.001389,1046432.0,0.00139,165427.0,0.0013895000000000001,7.196833393306339
1787025802039,0.001389,1288450.0,0.00139,165427.0,0.0013895000000000001,7.196833393306339
1787025802044,0.001389,1046432.0,0.00139,165427.0,0.0013895000000000001,7.196833393306339
1787025802056,0.001389,1530470.0,0.00139,165427.0,0.0013895000000000001,7.196833393306339
1787025802278,0.001389,1530470.0,0.00139,1075318.0,0.0013895000000000001,7.196833393306339
1787025802279,0.001389,1530470.0,0.00139,1075318.0,0.0013895000000000001,7.196833393306339
1787025802283,0.001389,1530470.0,0.00139,1123795.0,0.0013895000000000001,7.196833393306339
1787025802285,0.001389,1530470.0,0.00139,1394504.0,0.0013895000000000001,7.196833393306339
1787025802296,0.001389,1530470.0,0.00139,1401700.0,0.0013895000000000001,7.196833393306339
1787025802700,0.001389,1534430.0,0.00139,1401700.0,0.0013895000000000001,7.196833393306339
1787025802769,0.001389,1527897.0,0.00139,1401700.0,0.0013895000000000001,7.196833393306339
1787025802770,0.001389,1708058.0,0.00139,1401700.0,0.0013895000000000001,7.196833393306339
1787025802771,0.001389,1696183.0,0.00139,1401700.0,0.0013895000000000001,7.196833393306339
1787025802772,0.001389,1708058.0,0.00139,1401700.0,0.0013895000000000001,7.196833393306339
1787025802796,0.001389,1708058.0,0.00139,1394504.0,0.0013895000000000001,7.196833393306339
1787025803797,0.001389,1715254.0,0.00139,1394504.0,0.0013895000000000001,7.196833393306339
1787025804105,0.001389,1709724.0,0.00139,1394504.0,0.0013895000000000001,7.196833393306339
1787025804295,0.001389,1702528.0,0.00139,1394504.0,0.0013895000000000001,7.196833393306339
1787025804397,0.001389,1702528.0,0.00139,1411073.0,0.0013895000000000001,7.196833393306339
1787025804552,0.001389,1702528.0,0.00139,1424127.0,0.0013895000000000001,7.196833393306339
1787025804809,0.001389,1702528.0,0.00139,1064156.0,0.0013895000000000001,7.196833393306339
1787025804810,0.00139,759908.0,0.001391,9288377.0,0.0013905,7.191657677095526
1787025804811,0.00139,547326.0,0.001391,8838869.0,0.0013905,7.191657677095526
1787025804812,0.00139,432206.0,0.001391,7944038.0,0.0013905,7.191657677095526
1787025804813,0.00139,885853.0,0.001391,7944038.0,0.0013905,7.191657677095526
1787025804814,0.00139,858622.0,0.001391,7800408.0,0.0013905,7.191657677095526
1787025804815,0.00139,1129331.0,0.001391,7800408.0,0.0013905,7.191657677095526
1787025804816,0.00139,2012010.0,0.001391,7583255.0,0.0013905,7.191657677095526
1787025804817,0.00139,2012010.0,0.001391,7441684.0,0.0013905,7.191657677095526
1787025804818,0.00139,1240780.0,0.001391,7441684.0,0.0013905,7.191657677095526
1787025804821,0.00139,1261071.0,0.001391,7441684.0,0.0013905,7.191657677095526
1787025804827,0.00139,1268174.0,0.001391,7441684.0,0.0013905,7.191657677095526
1787025804836,0.00139,1181152.0,0.001391,7441684.0,0.0013905,7.191657677095526
1787025804842,0.00139,1665190.0,0.001391,7441684.0,0.0013905,7.191657677095526
1787025805000,0.00139,1804877.0,0.001391,7441684.0,0.0013905,7.191657677095526
1787025805012,0.00139,2017636.0,0.001391,8297243.0,0.0013905,7.191657677095526
1787025805057,0.00139,2017636.0,0.001391,8309110.0,0.0013905,7.191657677095526
1787025805058,0.00139,2029503.0,0.001391,8309110.0,0.0013905,7.191657677095526
1787025805097,0.00139,2119214.0,0.001391,8309110.0,0.0013905,7.191657677095526
1787025805098,0.00139,2208925.0,0.001391,8309110.0,0.0013905,7.191657677095526
1787025805099,0.00139,2069238.0,0.001391,8309110.0,0.0013905,7.191657677095526
1787025805145,0.00139,2062068.0,0.001391,8309110.0,0.0013905,7.191657677095526
1787025805428,0.00139,2056679.0,0.001391,8309110.0,0.0013905,7.191657677095526
1787025805540,0.00139,1984633.0,0.001391,8309110.0,0.0013905,7.191657677095526
1787025805664,0.00139,1771874.0,0.001391,8309110.0,0.0013905,7.191657677095526
1787025805668,0.00139,1743104.0,0.001391,8309110.0,0.0013905,7.191657677095526
1787025805796,0.00139,1750295.0,0.001391,8309110.0,0.0013905,7.191657677095526
1787025805897,0.00139,1953342.0,0.001391,8309110.0,0.0013905,7.191657677095526
1787025806037,0.00139,1953342.0,0.001391,8317889.0,0.0013905,7.191657677095526
1787025806299,0.00139,1946151.0,0.001391,8317889.0,0.0013905,7.191657677095526
1787025806348,0.00139,1946151.0,0.001391,8328636.0,0.0013905,7.191657677095526
1787025806349,0.00139,1863472.0,0.001391,8328636.0,0.0013905,7.191657677095526
1787025806417,0.00139,1863472.0,0.001391,8396986.0,0.0013905,7.191657677095526
1787025806439,0.00139,1435286.0,0.001391,8396986.0,0.0013905,7.191657677095526
1787025806441,0.00139,1164577.0,0.001391,8396986.0,0.0013905,7.191657677095526
1787025806445,0.00139,1157647.0,0.001391,8396986.0,0.0013905,7.191657677095526
1787025806517,0.001389,1693996.0,0.00139,908277.0,0.0013895000000000001,7.196833393306339
1787025806518,0.001389,1097699.0,0.00139,1133416.0,0.0013895000000000001,7.196833393306339
1787025806519,0.001389,1097699.0,0.00139,1404125.0,0.0013895000000000001,7.196833393306339
1787025806520,0.001389,1126469.0,0.00139,1456559.0,0.0013895000000000001,7.196833393306339
1787025806586,0.001389,1138344.0,0.00139,1468434.0,0.0013895000000000001,7.196833393306339
1787025806644,0.001389,1138344.0,0.00139,2220078.0,0.0013895000000000001,7.196833393306339
1787025806645,0.001389,1354954.0,0.00139,2220078.0,0.0013895000000000001,7.196833393306339
1787025806879,0.001389,1535115.0,0.00139,2220078.0,0.0013895000000000001,7.196833393306339
1787025807545,0.001389,1525614.0,0.00139,2220078.0,0.0013895000000000001,7.196833393306339
1787025807559,0.001389,1477710.0,0.00139,2220078.0,0.0013895000000000001,7.196833393306339
1787025808379,0.001389,1372149.0,0.00139,2220078.0,0.0013895000000000001,7.196833393306339
1787025808386,0.001389,1155539.0,0.00139,2220078.0,0.0013895000000000001,7.196833393306339
1787025808611,0.001389,1372288.0,0.00139,2220078.0,0.0013895000000000001,7.196833393306339
1787025808635,0.001389,1320547.0,0.00139,2220078.0,0.0013895000000000001,7.196833393306339
1787025808694,0.001389,1311143.0,0.00139,2220078.0,0.0013895000000000001,7.196833393306339
1787025808983,0.00139,225139.0,0.001391,8226937.0,0.0013905,7.191657677095526
1787025808984,0.00139,233968.0,0.001391,8226937.0,0.0013905,7.191657677095526
1787025808985,0.00139,226909.0,0.001391,7533232.0,0.0013905,7.191657677095526
1787025808986,0.00139,800367.0,0.001391,7529560.0,0.0013905,7.191657677095526
1787025809076,0.00139,577415.0,0.001391,7529560.0,0.0013905,7.191657677095526
1787025809077,0.00139,589282.0,0.001391,7541427.0,0.0013905,7.191657677095526
1787025809242,0.00139,1444933.0,0.001391,7541427.0,0.0013905,7.191657677095526
1787025809243,0.00139,1444933.0,0.001391,8375065.0,0.0013905,7.191657677095526
1787025809411,0.001389,513772.0,0.001391,8375065.0,0.0013900000000000002,14.388489208633441
1787025809412,0.001389,513772.0,0.00139,413081.0,0.0013895000000000001,7.196833393306339
1787025809413,0.001389,611748.0,0.00139,1859453.0,0.0013895000000000001,7.196833393306339
1787025809414,0.001389,459779.0,0.00139,1907930.0,0.0013895000000000001,7.196833393306339
1787025809445,0.001389,387785.0,0.00139,1907930.0,0.0013895000000000001,7.196833393306339
1787025809462,0.001389,387785.0,0.00139,1934263.0,0.0013895000000000001,7.196833393306339
1787025809556,0.001389,399660.0,0.00139,1946138.0,0.0013895000000000001,7.196833393306339
1787025809657,0.001389,683930.0,0.00139,1946138.0,0.0013895000000000001,7.196833393306339
1787025809742,0.001389,680355.0,0.00139,1946138.0,0.0013895000000000001,7.196833393306339
1787025809808,0.001389,680355.0,0.00139,1723186.0,0.0013895000000000001,7.196833393306339
1787025809879,0.001389,860516.0,0.00139,1723186.0,0.0013895000000000001,7.196833393306339
1787025809880,0.001389,848641.0,0.00139,1723186.0,0.0013895000000000001,7.196833393306339
1787025809881,0.001389,860516.0,0.00139,1723186.0,0.0013895000000000001,7.196833393306339
1787025809912,0.001389,860516.0,0.00139,1727143.0,0.0013895000000000001,7.196833393306339
1787025810943,0.001389,850378.0,0.00139,1727143.0,0.0013895000000000001,7.196833393306339
1787025811015,0.001389,850378.0,0.00139,1655869.0,0.0013895000000000001,7.196833393306339
1787025811037,0.001389,850378.0,0.00139,1664648.0,0.0013895000000000001,7.196833393306339
1787025811098,0.001389,940173.0,0.00139,1664648.0,0.0013895000000000001,7.196833393306339
1787025811099,0.001389,1029968.0,0.00139,1664648.0,0.0013895000000000001,7.196833393306339
1787025811102,0.001389,1020583.0,0.00139,1664648.0,0.0013895000000000001,7.196833393306339
1787025811141,0.001389,986912.0,0.00139,1664648.0,0.0013895000000000001,7.196833393306339
1787025811234,0.001389,986912.0,0.00139,1686648.0,0.0013895000000000001,7.196833393306339
1787025811745,0.001389,967380.0,0.00139,1686648.0,0.0013895000000000001,7.196833393306339
1787025811942,0.001389,967380.0,0.00139,1711868.0,0.0013895000000000001,7.196833393306339
1787025812000,0.001389,963697.0,0.00139,1711868.0,0.0013895000000000001,7.196833393306339
1787025812230,0.001389,963697.0,0.00139,1568238.0,0.0013895000000000001,7.196833393306339
1787025812231,0.001389,963697.0,0.00139,425545.0,0.0013895000000000001,7.196833393306339
1787025812232,0.001389,963697.0,0.00139,410449.0,0.0013895000000000001,7.196833393306339
1787025812233,0.001389,963697.0,0.00139,329722.0,0.0013895000000000001,7.196833393306339
1787025812234,0.001389,1035691.0,0.00139,329722.0,0.0013895000000000001,7.196833393306339
1787025812258,0.001389,1030554.0,0.00139,329722.0,0.0013895000000000001,7.196833393306339
1787025812266,0.001389,1171524.0,0.00139,329722.0,0.0013895000000000001,7.196833393306339
1787025812509,0.00139,196348.0,0.001391,9089719.0,0.0013905,7.191657677095526
1787025812510,0.00139,471734.0,0.001391,8304973.0,0.0013905,7.191657677095526
1787025812511,0.00139,912856.0,0.001391,8304973.0,0.0013905,7.191657677095526
1787025812513,0.00139,843023.0,0.001391,8304973.0,0.0013905,7.191657677095526
1787025812548,0.00139,871793.0,0.001391,8304973.0,0.0013905,7.191657677095526
1787025812595,0.00139,761770.0,0.001391,8304973.0,0.0013905,7.191657677095526
1787025812598,0.00139,733000.0,0.001391,8304973.0,0.0013905,7.191657677095526
1787025812603,0.00139,744867.0,0.001391,8304973.0,0.0013905,7.191657677095526
1787025812604,0.00139,744867.0,0.001391,8316840.0,0.0013905,7.191657677095526
1787025812722,0.00139,521915.0,0.001391,8316840.0,0.0013905,7.191657677095526
1787025812723,0.00139,510000.0,0.001391,8316840.0,0.0013905,7.191657677095526
1787025813099,0.00139,689200.0,0.001391,8316840.0,0.0013905,7.191657677095526
1787025813223,0.00139,689200.0,0.001391,8276197.0,0.0013905,7.191657677095526
1787025813224,0.00139,810722.0,0.001391,8276197.0,0.0013905,7.191657677095526
1787025813388,0.00139,805085.0,0.001391,8276197.0,0.0013905,7.191657677095526
1787025813670,0.00139,683563.0,0.001391,8276197.0,0.0013905,7.191657677095526
1787025814399,0.00139,678589.0,0.001391,8276197.0,0.0013905,7.191657677095526
1787025814758,0.00139,672447.0,0.001391,8276197.0,0.0013905,7.191657677095526
1787025814763,0.00139,672447.0,0.001391,8312142.0,0.0013905,7.191657677095526
1787025814971,0.00139,647740.0,0.001391,8312142.0,0.0013905,7.191657677095526
1787025814979,0.00139,647740.0,0.001391,8596412.0,0.0013905,7.191657677095526
1787025814980,0.00139,599263.0,0.001391,8596412.0,0.0013905,7.191657677095526
1787025814981,0.00139,587396.0,0.001391,8596412.0,0.0013905,7.191657677095526
1787025814983,0.00139,599263.0,0.001391,8596412.0,0.0013905,7.191657677095526
1787025815482,0.00139,715259.0,0.001391,8596412.0,0.0013905,7.191657677095526
1787025815483,0.00139,763736.0,0.001391,8596412.0,0.0013905,7.191657677095526
1787025815740,0.00139,763736.0,0.001391,8590661.0,0.0013905,7.191657677095526
1787025815819,0.00139,759902.0,0.001391,8590661.0,0.0013905,7.191657677095526
1787025815848,0.00139,754885.0,0.001391,8590661.0,0.0013905,7.191657677095526
1787025815889,0.00139,754885.0,0.001391,8554716.0,0.0013905,7.191657677095526
1787025816262,0.00139,673650.0,0.001391,8554716.0,0.0013905,7.191657677095526
1787025816357,0.00139,673650.0,0.001391,8564346.0,0.0013905,7.191657677095526
1787025816362,0.00139,557654.0,0.001391,8564346.0,0.0013905,7.191657677095526
1787025816661,0.00139,799986.0,0.001391,8564346.0,0.0013905,7.191657677095526
1787025816662,0.00139,788119.0,0.001391,8564346.0,0.0013905,7.191657677095526
1787025816664,0.00139,799986.0,0.001391,8564346.0,0.0013905,7.191657677095526
1787025816725,0.00139,926530.0,0.001391,8564346.0,0.0013905,7.191657677095526
1787025816973,0.00139,920209.0,0.001391,8564346.0,0.0013905,7.191657677095526
1787025817725,0.00139,920209.0,0.001391,8553599.0,0.0013905,7.191657677095526
1787025817795,0.001389,1129916.0,0.00139,394315.0,0.0013895000000000001,7.196833393306339
1787025817796,0.001389,1126246.0,0.00139,1424663.0,0.0013895000000000001,7.196833393306339
1787025817797,0.001389,881203.0,0.00139,1096932.0,0.0013895000000000001,7.196833393306339
1787025817798,0.001389,881203.0,0.00139,1395527.0,0.0013895000000000001,7.196833393306339
1787025817799,0.001389,909973.0,0.00139,1395527.0,0.0013895000000000001,7.196833393306339
1787025817803,0.001389,909973.0,0.00139,1790410.0,0.0013895000000000001,7.196833393306339
1787025817804,0.001389,909973.0,0.00139,1776260.0,0.0013895000000000001,7.196833393306339
1787025817805,0.001389,769003.0,0.00139,1776260.0,0.0013895000000000001,7.196833393306339
1787025817806,0.001389,697009.0,0.00139,1776260.0,0.0013895000000000001,7.196833393306339
1787025817808,0.001389,668239.0,0.00139,1776260.0,0.0013895000000000001,7.196833393306339
1787025817810,0.001389,668239.0,0.00139,1824737.0,0.0013895000000000001,7.196833393306339
1787025817825,0.001389,1227719.0,0.00139,1824737.0,0.0013895000000000001,7.196833393306339
1787025817826,0.001389,1227719.0,0.00139,1429854.0,0.0013895000000000001,7.196833393306339
1787025817827,0.001389,1155725.0,0.00139,1381377.0,0.0013895000000000001,7.196833393306339
1787025817912,0.001389,1155725.0,0.00139,987062.0,0.0013895000000000001,7.196833393306339
1787025817937,0.001388,1226196.0,0.00139,1738507.0,0.001389,14.398848092152976
1787025817938,0.001388,841017.0,0.001389,1573869.0,0.0013885,7.202016564639054
1787025817939,0.001388,837058.0,0.001389,1872464.0,0.0013885,7.202016564639054
1787025817940,0.001388,946177.0,0.001389,1697989.0,0.0013885,7.202016564639054
1787025817942,0.001388,974947.0,0.001389,1303390.0,0.0013885,7.202016564639054
1787025817943,0.001388,974947.0,0.001389,1004795.0,0.0013885,7.202016564639054
1787025817945,0.001388,1084371.0,0.001389,1004795.0,0.0013885,7.202016564639054
1787025817948,0.001388,1055601.0,0.001389,1004795.0,0.0013885,7.202016564639054
1787025817968,0.001388,1055601.0,0.001389,775579.0,0.0013885,7.202016564639054
1787025817969,0.001388,1055601.0,0.001389,461558.0,0.0013885,7.202016564639054
1787025817994,0.001388,1048542.0,0.001389,461558.0,0.0013885,7.202016564639054
1787025817995,0.001388,1048542.0,0.001389,1244997.0,0.0013885,7.202016564639054
1787025817996,0.001388,1158686.0,0.001389,1244997.0,0.0013885,7.202016564639054
1787025818007,0.001388,1158686.0,0.001389,461558.0,0.0013885,7.202016564639054
1787025818043,0.001388,1457281.0,0.001389,461558.0,0.0013885,7.202016564639054
1787025818097,0.001388,1457281.0,0.001389,550983.0,0.0013885,7.202016564639054
1787025818110,0.001388,1469165.0,0.001389,562867.0,0.0013885,7.202016564639054
1787025818118,0.001389,98505.0,0.00139,3383344.0,0.0013895000000000001,7.196833393306339
1787025818119,0.001389,636033.0,0.00139,1511689.0,0.0013895000000000001,7.196833393306339
1787025818120,0.001389,983105.0,0.00139,1463212.0,0.0013895000000000001,7.196833393306339
1787025818197,0.001389,983105.0,0.00139,1068613.0,0.0013895000000000001,7.196833393306339
1787025818230,0.001389,994980.0,0.00139,1080488.0,0.0013895000000000001,7.196833393306339
1787025818231,0.001389,1111697.0,0.00139,1944230.0,0.0013895000000000001,7.196833393306339
1787025818361,0.001389,1111697.0,0.00139,1940274.0,0.0013895000000000001,7.196833393306339
1787025818633,0.001389,1111697.0,0.00139,1951021.0,0.0013895000000000001,7.196833393306339
1787025818723,0.001389,1115657.0,0.00139,1951021.0,0.0013895000000000001,7.196833393306339
1787025819082,0.001389,1051410.0,0.00139,1951021.0,0.0013895000000000001,7.196833393306339
1787025819098,0.001389,1230106.0,0.00139,1951021.0,0.0013895000000000001,7.196833393306339
1787025819378,0.001389,1225640.0,0.00139,1951021.0,0.0013895000000000001,7.196833393306339
1787025819957,0.001389,1225640.0,0.00139,2009877.0,0.0013895000000000001,7.196833393306339
1787025820098,0.001389,1046944.0,0.00139,2009877.0,0.0013895000000000001,7.196833393306339
1787025820177,0.001389,1276160.0,0.00139,559551.0,0.0013895000000000001,7.196833393306339
1787025820178,0.00139,798514.0,0.001391,9238228.0,0.0013905,7.191657677095526
1787025820179,0.00139,32031.0,0.001391,8046092.0,0.0013905,7.191657677095526
1787025820180,0.00139,299881.0,0.001391,8187663.0,0.0013905,7.191657677095526
1787025820200,0.00139,287964.0,0.001391,8187663.0,0.0013905,7.191657677095526
1787025820299,0.00139,299831.0,0.001391,8199530.0,0.0013905,7.191657677095526
1787025820363,0.00139,299831.0,0.001391,8195574.0,0.0013905,7.191657677095526
1787025820382,0.00139,784037.0,0.001391,9015596.0,0.0013905,7.191657677095526
1787025820383,0.00139,772170.0,0.001391,9015596.0,0.0013905,7.191657677095526
1787025820398,0.00139,811762.0,0.001391,9015596.0,0.0013905,7.191657677095526
1787025820399,0.00139,823629.0,0.001391,9015596.0,0.0013905,7.191657677095526
1787025820418,0.00139,814286.0,0.001391,9015596.0,0.0013905,7.191657677095526
1787025820443,0.00139,789238.0,0.001391,9015596.0,0.0013905,7.191657677095526
1787025820879,0.00139,969269.0,0.001391,9015596.0,0.0013905,7.191657677095526
1787025821064,0.00139,969269.0,0.001391,9098998.0,0.0013905,7.191657677095526
1787025821097,0.00139,1147833.0,0.001391,9098998.0,0.0013905,7.191657677095526
1787025821105,0.00139,1151790.0,0.001391,9098998.0,0.0013905,7.191657677095526
1787025821106,0.00139,1151790.0,0.001391,2066874.0,0.0013905,7.191657677095526
1787025821107,0.00139,1151790.0,0.001391,1640707.0,0.0013905,7.191657677095526
1787025821108,0.00139,1450385.0,0.001391,1640707.0,0.0013905,7.191657677095526
1787025821109,0.00139,1450385.0,0.001391,1640707.0,0.0013905,7.191657677095526
1787025821115,0.00139,1450385.0,0.001391,8943718.0,0.0013905,7.191657677095526
1787025821116,0.00139,1450385.0,0.001391,8931851.0,0.0013905,7.191657677095526
1787025821275,0.00139,1450385.0,0.001391,8936196.0,0.0013905,7.191657677095526
1787025821276,0.00139,1450385.0,0.001391,8948063.0,0.0013905,7.191657677095526
1787025821399,0.00139,1410793.0,0.001391,8948063.0,0.0013905,7.191657677095526
1787025821560,0.00139,1402384.0,0.001391,8948063.0,0.0013905,7.191657677095526
1787025822573,0.00139,1398265.0,0.001391,8948063.0,0.0013905,7.191657677095526
1787025822902,0.00139,1392991.0,0.001391,8948063.0,0.0013905,7.191657677095526
1787025823065,0.00139,1392991.0,0.001391,8804183.0,0.0013905,7.191657677095526
1787025823066,0.00139,1622207.0,0.001391,8804183.0,0.0013905,7.191657677095526
1787025823067,0.00139,1381124.0,0.001391,4694268.0,0.0013905,7.191657677095526
1787025823068,0.00139,1392991.0,0.001391,2587702.0,0.0013905,7.191657677095526
1787025823071,0.00139,1392991.0,0.001391,2443822.0,0.0013905,7.191657677095526
1787025823072,0.001391,385454.0,0.001392,1463047.0,0.0013915,7.186489399927531
1787025823073,0.001391,130335.0,0.001392,727577.0,0.0013915,7.186489399927531
1787025823074,0.001391,432884.0,0.001392,583697.0,0.0013915,7.186489399927531
1787025823075,0.001391,481361.0,0.001392,583697.0,0.0013915,7.186489399927531
1787025823076,0.001391,481361.0,0.001392,680651.0,0.0013915,7.186489399927531
1787025823077,0.001391,579405.0,0.001392,916193.0,0.0013915,7.186489399927531
1787025823091,0.001391,574447.0,0.001392,916193.0,0.0013915,7.186489399927531
1787025823158,0.001391,574447.0,0.001392,928051.0,0.0013915,7.186489399927531
1787025823168,0.001391,586305.0,0.001392,928051.0,0.0013915,7.186489399927531
1787025823278,0.001391,1346987.0,0.001392,1717418.0,0.0013915,7.186489399927531
1787025823279,0.001391,1346987.0,0.001392,1717418.0,0.0013915,7.186489399927531
1787025823358,0.001391,1346987.0,0.001392,1713465.0,0.0013915,7.186489399927531
1787025823993,0.001391,1346987.0,0.001392,1717417.0,0.0013915,7.186489399927531
1787025824098,0.001391,1526865.0,0.001392,1717417.0,0.0013915,7.186489399927531
1787025824126,0.001391,1520097.0,0.001392,1717417.0,0.0013915,7.186489399927531
1787025824367,0.001391,1515583.0,0.001392,1717417.0,0.0013915,7.186489399927531
1787025824913,0.001391,1515583.0,0.001392,928050.0,0.0013915,7.186489399927531
1787025824914,0.001391,1515583.0,0.001392,867715.0,0.0013915,7.186489399927531
1787025824916,0.001391,1515583.0,0.001392,916192.0,0.0013915,7.186489399927531
1787025824975,0.001391,1511834.0,0.001392,916192.0,0.0013915,7.186489399927531
1787025825017,0.001391,1511834.0,0.001392,928050.0,0.0013915,7.186489399927531
1787025825050,0.001391,1748524.0,0.001392,928050.0,0.0013915,7.186489399927531
1787025825138,0.001391,1748524.0,0.001392,1723252.0,0.0013915,7.186489399927531
1787025825355,0.001391,1732500.0,0.001392,1723252.0,0.0013915,7.186489399927531
1787025825359,0.001391,1732500.0,0.001392,1793482.0,0.0013915,7.186489399927531
1787025825400,0.001391,1765113.0,0.001392,1793482.0,0.0013915,7.186489399927531
1787025825422,0.001391,1756045.0,0.001392,1793482.0,0.0013915,7.186489399927531
1787025825600,0.001391,1895732.0,0.001392,1793482.0,0.0013915,7.186489399927531
1787025825699,0.001391,2128978.0,0.001392,1793482.0,0.0013915,7.186489399927531
1787025825999,0.001391,1895732.0,0.001392,1793482.0,0.0013915,7.186489399927531
1787025826100,0.001391,1756045.0,0.001392,1793482.0,0.0013915,7.186489399927531
1787025826599,0.001391,1895732.0,0.001392,1793482.0,0.0013915,7.186489399927531
1787025826600,0.001391,1883874.0,0.001392,1793482.0,0.0013915,7.186489399927531
1787025826601,0.001391,1895732.0,0.001392,1793482.0,0.0013915,7.186489399927531
1787025826602,0.001391,1886150.0,0.001392,1793482.0,0.0013915,7.186489399927531
1787025826603,0.001391,1890104.0,0.001392,1723252.0,0.0013915,7.186489399927531
1787025826605,0.001391,1890104.0,0.001392,1723252.0,0.0013915,7.186489399927531
1787025826798,0.001391,1881180.0,0.001392,1723252.0,0.0013915,7.186489399927531
1787025826999,0.001391,1741493.0,0.001392,1723252.0,0.0013915,7.186489399927531
1787025827340,0.001391,1737180.0,0.001392,1723252.0,0.0013915,7.186489399927531
1787025827345,0.001391,1708495.0,0.001392,1723252.0,0.0013915,7.186489399927531
1787025827398,0.001391,1675882.0,0.001392,1723252.0,0.0013915,7.186489399927531
1787025827485,0.001391,1665684.0,0.001392,1723252.0,0.0013915,7.186489399927531
1787025827494,0.001391,1665684.0,0.001392,1674775.0,0.0013915,7.186489399927531
1787025828293,0.001391,1660703.0,0.001392,1674775.0,0.0013915,7.186489399927531
1787025828334,0.001391,1609406.0,0.001392,1674775.0,0.0013915,7.186489399927531
1787025828487,0.001391,1609406.0,0.001392,1685853.0,0.0013915,7.186489399927531
1787025828596,0.001391,1592407.0,0.001392,1685853.0,0.0013915,7.186489399927531
1787025828675,0.001391,1592407.0,0.001392,890651.0,0.0013915,7.186489399927531
1787025828833,0.001391,1592407.0,0.001392,939128.0,0.0013915,7.186489399927531
1787025828896,0.001391,1592407.0,0.001392,1793333.0,0.0013915,7.186489399927531
1787025828897,0.001391,1592407.0,0.001392,1793333.0,0.0013915,7.186489399927531
1787025828901,0.001391,1732094.0,0.001392,1793333.0,0.0013915,7.186489399927531
1787025828999,0.001391,1592407.0,0.001392,1793333.0,0.0013915,7.186489399927531
1787025829434,0.001391,1592407.0,0.001392,1801403.0,0.0013915,7.186489399927531
1787025829467,0.001391,1592407.0,0.001392,1098847.0,0.0013915,7.186489399927531
1787025829468,0.001391,2041037.0,0.001392,244642.0,0.0013915,7.186489399927531
1787025829470,0.001391,1811821.0,0.001392,244642.0,0.0013915,7.186489399927531
1787025829471,0.001391,1811821.0,0.001392,196165.0,0.0013915,7.186489399927531
1787025829478,0.001391,1840591.0,0.001392,196165.0,0.0013915,7.186489399927531
1787025829540,0.001391,1837081.0,0.001392,196165.0,0.0013915,7.186489399927531
1787025829590,0.001391,1837081.0,0.001392,244642.0,0.0013915,7.186489399927531
1787025829597,0.001391,1808311.0,0.001392,244642.0,0.0013915,7.186489399927531
1787025829600,0.001391,1808311.0,0.001392,293119.0,0.0013915,7.186489399927531
1787025829608,0.001391,1808311.0,0.001392,244642.0,0.0013915,7.186489399927531
1787025829609,0.001391,1808311.0,0.001392,293119.0,0.0013915,7.186489399927531
1787025829610,0.001391,1808311.0,0.001392,281261.0,0.0013915,7.186489399927531
1787025829612,0.001391,1808311.0,0.001392,293119.0,0.0013915,7.186489399927531
1787025829699,0.001391,1947998.0,0.001392,293119.0,0.0013915,7.186489399927531
1787025829999,0.001391,1808311.0,0.001392,293119.0,0.0013915,7.186489399927531
1787025830076,0.001391,1808311.0,0.001392,1035520.0,0.0013915,7.186489399927531
1787025830078,0.001391,1808311.0,0.001392,1035520.0,0.0013915,7.186489399927531
1787025830377,0.001391,1808311.0,0.001392,293119.0,0.0013915,7.186489399927531
1787025830378,0.001391,1808311.0,0.001392,244642.0,0.0013915,7.186489399927531
1787025830387,0.001391,1808311.0,0.001392,196165.0,0.0013915,7.186489399927531
1787025830388,0.001391,1837081.0,0.001392,196165.0,0.0013915,7.186489399927531
1787025830499,0.001391,1837081.0,0.001392,244642.0,0.0013915,7.186489399927531
1787025830508,0.001391,1808311.0,0.001392,244642.0,0.0013915,7.186489399927531
1787025830527,0.001391,1798505.0,0.001392,244642.0,0.0013915,7.186489399927531
1787025830598,0.001391,2171438.0,0.001392,244642.0,0.0013915,7.186489399927531
1787025830599,0.001391,2171438.0,0.001392,244642.0,0.0013915,7.186489399927531
1787025830904,0.001391,2171438.0,0.001392,293119.0,0.0013915,7.186489399927531
1787025831092,0.001391,2171438.0,0.001392,296891.0,0.0013915,7.186489399927531
1787025831166,0.001391,2171438.0,0.001392,248414.0,0.0013915,7.186489399927531
1787025831167,0.001391,2171438.0,0.001392,199937.0,0.0013915,7.186489399927531
1787025831168,0.001391,2200208.0,0.001392,188079.0,0.0013915,7.186489399927531
1787025831169,0.001391,2200208.0,0.001392,199937.0,0.0013915,7.186489399927531
1787025831361,0.001391,2429424.0,0.001392,3952.0,0.0013915,7.186489399927531
1787025831362,0.001392,632495.0,0.001393,3171966.0,0.0013925,7.181328545780365
1787025831363,0.001392,1130021.0,0.001393,2966424.0,0.0013925,7.181328545780365
1787025831364,0.001392,1182450.0,0.001393,2475797.0,0.0013925,7.181328545780365
1787025831365,0.001392,2019630.0,0.001393,2711369.0,0.0013925,7.181328545780365
1787025831366,0.001392,2019630.0,0.001393,2257976.0,0.0013925,7.181328545780365
1787025831436,0.001392,2019630.0,0.001393,1880435.0,0.0013925,7.181328545780365
1787025831472,0.001392,2031480.0,0.001393,1892285.0,0.0013925,7.181328545780365
1787025831499,0.001392,2404413.0,0.001393,1892285.0,0.0013925,7.181328545780365
1787025831795,0.001392,2396135.0,0.001393,1892285.0,0.0013925,7.181328545780365
1787025831961,0.001392,1558955.0,0.001393,1892285.0,0.0013925,7.181328545780365
1787025831981,0.001392,1289678.0,0.001393,1892285.0,0.0013925,7.181328545780365
1787025832098,0.001392,1378880.0,0.001393,1892285.0,0.0013925,7.181328545780365
1787025832099,0.001392,1145634.0,0.001393,1892285.0,0.0013925,7.181328545780365
1787025832200,0.001392,1005947.0,0.001393,1892285.0,0.0013925,7.181328545780365
1787025832299,0.001392,1013794.0,0.001393,1892285.0,0.0013925,7.181328545780365
1787025832399,0.001392,1054233.0,0.001393,1892285.0,0.0013925,7.181328545780365
1787025832858,0.001392,1828501.0,0.001393,1892285.0,0.0013925,7.181328545780365
1787025832859,0.001392,1828501.0,0.001393,1892285.0,0.0013925,7.181328545780365
1787025832860,0.001392,2097778.0,0.001393,1892285.0,0.0013925,7.181328545780365
1787025832961,0.001392,2091548.0,0.001393,1892285.0,0.0013925,7.181328545780365
1787025832980,0.001392,2091548.0,0.001393,2301105.0,0.0013925,7.181328545780365
1787025833000,0.001392,2464481.0,0.001393,2301105.0,0.0013925,7.181328545780365
1787025833098,0.001392,2553574.0,0.001393,2301105.0,0.0013925,7.181328545780365
1787025833099,0.001392,2553574.0,0.001393,2081691.0,0.0013925,7.181328545780365
1787025833376,0.001392,2553574.0,0.001393,1279015.0,0.0013925,7.181328545780365
1787025833377,0.001392,2553574.0,0.001393,1221546.0,0.0013925,7.181328545780365
1787025833415,0.001392,2547610.0,0.001393,1221546.0,0.0013925,7.181328545780365
1787025833482,0.001392,2776826.0,0.001393,1004393.0,0.0013925,7.181328545780365
1787025833483,0.001392,2776826.0,0.001393,1008342.0,0.0013925,7.181328545780365
1787025833484,0.001392,2909119.0,0.001393,360186.0,0.0013925,7.181328545780365
1787025833485,0.001393,839761.0,0.001394,2120395.0,0.0013935,7.17617509867336
1787025833486,0.001393,1122371.0,0.001394,1211837.0,0.0013935,7.17617509867336
1787025833487,0.001393,1280263.0,0.001394,1211837.0,0.0013935,7.17617509867336
1787025833489,0.001393,1280263.0,0.001394,1447249.0,0.0013935,7.17617509867336
1787025833561,0.001393,1280263.0,0.001394,1497249.0,0.0013935,7.17617509867336
1787025833577,0.001393,2100428.0,0.001394,1497249.0,0.0013935,7.17617509867336
1787025833578,0.001393,2100428.0,0.001394,2307785.0,0.0013935,7.17617509867336
1787025833599,0.001393,2473361.0,0.001394,2307785.0,0.0013935,7.17617509867336
1787025833671,0.001393,2485202.0,0.001394,2307785.0,0.0013935,7.17617509867336
1787025833672,0.001393,2485202.0,0.001394,2319626.0,0.0013935,7.17617509867336
1787025833691,0.001393,2458136.0,0.001394,2319626.0,0.0013935,7.17617509867336
1787025833732,0.001393,2449737.0,0.001394,2319626.0,0.0013935,7.17617509867336
1787025834001,0.001393,2446044.0,0.001394,2319626.0,0.0013935,7.17617509867336
1787025834072,0.001393,2446044.0,0.001394,2098764.0,0.0013935,7.17617509867336
1787025834074,0.001393,2446044.0,0.001394,1288228.0,0.0013935,7.17617509867336
1787025834076,0.001393,2446044.0,0.001394,1090342.0,0.0013935,7.17617509867336
1787025834078,0.001393,2474814.0,0.001394,1090342.0,0.0013935,7.17617509867336
1787025834097,0.001393,2652960.0,0.001394,1090342.0,0.0013935,7.17617509867336
1787025834281,0.001393,2652960.0,0.001394,1041865.0,0.0013935,7.17617509867336
1787025834283,0.001393,2652960.0,0.001394,1090342.0,0.0013935,7.17617509867336
1787025834317,0.001393,2623539.0,0.001394,1090342.0,0.0013935,7.17617509867336
1787025834377,0.001393,2623539.0,0.001394,1939456.0,0.0013935,7.17617509867336
1787025834379,0.001393,2594769.0,0.001394,1939456.0,0.0013935,7.17617509867336
1787025834399,0.001393,2594769.0,0.001394,1899023.0,0.0013935,7.17617509867336
1787025834400,0.001393,2823985.0,0.001394,1049909.0,0.0013935,7.17617509867336
1787025834401,0.001393,2594769.0,0.001394,1038068.0,0.0013935,7.17617509867336
1787025834410,0.001393,2594769.0,0.001394,1042014.0,0.0013935,7.17617509867336
1787025834447,0.001393,2594769.0,0.001394,1053855.0,0.0013935,7.17617509867336
1787025834705,0.001393,2594769.0,0.001394,1793540.0,0.0013935,7.17617509867336
1787025835032,0.001393,2585335.0,0.001394,1793540.0,0.0013935,7.17617509867336
1787025835219,0.001393,2581870.0,0.001394,1793540.0,0.0013935,7.17617509867336
1787025835338,0.001393,2597424.0,0.001394,1793540.0,0.0013935,7.17617509867336
1787025835399,0.001393,2637647.0,0.001394,1793540.0,0.0013935,7.17617509867336
1787025835925,0.001393,2637647.0,0.001394,1053855.0,0.0013935,7.17617509867336
1787025835926,0.001393,2637647.0,0.001394,1042014.0,0.0013935,7.17617509867336
1787025835927,0.001393,3172156.0,0.001394,1053855.0,0.0013935,7.17617509867336
1787025835929,0.001393,3172156.0,0.001394,1003855.0,0.0013935,7.17617509867336
1787025836079,0.001393,3138361.0,0.001394,1003855.0,0.0013935,7.17617509867336
1787025836125,0.001393,3138361.0,0.001394,1767530.0,0.0013935,7.17617509867336
1787025836221,0.001393,3138361.0,0.001394,1778980.0,0.0013935,7.17617509867336
1787025836501,0.001393,3138361.0,0.001394,1015305.0,0.0013935,7.17617509867336
1787025836503,0.001393,3138361.0,0.001394,1015305.0,0.0013935,7.17617509867336
1787025836529,0.001393,3131498.0,0.001394,1015305.0,0.0013935,7.17617509867336
1787025836598,0.001393,3159600.0,0.001394,1015305.0,0.0013935,7.17617509867336
1787025836836,0.001393,3159600.0,0.001394,1851938.0,0.0013935,7.17617509867336
1787025837077,0.001393,3159600.0,0.001394,1887806.0,0.0013935,7.17617509867336
1787025837596,0.001393,3131498.0,0.001394,1887806.0,0.0013935,7.17617509867336
1787025837601,0.001393,3131498.0,0.001394,1851938.0,0.0013935,7.17617509867336
1787025837623,0.001393,3127585.0,0.001394,1851938.0,0.0013935,7.17617509867336
1787025838139,0.001393,3127585.0,0.001394,1890767.0,0.0013935,7.17617509867336
1787025838241,0.001393,3123992.0,0.001394,1890767.0,0.0013935,7.17617509867336
1787025838541,0.001393,2993064.0,0.001394,1890767.0,0.0013935,7.17617509867336
1787025838543,0.001393,2993064.0,0.001394,2146527.0,0.0013935,7.17617509867336
1787025838544,0.001393,2172899.0,0.001394,2134686.0,0.0013935,7.17617509867336
1787025838545,0.001393,2172899.0,0.001394,2146527.0,0.0013935,7.17617509867336
1787025838568,0.001393,2224359.0,0.001394,2146527.0,0.0013935,7.17617509867336
1787025838595,0.001393,2219650.0,0.001394,2146527.0,0.0013935,7.17617509867336
1787025838927,0.001393,2990164.0,0.001394,2146527.0,0.0013935,7.17617509867336
1787025838928,0.001393,2978323.0,0.001394,2146527.0,0.0013935,7.17617509867336
1787025838929,0.001393,2990164.0,0.001394,2146527.0,0.0013935,7.17617509867336
1787025839005,0.001393,2990164.0,0.001394,2142869.0,0.0013935,7.17617509867336
1787025839101,0.001393,2756918.0,0.001394,2142869.0,0.0013935,7.17617509867336
1787025839201,0.001393,2617231.0,0.001394,2142869.0,0.0013935,7.17617509867336
1787025839400,0.001393,2577008.0,0.001394,2142869.0,0.0013935,7.17617509867336
1787025839599,0.001393,2716695.0,0.001394,2142869.0,0.0013935,7.17617509867336
1787025839600,0.001393,2949941.0,0.001394,2142869.0,0.0013935,7.17617509867336
1787025839655,0.001393,2941648.0,0.001394,2142869.0,0.0013935,7.17617509867336
1787025840099,0.001393,3030133.0,0.001394,2142869.0,0.0013935,7.17617509867336
1787025840399,0.001393,3069296.0,0.001394,2142869.0,0.0013935,7.17617509867336
1787025840458,0.001393,3062126.0,0.001394,2142869.0,0.0013935,7.17617509867336
1787025840516,0.001393,2550549.0,0.001394,2142869.0,0.0013935,7.17617509867336
1787025840517,0.001393,1606806.0,0.001394,2142869.0,0.0013935,7.17617509867336
1787025840545,0.001393,1610396.0,0.001394,2142869.0,0.0013935,7.17617509867336
1787025840549,0.001393,1610462.0,0.001394,2670332.0,0.0013935,7.17617509867336
1787025840550,0.001393,508935.0,0.001394,2892882.0,0.0013935,7.17617509867336
1787025840551,0.001393,504237.0,0.001394,3122098.0,0.0013935,7.17617509867336
1787025840552,0.001392,1684367.0,0.001393,742260.0,0.0013925,7.181328545780365
1787025840553,0.001392,978054.0,0.001393,1447448.0,0.0013925,7.181328545780365
1787025840554,0.001392,849903.0,0.001393,1548351.0,0.0013925,7.181328545780365
1787025840627,0.001392,861753.0,0.001393,1560201.0,0.0013925,7.181328545780365
1787025840682,0.001392,1019385.0,0.001393,1560201.0,0.0013925,7.181328545780365
1787025840689,0.001392,1010470.0,0.001393,1560201.0,0.0013925,7.181328545780365
1787025840718,0.001392,1010470.0,0.001393,2328126.0,0.0013925,7.181328545780365
1787025840719,0.001392,1842721.0,0.001393,2328126.0,0.0013925,7.181328545780365
1787025840720,0.001392,1830871.0,0.001393,2328126.0,0.0013925,7.181328545780365
1787025840747,0.001392,1842721.0,0.001393,2328126.0,0.0013925,7.181328545780365
1787025840748,0.001392,1842721.0,0.001393,2279649.0,0.0013925,7.181328545780365
1787025840796,0.001392,1842721.0,0.001393,2286830.0,0.0013925,7.181328545780365
1787025840978,0.001392,1790980.0,0.001393,2286830.0,0.0013925,7.181328545780365
1787025841098,0.001392,1790980.0,0.001393,1210018.0,0.0013925,7.181328545780365
1787025841099,0.001392,1879682.0,0.001393,71457.0,0.0013925,7.181328545780365
1787025841100,0.001392,1879682.0,0.001393,71457.0,0.0013925,7.181328545780365
1787025841151,0.001392,1879682.0,0.001393,294007.0,0.0013925,7.181328545780365
1787025841152,0.001392,1879682.0,0.001393,282157.0,0.0013925,7.181328545780365
1787025841321,0.001392,1879682.0,0.001393,294007.0,0.0013925,7.181328545780365
1787025841322,0.001392,1663543.0,0.001393,294007.0,0.0013925,7.181328545780365
1787025841324,0.001392,1663543.0,0.001393,536881.0,0.0013925,7.181328545780365
1787025841326,0.001392,1663543.0,0.001393,585358.0,0.0013925,7.181328545780365
1787025841400,0.001392,1663543.0,0.001393,1433467.0,0.0013925,7.181328545780365
1787025841401,0.001392,1663543.0,0.001393,1421617.0,0.0013925,7.181328545780365
1787025841408,0.001392,1575051.0,0.001393,1421617.0,0.0013925,7.181328545780365
1787025841426,0.001392,1575051.0,0.001393,1433467.0,0.0013925,7.181328545780365
1787025841803,0.001392,1570075.0,0.001393,1433467.0,0.0013925,7.181328545780365
1787025841825,0.001392,737824.0,0.001393,1433467.0,0.0013925,7.181328545780365
1787025841826,0.001392,468547.0,0.001393,1433467.0,0.0013925,7.181328545780365
1787025841879,0.001392,648274.0,0.001393,1433467.0,0.0013925,7.181328545780365
1787025842013,0.001392,469139.0,0.001393,1433467.0,0.0013925,7.181328545780365
1787025842014,0.001392,461241.0,0.001393,1433467.0,0.0013925,7.181328545780365
1787025842015,0.001392,473091.0,0.001393,1433467.0,0.0013925,7.181328545780365
1787025842016,0.001392,521568.0,0.001393,1433467.0,0.0013925,7.181328545780365
1787025842077,0.001392,1301016.0,0.001393,1433467.0,0.0013925,7.181328545780365
1787025842078,0.001392,1289166.0,0.001393,1384990.0,0.0013925,7.181328545780365
1787025842228,0.001392,1301016.0,0.001393,1384990.0,0.0013925,7.181328545780365
1787025842791,0.001392,521568.0,0.001393,1384990.0,0.0013925,7.181328545780365
1787025842793,0.001392,521568.0,0.001393,1753939.0,0.0013925,7.181328545780365
1787025842879,0.001392,514419.0,0.001393,1753939.0,0.0013925,7.181328545780365
1787025843066,0.001392,518965.0,0.001393,1753939.0,0.0013925,7.181328545780365
1787025843099,0.001392,430263.0,0.001393,1842631.0,0.0013925,7.181328545780365
1787025843552,0.001392,1313995.0,0.001393,1842631.0,0.0013925,7.181328545780365
1787025843553,0.001392,1313995.0,0.001393,1842631.0,0.0013925,7.181328545780365
1787025843554,0.001392,1313995.0,0.001393,1473682.0,0.0013925,7.181328545780365
1787025843581,0.001392,1260978.0,0.001393,1473682.0,0.0013925,7.181328545780365
1787025843582,0.001392,1294602.0,0.001393,1931060.0,0.0013925,7.181328545780365
1787025843583,0.001392,1294602.0,0.001393,1473682.0,0.0013925,7.181328545780365
1787025843584,0.001392,1294602.0,0.001393,1473682.0,0.0013925,7.181328545780365
1787025843657,0.001392,1354602.0,0.001393,1473682.0,0.0013925,7.181328545780365
1787025843658,0.001392,1244703.0,0.001393,1473682.0,0.0013925,7.181328545780365
1787025844087,0.001392,1239599.0,0.001393,1473682.0,0.0013925,7.181328545780365
1787025844099,0.001392,1328180.0,0.001393,1384990.0,0.0013925,7.181328545780365
1787025844435,0.001392,1571054.0,0.001393,1384990.0,0.0013925,7.181328545780365
1787025844545,0.001392,1567316.0,0.001393,1384990.0,0.0013925,7.181328545780365
1787025844946,0.001392,1567316.0,0.001393,1388991.0,0.0013925,7.181328545780365
1787025845000,0.001392,1563634.0,0.001393,1388991.0,0.0013925,7.181328545780365
1787025845018,0.001392,1563634.0,0.001393,1276603.0,0.0013925,7.181328545780365
1787025845020,0.001392,1563634.0,0.001393,432443.0,0.0013925,7.181328545780365
1787025845022,0.001392,1563634.0,0.001393,480920.0,0.0013925,7.181328545780365
1787025845035,0.001392,1559342.0,0.001393,480920.0,0.0013925,7.181328545780365
1787025845327,0.001392,1559342.0,0.001393,529397.0,0.0013925,7.181328545780365
1787025845329,0.001392,1559342.0,0.001393,1354634.0,0.0013925,7.181328545780365
1787025845330,0.001392,1559342.0,0.001393,1354634.0,0.0013925,7.181328545780365
1787025845581,0.001392,1555605.0,0.001393,1354634.0,0.0013925,7.181328545780365
1787025845795,0.001392,1555605.0,0.001393,1361815.0,0.0013925,7.181328545780365
1787025846295,0.001392,1555605.0,0.001393,1354634.0,0.0013925,7.181328545780365
1787025846644,0.001392,1555605.0,0.001393,1306157.0,0.0013925,7.181328545780365
1787025846671,0.001392,1550381.0,0.001393,1306157.0,0.0013925,7.181328545780365
1787025846798,0.001392,1550381.0,0.001393,1313338.0,0.0013925,7.181328545780365
1787025847166,0.001392,1536219.0,0.001393,1313338.0,0.0013925,7.181328545780365
1787025848009,0.001392,1527278.0,0.001393,1313338.0,0.0013925,7.181328545780365
1787025848396,0.001392,1527278.0,0.001393,2822165.0,0.0013925,7.181328545780365
1787025848397,0.001392,1527278.0,0.001393,2822165.0,0.0013925,7.181328545780365
1787025848831,0.001392,1527278.0,0.001393,2899433.0,0.0013925,7.181328545780365
1787025849099,0.001392,1438697.0,0.001393,2987530.0,0.0013925,7.181328545780365
1787025849100,0.001392,312091.0,0.001393,2987530.0,0.0013925,7.181328545780365
1787025849101,0.001392,312091.0,0.001393,2987530.0,0.0013925,7.181328545780365
1787025849102,0.001391,1950780.0,0.001392,408523.0,0.0013915,7.186489399927531
1787025849103,0.001391,1343707.0,0.001392,247211.0,0.0013915,7.186489399927531
1787025849104,0.001391,743140.0,0.001392,494037.0,0.0013915,7.186489399927531
1787025849105,0.001391,523726.0,0.001392,563490.0,0.0013915,7.186489399927531
1787025849106,0.001391,523726.0,0.001392,863630.0,0.0013915,7.186489399927531
1787025849109,0.001391,523726.0,0.001392,912107.0,0.0013915,7.186489399927531
1787025849118,0.001391,523726.0,0.001392,863630.0,0.0013915,7.186489399927531
1787025849119,0.001391,584094.0,0.001392,863630.0,0.0013915,7.186489399927531
1787025849170,0.001391,584094.0,0.001392,912107.0,0.0013915,7.186489399927531
1787025849171,0.001391,584094.0,0.001392,923965.0,0.0013915,7.186489399927531
1787025849185,0.001391,580284.0,0.001392,923965.0,0.0013915,7.186489399927531
1787025849227,0.001391,592142.0,0.001392,923965.0,0.0013915,7.186489399927531
1787025849298,0.001391,592142.0,0.001392,931151.0,0.0013915,7.186489399927531
1787025849307,0.001391,592142.0,0.001392,1807656.0,0.0013915,7.186489399927531
1787025849308,0.001391,438302.0,0.001392,1795798.0,0.0013915,7.186489399927531
1787025849309,0.001391,486779.0,0.001392,1807656.0,0.0013915,7.186489399927531
1787025849362,0.001391,482826.0,0.001392,1807656.0,0.0013915,7.186489399927531
1787025849548,0.001391,1392977.0,0.001392,1807656.0,0.0013915,7.186489399927531
1787025849549,0.001391,1392977.0,0.001392,1807656.0,0.0013915,7.186489399927531
1787025849680,0.001391,1444041.0,0.001392,1807656.0,0.0013915,7.186489399927531
1787025849833,0.001391,1444041.0,0.001392,1884704.0,0.0013915,7.186489399927531
1787025849834,0.001391,533890.0,0.001392,1884704.0,0.0013915,7.186489399927531
1787025849879,0.001391,713764.0,0.001392,1884704.0,0.0013915,7.186489399927531
1787025849894,0.001391,662023.0,0.001392,1884704.0,0.0013915,7.186489399927531
1787025850099,0.001391,662023.0,0.001392,1972804.0,0.0013915,7.186489399927531
1787025850133,0.001391,683345.0,0.001392,1972804.0,0.0013915,7.186489399927531
1787025850161,0.001391,678880.0,0.001392,1972804.0,0.0013915,7.186489399927531
1787025850179,0.001391,697657.0,0.001392,1972804.0,0.0013915,7.186489399927531
1787025850620,0.001391,1447485.0,0.001392,1972804.0,0.0013915,7.186489399927531
