capture,lat_ms,profile,order_usd,cap_usd,ts,side,px,notional,fee,flow_entry,spread_entry_bp,inventory_after_qty
gala_v6,10,symmetric,25.0,100.0,1787022616500,sell,0.001456,25.0,0.005,-0.1025780367185161,6.870491240124581,-17170.32967032967
gala_v6,10,symmetric,25.0,100.0,1787022618750,sell,0.001456,25.0,0.005,0.6242288707079293,6.870491240124581,-34340.65934065934
gala_v6,10,symmetric,25.0,100.0,1787022624000,buy,0.001453,25.0,0.005,-0.49541993751543856,6.8799449604397385,-17134.87819819547
gala_v6,10,symmetric,25.0,100.0,1787022624000,sell,0.001454,25.0,0.005,-0.49541993751543856,6.8799449604397385,-34328.82592859437
gala_v6,10,symmetric,25.0,100.0,1787022631000,buy,0.001447,25.0,0.005,-0.3098124291203789,6.908462867013006,-17051.700842208746
gala_v6,10,symmetric,25.0,100.0,1787022632250,sell,0.001448,24.999999999999996,0.004999999999999999,-0.3098124291203789,6.908462867013006,-34316.89421237449
gala_v6,10,symmetric,25.0,100.0,1787022635500,sell,0.001448,24.999999999999996,0.004999999999999999,0.23684467966464803,6.908462867013006,-51582.08758254023
gala_v6,10,symmetric,25.0,100.0,1787022659750,buy,0.001448,24.999999999999996,0.004999999999999999,-0.9844847111852127,6.903693476009083,-34316.89421237449
gala_v6,10,symmetric,25.0,100.0,1787022665250,buy,0.001451,25.0,0.005,0.9912942030163516,6.889424733034212,-17087.397313683934
gala_v6,10,symmetric,25.0,100.0,1787022666250,buy,0.001451,25.0,0.005,-0.8202085868865167,6.889424733034212,142.0995850066247
gala_v6,10,symmetric,25.0,100.0,1787022666250,sell,0.001452,25.0,0.005,0.9912942030163516,6.889424733034212,-17075.531268987866
gala_v6,10,symmetric,25.0,100.0,1787022668000,buy,0.001451,25.0,0.005,-0.6931821137866859,6.889424733034212,153.96562970269224
gala_v6,10,symmetric,25.0,100.0,1787022668750,sell,0.001452,25.0,0.005,-0.6931821137866859,6.889424733034212,-17063.6652242918
gala_v6,10,symmetric,25.0,100.0,1787022684000,buy,0.00146,24.999999999999996,0.004999999999999999,0.8421054852952848,6.846970215680472,59.622446941077214
gala_v6,10,symmetric,25.0,100.0,1787022685500,sell,0.001461,25.0,0.005,0.8421054852952848,6.846970215680472,-17051.944972634556
gala_v6,10,symmetric,25.0,100.0,1787022699250,sell,0.001463,25.0,0.005,0.9415360286904535,6.837606837607745,-34140.11995554638
gala_v6,10,symmetric,25.0,100.0,1787022706250,sell,0.001463,25.0,0.005,-0.9999999999999996,6.837606837607745,-51228.2949384582
gala_v6,10,symmetric,25.0,100.0,1787022711750,buy,0.001463,25.0,0.005,0.09715224691948735,6.832934745472606,-34140.11995554638
gala_v6,10,symmetric,25.0,100.0,1787022713750,sell,0.001463,25.0,0.005,-0.5478170373764116,6.837606837607745,-51228.2949384582
gala_v6,10,symmetric,25.0,100.0,1787022751250,buy,0.001467,25.0,0.005,0.9449525449521878,6.814310051106752,-34186.713479698825
gala_v6,10,symmetric,25.0,100.0,1787022781750,buy,0.001467,25.0,0.005,-0.8116620489320422,6.814310051106752,-17145.13202093945
gala_v6,10,symmetric,25.0,100.0,1787022782000,buy,0.001467,25.0,0.005,-0.8656350162119946,6.814310051106752,-103.55056218007667
gala_v6,10,symmetric,25.0,300.0,1787022616500,sell,0.001456,25.0,0.005,-0.1025780367185161,6.870491240124581,-17170.32967032967
gala_v6,10,symmetric,25.0,300.0,1787022618750,sell,0.001456,25.0,0.005,0.6242288707079293,6.870491240124581,-34340.65934065934
gala_v6,10,symmetric,25.0,300.0,1787022624000,buy,0.001453,25.0,0.005,-0.49541993751543856,6.8799449604397385,-17134.87819819547
gala_v6,10,symmetric,25.0,300.0,1787022624000,sell,0.001454,25.0,0.005,-0.49541993751543856,6.8799449604397385,-34328.82592859437
gala_v6,10,symmetric,25.0,300.0,1787022631000,buy,0.001447,25.0,0.005,-0.3098124291203789,6.908462867013006,-17051.700842208746
gala_v6,10,symmetric,25.0,300.0,1787022632250,sell,0.001448,24.999999999999996,0.004999999999999999,-0.3098124291203789,6.908462867013006,-34316.89421237449
gala_v6,10,symmetric,25.0,300.0,1787022635500,sell,0.001448,24.999999999999996,0.004999999999999999,0.23684467966464803,6.908462867013006,-51582.08758254023
gala_v6,10,symmetric,25.0,300.0,1787022637750,sell,0.001449,25.0,0.005,0.9968795408732797,6.903693476009083,-68835.36570538358
gala_v6,10,symmetric,25.0,300.0,1787022652000,sell,0.001446,25.0,0.005,0.26519304268825916,6.918021445865899,-86124.43901105439
gala_v6,10,symmetric,25.0,300.0,1787022659750,buy,0.001448,24.999999999999996,0.004999999999999999,-0.9844847111852127,6.903693476009083,-68859.24564088865
gala_v6,10,symmetric,25.0,300.0,1787022665250,buy,0.001451,25.0,0.005,0.9912942030163516,6.889424733034212,-51629.74874219809
gala_v6,10,symmetric,25.0,300.0,1787022666250,buy,0.001451,25.0,0.005,-0.8202085868865167,6.889424733034212,-34400.25184350753
gala_v6,10,symmetric,25.0,300.0,1787022666250,sell,0.001452,25.0,0.005,0.9912942030163516,6.889424733034212,-51617.88269750202
gala_v6,10,symmetric,25.0,300.0,1787022668000,buy,0.001451,25.0,0.005,-0.6931821137866859,6.889424733034212,-34388.38579881146
gala_v6,10,symmetric,25.0,300.0,1787022668750,sell,0.001452,25.0,0.005,-0.6931821137866859,6.889424733034212,-51606.01665280595
gala_v6,10,symmetric,25.0,300.0,1787022684000,buy,0.00146,24.999999999999996,0.004999999999999999,0.8421054852952848,6.846970215680472,-34482.72898157308
gala_v6,10,symmetric,25.0,300.0,1787022685500,sell,0.001461,25.0,0.005,0.8421054852952848,6.846970215680472,-51594.296401148706
gala_v6,10,symmetric,25.0,300.0,1787022699250,sell,0.001463,25.0,0.005,0.9415360286904535,6.837606837607745,-68682.47138406053
gala_v6,10,symmetric,25.0,300.0,1787022706250,sell,0.001463,25.0,0.005,-0.9999999999999996,6.837606837607745,-85770.64636697235
gala_v6,10,symmetric,25.0,300.0,1787022711750,buy,0.001463,25.0,0.005,0.09715224691948735,6.832934745472606,-68682.47138406053
gala_v6,10,symmetric,25.0,300.0,1787022713750,sell,0.001463,25.0,0.005,-0.5478170373764116,6.837606837607745,-85770.64636697235
gala_v6,10,symmetric,25.0,300.0,1787022751250,buy,0.001467,25.0,0.005,0.9449525449521878,6.814310051106752,-68729.06490821297
gala_v6,10,symmetric,25.0,300.0,1787022763750,sell,0.001469,25.0,0.005,0.17144430584460557,6.809669731018949,-85747.44475845122
gala_v6,10,symmetric,25.0,300.0,1787022764250,sell,0.001469,25.0,0.005,0.7077811265388678,6.809669731018949,-102765.82460868948
gala_v6,10,symmetric,25.0,300.0,1787022781750,buy,0.001467,25.0,0.005,-0.8116620489320422,6.814310051106752,-85724.2431499301
gala_v6,10,symmetric,25.0,300.0,1787022782000,buy,0.001467,25.0,0.005,-0.8656350162119946,6.814310051106752,-68682.66169117072
gala_v6,10,symmetric,100.0,100.0,1787022616500,sell,0.001456,100.0,0.02,-0.1025780367185161,6.870491240124581,-68681.31868131868
gala_v6,10,symmetric,100.0,100.0,1787022624000,buy,0.001453,100.0,0.02,-0.49541993751543856,6.8799449604397385,141.80588853679365
gala_v6,10,symmetric,100.0,100.0,1787022635500,sell,0.001448,99.99999999999999,0.019999999999999997,0.23684467966464803,6.908462867013006,-68918.96759212618
gala_v6,10,symmetric,100.0,100.0,1787022659750,buy,0.001448,99.99999999999999,0.019999999999999997,-0.9844847111852127,6.903693476009083,141.80588853679365
gala_v6,10,symmetric,100.0,100.0,1787022665250,buy,0.001451,100.0,0.02,0.9912942030163516,6.889424733034212,69059.79348329903
gala_v6,10,symmetric,100.0,100.0,1787022667250,sell,0.001452,100.0,0.02,0.9912942030163516,6.889424733034212,189.27006732106383
gala_v6,10,symmetric,100.0,100.0,1787022684000,buy,0.00146,99.99999999999999,0.019999999999999997,0.8421054852952848,6.846970215680472,68682.42075225257
gala_v6,10,symmetric,100.0,100.0,1787022685500,sell,0.001461,100.0,0.02,0.8421054852952848,6.846970215680472,236.15107395003724
gala_v6,10,symmetric,100.0,100.0,1787022699250,sell,0.001463,100.0,0.02,0.9415360286904535,6.837606837607745,-68116.54885769726
gala_v6,10,symmetric,100.0,100.0,1787022711750,buy,0.001463,100.0,0.02,0.09715224691948735,6.832934745472606,236.15107395003724
gala_v6,10,symmetric,100.0,100.0,1787022713750,sell,0.001463,100.0,0.02,-0.5478170373764116,6.837606837607745,-68116.54885769726
gala_v6,10,symmetric,100.0,100.0,1787022751250,buy,0.001467,100.0,0.02,0.9449525449521878,6.814310051106752,49.77697734023968
gala_v6,10,symmetric,100.0,100.0,1787022763750,sell,0.001469,100.0,0.02,0.17144430584460557,6.809669731018949,-68023.74242361278
gala_v6,10,symmetric,100.0,100.0,1787022781750,buy,0.001467,100.0,0.02,-0.8116620489320422,6.814310051106752,142.5834114247118
gala_v6,10,symmetric,100.0,100.0,1787022782000,buy,0.001467,100.0,0.02,-0.8656350162119946,6.814310051106752,68308.90924646221
gala_v6,10,symmetric,100.0,300.0,1787022616500,sell,0.001456,100.0,0.02,-0.1025780367185161,6.870491240124581,-68681.31868131868
gala_v6,10,symmetric,100.0,300.0,1787022618750,sell,0.001456,100.0,0.02,0.6242288707079293,6.870491240124581,-137362.63736263735
gala_v6,10,symmetric,100.0,300.0,1787022624000,buy,0.001453,100.0,0.02,-0.49541993751543856,6.8799449604397385,-68539.51279278188
gala_v6,10,symmetric,100.0,300.0,1787022635500,sell,0.001448,99.99999999999999,0.019999999999999997,0.23684467966464803,6.908462867013006,-137600.28627344486
gala_v6,10,symmetric,100.0,300.0,1787022659750,buy,0.001448,99.99999999999999,0.019999999999999997,-0.9844847111852127,6.903693476009083,-68539.51279278188
gala_v6,10,symmetric,100.0,300.0,1787022665250,buy,0.001451,100.0,0.02,0.9912942030163516,6.889424733034212,378.4748019803519
gala_v6,10,symmetric,100.0,300.0,1787022666250,buy,0.001451,100.0,0.02,-0.8202085868865167,6.889424733034212,69296.46239674259
gala_v6,10,symmetric,100.0,300.0,1787022667250,sell,0.001452,100.0,0.02,0.9912942030163516,6.889424733034212,425.9389807646221
gala_v6,10,symmetric,100.0,300.0,1787022668000,buy,0.001451,100.0,0.02,-0.6931821137866859,6.889424733034212,69343.92657552686
gala_v6,10,symmetric,100.0,300.0,1787022684000,buy,0.00146,99.99999999999999,0.019999999999999997,0.8421054852952848,6.846970215680472,137837.07726045838
gala_v6,10,symmetric,100.0,300.0,1787022685500,sell,0.001461,100.0,0.02,0.8421054852952848,6.846970215680472,69390.80758215585
gala_v6,10,symmetric,100.0,300.0,1787022699250,sell,0.001463,100.0,0.02,0.9415360286904535,6.837606837607745,1038.1076505085512
gala_v6,10,symmetric,100.0,300.0,1787022706250,sell,0.001463,100.0,0.02,-0.9999999999999996,6.837606837607745,-67314.59228113874
gala_v6,10,symmetric,100.0,300.0,1787022711750,buy,0.001463,100.0,0.02,0.09715224691948735,6.832934745472606,1038.1076505085512
gala_v6,10,symmetric,100.0,300.0,1787022713750,sell,0.001463,100.0,0.02,-0.5478170373764116,6.837606837607745,-67314.59228113874
gala_v6,10,symmetric,100.0,300.0,1787022751250,buy,0.001467,100.0,0.02,0.9449525449521878,6.814310051106752,851.7335538987536
gala_v6,10,symmetric,100.0,300.0,1787022763750,sell,0.001469,100.0,0.02,0.17144430584460557,6.809669731018949,-67221.78584705427
gala_v6,10,symmetric,100.0,300.0,1787022764250,sell,0.001469,100.0,0.02,0.7077811265388678,6.809669731018949,-135295.3052480073
gala_v6,10,symmetric,100.0,300.0,1787022781750,buy,0.001467,100.0,0.02,-0.8116620489320422,6.814310051106752,-67128.9794129698
gala_v6,10,symmetric,100.0,300.0,1787022782000,buy,0.001467,100.0,0.02,-0.8656350162119946,6.814310051106752,1037.3464220676979
gala_v6,10,tox20,25.0,100.0,1787022616500,sell,0.001456,25.0,0.005,-0.1025780367185161,6.870491240124581,-17170.32967032967
gala_v6,10,tox20,25.0,100.0,1787022624000,sell,0.001454,25.0,0.005,-0.49541993751543856,6.8799449604397385,-34364.27740072857
gala_v6,10,tox20,25.0,100.0,1787022635500,sell,0.001448,24.999999999999996,0.004999999999999999,-0.9999999999999986,6.908462867013006,-51629.47077089432
gala_v6,10,tox20,25.0,100.0,1787022684000,buy,0.00146,24.999999999999996,0.004999999999999999,0.8421054852952848,6.846970215680472,-34506.183099661444
gala_v6,10,tox20,25.0,100.0,1787022751250,buy,0.001467,25.0,0.005,0.9449525449521878,6.814310051106752,-17464.60164090207
gala_v6,10,tox20,25.0,100.0,1787022763750,sell,0.001469,25.0,0.005,0.17144430584460557,6.809669731018949,-34482.98149114032
gala_v6,10,tox20,25.0,300.0,1787022616500,sell,0.001456,25.0,0.005,-0.1025780367185161,6.870491240124581,-17170.32967032967
gala_v6,10,tox20,25.0,300.0,1787022624000,sell,0.001454,25.0,0.005,-0.49541993751543856,6.8799449604397385,-34364.27740072857
gala_v6,10,tox20,25.0,300.0,1787022635500,sell,0.001448,24.999999999999996,0.004999999999999999,-0.9999999999999986,6.908462867013006,-51629.47077089432
gala_v6,10,tox20,25.0,300.0,1787022684000,buy,0.00146,24.999999999999996,0.004999999999999999,0.8421054852952848,6.846970215680472,-34506.183099661444
gala_v6,10,tox20,25.0,300.0,1787022706250,sell,0.001463,25.0,0.005,-0.9999999999999996,6.837606837607745,-51594.358082573264
gala_v6,10,tox20,25.0,300.0,1787022713750,sell,0.001463,25.0,0.005,-0.5478170373764116,6.837606837607745,-68682.53306548508
gala_v6,10,tox20,25.0,300.0,1787022751250,buy,0.001467,25.0,0.005,0.9449525449521878,6.814310051106752,-51640.95160672571
gala_v6,10,tox20,25.0,300.0,1787022763750,sell,0.001469,25.0,0.005,0.17144430584460557,6.809669731018949,-68659.33145696396
gala_v6,10,tox20,100.0,100.0,1787022616500,sell,0.001456,100.0,0.02,-0.1025780367185161,6.870491240124581,-68681.31868131868
gala_v6,10,tox20,100.0,100.0,1787022684000,buy,0.00146,99.99999999999999,0.019999999999999997,0.8421054852952848,6.846970215680472,-188.16799638717202
gala_v6,10,tox20,100.0,100.0,1787022706250,sell,0.001463,100.0,0.02,-0.9999999999999996,6.837606837607745,-68540.86792803447
gala_v6,10,tox20,100.0,100.0,1787022751250,buy,0.001467,100.0,0.02,0.9449525449521878,6.814310051106752,-374.5420929969696
gala_v6,10,tox20,100.0,100.0,1787022763750,sell,0.001469,100.0,0.02,0.17144430584460557,6.809669731018949,-68448.06149395
gala_v6,10,tox20,100.0,300.0,1787022616500,sell,0.001456,100.0,0.02,-0.1025780367185161,6.870491240124581,-68681.31868131868
gala_v6,10,tox20,100.0,300.0,1787022624000,sell,0.001454,100.0,0.02,-0.49541993751543856,6.8799449604397385,-137457.10960291428
gala_v6,10,tox20,100.0,300.0,1787022684000,buy,0.00146,99.99999999999999,0.019999999999999997,0.8421054852952848,6.846970215680472,-68963.95891798277
gala_v6,10,tox20,100.0,300.0,1787022706250,sell,0.001463,100.0,0.02,-0.9999999999999996,6.837606837607745,-137316.65884963007
gala_v6,10,tox20,100.0,300.0,1787022751250,buy,0.001467,100.0,0.02,0.9449525449521878,6.814310051106752,-69150.33301459257
gala_v6,10,tox20,100.0,300.0,1787022763750,sell,0.001469,100.0,0.02,0.17144430584460557,6.809669731018949,-137223.8524155456
gala_v6,10,tox40,25.0,100.0,1787022616500,sell,0.001456,25.0,0.005,-0.1025780367185161,6.870491240124581,-17170.32967032967
gala_v6,10,tox40,25.0,100.0,1787022624000,sell,0.001454,25.0,0.005,-0.49541993751543856,6.8799449604397385,-34364.27740072857
gala_v6,10,tox40,25.0,100.0,1787022635500,sell,0.001448,24.999999999999996,0.004999999999999999,0.23684467966464803,6.908462867013006,-51629.47077089432
gala_v6,10,tox40,25.0,100.0,1787022684000,buy,0.00146,24.999999999999996,0.004999999999999999,0.8421054852952848,6.846970215680472,-34506.183099661444
gala_v6,10,tox40,25.0,100.0,1787022751250,buy,0.001467,25.0,0.005,0.9449525449521878,6.814310051106752,-17464.60164090207
gala_v6,10,tox40,25.0,100.0,1787022763750,sell,0.001469,25.0,0.005,0.17144430584460557,6.809669731018949,-34482.98149114032
gala_v6,10,tox40,25.0,300.0,1787022616500,sell,0.001456,25.0,0.005,-0.1025780367185161,6.870491240124581,-17170.32967032967
gala_v6,10,tox40,25.0,300.0,1787022624000,sell,0.001454,25.0,0.005,-0.49541993751543856,6.8799449604397385,-34364.27740072857
gala_v6,10,tox40,25.0,300.0,1787022635500,sell,0.001448,24.999999999999996,0.004999999999999999,0.23684467966464803,6.908462867013006,-51629.47077089432
gala_v6,10,tox40,25.0,300.0,1787022684000,buy,0.00146,24.999999999999996,0.004999999999999999,0.8421054852952848,6.846970215680472,-34506.183099661444
gala_v6,10,tox40,25.0,300.0,1787022706250,sell,0.001463,25.0,0.005,-0.9999999999999996,6.837606837607745,-51594.358082573264
gala_v6,10,tox40,25.0,300.0,1787022713750,sell,0.001463,25.0,0.005,-0.5478170373764116,6.837606837607745,-68682.53306548508
gala_v6,10,tox40,25.0,300.0,1787022751250,buy,0.001467,25.0,0.005,0.9449525449521878,6.814310051106752,-51640.95160672571
gala_v6,10,tox40,25.0,300.0,1787022763750,sell,0.001469,25.0,0.005,0.17144430584460557,6.809669731018949,-68659.33145696396
gala_v6,10,tox40,100.0,100.0,1787022616500,sell,0.001456,100.0,0.02,-0.1025780367185161,6.870491240124581,-68681.31868131868
gala_v6,10,tox40,100.0,100.0,1787022684000,buy,0.00146,99.99999999999999,0.019999999999999997,0.8421054852952848,6.846970215680472,-188.16799638717202
gala_v6,10,tox40,100.0,100.0,1787022706250,sell,0.001463,100.0,0.02,-0.9999999999999996,6.837606837607745,-68540.86792803447
gala_v6,10,tox40,100.0,100.0,1787022751250,buy,0.001467,100.0,0.02,0.9449525449521878,6.814310051106752,-374.5420929969696
gala_v6,10,tox40,100.0,100.0,1787022763750,sell,0.001469,100.0,0.02,0.17144430584460557,6.809669731018949,-68448.06149395
gala_v6,10,tox40,100.0,300.0,1787022616500,sell,0.001456,100.0,0.02,-0.1025780367185161,6.870491240124581,-68681.31868131868
gala_v6,10,tox40,100.0,300.0,1787022624000,sell,0.001454,100.0,0.02,-0.49541993751543856,6.8799449604397385,-137457.10960291428
gala_v6,10,tox40,100.0,300.0,1787022684000,buy,0.00146,99.99999999999999,0.019999999999999997,0.8421054852952848,6.846970215680472,-68963.95891798277
gala_v6,10,tox40,100.0,300.0,1787022706250,sell,0.001463,100.0,0.02,-0.9999999999999996,6.837606837607745,-137316.65884963007
gala_v6,10,tox40,100.0,300.0,1787022751250,buy,0.001467,100.0,0.02,0.9449525449521878,6.814310051106752,-69150.33301459257
gala_v6,10,tox40,100.0,300.0,1787022763750,sell,0.001469,100.0,0.02,0.17144430584460557,6.809669731018949,-137223.8524155456
gala_v6,240,symmetric,25.0,100.0,1787022607750,sell,0.001457,25.0,0.005,0.14694094432121108,6.865774116031005,-17158.544955387784
gala_v6,240,symmetric,25.0,100.0,1787022616500,sell,0.001456,25.0,0.005,0.9792406600025003,6.870491240124581,-34328.87462571745
gala_v6,240,symmetric,25.0,100.0,1787022618750,sell,0.001456,25.0,0.005,0.6242288707079293,6.870491240124581,-51499.204296047115
gala_v6,240,symmetric,25.0,100.0,1787022659750,buy,0.001448,24.999999999999996,0.004999999999999999,-0.9999999999998259,6.903693476009083,-34234.010925881375
gala_v6,240,symmetric,25.0,100.0,1787022665250,buy,0.001451,25.0,0.005,0.9912586842965693,6.889424733034212,-17004.514027190817
gala_v6,240,symmetric,25.0,100.0,1787022666250,sell,0.001452,25.0,0.005,0.9912586842965693,6.889424733034212,-34222.144881185304
gala_v6,240,symmetric,25.0,100.0,1787022668000,buy,0.001451,25.0,0.005,-0.8202085868865167,6.889424733034212,-16992.647982494746
gala_v6,240,symmetric,25.0,100.0,1787022668750,sell,0.001452,25.0,0.005,-0.6931821137866859,6.889424733034212,-34210.27883648923
gala_v6,240,symmetric,25.0,100.0,1787022684000,buy,0.00146,24.999999999999996,0.004999999999999999,0.9780505424037464,6.846970215680472,-17086.991165256357
gala_v6,240,symmetric,25.0,100.0,1787022685500,sell,0.001461,25.0,0.005,0.9780505424037464,6.846970215680472,-34198.55858483199
gala_v6,240,symmetric,25.0,100.0,1787022711750,buy,0.001463,25.0,0.005,0.9941624658172756,6.832934745472606,-17110.383601920166
gala_v6,240,symmetric,25.0,100.0,1787022751250,buy,0.001467,25.0,0.005,-0.9999999999999956,6.814310051106752,-68.80214316079218
gala_v6,240,symmetric,25.0,100.0,1787022763750,sell,0.001469,25.0,0.005,-0.9925492563397141,6.809669731018949,-17087.18199339905
gala_v6,240,symmetric,25.0,100.0,1787022781750,buy,0.001467,25.0,0.005,0.2994759677028696,6.814310051106752,-45.60053463967415
gala_v6,240,symmetric,25.0,300.0,1787022607750,sell,0.001457,25.0,0.005,0.14694094432121108,6.865774116031005,-17158.544955387784
gala_v6,240,symmetric,25.0,300.0,1787022616500,sell,0.001456,25.0,0.005,0.9792406600025003,6.870491240124581,-34328.87462571745
gala_v6,240,symmetric,25.0,300.0,1787022618750,sell,0.001456,25.0,0.005,0.7608945674779934,6.870491240124581,-51499.204296047115
gala_v6,240,symmetric,25.0,300.0,1787022635500,sell,0.001448,24.999999999999996,0.004999999999999999,0.9108901663047688,6.908462867013006,-68764.39766621286
gala_v6,240,symmetric,25.0,300.0,1787022637750,sell,0.001449,25.0,0.005,0.94772866586615,6.903693476009083,-86017.6757890562
gala_v6,240,symmetric,25.0,300.0,1787022652000,sell,0.001446,25.0,0.005,0.2167012683017998,6.918021445865899,-103306.74909472701
gala_v6,240,symmetric,25.0,300.0,1787022653000,sell,0.001446,25.0,0.005,0.9490749525509101,6.918021445865899,-120595.82240039782
gala_v6,240,symmetric,25.0,300.0,1787022659750,buy,0.001448,24.999999999999996,0.004999999999999999,-0.9999999999998259,6.903693476009083,-103330.62903023208
gala_v6,240,symmetric,25.0,300.0,1787022665250,buy,0.001451,25.0,0.005,0.9912586842965693,6.889424733034212,-86101.13213154153
gala_v6,240,symmetric,25.0,300.0,1787022666250,sell,0.001452,25.0,0.005,0.9912586842965693,6.889424733034212,-103318.76298553601
gala_v6,240,symmetric,25.0,300.0,1787022668000,buy,0.001451,25.0,0.005,-0.8202085868865167,6.889424733034212,-86089.26608684545
gala_v6,240,symmetric,25.0,300.0,1787022668750,sell,0.001452,25.0,0.005,-0.6931821137866859,6.889424733034212,-103306.89694083994
gala_v6,240,symmetric,25.0,300.0,1787022684000,buy,0.00146,24.999999999999996,0.004999999999999999,0.9780505424037464,6.846970215680472,-86183.60926960707
gala_v6,240,symmetric,25.0,300.0,1787022687250,sell,0.001461,25.0,0.005,0.05979171641814826,6.846970215680472,-103295.1766891827
gala_v6,240,symmetric,25.0,300.0,1787022711750,buy,0.001463,25.0,0.005,0.9941624658172756,6.832934745472606,-86207.00170627088
gala_v6,240,symmetric,25.0,300.0,1787022751250,buy,0.001467,25.0,0.005,-0.9999999999999956,6.814310051106752,-69165.4202475115
gala_v6,240,symmetric,25.0,300.0,1787022763750,sell,0.001469,25.0,0.005,-0.9925492563397141,6.809669731018949,-86183.80009774976
gala_v6,240,symmetric,25.0,300.0,1787022781750,buy,0.001467,25.0,0.005,0.2994759677028696,6.814310051106752,-69142.21863899038
gala_v6,240,symmetric,100.0,100.0,1787022607750,sell,0.001457,100.0,0.02,0.14694094432121108,6.865774116031005,-68634.17982155114
gala_v6,240,symmetric,100.0,100.0,1787022659750,buy,0.001448,99.99999999999999,0.019999999999999997,-0.9999999999998259,6.903693476009083,426.59365911183704
gala_v6,240,symmetric,100.0,100.0,1787022665250,buy,0.001451,100.0,0.02,0.9912586842965693,6.889424733034212,69344.58125387407
gala_v6,240,symmetric,100.0,100.0,1787022667250,sell,0.001452,100.0,0.02,0.9912586842965693,6.889424733034212,474.05783789610723
gala_v6,240,symmetric,100.0,100.0,1787022684000,buy,0.00146,99.99999999999999,0.019999999999999997,0.9780505424037464,6.846970215680472,68967.20852282761
gala_v6,240,symmetric,100.0,100.0,1787022685500,sell,0.001461,100.0,0.02,0.9780505424037464,6.846970215680472,520.9388445250806
gala_v6,240,symmetric,100.0,100.0,1787022699250,sell,0.001463,100.0,0.02,0.9964839135415937,6.837606837607745,-67831.76108712221
gala_v6,240,symmetric,100.0,100.0,1787022711750,buy,0.001463,100.0,0.02,0.9941624658172756,6.832934745472606,520.9388445250806
gala_v6,240,symmetric,100.0,100.0,1787022751250,buy,0.001467,100.0,0.02,-0.9999999999999956,6.814310051106752,68687.26467956258
gala_v6,240,symmetric,100.0,100.0,1787022763750,sell,0.001469,100.0,0.02,-0.9925492563397141,6.809669731018949,613.7452786095528
gala_v6,240,symmetric,100.0,100.0,1787022781750,buy,0.001467,100.0,0.02,0.2994759677028696,6.814310051106752,68780.07111364705
gala_v6,240,symmetric,100.0,300.0,1787022607750,sell,0.001457,100.0,0.02,0.14694094432121108,6.865774116031005,-68634.17982155114
gala_v6,240,symmetric,100.0,300.0,1787022616500,sell,0.001456,100.0,0.02,0.9792406600025003,6.870491240124581,-137315.4985028698
gala_v6,240,symmetric,100.0,300.0,1787022659750,buy,0.001448,99.99999999999999,0.019999999999999997,-0.9999999999998259,6.903693476009083,-68254.72502220683
gala_v6,240,symmetric,100.0,300.0,1787022665250,buy,0.001451,100.0,0.02,0.9912586842965693,6.889424733034212,663.2625725554099
gala_v6,240,symmetric,100.0,300.0,1787022667250,sell,0.001452,100.0,0.02,0.9912586842965693,6.889424733034212,-68207.26084342255
gala_v6,240,symmetric,100.0,300.0,1787022668000,buy,0.001451,100.0,0.02,-0.8202085868865167,6.889424733034212,710.72675133968
gala_v6,240,symmetric,100.0,300.0,1787022684000,buy,0.00146,99.99999999999999,0.019999999999999997,0.9780505424037464,6.846970215680472,69203.87743627118
gala_v6,240,symmetric,100.0,300.0,1787022685500,sell,0.001461,100.0,0.02,0.9780505424037464,6.846970215680472,757.6077579686535
gala_v6,240,symmetric,100.0,300.0,1787022699250,sell,0.001463,100.0,0.02,0.9964839135415937,6.837606837607745,-67595.09217367864
gala_v6,240,symmetric,100.0,300.0,1787022706250,sell,0.001463,100.0,0.02,-0.9999999999999987,6.837606837607745,-135947.79210532593
gala_v6,240,symmetric,100.0,300.0,1787022711750,buy,0.001463,100.0,0.02,0.9941624658172756,6.832934745472606,-67595.09217367864
gala_v6,240,symmetric,100.0,300.0,1787022751250,buy,0.001467,100.0,0.02,-0.9999999999999956,6.814310051106752,571.2336613588559
gala_v6,240,symmetric,100.0,300.0,1787022763750,sell,0.001469,100.0,0.02,-0.9925492563397141,6.809669731018949,-67502.28573959417
gala_v6,240,symmetric,100.0,300.0,1787022781750,buy,0.001467,100.0,0.02,0.2994759677028696,6.814310051106752,664.040095443328
gala_v6,240,tox20,25.0,100.0,1787022635500,sell,0.001448,24.999999999999996,0.004999999999999999,-0.9999999999999986,6.908462867013006,-17265.193370165744
gala_v6,240,tox20,25.0,100.0,1787022684000,buy,0.00146,24.999999999999996,0.004999999999999999,0.9780505424037464,6.846970215680472,-141.90569893286738
gala_v6,240,tox20,25.0,100.0,1787022706250,sell,0.001463,25.0,0.005,-0.9999999999999987,6.837606837607745,-17230.08068184469
gala_v6,240,tox20,25.0,100.0,1787022751250,buy,0.001467,25.0,0.005,0.9449525449521878,6.814310051106752,-188.49922308531677
gala_v6,240,tox20,25.0,100.0,1787022763750,sell,0.001469,25.0,0.005,-0.9925492563397141,6.809669731018949,-17206.879073323573
gala_v6,240,tox20,25.0,300.0,1787022635500,sell,0.001448,24.999999999999996,0.004999999999999999,-0.9999999999999986,6.908462867013006,-17265.193370165744
gala_v6,240,tox20,25.0,300.0,1787022684000,buy,0.00146,24.999999999999996,0.004999999999999999,0.9780505424037464,6.846970215680472,-141.90569893286738
gala_v6,240,tox20,25.0,300.0,1787022706250,sell,0.001463,25.0,0.005,-0.9999999999999987,6.837606837607745,-17230.08068184469
gala_v6,240,tox20,25.0,300.0,1787022751250,buy,0.001467,25.0,0.005,0.9449525449521878,6.814310051106752,-188.49922308531677
gala_v6,240,tox20,25.0,300.0,1787022763750,sell,0.001469,25.0,0.005,-0.9925492563397141,6.809669731018949,-17206.879073323573
gala_v6,240,tox20,100.0,100.0,1787022635500,sell,0.001448,99.99999999999999,0.019999999999999997,-0.9999999999999986,6.908462867013006,-69060.77348066297
gala_v6,240,tox20,100.0,100.0,1787022684000,buy,0.00146,99.99999999999999,0.019999999999999997,0.9780505424037464,6.846970215680472,-567.6227957314695
gala_v6,240,tox20,100.0,100.0,1787022706250,sell,0.001463,100.0,0.02,-0.9999999999999987,6.837606837607745,-68920.32272737876
gala_v6,240,tox20,100.0,100.0,1787022751250,buy,0.001467,100.0,0.02,0.9449525449521878,6.814310051106752,-753.9968923412671
gala_v6,240,tox20,100.0,100.0,1787022763750,sell,0.001469,100.0,0.02,-0.9925492563397141,6.809669731018949,-68827.51629329429
gala_v6,240,tox20,100.0,300.0,1787022635500,sell,0.001448,99.99999999999999,0.019999999999999997,-0.9999999999999986,6.908462867013006,-69060.77348066297
gala_v6,240,tox20,100.0,300.0,1787022684000,buy,0.00146,99.99999999999999,0.019999999999999997,0.9780505424037464,6.846970215680472,-567.6227957314695
gala_v6,240,tox20,100.0,300.0,1787022706250,sell,0.001463,100.0,0.02,-0.9999999999999987,6.837606837607745,-68920.32272737876
gala_v6,240,tox20,100.0,300.0,1787022751250,buy,0.001467,100.0,0.02,0.9449525449521878,6.814310051106752,-753.9968923412671
gala_v6,240,tox20,100.0,300.0,1787022763750,sell,0.001469,100.0,0.02,-0.9925492563397141,6.809669731018949,-68827.51629329429
gala_v6,240,tox40,25.0,100.0,1787022635500,sell,0.001448,24.999999999999996,0.004999999999999999,0.23684467966464803,6.908462867013006,-17265.193370165744
gala_v6,240,tox40,25.0,100.0,1787022656250,sell,0.00145,25.0,0.005,0.1829049718163519,6.89893066574623,-34506.57268051057
gala_v6,240,tox40,25.0,100.0,1787022684000,buy,0.00146,24.999999999999996,0.004999999999999999,0.9780505424037464,6.846970215680472,-17383.285009277697
gala_v6,240,tox40,25.0,100.0,1787022706250,sell,0.001463,25.0,0.005,-0.9999999999999987,6.837606837607745,-34471.45999218952
gala_v6,240,tox40,25.0,100.0,1787022751250,buy,0.001467,25.0,0.005,0.9449525449521878,6.814310051106752,-17429.878533430146
gala_v6,240,tox40,25.0,100.0,1787022763750,sell,0.001469,25.0,0.005,-0.9925492563397141,6.809669731018949,-34448.258383668406
gala_v6,240,tox40,25.0,300.0,1787022635500,sell,0.001448,24.999999999999996,0.004999999999999999,0.23684467966464803,6.908462867013006,-17265.193370165744
gala_v6,240,tox40,25.0,300.0,1787022656250,sell,0.00145,25.0,0.005,0.1829049718163519,6.89893066574623,-34506.57268051057
gala_v6,240,tox40,25.0,300.0,1787022684000,buy,0.00146,24.999999999999996,0.004999999999999999,0.9780505424037464,6.846970215680472,-17383.285009277697
gala_v6,240,tox40,25.0,300.0,1787022706250,sell,0.001463,25.0,0.005,-0.9999999999999987,6.837606837607745,-34471.45999218952
gala_v6,240,tox40,25.0,300.0,1787022751250,buy,0.001467,25.0,0.005,0.9449525449521878,6.814310051106752,-17429.878533430146
gala_v6,240,tox40,25.0,300.0,1787022763750,sell,0.001469,25.0,0.005,-0.9925492563397141,6.809669731018949,-34448.258383668406
gala_v6,240,tox40,100.0,100.0,1787022635500,sell,0.001448,99.99999999999999,0.019999999999999997,0.23684467966464803,6.908462867013006,-69060.77348066297
gala_v6,240,tox40,100.0,100.0,1787022684000,buy,0.00146,99.99999999999999,0.019999999999999997,0.9780505424037464,6.846970215680472,-567.6227957314695
gala_v6,240,tox40,100.0,100.0,1787022706250,sell,0.001463,100.0,0.02,-0.9999999999999987,6.837606837607745,-68920.32272737876
gala_v6,240,tox40,100.0,100.0,1787022751250,buy,0.001467,100.0,0.02,0.9449525449521878,6.814310051106752,-753.9968923412671
gala_v6,240,tox40,100.0,100.0,1787022763750,sell,0.001469,100.0,0.02,-0.9925492563397141,6.809669731018949,-68827.51629329429
gala_v6,240,tox40,100.0,300.0,1787022635500,sell,0.001448,99.99999999999999,0.019999999999999997,0.23684467966464803,6.908462867013006,-69060.77348066297
gala_v6,240,tox40,100.0,300.0,1787022684000,buy,0.00146,99.99999999999999,0.019999999999999997,0.9780505424037464,6.846970215680472,-567.6227957314695
gala_v6,240,tox40,100.0,300.0,1787022706250,sell,0.001463,100.0,0.02,-0.9999999999999987,6.837606837607745,-68920.32272737876
gala_v6,240,tox40,100.0,300.0,1787022751250,buy,0.001467,100.0,0.02,0.9449525449521878,6.814310051106752,-753.9968923412671
gala_v6,240,tox40,100.0,300.0,1787022763750,sell,0.001469,100.0,0.02,-0.9925492563397141,6.809669731018949,-68827.51629329429
gala_oos,10,symmetric,25.0,100.0,1787023663250,sell,0.001405,25.0,0.005,-0.08600108348916037,7.119971520113322,-17793.59430604982
gala_oos,10,symmetric,25.0,100.0,1787023685250,buy,0.001402,24.999999999999996,0.004999999999999999,0.9694261877240643,7.130124777183001,38.074738172716025
gala_oos,10,symmetric,25.0,100.0,1787023691000,buy,0.001401,25.0,0.005,0.4358132346560539,7.135212272566056,17882.47159755887
gala_oos,10,symmetric,25.0,100.0,1787023694250,sell,0.0014,25.000000000000004,0.005000000000000001,-0.9083850777526427,7.1454090746689225,25.328740416010987
gala_oos,10,symmetric,25.0,100.0,1787023695000,buy,0.001398,25.0,0.005,0.1293114909573808,14.295925661186908,17908.01829692531
gala_oos,10,symmetric,25.0,100.0,1787023695500,buy,0.001398,25.0,0.005,0.06736008726428415,7.150518412585862,35790.70785343461
gala_oos,10,symmetric,25.0,100.0,1787023697750,sell,0.001398,25.0,0.005,-0.8168272810818369,7.155635062611206,17908.018296925307
gala_oos,10,symmetric,25.0,100.0,1787023698750,buy,0.001396,25.0,0.005,0.16729178571377396,7.160759040457685,35816.3277525127
gala_oos,10,symmetric,25.0,100.0,1787023706250,sell,0.001396,25.0,0.005,0.9852990317171627,7.165890361878414,17908.018296925307
gala_oos,10,symmetric,25.0,100.0,1787023712500,buy,0.001396,25.0,0.005,-0.13182893650231062,7.160759040457685,35816.3277525127
gala_oos,10,symmetric,25.0,100.0,1787023713250,sell,0.001395,25.0,0.005,-0.8857770251950915,7.171029042667021,17895.18079910768
gala_oos,10,symmetric,25.0,100.0,1787023713750,buy,0.001394,25.0,0.005,-0.8857770251950915,7.171029042667021,35829.18366854814
gala_oos,10,symmetric,25.0,100.0,1787023722500,sell,0.001393,25.0,0.005,-0.9624991199797428,7.181328545780365,17882.306425188483
gala_oos,10,symmetric,25.0,100.0,1787023726500,sell,0.001393,25.0,0.005,-0.9999999999999839,7.181328545780365,-64.57081817117432
gala_oos,10,symmetric,25.0,100.0,1787023728250,sell,0.001392,25.000000000000004,0.005000000000000001,-0.9626743480289416,7.186489399927531,-18024.340933113705
gala_oos,10,symmetric,25.0,100.0,1787023731750,sell,0.001392,25.000000000000004,0.005000000000000001,0.8749558836088681,7.186489399927531,-35984.111048056235
gala_oos,10,symmetric,25.0,100.0,1787023735750,buy,0.001383,25.0,0.005,-0.5336149955243897,7.228044813878806,-17907.466073363536
gala_oos,10,symmetric,25.0,100.0,1787023735750,sell,0.001384,25.0,0.005,-0.5336149955243897,7.228044813878806,-35971.04988839244
gala_oos,10,symmetric,25.0,100.0,1787023739000,buy,0.001384,25.0,0.005,-0.7681896833651086,7.222824124231968,-17907.466073363536
gala_oos,10,symmetric,25.0,100.0,1787023743250,buy,0.00139,25.0,0.005,-0.5107875556096717,7.191657677095526,78.1454374278328
gala_oos,10,symmetric,25.0,100.0,1787023744750,buy,0.001391,25.0,0.005,-0.6697168848391543,7.186489399927531,18050.826961511226
gala_oos,10,symmetric,25.0,100.0,1787023744750,sell,0.001392,25.000000000000004,0.005000000000000001,-0.6697168848391543,7.186489399927531,91.05684656869562
gala_oos,10,symmetric,25.0,100.0,1787023752000,sell,0.001393,25.0,0.005,-0.3271522198938696,7.181328545780365,-17855.82039679096
gala_oos,10,symmetric,25.0,100.0,1787023755750,sell,0.001385,25.0,0.005,-0.3365051814328295,7.222824124231968,-35906.36191303645
gala_oos,10,symmetric,25.0,100.0,1787023760000,sell,0.001385,25.0,0.005,-0.9999999999999987,7.222824124231968,-53956.90342928194
gala_oos,10,symmetric,25.0,100.0,1787023770000,buy,0.001383,25.0,0.005,-0.9986121754291905,7.228044813878806,-35880.258454589246
gala_oos,10,symmetric,25.0,100.0,1787023776500,sell,0.001382,25.0,0.005,0.9411804446835123,7.238508867172754,-53969.983490768696
gala_oos,10,symmetric,25.0,100.0,1787023780750,buy,0.001381,25.0,0.005,0.9316428566803298,7.238508867172754,-35867.15945021837
gala_oos,10,symmetric,25.0,100.0,1787023800500,buy,0.001383,25.0,0.005,0.5222831417429341,7.228044813878806,-17790.514475525673
gala_oos,10,symmetric,25.0,100.0,1787023801500,buy,0.001383,25.0,0.005,0.5862726342004693,7.228044813878806,286.13049916702585
gala_oos,10,symmetric,25.0,100.0,1787023804500,buy,0.001387,25.0,0.005,-0.05721031264614962,7.207207207206602,18310.643837306896
gala_oos,10,symmetric,25.0,100.0,1787023809000,sell,0.001383,25.0,0.005,-0.8030573903279408,7.233273056057258,233.9988626141967
gala_oos,10,symmetric,25.0,100.0,1787023809250,sell,0.001383,25.0,0.005,-0.44095219947875347,7.233273056057258,-17842.646112078502
gala_oos,10,symmetric,25.0,100.0,1787023819500,sell,0.001384,25.0,0.005,0.9463915088387329,7.228044813878806,-35906.2299271074
gala_oos,10,symmetric,25.0,100.0,1787023822500,buy,0.001383,25.0,0.005,-0.9742345077039957,7.228044813878806,-17829.5849524147
gala_oos,10,symmetric,25.0,100.0,1787023825250,sell,0.001385,25.0,0.005,0.05648757306375361,7.222824124231968,-35880.12646866019
gala_oos,10,symmetric,25.0,100.0,1787023831250,buy,0.001383,25.0,0.005,-0.9999999999999992,7.228044813878806,-17803.481493967494
gala_oos,10,symmetric,25.0,100.0,1787023831250,sell,0.001384,25.0,0.005,-0.9999999999999992,7.228044813878806,-35867.065308996396
gala_oos,10,symmetric,25.0,100.0,1787023835500,sell,0.001382,25.0,0.005,-0.020051096011623613,7.238508867172754,-53956.79034517585
gala_oos,10,symmetric,25.0,300.0,1787023663250,sell,0.001405,25.0,0.005,-0.08600108348916037,7.119971520113322,-17793.59430604982
gala_oos,10,symmetric,25.0,300.0,1787023685250,buy,0.001402,24.999999999999996,0.004999999999999999,0.9694261877240643,7.130124777183001,38.074738172716025
gala_oos,10,symmetric,25.0,300.0,1787023691000,buy,0.001401,25.0,0.005,0.4358132346560539,7.135212272566056,17882.47159755887
gala_oos,10,symmetric,25.0,300.0,1787023694250,sell,0.0014,25.000000000000004,0.005000000000000001,-0.9083850777526427,7.1454090746689225,25.328740416010987
gala_oos,10,symmetric,25.0,300.0,1787023695000,buy,0.001398,25.0,0.005,0.1293114909573808,14.295925661186908,17908.01829692531
gala_oos,10,symmetric,25.0,300.0,1787023695500,buy,0.001398,25.0,0.005,0.06736008726428415,7.150518412585862,35790.70785343461
gala_oos,10,symmetric,25.0,300.0,1787023697750,sell,0.001398,25.0,0.005,-0.8168272810818369,7.155635062611206,17908.018296925307
gala_oos,10,symmetric,25.0,300.0,1787023698750,buy,0.001396,25.0,0.005,0.16729178571377396,7.160759040457685,35816.3277525127
gala_oos,10,symmetric,25.0,300.0,1787023706250,sell,0.001396,25.0,0.005,0.9852990317171627,7.165890361878414,17908.018296925307
gala_oos,10,symmetric,25.0,300.0,1787023712500,buy,0.001396,25.0,0.005,-0.13182893650231062,7.160759040457685,35816.3277525127
gala_oos,10,symmetric,25.0,300.0,1787023713250,sell,0.001395,25.0,0.005,-0.8857770251950915,7.171029042667021,17895.18079910768
gala_oos,10,symmetric,25.0,300.0,1787023713750,buy,0.001394,25.0,0.005,-0.8857770251950915,7.171029042667021,35829.18366854814
gala_oos,10,symmetric,25.0,300.0,1787023722500,sell,0.001393,25.0,0.005,-0.9624991199797428,7.181328545780365,17882.306425188483
gala_oos,10,symmetric,25.0,300.0,1787023726500,sell,0.001393,25.0,0.005,-0.9999999999999839,7.181328545780365,-64.57081817117432
gala_oos,10,symmetric,25.0,300.0,1787023728250,sell,0.001392,25.000000000000004,0.005000000000000001,-0.9626743480289416,7.186489399927531,-18024.340933113705
gala_oos,10,symmetric,25.0,300.0,1787023731750,sell,0.001392,25.000000000000004,0.005000000000000001,0.8749558836088681,7.186489399927531,-35984.111048056235
gala_oos,10,symmetric,25.0,300.0,1787023735750,buy,0.001383,25.0,0.005,-0.5336149955243897,7.228044813878806,-17907.466073363536
gala_oos,10,symmetric,25.0,300.0,1787023735750,sell,0.001384,25.0,0.005,-0.5336149955243897,7.228044813878806,-35971.04988839244
gala_oos,10,symmetric,25.0,300.0,1787023739000,buy,0.001384,25.0,0.005,-0.7681896833651086,7.222824124231968,-17907.466073363536
gala_oos,10,symmetric,25.0,300.0,1787023743250,buy,0.00139,25.0,0.005,-0.5107875556096717,7.191657677095526,78.1454374278328
gala_oos,10,symmetric,25.0,300.0,1787023744750,buy,0.001391,25.0,0.005,-0.6697168848391543,7.186489399927531,18050.826961511226
gala_oos,10,symmetric,25.0,300.0,1787023744750,sell,0.001392,25.000000000000004,0.005000000000000001,-0.6697168848391543,7.186489399927531,91.05684656869562
gala_oos,10,symmetric,25.0,300.0,1787023752000,sell,0.001393,25.0,0.005,-0.3271522198938696,7.181328545780365,-17855.82039679096
gala_oos,10,symmetric,25.0,300.0,1787023755750,sell,0.001385,25.0,0.005,-0.3365051814328295,7.222824124231968,-35906.36191303645
gala_oos,10,symmetric,25.0,300.0,1787023760000,sell,0.001385,25.0,0.005,-0.9999999999999987,7.222824124231968,-53956.90342928194
gala_oos,10,symmetric,25.0,300.0,1787023760750,sell,0.001385,25.0,0.005,0.8510839081375771,7.222824124231968,-72007.44494552743
gala_oos,10,symmetric,25.0,300.0,1787023762750,sell,0.001386,25.0,0.005,0.976787010513221,7.217610970769633,-90044.96298304547
gala_oos,10,symmetric,25.0,300.0,1787023765000,sell,0.001386,25.0,0.005,0.1611573492281426,7.217610970769633,-108082.4810205635
gala_oos,10,symmetric,25.0,300.0,1787023766500,sell,0.001386,25.0,0.005,-0.7700907419035415,7.217610970769633,-126119.99905808154
gala_oos,10,symmetric,25.0,300.0,1787023770000,buy,0.001383,25.0,0.005,-0.9986121754291905,7.228044813878806,-108043.35408338884
gala_oos,10,symmetric,25.0,300.0,1787023776500,sell,0.001382,25.0,0.005,0.9411804446835123,7.238508867172754,-126133.07911956828
gala_oos,10,symmetric,25.0,300.0,1787023780750,buy,0.001381,25.0,0.005,0.9316428566803298,7.238508867172754,-108030.25507901795
gala_oos,10,symmetric,25.0,300.0,1787023800500,buy,0.001383,25.0,0.005,0.5222831417429341,7.228044813878806,-89953.61010432526
gala_oos,10,symmetric,25.0,300.0,1787023801500,buy,0.001383,25.0,0.005,0.5862726342004693,7.228044813878806,-71876.96512963256
gala_oos,10,symmetric,25.0,300.0,1787023804500,buy,0.001387,25.0,0.005,-0.05721031264614962,7.207207207206602,-53852.45179149269
gala_oos,10,symmetric,25.0,300.0,1787023809000,sell,0.001383,25.0,0.005,-0.8030573903279408,7.233273056057258,-71929.0967661854
gala_oos,10,symmetric,25.0,300.0,1787023809250,sell,0.001383,25.0,0.005,-0.44095219947875347,7.233273056057258,-90005.74174087809
gala_oos,10,symmetric,25.0,300.0,1787023819500,sell,0.001384,25.0,0.005,0.9463915088387329,7.228044813878806,-108069.325555907
gala_oos,10,symmetric,25.0,300.0,1787023822500,buy,0.001383,25.0,0.005,-0.9742345077039957,7.228044813878806,-89992.6805812143
gala_oos,10,symmetric,25.0,300.0,1787023825250,sell,0.001385,25.0,0.005,0.05648757306375361,7.222824124231968,-108043.22209745979
gala_oos,10,symmetric,25.0,300.0,1787023831250,buy,0.001383,25.0,0.005,-0.9999999999999992,7.228044813878806,-89966.57712276709
gala_oos,10,symmetric,25.0,300.0,1787023831250,sell,0.001384,25.0,0.005,-0.9999999999999992,7.228044813878806,-108030.160937796
gala_oos,10,symmetric,25.0,300.0,1787023835500,sell,0.001382,25.0,0.005,-0.020051096011623613,7.238508867172754,-126119.88597397544
gala_oos,10,symmetric,100.0,100.0,1787023663250,sell,0.001405,100.0,0.02,-0.08600108348916037,7.119971520113322,-71174.37722419928
gala_oos,10,symmetric,100.0,100.0,1787023685250,buy,0.001402,99.99999999999999,0.019999999999999997,0.9694261877240643,7.130124777183001,152.2989526908641
gala_oos,10,symmetric,100.0,100.0,1787023691000,buy,0.001401,100.0,0.02,0.4358132346560539,7.135212272566056,71529.88639023548
gala_oos,10,symmetric,100.0,100.0,1787023694250,sell,0.0014,100.00000000000001,0.020000000000000004,-0.9083850777526427,7.1454090746689225,101.31496166404395
gala_oos,10,symmetric,100.0,100.0,1787023695000,buy,0.001398,100.0,0.02,0.1293114909573808,14.295925661186908,71632.07318770124
gala_oos,10,symmetric,100.0,100.0,1787023697750,sell,0.001398,100.0,0.02,-0.8168272810818369,7.155635062611206,101.31496166404395
gala_oos,10,symmetric,100.0,100.0,1787023713250,sell,0.001395,100.0,0.02,-0.8857770251950915,7.171029042667021,-71583.27285195603
gala_oos,10,symmetric,100.0,100.0,1787023715000,buy,0.001394,100.0,0.02,-0.8857770251950915,7.171029042667021,152.7386258057959
gala_oos,10,symmetric,100.0,100.0,1787023722500,sell,0.001393,100.0,0.02,-0.9624991199797428,7.181328545780365,-71634.77034763283
gala_oos,10,symmetric,100.0,100.0,1787023735750,buy,0.001383,100.0,0.02,-0.5336149955243897,7.228044813878806,671.8095511379652
gala_oos,10,symmetric,100.0,100.0,1787023739000,buy,0.001384,100.0,0.02,-0.7681896833651086,7.222824124231968,72926.14481125357
gala_oos,10,symmetric,100.0,100.0,1787023744750,sell,0.001392,100.00000000000001,0.020000000000000004,-0.6697168848391543,7.186489399927531,1087.064351483452
gala_oos,10,symmetric,100.0,100.0,1787023752000,sell,0.001393,100.0,0.02,-0.3271522198938696,7.181328545780365,-70700.44462195518
gala_oos,10,symmetric,100.0,100.0,1787023770000,buy,0.001383,100.0,0.02,-0.9986121754291905,7.228044813878806,1606.1352768156212
gala_oos,10,symmetric,100.0,100.0,1787023776500,sell,0.001382,100.0,0.02,0.9411804446835123,7.238508867172754,-70752.76486790218
gala_oos,10,symmetric,100.0,100.0,1787023780750,buy,0.001381,100.0,0.02,0.9316428566803298,7.238508867172754,1658.531294299115
gala_oos,10,symmetric,100.0,100.0,1787023801500,buy,0.001383,100.0,0.02,0.5862726342004693,7.228044813878806,73965.11119306991
gala_oos,10,symmetric,100.0,100.0,1787023809000,sell,0.001383,100.0,0.02,-0.8030573903279408,7.233273056057258,1658.531294299115
gala_oos,10,symmetric,100.0,100.0,1787023809250,sell,0.001383,100.0,0.02,-0.44095219947875347,7.233273056057258,-70648.04860447168
gala_oos,10,symmetric,100.0,100.0,1787023822500,buy,0.001383,100.0,0.02,-0.9742345077039957,7.228044813878806,1658.531294299115
gala_oos,10,symmetric,100.0,100.0,1787023825250,sell,0.001385,100.0,0.02,0.05648757306375361,7.222824124231968,-70543.63477068284
gala_oos,10,symmetric,100.0,300.0,1787023663250,sell,0.001405,100.0,0.02,-0.08600108348916037,7.119971520113322,-71174.37722419928
gala_oos,10,symmetric,100.0,300.0,1787023685250,buy,0.001402,99.99999999999999,0.019999999999999997,0.9694261877240643,7.130124777183001,152.2989526908641
gala_oos,10,symmetric,100.0,300.0,1787023691000,buy,0.001401,100.0,0.02,0.4358132346560539,7.135212272566056,71529.88639023548
gala_oos,10,symmetric,100.0,300.0,1787023694250,sell,0.0014,100.00000000000001,0.020000000000000004,-0.9083850777526427,7.1454090746689225,101.31496166404395
gala_oos,10,symmetric,100.0,300.0,1787023695000,buy,0.001398,100.0,0.02,0.1293114909573808,14.295925661186908,71632.07318770124
gala_oos,10,symmetric,100.0,300.0,1787023695500,buy,0.001398,100.0,0.02,0.06736008726428415,7.150518412585862,143162.83141373843
gala_oos,10,symmetric,100.0,300.0,1787023697750,sell,0.001398,100.0,0.02,-0.8168272810818369,7.155635062611206,71632.07318770123
gala_oos,10,symmetric,100.0,300.0,1787023713250,sell,0.001395,100.0,0.02,-0.8857770251950915,7.171029042667021,-52.51462591884774
gala_oos,10,symmetric,100.0,300.0,1787023715000,buy,0.001394,100.0,0.02,-0.8857770251950915,7.171029042667021,71683.49685184298
gala_oos,10,symmetric,100.0,300.0,1787023722500,sell,0.001393,100.0,0.02,-0.9624991199797428,7.181328545780365,-104.01212159564602
gala_oos,10,symmetric,100.0,300.0,1787023726500,sell,0.001393,100.0,0.02,-0.9999999999999839,7.181328545780365,-71891.52109503427
gala_oos,10,symmetric,100.0,300.0,1787023728250,sell,0.001392,100.00000000000001,0.020000000000000004,-0.9626743480289416,7.186489399927531,-143730.6015548044
gala_oos,10,symmetric,100.0,300.0,1787023735750,buy,0.001383,100.0,0.02,-0.5336149955243897,7.228044813878806,-71424.0216560336
gala_oos,10,symmetric,100.0,300.0,1787023739000,buy,0.001384,100.0,0.02,-0.7681896833651086,7.222824124231968,830.31360408201
gala_oos,10,symmetric,100.0,300.0,1787023743250,buy,0.00139,100.0,0.02,-0.5107875556096717,7.191657677095526,72772.75964724748
gala_oos,10,symmetric,100.0,300.0,1787023744750,buy,0.001391,100.0,0.02,-0.6697168848391543,7.186489399927531,144663.48574358106
gala_oos,10,symmetric,100.0,300.0,1787023744750,sell,0.001392,100.00000000000001,0.020000000000000004,-0.6697168848391543,7.186489399927531,72824.40528381093
gala_oos,10,symmetric,100.0,300.0,1787023752000,sell,0.001393,100.0,0.02,-0.3271522198938696,7.181328545780365,1036.8963103723072
gala_oos,10,symmetric,100.0,300.0,1787023755750,sell,0.001385,100.0,0.02,-0.3365051814328295,7.222824124231968,-71165.26975460965
gala_oos,10,symmetric,100.0,300.0,1787023760000,sell,0.001385,100.0,0.02,-0.9999999999999987,7.222824124231968,-143367.4358195916
gala_oos,10,symmetric,100.0,300.0,1787023770000,buy,0.001383,100.0,0.02,-0.9986121754291905,7.228044813878806,-71060.8559208208
gala_oos,10,symmetric,100.0,300.0,1787023776500,sell,0.001382,100.0,0.02,0.9411804446835123,7.238508867172754,-143419.75606553862
gala_oos,10,symmetric,100.0,300.0,1787023780750,buy,0.001381,100.0,0.02,0.9316428566803298,7.238508867172754,-71008.45990333732
gala_oos,10,symmetric,100.0,300.0,1787023801500,buy,0.001383,100.0,0.02,0.5862726342004693,7.228044813878806,1298.1199954334734
gala_oos,10,symmetric,100.0,300.0,1787023804500,buy,0.001387,100.0,0.02,-0.05721031264614962,7.207207207206602,73396.17334799295
gala_oos,10,symmetric,100.0,300.0,1787023809000,sell,0.001383,100.0,0.02,-0.8030573903279408,7.233273056057258,1089.5934492221568
gala_oos,10,symmetric,100.0,300.0,1787023809250,sell,0.001383,100.0,0.02,-0.44095219947875347,7.233273056057258,-71216.98644954864
gala_oos,10,symmetric,100.0,300.0,1787023819500,sell,0.001384,100.0,0.02,0.9463915088387329,7.228044813878806,-143471.32170966425
gala_oos,10,symmetric,100.0,300.0,1787023822500,buy,0.001383,100.0,0.02,-0.9742345077039957,7.228044813878806,-71164.74181089345
gala_oos,10,symmetric,100.0,300.0,1787023825250,sell,0.001385,100.0,0.02,0.05648757306375361,7.222824124231968,-143366.90787587542
gala_oos,10,tox20,25.0,100.0,1787023663250,sell,0.001405,25.0,0.005,-0.08600108348916037,7.119971520113322,-17793.59430604982
gala_oos,10,tox20,25.0,100.0,1787023691000,buy,0.001401,25.0,0.005,0.4358132346560539,7.135212272566056,50.802553336332494
gala_oos,10,tox20,25.0,100.0,1787023694250,sell,0.0014,25.000000000000004,0.005000000000000001,-0.9083850777526427,7.1454090746689225,-17806.340303806526
gala_oos,10,tox20,25.0,100.0,1787023695000,buy,0.001398,25.0,0.005,0.1293114909573808,14.295925661186908,76.34925270277381
gala_oos,10,tox20,25.0,100.0,1787023695500,buy,0.001398,25.0,0.005,0.06736008726428415,7.150518412585862,17959.038809212074
gala_oos,10,tox20,25.0,100.0,1787023697750,sell,0.001398,25.0,0.005,-0.8168272810818369,7.155635062611206,76.34925270277381
gala_oos,10,tox20,25.0,100.0,1787023698750,buy,0.001396,25.0,0.005,0.16729178571377396,7.160759040457685,17984.658708290164
gala_oos,10,tox20,25.0,100.0,1787023713250,sell,0.001395,25.0,0.005,-0.8857770251950915,7.171029042667021,63.51175488514491
gala_oos,10,tox20,25.0,100.0,1787023722500,sell,0.001393,25.0,0.005,-0.9624991199797428,7.181328545780365,-17883.365488474512
gala_oos,10,tox20,25.0,100.0,1787023726500,sell,0.001393,25.0,0.005,-0.9999999999999839,7.181328545780365,-35830.242731834165
gala_oos,10,tox20,25.0,100.0,1787023728250,sell,0.001392,25.000000000000004,0.005000000000000001,-0.9626743480289416,7.186489399927531,-53790.01284677669
gala_oos,10,tox20,25.0,100.0,1787023780750,buy,0.001381,25.0,0.005,0.9316428566803298,7.238508867172754,-35687.18880622637
gala_oos,10,tox20,25.0,100.0,1787023800500,buy,0.001383,25.0,0.005,0.5222831417429341,7.228044813878806,-17610.54383153367
gala_oos,10,tox20,25.0,100.0,1787023801500,buy,0.001383,25.0,0.005,0.5862726342004693,7.228044813878806,466.10114315903047
gala_oos,10,tox20,25.0,100.0,1787023809000,sell,0.001383,25.0,0.005,-0.8030573903279408,7.233273056057258,-17610.54383153367
gala_oos,10,tox20,25.0,100.0,1787023809250,sell,0.001383,25.0,0.005,-0.44095219947875347,7.233273056057258,-35687.18880622637
gala_oos,10,tox20,25.0,100.0,1787023825250,sell,0.001385,25.0,0.005,0.05648757306375361,7.222824124231968,-53737.730322471856
gala_oos,10,tox20,25.0,300.0,1787023663250,sell,0.001405,25.0,0.005,-0.08600108348916037,7.119971520113322,-17793.59430604982
gala_oos,10,tox20,25.0,300.0,1787023691000,buy,0.001401,25.0,0.005,0.4358132346560539,7.135212272566056,50.802553336332494
gala_oos,10,tox20,25.0,300.0,1787023694250,sell,0.0014,25.000000000000004,0.005000000000000001,-0.9083850777526427,7.1454090746689225,-17806.340303806526
gala_oos,10,tox20,25.0,300.0,1787023695000,buy,0.001398,25.0,0.005,0.1293114909573808,14.295925661186908,76.34925270277381
gala_oos,10,tox20,25.0,300.0,1787023695500,buy,0.001398,25.0,0.005,0.06736008726428415,7.150518412585862,17959.038809212074
gala_oos,10,tox20,25.0,300.0,1787023697750,sell,0.001398,25.0,0.005,-0.8168272810818369,7.155635062611206,76.34925270277381
gala_oos,10,tox20,25.0,300.0,1787023698750,buy,0.001396,25.0,0.005,0.16729178571377396,7.160759040457685,17984.658708290164
gala_oos,10,tox20,25.0,300.0,1787023713250,sell,0.001395,25.0,0.005,-0.8857770251950915,7.171029042667021,63.51175488514491
gala_oos,10,tox20,25.0,300.0,1787023722500,sell,0.001393,25.0,0.005,-0.9624991199797428,7.181328545780365,-17883.365488474512
gala_oos,10,tox20,25.0,300.0,1787023726500,sell,0.001393,25.0,0.005,-0.9999999999999839,7.181328545780365,-35830.242731834165
gala_oos,10,tox20,25.0,300.0,1787023728250,sell,0.001392,25.000000000000004,0.005000000000000001,-0.9626743480289416,7.186489399927531,-53790.01284677669
gala_oos,10,tox20,25.0,300.0,1787023735750,sell,0.001384,25.0,0.005,-0.5336149955243897,7.228044813878806,-71853.5966618056
gala_oos,10,tox20,25.0,300.0,1787023755750,sell,0.001385,25.0,0.005,-0.3365051814328295,7.222824124231968,-89904.13817805109
gala_oos,10,tox20,25.0,300.0,1787023765000,sell,0.001386,25.0,0.005,0.1611573492281426,7.217610970769633,-107941.65621556912
gala_oos,10,tox20,25.0,300.0,1787023766500,sell,0.001386,25.0,0.005,-0.7700907419035415,7.217610970769633,-125979.17425308716
gala_oos,10,tox20,25.0,300.0,1787023780750,buy,0.001381,25.0,0.005,0.9316428566803298,7.238508867172754,-107876.35021253684
gala_oos,10,tox20,25.0,300.0,1787023800500,buy,0.001383,25.0,0.005,0.5222831417429341,7.228044813878806,-89799.70523784414
gala_oos,10,tox20,25.0,300.0,1787023801500,buy,0.001383,25.0,0.005,0.5862726342004693,7.228044813878806,-71723.06026315145
gala_oos,10,tox20,25.0,300.0,1787023809000,sell,0.001383,25.0,0.005,-0.8030573903279408,7.233273056057258,-89799.70523784414
gala_oos,10,tox20,25.0,300.0,1787023809250,sell,0.001383,25.0,0.005,-0.44095219947875347,7.233273056057258,-107876.35021253684
gala_oos,10,tox20,25.0,300.0,1787023825250,sell,0.001385,25.0,0.005,0.05648757306375361,7.222824124231968,-125926.89172878233
gala_oos,10,tox20,100.0,100.0,1787023663250,sell,0.001405,100.0,0.02,-0.08600108348916037,7.119971520113322,-71174.37722419928
gala_oos,10,tox20,100.0,100.0,1787023691000,buy,0.001401,100.0,0.02,0.4358132346560539,7.135212272566056,203.21021334532998
gala_oos,10,tox20,100.0,100.0,1787023694250,sell,0.0014,100.00000000000001,0.020000000000000004,-0.9083850777526427,7.1454090746689225,-71225.3612152261
gala_oos,10,tox20,100.0,100.0,1787023695000,buy,0.001398,100.0,0.02,0.1293114909573808,14.295925661186908,305.39701081109524
gala_oos,10,tox20,100.0,100.0,1787023695500,buy,0.001398,100.0,0.02,0.06736008726428415,7.150518412585862,71836.1552368483
gala_oos,10,tox20,100.0,100.0,1787023697750,sell,0.001398,100.0,0.02,-0.8168272810818369,7.155635062611206,305.39701081109524
gala_oos,10,tox20,100.0,100.0,1787023713250,sell,0.001395,100.0,0.02,-0.8857770251950915,7.171029042667021,-71379.19080280898
gala_oos,10,tox20,100.0,100.0,1787023780750,buy,0.001381,100.0,0.02,0.9316428566803298,7.238508867172754,1032.1053593923134
gala_oos,10,tox20,100.0,100.0,1787023801500,buy,0.001383,100.0,0.02,0.5862726342004693,7.228044813878806,73338.68525816311
gala_oos,10,tox20,100.0,100.0,1787023809000,sell,0.001383,100.0,0.02,-0.8030573903279408,7.233273056057258,1032.1053593923134
gala_oos,10,tox20,100.0,100.0,1787023809250,sell,0.001383,100.0,0.02,-0.44095219947875347,7.233273056057258,-71274.47453937848
gala_oos,10,tox20,100.0,300.0,1787023663250,sell,0.001405,100.0,0.02,-0.08600108348916037,7.119971520113322,-71174.37722419928
gala_oos,10,tox20,100.0,300.0,1787023691000,buy,0.001401,100.0,0.02,0.4358132346560539,7.135212272566056,203.21021334532998
gala_oos,10,tox20,100.0,300.0,1787023694250,sell,0.0014,100.00000000000001,0.020000000000000004,-0.9083850777526427,7.1454090746689225,-71225.3612152261
gala_oos,10,tox20,100.0,300.0,1787023695000,buy,0.001398,100.0,0.02,0.1293114909573808,14.295925661186908,305.39701081109524
gala_oos,10,tox20,100.0,300.0,1787023695500,buy,0.001398,100.0,0.02,0.06736008726428415,7.150518412585862,71836.1552368483
gala_oos,10,tox20,100.0,300.0,1787023697750,sell,0.001398,100.0,0.02,-0.8168272810818369,7.155635062611206,305.39701081109524
gala_oos,10,tox20,100.0,300.0,1787023713250,sell,0.001395,100.0,0.02,-0.8857770251950915,7.171029042667021,-71379.19080280898
gala_oos,10,tox20,100.0,300.0,1787023722500,sell,0.001393,100.0,0.02,-0.9624991199797428,7.181328545780365,-143166.6997762476
gala_oos,10,tox20,100.0,300.0,1787023780750,buy,0.001381,100.0,0.02,0.9316428566803298,7.238508867172754,-70755.40361404631
gala_oos,10,tox20,100.0,300.0,1787023801500,buy,0.001383,100.0,0.02,0.5862726342004693,7.228044813878806,1551.1762847244827
gala_oos,10,tox20,100.0,300.0,1787023809000,sell,0.001383,100.0,0.02,-0.8030573903279408,7.233273056057258,-70755.40361404631
gala_oos,10,tox20,100.0,300.0,1787023809250,sell,0.001383,100.0,0.02,-0.44095219947875347,7.233273056057258,-143061.98351281713
gala_oos,10,tox40,25.0,100.0,1787023663250,sell,0.001405,25.0,0.005,-0.08600108348916037,7.119971520113322,-17793.59430604982
gala_oos,10,tox40,25.0,100.0,1787023691000,buy,0.001401,25.0,0.005,0.4358132346560539,7.135212272566056,50.802553336332494
gala_oos,10,tox40,25.0,100.0,1787023694250,sell,0.0014,25.000000000000004,0.005000000000000001,-0.9083850777526427,7.1454090746689225,-17806.340303806526
gala_oos,10,tox40,25.0,100.0,1787023695000,buy,0.001398,25.0,0.005,0.1293114909573808,14.295925661186908,76.34925270277381
gala_oos,10,tox40,25.0,100.0,1787023695500,buy,0.001398,25.0,0.005,0.06736008726428415,7.150518412585862,17959.038809212074
gala_oos,10,tox40,25.0,100.0,1787023697750,sell,0.001398,25.0,0.005,-0.8168272810818369,7.155635062611206,76.34925270277381
gala_oos,10,tox40,25.0,100.0,1787023698750,buy,0.001396,25.0,0.005,0.16729178571377396,7.160759040457685,17984.658708290164
gala_oos,10,tox40,25.0,100.0,1787023713250,sell,0.001395,25.0,0.005,-0.8857770251950915,7.171029042667021,63.51175488514491
gala_oos,10,tox40,25.0,100.0,1787023722500,sell,0.001393,25.0,0.005,-0.9624991199797428,7.181328545780365,-17883.365488474512
gala_oos,10,tox40,25.0,100.0,1787023726500,sell,0.001393,25.0,0.005,-0.9999999999999839,7.181328545780365,-35830.242731834165
gala_oos,10,tox40,25.0,100.0,1787023728250,sell,0.001392,25.000000000000004,0.005000000000000001,-0.9626743480289416,7.186489399927531,-53790.01284677669
gala_oos,10,tox40,25.0,100.0,1787023780750,buy,0.001381,25.0,0.005,0.9316428566803298,7.238508867172754,-35687.18880622637
gala_oos,10,tox40,25.0,100.0,1787023800500,buy,0.001383,25.0,0.005,0.5222831417429341,7.228044813878806,-17610.54383153367
gala_oos,10,tox40,25.0,100.0,1787023801500,buy,0.001383,25.0,0.005,0.5862726342004693,7.228044813878806,466.10114315903047
gala_oos,10,tox40,25.0,100.0,1787023809000,sell,0.001383,25.0,0.005,-0.8030573903279408,7.233273056057258,-17610.54383153367
gala_oos,10,tox40,25.0,100.0,1787023809250,sell,0.001383,25.0,0.005,-0.44095219947875347,7.233273056057258,-35687.18880622637
gala_oos,10,tox40,25.0,100.0,1787023825250,sell,0.001385,25.0,0.005,0.05648757306375361,7.222824124231968,-53737.730322471856
gala_oos,10,tox40,25.0,300.0,1787023663250,sell,0.001405,25.0,0.005,-0.08600108348916037,7.119971520113322,-17793.59430604982
gala_oos,10,tox40,25.0,300.0,1787023691000,buy,0.001401,25.0,0.005,0.4358132346560539,7.135212272566056,50.802553336332494
gala_oos,10,tox40,25.0,300.0,1787023694250,sell,0.0014,25.000000000000004,0.005000000000000001,-0.9083850777526427,7.1454090746689225,-17806.340303806526
gala_oos,10,tox40,25.0,300.0,1787023695000,buy,0.001398,25.0,0.005,0.1293114909573808,14.295925661186908,76.34925270277381
gala_oos,10,tox40,25.0,300.0,1787023695500,buy,0.001398,25.0,0.005,0.06736008726428415,7.150518412585862,17959.038809212074
gala_oos,10,tox40,25.0,300.0,1787023697750,sell,0.001398,25.0,0.005,-0.8168272810818369,7.155635062611206,76.34925270277381
gala_oos,10,tox40,25.0,300.0,1787023698750,buy,0.001396,25.0,0.005,0.16729178571377396,7.160759040457685,17984.658708290164
gala_oos,10,tox40,25.0,300.0,1787023713250,sell,0.001395,25.0,0.005,-0.8857770251950915,7.171029042667021,63.51175488514491
gala_oos,10,tox40,25.0,300.0,1787023722500,sell,0.001393,25.0,0.005,-0.9624991199797428,7.181328545780365,-17883.365488474512
gala_oos,10,tox40,25.0,300.0,1787023726500,sell,0.001393,25.0,0.005,-0.9999999999999839,7.181328545780365,-35830.242731834165
gala_oos,10,tox40,25.0,300.0,1787023728250,sell,0.001392,25.000000000000004,0.005000000000000001,-0.9626743480289416,7.186489399927531,-53790.01284677669
gala_oos,10,tox40,25.0,300.0,1787023735750,sell,0.001384,25.0,0.005,-0.5336149955243897,7.228044813878806,-71853.5966618056
gala_oos,10,tox40,25.0,300.0,1787023752000,sell,0.001393,25.0,0.005,-0.3271522198938696,7.181328545780365,-89800.47390516526
gala_oos,10,tox40,25.0,300.0,1787023755750,sell,0.001385,25.0,0.005,-0.3365051814328295,7.222824124231968,-107851.01542141075
gala_oos,10,tox40,25.0,300.0,1787023765000,sell,0.001386,25.0,0.005,0.1611573492281426,7.217610970769633,-125888.53345892878
gala_oos,10,tox40,25.0,300.0,1787023780750,buy,0.001381,25.0,0.005,0.9316428566803298,7.238508867172754,-107785.70941837845
gala_oos,10,tox40,25.0,300.0,1787023800500,buy,0.001383,25.0,0.005,0.5222831417429341,7.228044813878806,-89709.06444368575
gala_oos,10,tox40,25.0,300.0,1787023801500,buy,0.001383,25.0,0.005,0.5862726342004693,7.228044813878806,-71632.41946899306
gala_oos,10,tox40,25.0,300.0,1787023809000,sell,0.001383,25.0,0.005,-0.8030573903279408,7.233273056057258,-89709.06444368575
gala_oos,10,tox40,25.0,300.0,1787023809250,sell,0.001383,25.0,0.005,-0.44095219947875347,7.233273056057258,-107785.70941837845
gala_oos,10,tox40,25.0,300.0,1787023825250,sell,0.001385,25.0,0.005,0.05648757306375361,7.222824124231968,-125836.25093462394
gala_oos,10,tox40,100.0,100.0,1787023663250,sell,0.001405,100.0,0.02,-0.08600108348916037,7.119971520113322,-71174.37722419928
gala_oos,10,tox40,100.0,100.0,1787023691000,buy,0.001401,100.0,0.02,0.4358132346560539,7.135212272566056,203.21021334532998
gala_oos,10,tox40,100.0,100.0,1787023694250,sell,0.0014,100.00000000000001,0.020000000000000004,-0.9083850777526427,7.1454090746689225,-71225.3612152261
gala_oos,10,tox40,100.0,100.0,1787023695000,buy,0.001398,100.0,0.02,0.1293114909573808,14.295925661186908,305.39701081109524
gala_oos,10,tox40,100.0,100.0,1787023695500,buy,0.001398,100.0,0.02,0.06736008726428415,7.150518412585862,71836.1552368483
gala_oos,10,tox40,100.0,100.0,1787023697750,sell,0.001398,100.0,0.02,-0.8168272810818369,7.155635062611206,305.39701081109524
gala_oos,10,tox40,100.0,100.0,1787023713250,sell,0.001395,100.0,0.02,-0.8857770251950915,7.171029042667021,-71379.19080280898
gala_oos,10,tox40,100.0,100.0,1787023780750,buy,0.001381,100.0,0.02,0.9316428566803298,7.238508867172754,1032.1053593923134
gala_oos,10,tox40,100.0,100.0,1787023801500,buy,0.001383,100.0,0.02,0.5862726342004693,7.228044813878806,73338.68525816311
gala_oos,10,tox40,100.0,100.0,1787023809000,sell,0.001383,100.0,0.02,-0.8030573903279408,7.233273056057258,1032.1053593923134
gala_oos,10,tox40,100.0,100.0,1787023809250,sell,0.001383,100.0,0.02,-0.44095219947875347,7.233273056057258,-71274.47453937848
gala_oos,10,tox40,100.0,300.0,1787023663250,sell,0.001405,100.0,0.02,-0.08600108348916037,7.119971520113322,-71174.37722419928
gala_oos,10,tox40,100.0,300.0,1787023691000,buy,0.001401,100.0,0.02,0.4358132346560539,7.135212272566056,203.21021334532998
gala_oos,10,tox40,100.0,300.0,1787023694250,sell,0.0014,100.00000000000001,0.020000000000000004,-0.9083850777526427,7.1454090746689225,-71225.3612152261
gala_oos,10,tox40,100.0,300.0,1787023695000,buy,0.001398,100.0,0.02,0.1293114909573808,14.295925661186908,305.39701081109524
gala_oos,10,tox40,100.0,300.0,1787023695500,buy,0.001398,100.0,0.02,0.06736008726428415,7.150518412585862,71836.1552368483
gala_oos,10,tox40,100.0,300.0,1787023697750,sell,0.001398,100.0,0.02,-0.8168272810818369,7.155635062611206,305.39701081109524
gala_oos,10,tox40,100.0,300.0,1787023713250,sell,0.001395,100.0,0.02,-0.8857770251950915,7.171029042667021,-71379.19080280898
gala_oos,10,tox40,100.0,300.0,1787023722500,sell,0.001393,100.0,0.02,-0.9624991199797428,7.181328545780365,-143166.6997762476
gala_oos,10,tox40,100.0,300.0,1787023780750,buy,0.001381,100.0,0.02,0.9316428566803298,7.238508867172754,-70755.40361404631
gala_oos,10,tox40,100.0,300.0,1787023801500,buy,0.001383,100.0,0.02,0.5862726342004693,7.228044813878806,1551.1762847244827
gala_oos,10,tox40,100.0,300.0,1787023809000,sell,0.001383,100.0,0.02,-0.8030573903279408,7.233273056057258,-70755.40361404631
gala_oos,10,tox40,100.0,300.0,1787023809250,sell,0.001383,100.0,0.02,-0.44095219947875347,7.233273056057258,-143061.98351281713
gala_oos,240,symmetric,25.0,100.0,1787023663250,sell,0.001405,25.0,0.005,0.2489707818352649,7.119971520113322,-17793.59430604982
gala_oos,240,symmetric,25.0,100.0,1787023685250,buy,0.001402,24.999999999999996,0.004999999999999999,0.791263284725345,7.130124777183001,38.074738172716025
gala_oos,240,symmetric,25.0,100.0,1787023691000,buy,0.001401,25.0,0.005,0.8283522640139135,7.135212272566056,17882.47159755887
gala_oos,240,symmetric,25.0,100.0,1787023694250,sell,0.0014,25.000000000000004,0.005000000000000001,0.1132659348531576,7.1454090746689225,25.328740416010987
gala_oos,240,symmetric,25.0,100.0,1787023695000,buy,0.001398,25.0,0.005,0.3052317632886155,7.150518412585862,17908.01829692531
gala_oos,240,symmetric,25.0,100.0,1787023695500,buy,0.001398,25.0,0.005,0.06736008726428415,7.150518412585862,35790.70785343461
gala_oos,240,symmetric,25.0,100.0,1787023695500,sell,0.001399,25.000000000000004,0.005000000000000001,0.3052317632886155,7.150518412585862,17920.800776951404
gala_oos,240,symmetric,25.0,100.0,1787023698750,buy,0.001396,25.0,0.005,0.8298467781851644,7.160759040457685,35829.11023253879
gala_oos,240,symmetric,25.0,100.0,1787023706250,sell,0.001396,25.0,0.005,0.6743275130783484,7.165890361878414,17920.8007769514
gala_oos,240,symmetric,25.0,100.0,1787023713250,buy,0.001394,25.0,0.005,-0.41113682791652334,7.171029042667021,35854.803646391854
gala_oos,240,symmetric,25.0,100.0,1787023713250,sell,0.001395,25.0,0.005,-0.41113682791652334,7.171029042667021,17933.656692986835
gala_oos,240,symmetric,25.0,100.0,1787023722500,sell,0.001393,25.0,0.005,-0.5172377953601965,7.181328545780365,-13.22055037282189
gala_oos,240,symmetric,25.0,100.0,1787023726500,buy,0.001392,25.000000000000004,0.005000000000000001,-0.9999999999999707,7.181328545780365,17946.54956456971
gala_oos,240,symmetric,25.0,100.0,1787023726500,sell,0.001393,25.0,0.005,-0.9999999999999707,7.181328545780365,-0.3276787899485498
gala_oos,240,symmetric,25.0,100.0,1787023728250,sell,0.001392,25.000000000000004,0.005000000000000001,-0.28094925347730126,7.186489399927531,-17960.09779373248
gala_oos,240,symmetric,25.0,100.0,1787023739000,buy,0.001384,25.0,0.005,0.8493448633547342,7.222824124231968,103.48602129642313
gala_oos,240,symmetric,25.0,100.0,1787023743250,buy,0.00139,25.0,0.005,0.21877159305623692,7.191657677095526,18089.09753208779
gala_oos,240,symmetric,25.0,100.0,1787023744750,buy,0.001391,25.0,0.005,-0.8712788224769711,7.186489399927531,36061.77905617119
gala_oos,240,symmetric,25.0,100.0,1787023744750,sell,0.001392,25.000000000000004,0.005000000000000001,-0.8712788224769711,7.186489399927531,18102.008941228658
gala_oos,240,symmetric,25.0,100.0,1787023747750,buy,0.001393,25.0,0.005,0.6785396136415016,7.17617509867336,36048.886184588315
gala_oos,240,symmetric,25.0,100.0,1787023752000,sell,0.001393,25.0,0.005,-0.12975490657224423,7.181328545780365,18102.008941228658
gala_oos,240,symmetric,25.0,100.0,1787023755750,sell,0.001385,25.0,0.005,-0.3390094439009811,7.222824124231968,51.46742498316962
gala_oos,240,symmetric,25.0,100.0,1787023760000,sell,0.001385,25.0,0.005,0.5451717275380733,7.222824124231968,-17999.07409126232
gala_oos,240,symmetric,25.0,100.0,1787023760750,sell,0.001385,25.0,0.005,0.8510839081375771,7.222824124231968,-36049.6156075078
gala_oos,240,symmetric,25.0,100.0,1787023762750,sell,0.001386,25.0,0.005,0.5805018509290555,7.217610970769633,-54087.13364502584
gala_oos,240,symmetric,25.0,100.0,1787023770000,buy,0.001383,25.0,0.005,-0.9886770488690161,7.228044813878806,-36010.48867033314
gala_oos,240,symmetric,25.0,100.0,1787023775500,sell,0.001382,25.0,0.005,-0.1308637305354636,7.238508867172754,-54100.21370651259
gala_oos,240,symmetric,25.0,100.0,1787023778500,buy,0.00138,25.0,0.005,-0.2522722899144044,14.482259232440615,-35984.27167752708
gala_oos,240,symmetric,25.0,100.0,1787023780750,buy,0.001381,25.0,0.005,0.9142421675286353,7.238508867172754,-17881.447636976758
gala_oos,240,symmetric,25.0,100.0,1787023800250,buy,0.001383,25.0,0.005,-0.04553863099544698,7.228044813878806,195.1973377159411
gala_oos,240,symmetric,25.0,100.0,1787023801500,buy,0.001383,25.0,0.005,0.6762763132185531,7.228044813878806,18271.84231240864
gala_oos,240,symmetric,25.0,100.0,1787023804500,buy,0.001387,25.0,0.005,0.48538278808698965,7.207207207206602,36296.35565054851
gala_oos,240,symmetric,25.0,100.0,1787023809000,sell,0.001383,25.0,0.005,-0.8767425933269404,7.233273056057258,18219.71067585581
gala_oos,240,symmetric,25.0,100.0,1787023815750,sell,0.001383,25.0,0.005,-0.8951529483978015,7.233273056057258,143.06570116311195
gala_oos,240,symmetric,25.0,100.0,1787023822500,buy,0.001383,25.0,0.005,-0.9483391668694127,7.228044813878806,18219.71067585581
gala_oos,240,symmetric,25.0,100.0,1787023825250,sell,0.001385,25.0,0.005,-0.1251631862551429,7.222824124231968,169.16915961032282
gala_oos,240,symmetric,25.0,100.0,1787023831250,buy,0.001383,25.0,0.005,-0.9999999999999822,7.228044813878806,18245.814134303022
gala_oos,240,symmetric,25.0,100.0,1787023831250,sell,0.001384,25.0,0.005,-0.9999999999999822,7.228044813878806,182.23031927412012
gala_oos,240,symmetric,25.0,100.0,1787023835500,sell,0.001382,25.0,0.005,0.5627961511258531,7.238508867172754,-17907.49471690533
gala_oos,240,symmetric,25.0,300.0,1787023663250,sell,0.001405,25.0,0.005,0.2489707818352649,7.119971520113322,-17793.59430604982
gala_oos,240,symmetric,25.0,300.0,1787023685250,buy,0.001402,24.999999999999996,0.004999999999999999,0.791263284725345,7.130124777183001,38.074738172716025
gala_oos,240,symmetric,25.0,300.0,1787023691000,buy,0.001401,25.0,0.005,0.8283522640139135,7.135212272566056,17882.47159755887
gala_oos,240,symmetric,25.0,300.0,1787023694250,sell,0.0014,25.000000000000004,0.005000000000000001,0.1132659348531576,7.1454090746689225,25.328740416010987
gala_oos,240,symmetric,25.0,300.0,1787023695000,buy,0.001398,25.0,0.005,0.3052317632886155,7.150518412585862,17908.01829692531
gala_oos,240,symmetric,25.0,300.0,1787023695500,buy,0.001398,25.0,0.005,0.06736008726428415,7.150518412585862,35790.70785343461
gala_oos,240,symmetric,25.0,300.0,1787023695500,sell,0.001399,25.000000000000004,0.005000000000000001,0.3052317632886155,7.150518412585862,17920.800776951404
gala_oos,240,symmetric,25.0,300.0,1787023698750,buy,0.001396,25.0,0.005,0.8298467781851644,7.160759040457685,35829.11023253879
gala_oos,240,symmetric,25.0,300.0,1787023706250,sell,0.001396,25.0,0.005,0.6743275130783484,7.165890361878414,17920.8007769514
gala_oos,240,symmetric,25.0,300.0,1787023713250,buy,0.001394,25.0,0.005,-0.41113682791652334,7.171029042667021,35854.803646391854
gala_oos,240,symmetric,25.0,300.0,1787023713250,sell,0.001395,25.0,0.005,-0.41113682791652334,7.171029042667021,17933.656692986835
gala_oos,240,symmetric,25.0,300.0,1787023722500,sell,0.001393,25.0,0.005,-0.5172377953601965,7.181328545780365,-13.22055037282189
gala_oos,240,symmetric,25.0,300.0,1787023726500,buy,0.001392,25.000000000000004,0.005000000000000001,-0.9999999999999707,7.181328545780365,17946.54956456971
gala_oos,240,symmetric,25.0,300.0,1787023726500,sell,0.001393,25.0,0.005,-0.9999999999999707,7.181328545780365,-0.3276787899485498
gala_oos,240,symmetric,25.0,300.0,1787023728250,sell,0.001392,25.000000000000004,0.005000000000000001,-0.28094925347730126,7.186489399927531,-17960.09779373248
gala_oos,240,symmetric,25.0,300.0,1787023739000,buy,0.001384,25.0,0.005,0.8493448633547342,7.222824124231968,103.48602129642313
gala_oos,240,symmetric,25.0,300.0,1787023743250,buy,0.00139,25.0,0.005,0.21877159305623692,7.191657677095526,18089.09753208779
gala_oos,240,symmetric,25.0,300.0,1787023744750,buy,0.001391,25.0,0.005,-0.8712788224769711,7.186489399927531,36061.77905617119
gala_oos,240,symmetric,25.0,300.0,1787023744750,sell,0.001392,25.000000000000004,0.005000000000000001,-0.8712788224769711,7.186489399927531,18102.008941228658
gala_oos,240,symmetric,25.0,300.0,1787023747750,buy,0.001393,25.0,0.005,0.6785396136415016,7.17617509867336,36048.886184588315
gala_oos,240,symmetric,25.0,300.0,1787023752000,sell,0.001393,25.0,0.005,-0.12975490657224423,7.181328545780365,18102.008941228658
gala_oos,240,symmetric,25.0,300.0,1787023755750,sell,0.001385,25.0,0.005,-0.3390094439009811,7.222824124231968,51.46742498316962
gala_oos,240,symmetric,25.0,300.0,1787023760000,sell,0.001385,25.0,0.005,0.5451717275380733,7.222824124231968,-17999.07409126232
gala_oos,240,symmetric,25.0,300.0,1787023760750,sell,0.001385,25.0,0.005,0.8510839081375771,7.222824124231968,-36049.6156075078
gala_oos,240,symmetric,25.0,300.0,1787023762750,sell,0.001386,25.0,0.005,0.5805018509290555,7.217610970769633,-54087.13364502584
gala_oos,240,symmetric,25.0,300.0,1787023766500,sell,0.001386,25.0,0.005,0.6792938896754108,7.217610970769633,-72124.65168254387
gala_oos,240,symmetric,25.0,300.0,1787023770000,buy,0.001383,25.0,0.005,-0.9886770488690161,7.228044813878806,-54048.00670785118
gala_oos,240,symmetric,25.0,300.0,1787023775500,sell,0.001382,25.0,0.005,-0.1308637305354636,7.238508867172754,-72137.73174403064
gala_oos,240,symmetric,25.0,300.0,1787023778500,buy,0.00138,25.0,0.005,-0.2522722899144044,14.482259232440615,-54021.78971504513
gala_oos,240,symmetric,25.0,300.0,1787023780750,buy,0.001381,25.0,0.005,0.9142421675286353,7.238508867172754,-35918.96567449481
gala_oos,240,symmetric,25.0,300.0,1787023800250,buy,0.001383,25.0,0.005,-0.04553863099544698,7.228044813878806,-17842.32069980211
gala_oos,240,symmetric,25.0,300.0,1787023801500,buy,0.001383,25.0,0.005,0.6762763132185531,7.228044813878806,234.32427489059046
gala_oos,240,symmetric,25.0,300.0,1787023804500,buy,0.001387,25.0,0.005,0.48538278808698965,7.207207207206602,18258.83761303046
gala_oos,240,symmetric,25.0,300.0,1787023809000,sell,0.001383,25.0,0.005,-0.8767425933269404,7.233273056057258,182.1926383377613
gala_oos,240,symmetric,25.0,300.0,1787023815750,sell,0.001383,25.0,0.005,-0.8951529483978015,7.233273056057258,-17894.452336354938
gala_oos,240,symmetric,25.0,300.0,1787023822500,buy,0.001383,25.0,0.005,-0.9483391668694127,7.228044813878806,182.1926383377613
gala_oos,240,symmetric,25.0,300.0,1787023825250,sell,0.001385,25.0,0.005,-0.1251631862551429,7.222824124231968,-17868.348877907727
gala_oos,240,symmetric,25.0,300.0,1787023831250,buy,0.001383,25.0,0.005,-0.9999999999999822,7.228044813878806,208.29609678497218
gala_oos,240,symmetric,25.0,300.0,1787023831250,sell,0.001384,25.0,0.005,-0.9999999999999822,7.228044813878806,-17855.28771824393
gala_oos,240,symmetric,25.0,300.0,1787023835500,sell,0.001382,25.0,0.005,0.5627961511258531,7.238508867172754,-35945.012754423384
gala_oos,240,symmetric,100.0,100.0,1787023663250,sell,0.001405,100.0,0.02,0.2489707818352649,7.119971520113322,-71174.37722419928
gala_oos,240,symmetric,100.0,100.0,1787023685250,buy,0.001402,99.99999999999999,0.019999999999999997,0.791263284725345,7.130124777183001,152.2989526908641
gala_oos,240,symmetric,100.0,100.0,1787023691000,buy,0.001401,100.0,0.02,0.8283522640139135,7.135212272566056,71529.88639023548
gala_oos,240,symmetric,100.0,100.0,1787023694250,sell,0.0014,100.00000000000001,0.020000000000000004,0.1132659348531576,7.1454090746689225,101.31496166404395
gala_oos,240,symmetric,100.0,100.0,1787023695000,buy,0.001398,100.0,0.02,0.3052317632886155,7.150518412585862,71632.07318770124
gala_oos,240,symmetric,100.0,100.0,1787023695500,sell,0.001399,100.00000000000001,0.020000000000000004,0.3052317632886155,7.150518412585862,152.44488176843151
gala_oos,240,symmetric,100.0,100.0,1787023713250,buy,0.001394,100.0,0.02,-0.41113682791652334,7.171029042667021,71888.45635953026
gala_oos,240,symmetric,100.0,100.0,1787023713250,sell,0.001395,100.0,0.02,-0.41113682791652334,7.171029042667021,203.86854591018346
gala_oos,240,symmetric,100.0,100.0,1787023722500,sell,0.001393,100.0,0.02,-0.5172377953601965,7.181328545780365,-71583.64042752844
gala_oos,240,symmetric,100.0,100.0,1787023726500,buy,0.001392,100.00000000000001,0.020000000000000004,-0.9999999999999707,7.181328545780365,255.44003224167682
gala_oos,240,symmetric,100.0,100.0,1787023728250,sell,0.001392,100.00000000000001,0.020000000000000004,-0.28094925347730126,7.186489399927531,-71583.64042752844
gala_oos,240,symmetric,100.0,100.0,1787023739000,buy,0.001384,100.0,0.02,0.8493448633547342,7.222824124231968,670.6948325871635
gala_oos,240,symmetric,100.0,100.0,1787023743250,buy,0.00139,100.0,0.02,0.21877159305623692,7.191657677095526,72613.14087575264
gala_oos,240,symmetric,100.0,100.0,1787023744750,sell,0.001392,100.00000000000001,0.020000000000000004,-0.8712788224769711,7.186489399927531,774.0604159825161
gala_oos,240,symmetric,100.0,100.0,1787023748000,buy,0.001393,100.0,0.02,0.6785396136415016,7.17617509867336,72561.56938942114
gala_oos,240,symmetric,100.0,100.0,1787023752000,sell,0.001393,100.0,0.02,-0.12975490657224423,7.181328545780365,774.0604159825161
gala_oos,240,symmetric,100.0,100.0,1787023755750,sell,0.001385,100.0,0.02,-0.3390094439009811,7.222824124231968,-71428.10564899944
gala_oos,240,symmetric,100.0,100.0,1787023770000,buy,0.001383,100.0,0.02,-0.9886770488690161,7.228044813878806,878.4742497713596
gala_oos,240,symmetric,100.0,100.0,1787023775500,sell,0.001382,100.0,0.02,-0.1308637305354636,7.238508867172754,-71480.42589494644
gala_oos,240,symmetric,100.0,100.0,1787023780750,buy,0.001381,100.0,0.02,0.9142421675286353,7.238508867172754,930.8702672548534
gala_oos,240,symmetric,100.0,100.0,1787023800250,buy,0.001383,100.0,0.02,-0.04553863099544698,7.228044813878806,73237.45016602565
gala_oos,240,symmetric,100.0,100.0,1787023809000,sell,0.001383,100.0,0.02,-0.8767425933269404,7.233273056057258,930.8702672548534
gala_oos,240,symmetric,100.0,100.0,1787023822500,buy,0.001383,100.0,0.02,-0.9483391668694127,7.228044813878806,73237.45016602565
gala_oos,240,symmetric,100.0,100.0,1787023825250,sell,0.001385,100.0,0.02,-0.1251631862551429,7.222824124231968,1035.2841010436969
gala_oos,240,symmetric,100.0,100.0,1787023831250,sell,0.001384,100.0,0.02,-0.9999999999999822,7.228044813878806,-71219.05115907191
gala_oos,240,symmetric,100.0,300.0,1787023663250,sell,0.001405,100.0,0.02,0.2489707818352649,7.119971520113322,-71174.37722419928
gala_oos,240,symmetric,100.0,300.0,1787023685250,buy,0.001402,99.99999999999999,0.019999999999999997,0.791263284725345,7.130124777183001,152.2989526908641
gala_oos,240,symmetric,100.0,300.0,1787023691000,buy,0.001401,100.0,0.02,0.8283522640139135,7.135212272566056,71529.88639023548
gala_oos,240,symmetric,100.0,300.0,1787023694250,sell,0.0014,100.00000000000001,0.020000000000000004,0.1132659348531576,7.1454090746689225,101.31496166404395
gala_oos,240,symmetric,100.0,300.0,1787023695000,buy,0.001398,100.0,0.02,0.3052317632886155,7.150518412585862,71632.07318770124
gala_oos,240,symmetric,100.0,300.0,1787023695500,buy,0.001398,100.0,0.02,0.06736008726428415,7.150518412585862,143162.83141373843
gala_oos,240,symmetric,100.0,300.0,1787023695500,sell,0.001399,100.00000000000001,0.020000000000000004,0.3052317632886155,7.150518412585862,71683.20310780562
gala_oos,240,symmetric,100.0,300.0,1787023713250,buy,0.001394,100.0,0.02,-0.41113682791652334,7.171029042667021,143419.21458556745
gala_oos,240,symmetric,100.0,300.0,1787023713250,sell,0.001395,100.0,0.02,-0.41113682791652334,7.171029042667021,71734.62677194737
gala_oos,240,symmetric,100.0,300.0,1787023722500,sell,0.001393,100.0,0.02,-0.5172377953601965,7.181328545780365,-52.882201491258456
gala_oos,240,symmetric,100.0,300.0,1787023726500,buy,0.001392,100.00000000000001,0.020000000000000004,-0.9999999999999707,7.181328545780365,71786.19825827886
gala_oos,240,symmetric,100.0,300.0,1787023726500,sell,0.001393,100.0,0.02,-0.9999999999999707,7.181328545780365,-1.3107151597650954
gala_oos,240,symmetric,100.0,300.0,1787023728250,sell,0.001392,100.00000000000001,0.020000000000000004,-0.28094925347730126,7.186489399927531,-71840.39117492989
gala_oos,240,symmetric,100.0,300.0,1787023739000,buy,0.001384,100.0,0.02,0.8493448633547342,7.222824124231968,413.94408518572163
gala_oos,240,symmetric,100.0,300.0,1787023743250,buy,0.00139,100.0,0.02,0.21877159305623692,7.191657677095526,72356.3901283512
gala_oos,240,symmetric,100.0,300.0,1787023744750,buy,0.001391,100.0,0.02,-0.8712788224769711,7.186489399927531,144247.11622468475
gala_oos,240,symmetric,100.0,300.0,1787023744750,sell,0.001392,100.00000000000001,0.020000000000000004,-0.8712788224769711,7.186489399927531,72408.03576491463
gala_oos,240,symmetric,100.0,300.0,1787023748000,buy,0.001393,100.0,0.02,0.6785396136415016,7.17617509867336,144195.54473835326
gala_oos,240,symmetric,100.0,300.0,1787023752000,sell,0.001393,100.0,0.02,-0.12975490657224423,7.181328545780365,72408.03576491463
gala_oos,240,symmetric,100.0,300.0,1787023755750,sell,0.001385,100.0,0.02,-0.3390094439009811,7.222824124231968,205.8696999326785
gala_oos,240,symmetric,100.0,300.0,1787023760000,sell,0.001385,100.0,0.02,0.5451717275380733,7.222824124231968,-71996.29636504927
gala_oos,240,symmetric,100.0,300.0,1787023766500,sell,0.001386,100.0,0.02,0.6792938896754108,7.217610970769633,-144146.3685151214
gala_oos,240,symmetric,100.0,300.0,1787023770000,buy,0.001383,100.0,0.02,-0.9886770488690161,7.228044813878806,-71839.7886163506
gala_oos,240,symmetric,100.0,300.0,1787023775500,sell,0.001382,100.0,0.02,-0.1308637305354636,7.238508867172754,-144198.6887610684
gala_oos,240,symmetric,100.0,300.0,1787023780750,buy,0.001381,100.0,0.02,0.9142421675286353,7.238508867172754,-71787.3925988671
gala_oos,240,symmetric,100.0,300.0,1787023800250,buy,0.001383,100.0,0.02,-0.04553863099544698,7.228044813878806,519.1872999037005
gala_oos,240,symmetric,100.0,300.0,1787023801500,buy,0.001383,100.0,0.02,0.6762763132185531,7.228044813878806,72825.7671986745
gala_oos,240,symmetric,100.0,300.0,1787023804500,buy,0.001387,100.0,0.02,0.48538278808698965,7.207207207206602,144923.82055123398
gala_oos,240,symmetric,100.0,300.0,1787023809000,sell,0.001383,100.0,0.02,-0.8767425933269404,7.233273056057258,72617.24065246318
gala_oos,240,symmetric,100.0,300.0,1787023822500,buy,0.001383,100.0,0.02,-0.9483391668694127,7.228044813878806,144923.82055123398
gala_oos,240,symmetric,100.0,300.0,1787023825250,sell,0.001385,100.0,0.02,-0.1251631862551429,7.222824124231968,72721.65448625202
gala_oos,240,symmetric,100.0,300.0,1787023831250,sell,0.001384,100.0,0.02,-0.9999999999999822,7.228044813878806,467.31922613641655
gala_oos,240,symmetric,100.0,300.0,1787023835500,sell,0.001382,100.0,0.02,0.5627961511258531,7.238508867172754,-71891.58091858139
gala_oos,240,tox20,25.0,100.0,1787023663250,sell,0.001405,25.0,0.005,-0.08600108348916037,7.119971520113322,-17793.59430604982
gala_oos,240,tox20,25.0,100.0,1787023691000,buy,0.001401,25.0,0.005,0.8283522640139135,7.135212272566056,50.802553336332494
gala_oos,240,tox20,25.0,100.0,1787023694250,sell,0.0014,25.000000000000004,0.005000000000000001,0.1132659348531576,7.1454090746689225,-17806.340303806526
gala_oos,240,tox20,25.0,100.0,1787023695000,buy,0.001398,25.0,0.005,0.3052317632886155,7.150518412585862,76.34925270277381
gala_oos,240,tox20,25.0,100.0,1787023695500,buy,0.001398,25.0,0.005,0.06736008726428415,7.150518412585862,17959.038809212074
gala_oos,240,tox20,25.0,100.0,1787023698750,buy,0.001396,25.0,0.005,0.8298467781851644,7.160759040457685,35867.34826479947
gala_oos,240,tox20,25.0,100.0,1787023713250,sell,0.001395,25.0,0.005,-0.41113682791652334,7.171029042667021,17946.20131139445
gala_oos,240,tox20,25.0,100.0,1787023722500,sell,0.001393,25.0,0.005,-0.5172377953601965,7.181328545780365,-0.6759319652082922
gala_oos,240,tox20,25.0,100.0,1787023726500,sell,0.001393,25.0,0.005,-0.9999999999999707,7.181328545780365,-17947.553175324865
gala_oos,240,tox20,25.0,100.0,1787023728250,sell,0.001392,25.000000000000004,0.005000000000000001,-0.28094925347730126,7.186489399927531,-35907.32329026739
gala_oos,240,tox20,25.0,100.0,1787023731750,sell,0.001392,25.000000000000004,0.005000000000000001,-0.7406708916808526,7.186489399927531,-53867.09340520992
gala_oos,240,tox20,25.0,100.0,1787023747750,buy,0.001393,25.0,0.005,0.6785396136415016,7.17617509867336,-35920.21616185026
gala_oos,240,tox20,25.0,100.0,1787023755750,sell,0.001385,25.0,0.005,-0.3390094439009811,7.222824124231968,-53970.757678095746
gala_oos,240,tox20,25.0,100.0,1787023780750,buy,0.001381,25.0,0.005,0.9142421675286353,7.238508867172754,-35867.93363754542
gala_oos,240,tox20,25.0,100.0,1787023800250,buy,0.001383,25.0,0.005,-0.04553863099544698,7.228044813878806,-17791.288662852723
gala_oos,240,tox20,25.0,100.0,1787023801500,buy,0.001383,25.0,0.005,0.6762763132185531,7.228044813878806,285.3563118399761
gala_oos,240,tox20,25.0,100.0,1787023809000,sell,0.001383,25.0,0.005,-0.8767425933269404,7.233273056057258,-17791.288662852723
gala_oos,240,tox20,25.0,100.0,1787023825250,sell,0.001385,25.0,0.005,-0.1251631862551429,7.222824124231968,-35841.83017909821
gala_oos,240,tox20,25.0,100.0,1787023831250,sell,0.001384,25.0,0.005,-0.9999999999999822,7.228044813878806,-53905.41399412711
gala_oos,240,tox20,25.0,300.0,1787023663250,sell,0.001405,25.0,0.005,-0.08600108348916037,7.119971520113322,-17793.59430604982
gala_oos,240,tox20,25.0,300.0,1787023691000,buy,0.001401,25.0,0.005,0.8283522640139135,7.135212272566056,50.802553336332494
gala_oos,240,tox20,25.0,300.0,1787023694250,sell,0.0014,25.000000000000004,0.005000000000000001,0.1132659348531576,7.1454090746689225,-17806.340303806526
gala_oos,240,tox20,25.0,300.0,1787023695000,buy,0.001398,25.0,0.005,0.3052317632886155,7.150518412585862,76.34925270277381
gala_oos,240,tox20,25.0,300.0,1787023695500,buy,0.001398,25.0,0.005,0.06736008726428415,7.150518412585862,17959.038809212074
gala_oos,240,tox20,25.0,300.0,1787023698750,buy,0.001396,25.0,0.005,0.8298467781851644,7.160759040457685,35867.34826479947
gala_oos,240,tox20,25.0,300.0,1787023713250,sell,0.001395,25.0,0.005,-0.41113682791652334,7.171029042667021,17946.20131139445
gala_oos,240,tox20,25.0,300.0,1787023722500,sell,0.001393,25.0,0.005,-0.5172377953601965,7.181328545780365,-0.6759319652082922
gala_oos,240,tox20,25.0,300.0,1787023726500,sell,0.001393,25.0,0.005,-0.9999999999999707,7.181328545780365,-17947.553175324865
gala_oos,240,tox20,25.0,300.0,1787023728250,sell,0.001392,25.000000000000004,0.005000000000000001,-0.28094925347730126,7.186489399927531,-35907.32329026739
gala_oos,240,tox20,25.0,300.0,1787023731750,sell,0.001392,25.000000000000004,0.005000000000000001,-0.7406708916808526,7.186489399927531,-53867.09340520992
gala_oos,240,tox20,25.0,300.0,1787023747750,buy,0.001393,25.0,0.005,0.6785396136415016,7.17617509867336,-35920.21616185026
gala_oos,240,tox20,25.0,300.0,1787023755750,sell,0.001385,25.0,0.005,-0.3390094439009811,7.222824124231968,-53970.757678095746
gala_oos,240,tox20,25.0,300.0,1787023766500,sell,0.001386,25.0,0.005,-0.7700907419035415,7.217610970769633,-72008.27571561378
gala_oos,240,tox20,25.0,300.0,1787023775500,sell,0.001382,25.0,0.005,-0.1308637305354636,7.238508867172754,-90098.00075179324
gala_oos,240,tox20,25.0,300.0,1787023780750,buy,0.001381,25.0,0.005,0.9142421675286353,7.238508867172754,-71995.17671124291
gala_oos,240,tox20,25.0,300.0,1787023800250,buy,0.001383,25.0,0.005,-0.04553863099544698,7.228044813878806,-53918.53173655021
gala_oos,240,tox20,25.0,300.0,1787023801500,buy,0.001383,25.0,0.005,0.6762763132185531,7.228044813878806,-35841.88676185752
gala_oos,240,tox20,25.0,300.0,1787023809000,sell,0.001383,25.0,0.005,-0.8767425933269404,7.233273056057258,-53918.53173655021
gala_oos,240,tox20,25.0,300.0,1787023825250,sell,0.001385,25.0,0.005,-0.1251631862551429,7.222824124231968,-71969.0732527957
gala_oos,240,tox20,25.0,300.0,1787023831250,sell,0.001384,25.0,0.005,-0.9999999999999822,7.228044813878806,-90032.6570678246
gala_oos,240,tox20,25.0,300.0,1787023835500,sell,0.001382,25.0,0.005,-0.020051096011623613,7.238508867172754,-108122.38210400406
gala_oos,240,tox20,100.0,100.0,1787023663250,sell,0.001405,100.0,0.02,-0.08600108348916037,7.119971520113322,-71174.37722419928
gala_oos,240,tox20,100.0,100.0,1787023691000,buy,0.001401,100.0,0.02,0.8283522640139135,7.135212272566056,203.21021334532998
gala_oos,240,tox20,100.0,100.0,1787023694250,sell,0.0014,100.00000000000001,0.020000000000000004,0.1132659348531576,7.1454090746689225,-71225.3612152261
gala_oos,240,tox20,100.0,100.0,1787023695000,buy,0.001398,100.0,0.02,0.3052317632886155,7.150518412585862,305.39701081109524
gala_oos,240,tox20,100.0,100.0,1787023695500,buy,0.001398,100.0,0.02,0.06736008726428415,7.150518412585862,71836.1552368483
gala_oos,240,tox20,100.0,100.0,1787023713250,sell,0.001395,100.0,0.02,-0.41113682791652334,7.171029042667021,151.5674232282181
gala_oos,240,tox20,100.0,100.0,1787023722500,sell,0.001393,100.0,0.02,-0.5172377953601965,7.181328545780365,-71635.94155021041
gala_oos,240,tox20,100.0,100.0,1787023748000,buy,0.001393,100.0,0.02,0.6785396136415016,7.17617509867336,151.5674232282181
gala_oos,240,tox20,100.0,100.0,1787023755750,sell,0.001385,100.0,0.02,-0.3390094439009811,7.222824124231968,-72050.59864175374
gala_oos,240,tox20,100.0,100.0,1787023780750,buy,0.001381,100.0,0.02,0.9142421675286353,7.238508867172754,360.69752044756024
gala_oos,240,tox20,100.0,100.0,1787023800250,buy,0.001383,100.0,0.02,-0.04553863099544698,7.228044813878806,72667.27741921836
gala_oos,240,tox20,100.0,100.0,1787023809000,sell,0.001383,100.0,0.02,-0.8767425933269404,7.233273056057258,360.69752044756024
gala_oos,240,tox20,100.0,100.0,1787023825250,sell,0.001385,100.0,0.02,-0.1251631862551429,7.222824124231968,-71841.4685445344
gala_oos,240,tox20,100.0,300.0,1787023663250,sell,0.001405,100.0,0.02,-0.08600108348916037,7.119971520113322,-71174.37722419928
gala_oos,240,tox20,100.0,300.0,1787023691000,buy,0.001401,100.0,0.02,0.8283522640139135,7.135212272566056,203.21021334532998
gala_oos,240,tox20,100.0,300.0,1787023694250,sell,0.0014,100.00000000000001,0.020000000000000004,0.1132659348531576,7.1454090746689225,-71225.3612152261
gala_oos,240,tox20,100.0,300.0,1787023695000,buy,0.001398,100.0,0.02,0.3052317632886155,7.150518412585862,305.39701081109524
gala_oos,240,tox20,100.0,300.0,1787023695500,buy,0.001398,100.0,0.02,0.06736008726428415,7.150518412585862,71836.1552368483
gala_oos,240,tox20,100.0,300.0,1787023713250,sell,0.001395,100.0,0.02,-0.41113682791652334,7.171029042667021,151.5674232282181
gala_oos,240,tox20,100.0,300.0,1787023722500,sell,0.001393,100.0,0.02,-0.5172377953601965,7.181328545780365,-71635.94155021041
gala_oos,240,tox20,100.0,300.0,1787023726500,sell,0.001393,100.0,0.02,-0.9999999999999707,7.181328545780365,-143423.45052364905
gala_oos,240,tox20,100.0,300.0,1787023748000,buy,0.001393,100.0,0.02,0.6785396136415016,7.17617509867336,-71635.94155021042
gala_oos,240,tox20,100.0,300.0,1787023755750,sell,0.001385,100.0,0.02,-0.3390094439009811,7.222824124231968,-143838.10761519236
gala_oos,240,tox20,100.0,300.0,1787023780750,buy,0.001381,100.0,0.02,0.9142421675286353,7.238508867172754,-71426.81145299107
gala_oos,240,tox20,100.0,300.0,1787023800250,buy,0.001383,100.0,0.02,-0.04553863099544698,7.228044813878806,879.7684457797295
gala_oos,240,tox20,100.0,300.0,1787023801500,buy,0.001383,100.0,0.02,0.6762763132185531,7.228044813878806,73186.34834455053
gala_oos,240,tox20,100.0,300.0,1787023809000,sell,0.001383,100.0,0.02,-0.8767425933269404,7.233273056057258,879.7684457797295
gala_oos,240,tox20,100.0,300.0,1787023825250,sell,0.001385,100.0,0.02,-0.1251631862551429,7.222824124231968,-71322.39761920222
gala_oos,240,tox20,100.0,300.0,1787023831250,sell,0.001384,100.0,0.02,-0.9999999999999822,7.228044813878806,-143576.73287931783
gala_oos,240,tox40,25.0,100.0,1787023663250,sell,0.001405,25.0,0.005,0.2489707818352649,7.119971520113322,-17793.59430604982
gala_oos,240,tox40,25.0,100.0,1787023691000,buy,0.001401,25.0,0.005,0.8283522640139135,7.135212272566056,50.802553336332494
gala_oos,240,tox40,25.0,100.0,1787023694250,sell,0.0014,25.000000000000004,0.005000000000000001,0.1132659348531576,7.1454090746689225,-17806.340303806526
gala_oos,240,tox40,25.0,100.0,1787023695000,buy,0.001398,25.0,0.005,0.3052317632886155,7.150518412585862,76.34925270277381
gala_oos,240,tox40,25.0,100.0,1787023695500,buy,0.001398,25.0,0.005,0.06736008726428415,7.150518412585862,17959.038809212074
gala_oos,240,tox40,25.0,100.0,1787023695500,sell,0.001399,25.000000000000004,0.005000000000000001,0.3052317632886155,7.150518412585862,89.1317327288707
gala_oos,240,tox40,25.0,100.0,1787023698750,buy,0.001396,25.0,0.005,0.8298467781851644,7.160759040457685,17997.44118831626
gala_oos,240,tox40,25.0,100.0,1787023713250,sell,0.001395,25.0,0.005,-0.41113682791652334,7.171029042667021,76.2942349112418
gala_oos,240,tox40,25.0,100.0,1787023722500,sell,0.001393,25.0,0.005,-0.5172377953601965,7.181328545780365,-17870.583008448415
gala_oos,240,tox40,25.0,100.0,1787023726500,sell,0.001393,25.0,0.005,-0.9999999999999707,7.181328545780365,-35817.46025180807
gala_oos,240,tox40,25.0,100.0,1787023728250,sell,0.001392,25.000000000000004,0.005000000000000001,-0.28094925347730126,7.186489399927531,-53777.230366750606
gala_oos,240,tox40,25.0,100.0,1787023747750,buy,0.001393,25.0,0.005,0.6785396136415016,7.17617509867336,-35830.353123390945
gala_oos,240,tox40,25.0,100.0,1787023752000,sell,0.001393,25.0,0.005,-0.12975490657224423,7.181328545780365,-53777.230366750606
gala_oos,240,tox40,25.0,100.0,1787023778500,buy,0.00138,25.0,0.005,-0.2522722899144044,14.482259232440615,-35661.2883377651
gala_oos,240,tox40,25.0,100.0,1787023780750,buy,0.001381,25.0,0.005,0.9142421675286353,7.238508867172754,-17558.464297214778
gala_oos,240,tox40,25.0,100.0,1787023800250,buy,0.001383,25.0,0.005,-0.04553863099544698,7.228044813878806,518.1806774779216
gala_oos,240,tox40,25.0,100.0,1787023801500,buy,0.001383,25.0,0.005,0.6762763132185531,7.228044813878806,18594.82565217062
gala_oos,240,tox40,25.0,100.0,1787023809000,sell,0.001383,25.0,0.005,-0.8767425933269404,7.233273056057258,518.1806774779216
gala_oos,240,tox40,25.0,100.0,1787023825250,sell,0.001385,25.0,0.005,-0.1251631862551429,7.222824124231968,-17532.360838767567
gala_oos,240,tox40,25.0,100.0,1787023831250,sell,0.001384,25.0,0.005,-0.9999999999999822,7.228044813878806,-35595.94465379647
gala_oos,240,tox40,25.0,100.0,1787023835500,sell,0.001382,25.0,0.005,-0.020051096011623613,7.238508867172754,-53685.66968997592
gala_oos,240,tox40,25.0,300.0,1787023663250,sell,0.001405,25.0,0.005,0.2489707818352649,7.119971520113322,-17793.59430604982
gala_oos,240,tox40,25.0,300.0,1787023691000,buy,0.001401,25.0,0.005,0.8283522640139135,7.135212272566056,50.802553336332494
gala_oos,240,tox40,25.0,300.0,1787023694250,sell,0.0014,25.000000000000004,0.005000000000000001,0.1132659348531576,7.1454090746689225,-17806.340303806526
gala_oos,240,tox40,25.0,300.0,1787023695000,buy,0.001398,25.0,0.005,0.3052317632886155,7.150518412585862,76.34925270277381
gala_oos,240,tox40,25.0,300.0,1787023695500,buy,0.001398,25.0,0.005,0.06736008726428415,7.150518412585862,17959.038809212074
gala_oos,240,tox40,25.0,300.0,1787023695500,sell,0.001399,25.000000000000004,0.005000000000000001,0.3052317632886155,7.150518412585862,89.1317327288707
gala_oos,240,tox40,25.0,300.0,1787023698750,buy,0.001396,25.0,0.005,0.8298467781851644,7.160759040457685,17997.44118831626
gala_oos,240,tox40,25.0,300.0,1787023713250,sell,0.001395,25.0,0.005,-0.41113682791652334,7.171029042667021,76.2942349112418
gala_oos,240,tox40,25.0,300.0,1787023722500,sell,0.001393,25.0,0.005,-0.5172377953601965,7.181328545780365,-17870.583008448415
gala_oos,240,tox40,25.0,300.0,1787023726500,sell,0.001393,25.0,0.005,-0.9999999999999707,7.181328545780365,-35817.46025180807
gala_oos,240,tox40,25.0,300.0,1787023728250,sell,0.001392,25.000000000000004,0.005000000000000001,-0.28094925347730126,7.186489399927531,-53777.230366750606
gala_oos,240,tox40,25.0,300.0,1787023731750,sell,0.001392,25.000000000000004,0.005000000000000001,-0.7406708916808526,7.186489399927531,-71737.00048169313
gala_oos,240,tox40,25.0,300.0,1787023747750,buy,0.001393,25.0,0.005,0.6785396136415016,7.17617509867336,-53790.12323833347
gala_oos,240,tox40,25.0,300.0,1787023752000,sell,0.001393,25.0,0.005,-0.12975490657224423,7.181328545780365,-71737.00048169313
gala_oos,240,tox40,25.0,300.0,1787023755750,sell,0.001385,25.0,0.005,-0.3390094439009811,7.222824124231968,-89787.54199793862
gala_oos,240,tox40,25.0,300.0,1787023766500,sell,0.001386,25.0,0.005,-0.7700907419035415,7.217610970769633,-107825.06003545666
gala_oos,240,tox40,25.0,300.0,1787023775500,sell,0.001382,25.0,0.005,-0.1308637305354636,7.238508867172754,-125914.78507163611
gala_oos,240,tox40,25.0,300.0,1787023778500,buy,0.00138,25.0,0.005,-0.2522722899144044,14.482259232440615,-107798.84304265061
gala_oos,240,tox40,25.0,300.0,1787023780750,buy,0.001381,25.0,0.005,0.9142421675286353,7.238508867172754,-89696.01900210028
gala_oos,240,tox40,25.0,300.0,1787023800250,buy,0.001383,25.0,0.005,-0.04553863099544698,7.228044813878806,-71619.37402740758
gala_oos,240,tox40,25.0,300.0,1787023801500,buy,0.001383,25.0,0.005,0.6762763132185531,7.228044813878806,-53542.72905271489
gala_oos,240,tox40,25.0,300.0,1787023809000,sell,0.001383,25.0,0.005,-0.8767425933269404,7.233273056057258,-71619.37402740758
gala_oos,240,tox40,25.0,300.0,1787023825250,sell,0.001385,25.0,0.005,-0.1251631862551429,7.222824124231968,-89669.91554365307
gala_oos,240,tox40,25.0,300.0,1787023831250,sell,0.001384,25.0,0.005,-0.9999999999999822,7.228044813878806,-107733.49935868198
gala_oos,240,tox40,25.0,300.0,1787023835500,sell,0.001382,25.0,0.005,-0.020051096011623613,7.238508867172754,-125823.22439486143
gala_oos,240,tox40,100.0,100.0,1787023663250,sell,0.001405,100.0,0.02,0.2489707818352649,7.119971520113322,-71174.37722419928
gala_oos,240,tox40,100.0,100.0,1787023691000,buy,0.001401,100.0,0.02,0.8283522640139135,7.135212272566056,203.21021334532998
gala_oos,240,tox40,100.0,100.0,1787023694250,sell,0.0014,100.00000000000001,0.020000000000000004,0.1132659348531576,7.1454090746689225,-71225.3612152261
gala_oos,240,tox40,100.0,100.0,1787023695000,buy,0.001398,100.0,0.02,0.3052317632886155,7.150518412585862,305.39701081109524
gala_oos,240,tox40,100.0,100.0,1787023695500,buy,0.001398,100.0,0.02,0.06736008726428415,7.150518412585862,71836.1552368483
gala_oos,240,tox40,100.0,100.0,1787023713250,sell,0.001395,100.0,0.02,-0.41113682791652334,7.171029042667021,151.5674232282181
gala_oos,240,tox40,100.0,100.0,1787023722500,sell,0.001393,100.0,0.02,-0.5172377953601965,7.181328545780365,-71635.94155021041
gala_oos,240,tox40,100.0,100.0,1787023748000,buy,0.001393,100.0,0.02,0.6785396136415016,7.17617509867336,151.5674232282181
gala_oos,240,tox40,100.0,100.0,1787023752000,sell,0.001393,100.0,0.02,-0.12975490657224423,7.181328545780365,-71635.94155021041
gala_oos,240,tox40,100.0,100.0,1787023780750,buy,0.001381,100.0,0.02,0.9142421675286353,7.238508867172754,775.354611990886
gala_oos,240,tox40,100.0,100.0,1787023800250,buy,0.001383,100.0,0.02,-0.04553863099544698,7.228044813878806,73081.93451076168
gala_oos,240,tox40,100.0,100.0,1787023809000,sell,0.001383,100.0,0.02,-0.8767425933269404,7.233273056057258,775.354611990886
gala_oos,240,tox40,100.0,100.0,1787023825250,sell,0.001385,100.0,0.02,-0.1251631862551429,7.222824124231968,-71426.81145299107
gala_oos,240,tox40,100.0,300.0,1787023663250,sell,0.001405,100.0,0.02,0.2489707818352649,7.119971520113322,-71174.37722419928
gala_oos,240,tox40,100.0,300.0,1787023691000,buy,0.001401,100.0,0.02,0.8283522640139135,7.135212272566056,203.21021334532998
gala_oos,240,tox40,100.0,300.0,1787023694250,sell,0.0014,100.00000000000001,0.020000000000000004,0.1132659348531576,7.1454090746689225,-71225.3612152261
gala_oos,240,tox40,100.0,300.0,1787023695000,buy,0.001398,100.0,0.02,0.3052317632886155,7.150518412585862,305.39701081109524
gala_oos,240,tox40,100.0,300.0,1787023695500,buy,0.001398,100.0,0.02,0.06736008726428415,7.150518412585862,71836.1552368483
gala_oos,240,tox40,100.0,300.0,1787023695500,sell,0.001399,100.00000000000001,0.020000000000000004,0.3052317632886155,7.150518412585862,356.5269309154828
gala_oos,240,tox40,100.0,300.0,1787023713250,sell,0.001395,100.0,0.02,-0.41113682791652334,7.171029042667021,-71328.0608827046
gala_oos,240,tox40,100.0,300.0,1787023722500,sell,0.001393,100.0,0.02,-0.5172377953601965,7.181328545780365,-143115.5698561432
gala_oos,240,tox40,100.0,300.0,1787023748000,buy,0.001393,100.0,0.02,0.6785396136415016,7.17617509867336,-71328.06088270458
gala_oos,240,tox40,100.0,300.0,1787023752000,sell,0.001393,100.0,0.02,-0.12975490657224423,7.181328545780365,-143115.5698561432
gala_oos,240,tox40,100.0,300.0,1787023780750,buy,0.001381,100.0,0.02,0.9142421675286353,7.238508867172754,-70704.27369394191
gala_oos,240,tox40,100.0,300.0,1787023800250,buy,0.001383,100.0,0.02,-0.04553863099544698,7.228044813878806,1602.3062048288848
gala_oos,240,tox40,100.0,300.0,1787023801500,buy,0.001383,100.0,0.02,0.6762763132185531,7.228044813878806,73908.88610359968
gala_oos,240,tox40,100.0,300.0,1787023809000,sell,0.001383,100.0,0.02,-0.8767425933269404,7.233273056057258,1602.3062048288848
gala_oos,240,tox40,100.0,300.0,1787023825250,sell,0.001385,100.0,0.02,-0.1251631862551429,7.222824124231968,-70599.85986015307
gala_oos,240,tox40,100.0,300.0,1787023831250,sell,0.001384,100.0,0.02,-0.9999999999999822,7.228044813878806,-142854.19512026868
robo_v7,10,symmetric,25.0,100.0,1787022995500,sell,0.01334,25.0,0.005,0.0,7.499062617172548,-1874.062968515742
robo_v7,10,symmetric,25.0,100.0,1787023057500,sell,0.01336,25.0,0.005,-0.9999999999999833,7.48783227255679,-3745.320453545682
robo_v7,10,symmetric,25.0,300.0,1787022995500,sell,0.01334,25.0,0.005,0.0,7.499062617172548,-1874.062968515742
robo_v7,10,symmetric,25.0,300.0,1787023057500,sell,0.01336,25.0,0.005,-0.9999999999999833,7.48783227255679,-3745.320453545682
robo_v7,10,symmetric,100.0,100.0,1787022995500,sell,0.01334,100.0,0.02,0.0,7.499062617172548,-7496.251874062968
robo_v7,10,symmetric,100.0,300.0,1787022995500,sell,0.01334,100.0,0.02,0.0,7.499062617172548,-7496.251874062968
robo_v7,240,symmetric,25.0,100.0,1787022995500,sell,0.01334,25.0,0.005,0.0,7.499062617172548,-1874.062968515742
robo_v7,240,symmetric,25.0,100.0,1787023057500,sell,0.01336,25.0,0.005,-0.9999999999998532,7.48783227255679,-3745.320453545682
robo_v7,240,symmetric,25.0,300.0,1787022995500,sell,0.01334,25.0,0.005,0.0,7.499062617172548,-1874.062968515742
robo_v7,240,symmetric,25.0,300.0,1787023057500,sell,0.01336,25.0,0.005,-0.9999999999998532,7.48783227255679,-3745.320453545682
robo_v7,240,symmetric,100.0,100.0,1787022995500,sell,0.01334,100.0,0.02,0.0,7.499062617172548,-7496.251874062968
robo_v7,240,symmetric,100.0,300.0,1787022995500,sell,0.01334,100.0,0.02,0.0,7.499062617172548,-7496.251874062968
robo_v7,240,tox20,25.0,100.0,1787023012250,sell,0.01336,25.0,0.005,-0.9999999999999907,7.48783227255679,-1871.25748502994
robo_v7,240,tox20,25.0,300.0,1787023012250,sell,0.01336,25.0,0.005,-0.9999999999999907,7.48783227255679,-1871.25748502994
robo_v7,240,tox40,25.0,100.0,1787023012250,sell,0.01336,25.0,0.005,-0.9999999999999907,7.48783227255679,-1871.25748502994
robo_v7,240,tox40,25.0,300.0,1787023012250,sell,0.01336,25.0,0.005,-0.9999999999999907,7.48783227255679,-1871.25748502994
