ts,bid,bidq,ask,askq,mid,spread_bp
1787024426299,0.001393,1914945.0,0.001394,1302327.0,0.0013935,7.17617509867336
1787024426591,0.001393,1911972.0,0.001394,1302327.0,0.0013935,7.17617509867336
1787024426600,0.001393,1911972.0,0.001394,1695138.0,0.0013935,7.17617509867336
1787024426657,0.001393,2038064.0,0.001394,1695138.0,0.0013935,7.17617509867336
1787024426699,0.001393,2038064.0,0.001394,1302327.0,0.0013935,7.17617509867336
1787024426700,0.001393,2038064.0,0.001394,1290486.0,0.0013935,7.17617509867336
1787024426702,0.001393,2038064.0,0.001394,1302327.0,0.0013935,7.17617509867336
1787024426798,0.001393,2030888.0,0.001394,1302327.0,0.0013935,7.17617509867336
1787024427398,0.001393,2030888.0,0.001394,1307452.0,0.0013935,7.17617509867336
1787024427735,0.001393,2027537.0,0.001394,1307452.0,0.0013935,7.17617509867336
1787024428399,0.001393,2027537.0,0.001394,1302327.0,0.0013935,7.17617509867336
1787024428680,0.001393,2042047.0,0.001394,1302327.0,0.0013935,7.17617509867336
1787024429355,0.001393,2038624.0,0.001394,1302327.0,0.0013935,7.17617509867336
1787024429568,0.001393,427331.0,0.001394,1524040.0,0.0013935,7.17617509867336
1787024429569,0.001392,1386872.0,0.001393,2096024.0,0.0013925,7.181328545780365
1787024429570,0.001392,844118.0,0.001393,1203689.0,0.0013925,7.181328545780365
1787024429571,0.001392,1007605.0,0.001393,238176.0,0.0013925,7.181328545780365
1787024429572,0.001392,1056082.0,0.001393,494030.0,0.0013925,7.181328545780365
1787024429573,0.001392,1056082.0,0.001393,472053.0,0.0013925,7.181328545780365
1787024429574,0.001392,1056082.0,0.001393,702277.0,0.0013925,7.181328545780365
1787024429577,0.001392,1056082.0,0.001393,925214.0,0.0013925,7.181328545780365
1787024429595,0.001392,1056082.0,0.001393,939576.0,0.0013925,7.181328545780365
1787024429641,0.001392,833898.0,0.001393,939576.0,0.0013925,7.181328545780365
1787024429642,0.001391,2522726.0,0.001393,939576.0,0.001392,14.367816091952815
1787024429643,0.001391,2515108.0,0.001392,1031812.0,0.0013915,7.186489399927531
1787024429644,0.001391,1558019.0,0.001392,246391.0,0.0013915,7.186489399927531
1787024429645,0.001391,793333.0,0.001392,739518.0,0.0013915,7.186489399927531
1787024429646,0.001391,651035.0,0.001392,747139.0,0.0013915,7.186489399927531
1787024429647,0.001391,790864.0,0.001392,747139.0,0.0013915,7.186489399927531
1787024429677,0.001391,790864.0,0.001392,755760.0,0.0013915,7.186489399927531
1787024429697,0.001391,790864.0,0.001392,730994.0,0.0013915,7.186489399927531
1787024429698,0.001391,790864.0,0.001392,745367.0,0.0013915,7.186489399927531
1787024429699,0.001391,790864.0,0.001392,1138178.0,0.0013915,7.186489399927531
1787024429704,0.001391,573121.0,0.001392,1138178.0,0.0013915,7.186489399927531
1787024429726,0.00139,2165637.0,0.001392,1138178.0,0.0013909999999999999,14.378145219267065
1787024429727,0.001391,377626.0,0.001392,1352430.0,0.0013915,7.186489399927531
1787024429728,0.00139,2139110.0,0.001391,445302.0,0.0013905,7.191657677095526
1787024429729,0.00139,1605055.0,0.001391,671152.0,0.0013905,7.191657677095526
1787024429730,0.00139,819049.0,0.001391,942566.0,0.0013905,7.191657677095526
1787024429731,0.00139,817882.0,0.001391,942566.0,0.0013905,7.191657677095526
1787024429732,0.00139,817882.0,0.001391,984928.0,0.0013905,7.191657677095526
1787024429733,0.00139,498134.0,0.001391,976690.0,0.0013905,7.191657677095526
1787024429748,0.001389,3440873.0,0.00139,413081.0,0.0013895000000000001,7.196833393306339
1787024429749,0.001389,2277369.0,0.00139,648005.0,0.0013895000000000001,7.196833393306339
1787024429750,0.001389,1800146.0,0.00139,231069.0,0.0013895000000000001,7.196833393306339
1787024429751,0.001389,1798978.0,0.00139,29219.0,0.0013895000000000001,7.196833393306339
1787024429752,0.001389,2480240.0,0.001391,1898549.0,0.0013900000000000002,14.388489208633441
1787024429753,0.001389,2727033.0,0.00139,525470.0,0.0013895000000000001,7.196833393306339
1787024429754,0.001389,2306480.0,0.00139,266027.0,0.0013895000000000001,7.196833393306339
1787024429755,0.00139,202611.0,0.001391,1830453.0,0.0013905,7.191657677095526
1787024429756,0.00139,251088.0,0.001391,1826658.0,0.0013905,7.191657677095526
1787024429757,0.00139,251088.0,0.001391,1608765.0,0.0013905,7.191657677095526
1787024429758,0.00139,251088.0,0.001391,1442593.0,0.0013905,7.191657677095526
1787024429759,0.00139,383688.0,0.001391,954685.0,0.0013905,7.191657677095526
1787024429761,0.00139,455630.0,0.001391,954685.0,0.0013905,7.191657677095526
1787024429798,0.00139,462821.0,0.001391,954685.0,0.0013905,7.191657677095526
1787024429799,0.00139,474688.0,0.001391,969070.0,0.0013905,7.191657677095526
1787024429800,0.00139,474688.0,0.001391,1003945.0,0.0013905,7.191657677095526
1787024429810,0.00139,474688.0,0.001391,1167310.0,0.0013905,7.191657677095526
1787024429811,0.00139,474688.0,0.001391,1253578.0,0.0013905,7.191657677095526
1787024429816,0.00139,469951.0,0.001391,1253578.0,0.0013905,7.191657677095526
1787024429817,0.001389,2400842.0,0.001391,2737170.0,0.0013900000000000002,14.388489208633441
1787024429818,0.001389,2397242.0,0.00139,773236.0,0.0013895000000000001,7.196833393306339
1787024429819,0.001389,2218757.0,0.00139,1123141.0,0.0013895000000000001,7.196833393306339
1787024429820,0.001389,2076459.0,0.00139,571618.0,0.0013895000000000001,7.196833393306339
1787024429821,0.001389,1934161.0,0.00139,571618.0,0.0013895000000000001,7.196833393306339
1787024429822,0.001389,1934161.0,0.00139,560827.0,0.0013895000000000001,7.196833393306339
1787024429838,0.001389,1934161.0,0.001391,2027066.0,0.0013900000000000002,14.388489208633441
1787024429839,0.00139,432410.0,0.001391,1889922.0,0.0013905,7.191657677095526
1787024429840,0.00139,705530.0,0.001391,992078.0,0.0013905,7.191657677095526
1787024429841,0.00139,525674.0,0.001391,992078.0,0.0013905,7.191657677095526
1787024429846,0.00139,525674.0,0.001391,838074.0,0.0013905,7.191657677095526
1787024429850,0.00139,525674.0,0.001391,615137.0,0.0013905,7.191657677095526
1787024429854,0.00139,748611.0,0.001391,615137.0,0.0013905,7.191657677095526
1787024429876,0.00139,729282.0,0.001391,615137.0,0.0013905,7.191657677095526
1787024429935,0.00139,1625493.0,0.001391,957083.0,0.0013905,7.191657677095526
1787024429936,0.00139,1625493.0,0.001391,615137.0,0.0013905,7.191657677095526
1787024430001,0.00139,1625493.0,0.001391,592129.0,0.0013905,7.191657677095526
1787024430004,0.00139,1644788.0,0.001391,592129.0,0.0013905,7.191657677095526
1787024430005,0.00139,1664892.0,0.001391,592129.0,0.0013905,7.191657677095526
1787024430006,0.00139,1669405.0,0.001391,592129.0,0.0013905,7.191657677095526
1787024430055,0.00139,1681272.0,0.001391,603996.0,0.0013905,7.191657677095526
1787024430098,0.00139,1681272.0,0.001391,771766.0,0.0013905,7.191657677095526
1787024430141,0.00139,2215781.0,0.001391,771766.0,0.0013905,7.191657677095526
1787024430197,0.00139,2215781.0,0.001391,1109937.0,0.0013905,7.191657677095526
1787024430212,0.00139,2215781.0,0.001391,1709937.0,0.0013905,7.191657677095526
1787024430213,0.00139,2215781.0,0.001391,1709937.0,0.0013905,7.191657677095526
1787024430223,0.00139,2215781.0,0.001391,1855913.0,0.0013905,7.191657677095526
1787024430243,0.00139,2215781.0,0.001391,1517742.0,0.0013905,7.191657677095526
1787024430298,0.00139,2222972.0,0.001391,1517742.0,0.0013905,7.191657677095526
1787024430367,0.00139,2259806.0,0.001391,1517742.0,0.0013905,7.191657677095526
1787024430395,0.00139,2257921.0,0.001391,1517742.0,0.0013905,7.191657677095526
1787024430397,0.00139,1723412.0,0.001391,1717742.0,0.0013905,7.191657677095526
1787024430445,0.00139,1723412.0,0.001391,2040268.0,0.0013905,7.191657677095526
1787024430497,0.00139,1727369.0,0.001391,2040268.0,0.0013905,7.191657677095526
1787024430498,0.00139,1727369.0,0.001391,2044222.0,0.0013905,7.191657677095526
1787024430697,0.00139,2261878.0,0.001391,2044222.0,0.0013905,7.191657677095526
1787024430798,0.00139,2254687.0,0.001391,2044222.0,0.0013905,7.191657677095526
1787024430914,0.00139,2318726.0,0.001391,2362273.0,0.0013905,7.191657677095526
1787024430915,0.00139,2306859.0,0.001391,2362273.0,0.0013905,7.191657677095526
1787024430917,0.00139,2318726.0,0.001391,2362273.0,0.0013905,7.191657677095526
1787024431098,0.00139,2318726.0,0.001391,2194503.0,0.0013905,7.191657677095526
1787024431102,0.00139,2354697.0,0.001391,2194503.0,0.0013905,7.191657677095526
1787024431258,0.00139,2354697.0,0.001391,2048527.0,0.0013905,7.191657677095526
1787024431262,0.00139,2354697.0,0.001391,2372863.0,0.0013905,7.191657677095526
1787024431263,0.00139,2354697.0,0.001391,2360996.0,0.0013905,7.191657677095526
1787024431264,0.00139,2354697.0,0.001391,2372863.0,0.0013905,7.191657677095526
1787024431335,0.00139,2352585.0,0.001391,2372863.0,0.0013905,7.191657677095526
1787024431337,0.00139,1818076.0,0.001391,2372863.0,0.0013905,7.191657677095526
1787024431398,0.00139,1818076.0,0.001391,2396719.0,0.0013905,7.191657677095526
1787024431563,0.00139,1854047.0,0.001391,2396719.0,0.0013905,7.191657677095526
1787024431636,0.00139,2388556.0,0.001391,2396719.0,0.0013905,7.191657677095526
1787024431922,0.00139,2388556.0,0.001391,2196719.0,0.0013905,7.191657677095526
1787024431987,0.00139,2381943.0,0.001391,2196719.0,0.0013905,7.191657677095526
1787024431988,0.00139,1847434.0,0.001391,2196719.0,0.0013905,7.191657677095526
1787024432288,0.00139,2381943.0,0.001391,2196719.0,0.0013905,7.191657677095526
1787024432385,0.00139,2380752.0,0.001391,2196719.0,0.0013905,7.191657677095526
1787024432386,0.00139,1846243.0,0.001391,2196719.0,0.0013905,7.191657677095526
1787024432387,0.00139,1834376.0,0.001391,2196719.0,0.0013905,7.191657677095526
1787024432388,0.00139,1846243.0,0.001391,2196719.0,0.0013905,7.191657677095526
1787024432400,0.00139,1846243.0,0.001391,2172863.0,0.0013905,7.191657677095526
1787024432686,0.00139,2380752.0,0.001391,2172863.0,0.0013905,7.191657677095526
1787024433028,0.00139,2380752.0,0.001391,2176809.0,0.0013905,7.191657677095526
1787024433060,0.00139,2380752.0,0.001391,2178040.0,0.0013905,7.191657677095526
1787024433184,0.00139,2380752.0,0.001391,2034156.0,0.0013905,7.191657677095526
1787024433186,0.00139,2380752.0,0.001391,1812443.0,0.0013905,7.191657677095526
1787024433187,0.00139,2380752.0,0.001391,1489917.0,0.0013905,7.191657677095526
1787024433189,0.00139,2308810.0,0.001391,1489917.0,0.0013905,7.191657677095526
1787024433302,0.00139,2316001.0,0.001391,1489917.0,0.0013905,7.191657677095526
1787024433423,0.00139,2314380.0,0.001391,1489917.0,0.0013905,7.191657677095526
1787024433425,0.00139,1779871.0,0.001391,1489917.0,0.0013905,7.191657677095526
1787024433523,0.00139,1779871.0,0.001391,1797007.0,0.0013905,7.191657677095526
1787024433725,0.00139,2314380.0,0.001391,1797007.0,0.0013905,7.191657677095526
1787024433953,0.00139,2314380.0,0.001391,1489917.0,0.0013905,7.191657677095526
1787024434678,0.00139,2328876.0,0.001391,1489917.0,0.0013905,7.191657677095526
1787024434705,0.00139,2325598.0,0.001391,1489917.0,0.0013905,7.191657677095526
1787024435191,0.00139,2311102.0,0.001391,1823241.0,0.0013905,7.191657677095526
1787024435355,0.00139,2311102.0,0.001391,1840589.0,0.0013905,7.191657677095526
1787024435528,0.00139,2311102.0,0.001391,1507265.0,0.0013905,7.191657677095526
1787024435667,0.00139,2323153.0,0.001391,1507265.0,0.0013905,7.191657677095526
1787024435731,0.00139,2323153.0,0.001391,1873093.0,0.0013905,7.191657677095526
1787024435732,0.00139,2323153.0,0.001391,1861226.0,0.0013905,7.191657677095526
1787024435733,0.00139,2323153.0,0.001391,1873093.0,0.0013905,7.191657677095526
1787024435795,0.00139,2315962.0,0.001391,1873093.0,0.0013905,7.191657677095526
1787024435823,0.00139,2312849.0,0.001391,1873093.0,0.0013905,7.191657677095526
1787024436007,0.00139,2312849.0,0.001391,1273093.0,0.0013905,7.191657677095526
1787024436274,0.00139,2312849.0,0.001391,907265.0,0.0013905,7.191657677095526
1787024436298,0.00139,2320040.0,0.001391,907265.0,0.0013905,7.191657677095526
1787024436700,0.00139,2307989.0,0.001391,907265.0,0.0013905,7.191657677095526
1787024436797,0.00139,2300798.0,0.001391,907265.0,0.0013905,7.191657677095526
1787024436820,0.00139,2304396.0,0.001391,907265.0,0.0013905,7.191657677095526
1787024436955,0.00139,2302743.0,0.001391,907265.0,0.0013905,7.191657677095526
1787024437296,0.00139,2309934.0,0.001391,907265.0,0.0013905,7.191657677095526
1787024437687,0.00139,2309934.0,0.001391,917466.0,0.0013905,7.191657677095526
1787024437954,0.00139,2309934.0,0.001391,940596.0,0.0013905,7.191657677095526
1787024438157,0.00139,2307311.0,0.001391,940596.0,0.0013905,7.191657677095526
1787024438772,0.00139,2307311.0,0.001391,1244736.0,0.0013905,7.191657677095526
1787024438796,0.00139,2300120.0,0.001391,1244736.0,0.0013905,7.191657677095526
1787024439298,0.00139,2307311.0,0.001391,1244736.0,0.0013905,7.191657677095526
1787024439327,0.00139,2305558.0,0.001391,1244736.0,0.0013905,7.191657677095526
1787024439556,0.00139,2305558.0,0.001391,1158554.0,0.0013905,7.191657677095526
1787024439557,0.00139,2305558.0,0.001391,854414.0,0.0013905,7.191657677095526
1787024439559,0.00139,2305558.0,0.001391,790697.0,0.0013905,7.191657677095526
1787024439560,0.00139,2305558.0,0.001391,63088.0,0.0013905,7.191657677095526
1787024439561,0.001391,2501160.0,0.001392,2273896.0,0.0013915,7.186489399927531
1787024439562,0.001391,2843113.0,0.001392,1936189.0,0.0013915,7.186489399927531
1787024439563,0.001391,3318467.0,0.001392,1680280.0,0.0013915,7.186489399927531
1787024439564,0.001391,3318467.0,0.001392,658567.0,0.0013915,7.186489399927531
1787024439565,0.001391,3318467.0,0.001392,670211.0,0.0013915,7.186489399927531
1787024439566,0.001391,3481429.0,0.001392,670211.0,0.0013915,7.186489399927531
1787024439568,0.001391,3481429.0,0.001392,637853.0,0.0013915,7.186489399927531
1787024439585,0.001391,3481429.0,0.001392,639698.0,0.0013915,7.186489399927531
1787024439597,0.001391,3481429.0,0.001392,654067.0,0.0013915,7.186489399927531
1787024439630,0.001391,3458855.0,0.001392,654067.0,0.0013915,7.186489399927531
1787024439639,0.001391,3458855.0,0.001392,680279.0,0.0013915,7.186489399927531
1787024439658,0.001391,2814337.0,0.001392,680279.0,0.0013915,7.186489399927531
1787024439698,0.001391,2826195.0,0.001392,692137.0,0.0013915,7.186489399927531
1787024439758,0.001391,3705846.0,0.001392,1037883.0,0.0013915,7.186489399927531
1787024439795,0.001391,3713032.0,0.001392,1037883.0,0.0013915,7.186489399927531
1787024439912,0.001391,3777071.0,0.001392,1037883.0,0.0013915,7.186489399927531
1787024440021,0.001391,3820983.0,0.001392,1037883.0,0.0013915,7.186489399927531
1787024440070,0.001391,3820983.0,0.001392,986142.0,0.0013915,7.186489399927531
1787024440100,0.001391,3820983.0,0.001392,1586142.0,0.0013915,7.186489399927531
1787024440101,0.001391,3820983.0,0.001392,1574284.0,0.0013915,7.186489399927531
1787024440162,0.001391,3993644.0,0.001392,1574284.0,0.0013915,7.186489399927531
1787024440235,0.001391,3993644.0,0.001392,974284.0,0.0013915,7.186489399927531
1787024440269,0.001391,3993644.0,0.001392,986142.0,0.0013915,7.186489399927531
1787024440385,0.001391,3991022.0,0.001392,986142.0,0.0013915,7.186489399927531
1787024440568,0.001391,3568099.0,0.001392,986142.0,0.0013915,7.186489399927531
1787024440680,0.001391,3568099.0,0.001392,1304193.0,0.0013915,7.186489399927531
1787024440798,0.001391,3560913.0,0.001392,1304193.0,0.0013915,7.186489399927531
1787024441152,0.001391,3560913.0,0.001392,1315759.0,0.0013915,7.186489399927531
1787024441291,0.001391,3560913.0,0.001392,2447058.0,0.0013915,7.186489399927531
1787024441292,0.001391,3560913.0,0.001392,2447058.0,0.0013915,7.186489399927531
1787024441298,0.001391,3568099.0,0.001392,2447058.0,0.0013915,7.186489399927531
1787024441496,0.001391,3346076.0,0.001392,2447058.0,0.0013915,7.186489399927531
1787024441497,0.001391,3183114.0,0.001392,2447058.0,0.0013915,7.186489399927531
1787024441523,0.001391,3180520.0,0.001392,2447058.0,0.0013915,7.186489399927531
1787024441565,0.001391,2958117.0,0.001392,2447058.0,0.0013915,7.186489399927531
1787024441570,0.001391,2078466.0,0.001392,2447058.0,0.0013915,7.186489399927531
1787024441571,0.001391,2066608.0,0.001392,2447058.0,0.0013915,7.186489399927531
1787024441572,0.001391,2078466.0,0.001392,2447058.0,0.0013915,7.186489399927531
1787024441798,0.001391,2071280.0,0.001392,2447058.0,0.0013915,7.186489399927531
1787024441831,0.001391,2071280.0,0.001392,2560740.0,0.0013915,7.186489399927531
1787024441862,0.001391,2071280.0,0.001392,2617578.0,0.0013915,7.186489399927531
1787024441923,0.001391,2071280.0,0.001392,2634154.0,0.0013915,7.186489399927531
1787024441925,0.001391,2071280.0,0.001392,2648625.0,0.0013915,7.186489399927531
1787024442104,0.001391,2723447.0,0.001392,2648625.0,0.0013915,7.186489399927531
1787024442105,0.001391,3455506.0,0.001392,2648625.0,0.0013915,7.186489399927531
1787024442398,0.001391,3455506.0,0.001392,2652383.0,0.0013915,7.186489399927531
1787024442647,0.001391,3453374.0,0.001392,2652383.0,0.0013915,7.186489399927531
1787024442833,0.001391,3453374.0,0.001392,2538701.0,0.0013915,7.186489399927531
1787024442862,0.001391,3453374.0,0.001392,2481863.0,0.0013915,7.186489399927531
1787024442922,0.001391,3453374.0,0.001392,2467392.0,0.0013915,7.186489399927531
1787024443164,0.001391,3453374.0,0.001392,2457784.0,0.0013915,7.186489399927531
1787024443295,0.001391,3460560.0,0.001392,2457784.0,0.0013915,7.186489399927531
1787024443399,0.001391,3460560.0,0.001392,2454026.0,0.0013915,7.186489399927531
1787024443507,0.001391,3694092.0,0.001392,2454026.0,0.0013915,7.186489399927531
1787024443508,0.001391,3694092.0,0.001392,2108280.0,0.0013915,7.186489399927531
1787024443532,0.001391,3694092.0,0.001392,2121386.0,0.0013915,7.186489399927531
1787024443624,0.001391,3694092.0,0.001392,1896829.0,0.0013915,7.186489399927531
1787024443627,0.001391,3694092.0,0.001392,1686432.0,0.0013915,7.186489399927531
1787024443696,0.001391,3873992.0,0.001392,1686432.0,0.0013915,7.186489399927531
1787024443776,0.001391,3873992.0,0.001392,2033283.0,0.0013915,7.186489399927531
1787024443797,0.001391,3866806.0,0.001392,2033283.0,0.0013915,7.186489399927531
1787024443873,0.001391,3864972.0,0.001392,2033283.0,0.0013915,7.186489399927531
1787024444295,0.001391,3872158.0,0.001392,2033283.0,0.0013915,7.186489399927531
1787024444656,0.001391,3872158.0,0.001392,2039132.0,0.0013915,7.186489399927531
1787024444657,0.001391,3884215.0,0.001392,2039132.0,0.0013915,7.186489399927531
1787024444798,0.001391,3877029.0,0.001392,2039132.0,0.0013915,7.186489399927531
1787024444962,0.001391,3877029.0,0.001392,2033735.0,0.0013915,7.186489399927531
1787024445039,0.001391,3857734.0,0.001392,2033735.0,0.0013915,7.186489399927531
1787024445047,0.001391,3837630.0,0.001392,2033735.0,0.0013915,7.186489399927531
1787024445048,0.001391,3861276.0,0.001392,2033735.0,0.0013915,7.186489399927531
1787024445056,0.001391,3885914.0,0.001392,2033735.0,0.0013915,7.186489399927531
1787024445067,0.001391,3884402.0,0.001392,2033735.0,0.0013915,7.186489399927531
1787024445298,0.001391,3891588.0,0.001392,2033735.0,0.0013915,7.186489399927531
1787024445679,0.001391,3879531.0,0.001392,2033735.0,0.0013915,7.186489399927531
1787024445798,0.001391,3872345.0,0.001392,2033735.0,0.0013915,7.186489399927531
1787024446489,0.001391,3869759.0,0.001392,2033735.0,0.0013915,7.186489399927531
1787024446508,0.001391,3869759.0,0.001392,902436.0,0.0013915,7.186489399927531
1787024446509,0.001391,4032623.0,0.001392,555585.0,0.0013915,7.186489399927531
1787024446510,0.001392,967575.0,0.001393,1993011.0,0.0013925,7.181328545780365
1787024446511,0.001392,776476.0,0.001393,796435.0,0.0013925,7.181328545780365
1787024446512,0.001392,1982777.0,0.001393,574722.0,0.0013925,7.181328545780365
1787024446513,0.001392,1988916.0,0.001393,623199.0,0.0013925,7.181328545780365
1787024446514,0.001392,2101432.0,0.001393,853512.0,0.0013925,7.181328545780365
1787024446516,0.001392,2101432.0,0.001393,1318403.0,0.0013925,7.181328545780365
1787024446517,0.001392,2101432.0,0.001393,1452771.0,0.0013925,7.181328545780365
1787024446518,0.001392,2101432.0,0.001393,1454924.0,0.0013925,7.181328545780365
1787024446522,0.001392,2281202.0,0.001393,1454924.0,0.0013925,7.181328545780365
1787024446597,0.001392,2281202.0,0.001393,1469286.0,0.0013925,7.181328545780365
1787024446639,0.001392,2293052.0,0.001393,1481136.0,0.0013925,7.181328545780365
1787024446742,0.001392,3156186.0,0.001393,1790243.0,0.0013925,7.181328545780365
1787024446920,0.001392,3156186.0,0.001393,2108294.0,0.0013925,7.181328545780365
1787024447056,0.001392,3076470.0,0.001393,2108294.0,0.0013925,7.181328545780365
1787024447063,0.001392,3102674.0,0.001393,2108294.0,0.0013925,7.181328545780365
1787024447072,0.001392,3136105.0,0.001393,2108294.0,0.0013925,7.181328545780365
1787024447195,0.001392,3136105.0,0.001393,1799187.0,0.0013925,7.181328545780365
1787024447539,0.001392,3134714.0,0.001393,1799187.0,0.0013925,7.181328545780365
1787024447549,0.001392,2712095.0,0.001393,1799187.0,0.0013925,7.181328545780365
1787024447687,0.001392,2712095.0,0.001393,1793443.0,0.0013925,7.181328545780365
1787024447693,0.001392,2712095.0,0.001393,1570506.0,0.0013925,7.181328545780365
1787024447745,0.001392,2712095.0,0.001393,1564148.0,0.0013925,7.181328545780365
1787024448679,0.001392,2709667.0,0.001393,1564148.0,0.0013925,7.181328545780365
1787024448687,0.001392,2709667.0,0.001393,1512407.0,0.0013925,7.181328545780365
1787024448811,0.001392,2704487.0,0.001393,1512407.0,0.0013925,7.181328545780365
1787024448882,0.001392,2704487.0,0.001393,1518554.0,0.0013925,7.181328545780365
1787024448910,0.001392,3383899.0,0.001393,1518554.0,0.0013925,7.181328545780365
1787024449597,0.001392,3204129.0,0.001393,1518554.0,0.0013925,7.181328545780365
1787024449598,0.001392,3192279.0,0.001393,1518554.0,0.0013925,7.181328545780365
1787024449599,0.001392,3204129.0,0.001393,1518554.0,0.0013925,7.181328545780365
1787024449909,0.001392,3202313.0,0.001393,1518554.0,0.0013925,7.181328545780365
1787024449987,0.001392,3202313.0,0.001393,1522511.0,0.0013925,7.181328545780365
1787024450066,0.001392,3176109.0,0.001393,1522511.0,0.0013925,7.181328545780365
1787024450073,0.001392,3148807.0,0.001393,1522511.0,0.0013925,7.181328545780365
1787024450074,0.001392,3178696.0,0.001393,1522511.0,0.0013925,7.181328545780365
1787024450083,0.001392,3209838.0,0.001393,1522511.0,0.0013925,7.181328545780365
1787024450494,0.001392,3209838.0,0.001393,1833677.0,0.0013925,7.181328545780365
1787024450496,0.001392,3209838.0,0.001393,1821827.0,0.0013925,7.181328545780365
1787024450497,0.001392,3209838.0,0.001393,1833677.0,0.0013925,7.181328545780365
1787024450709,0.001392,1768916.0,0.001393,1833677.0,0.0013925,7.181328545780365
1787024450710,0.001392,909734.0,0.001393,2059384.0,0.0013925,7.181328545780365
1787024450711,0.001392,909734.0,0.001393,2316953.0,0.0013925,7.181328545780365
1787024450712,0.001392,430379.0,0.001393,2523711.0,0.0013925,7.181328545780365
1787024450713,0.001392,430379.0,0.001393,2609859.0,0.0013925,7.181328545780365
1787024450714,0.001392,478856.0,0.001393,3097196.0,0.0013925,7.181328545780365
1787024450715,0.001392,478856.0,0.001393,3203448.0,0.0013925,7.181328545780365
1787024450830,0.001392,381902.0,0.001393,3313312.0,0.0013925,7.181328545780365
1787024450831,0.001392,430379.0,0.001393,3313312.0,0.0013925,7.181328545780365
1787024450862,0.001392,430379.0,0.001393,3368242.0,0.0013925,7.181328545780365
1787024450921,0.001392,430379.0,0.001393,3423167.0,0.0013925,7.181328545780365
1787024450948,0.001392,427656.0,0.001393,3423167.0,0.0013925,7.181328545780365
1787024451096,0.001392,1301027.0,0.001393,3423167.0,0.0013925,7.181328545780365
1787024451098,0.001392,1289177.0,0.001393,3524723.0,0.0013925,7.181328545780365
1787024451099,0.001392,1301027.0,0.001393,3524723.0,0.0013925,7.181328545780365
1787024451141,0.001392,1301027.0,0.001394,2904114.0,0.0013930000000000001,14.357501794688071
1787024451142,0.001393,585326.0,0.001394,1956450.0,0.0013935,7.17617509867336
1787024451143,0.001393,944834.0,0.001394,758471.0,0.0013935,7.17617509867336
1787024451144,0.001393,944834.0,0.001394,717591.0,0.0013935,7.17617509867336
1787024451145,0.001393,944834.0,0.001394,766068.0,0.0013935,7.17617509867336
1787024451146,0.001393,944834.0,0.001394,814545.0,0.0013935,7.17617509867336
1787024451147,0.001393,944834.0,0.001394,1072114.0,0.0013935,7.17617509867336
1787024451151,0.001393,1089854.0,0.001394,1072114.0,0.0013935,7.17617509867336
1787024451152,0.001393,1089854.0,0.001394,1039325.0,0.0013935,7.17617509867336
1787024451165,0.001393,1089854.0,0.001394,1040862.0,0.0013935,7.17617509867336
1787024451189,0.001393,1089854.0,0.001394,1051627.0,0.0013935,7.17617509867336
1787024451196,0.001393,1089854.0,0.001394,1065979.0,0.0013935,7.17617509867336
1787024451207,0.001393,864147.0,0.001394,1065979.0,0.0013935,7.17617509867336
1787024451318,0.001393,875988.0,0.001394,1077820.0,0.0013935,7.17617509867336
1787024451353,0.001393,875988.0,0.001394,1073873.0,0.0013935,7.17617509867336
1787024451355,0.001393,875988.0,0.001394,1260384.0,0.0013935,7.17617509867336
1787024451356,0.001393,875988.0,0.001394,1274731.0,0.0013935,7.17617509867336
1787024451363,0.001393,875988.0,0.001394,1335032.0,0.0013935,7.17617509867336
1787024451398,0.001393,875988.0,0.001394,1349234.0,0.0013935,7.17617509867336
1787024451639,0.001393,879937.0,0.001394,1349234.0,0.0013935,7.17617509867336
1787024451640,0.001393,879937.0,0.001394,1363581.0,0.0013935,7.17617509867336
1787024451680,0.001393,879937.0,0.001394,1681632.0,0.0013935,7.17617509867336
1787024451831,0.001393,879937.0,0.001394,1793407.0,0.0013935,7.17617509867336
1787024451884,0.001393,879937.0,0.001394,1741666.0,0.0013935,7.17617509867336
1787024451922,0.001393,879937.0,0.001394,1797530.0,0.0013935,7.17617509867336
1787024451966,0.001393,879937.0,0.001394,2397530.0,0.0013935,7.17617509867336
1787024451968,0.001393,879937.0,0.001394,2397530.0,0.0013935,7.17617509867336
1787024451995,0.001393,876666.0,0.001394,2397530.0,0.0013935,7.17617509867336
1787024451998,0.001393,619097.0,0.001394,2397530.0,0.0013935,7.17617509867336
1787024452023,0.001393,209287.0,0.001394,2397530.0,0.0013935,7.17617509867336
1787024452025,0.001393,4691.0,0.001394,2397530.0,0.0013935,7.17617509867336
1787024452026,0.001392,3041979.0,0.001393,1264517.0,0.0013925,7.181328545780365
1787024452027,0.001392,1115446.0,0.001393,587535.0,0.0013925,7.181328545780365
1787024452028,0.001392,1115446.0,0.001393,573205.0,0.0013925,7.181328545780365
1787024452029,0.001392,1115446.0,0.001393,551243.0,0.0013925,7.181328545780365
1787024452034,0.001392,1115446.0,0.001393,529843.0,0.0013925,7.181328545780365
1787024452035,0.001392,1163923.0,0.001393,529843.0,0.0013925,7.181328545780365
1787024452042,0.001392,1134034.0,0.001393,529843.0,0.0013925,7.181328545780365
1787024452049,0.001392,1102892.0,0.001393,529843.0,0.0013925,7.181328545780365
1787024452056,0.001392,1102892.0,0.001393,322661.0,0.0013925,7.181328545780365
1787024452068,0.001392,1102892.0,0.001393,326610.0,0.0013925,7.181328545780365
1787024452135,0.001392,1102892.0,0.001393,584179.0,0.0013925,7.181328545780365
1787024452137,0.001392,1114742.0,0.001393,596029.0,0.0013925,7.181328545780365
1787024452169,0.001392,692274.0,0.001393,596029.0,0.0013925,7.181328545780365
1787024452186,0.001392,764113.0,0.001393,596029.0,0.0013925,7.181328545780365
1787024452195,0.001392,764113.0,0.001393,610391.0,0.0013925,7.181328545780365
1787024452264,0.001392,764113.0,0.001393,669552.0,0.0013925,7.181328545780365
1787024452316,0.001392,1528082.0,0.001393,669552.0,0.0013925,7.181328545780365
1787024452317,0.001392,1528082.0,0.001393,669552.0,0.0013925,7.181328545780365
1787024452345,0.001392,1524132.0,0.001393,669552.0,0.0013925,7.181328545780365
1787024452550,0.001392,1524132.0,0.001393,1466950.0,0.0013925,7.181328545780365
1787024452551,0.001392,1524132.0,0.001393,1466950.0,0.0013925,7.181328545780365
1787024452680,0.001392,1543135.0,0.001393,1466950.0,0.0013925,7.181328545780365
1787024452696,0.001392,779166.0,0.001393,1466950.0,0.0013925,7.181328545780365
1787024452698,0.001392,521597.0,0.001393,1466950.0,0.0013925,7.181328545780365
1787024452710,0.001392,1056106.0,0.001393,1466950.0,0.0013925,7.181328545780365
1787024452711,0.001392,1044256.0,0.001393,1466950.0,0.0013925,7.181328545780365
1787024452712,0.001392,1056106.0,0.001393,1466950.0,0.0013925,7.181328545780365
1787024452830,0.001392,1056106.0,0.001393,1578484.0,0.0013925,7.181328545780365
1787024452862,0.001392,1056106.0,0.001393,1587065.0,0.0013925,7.181328545780365
1787024452923,0.001392,1056106.0,0.001393,1640480.0,0.0013925,7.181328545780365
1787024453037,0.001392,1857740.0,0.001393,1640480.0,0.0013925,7.181328545780365
1787024453038,0.001392,1785901.0,0.001393,1640480.0,0.0013925,7.181328545780365
1787024453055,0.001392,1810604.0,0.001393,1640480.0,0.0013925,7.181328545780365
1787024453056,0.001392,1855853.0,0.001393,1640480.0,0.0013925,7.181328545780365
1787024453099,0.001392,1855853.0,0.001393,1968684.0,0.0013925,7.181328545780365
1787024453114,0.001392,1855853.0,0.001393,1972647.0,0.0013925,7.181328545780365
1787024453205,0.001392,1854539.0,0.001393,1972647.0,0.0013925,7.181328545780365
1787024453319,0.001392,1854539.0,0.001393,1254772.0,0.0013925,7.181328545780365
1787024453320,0.001392,2112108.0,0.001393,1260808.0,0.0013925,7.181328545780365
1787024453321,0.001392,2112108.0,0.001393,1254772.0,0.0013925,7.181328545780365
1787024453322,0.001392,2112108.0,0.001393,1254772.0,0.0013925,7.181328545780365
1787024453398,0.001392,2112108.0,0.001393,1269133.0,0.0013925,7.181328545780365
1787024453527,0.001392,2112108.0,0.001393,1275754.0,0.0013925,7.181328545780365
1787024453832,0.001392,2112108.0,0.001393,1164220.0,0.0013925,7.181328545780365
1787024453860,0.001392,2112108.0,0.001393,1085103.0,0.0013925,7.181328545780365
1787024453862,0.001392,2112108.0,0.001393,1124999.0,0.0013925,7.181328545780365
1787024453863,0.001392,2112108.0,0.001393,1113149.0,0.0013925,7.181328545780365
1787024453865,0.001392,2112108.0,0.001393,1124999.0,0.0013925,7.181328545780365
1787024453917,0.001392,2084173.0,0.001393,1124999.0,0.0013925,7.181328545780365
1787024453920,0.001392,2084173.0,0.001393,1071584.0,0.0013925,7.181328545780365
1787024453921,0.001392,2084173.0,0.001393,1075533.0,0.0013925,7.181328545780365
1787024454098,0.001392,2084173.0,0.001393,747329.0,0.0013925,7.181328545780365
1787024454399,0.001392,2081922.0,0.001393,747329.0,0.0013925,7.181328545780365
1787024454401,0.001392,2081922.0,0.001393,1347329.0,0.0013925,7.181328545780365
1787024454402,0.001392,2081922.0,0.001393,747329.0,0.0013925,7.181328545780365
1787024454403,0.001392,2081922.0,0.001393,735479.0,0.0013925,7.181328545780365
1787024454404,0.001392,2081922.0,0.001393,747329.0,0.0013925,7.181328545780365
1787024454933,0.001392,2081922.0,0.001393,1347329.0,0.0013925,7.181328545780365
1787024454934,0.001392,2081922.0,0.001393,747329.0,0.0013925,7.181328545780365
1787024454935,0.001392,2081922.0,0.001393,735479.0,0.0013925,7.181328545780365
1787024454937,0.001392,2081922.0,0.001393,747329.0,0.0013925,7.181328545780365
1787024455310,0.001392,2081922.0,0.001393,740708.0,0.0013925,7.181328545780365
1787024455343,0.001392,2081922.0,0.001393,685814.0,0.0013925,7.181328545780365
1787024455344,0.001392,2081922.0,0.001393,100488.0,0.0013925,7.181328545780365
1787024455345,0.001393,1133831.0,0.001394,3135499.0,0.0013935,7.17617509867336
1787024455346,0.001393,2043090.0,0.001394,2046716.0,0.0013935,7.17617509867336
1787024455347,0.001393,2047039.0,0.001394,1446716.0,0.0013935,7.17617509867336
1787024455348,0.001393,2047039.0,0.001394,1067186.0,0.0013935,7.17617509867336
1787024455349,0.001393,2047039.0,0.001394,1004362.0,0.0013935,7.17617509867336
1787024455350,0.001393,2047039.0,0.001394,703752.0,0.0013935,7.17617509867336
1787024455351,0.001393,2209806.0,0.001394,703752.0,0.0013935,7.17617509867336
1787024455361,0.001393,2209806.0,0.001394,699805.0,0.0013935,7.17617509867336
1787024455388,0.001393,2209806.0,0.001394,680711.0,0.0013935,7.17617509867336
1787024455395,0.001393,2209806.0,0.001394,695061.0,0.0013935,7.17617509867336
1787024455412,0.001393,2228809.0,0.001394,695061.0,0.0013935,7.17617509867336
1787024455414,0.001394,428689.0,0.001395,2844501.0,0.0013945,7.171029042667021
1787024455415,0.001394,733046.0,0.001395,1985526.0,0.0013945,7.171029042667021
1787024455416,0.001394,781523.0,0.001395,1255524.0,0.0013945,7.171029042667021
1787024455417,0.001394,1039092.0,0.001395,1266281.0,0.0013945,7.171029042667021
1787024455418,0.001394,979445.0,0.001395,1044097.0,0.0013945,7.171029042667021
1787024455455,0.001394,979445.0,0.001395,1412199.0,0.0013945,7.171029042667021
1787024455456,0.001394,1513954.0,0.001395,1412199.0,0.0013945,7.171029042667021
1787024455495,0.001394,1513954.0,0.001395,1426541.0,0.0013945,7.171029042667021
1787024455517,0.001394,2356072.0,0.001395,1433517.0,0.0013945,7.171029042667021
1787024455553,0.001394,2354644.0,0.001395,1433517.0,0.0013945,7.171029042667021
1787024455566,0.001394,2366477.0,0.001395,1445350.0,0.0013945,7.171029042667021
1787024455630,0.001394,2142421.0,0.001395,1445350.0,0.0013945,7.171029042667021
1787024455631,0.001394,1300303.0,0.001395,1702919.0,0.0013945,7.171029042667021
1787024455680,0.001394,1300303.0,0.001395,1985366.0,0.0013945,7.171029042667021
1787024455736,0.001394,1303890.0,0.001395,1985366.0,0.0013945,7.171029042667021
1787024455749,0.001394,1303890.0,0.001395,1913579.0,0.0013945,7.171029042667021
1787024455755,0.001394,1303890.0,0.001395,1656010.0,0.0013945,7.171029042667021
1787024455830,0.001394,1303890.0,0.001395,1767436.0,0.0013945,7.171029042667021
1787024455832,0.001394,2111890.0,0.001395,1767436.0,0.0013945,7.171029042667021
1787024456030,0.001394,2111890.0,0.001395,1798576.0,0.0013945,7.171029042667021
1787024456070,0.001394,2138248.0,0.001395,1798576.0,0.0013945,7.171029042667021
1787024456080,0.001394,2165710.0,0.001395,1798576.0,0.0013945,7.171029042667021
1787024456081,0.001394,2189656.0,0.001395,1798576.0,0.0013945,7.171029042667021
1787024456272,0.001394,2189656.0,0.001395,1802519.0,0.0013945,7.171029042667021
1787024456273,0.001394,2193602.0,0.001395,1802519.0,0.0013945,7.171029042667021
1787024456639,0.001394,2191153.0,0.001395,1802519.0,0.0013945,7.171029042667021
1787024456678,0.001394,2191153.0,0.001395,1581914.0,0.0013945,7.171029042667021
1787024456679,0.001394,2191153.0,0.001395,840966.0,0.0013945,7.171029042667021
1787024456680,0.001394,2191153.0,0.001395,829133.0,0.0013945,7.171029042667021
1787024456681,0.001394,2191153.0,0.001395,822157.0,0.0013945,7.171029042667021
1787024456700,0.001394,2191153.0,0.001395,823695.0,0.0013945,7.171029042667021
1787024456755,0.001394,2191153.0,0.001395,831047.0,0.0013945,7.171029042667021
1787024456756,0.001394,2191153.0,0.001395,842880.0,0.0013945,7.171029042667021
1787024456833,0.001394,2191153.0,0.001395,731454.0,0.0013945,7.171029042667021
1787024456981,0.001394,2191153.0,0.001395,737623.0,0.0013945,7.171029042667021
1787024457034,0.001394,2191153.0,0.001395,706483.0,0.0013945,7.171029042667021
1787024457037,0.001394,2191153.0,0.001395,713498.0,0.0013945,7.171029042667021
1787024457071,0.001394,2191153.0,0.001395,863657.0,0.0013945,7.171029042667021
1787024457713,0.001394,2188216.0,0.001395,863657.0,0.0013945,7.171029042667021
1787024457770,0.001394,2160437.0,0.001395,863657.0,0.0013945,7.171029042667021
1787024457771,0.001394,2160437.0,0.001395,1463657.0,0.0013945,7.171029042667021
1787024457772,0.001394,2160437.0,0.001395,1463657.0,0.0013945,7.171029042667021
1787024457833,0.001394,2160437.0,0.001395,1573999.0,0.0013945,7.171029042667021
1787024458002,0.001394,1352437.0,0.001395,1573999.0,0.0013945,7.171029042667021
1787024458003,0.001394,1352437.0,0.001395,1573999.0,0.0013945,7.171029042667021
1787024458231,0.001394,2142653.0,0.001395,1573999.0,0.0013945,7.171029042667021
1787024458400,0.001394,2142653.0,0.001395,1580099.0,0.0013945,7.171029042667021
1787024458883,0.001394,2140580.0,0.001395,1580099.0,0.0013945,7.171029042667021
1787024459398,0.001394,2140580.0,0.001395,1573999.0,0.0013945,7.171029042667021
1787024459586,0.001394,2140580.0,0.001395,973999.0,0.0013945,7.171029042667021
1787024459831,0.001394,2140580.0,0.001395,863657.0,0.0013945,7.171029042667021
1787024459859,0.001394,2138831.0,0.001395,863657.0,0.0013945,7.171029042667021
1787024459860,0.001394,2138831.0,0.001395,1463657.0,0.0013945,7.171029042667021
1787024459871,0.001394,2138831.0,0.001395,863657.0,0.0013945,7.171029042667021
1787024459872,0.001394,2138831.0,0.001395,863657.0,0.0013945,7.171029042667021
1787024460549,0.001394,1348615.0,0.001395,863657.0,0.0013945,7.171029042667021
1787024460550,0.001394,1336782.0,0.001395,863657.0,0.0013945,7.171029042667021
1787024460551,0.001394,1348615.0,0.001395,1121226.0,0.0013945,7.171029042667021
1787024460557,0.001394,1348615.0,0.001395,1253557.0,0.0013945,7.171029042667021
1787024460591,0.001394,1091046.0,0.001395,1253557.0,0.0013945,7.171029042667021
1787024460609,0.001394,865339.0,0.001395,1253557.0,0.0013945,7.171029042667021
1787024460611,0.001394,865339.0,0.001395,1473007.0,0.0013945,7.171029042667021
1787024460700,0.001394,846336.0,0.001395,1473007.0,0.0013945,7.171029042667021
1787024460801,0.001394,846336.0,0.001395,1480178.0,0.0013945,7.171029042667021
1787024460830,0.001394,846336.0,0.001395,1588658.0,0.0013945,7.171029042667021
1787024460850,0.001393,4143014.0,0.001395,1588658.0,0.0013939999999999998,14.347202295552718
1787024460851,0.001393,3409591.0,0.001394,1166044.0,0.0013935,7.17617509867336
1787024460852,0.001393,3210598.0,0.001394,608479.0,0.0013935,7.17617509867336
1787024460853,0.001393,2859270.0,0.001394,740521.0,0.0013935,7.17617509867336
1787024460854,0.001393,3021842.0,0.001394,733960.0,0.0013935,7.17617509867336
1787024460962,0.001393,3033683.0,0.001394,745801.0,0.0013935,7.17617509867336
1787024460991,0.001393,3031780.0,0.001394,745801.0,0.0013935,7.17617509867336
1787024461101,0.001393,3031780.0,0.001394,908653.0,0.0013935,7.17617509867336
1787024461103,0.001393,3031780.0,0.001394,915466.0,0.0013935,7.17617509867336
1787024461106,0.001393,3031780.0,0.001394,1078318.0,0.0013935,7.17617509867336
1787024461300,0.001393,3031780.0,0.001394,1085494.0,0.0013935,7.17617509867336
1787024461342,0.001393,3122073.0,0.001394,1085494.0,0.0013935,7.17617509867336
1787024461400,0.001393,3122073.0,0.001394,1131542.0,0.0013935,7.17617509867336
1787024461424,0.001393,3122073.0,0.001394,1124729.0,0.0013935,7.17617509867336
1787024461512,0.001393,2896366.0,0.001394,1216863.0,0.0013935,7.17617509867336
1787024461513,0.001393,2884287.0,0.001394,1345986.0,0.0013935,7.17617509867336
1787024461514,0.001393,1358348.0,0.001394,1848229.0,0.0013935,7.17617509867336
1787024461515,0.001393,1147299.0,0.001394,1848229.0,0.0013935,7.17617509867336
1787024461520,0.001393,1147299.0,0.001394,2126235.0,0.0013935,7.17617509867336
1787024461553,0.001393,1147299.0,0.001394,2258566.0,0.0013935,7.17617509867336
1787024461555,0.001393,1147299.0,0.001394,2272913.0,0.0013935,7.17617509867336
1787024461580,0.001392,2073804.0,0.001393,1147299.0,0.0013925,7.181328545780365
1787024461581,0.001392,880680.0,0.001393,461558.0,0.0013925,7.181328545780365
1787024461582,0.001392,880680.0,0.001393,681008.0,0.0013925,7.181328545780365
1787024461595,0.001392,880680.0,0.001393,695370.0,0.0013925,7.181328545780365
1787024461633,0.001392,892530.0,0.001393,717992.0,0.0013925,7.181328545780365
1787024461667,0.001392,892530.0,0.001393,502629.0,0.0013925,7.181328545780365
1787024461669,0.001392,892530.0,0.001393,283179.0,0.0013925,7.181328545780365
1787024461688,0.001392,892530.0,0.001393,502629.0,0.0013925,7.181328545780365
1787024461756,0.001392,1738791.0,0.001393,509121.0,0.0013925,7.181328545780365
1787024461779,0.001392,1738791.0,0.001393,513070.0,0.0013925,7.181328545780365
1787024461799,0.001392,1738791.0,0.001393,520251.0,0.0013925,7.181328545780365
1787024462041,0.001392,1736330.0,0.001393,520251.0,0.0013925,7.181328545780365
1787024462049,0.001392,1762824.0,0.001393,520251.0,0.0013925,7.181328545780365
1787024462099,0.001392,1762824.0,0.001393,846123.0,0.0013925,7.181328545780365
1787024462100,0.001392,1762824.0,0.001393,857973.0,0.0013925,7.181328545780365
1787024462101,0.001392,1762824.0,0.001393,846123.0,0.0013925,7.181328545780365
1787024462301,0.001392,1762824.0,0.001393,1238934.0,0.0013925,7.181328545780365
1787024462400,0.001392,1762824.0,0.001393,1293443.0,0.0013925,7.181328545780365
1787024462555,0.001392,1762824.0,0.001393,1425774.0,0.0013925,7.181328545780365
1787024462852,0.001392,2297333.0,0.001393,1425774.0,0.0013925,7.181328545780365
1787024462853,0.001392,2299992.0,0.001393,1425774.0,0.0013925,7.181328545780365
1787024462854,0.001392,2311842.0,0.001393,1425774.0,0.0013925,7.181328545780365
1787024463001,0.001392,2311842.0,0.001393,1032963.0,0.0013925,7.181328545780365
1787024463002,0.001392,2311842.0,0.001393,1044813.0,0.0013925,7.181328545780365
1787024463003,0.001392,2311842.0,0.001393,1032963.0,0.0013925,7.181328545780365
1787024463137,0.001392,2311842.0,0.001393,1026471.0,0.0013925,7.181328545780365
1787024463165,0.001392,2308775.0,0.001393,1026471.0,0.0013925,7.181328545780365
1787024463167,0.001392,1774266.0,0.001393,1026471.0,0.0013925,7.181328545780365
1787024463260,0.001392,1774266.0,0.001393,996471.0,0.0013925,7.181328545780365
1787024463297,0.001392,1774266.0,0.001393,989290.0,0.0013925,7.181328545780365
1787024463302,0.001392,1774266.0,0.001393,1382101.0,0.0013925,7.181328545780365
1787024463351,0.001392,1774266.0,0.001393,1388164.0,0.0013925,7.181328545780365
1787024463467,0.001392,2308775.0,0.001393,1388164.0,0.0013925,7.181328545780365
1787024463571,0.001392,2461619.0,0.001393,1388164.0,0.0013925,7.181328545780365
1787024463700,0.001392,2461619.0,0.001393,995353.0,0.0013925,7.181328545780365
1787024463797,0.001392,2461619.0,0.001393,1002534.0,0.0013925,7.181328545780365
1787024464114,0.001392,2446967.0,0.001393,1002534.0,0.0013925,7.181328545780365
1787024464115,0.001392,2432458.0,0.001393,1002534.0,0.0013925,7.181328545780365
1787024464116,0.001392,1897949.0,0.001393,1002534.0,0.0013925,7.181328545780365
1787024464361,0.001392,1894185.0,0.001393,1002534.0,0.0013925,7.181328545780365
1787024464389,0.001392,1892468.0,0.001393,1002534.0,0.0013925,7.181328545780365
1787024464504,0.001392,1892468.0,0.001393,1395345.0,0.0013925,7.181328545780365
1787024464505,0.001392,1892468.0,0.001393,1395345.0,0.0013925,7.181328545780365
1787024464691,0.001392,2441486.0,0.001393,1395345.0,0.0013925,7.181328545780365
1787024464692,0.001392,2441486.0,0.001393,1395345.0,0.0013925,7.181328545780365
1787024464796,0.001392,2441486.0,0.001393,1388164.0,0.0013925,7.181328545780365
1787024464800,0.001392,2441486.0,0.001393,995353.0,0.0013925,7.181328545780365
1787024464806,0.001392,2441486.0,0.001393,955402.0,0.0013925,7.181328545780365
1787024464809,0.001392,2441486.0,0.001393,949339.0,0.0013925,7.181328545780365
1787024464972,0.001392,2437166.0,0.001393,949339.0,0.0013925,7.181328545780365
1787024465018,0.001392,2437166.0,0.001393,956647.0,0.0013925,7.181328545780365
1787024465065,0.001392,2437166.0,0.001393,737197.0,0.0013925,7.181328545780365
1787024465066,0.001392,2437166.0,0.001393,729889.0,0.0013925,7.181328545780365
1787024465068,0.001392,2437166.0,0.001393,12220.0,0.0013925,7.181328545780365
1787024465069,0.001393,521342.0,0.001394,2316040.0,0.0013935,7.17617509867336
1787024465070,0.001393,278596.0,0.001394,2119751.0,0.0013935,7.17617509867336
1787024465071,0.001393,1059200.0,0.001394,1777403.0,0.0013935,7.17617509867336
1787024465072,0.001393,1111626.0,0.001394,1777403.0,0.0013935,7.17617509867336
1787024465073,0.001393,1160103.0,0.001394,1777403.0,0.0013935,7.17617509867336
1787024465090,0.001393,1160103.0,0.001394,1791750.0,0.0013935,7.17617509867336
1787024465091,0.001393,1171944.0,0.001394,1834791.0,0.0013935,7.17617509867336
1787024465100,0.001393,1171944.0,0.001394,1849144.0,0.0013935,7.17617509867336
1787024465102,0.001393,1123467.0,0.001394,1849144.0,0.0013935,7.17617509867336
1787024465177,0.001393,817421.0,0.001394,1849144.0,0.0013935,7.17617509867336
1787024465178,0.001393,817421.0,0.001394,1860985.0,0.0013935,7.17617509867336
1787024465179,0.001393,98373.0,0.001394,1860985.0,0.0013935,7.17617509867336
1787024465180,0.001393,15790.0,0.001394,3712147.0,0.0013935,7.17617509867336
1787024465181,0.001392,2683000.0,0.001393,485881.0,0.0013925,7.181328545780365
1787024465182,0.001392,1610645.0,0.001393,682187.0,0.0013925,7.181328545780365
1787024465183,0.001392,1044546.0,0.001393,779282.0,0.0013925,7.181328545780365
1787024465184,0.001392,1044546.0,0.001393,760702.0,0.0013925,7.181328545780365
1787024465185,0.001392,891702.0,0.001393,760702.0,0.0013925,7.181328545780365
1787024465198,0.001392,891702.0,0.001393,775064.0,0.0013925,7.181328545780365
1787024465209,0.001392,891702.0,0.001393,785836.0,0.0013925,7.181328545780365
1787024465248,0.001392,651486.0,0.001393,785836.0,0.0013925,7.181328545780365
1787024465249,0.001392,651486.0,0.001393,1043405.0,0.0013925,7.181328545780365
1787024465251,0.001392,571350.0,0.001393,1043405.0,0.0013925,7.181328545780365
1787024465253,0.001392,313781.0,0.001393,1843405.0,0.0013925,7.181328545780365
1787024465255,0.001392,287079.0,0.001393,1843405.0,0.0013925,7.181328545780365
1787024465256,0.001392,143349.0,0.001393,1843405.0,0.0013925,7.181328545780365
1787024465257,0.001391,2432266.0,0.001392,923791.0,0.0013915,7.186489399927531
1787024465258,0.001391,1632394.0,0.001392,512188.0,0.0013915,7.186489399927531
1787024465259,0.001391,1347798.0,0.001392,780115.0,0.0013915,7.186489399927531
1787024465260,0.001391,1122091.0,0.001392,243497.0,0.0013915,7.186489399927531
1787024465263,0.001391,1122091.0,0.001392,340451.0,0.0013915,7.186489399927531
1787024465264,0.001391,1122091.0,0.001392,456332.0,0.0013915,7.186489399927531
1787024465265,0.001391,1057037.0,0.001392,456332.0,0.0013915,7.186489399927531
1787024465266,0.001391,1044972.0,0.001392,1256332.0,0.0013915,7.186489399927531
1787024465267,0.001391,521064.0,0.001392,1590014.0,0.0013915,7.186489399927531
1787024465268,0.001391,287532.0,0.001392,1672223.0,0.0013915,7.186489399927531
1787024465269,0.00139,2133045.0,0.001391,910848.0,0.0013905,7.191657677095526
1787024465270,0.00139,1890039.0,0.001391,1130298.0,0.0013905,7.191657677095526
1787024465271,0.00139,1268150.0,0.001391,856700.0,0.0013905,7.191657677095526
1787024465272,0.00139,1268150.0,0.001391,832928.0,0.0013905,7.191657677095526
1787024465274,0.00139,822800.0,0.001391,881405.0,0.0013905,7.191657677095526
1787024465284,0.00139,822800.0,0.001391,801376.0,0.0013905,7.191657677095526
1787024465299,0.00139,822800.0,0.001391,790957.0,0.0013905,7.191657677095526
1787024465317,0.00139,822800.0,0.001391,801745.0,0.0013905,7.191657677095526
1787024465329,0.00139,770004.0,0.001391,801745.0,0.0013905,7.191657677095526
1787024465331,0.00139,385010.0,0.001391,801745.0,0.0013905,7.191657677095526
1787024465332,0.00139,181989.0,0.001391,884014.0,0.0013905,7.191657677095526
1787024465333,0.00139,167837.0,0.001391,1270985.0,0.0013905,7.191657677095526
1787024465334,0.00139,167837.0,0.001391,1815210.0,0.0013905,7.191657677095526
1787024465335,0.00139,167837.0,0.001391,1887101.0,0.0013905,7.191657677095526
1787024465336,0.00139,167837.0,0.001391,1810498.0,0.0013905,7.191657677095526
1787024465337,0.00139,216314.0,0.001391,2307272.0,0.0013905,7.191657677095526
1787024465338,0.00139,167837.0,0.001391,2307272.0,0.0013905,7.191657677095526
1787024465339,0.00139,167837.0,0.001391,2163490.0,0.0013905,7.191657677095526
1787024465343,0.00139,216314.0,0.001391,2163490.0,0.0013905,7.191657677095526
1787024465345,0.00139,72584.0,0.001391,2163490.0,0.0013905,7.191657677095526
1787024465346,0.00139,24107.0,0.001391,2377742.0,0.0013905,7.191657677095526
1787024465347,0.00139,28057.0,0.001391,2163490.0,0.0013905,7.191657677095526
1787024465349,0.00139,76534.0,0.001391,2163490.0,0.0013905,7.191657677095526
1787024465367,0.00139,72584.0,0.001391,2163490.0,0.0013905,7.191657677095526
1787024465373,0.00139,72584.0,0.001391,2171399.0,0.0013905,7.191657677095526
1787024465380,0.00139,24107.0,0.001391,2171399.0,0.0013905,7.191657677095526
1787024465382,0.00139,72584.0,0.001391,2171399.0,0.0013905,7.191657677095526
1787024465383,0.00139,72584.0,0.001391,2179082.0,0.0013905,7.191657677095526
1787024465398,0.00139,17734.0,0.001391,2179082.0,0.0013905,7.191657677095526
1787024465399,0.001389,3602641.0,0.001391,2179082.0,0.0013900000000000002,14.388489208633441
1787024465400,0.001389,3602641.0,0.00139,1058700.0,0.0013895000000000001,7.196833393306339
1787024465401,0.001389,1892898.0,0.00139,791985.0,0.0013895000000000001,7.196833393306339
1787024465402,0.001389,1892898.0,0.00139,470625.0,0.0013895000000000001,7.196833393306339
1787024465403,0.001389,1671185.0,0.00139,470625.0,0.0013895000000000001,7.196833393306339
1787024465404,0.00139,204136.0,0.001391,2904990.0,0.0013905,7.191657677095526
1787024465405,0.00139,448744.0,0.001391,2261083.0,0.0013905,7.191657677095526
1787024465406,0.00139,317365.0,0.001391,2115944.0,0.0013905,7.191657677095526
1787024465410,0.00139,173635.0,0.001391,2115944.0,0.0013905,7.191657677095526
1787024465414,0.00139,168897.0,0.001391,2115944.0,0.0013905,7.191657677095526
1787024465428,0.00139,217374.0,0.001391,2115944.0,0.0013905,7.191657677095526
1787024465446,0.00139,168897.0,0.001391,2115944.0,0.0013905,7.191657677095526
1787024465471,0.00139,217374.0,0.001391,2115944.0,0.0013905,7.191657677095526
1787024465483,0.00139,216181.0,0.001391,2115944.0,0.0013905,7.191657677095526
1787024465511,0.00139,228048.0,0.001391,2127811.0,0.0013905,7.191657677095526
1787024465592,0.00139,228048.0,0.001391,2142189.0,0.0013905,7.191657677095526
1787024465599,0.00139,228048.0,0.001391,2116351.0,0.0013905,7.191657677095526
1787024465614,0.00139,1128264.0,0.001391,2124148.0,0.0013905,7.191657677095526
1787024465615,0.00139,1128264.0,0.001391,2124148.0,0.0013905,7.191657677095526
1787024465623,0.00139,1128264.0,0.001391,1670904.0,0.0013905,7.191657677095526
1787024465689,0.00139,1281108.0,0.001391,1670904.0,0.0013905,7.191657677095526
1787024465714,0.00139,1281108.0,0.001391,1663107.0,0.0013905,7.191657677095526
1787024465798,0.00139,1281108.0,0.001391,1670298.0,0.0013905,7.191657677095526
1787024465826,0.00139,1281108.0,0.001391,1412729.0,0.0013905,7.191657677095526
1787024465827,0.00139,1269598.0,0.001391,1412729.0,0.0013905,7.191657677095526
1787024465832,0.00139,1269598.0,0.001391,1522912.0,0.0013905,7.191657677095526
1787024465900,0.00139,1269598.0,0.001391,1548931.0,0.0013905,7.191657677095526
1787024465901,0.00139,1269598.0,0.001391,1574950.0,0.0013905,7.191657677095526
1787024465922,0.00139,1269598.0,0.001391,1630021.0,0.0013905,7.191657677095526
1787024465923,0.00139,1269598.0,0.001391,1637211.0,0.0013905,7.191657677095526
1787024465996,0.00139,1269598.0,0.001391,1641165.0,0.0013905,7.191657677095526
1787024465998,0.00139,1273555.0,0.001391,1641165.0,0.0013905,7.191657677095526
1787024465999,0.00139,1273555.0,0.001391,1615146.0,0.0013905,7.191657677095526
1787024466074,0.00139,1273555.0,0.001391,1611551.0,0.0013905,7.191657677095526
1787024466098,0.00139,1273555.0,0.001391,2100569.0,0.0013905,7.191657677095526
1787024466189,0.00139,1273555.0,0.001391,2575421.0,0.0013905,7.191657677095526
1787024466199,0.00139,1273555.0,0.001391,2549402.0,0.0013905,7.191657677095526
1787024466398,0.00139,1218635.0,0.001391,2549402.0,0.0013905,7.191657677095526
1787024466399,0.00139,1218635.0,0.001391,2589804.0,0.0013905,7.191657677095526
1787024466479,0.00139,1216876.0,0.001391,2589804.0,0.0013905,7.191657677095526
1787024466512,0.00139,1226666.0,0.001391,2589804.0,0.0013905,7.191657677095526
1787024466513,0.00139,1236685.0,0.001391,2589804.0,0.0013905,7.191657677095526
1787024466514,0.00139,1240719.0,0.001391,2589804.0,0.0013905,7.191657677095526
1787024466618,0.00139,1240719.0,0.001391,2582614.0,0.0013905,7.191657677095526
1787024466818,0.00139,1240719.0,0.001391,2589847.0,0.0013905,7.191657677095526
1787024466823,0.00139,1229272.0,0.001391,2589847.0,0.0013905,7.191657677095526
1787024467180,0.00139,1763781.0,0.001391,2589847.0,0.0013905,7.191657677095526
1787024467308,0.00139,1763781.0,0.001391,2563823.0,0.0013905,7.191657677095526
1787024467361,0.00139,1763781.0,0.001391,2567772.0,0.0013905,7.191657677095526
1787024467401,0.00139,1709148.0,0.001391,2567772.0,0.0013905,7.191657677095526
1787024467402,0.00139,1174639.0,0.001391,2567772.0,0.0013905,7.191657677095526
1787024467403,0.00139,1162772.0,0.001391,2567772.0,0.0013905,7.191657677095526
1787024467409,0.00139,1162772.0,0.001391,2812380.0,0.0013905,7.191657677095526
1787024467410,0.00139,1162772.0,0.001391,2800513.0,0.0013905,7.191657677095526
1787024467461,0.001389,2214212.0,0.001391,2800513.0,0.0013900000000000002,14.388489208633441
1787024467462,0.001389,1824506.0,0.00139,1372107.0,0.0013895000000000001,7.196833393306339
1787024467463,0.001389,1824506.0,0.00139,934894.0,0.0013895000000000001,7.196833393306339
1787024467464,0.001389,1824506.0,0.00139,1055313.0,0.0013895000000000001,7.196833393306339
1787024467465,0.001389,1504758.0,0.00139,1055313.0,0.0013895000000000001,7.196833393306339
1787024467484,0.001389,1504758.0,0.00139,1145368.0,0.0013895000000000001,7.196833393306339
1787024467485,0.001389,1504758.0,0.00139,1130892.0,0.0013895000000000001,7.196833393306339
1787024467487,0.001389,1504758.0,0.00139,1058950.0,0.0013895000000000001,7.196833393306339
1787024467492,0.001389,1504758.0,0.00139,844698.0,0.0013895000000000001,7.196833393306339
1787024467500,0.001389,1504758.0,0.00139,869238.0,0.0013895000000000001,7.196833393306339
1787024467528,0.001389,1504758.0,0.00139,375043.0,0.0013895000000000001,7.196833393306339
1787024467530,0.001389,1749366.0,0.00139,211549.0,0.0013895000000000001,7.196833393306339
1787024467531,0.001389,1749366.0,0.00139,163072.0,0.0013895000000000001,7.196833393306339
1787024467545,0.001389,1749366.0,0.00139,153590.0,0.0013895000000000001,7.196833393306339
1787024467569,0.001389,1747168.0,0.00139,153590.0,0.0013895000000000001,7.196833393306339
1787024467570,0.001389,2353028.0,0.00139,373040.0,0.0013895000000000001,7.196833393306339
1787024467575,0.001389,2364903.0,0.00139,384915.0,0.0013895000000000001,7.196833393306339
1787024467666,0.001389,3184159.0,0.00139,384915.0,0.0013895000000000001,7.196833393306339
1787024467799,0.001389,3184159.0,0.00139,392111.0,0.0013895000000000001,7.196833393306339
1787024467850,0.001389,3184159.0,0.00139,396068.0,0.0013895000000000001,7.196833393306339
1787024467899,0.001389,3184159.0,0.00139,371528.0,0.0013895000000000001,7.196833393306339
1787024467967,0.001389,3184159.0,0.00139,362221.0,0.0013895000000000001,7.196833393306339
1787024467976,0.00139,665895.0,0.001391,2669191.0,0.0013905,7.191657677095526
1787024467977,0.00139,1301042.0,0.001391,3100045.0,0.0013905,7.191657677095526
1787024467978,0.00139,1289104.0,0.001391,2854341.0,0.0013905,7.191657677095526
1787024467979,0.00139,1264924.0,0.001391,2768073.0,0.0013905,7.191657677095526
1787024467987,0.00139,1264924.0,0.001391,2065756.0,0.0013905,7.191657677095526
1787024468087,0.00139,1276791.0,0.001391,2322231.0,0.0013905,7.191657677095526
1787024468088,0.00139,1276791.0,0.001391,2509145.0,0.0013905,7.191657677095526
1787024468089,0.00139,521902.0,0.001391,2509145.0,0.0013905,7.191657677095526
1787024468099,0.00139,521902.0,0.001391,2346139.0,0.0013905,7.191657677095526
1787024468200,0.00139,521902.0,0.001391,2738950.0,0.0013905,7.191657677095526
1787024468298,0.00139,521902.0,0.001391,2746141.0,0.0013905,7.191657677095526
1787024468325,0.00139,538605.0,0.001391,2746141.0,0.0013905,7.191657677095526
1787024468326,0.00139,543361.0,0.001391,2746141.0,0.0013905,7.191657677095526
1787024468327,0.00139,543361.0,0.001391,2760519.0,0.0013905,7.191657677095526
1787024468372,0.00139,543361.0,0.001391,2508678.0,0.0013905,7.191657677095526
1787024468373,0.00139,787969.0,0.001391,2508678.0,0.0013905,7.191657677095526
1787024468391,0.00139,791926.0,0.001391,2508678.0,0.0013905,7.191657677095526
1787024468398,0.00139,791926.0,0.001391,2563343.0,0.0013905,7.191657677095526
1787024468575,0.00139,827897.0,0.001391,2563343.0,0.0013905,7.191657677095526
1787024468576,0.00139,1679174.0,0.001391,2569832.0,0.0013905,7.191657677095526
1787024468577,0.00139,1667307.0,0.001391,2569832.0,0.0013905,7.191657677095526
1787024468616,0.00139,1679174.0,0.001391,2569832.0,0.0013905,7.191657677095526
1787024468803,0.00139,1677425.0,0.001391,2569832.0,0.0013905,7.191657677095526
1787024468899,0.00139,1677425.0,0.001391,2177021.0,0.0013905,7.191657677095526
1787024468941,0.00139,1713396.0,0.001391,2177021.0,0.0013905,7.191657677095526
1787024468991,0.00139,1713396.0,0.001391,1890557.0,0.0013905,7.191657677095526
1787024468994,0.00139,1713396.0,0.001391,1847423.0,0.0013905,7.191657677095526
1787024468995,0.00139,1713396.0,0.001391,1840934.0,0.0013905,7.191657677095526
1787024469094,0.00139,1713396.0,0.001391,1843702.0,0.0013905,7.191657677095526
1787024469198,0.00139,1713396.0,0.001391,1851264.0,0.0013905,7.191657677095526
1787024469300,0.00139,1713396.0,0.001391,2244075.0,0.0013905,7.191657677095526
1787024469301,0.00139,1713396.0,0.001391,2232208.0,0.0013905,7.191657677095526
1787024469302,0.00139,1713396.0,0.001391,2244075.0,0.0013905,7.191657677095526
1787024469598,0.00139,1713396.0,0.001391,1851264.0,0.0013905,7.191657677095526
1787024469802,0.00139,1713396.0,0.001391,1844073.0,0.0013905,7.191657677095526
1787024469996,0.00139,1677425.0,0.001391,1844073.0,0.0013905,7.191657677095526
1787024469997,0.00139,1641454.0,0.001391,1844073.0,0.0013905,7.191657677095526
1787024470019,0.00139,1640284.0,0.001391,1844073.0,0.0013905,7.191657677095526
1787024470098,0.00139,1640284.0,0.001391,2006446.0,0.0013905,7.191657677095526
1787024470099,0.00139,1640284.0,0.001391,2399257.0,0.0013905,7.191657677095526
1787024470137,0.00139,1640284.0,0.001391,2527695.0,0.0013905,7.191657677095526
1787024470199,0.00139,1640284.0,0.001391,2134884.0,0.0013905,7.191657677095526
1787024470298,0.00139,1640284.0,0.001391,2142075.0,0.0013905,7.191657677095526
1787024470299,0.00139,1640284.0,0.001391,2534886.0,0.0013905,7.191657677095526
1787024470400,0.00139,1640284.0,0.001391,2559462.0,0.0013905,7.191657677095526
1787024471217,0.00139,1637250.0,0.001391,2559462.0,0.0013905,7.191657677095526
1787024471829,0.00139,1637250.0,0.001391,2563408.0,0.0013905,7.191657677095526
1787024471899,0.00139,1637250.0,0.001391,2146021.0,0.0013905,7.191657677095526
1787024471900,0.00139,1637250.0,0.001391,2134154.0,0.0013905,7.191657677095526
1787024471901,0.00139,1637250.0,0.001391,2146021.0,0.0013905,7.191657677095526
1787024471996,0.00139,1637250.0,0.001391,2017583.0,0.0013905,7.191657677095526
1787024472063,0.00139,1637250.0,0.001391,1798133.0,0.0013905,7.191657677095526
1787024472065,0.00139,1853489.0,0.001391,1790571.0,0.0013905,7.191657677095526
1787024472197,0.00139,1853489.0,0.001391,1795797.0,0.0013905,7.191657677095526
1787024472259,0.00139,1851778.0,0.001391,1795797.0,0.0013905,7.191657677095526
1787024472299,0.00139,1851778.0,0.001391,1788606.0,0.0013905,7.191657677095526
1787024472399,0.00139,1851778.0,0.001391,1733941.0,0.0013905,7.191657677095526
1787024472832,0.00139,1851778.0,0.001391,1623758.0,0.0013905,7.191657677095526
1787024473098,0.00139,1851778.0,0.001391,1461385.0,0.0013905,7.191657677095526
1787024473519,0.00139,1849190.0,0.001391,1461385.0,0.0013905,7.191657677095526
1787024473769,0.00139,1868451.0,0.001391,1461385.0,0.0013905,7.191657677095526
1787024473788,0.00139,1868451.0,0.001391,1442663.0,0.0013905,7.191657677095526
1787024473953,0.00139,1880355.0,0.001391,1442663.0,0.0013905,7.191657677095526
1787024474036,0.00139,1924651.0,0.001391,1442663.0,0.0013905,7.191657677095526
1787024474044,0.00139,1924651.0,0.001391,1385603.0,0.0013905,7.191657677095526
1787024474046,0.00139,1924651.0,0.001391,369710.0,0.0013905,7.191657677095526
1787024474047,0.001391,1795403.0,0.001392,2527582.0,0.0013915,7.186489399927531
1787024474048,0.001391,1312908.0,0.001392,1817686.0,0.0013915,7.186489399927531
1787024474049,0.001391,2547619.0,0.001392,1939690.0,0.0013915,7.186489399927531
1787024474050,0.001391,2445258.0,0.001392,1939690.0,0.0013915,7.186489399927531
1787024474051,0.001391,2445258.0,0.001392,1830928.0,0.0013915,7.186489399927531
1787024474052,0.001391,2420775.0,0.001392,1830928.0,0.0013915,7.186489399927531
1787024474053,0.001391,2420775.0,0.001392,1797948.0,0.0013915,7.186489399927531
1787024474057,0.001391,2420775.0,0.001392,1085576.0,0.0013915,7.186489399927531
1787024474097,0.001391,2420775.0,0.001392,1099947.0,0.0013915,7.186489399927531
1787024474145,0.001391,2420775.0,0.001392,1088043.0,0.0013915,7.186489399927531
1787024474156,0.001391,1737083.0,0.001392,1088043.0,0.0013915,7.186489399927531
1787024474167,0.001391,1748941.0,0.001392,1099901.0,0.0013915,7.186489399927531
1787024474267,0.001391,1748941.0,0.001392,1107657.0,0.0013915,7.186489399927531
1787024474293,0.001391,1748941.0,0.001392,1055916.0,0.0013915,7.186489399927531
1787024474357,0.001391,1748941.0,0.001392,1051966.0,0.0013915,7.186489399927531
1787024474401,0.001391,1748941.0,0.001392,1444777.0,0.0013915,7.186489399927531
1787024474403,0.001391,1671576.0,0.001392,1444777.0,0.0013915,7.186489399927531
1787024474499,0.001391,1671576.0,0.001392,1051966.0,0.0013915,7.186489399927531
1787024474599,0.001391,1671576.0,0.001392,1444777.0,0.0013915,7.186489399927531
1787024474600,0.001391,1671576.0,0.001392,1432919.0,0.0013915,7.186489399927531
1787024474602,0.001391,1671576.0,0.001392,1444777.0,0.0013915,7.186489399927531
1787024474701,0.001391,1671576.0,0.001392,1051966.0,0.0013915,7.186489399927531
1787024474827,0.001391,1669491.0,0.001392,1051966.0,0.0013915,7.186489399927531
1787024474921,0.001391,1616300.0,0.001392,1051966.0,0.0013915,7.186489399927531
1787024475100,0.001391,1616300.0,0.001392,1536415.0,0.0013915,7.186489399927531
1787024475165,0.001391,1616300.0,0.001392,1547675.0,0.0013915,7.186489399927531
1787024475304,0.001391,1616300.0,0.001392,1940486.0,0.0013915,7.186489399927531
1787024475323,0.001391,1637759.0,0.001392,1940486.0,0.0013915,7.186489399927531
1787024475400,0.001391,1637759.0,0.001392,1944420.0,0.0013915,7.186489399927531
1787024475897,0.001391,1635649.0,0.001392,1944420.0,0.0013915,7.186489399927531
1787024475923,0.001391,1635649.0,0.001392,1997329.0,0.0013915,7.186489399927531
1787024476000,0.001391,1635649.0,0.001392,1604518.0,0.0013915,7.186489399927531
1787024476001,0.001391,1635649.0,0.001392,1592660.0,0.0013915,7.186489399927531
1787024476002,0.001391,1635649.0,0.001392,1604518.0,0.0013915,7.186489399927531
1787024476106,0.001391,1635649.0,0.001392,1997329.0,0.0013915,7.186489399927531
1787024476223,0.001391,1635649.0,0.001392,1993014.0,0.0013915,7.186489399927531
1787024476725,0.001391,1642627.0,0.001392,1993014.0,0.0013915,7.186489399927531
1787024477002,0.001391,1642627.0,0.001392,1600203.0,0.0013915,7.186489399927531
1787024477097,0.001391,1642627.0,0.001392,1334878.0,0.0013915,7.186489399927531
1787024477099,0.001391,1642627.0,0.001392,1173395.0,0.0013915,7.186489399927531
1787024477125,0.001391,1639472.0,0.001392,1173395.0,0.0013915,7.186489399927531
1787024477398,0.001391,1639472.0,0.001392,1169461.0,0.0013915,7.186489399927531
1787024477400,0.001391,1639472.0,0.001392,1562272.0,0.0013915,7.186489399927531
1787024477401,0.001391,1639472.0,0.001392,1550414.0,0.0013915,7.186489399927531
1787024477402,0.001391,1639472.0,0.001392,1569090.0,0.0013915,7.186489399927531
1787024477408,0.001391,1567582.0,0.001392,1569090.0,0.0013915,7.186489399927531
1787024477493,0.001391,1567582.0,0.001392,1813698.0,0.0013915,7.186489399927531
1787024477791,0.001391,1567582.0,0.001392,1758804.0,0.0013915,7.186489399927531
1787024477793,0.001391,1567582.0,0.001392,1603649.0,0.0013915,7.186489399927531
1787024477794,0.001391,1783821.0,0.001392,1359041.0,0.0013915,7.186489399927531
1787024477901,0.001391,1783821.0,0.001392,966230.0,0.0013915,7.186489399927531
1787024478005,0.001391,1783821.0,0.001392,973360.0,0.0013915,7.186489399927531
1787024478117,0.001391,1783821.0,0.001392,976952.0,0.0013915,7.186489399927531
1787024478145,0.001391,1781197.0,0.001392,976952.0,0.0013915,7.186489399927531
1787024478301,0.001391,1781197.0,0.001392,1369763.0,0.0013915,7.186489399927531
1787024478499,0.001391,1781197.0,0.001392,976952.0,0.0013915,7.186489399927531
1787024478500,0.001391,1781197.0,0.001392,965094.0,0.0013915,7.186489399927531
1787024478502,0.001391,1781197.0,0.001392,976952.0,0.0013915,7.186489399927531
1787024478574,0.001391,1781197.0,0.001392,965692.0,0.0013915,7.186489399927531
1787024478578,0.001391,1781197.0,0.001392,988207.0,0.0013915,7.186489399927531
1787024478922,0.001391,1781197.0,0.001392,935298.0,0.0013915,7.186489399927531
1787024478988,0.001391,1781197.0,0.001392,928168.0,0.0013915,7.186489399927531
1787024479100,0.001391,1781197.0,0.001392,766685.0,0.0013915,7.186489399927531
1787024479102,0.001391,1944061.0,0.001392,605202.0,0.0013915,7.186489399927531
1787024479256,0.001391,1948867.0,0.001392,605202.0,0.0013915,7.186489399927531
1787024479283,0.001391,1946250.0,0.001392,605202.0,0.0013915,7.186489399927531
1787024479310,0.001391,1946250.0,0.001392,611982.0,0.0013915,7.186489399927531
1787024479892,0.001391,1946250.0,0.001392,605202.0,0.0013915,7.186489399927531
1787024480033,0.001391,1956576.0,0.001392,605202.0,0.0013915,7.186489399927531
1787024480194,0.001391,1956576.0,0.001392,611885.0,0.0013915,7.186489399927531
1787024480376,0.001391,1956576.0,0.001392,605202.0,0.0013915,7.186489399927531
1787024480377,0.001391,2491085.0,0.001392,605202.0,0.0013915,7.186489399927531
1787024480489,0.001391,2488697.0,0.001392,605202.0,0.0013915,7.186489399927531
1787024481983,0.001391,2486867.0,0.001392,605202.0,0.0013915,7.186489399927531
1787024482009,0.001391,2504840.0,0.001392,605202.0,0.0013915,7.186489399927531
1787024482319,0.001391,2500034.0,0.001392,605202.0,0.0013915,7.186489399927531
1787024482323,0.001391,2510298.0,0.001392,605202.0,0.0013915,7.186489399927531
1787024482935,0.001391,2510298.0,0.001392,611675.0,0.0013915,7.186489399927531
1787024483131,0.001391,2508274.0,0.001392,611675.0,0.0013915,7.186489399927531
1787024483423,0.001391,2508274.0,0.001392,605202.0,0.0013915,7.186489399927531
1787024483426,0.001392,911184.0,0.001393,2644286.0,0.0013925,7.181328545780365
1787024483427,0.001392,1115153.0,0.001393,1780305.0,0.0013925,7.181328545780365
1787024483428,0.001392,1545508.0,0.001393,1776355.0,0.0013925,7.181328545780365
1787024483429,0.001392,1790116.0,0.001393,1552399.0,0.0013925,7.181328545780365
1787024483431,0.001392,1790116.0,0.001393,823680.0,0.0013925,7.181328545780365
1787024483433,0.001392,1790116.0,0.001393,872157.0,0.0013925,7.181328545780365
1787024483453,0.001392,1790116.0,0.001393,875747.0,0.0013925,7.181328545780365
1787024483455,0.001392,1790116.0,0.001394,1829461.0,0.0013930000000000001,14.357501794688071
1787024483456,0.001393,708750.0,0.001394,1765285.0,0.0013935,7.17617509867336
1787024483457,0.001393,708750.0,0.001394,1070047.0,0.0013935,7.17617509867336
1787024483459,0.001393,757227.0,0.001394,1303383.0,0.0013935,7.17617509867336
1787024483460,0.001393,757227.0,0.001394,1351860.0,0.0013935,7.17617509867336
1787024483461,0.001393,677394.0,0.001394,1351860.0,0.0013935,7.17617509867336
1787024483463,0.001393,677394.0,0.001394,1486634.0,0.0013935,7.17617509867336
1787024483471,0.001393,461558.0,0.001394,1486634.0,0.0013935,7.17617509867336
1787024483477,0.001393,461558.0,0.001394,1495251.0,0.0013935,7.17617509867336
1787024483478,0.001393,413081.0,0.001394,1495251.0,0.0013935,7.17617509867336
1787024483494,0.001393,461558.0,0.001394,1495251.0,0.0013935,7.17617509867336
1787024483497,0.001393,510035.0,0.001394,1495251.0,0.0013935,7.17617509867336
1787024483499,0.001393,510035.0,0.001394,1509606.0,0.0013935,7.17617509867336
1787024483530,0.001393,1044544.0,0.001394,1509606.0,0.0013935,7.17617509867336
1787024483556,0.001393,1056385.0,0.001394,1521447.0,0.0013935,7.17617509867336
1787024483573,0.001393,1007908.0,0.001394,1521447.0,0.0013935,7.17617509867336
1787024483574,0.001393,1007908.0,0.001394,1736652.0,0.0013935,7.17617509867336
1787024483610,0.001393,1007908.0,0.001394,2536652.0,0.0013935,7.17617509867336
1787024483628,0.001393,1007908.0,0.001394,2543185.0,0.0013935,7.17617509867336
1787024483629,0.001393,959431.0,0.001394,2543185.0,0.0013935,7.17617509867336
1787024483700,0.001393,978692.0,0.001394,2543185.0,0.0013935,7.17617509867336
1787024483725,0.001393,978692.0,0.001394,2537438.0,0.0013935,7.17617509867336
1787024483726,0.001393,978692.0,0.001394,1737438.0,0.0013935,7.17617509867336
1787024483727,0.001393,978692.0,0.001394,1737438.0,0.0013935,7.17617509867336
1787024483729,0.001393,1732942.0,0.001394,1737438.0,0.0013935,7.17617509867336
1787024483830,0.001393,1732942.0,0.001394,1839713.0,0.0013935,7.17617509867336
1787024483922,0.001393,1732942.0,0.001394,1890829.0,0.0013935,7.17617509867336
1787024483948,0.001393,1777238.0,0.001394,1890829.0,0.0013935,7.17617509867336
1787024483950,0.001393,1770077.0,0.001394,1890829.0,0.0013935,7.17617509867336
1787024483977,0.001393,1781981.0,0.001394,1890829.0,0.0013935,7.17617509867336
1787024484004,0.001393,1799928.0,0.001394,1890829.0,0.0013935,7.17617509867336
1787024484005,0.001393,1799928.0,0.001394,1998666.0,0.0013935,7.17617509867336
1787024484098,0.001393,1799928.0,0.001394,2318240.0,0.0013935,7.17617509867336
1787024484107,0.001393,1798503.0,0.001394,2318240.0,0.0013935,7.17617509867336
1787024484322,0.001393,1819962.0,0.001394,2318240.0,0.0013935,7.17617509867336
1787024484338,0.001393,1819962.0,0.001394,2266499.0,0.0013935,7.17617509867336
1787024484356,0.001393,1823911.0,0.001394,2266499.0,0.0013935,7.17617509867336
1787024484862,0.001393,1823911.0,0.001394,2274675.0,0.0013935,7.17617509867336
1787024485042,0.001393,1823911.0,0.001394,2279976.0,0.0013935,7.17617509867336
1787024485133,0.001393,1821121.0,0.001394,2279976.0,0.0013935,7.17617509867336
1787024485419,0.001393,1821121.0,0.001394,1563171.0,0.0013935,7.17617509867336
1787024485420,0.001393,2065729.0,0.001394,1563171.0,0.0013935,7.17617509867336
1787024485421,0.001393,2065729.0,0.001394,1567117.0,0.0013935,7.17617509867336
1787024485422,0.001393,2065729.0,0.001394,1567117.0,0.0013935,7.17617509867336
1787024485467,0.001393,2065729.0,0.001394,1570884.0,0.0013935,7.17617509867336
1787024485833,0.001393,2065729.0,0.001394,1468609.0,0.0013935,7.17617509867336
1787024485862,0.001393,2065729.0,0.001394,1460433.0,0.0013935,7.17617509867336
1787024485920,0.001393,2065729.0,0.001394,1409317.0,0.0013935,7.17617509867336
1787024485952,0.001393,1999236.0,0.001394,1409317.0,0.0013935,7.17617509867336
1787024485953,0.001393,1999236.0,0.001394,2009317.0,0.0013935,7.17617509867336
1787024485954,0.001393,1999236.0,0.001394,1997476.0,0.0013935,7.17617509867336
1787024485955,0.001393,1999236.0,0.001394,1409317.0,0.0013935,7.17617509867336
1787024486097,0.001393,1999236.0,0.001394,1249530.0,0.0013935,7.17617509867336
1787024486098,0.001393,1999236.0,0.001394,1089743.0,0.0013935,7.17617509867336
1787024486443,0.001393,1997217.0,0.001394,1089743.0,0.0013935,7.17617509867336
1787024486510,0.001393,1990522.0,0.001394,1089743.0,0.0013935,7.17617509867336
1787024487282,0.001393,1986058.0,0.001394,1089743.0,0.0013935,7.17617509867336
1787024487283,0.001393,1986058.0,0.001394,1197142.0,0.0013935,7.17617509867336
1787024487490,0.001393,1986058.0,0.001394,760351.0,0.0013935,7.17617509867336
1787024487502,0.001393,1986058.0,0.001394,929947.0,0.0013935,7.17617509867336
1787024487508,0.001393,1986058.0,0.001394,760351.0,0.0013935,7.17617509867336
1787024487557,0.001393,1986058.0,0.001394,545115.0,0.0013935,7.17617509867336
1787024487558,0.001393,1986058.0,0.001394,318069.0,0.0013935,7.17617509867336
1787024487559,0.001393,1986058.0,0.001394,329910.0,0.0013935,7.17617509867336
1787024487567,0.001393,1984413.0,0.001394,329910.0,0.0013935,7.17617509867336
1787024487568,0.001393,1984413.0,0.001394,545746.0,0.0013935,7.17617509867336
1787024487569,0.001393,1984413.0,0.001394,594223.0,0.0013935,7.17617509867336
1787024487714,0.001393,1979957.0,0.001394,594223.0,0.0013935,7.17617509867336
1787024487716,0.001393,1979957.0,0.001394,601608.0,0.0013935,7.17617509867336
1787024488360,0.001393,1979957.0,0.001394,594223.0,0.0013935,7.17617509867336
1787024488369,0.001393,1960332.0,0.001394,594223.0,0.0013935,7.17617509867336
1787024488372,0.001393,1960332.0,0.001394,378387.0,0.0013935,7.17617509867336
1787024488373,0.001393,1960332.0,0.001394,366546.0,0.0013935,7.17617509867336
1787024488488,0.001393,1960332.0,0.001394,378387.0,0.0013935,7.17617509867336
1787024488570,0.001393,1960332.0,0.001394,385445.0,0.0013935,7.17617509867336
1787024488725,0.001393,1957984.0,0.001394,385445.0,0.0013935,7.17617509867336
1787024488728,0.001393,1957984.0,0.001394,601281.0,0.0013935,7.17617509867336
1787024489787,0.001393,1955370.0,0.001394,601281.0,0.0013935,7.17617509867336
1787024490376,0.001393,1955370.0,0.001394,594223.0,0.0013935,7.17617509867336
1787024490587,0.001393,1955370.0,0.001394,600616.0,0.0013935,7.17617509867336
1787024490610,0.001393,1955370.0,0.001394,594223.0,0.0013935,7.17617509867336
1787024490728,0.001393,1955370.0,0.001394,598180.0,0.0013935,7.17617509867336
1787024490815,0.001393,1955370.0,0.001394,603858.0,0.0013935,7.17617509867336
1787024490843,0.001393,1953561.0,0.001394,603858.0,0.0013935,7.17617509867336
1787024490887,0.001393,1953561.0,0.001394,598254.0,0.0013935,7.17617509867336
1787024490936,0.001393,1953561.0,0.001394,605215.0,0.0013935,7.17617509867336
1787024491104,0.001393,1953561.0,0.001394,610278.0,0.0013935,7.17617509867336
1787024491961,0.001393,1953561.0,0.001394,603317.0,0.0013935,7.17617509867336
1787024492097,0.001393,1950926.0,0.001394,603317.0,0.0013935,7.17617509867336
1787024492221,0.001393,1950926.0,0.001394,609636.0,0.0013935,7.17617509867336
1787024492683,0.001393,1950926.0,0.001394,613599.0,0.0013935,7.17617509867336
1787024492717,0.001393,1950926.0,0.001394,581318.0,0.0013935,7.17617509867336
1787024493224,0.001393,1950926.0,0.001394,466554.0,0.0013935,7.17617509867336
1787024493225,0.001393,1950926.0,0.001394,503190.0,0.0013935,7.17617509867336
1787024493226,0.001393,1950926.0,0.001394,508712.0,0.0013935,7.17617509867336
1787024493505,0.001393,1949317.0,0.001394,508712.0,0.0013935,7.17617509867336
1787024493550,0.001393,1949317.0,0.001394,515570.0,0.0013935,7.17617509867336
1787024493599,0.001393,1949317.0,0.001394,400806.0,0.0013935,7.17617509867336
1787024493600,0.001393,1949317.0,0.001394,404752.0,0.0013935,7.17617509867336
1787024493627,0.001393,1949317.0,0.001394,413361.0,0.0013935,7.17617509867336
1787024493695,0.001393,1949317.0,0.001394,427710.0,0.0013935,7.17617509867336
1787024493811,0.001393,1949317.0,0.001394,431667.0,0.0013935,7.17617509867336
1787024493905,0.001393,1949317.0,0.001394,647401.0,0.0013935,7.17617509867336
1787024493911,0.001393,1949317.0,0.001394,431667.0,0.0013935,7.17617509867336
1787024493912,0.001393,1949317.0,0.001394,419826.0,0.0013935,7.17617509867336
1787024493914,0.001393,1949317.0,0.001394,431667.0,0.0013935,7.17617509867336
1787024494136,0.001393,1949317.0,0.001394,435630.0,0.0013935,7.17617509867336
1787024494333,0.001393,1949317.0,0.001394,449457.0,0.0013935,7.17617509867336
1787024494348,0.001393,1942395.0,0.001394,449457.0,0.0013935,7.17617509867336
1787024494671,0.001393,1941311.0,0.001394,449457.0,0.0013935,7.17617509867336
1787024494778,0.001393,1941311.0,0.001394,481861.0,0.0013935,7.17617509867336
1787024494800,0.001393,1941311.0,0.001394,494852.0,0.0013935,7.17617509867336
1787024495416,0.001393,1941311.0,0.001394,487994.0,0.0013935,7.17617509867336
1787024495659,0.001393,1940291.0,0.001394,487994.0,0.0013935,7.17617509867336
1787024496321,0.001393,1940291.0,0.001394,510672.0,0.0013935,7.17617509867336
1787024496555,0.001393,1940291.0,0.001394,518206.0,0.0013935,7.17617509867336
1787024496967,0.001393,1939017.0,0.001394,518206.0,0.0013935,7.17617509867336
1787024497454,0.001393,1939017.0,0.001394,1318206.0,0.0013935,7.17617509867336
1787024497455,0.001393,1939017.0,0.001394,1318206.0,0.0013935,7.17617509867336
1787024497495,0.001393,1939017.0,0.001394,1432383.0,0.0013935,7.17617509867336
1787024497599,0.001393,1939017.0,0.001394,1825194.0,0.0013935,7.17617509867336
1787024497699,0.001393,1939017.0,0.001394,1432383.0,0.0013935,7.17617509867336
1787024497725,0.001393,1939017.0,0.001394,1439484.0,0.0013935,7.17617509867336
1787024497787,0.001393,1939017.0,0.001394,639484.0,0.0013935,7.17617509867336
1787024497788,0.001393,1939017.0,0.001394,631950.0,0.0013935,7.17617509867336
1787024497834,0.001393,1939017.0,0.001394,652852.0,0.0013935,7.17617509867336
1787024497895,0.001393,1939017.0,0.001394,639861.0,0.0013935,7.17617509867336
1787024497995,0.001393,1936717.0,0.001394,639861.0,0.0013935,7.17617509867336
1787024497999,0.001393,1936717.0,0.001394,677615.0,0.0013935,7.17617509867336
1787024498615,0.001393,1936717.0,0.001394,685056.0,0.0013935,7.17617509867336
1787024498629,0.001393,1936717.0,0.001394,816500.0,0.0013935,7.17617509867336
1787024498750,0.001389,207991.0,0.001394,816500.0,0.0013915,35.93244699964077
1787024498751,0.001389,211970.0,0.00139,4186745.0,0.0013895000000000001,7.196833393306339
1787024498752,0.001389,1173732.0,0.001391,460512.0,0.0013900000000000002,14.388489208633441
1787024498753,0.00139,34119.0,0.001391,636969.0,0.0013905,7.191657677095526
1787024498754,0.001389,1595084.0,0.001391,543835.0,0.0013900000000000002,14.388489208633441
1787024498755,0.001389,1893686.0,0.00139,705781.0,0.0013895000000000001,7.196833393306339
1787024498756,0.001389,1461033.0,0.00139,535612.0,0.0013895000000000001,7.196833393306339
1787024498757,0.00139,407010.0,0.001391,819126.0,0.0013905,7.191657677095526
1787024498758,0.00139,292660.0,0.001391,887070.0,0.0013905,7.191657677095526
1787024498759,0.00139,84898.0,0.001391,694811.0,0.0013905,7.191657677095526
1787024498760,0.00139,92451.0,0.001391,551029.0,0.0013905,7.191657677095526
1787024498761,0.00139,106851.0,0.001391,551029.0,0.0013905,7.191657677095526
1787024498762,0.00139,117995.0,0.001391,551029.0,0.0013905,7.191657677095526
1787024498763,0.00139,99651.0,0.001391,551029.0,0.0013905,7.191657677095526
1787024498764,0.00139,81307.0,0.001391,666035.0,0.0013905,7.191657677095526
1787024498765,0.00139,88507.0,0.001391,666035.0,0.0013905,7.191657677095526
1787024498775,0.00139,88507.0,0.001391,766681.0,0.0013905,7.191657677095526
1787024498776,0.00139,88507.0,0.001391,781059.0,0.0013905,7.191657677095526
1787024498778,0.00139,88507.0,0.001391,829536.0,0.0013905,7.191657677095526
1787024498779,0.00139,88507.0,0.001391,845354.0,0.0013905,7.191657677095526
1787024498781,0.00139,88507.0,0.001391,874110.0,0.0013905,7.191657677095526
1787024498782,0.00139,88507.0,0.001391,888488.0,0.0013905,7.191657677095526
1787024498801,0.00139,88507.0,0.001391,902876.0,0.0013905,7.191657677095526
1787024498802,0.00139,81307.0,0.001391,902876.0,0.0013905,7.191657677095526
1787024498803,0.00139,129784.0,0.001391,913664.0,0.0013905,7.191657677095526
1787024498806,0.00139,122584.0,0.001391,1071112.0,0.0013905,7.191657677095526
1787024498814,0.00139,14709.0,0.001391,1071112.0,0.0013905,7.191657677095526
1787024498815,0.00139,33768.0,0.001391,1071112.0,0.0013905,7.191657677095526
1787024498816,0.001389,2286701.0,0.00139,434774.0,0.0013895000000000001,7.196833393306339
1787024498817,0.001389,2207986.0,0.00139,714752.0,0.0013895000000000001,7.196833393306339
1787024498818,0.001389,2064152.0,0.00139,78002.0,0.0013895000000000001,7.196833393306339
1787024498819,0.00139,204429.0,0.001391,1159908.0,0.0013905,7.191657677095526
1787024498820,0.00139,13953.0,0.001391,1043760.0,0.0013905,7.191657677095526
1787024498821,0.00139,48477.0,0.001391,1073244.0,0.0013905,7.191657677095526
1787024498822,0.00139,48477.0,0.001391,915796.0,0.0013905,7.191657677095526
1787024498823,0.001389,1541155.0,0.00139,371886.0,0.0013895000000000001,7.196833393306339
1787024498824,0.001389,1537208.0,0.00139,358325.0,0.0013895000000000001,7.196833393306339
1787024498825,0.001389,935669.0,0.00139,472448.0,0.0013895000000000001,7.196833393306339
1787024498826,0.001389,935669.0,0.00139,1143818.0,0.0013895000000000001,7.196833393306339
1787024498827,0.001389,935669.0,0.00139,1192295.0,0.0013895000000000001,7.196833393306339
1787024498828,0.001389,935669.0,0.00139,518373.0,0.0013895000000000001,7.196833393306339
1787024498834,0.001389,935669.0,0.00139,374533.0,0.0013895000000000001,7.196833393306339
1787024498836,0.001389,935669.0,0.00139,326056.0,0.0013895000000000001,7.196833393306339
1787024498855,0.001389,935669.0,0.00139,341874.0,0.0013895000000000001,7.196833393306339
1787024498881,0.00139,491032.0,0.001391,1223622.0,0.0013905,7.191657677095526
1787024498882,0.00139,260860.0,0.001391,889426.0,0.0013905,7.191657677095526
1787024498883,0.00139,309337.0,0.001391,889426.0,0.0013905,7.191657677095526
1787024498884,0.00139,336100.0,0.001391,745644.0,0.0013905,7.191657677095526
1787024498886,0.00139,336100.0,0.001391,628506.0,0.0013905,7.191657677095526
1787024498898,0.00139,268270.0,0.001391,628506.0,0.0013905,7.191657677095526
1787024498899,0.00139,124436.0,0.001391,628506.0,0.0013905,7.191657677095526
1787024498913,0.00139,124436.0,0.001391,785954.0,0.0013905,7.191657677095526
1787024498955,0.00139,1029907.0,0.001391,785954.0,0.0013905,7.191657677095526
1787024498956,0.00139,1029907.0,0.001391,1526652.0,0.0013905,7.191657677095526
1787024498957,0.00139,1029907.0,0.001391,1289035.0,0.0013905,7.191657677095526
1787024498989,0.00139,1041774.0,0.001391,1300902.0,0.0013905,7.191657677095526
1787024499053,0.00139,1039990.0,0.001391,1300902.0,0.0013905,7.191657677095526
1787024499054,0.00139,1039990.0,0.001391,2100902.0,0.0013905,7.191657677095526
1787024499163,0.00139,1039990.0,0.001391,2252764.0,0.0013905,7.191657677095526
1787024499168,0.00139,1039990.0,0.001391,1452764.0,0.0013905,7.191657677095526
1787024499169,0.00139,1039990.0,0.001391,1452764.0,0.0013905,7.191657677095526
1787024499283,0.001389,1734352.0,0.001391,1452764.0,0.0013900000000000002,14.388489208633441
1787024499284,0.001389,1168552.0,0.00139,793081.0,0.0013895000000000001,7.196833393306339
1787024499285,0.001389,943216.0,0.00139,1018417.0,0.0013895000000000001,7.196833393306339
1787024499286,0.001389,943216.0,0.00139,969940.0,0.0013895000000000001,7.196833393306339
1787024499297,0.001389,955091.0,0.00139,969940.0,0.0013895000000000001,7.196833393306339
1787024499298,0.001389,955091.0,0.00139,981815.0,0.0013895000000000001,7.196833393306339
1787024499356,0.001389,847216.0,0.00139,981815.0,0.0013895000000000001,7.196833393306339
1787024499357,0.001389,798739.0,0.00139,1781815.0,0.0013895000000000001,7.196833393306339
1787024499358,0.001389,654905.0,0.00139,981815.0,0.0013895000000000001,7.196833393306339
1787024499359,0.001389,654905.0,0.00139,1769940.0,0.0013895000000000001,7.196833393306339
1787024499360,0.001389,703382.0,0.00139,1769940.0,0.0013895000000000001,7.196833393306339
1787024499361,0.001389,703382.0,0.00139,969940.0,0.0013895000000000001,7.196833393306339
1787024499369,0.001389,699435.0,0.00139,969940.0,0.0013895000000000001,7.196833393306339
1787024499380,0.001389,695581.0,0.00139,969940.0,0.0013895000000000001,7.196833393306339
1787024499382,0.001389,695581.0,0.00139,1569940.0,0.0013895000000000001,7.196833393306339
1787024499395,0.001389,695581.0,0.00139,1584336.0,0.0013895000000000001,7.196833393306339
1787024499399,0.001389,695581.0,0.00139,1636077.0,0.0013895000000000001,7.196833393306339
1787024499400,0.001389,695581.0,0.00139,1647952.0,0.0013895000000000001,7.196833393306339
1787024499427,0.001389,695581.0,0.00139,1047952.0,0.0013895000000000001,7.196833393306339
1787024499463,0.001389,691926.0,0.00139,1047952.0,0.0013895000000000001,7.196833393306339
1787024499485,0.001389,1555437.0,0.00139,1047952.0,0.0013895000000000001,7.196833393306339
1787024499486,0.001389,1555437.0,0.00139,1047952.0,0.0013895000000000001,7.196833393306339
1787024499508,0.001389,1559038.0,0.00139,1047952.0,0.0013895000000000001,7.196833393306339
1787024499542,0.001389,1559038.0,0.00139,1940081.0,0.0013895000000000001,7.196833393306339
1787024499605,0.001389,1559038.0,0.00139,1915261.0,0.0013895000000000001,7.196833393306339
1787024499674,0.001389,1559038.0,0.00139,1771686.0,0.0013895000000000001,7.196833393306339
1787024499675,0.001389,1559038.0,0.00139,1759811.0,0.0013895000000000001,7.196833393306339
1787024499676,0.001389,1559038.0,0.00139,879557.0,0.0013895000000000001,7.196833393306339
1787024499677,0.001389,1768700.0,0.00139,669895.0,0.0013895000000000001,7.196833393306339
1787024499678,0.001389,1772660.0,0.00139,596511.0,0.0013895000000000001,7.196833393306339
1787024499679,0.001389,1772660.0,0.00139,600468.0,0.0013895000000000001,7.196833393306339
1787024499685,0.001389,1772660.0,0.00139,807826.0,0.0013895000000000001,7.196833393306339
1787024499703,0.001389,1782453.0,0.00139,807826.0,0.0013895000000000001,7.196833393306339
1787024499821,0.001389,1359074.0,0.00139,807826.0,0.0013895000000000001,7.196833393306339
1787024499854,0.001389,1359074.0,0.00139,791999.0,0.0013895000000000001,7.196833393306339
1787024499973,0.001389,1359074.0,0.00139,1609632.0,0.0013895000000000001,7.196833393306339
1787024499974,0.001389,1359074.0,0.00139,1609632.0,0.0013895000000000001,7.196833393306339
1787024499975,0.001389,1359074.0,0.00139,1819294.0,0.0013895000000000001,7.196833393306339
1787024500195,0.001389,1358040.0,0.00139,1819294.0,0.0013895000000000001,7.196833393306339
1787024500290,0.001389,1377354.0,0.00139,1819294.0,0.0013895000000000001,7.196833393306339
1787024500298,0.001389,1384550.0,0.00139,1819294.0,0.0013895000000000001,7.196833393306339
1787024500357,0.001389,1420547.0,0.00139,1819294.0,0.0013895000000000001,7.196833393306339
1787024500363,0.001389,1456544.0,0.00139,1819294.0,0.0013895000000000001,7.196833393306339
1787024500420,0.001389,1456544.0,0.00139,2619294.0,0.0013895000000000001,7.196833393306339
1787024500421,0.001389,1456544.0,0.00139,1819294.0,0.0013895000000000001,7.196833393306339
1787024500423,0.001389,1456544.0,0.00139,1819294.0,0.0013895000000000001,7.196833393306339
1787024500725,0.001389,1456544.0,0.00139,1165294.0,0.0013895000000000001,7.196833393306339
1787024500726,0.001389,1456544.0,0.00139,347661.0,0.0013895000000000001,7.196833393306339
1787024500727,0.001389,1456544.0,0.00139,137999.0,0.0013895000000000001,7.196833393306339
1787024500729,0.001389,1456544.0,0.00139,186476.0,0.0013895000000000001,7.196833393306339
1787024500753,0.001389,1456544.0,0.00139,411812.0,0.0013895000000000001,7.196833393306339
1787024500754,0.001389,1456544.0,0.00139,399937.0,0.0013895000000000001,7.196833393306339
1787024500755,0.001389,1456544.0,0.00139,448414.0,0.0013895000000000001,7.196833393306339
1787024500799,0.001389,1449348.0,0.00139,448414.0,0.0013895000000000001,7.196833393306339
1787024500801,0.001389,1449348.0,0.00139,474680.0,0.0013895000000000001,7.196833393306339
1787024500824,0.001389,1449348.0,0.00139,684342.0,0.0013895000000000001,7.196833393306339
1787024500928,0.001389,1449348.0,0.00139,1515245.0,0.0013895000000000001,7.196833393306339
1787024500929,0.001389,1449348.0,0.00139,1515245.0,0.0013895000000000001,7.196833393306339
1787024501175,0.001389,1448028.0,0.00139,1515245.0,0.0013895000000000001,7.196833393306339
1787024501200,0.001389,1448028.0,0.00139,1552999.0,0.0013895000000000001,7.196833393306339
1787024501298,0.001389,1455224.0,0.00139,1552999.0,0.0013895000000000001,7.196833393306339
1787024501533,0.001389,1455224.0,0.00139,1556956.0,0.0013895000000000001,7.196833393306339
1787024502400,0.001389,1989733.0,0.00139,1556956.0,0.0013895000000000001,7.196833393306339
1787024502481,0.001389,1987909.0,0.00139,1556956.0,0.0013895000000000001,7.196833393306339
1787024502483,0.001389,1453400.0,0.00139,1556956.0,0.0013895000000000001,7.196833393306339
1787024502484,0.001389,1441525.0,0.00139,1556956.0,0.0013895000000000001,7.196833393306339
1787024502486,0.001389,1453400.0,0.00139,1556956.0,0.0013895000000000001,7.196833393306339
1787024502526,0.001389,1453400.0,0.00139,1331620.0,0.0013895000000000001,7.196833393306339
1787024502747,0.001389,1381406.0,0.00139,1331620.0,0.0013895000000000001,7.196833393306339
1787024502783,0.001389,1915915.0,0.00139,1331620.0,0.0013895000000000001,7.196833393306339
1787024502965,0.001389,1915915.0,0.00139,1158959.0,0.0013895000000000001,7.196833393306339
1787024502967,0.001389,1915915.0,0.00139,328056.0,0.0013895000000000001,7.196833393306339
1787024503099,0.001389,2235423.0,0.00139,328056.0,0.0013895000000000001,7.196833393306339
1787024503242,0.001389,2235423.0,0.00139,1133761.0,0.0013895000000000001,7.196833393306339
1787024503243,0.001389,2235423.0,0.00139,1133761.0,0.0013895000000000001,7.196833393306339
1787024503492,0.001389,2235423.0,0.00139,1147374.0,0.0013895000000000001,7.196833393306339
1787024503713,0.001389,2232723.0,0.00139,1147374.0,0.0013895000000000001,7.196833393306339
1787024503829,0.001389,2117751.0,0.00139,1147374.0,0.0013895000000000001,7.196833393306339
1787024503832,0.001389,1254240.0,0.00139,1147374.0,0.0013895000000000001,7.196833393306339
1787024503833,0.001389,1032703.0,0.00139,1147374.0,0.0013895000000000001,7.196833393306339
1787024503834,0.001389,1044578.0,0.00139,1147374.0,0.0013895000000000001,7.196833393306339
1787024503964,0.001389,1044578.0,0.00139,1372710.0,0.0013895000000000001,7.196833393306339
1787024504098,0.001389,725070.0,0.00139,1372710.0,0.0013895000000000001,7.196833393306339
1787024504723,0.001389,722507.0,0.00139,1372710.0,0.0013895000000000001,7.196833393306339
1787024504935,0.001389,698064.0,0.00139,1372710.0,0.0013895000000000001,7.196833393306339
1787024504936,0.001388,3045829.0,0.001389,12576.0,0.0013885,7.202016564639054
1787024504937,0.001387,3263852.0,0.001389,662133.0,0.001388,14.409221902017642
1787024504938,0.001388,82596.0,0.001389,2595143.0,0.0013885,7.202016564639054
1787024504939,0.001388,457956.0,0.001389,3072124.0,0.0013885,7.202016564639054
1787024504940,0.001386,2716203.0,0.001387,489487.0,0.0013865000000000001,7.212405337179342
1787024504941,0.001386,2160935.0,0.001387,429380.0,0.0013865000000000001,7.212405337179342
1787024504942,0.001386,1843471.0,0.001387,25651.0,0.0013865000000000001,7.212405337179342
1787024504943,0.001387,428159.0,0.001388,2949453.0,0.0013874999999999998,7.2072072072066025
1787024504944,0.001386,2209026.0,0.001387,19181.0,0.0013865000000000001,7.212405337179342
1787024504945,0.001386,2285135.0,0.001387,446046.0,0.0013865000000000001,7.212405337179342
1787024504946,0.001387,458230.0,0.001388,2322518.0,0.0013874999999999998,7.2072072072066025
1787024504947,0.001387,129340.0,0.001388,2254431.0,0.0013874999999999998,7.2072072072066025
1787024504948,0.001387,300257.0,0.001388,2129949.0,0.0013874999999999998,7.2072072072066025
1787024504949,0.001387,300257.0,0.001388,1947492.0,0.0013874999999999998,7.2072072072066025
1787024504950,0.001387,264247.0,0.001388,1947492.0,0.0013874999999999998,7.2072072072066025
1787024504951,0.001387,192227.0,0.001388,1947492.0,0.0013874999999999998,7.2072072072066025
1787024504965,0.001387,192227.0,0.001388,1956145.0,0.0013874999999999998,7.2072072072066025
1787024504966,0.001387,192227.0,0.001388,1964049.0,0.0013874999999999998,7.2072072072066025
1787024504968,0.001387,192227.0,0.001388,1973453.0,0.0013874999999999998,7.2072072072066025
1787024504996,0.001387,192227.0,0.001388,1987872.0,0.0013874999999999998,7.2072072072066025
1787024505008,0.001386,2297028.0,0.001387,425135.0,0.0013865000000000001,7.212405337179342
1787024505009,0.001386,2285135.0,0.001387,128730.0,0.0013865000000000001,7.212405337179342
1787024505010,0.001386,2285135.0,0.001387,284039.0,0.0013865000000000001,7.212405337179342
1787024505013,0.001387,180245.0,0.001388,2213561.0,0.0013874999999999998,7.2072072072066025
1787024505014,0.001387,180245.0,0.001388,1991704.0,0.0013874999999999998,7.2072072072066025
1787024505015,0.001387,180245.0,0.001388,1111356.0,0.0013874999999999998,7.2072072072066025
1787024505016,0.001387,400432.0,0.001388,897104.0,0.0013874999999999998,7.2072072072066025
1787024505019,0.001387,448909.0,0.001388,897104.0,0.0013874999999999998,7.2072072072066025
1787024505103,0.001387,448909.0,0.001388,934858.0,0.0013874999999999998,7.2072072072066025
1787024505126,0.001387,460801.0,0.001388,946750.0,0.0013874999999999998,7.2072072072066025
1787024505168,0.001387,1462850.0,0.001388,946750.0,0.0013874999999999998,7.2072072072066025
1787024505169,0.001387,1462850.0,0.001388,737088.0,0.0013874999999999998,7.2072072072066025
1787024505170,0.001387,1450958.0,0.001388,569814.0,0.0013874999999999998,7.2072072072066025
1787024505172,0.001388,180115.0,0.001389,3451034.0,0.0013885,7.202016564639054
1787024505173,0.001388,606410.0,0.001389,1434037.0,0.0013885,7.202016564639054
1787024505174,0.001388,654887.0,0.001389,1462835.0,0.0013885,7.202016564639054
1787024505175,0.001387,1554897.0,0.001389,1333244.0,0.001388,14.409221902017642
1787024505176,0.001387,1558502.0,0.001388,295059.0,0.0013874999999999998,7.2072072072066025
1787024505177,0.001387,1604604.0,0.001388,753876.0,0.0013874999999999998,7.2072072072066025
1787024505178,0.001387,1670753.0,0.001388,734647.0,0.0013874999999999998,7.2072072072066025
1787024505198,0.001387,1670753.0,0.001388,749059.0,0.0013874999999999998,7.2072072072066025
1787024505199,0.001387,1598655.0,0.001388,749059.0,0.0013874999999999998,7.2072072072066025
1787024505207,0.001387,1598655.0,0.001388,261612.0,0.0013874999999999998,7.2072072072066025
1787024505209,0.001387,1598655.0,0.001388,296873.0,0.0013874999999999998,7.2072072072066025
1787024505237,0.001387,1598655.0,0.001388,248396.0,0.0013874999999999998,7.2072072072066025
1787024505240,0.001387,1610547.0,0.001388,260288.0,0.0013874999999999998,7.2072072072066025
1787024505259,0.001387,1610547.0,0.001388,308765.0,0.0013874999999999998,7.2072072072066025
1787024505267,0.001387,1385211.0,0.001388,308765.0,0.0013874999999999998,7.2072072072066025
1787024505268,0.001387,1385211.0,0.001388,528952.0,0.0013874999999999998,7.2072072072066025
1787024505270,0.001387,1385211.0,0.001388,517060.0,0.0013874999999999998,7.2072072072066025
1787024505315,0.001387,1393889.0,0.001388,517060.0,0.0013874999999999998,7.2072072072066025
1787024505316,0.001387,1402594.0,0.001388,517060.0,0.0013874999999999998,7.2072072072066025
1787024505344,0.001387,1402594.0,0.001388,528952.0,0.0013874999999999998,7.2072072072066025
1787024505354,0.001387,1402594.0,0.001388,532916.0,0.0013874999999999998,7.2072072072066025
1787024505355,0.001387,1402594.0,0.001388,528952.0,0.0013874999999999998,7.2072072072066025
1787024505364,0.001387,1402594.0,0.001388,1328952.0,0.0013874999999999998,7.2072072072066025
1787024505366,0.001387,1402594.0,0.001388,1317060.0,0.0013874999999999998,7.2072072072066025
1787024505376,0.001387,1402594.0,0.001388,2126181.0,0.0013874999999999998,7.2072072072066025
1787024505377,0.001387,1398989.0,0.001388,2126181.0,0.0013874999999999998,7.2072072072066025
1787024505422,0.001387,622276.0,0.001388,2126181.0,0.0013874999999999998,7.2072072072066025
1787024505504,0.001387,622276.0,0.001388,2138073.0,0.0013874999999999998,7.2072072072066025
1787024505623,0.001387,1476742.0,0.001388,2138073.0,0.0013874999999999998,7.2072072072066025
1787024505624,0.001387,1476742.0,0.001388,2138073.0,0.0013874999999999998,7.2072072072066025
1787024505651,0.001387,1474291.0,0.001388,2138073.0,0.0013874999999999998,7.2072072072066025
1787024505864,0.001387,1478257.0,0.001388,2142036.0,0.0013874999999999998,7.2072072072066025
1787024505887,0.001387,1478257.0,0.001388,2025451.0,0.0013874999999999998,7.2072072072066025
1787024505888,0.001387,1478257.0,0.001388,996143.0,0.0013874999999999998,7.2072072072066025
1787024505889,0.001388,674829.0,0.001389,3052276.0,0.0013885,7.202016564639054
1787024505890,0.001388,614810.0,0.001389,3040838.0,0.0013885,7.202016564639054
1787024505891,0.001388,1038647.0,0.001389,3040838.0,0.0013885,7.202016564639054
1787024505892,0.001388,493984.0,0.001389,3040838.0,0.0013885,7.202016564639054
1787024505893,0.001388,21670.0,0.001389,3040838.0,0.0013885,7.202016564639054
1787024505894,0.001387,1542427.0,0.001388,510337.0,0.0013874999999999998,7.2072072072066025
1787024505895,0.001387,1542427.0,0.001388,1051766.0,0.0013874999999999998,7.2072072072066025
1787024505896,0.001387,1538463.0,0.001388,1100243.0,0.0013874999999999998,7.2072072072066025
1787024505897,0.001387,1538463.0,0.001388,1264801.0,0.0013874999999999998,7.2072072072066025
1787024505913,0.001387,1466365.0,0.001388,1264801.0,0.0013874999999999998,7.2072072072066025
1787024505916,0.001387,1466365.0,0.001388,1582852.0,0.0013874999999999998,7.2072072072066025
1787024505962,0.001387,611899.0,0.001388,1582852.0,0.0013874999999999998,7.2072072072066025
1787024505993,0.001387,611899.0,0.001388,1803039.0,0.0013874999999999998,7.2072072072066025
1787024505994,0.001387,623791.0,0.001388,1803039.0,0.0013874999999999998,7.2072072072066025
1787024505995,0.001387,623791.0,0.001388,1814931.0,0.0013874999999999998,7.2072072072066025
1787024505997,0.001387,623791.0,0.001388,1829348.0,0.0013874999999999998,7.2072072072066025
1787024506079,0.001387,403604.0,0.001388,1829348.0,0.0013874999999999998,7.2072072072066025
1787024506097,0.001387,399240.0,0.001388,1829348.0,0.0013874999999999998,7.2072072072066025
1787024506175,0.001387,399240.0,0.001388,2722043.0,0.0013874999999999998,7.2072072072066025
1787024506193,0.001387,255148.0,0.001388,2722043.0,0.0013874999999999998,7.2072072072066025
1787024506195,0.001387,81718.0,0.001388,2722043.0,0.0013874999999999998,7.2072072072066025
1787024506297,0.001387,88925.0,0.001388,2722043.0,0.0013874999999999998,7.2072072072066025
1787024506339,0.001387,88925.0,0.001388,2707686.0,0.0013874999999999998,7.2072072072066025
1787024506552,0.001386,3666997.0,0.001388,2707686.0,0.001387,14.419610670510684
1787024506553,0.001386,3666997.0,0.001387,214252.0,0.0013865000000000001,7.212405337179342
1787024506554,0.001386,3380210.0,0.001387,1555381.0,0.0013865000000000001,7.212405337179342
1787024506555,0.001386,3238004.0,0.001387,1341129.0,0.0013865000000000001,7.212405337179342
1787024506556,0.001386,3238004.0,0.001387,2105234.0,0.0013865000000000001,7.212405337179342
1787024506557,0.001386,3238004.0,0.001387,1385555.0,0.0013865000000000001,7.212405337179342
1787024506558,0.001386,3238004.0,0.001387,1337078.0,0.0013865000000000001,7.212405337179342
1787024506608,0.001386,3249905.0,0.001387,1348979.0,0.0013865000000000001,7.212405337179342
1787024506609,0.001386,3249905.0,0.001387,1359798.0,0.0013865000000000001,7.212405337179342
1787024506621,0.001386,3249905.0,0.001387,1579985.0,0.0013865000000000001,7.212405337179342
1787024506626,0.001386,3142030.0,0.001387,1579985.0,0.0013865000000000001,7.212405337179342
1787024506628,0.001386,1877039.0,0.001387,1579985.0,0.0013865000000000001,7.212405337179342
1787024506631,0.001386,1733205.0,0.001387,1579985.0,0.0013865000000000001,7.212405337179342
1787024506747,0.001386,1732035.0,0.001387,1579985.0,0.0013865000000000001,7.212405337179342
1787024506777,0.001386,1776579.0,0.001387,1579985.0,0.0013865000000000001,7.212405337179342
1787024506791,0.001386,1780548.0,0.001387,1583951.0,0.0013865000000000001,7.212405337179342
1787024506796,0.001386,1799778.0,0.001387,1583951.0,0.0013865000000000001,7.212405337179342
1787024506837,0.001386,2704792.0,0.001387,2366267.0,0.0013865000000000001,7.212405337179342
1787024506839,0.001386,2632642.0,0.001387,2366267.0,0.0013865000000000001,7.212405337179342
1787024507207,0.001386,2425499.0,0.001387,2366267.0,0.0013865000000000001,7.212405337179342
1787024507262,0.001386,2281303.0,0.001387,2366267.0,0.0013865000000000001,7.212405337179342
1787024507265,0.001386,1376289.0,0.001387,2366267.0,0.0013865000000000001,7.212405337179342
1787024507266,0.001386,1376289.0,0.001387,2538513.0,0.0013865000000000001,7.212405337179342
1787024507296,0.001386,1376289.0,0.001387,2552939.0,0.0013865000000000001,7.212405337179342
1787024507328,0.001386,1391933.0,0.001387,2552939.0,0.0013865000000000001,7.212405337179342
1787024507468,0.001386,2209053.0,0.001387,2552939.0,0.0013865000000000001,7.212405337179342
1787024507616,0.001386,2064857.0,0.001387,2552939.0,0.0013865000000000001,7.212405337179342
1787024507618,0.001386,2109401.0,0.001387,2552939.0,0.0013865000000000001,7.212405337179342
1787024507621,0.001386,2064857.0,0.001387,2552939.0,0.0013865000000000001,7.212405337179342
1787024507622,0.001386,2020313.0,0.001387,2552939.0,0.0013865000000000001,7.212405337179342
1787024507725,0.001386,2017793.0,0.001387,2552939.0,0.0013865000000000001,7.212405337179342
1787024507774,0.001386,2013464.0,0.001387,2552939.0,0.0013865000000000001,7.212405337179342
1787024507797,0.001386,2013464.0,0.001387,2560151.0,0.0013865000000000001,7.212405337179342
1787024508208,0.001386,2013464.0,0.001387,2564100.0,0.0013865000000000001,7.212405337179342
1787024508296,0.001386,2013464.0,0.001387,2556888.0,0.0013865000000000001,7.212405337179342
1787024508297,0.001386,2020676.0,0.001387,2556888.0,0.0013865000000000001,7.212405337179342
1787024508367,0.001386,2252072.0,0.001387,2556888.0,0.0013865000000000001,7.212405337179342
1787024508368,0.001386,2252072.0,0.001387,1774572.0,0.0013865000000000001,7.212405337179342
1787024508369,0.001386,2252072.0,0.001387,1370238.0,0.0013865000000000001,7.212405337179342
1787024508370,0.001386,2252072.0,0.001387,1382139.0,0.0013865000000000001,7.212405337179342
1787024508435,0.001386,2252072.0,0.001387,969058.0,0.0013865000000000001,7.212405337179342
1787024508795,0.001386,2244860.0,0.001387,969058.0,0.0013865000000000001,7.212405337179342
1787024508940,0.001386,2243691.0,0.001387,969058.0,0.0013865000000000001,7.212405337179342
1787024509158,0.001386,2231799.0,0.001387,969058.0,0.0013865000000000001,7.212405337179342
1787024509159,0.001386,1988502.0,0.001387,2105393.0,0.0013865000000000001,7.212405337179342
1787024509160,0.001385,2439896.0,0.001386,1081785.0,0.0013855,7.217610970769633
1787024509161,0.001385,2439896.0,0.001386,799468.0,0.0013855,7.217610970769633
1787024509162,0.001385,2082774.0,0.001386,1074492.0,0.0013855,7.217610970769633
1787024509163,0.001385,2227074.0,0.001386,231396.0,0.0013855,7.217610970769633
1787024509164,0.001385,2234295.0,0.001386,72150.0,0.0013855,7.217610970769633
1787024509165,0.001386,216786.0,0.001387,3533901.0,0.0013865000000000001,7.212405337179342
1787024509166,0.001386,458053.0,0.001387,2284318.0,0.0013865000000000001,7.212405337179342
1787024509167,0.001386,686549.0,0.001387,2079605.0,0.0013865000000000001,7.212405337179342
1787024509168,0.001386,686549.0,0.001387,2137285.0,0.0013865000000000001,7.212405337179342
1787024509169,0.001386,686549.0,0.001387,2166125.0,0.0013865000000000001,7.212405337179342
1787024509215,0.001386,686549.0,0.001387,1625471.0,0.0013865000000000001,7.212405337179342
1787024509216,0.001386,686549.0,0.001387,1538951.0,0.0013865000000000001,7.212405337179342
1787024509236,0.001386,320137.0,0.001387,1538951.0,0.0013865000000000001,7.212405337179342
1787024509237,0.001386,305417.0,0.001387,1620590.0,0.0013865000000000001,7.212405337179342
1787024509238,0.001386,305417.0,0.001387,1635010.0,0.0013865000000000001,7.212405337179342
1787024509240,0.001386,197542.0,0.001387,1635010.0,0.0013865000000000001,7.212405337179342
1787024509243,0.001386,128293.0,0.001387,1635010.0,0.0013865000000000001,7.212405337179342
1787024509260,0.001385,3372812.0,0.001387,1635010.0,0.001386,14.43001443001478
1787024509261,0.001385,3360910.0,0.001387,2036386.0,0.001386,14.43001443001478
1787024509262,0.001385,2755620.0,0.001386,48477.0,0.0013855,7.217610970769633
1787024509263,0.001385,2755620.0,0.001386,271055.0,0.0013855,7.217610970769633
1787024509267,0.001385,2681035.0,0.001386,271055.0,0.0013855,7.217610970769633
1787024509269,0.001385,2681035.0,0.001386,1071055.0,0.0013855,7.217610970769633
1787024509270,0.001385,2681035.0,0.001386,1314271.0,0.0013855,7.217610970769633
1787024509299,0.001385,2688252.0,0.001386,1314271.0,0.0013855,7.217610970769633
1787024509363,0.001385,2684305.0,0.001386,1314271.0,0.0013855,7.217610970769633
1787024509365,0.001385,2696215.0,0.001386,1326181.0,0.0013855,7.217610970769633
1787024509367,0.001385,2700182.0,0.001386,1326181.0,0.0013855,7.217610970769633
1787024509371,0.001385,2696215.0,0.001386,1326181.0,0.0013855,7.217610970769633
1787024509372,0.001385,3601975.0,0.001386,2121769.0,0.0013855,7.217610970769633
1787024509599,0.001385,3601975.0,0.001386,1899191.0,0.0013855,7.217610970769633
1787024509600,0.001385,3601975.0,0.001386,1850714.0,0.0013855,7.217610970769633
1787024509665,0.001385,3601975.0,0.001386,1055126.0,0.0013855,7.217610970769633
1787024509666,0.001385,4088689.0,0.001386,1055126.0,0.0013855,7.217610970769633
1787024509678,0.001385,4088689.0,0.001386,1127276.0,0.0013855,7.217610970769633
1787024509796,0.001385,4081472.0,0.001386,1127276.0,0.0013855,7.217610970769633
1787024509887,0.001385,4081472.0,0.001386,1860576.0,0.0013855,7.217610970769633
1787024509889,0.001385,4081472.0,0.001386,1788426.0,0.0013855,7.217610970769633
1787024510075,0.001385,4100732.0,0.001386,1788426.0,0.0013855,7.217610970769633
1787024510088,0.001385,4100732.0,0.001386,1792395.0,0.0013855,7.217610970769633
1787024510168,0.001385,3956432.0,0.001386,1792395.0,0.0013855,7.217610970769633
1787024510175,0.001385,3954219.0,0.001386,1792395.0,0.0013855,7.217610970769633
1787024510317,0.001385,3968299.0,0.001386,1792395.0,0.0013855,7.217610970769633
1787024510476,0.001385,3890620.0,0.001386,1792395.0,0.0013855,7.217610970769633
1787024510546,0.001385,3403906.0,0.001386,1792395.0,0.0013855,7.217610970769633
1787024510549,0.001385,2498146.0,0.001386,1792395.0,0.0013855,7.217610970769633
1787024510550,0.001385,2498146.0,0.001386,1792395.0,0.0013855,7.217610970769633
1787024510551,0.001385,2254930.0,0.001386,1792395.0,0.0013855,7.217610970769633
1787024510798,0.001385,2254930.0,0.001386,1799612.0,0.0013855,7.217610970769633
1787024510880,0.001385,3053400.0,0.001386,1799612.0,0.0013855,7.217610970769633
1787024511045,0.001385,3053400.0,0.001386,1803250.0,0.0013855,7.217610970769633
1787024511118,0.001385,3053400.0,0.001386,1761961.0,0.0013855,7.217610970769633
1787024511119,0.001385,3053400.0,0.001386,1003250.0,0.0013855,7.217610970769633
1787024511120,0.001385,3053400.0,0.001386,991340.0,0.0013855,7.217610970769633
1787024511121,0.001385,3053400.0,0.001386,1075400.0,0.0013855,7.217610970769633
1787024511297,0.001385,3053400.0,0.001386,1068183.0,0.0013855,7.217610970769633
1787024511315,0.001385,3051063.0,0.001386,1068183.0,0.0013855,7.217610970769633
1787024511317,0.001385,3055035.0,0.001386,1068183.0,0.0013855,7.217610970769633
1787024511415,0.001385,3043789.0,0.001386,1068183.0,0.0013855,7.217610970769633
1787024511605,0.001385,3043789.0,0.001386,996033.0,0.0013855,7.217610970769633
1787024511607,0.001385,3312274.0,0.001386,262733.0,0.0013855,7.217610970769633
1787024511609,0.001385,3312274.0,0.001386,190583.0,0.0013855,7.217610970769633
1787024511897,0.001385,3312274.0,0.001386,1000696.0,0.0013855,7.217610970769633
1787024511898,0.001385,3312274.0,0.001386,1037263.0,0.0013855,7.217610970769633
1787024511929,0.001385,3312274.0,0.001386,891813.0,0.0013855,7.217610970769633
1787024511930,0.001385,3043789.0,0.001386,891813.0,0.0013855,7.217610970769633
1787024512297,0.001385,3051006.0,0.001386,891813.0,0.0013855,7.217610970769633
1787024512419,0.001385,3048894.0,0.001386,891813.0,0.0013855,7.217610970769633
1787024512797,0.001385,3041677.0,0.001386,891813.0,0.0013855,7.217610970769633
1787024512832,0.001385,2466628.0,0.001386,891813.0,0.0013855,7.217610970769633
1787024512833,0.001385,1668158.0,0.001386,891813.0,0.0013855,7.217610970769633
1787024512834,0.001385,1668158.0,0.001386,891813.0,0.0013855,7.217610970769633
1787024513018,0.001385,1668158.0,0.001386,903723.0,0.0013855,7.217610970769633
1787024513154,0.001385,1663536.0,0.001386,903723.0,0.0013855,7.217610970769633
1787024513186,0.001385,2469105.0,0.001386,903723.0,0.0013855,7.217610970769633
1787024513592,0.001385,2295974.0,0.001386,903723.0,0.0013855,7.217610970769633
1787024513593,0.001385,1490405.0,0.001386,903723.0,0.0013855,7.217610970769633
1787024513594,0.001385,1478495.0,0.001386,903723.0,0.0013855,7.217610970769633
1787024513595,0.001385,1490405.0,0.001386,903723.0,0.0013855,7.217610970769633
1787024513735,0.001385,1487818.0,0.001386,903723.0,0.0013855,7.217610970769633
1787024513757,0.001385,2985487.0,0.001386,903723.0,0.0013855,7.217610970769633
1787024513758,0.001385,2985487.0,0.001386,903723.0,0.0013855,7.217610970769633
1787024513759,0.001385,2985487.0,0.001386,907669.0,0.0013855,7.217610970769633
1787024513911,0.001385,2955058.0,0.001386,907669.0,0.0013855,7.217610970769633
1787024514092,0.001385,2955058.0,0.001386,2838232.0,0.0013855,7.217610970769633
1787024514094,0.001385,2955058.0,0.001386,2838232.0,0.0013855,7.217610970769633
1787024514098,0.001385,3114909.0,0.001386,2838232.0,0.0013855,7.217610970769633
1787024514183,0.001385,3114909.0,0.001386,1220478.0,0.0013855,7.217610970769633
1787024514184,0.001385,3850416.0,0.001386,810589.0,0.0013855,7.217610970769633
1787024514185,0.001386,481747.0,0.001387,3007529.0,0.0013865000000000001,7.212405337179342
1787024514186,0.001386,908272.0,0.001387,1633822.0,0.0013865000000000001,7.212405337179342
1787024514187,0.001386,900340.0,0.001387,1633822.0,0.0013865000000000001,7.212405337179342
1787024514188,0.001386,768442.0,0.001387,1633822.0,0.0013865000000000001,7.212405337179342
1787024514189,0.001386,668706.0,0.001387,1633822.0,0.0013865000000000001,7.212405337179342
1787024514190,0.001386,668706.0,0.001387,1812580.0,0.0013865000000000001,7.212405337179342
1787024514199,0.001386,687966.0,0.001387,1812580.0,0.0013865000000000001,7.212405337179342
1787024514200,0.001386,687966.0,0.001387,1824481.0,0.0013865000000000001,7.212405337179342
1787024514202,0.001386,687966.0,0.001387,1867741.0,0.0013865000000000001,7.212405337179342
1787024514203,0.001386,465388.0,0.001387,1867741.0,0.0013865000000000001,7.212405337179342
1787024514206,0.001386,465388.0,0.001387,1939841.0,0.0013865000000000001,7.212405337179342
1787024514207,0.001386,465388.0,0.001387,1997521.0,0.0013865000000000001,7.212405337179342
1787024514295,0.001386,472600.0,0.001387,1997521.0,0.0013865000000000001,7.212405337179342
1787024514315,0.001386,484501.0,0.001387,1997521.0,0.0013865000000000001,7.212405337179342
1787024514355,0.001386,484501.0,0.001387,1993554.0,0.0013865000000000001,7.212405337179342
1787024514418,0.001386,484501.0,0.001387,2857428.0,0.0013865000000000001,7.212405337179342
1787024514467,0.001386,268051.0,0.001387,2857428.0,0.0013865000000000001,7.212405337179342
1787024514468,0.001385,5389085.0,0.001387,2857428.0,0.001386,14.43001443001478
1787024514469,0.001385,5369533.0,0.001386,743491.0,0.0013855,7.217610970769633
1787024514470,0.001385,4247764.0,0.001386,966069.0,0.0013855,7.217610970769633
1787024514471,0.001385,3979279.0,0.001386,1737384.0,0.0013855,7.217610970769633
1787024514502,0.001385,3243772.0,0.001386,1737384.0,0.0013855,7.217610970769633
1787024514544,0.001385,3135897.0,0.001386,1737384.0,0.0013855,7.217610970769633
1787024514547,0.001385,3135897.0,0.001386,1751814.0,0.0013855,7.217610970769633
1787024514735,0.001385,3147807.0,0.001386,1763724.0,0.0013855,7.217610970769633
1787024514797,0.001385,3155024.0,0.001386,1763724.0,0.0013855,7.217610970769633
1787024514806,0.001385,3153690.0,0.001386,1763724.0,0.0013855,7.217610970769633
1787024514861,0.001385,2006627.0,0.001386,1763724.0,0.0013855,7.217610970769633
1787024514863,0.001385,2006627.0,0.001386,1778154.0,0.0013855,7.217610970769633
1787024515099,0.001385,1846776.0,0.001386,1778154.0,0.0013855,7.217610970769633
1787024515110,0.001385,1846776.0,0.001386,1782123.0,0.0013855,7.217610970769633
1787024515224,0.001385,1846776.0,0.001386,1753263.0,0.0013855,7.217610970769633
1787024515228,0.001385,1702476.0,0.001386,1753263.0,0.0013855,7.217610970769633
1787024515298,0.001385,1695259.0,0.001386,1753263.0,0.0013855,7.217610970769633
1787024515362,0.001385,1714529.0,0.001386,1753263.0,0.0013855,7.217610970769633
1787024515530,0.001385,2555299.0,0.001386,1753263.0,0.0013855,7.217610970769633
1787024515797,0.001385,2555299.0,0.001386,1760480.0,0.0013855,7.217610970769633
1787024515911,0.001385,2552320.0,0.001386,1760480.0,0.0013855,7.217610970769633
1787024515945,0.001385,2571808.0,0.001386,1760480.0,0.0013855,7.217610970769633
1787024516067,0.001385,2571808.0,0.001386,1764088.0,0.0013855,7.217610970769633
1787024516210,0.001385,2565348.0,0.001386,1764088.0,0.0013855,7.217610970769633
1787024516298,0.001385,2565348.0,0.001386,1756871.0,0.0013855,7.217610970769633
1787024516801,0.001385,2565348.0,0.001386,1764088.0,0.0013855,7.217610970769633
1787024516893,0.001385,2563914.0,0.001386,1764088.0,0.0013855,7.217610970769633
1787024516965,0.001385,2563914.0,0.001387,2326431.0,0.001386,14.43001443001478
1787024516966,0.001386,1040291.0,0.001387,2345282.0,0.0013865000000000001,7.212405337179342
1787024516967,0.001386,1044260.0,0.001387,581978.0,0.0013865000000000001,7.212405337179342
1787024516968,0.001386,1044260.0,0.001387,408938.0,0.0013865000000000001,7.212405337179342
1787024516969,0.001386,1044260.0,0.001387,739348.0,0.0013865000000000001,7.212405337179342
1787024516971,0.001386,1063530.0,0.001387,739348.0,0.0013865000000000001,7.212405337179342
1787024516998,0.001386,1063530.0,0.001387,753772.0,0.0013865000000000001,7.212405337179342
1787024517019,0.001386,1063530.0,0.001387,764591.0,0.0013865000000000001,7.212405337179342
1787024517049,0.001386,1052017.0,0.001387,764591.0,0.0013865000000000001,7.212405337179342
1787024517097,0.001386,1052017.0,0.001387,786059.0,0.0013865000000000001,7.212405337179342
1787024517098,0.001386,1063918.0,0.001387,797960.0,0.0013865000000000001,7.212405337179342
1787024517186,0.001386,1063918.0,0.001387,1617046.0,0.0013865000000000001,7.212405337179342
1787024517187,0.001386,1063918.0,0.001387,1605145.0,0.0013865000000000001,7.212405337179342
1787024517200,0.001386,1063918.0,0.001387,1617046.0,0.0013865000000000001,7.212405337179342
1787024517298,0.001386,1071130.0,0.001387,1617046.0,0.0013865000000000001,7.212405337179342
1787024517355,0.001386,1079865.0,0.001387,1617046.0,0.0013865000000000001,7.212405337179342
1787024517356,0.001386,1085210.0,0.001387,1617046.0,0.0013865000000000001,7.212405337179342
1787024517798,0.001386,1077998.0,0.001387,1617046.0,0.0013865000000000001,7.212405337179342
1787024517891,0.001386,1075416.0,0.001387,1617046.0,0.0013865000000000001,7.212405337179342
1787024518098,0.001386,1874927.0,0.001387,1617046.0,0.0013865000000000001,7.212405337179342
1787024518295,0.001386,1882139.0,0.001387,1617046.0,0.0013865000000000001,7.212405337179342
1787024518608,0.001386,1882139.0,0.001387,1481736.0,0.0013865000000000001,7.212405337179342
1787024518797,0.001386,1874927.0,0.001387,1481736.0,0.0013865000000000001,7.212405337179342
1787024518907,0.001386,1872729.0,0.001387,1481736.0,0.0013865000000000001,7.212405337179342
1787024519612,0.001386,1877183.0,0.001387,1481736.0,0.0013865000000000001,7.212405337179342
1787024519691,0.001386,1877183.0,0.001387,1475966.0,0.0013865000000000001,7.212405337179342
1787024519692,0.001386,1877183.0,0.001387,1457916.0,0.0013865000000000001,7.212405337179342
1787024519759,0.001386,1877183.0,0.001387,471728.0,0.0013865000000000001,7.212405337179342
1787024519760,0.001386,1877183.0,0.001387,11901.0,0.0013865000000000001,7.212405337179342
1787024519761,0.001387,519700.0,0.001388,1611639.0,0.0013874999999999998,7.2072072072066025
1787024519762,0.001387,684599.0,0.001388,1140751.0,0.0013874999999999998,7.2072072072066025
1787024519763,0.001387,673855.0,0.001388,1140751.0,0.0013874999999999998,7.2072072072066025
1787024519764,0.001387,722332.0,0.001388,1140751.0,0.0013874999999999998,7.2072072072066025
1787024519767,0.001387,1022741.0,0.001388,1140751.0,0.0013874999999999998,7.2072072072066025
1787024519768,0.001387,1022741.0,0.001388,968309.0,0.0013874999999999998,7.2072072072066025
1787024519770,0.001387,1022741.0,0.001388,895389.0,0.0013874999999999998,7.2072072072066025
1787024519771,0.001387,1022741.0,0.001388,943866.0,0.0013874999999999998,7.2072072072066025
1787024519774,0.001387,1042001.0,0.001388,943866.0,0.0013874999999999998,7.2072072072066025
1787024519800,0.001387,1042001.0,0.001388,958280.0,0.0013874999999999998,7.2072072072066025
1787024519864,0.001387,1020357.0,0.001388,958280.0,0.0013874999999999998,7.2072072072066025
1787024519887,0.001387,1032249.0,0.001388,970172.0,0.0013874999999999998,7.2072072072066025
1787024519966,0.001387,1851655.0,0.001388,1568931.0,0.0013874999999999998,7.2072072072066025
1787024520171,0.001387,1849197.0,0.001388,1568931.0,0.0013874999999999998,7.2072072072066025
1787024520232,0.001386,744349.0,0.001388,1771508.0,0.001387,14.419610670510684
1787024520233,0.001386,736694.0,0.001387,682012.0,0.0013865000000000001,7.212405337179342
1787024520234,0.001386,380509.0,0.001387,969755.0,0.0013865000000000001,7.212405337179342
1787024520235,0.001386,591904.0,0.001387,1152449.0,0.0013865000000000001,7.212405337179342
1787024520236,0.001386,640381.0,0.001387,1152449.0,0.0013865000000000001,7.212405337179342
1787024520237,0.001386,922314.0,0.001387,1152449.0,0.0013865000000000001,7.212405337179342
1787024520238,0.001386,995261.0,0.001387,1103730.0,0.0013865000000000001,7.212405337179342
1787024520239,0.001386,995261.0,0.001387,883276.0,0.0013865000000000001,7.212405337179342
1787024520240,0.001386,995261.0,0.001387,601343.0,0.0013865000000000001,7.212405337179342
1787024520241,0.001386,995261.0,0.001388,2933688.0,0.001387,14.419610670510684
1787024520242,0.001387,191284.0,0.001388,2709841.0,0.0013874999999999998,7.2072072072066025
1787024520243,0.001387,552831.0,0.001388,2572065.0,0.0013874999999999998,7.2072072072066025
1787024520245,0.001387,473217.0,0.001388,2572065.0,0.0013874999999999998,7.2072072072066025
1787024520247,0.001387,191284.0,0.001388,2572065.0,0.0013874999999999998,7.2072072072066025
1787024520248,0.001387,271672.0,0.001388,2572065.0,0.0013874999999999998,7.2072072072066025
1787024520264,0.001387,260633.0,0.001388,2572065.0,0.0013874999999999998,7.2072072072066025
1787024520266,0.001387,80388.0,0.001388,2572065.0,0.0013874999999999998,7.2072072072066025
1787024520295,0.001387,80388.0,0.001388,2579272.0,0.0013874999999999998,7.2072072072066025
1787024520307,0.001386,1111529.0,0.001387,413081.0,0.0013865000000000001,7.212405337179342
1787024520308,0.001386,1039378.0,0.001387,944902.0,0.0013865000000000001,7.212405337179342
1787024520309,0.001386,1209220.0,0.001387,461558.0,0.0013865000000000001,7.212405337179342
1787024520311,0.001386,1228480.0,0.001387,461558.0,0.0013865000000000001,7.212405337179342
1787024520345,0.001386,1232444.0,0.001387,461558.0,0.0013865000000000001,7.212405337179342
1787024520362,0.001386,1228480.0,0.001387,461558.0,0.0013865000000000001,7.212405337179342
1787024520366,0.001386,1232444.0,0.001387,461558.0,0.0013865000000000001,7.212405337179342
1787024520368,0.001386,1228480.0,0.001387,461558.0,0.0013865000000000001,7.212405337179342
1787024520369,0.001386,1228480.0,0.001387,472377.0,0.0013865000000000001,7.212405337179342
1787024520395,0.001386,1228480.0,0.001387,476344.0,0.0013865000000000001,7.212405337179342
1787024520422,0.001386,1240381.0,0.001387,476344.0,0.0013865000000000001,7.212405337179342
1787024520423,0.001386,1240381.0,0.001387,488245.0,0.0013865000000000001,7.212405337179342
1787024520427,0.001386,1240381.0,0.001387,76231.0,0.0013865000000000001,7.212405337179342
1787024520428,0.001386,1240381.0,0.001387,75164.0,0.0013865000000000001,7.212405337179342
1787024520430,0.001386,1240381.0,0.001387,26687.0,0.0013865000000000001,7.212405337179342
1787024520431,0.001386,1240381.0,0.001387,14786.0,0.0013865000000000001,7.212405337179342
1787024520437,0.001386,2072019.0,0.001387,14786.0,0.0013865000000000001,7.212405337179342
1787024520438,0.001386,2072019.0,0.001387,14786.0,0.0013865000000000001,7.212405337179342
1787024520509,0.001386,1697604.0,0.001387,14786.0,0.0013865000000000001,7.212405337179342
1787024520510,0.001386,1697604.0,0.001387,1151515.0,0.0013865000000000001,7.212405337179342
1787024520533,0.001386,1697604.0,0.001387,935220.0,0.0013865000000000001,7.212405337179342
1787024520534,0.001386,1918058.0,0.001387,916275.0,0.0013865000000000001,7.212405337179342
1787024520535,0.001387,191284.0,0.001388,2390069.0,0.0013874999999999998,7.2072072072066025
1787024520536,0.001387,829574.0,0.001388,1871678.0,0.0013874999999999998,7.2072072072066025
1787024520537,0.001387,961826.0,0.001388,1268728.0,0.0013874999999999998,7.2072072072066025
1787024520538,0.001387,961826.0,0.001388,1191401.0,0.0013874999999999998,7.2072072072066025
1787024520539,0.001387,961826.0,0.001388,1004084.0,0.0013874999999999998,7.2072072072066025
1787024520540,0.001387,961826.0,0.001388,989675.0,0.0013874999999999998,7.2072072072066025
1787024520541,0.001387,981086.0,0.001388,989675.0,0.0013874999999999998,7.2072072072066025
1787024520549,0.001387,973923.0,0.001388,989675.0,0.0013874999999999998,7.2072072072066025
1787024520562,0.001387,973923.0,0.001388,1171859.0,0.0013874999999999998,7.2072072072066025
1787024520581,0.001387,979268.0,0.001388,1171859.0,0.0013874999999999998,7.2072072072066025
1787024520582,0.001387,988003.0,0.001388,1171859.0,0.0013874999999999998,7.2072072072066025
1787024520585,0.001387,979295.0,0.001388,1171859.0,0.0013874999999999998,7.2072072072066025
1787024520656,0.001387,991187.0,0.001388,1171859.0,0.0013874999999999998,7.2072072072066025
1787024520689,0.001387,995153.0,0.001388,1171859.0,0.0013874999999999998,7.2072072072066025
1787024520753,0.001387,1751739.0,0.001388,1647561.0,0.0013874999999999998,7.2072072072066025
1787024520766,0.001387,1751739.0,0.001388,1595820.0,0.0013874999999999998,7.2072072072066025
1787024520767,0.001387,1676205.0,0.001388,1595820.0,0.0013874999999999998,7.2072072072066025
1787024520857,0.001387,919619.0,0.001388,1595820.0,0.0013874999999999998,7.2072072072066025
1787024520859,0.001387,919619.0,0.001388,1595820.0,0.0013874999999999998,7.2072072072066025
1787024520907,0.001387,637686.0,0.001388,1595820.0,0.0013874999999999998,7.2072072072066025
1787024520914,0.001387,618426.0,0.001388,1595820.0,0.0013874999999999998,7.2072072072066025
1787024520983,0.001387,637676.0,0.001388,1595820.0,0.0013874999999999998,7.2072072072066025
1787024521162,0.001387,637676.0,0.001388,1474970.0,0.0013874999999999998,7.2072072072066025
1787024521164,0.001387,1446312.0,0.001388,1474970.0,0.0013874999999999998,7.2072072072066025
1787024521165,0.001387,1702179.0,0.001388,1474970.0,0.0013874999999999998,7.2072072072066025
1787024521166,0.001388,21612.0,0.001389,3455885.0,0.0013885,7.202016564639054
1787024521167,0.001388,775871.0,0.001389,2116081.0,0.0013885,7.202016564639054
1787024521168,0.001388,1210345.0,0.001389,1901829.0,0.0013885,7.202016564639054
1787024521169,0.001388,1478104.0,0.001389,1901829.0,0.0013885,7.202016564639054
1787024521170,0.001388,1478104.0,0.001389,1823448.0,0.0013885,7.202016564639054
1787024521176,0.001388,1478104.0,0.001389,1819848.0,0.0013885,7.202016564639054
1787024521190,0.001388,1477002.0,0.001389,1819848.0,0.0013885,7.202016564639054
1787024521197,0.001388,1477002.0,0.001389,1834253.0,0.0013885,7.202016564639054
1787024521239,0.001388,1477002.0,0.001389,1108493.0,0.0013885,7.202016564639054
1787024521277,0.001388,1488886.0,0.001389,1120377.0,0.0013885,7.202016564639054
1787024521325,0.001388,1501558.0,0.001389,1120377.0,0.0013885,7.202016564639054
1787024521359,0.001388,1501558.0,0.001389,1116413.0,0.0013885,7.202016564639054
1787024521370,0.001388,1501558.0,0.001389,1191629.0,0.0013885,7.202016564639054
1787024521375,0.001388,1520808.0,0.001389,1191629.0,0.0013885,7.202016564639054
1787024521416,0.001388,2347873.0,0.001389,1191629.0,0.0013885,7.202016564639054
1787024521418,0.001388,2347873.0,0.001389,966293.0,0.0013885,7.202016564639054
1787024521483,0.001388,2347873.0,0.001389,818586.0,0.0013885,7.202016564639054
1787024521485,0.001388,1520808.0,0.001389,818586.0,0.0013885,7.202016564639054
1787024521487,0.001388,1520808.0,0.001389,742382.0,0.0013885,7.202016564639054
1787024521489,0.001388,1508924.0,0.001389,742382.0,0.0013885,7.202016564639054
1787024521596,0.001388,1520808.0,0.001389,742382.0,0.0013885,7.202016564639054
1787024521615,0.001388,1524771.0,0.001389,742382.0,0.0013885,7.202016564639054
1787024521621,0.001388,1524771.0,0.001389,725176.0,0.0013885,7.202016564639054
1787024521626,0.001388,1257012.0,0.001389,725176.0,0.0013885,7.202016564639054
1787024521634,0.001388,1237762.0,0.001389,725176.0,0.0013885,7.202016564639054
1787024521680,0.001388,1237762.0,0.001389,1043227.0,0.0013885,7.202016564639054
1787024521758,0.001388,2081445.0,0.001389,1043227.0,0.0013885,7.202016564639054
1787024521899,0.001388,2349204.0,0.001389,1043227.0,0.0013885,7.202016564639054
1787024522187,0.001388,1963207.0,0.001389,1043227.0,0.0013885,7.202016564639054
1787024522188,0.001388,1951323.0,0.001389,1043227.0,0.0013885,7.202016564639054
1787024522189,0.001388,1963207.0,0.001389,1043227.0,0.0013885,7.202016564639054
1787024522272,0.001388,1960947.0,0.001389,1043227.0,0.0013885,7.202016564639054
1787024522274,0.001388,1960947.0,0.001389,1643227.0,0.0013885,7.202016564639054
1787024522275,0.001388,1693188.0,0.001389,1043227.0,0.0013885,7.202016564639054
1787024522277,0.001388,849505.0,0.001389,1043227.0,0.0013885,7.202016564639054
1787024522299,0.001388,856707.0,0.001389,1043227.0,0.0013885,7.202016564639054
1787024522796,0.001388,849505.0,0.001389,1043227.0,0.0013885,7.202016564639054
1787024523011,0.001388,849505.0,0.001389,321161.0,0.0013885,7.202016564639054
1787024523012,0.001388,1911980.0,0.001389,422075.0,0.0013885,7.202016564639054
1787024523013,0.001388,1900096.0,0.001389,422075.0,0.0013885,7.202016564639054
1787024523057,0.001388,1900096.0,0.001389,427477.0,0.0013885,7.202016564639054
1787024523064,0.001388,1900096.0,0.001389,440651.0,0.0013885,7.202016564639054
1787024523084,0.001388,1911980.0,0.001389,440651.0,0.0013885,7.202016564639054
1787024523095,0.001388,1911980.0,0.001389,455052.0,0.0013885,7.202016564639054
1787024523332,0.001388,1911980.0,0.001389,458787.0,0.0013885,7.202016564639054
1787024523359,0.001388,1910280.0,0.001389,458787.0,0.0013885,7.202016564639054
1787024523360,0.001388,1910280.0,0.001389,1058787.0,0.0013885,7.202016564639054
1787024523361,0.001388,1910280.0,0.001389,1058787.0,0.0013885,7.202016564639054
1787024523519,0.001388,1910280.0,0.001389,972942.0,0.0013885,7.202016564639054
1787024523520,0.001388,2099461.0,0.001389,972942.0,0.0013885,7.202016564639054
1787024523653,0.001388,2099461.0,0.001389,1058633.0,0.0013885,7.202016564639054
1787024523659,0.001388,2099461.0,0.001389,972942.0,0.0013885,7.202016564639054
1787024523938,0.001388,2099461.0,0.001389,1057549.0,0.0013885,7.202016564639054
1787024523939,0.001388,2099461.0,0.001389,1230337.0,0.0013885,7.202016564639054
1787024523940,0.001388,2099461.0,0.001389,1244736.0,0.0013885,7.202016564639054
1787024523941,0.001387,1853521.0,0.001389,1677418.0,0.001388,14.409221902017642
1787024523942,0.001387,934993.0,0.001388,2650466.0,0.0013874999999999998,7.2072072072066025
1787024523943,0.001387,1030515.0,0.001388,994519.0,0.0013874999999999998,7.2072072072066025
1787024523944,0.001387,1379401.0,0.001388,994519.0,0.0013874999999999998,7.2072072072066025
1787024523945,0.001387,1379401.0,0.001388,1042996.0,0.0013874999999999998,7.2072072072066025
1787024523946,0.001387,1379401.0,0.001388,1270391.0,0.0013874999999999998,7.2072072072066025
1787024524014,0.001387,1359423.0,0.001388,1270391.0,0.0013874999999999998,7.2072072072066025
1787024524017,0.001387,1270980.0,0.001388,1270391.0,0.0013874999999999998,7.2072072072066025
1787024524019,0.001387,1126419.0,0.001388,1270391.0,0.0013874999999999998,7.2072072072066025
1787024524021,0.001387,1130385.0,0.001388,1270391.0,0.0013874999999999998,7.2072072072066025
1787024524047,0.001387,762028.0,0.001388,1484643.0,0.0013874999999999998,7.2072072072066025
1787024524057,0.001387,762028.0,0.001388,1270391.0,0.0013874999999999998,7.2072072072066025
1787024524097,0.001387,762028.0,0.001388,1430577.0,0.0013874999999999998,7.2072072072066025
1787024524098,0.001387,762028.0,0.001388,1444993.0,0.0013874999999999998,7.2072072072066025
1787024524147,0.001387,1507694.0,0.001388,1444993.0,0.0013874999999999998,7.2072072072066025
1787024524148,0.001387,1519586.0,0.001388,2160143.0,0.0013874999999999998,7.2072072072066025
1787024524280,0.001387,1519586.0,0.001388,1153729.0,0.0013874999999999998,7.2072072072066025
1787024524282,0.001387,1773919.0,0.001388,450471.0,0.0013874999999999998,7.2072072072066025
1787024524302,0.001387,1773919.0,0.001388,850489.0,0.0013874999999999998,7.2072072072066025
1787024524326,0.001387,1785324.0,0.001388,850489.0,0.0013874999999999998,7.2072072072066025
1787024524328,0.001387,1785324.0,0.001388,813907.0,0.0013874999999999998,7.2072072072066025
1787024524400,0.001387,1785324.0,0.001388,421096.0,0.0013874999999999998,7.2072072072066025
1787024524401,0.001387,1785324.0,0.001388,421096.0,0.0013874999999999998,7.2072072072066025
1787024524491,0.001387,1785324.0,0.001388,1153838.0,0.0013874999999999998,7.2072072072066025
1787024524493,0.001387,1785324.0,0.001388,1141946.0,0.0013874999999999998,7.2072072072066025
1787024524512,0.001387,1785324.0,0.001388,1153838.0,0.0013874999999999998,7.2072072072066025
1787024524519,0.001387,1784140.0,0.001388,1153838.0,0.0013874999999999998,7.2072072072066025
1787024524561,0.001387,1784140.0,0.001388,1136939.0,0.0013874999999999998,7.2072072072066025
1787024524574,0.001387,1784140.0,0.001388,1244494.0,0.0013874999999999998,7.2072072072066025
1787024524580,0.001387,1784140.0,0.001388,1136939.0,0.0013874999999999998,7.2072072072066025
1787024524694,0.001387,1784140.0,0.001388,1111525.0,0.0013874999999999998,7.2072072072066025
1787024524795,0.001387,1784140.0,0.001388,1104318.0,0.0013874999999999998,7.2072072072066025
1787024524875,0.001387,1784140.0,0.001388,1108281.0,0.0013874999999999998,7.2072072072066025
1787024524876,0.001387,1784140.0,0.001388,1090243.0,0.0013874999999999998,7.2072072072066025
1787024524954,0.001387,1640048.0,0.001388,1090243.0,0.0013874999999999998,7.2072072072066025
1787024524975,0.001387,1376148.0,0.001388,1090243.0,0.0013874999999999998,7.2072072072066025
1787024525038,0.001387,1371828.0,0.001388,1090243.0,0.0013874999999999998,7.2072072072066025
1787024525039,0.001387,1371828.0,0.001388,1310697.0,0.0013874999999999998,7.2072072072066025
1787024525097,0.001387,1371828.0,0.001388,1193963.0,0.0013874999999999998,7.2072072072066025
1787024525269,0.001387,626162.0,0.001388,1282404.0,0.0013874999999999998,7.2072072072066025
1787024525270,0.001386,1761842.0,0.001387,727599.0,0.0013865000000000001,7.212405337179342
1787024525271,0.001386,748207.0,0.001388,3432849.0,0.001387,14.419610670510684
1787024525272,0.001386,1123867.0,0.001387,268931.0,0.0013865000000000001,7.212405337179342
1787024525273,0.001386,1268115.0,0.001387,268931.0,0.0013865000000000001,7.212405337179342
1787024525274,0.001386,1280010.0,0.001387,520870.0,0.0013865000000000001,7.212405337179342
1787024525325,0.001386,1280010.0,0.001387,526280.0,0.0013865000000000001,7.212405337179342
1787024525343,0.001386,1171589.0,0.001387,526280.0,0.0013865000000000001,7.212405337179342
1787024525344,0.001386,951135.0,0.001387,526280.0,0.0013865000000000001,7.212405337179342
1787024525345,0.001386,806574.0,0.001387,526280.0,0.0013865000000000001,7.212405337179342
1787024525371,0.001386,806574.0,0.001387,598378.0,0.0013865000000000001,7.212405337179342
1787024525374,0.001386,802610.0,0.001387,598378.0,0.0013865000000000001,7.212405337179342
1787024525476,0.001386,1658049.0,0.001387,1365357.0,0.0013865000000000001,7.212405337179342
1787024525477,0.001386,1669950.0,0.001387,1377258.0,0.0013865000000000001,7.212405337179342
1787024525478,0.001386,1669950.0,0.001387,1365357.0,0.0013865000000000001,7.212405337179342
1787024525498,0.001386,1669950.0,0.001387,1402543.0,0.0013865000000000001,7.212405337179342
1787024525597,0.001386,1669950.0,0.001387,1414444.0,0.0013865000000000001,7.212405337179342
1787024525600,0.001386,1669950.0,0.001387,1377258.0,0.0013865000000000001,7.212405337179342
1787024525733,0.001386,1667551.0,0.001387,1377258.0,0.0013865000000000001,7.212405337179342
1787024525802,0.001386,1667551.0,0.001387,1381224.0,0.0013865000000000001,7.212405337179342
1787024526005,0.001386,1686801.0,0.001387,1381224.0,0.0013865000000000001,7.212405337179342
1787024526064,0.001386,1686801.0,0.001387,933892.0,0.0013865000000000001,7.212405337179342
1787024526065,0.001386,1686801.0,0.001387,166913.0,0.0013865000000000001,7.212405337179342
1787024526067,0.001386,1686801.0,0.001387,143292.0,0.0013865000000000001,7.212405337179342
1787024526071,0.001386,1686801.0,0.001387,128196.0,0.0013865000000000001,7.212405337179342
1787024526072,0.001386,1686801.0,0.001387,79719.0,0.0013865000000000001,7.212405337179342
1787024526073,0.001387,698935.0,0.001388,2276460.0,0.0013874999999999998,7.2072072072066025
1787024526074,0.001387,772164.0,0.001388,1908338.0,0.0013874999999999998,7.2072072072066025
1787024526075,0.001387,751395.0,0.001388,1108338.0,0.0013874999999999998,7.2072072072066025
1787024526078,0.001387,751395.0,0.001388,595530.0,0.0013874999999999998,7.2072072072066025
1787024526080,0.001387,751395.0,0.001388,644007.0,0.0013874999999999998,7.2072072072066025
1787024526130,0.001387,751395.0,0.001388,1444007.0,0.0013874999999999998,7.2072072072066025
1787024526132,0.001387,763287.0,0.001388,1455899.0,0.0013874999999999998,7.2072072072066025
1787024526134,0.001387,763287.0,0.001388,1697478.0,0.0013874999999999998,7.2072072072066025
1787024526147,0.001387,714810.0,0.001388,1697478.0,0.0013874999999999998,7.2072072072066025
1787024526176,0.001387,693228.0,0.001388,1697478.0,0.0013874999999999998,7.2072072072066025
1787024526280,0.001387,693228.0,0.001388,2472417.0,0.0013874999999999998,7.2072072072066025
1787024526281,0.001387,681333.0,0.001388,2472417.0,0.0013874999999999998,7.2072072072066025
1787024526360,0.001387,681333.0,0.001388,2468453.0,0.0013874999999999998,7.2072072072066025
1787024526623,0.001387,685438.0,0.001388,2468453.0,0.0013874999999999998,7.2072072072066025
1787024526624,0.001387,1599505.0,0.001388,1668453.0,0.0013874999999999998,7.2072072072066025
1787024526625,0.001387,1611400.0,0.001388,1656561.0,0.0013874999999999998,7.2072072072066025
1787024526626,0.001387,1599508.0,0.001388,1656561.0,0.0013874999999999998,7.2072072072066025
1787024526680,0.001387,1599508.0,0.001388,1974612.0,0.0013874999999999998,7.2072072072066025
1787024526709,0.001387,1597396.0,0.001388,1974612.0,0.0013874999999999998,7.2072072072066025
1787024526764,0.001387,1589381.0,0.001388,1974612.0,0.0013874999999999998,7.2072072072066025
1787024526766,0.001387,1589381.0,0.001388,1986504.0,0.0013874999999999998,7.2072072072066025
1787024526767,0.001387,1601273.0,0.001388,1986504.0,0.0013874999999999998,7.2072072072066025
1787024526780,0.001387,1593258.0,0.001388,1986504.0,0.0013874999999999998,7.2072072072066025
1787024527039,0.001387,1593258.0,0.001388,2046300.0,0.0013874999999999998,7.2072072072066025
1787024527096,0.001387,1593258.0,0.001388,2051144.0,0.0013874999999999998,7.2072072072066025
1787024527098,0.001387,1593258.0,0.001388,2211041.0,0.0013874999999999998,7.2072072072066025
1787024527155,0.001387,1593258.0,0.001388,2239859.0,0.0013874999999999998,7.2072072072066025
1787024527380,0.001387,685350.0,0.001388,2239859.0,0.0013874999999999998,7.2072072072066025
1787024527381,0.001387,275249.0,0.001388,2239859.0,0.0013874999999999998,7.2072072072066025
1787024527383,0.001387,263028.0,0.001388,2858228.0,0.0013874999999999998,7.2072072072066025
1787024527385,0.001387,154998.0,0.001388,2858228.0,0.0013874999999999998,7.2072072072066025
1787024527386,0.001387,143103.0,0.001388,2858228.0,0.0013874999999999998,7.2072072072066025
1787024527499,0.001387,143103.0,0.001388,3251039.0,0.0013874999999999998,7.2072072072066025
1787024527500,0.001387,143103.0,0.001388,3397433.0,0.0013874999999999998,7.2072072072066025
1787024527599,0.001387,143103.0,0.001388,3004622.0,0.0013874999999999998,7.2072072072066025
1787024527681,0.001387,918401.0,0.001388,3004622.0,0.0013874999999999998,7.2072072072066025
1787024527682,0.001387,918401.0,0.001388,3004622.0,0.0013874999999999998,7.2072072072066025
1787024527683,0.001387,930296.0,0.001388,3004622.0,0.0013874999999999998,7.2072072072066025
1787024527684,0.001387,978773.0,0.001388,3004622.0,0.0013874999999999998,7.2072072072066025
1787024527701,0.001387,1105031.0,0.001388,3004622.0,0.0013874999999999998,7.2072072072066025
1787024527737,0.001387,1101166.0,0.001388,3004622.0,0.0013874999999999998,7.2072072072066025
1787024527765,0.001387,1099489.0,0.001388,3004622.0,0.0013874999999999998,7.2072072072066025
1787024528204,0.001387,324191.0,0.001388,3004622.0,0.0013874999999999998,7.2072072072066025
1787024528205,0.001387,312299.0,0.001388,3004622.0,0.0013874999999999998,7.2072072072066025
1787024528206,0.001387,324191.0,0.001388,3004622.0,0.0013874999999999998,7.2072072072066025
1787024528298,0.001387,324191.0,0.001388,3397433.0,0.0013874999999999998,7.2072072072066025
1787024528299,0.001387,324191.0,0.001388,3385541.0,0.0013874999999999998,7.2072072072066025
1787024528300,0.001387,324191.0,0.001388,3397433.0,0.0013874999999999998,7.2072072072066025
1787024528400,0.001387,324191.0,0.001388,3456967.0,0.0013874999999999998,7.2072072072066025
1787024528401,0.001387,275714.0,0.001388,3456967.0,0.0013874999999999998,7.2072072072066025
1787024528499,0.001387,275714.0,0.001388,3064156.0,0.0013874999999999998,7.2072072072066025
1787024528500,0.001387,324191.0,0.001388,3064156.0,0.0013874999999999998,7.2072072072066025
1787024528514,0.001387,324191.0,0.001388,3153606.0,0.0013874999999999998,7.2072072072066025
1787024528601,0.001387,324191.0,0.001388,3546417.0,0.0013874999999999998,7.2072072072066025
1787024528700,0.001387,324191.0,0.001388,3153606.0,0.0013874999999999998,7.2072072072066025
1787024528833,0.001387,324191.0,0.001388,3272379.0,0.0013874999999999998,7.2072072072066025
1787024528847,0.001387,615882.0,0.001388,3272379.0,0.0013874999999999998,7.2072072072066025
1787024528848,0.001387,603990.0,0.001388,3272379.0,0.0013874999999999998,7.2072072072066025
1787024528849,0.001387,1371905.0,0.001388,3272379.0,0.0013874999999999998,7.2072072072066025
1787024528850,0.001387,1371905.0,0.001388,3125985.0,0.0013874999999999998,7.2072072072066025
1787024528911,0.001387,1462090.0,0.001388,3125985.0,0.0013874999999999998,7.2072072072066025
1787024528939,0.001387,1460996.0,0.001388,3125985.0,0.0013874999999999998,7.2072072072066025
1787024529116,0.001387,1472888.0,0.001388,3125985.0,0.0013874999999999998,7.2072072072066025
1787024529399,0.001387,1472888.0,0.001388,3066451.0,0.0013874999999999998,7.2072072072066025
1787024529523,0.001387,1472888.0,0.001388,2898619.0,0.0013874999999999998,7.2072072072066025
1787024529524,0.001387,1472888.0,0.001388,2902582.0,0.0013874999999999998,7.2072072072066025
1787024529525,0.001387,1714467.0,0.001388,2902582.0,0.0013874999999999998,7.2072072072066025
1787024529526,0.001387,1714467.0,0.001388,2284213.0,0.0013874999999999998,7.2072072072066025
1787024529597,0.001387,1714467.0,0.001388,2298628.0,0.0013874999999999998,7.2072072072066025
1787024529679,0.001387,1714467.0,0.001388,1282110.0,0.0013874999999999998,7.2072072072066025
1787024529680,0.001387,1714467.0,0.001388,1282110.0,0.0013874999999999998,7.2072072072066025
1787024529830,0.001387,1714467.0,0.001388,1163337.0,0.0013874999999999998,7.2072072072066025
1787024530040,0.001387,1714467.0,0.001388,1103541.0,0.0013874999999999998,7.2072072072066025
1787024530098,0.001387,1714467.0,0.001388,943644.0,0.0013874999999999998,7.2072072072066025
1787024530125,0.001387,1711651.0,0.001388,943644.0,0.0013874999999999998,7.2072072072066025
1787024530240,0.001387,1656966.0,0.001388,943644.0,0.0013874999999999998,7.2072072072066025
1787024530244,0.001387,1656966.0,0.001388,1637228.0,0.0013874999999999998,7.2072072072066025
1787024531110,0.001387,1656966.0,0.001388,1641185.0,0.0013874999999999998,7.2072072072066025
1787024531137,0.001387,1655326.0,0.001388,1641185.0,0.0013874999999999998,7.2072072072066025
1787024531144,0.001387,1655326.0,0.001388,1796003.0,0.0013874999999999998,7.2072072072066025
1787024531640,0.001387,1655326.0,0.001388,1801021.0,0.0013874999999999998,7.2072072072066025
1787024531648,0.001387,1655326.0,0.001388,1765672.0,0.0013874999999999998,7.2072072072066025
1787024531714,0.001387,1655326.0,0.001388,1072088.0,0.0013874999999999998,7.2072072072066025
1787024531715,0.001387,1655326.0,0.001388,1072088.0,0.0013874999999999998,7.2072072072066025
1787024532009,0.001387,1655326.0,0.001388,1167617.0,0.0013874999999999998,7.2072072072066025
1787024532011,0.001387,1655326.0,0.001388,1023611.0,0.0013874999999999998,7.2072072072066025
1787024532012,0.001387,1655326.0,0.001388,681528.0,0.0013874999999999998,7.2072072072066025
1787024532070,0.001387,1655326.0,0.001388,1355385.0,0.0013874999999999998,7.2072072072066025
1787024532071,0.001387,1655326.0,0.001388,1487499.0,0.0013874999999999998,7.2072072072066025
1787024532072,0.001387,1655326.0,0.001388,1391970.0,0.0013874999999999998,7.2072072072066025
1787024532158,0.001387,1655326.0,0.001388,1375242.0,0.0013874999999999998,7.2072072072066025
1787024532168,0.001387,1655326.0,0.001388,1387134.0,0.0013874999999999998,7.2072072072066025
1787024532195,0.001387,1654012.0,0.001388,1387134.0,0.0013874999999999998,7.2072072072066025
1787024532406,0.001387,1673262.0,0.001388,1387134.0,0.0013874999999999998,7.2072072072066025
1787024532461,0.001387,1673262.0,0.001388,1482663.0,0.0013874999999999998,7.2072072072066025
1787024532471,0.001387,1673262.0,0.001388,1724242.0,0.0013874999999999998,7.2072072072066025
1787024532544,0.001387,1654012.0,0.001388,1724242.0,0.0013874999999999998,7.2072072072066025
1787024532557,0.001387,1654012.0,0.001388,1750269.0,0.0013874999999999998,7.2072072072066025
1787024532797,0.001387,1654012.0,0.001388,1757476.0,0.0013874999999999998,7.2072072072066025
1787024532831,0.001387,1654012.0,0.001388,1869152.0,0.0013874999999999998,7.2072072072066025
1787024533296,0.001387,1654012.0,0.001388,1861945.0,0.0013874999999999998,7.2072072072066025
1787024533325,0.001387,1652225.0,0.001388,1861945.0,0.0013874999999999998,7.2072072072066025
1787024533348,0.001387,1652225.0,0.001388,1889171.0,0.0013874999999999998,7.2072072072066025
1787024533796,0.001387,1652225.0,0.001388,1896378.0,0.0013874999999999998,7.2072072072066025
1787024534272,0.001387,1652225.0,0.001388,1900341.0,0.0013874999999999998,7.2072072072066025
1787024534296,0.001387,1652225.0,0.001388,1893134.0,0.0013874999999999998,7.2072072072066025
1787024534487,0.001387,1649198.0,0.001388,1893134.0,0.0013874999999999998,7.2072072072066025
1787024534706,0.001387,1649198.0,0.001388,1907543.0,0.0013874999999999998,7.2072072072066025
1787024535689,0.001387,1649198.0,0.001388,1835497.0,0.0013874999999999998,7.2072072072066025
1787024535691,0.001387,1649198.0,0.001388,1739968.0,0.0013874999999999998,7.2072072072066025
1787024535692,0.001387,1649198.0,0.001388,810123.0,0.0013874999999999998,7.2072072072066025
1787024535693,0.001387,1649198.0,0.001388,798231.0,0.0013874999999999998,7.2072072072066025
1787024535717,0.001387,1647324.0,0.001388,798231.0,0.0013874999999999998,7.2072072072066025
1787024535732,0.001387,1647324.0,0.001388,802188.0,0.0013874999999999998,7.2072072072066025
1787024535783,0.001387,1666574.0,0.001388,802188.0,0.0013874999999999998,7.2072072072066025
1787024535784,0.001387,1666574.0,0.001388,814080.0,0.0013874999999999998,7.2072072072066025
1787024535834,0.001387,1666574.0,0.001388,702404.0,0.0013874999999999998,7.2072072072066025
1787024536033,0.001387,1666574.0,0.001388,1505875.0,0.0013874999999999998,7.2072072072066025
1787024536034,0.001387,1666574.0,0.001388,702404.0,0.0013874999999999998,7.2072072072066025
1787024536035,0.001387,1666574.0,0.001388,642035.0,0.0013874999999999998,7.2072072072066025
1787024536041,0.001387,1666574.0,0.001388,690512.0,0.0013874999999999998,7.2072072072066025
1787024536044,0.001387,1666574.0,0.001388,642035.0,0.0013874999999999998,7.2072072072066025
1787024536048,0.001387,1666574.0,0.001388,690512.0,0.0013874999999999998,7.2072072072066025
1787024536076,0.001387,1666574.0,0.001388,694475.0,0.0013874999999999998,7.2072072072066025
1787024536078,0.001387,1666574.0,0.001388,782371.0,0.0013874999999999998,7.2072072072066025
1787024536249,0.001387,1666574.0,0.001388,1444882.0,0.0013874999999999998,7.2072072072066025
1787024536372,0.001387,1666574.0,0.001388,1456774.0,0.0013874999999999998,7.2072072072066025
1787024536375,0.001387,1666574.0,0.001388,1471183.0,0.0013874999999999998,7.2072072072066025
1787024536834,0.001387,1666574.0,0.001388,1584920.0,0.0013874999999999998,7.2072072072066025
1787024536861,0.001387,1664122.0,0.001388,1584920.0,0.0013874999999999998,7.2072072072066025
1787024537159,0.001387,1664122.0,0.001388,907313.0,0.0013874999999999998,7.2072072072066025
1787024537161,0.001388,541371.0,0.001389,2757536.0,0.0013885,7.202016564639054
1787024537162,0.001388,1017886.0,0.001389,2014520.0,0.0013885,7.202016564639054
1787024537163,0.001388,545334.0,0.001389,1247705.0,0.0013885,7.202016564639054
1787024537164,0.001388,1123848.0,0.001389,1337833.0,0.0013885,7.202016564639054
1787024537165,0.001388,1113041.0,0.001389,1337833.0,0.0013885,7.202016564639054
1787024537170,0.001388,1109436.0,0.001389,1337833.0,0.0013885,7.202016564639054
1787024537171,0.001388,1109436.0,0.001389,702466.0,0.0013885,7.202016564639054
1787024537195,0.001388,1109436.0,0.001389,716869.0,0.0013885,7.202016564639054
1787024537264,0.001388,1087928.0,0.001389,716869.0,0.0013885,7.202016564639054
1787024537265,0.001388,1087928.0,0.001389,958448.0,0.0013885,7.202016564639054
1787024537274,0.001388,1099812.0,0.001389,958448.0,0.0013885,7.202016564639054
1787024537275,0.001388,1099812.0,0.001389,970332.0,0.0013885,7.202016564639054
1787024537282,0.001387,2606903.0,0.001389,970332.0,0.001388,14.409221902017642
1787024537283,0.001387,1762978.0,0.001388,372331.0,0.0013874999999999998,7.2072072072066025
1787024537284,0.001387,1747419.0,0.001388,662387.0,0.0013874999999999998,7.2072072072066025
1787024537285,0.001387,979504.0,0.001388,1011859.0,0.0013874999999999998,7.2072072072066025
1787024537296,0.001387,979504.0,0.001388,1026273.0,0.0013874999999999998,7.2072072072066025
1787024537355,0.001387,871083.0,0.001388,1026273.0,0.0013874999999999998,7.2072072072066025
1787024537356,0.001387,639166.0,0.001388,1026273.0,0.0013874999999999998,7.2072072072066025
1787024537358,0.001387,494605.0,0.001388,1026273.0,0.0013874999999999998,7.2072072072066025
1787024537363,0.001387,498569.0,0.001388,1026273.0,0.0013874999999999998,7.2072072072066025
1787024537370,0.001387,494605.0,0.001388,1026273.0,0.0013874999999999998,7.2072072072066025
1787024537489,0.001387,1360593.0,0.001388,1795177.0,0.0013874999999999998,7.2072072072066025
1787024537490,0.001387,1372485.0,0.001388,1807069.0,0.0013874999999999998,7.2072072072066025
1787024537757,0.001387,1372485.0,0.001388,1735023.0,0.0013874999999999998,7.2072072072066025
1787024537832,0.001387,1372485.0,0.001388,1849659.0,0.0013874999999999998,7.2072072072066025
1787024537862,0.001387,1372485.0,0.001388,1906974.0,0.0013874999999999998,7.2072072072066025
1787024537993,0.001387,1370017.0,0.001388,1906974.0,0.0013874999999999998,7.2072072072066025
1787024537996,0.001387,1370017.0,0.001388,2002364.0,0.0013874999999999998,7.2072072072066025
1787024538041,0.001387,1370017.0,0.001388,2059606.0,0.0013874999999999998,7.2072072072066025
1787024538089,0.001387,1373983.0,0.001388,2059606.0,0.0013874999999999998,7.2072072072066025
1787024538098,0.001387,1373983.0,0.001388,2217850.0,0.0013874999999999998,7.2072072072066025
1787024538375,0.001387,1373983.0,0.001388,2282832.0,0.0013874999999999998,7.2072072072066025
1787024538393,0.001387,1500241.0,0.001388,2282832.0,0.0013874999999999998,7.2072072072066025
1787024538399,0.001387,1500241.0,0.001388,2339967.0,0.0013874999999999998,7.2072072072066025
1787024538400,0.001387,1500241.0,0.001388,2732778.0,0.0013874999999999998,7.2072072072066025
1787024538578,0.001387,1509480.0,0.001388,2732778.0,0.0013874999999999998,7.2072072072066025
1787024538600,0.001387,1509480.0,0.001388,2339967.0,0.0013874999999999998,7.2072072072066025
1787024538797,0.001387,1509480.0,0.001388,2347174.0,0.0013874999999999998,7.2072072072066025
1787024538829,0.001387,1509480.0,0.001388,2347856.0,0.0013874999999999998,7.2072072072066025
1787024538852,0.001387,1509480.0,0.001388,2354179.0,0.0013874999999999998,7.2072072072066025
1787024538862,0.001387,1509480.0,0.001388,2296864.0,0.0013874999999999998,7.2072072072066025
1787024539037,0.001387,1509480.0,0.001388,2239622.0,0.0013874999999999998,7.2072072072066025
1787024539099,0.001387,1509480.0,0.001388,2081378.0,0.0013874999999999998,7.2072072072066025
1787024539127,0.001387,1506709.0,0.001388,2081378.0,0.0013874999999999998,7.2072072072066025
1787024539165,0.001387,1506709.0,0.001388,2071333.0,0.0013874999999999998,7.2072072072066025
1787024539293,0.001387,1506709.0,0.001388,2083409.0,0.0013874999999999998,7.2072072072066025
1787024539296,0.001387,1513916.0,0.001388,2076202.0,0.0013874999999999998,7.2072072072066025
1787024539398,0.001387,1513916.0,0.001388,2019067.0,0.0013874999999999998,7.2072072072066025
1787024539399,0.001387,1513916.0,0.001388,2007175.0,0.0013874999999999998,7.2072072072066025
1787024539400,0.001387,1513916.0,0.001388,2019067.0,0.0013874999999999998,7.2072072072066025
1787024539796,0.001387,1506709.0,0.001388,2019067.0,0.0013874999999999998,7.2072072072066025
1787024539798,0.001387,1506709.0,0.001389,2729720.0,0.001388,14.409221902017642
1787024539799,0.001388,1736096.0,0.001389,1402414.0,0.0013885,7.202016564639054
1787024539800,0.001388,775164.0,0.001389,1488092.0,0.0013885,7.202016564639054
1787024539801,0.001388,699237.0,0.001389,3875676.0,0.0013885,7.202016564639054
1787024539802,0.001388,747714.0,0.001389,3875676.0,0.0013885,7.202016564639054
1787024539805,0.001388,699237.0,0.001389,3875676.0,0.0013885,7.202016564639054
1787024539808,0.001388,699237.0,0.001389,2135414.0,0.0013885,7.202016564639054
1787024539809,0.001388,699237.0,0.001389,1488092.0,0.0013885,7.202016564639054
1787024539816,0.001388,699237.0,0.001389,947552.0,0.0013885,7.202016564639054
1787024539827,0.001388,699237.0,0.001389,948234.0,0.0013885,7.202016564639054
1787024539866,0.001388,928672.0,0.001389,948234.0,0.0013885,7.202016564639054
1787024539871,0.001388,705763.0,0.001389,1171143.0,0.0013885,7.202016564639054
1787024539898,0.001388,705763.0,0.001389,1185548.0,0.0013885,7.202016564639054
1787024539955,0.001388,717647.0,0.001389,1197432.0,0.0013885,7.202016564639054
1787024539974,0.001388,717647.0,0.001389,1797432.0,0.0013885,7.202016564639054
1787024539987,0.001388,717647.0,0.001389,1197432.0,0.0013885,7.202016564639054
1787024539988,0.001388,717647.0,0.001389,1185548.0,0.0013885,7.202016564639054
1787024540000,0.001388,717647.0,0.001389,1228785.0,0.0013885,7.202016564639054
1787024540001,0.001388,1463966.0,0.001389,1228785.0,0.0013885,7.202016564639054
1787024540002,0.001388,1452082.0,0.001389,1228785.0,0.0013885,7.202016564639054
1787024540285,0.001388,1450169.0,0.001389,1228785.0,0.0013885,7.202016564639054
1787024540289,0.001388,1462053.0,0.001389,1420828.0,0.0013885,7.202016564639054
1787024540299,0.001388,1469255.0,0.001389,1420828.0,0.0013885,7.202016564639054
1787024540590,0.001388,1478494.0,0.001389,1420828.0,0.0013885,7.202016564639054
1787024540798,0.001388,1471292.0,0.001389,1420828.0,0.0013885,7.202016564639054
1787024541257,0.001388,1468902.0,0.001389,1420828.0,0.0013885,7.202016564639054
1787024541259,0.001388,1468902.0,0.001389,2220828.0,0.0013885,7.202016564639054
1787024541271,0.001388,1595160.0,0.001389,2220828.0,0.0013885,7.202016564639054
1787024541272,0.001388,1595160.0,0.001389,1420828.0,0.0013885,7.202016564639054
1787024541274,0.001388,1595160.0,0.001389,1420828.0,0.0013885,7.202016564639054
1787024541952,0.001388,1595160.0,0.001389,2020828.0,0.0013885,7.202016564639054
1787024541958,0.001388,1595160.0,0.001389,1969087.0,0.0013885,7.202016564639054
1787024542097,0.001388,1595160.0,0.001389,2126717.0,0.0013885,7.202016564639054
1787024542729,0.001388,1593403.0,0.001389,2126717.0,0.0013885,7.202016564639054
1787024542834,0.001388,1593403.0,0.001389,2239529.0,0.0013885,7.202016564639054
1787024542862,0.001388,1593403.0,0.001389,2243584.0,0.0013885,7.202016564639054
1787024542864,0.001388,1544926.0,0.001389,2243584.0,0.0013885,7.202016564639054
1787024543049,0.001388,1544926.0,0.001389,2261819.0,0.0013885,7.202016564639054
1787024543153,0.001388,798607.0,0.001389,2261819.0,0.0013885,7.202016564639054
1787024543369,0.001388,1651319.0,0.001389,2261819.0,0.0013885,7.202016564639054
1787024543371,0.001388,1651319.0,0.001389,2261819.0,0.0013885,7.202016564639054
1787024543796,0.001388,1651319.0,0.001389,2269021.0,0.0013885,7.202016564639054
1787024543862,0.001388,1651319.0,0.001389,2264966.0,0.0013885,7.202016564639054
1787024543878,0.001388,2154513.0,0.001389,2264966.0,0.0013885,7.202016564639054
1787024544097,0.001388,2152246.0,0.001389,2264966.0,0.0013885,7.202016564639054
1787024544098,0.001388,2152246.0,0.001389,2107336.0,0.0013885,7.202016564639054
1787024544099,0.001388,2152246.0,0.001389,2209658.0,0.0013885,7.202016564639054
1787024544798,0.001388,2152246.0,0.001389,2202456.0,0.0013885,7.202016564639054
1787024545353,0.001388,2150649.0,0.001389,2202456.0,0.0013885,7.202016564639054
1787024545400,0.001388,2150649.0,0.001389,1602456.0,0.0013885,7.202016564639054
1787024545402,0.001388,2150649.0,0.001389,1559219.0,0.0013885,7.202016564639054
1787024545416,0.001388,2150649.0,0.001389,1547335.0,0.0013885,7.202016564639054
1787024545433,0.001388,2150649.0,0.001389,1305756.0,0.0013885,7.202016564639054
1787024545505,0.001388,2150649.0,0.001389,1320155.0,0.0013885,7.202016564639054
1787024545510,0.001388,2150649.0,0.001389,1202252.0,0.0013885,7.202016564639054
1787024545511,0.001388,2150649.0,0.001389,1250729.0,0.0013885,7.202016564639054
1787024545513,0.001388,2150649.0,0.001389,1254689.0,0.0013885,7.202016564639054
1787024545712,0.001388,2150649.0,0.001389,1266573.0,0.0013885,7.202016564639054
1787024545737,0.001388,2150649.0,0.001389,1313044.0,0.0013885,7.202016564639054
1787024545904,0.001388,2150649.0,0.001389,1266573.0,0.0013885,7.202016564639054
1787024545931,0.001388,2150649.0,0.001389,1276553.0,0.0013885,7.202016564639054
1787024545965,0.001388,2150649.0,0.001389,1292480.0,0.0013885,7.202016564639054
1787024546126,0.001388,2150649.0,0.001389,1338987.0,0.0013885,7.202016564639054
1787024546387,0.001388,2149551.0,0.001389,1338987.0,0.0013885,7.202016564639054
1787024546388,0.001388,2149551.0,0.001389,2138987.0,0.0013885,7.202016564639054
1787024546389,0.001388,2149551.0,0.001389,1338987.0,0.0013885,7.202016564639054
1787024546391,0.001388,2149551.0,0.001389,1338987.0,0.0013885,7.202016564639054
1787024546724,0.001388,2149551.0,0.001389,1568422.0,0.0013885,7.202016564639054
1787024546798,0.001388,2149551.0,0.001389,1575624.0,0.0013885,7.202016564639054
1787024547037,0.001388,2149551.0,0.001389,1590023.0,0.0013885,7.202016564639054
1787024547039,0.001388,2149551.0,0.001389,1686606.0,0.0013885,7.202016564639054
1787024547300,0.001388,2149551.0,0.001389,1679404.0,0.0013885,7.202016564639054
1787024547347,0.001388,2149551.0,0.001389,1683184.0,0.0013885,7.202016564639054
1787024547484,0.001388,2149551.0,0.001389,1453749.0,0.0013885,7.202016564639054
1787024547486,0.001388,2149551.0,0.00139,3572246.0,0.001389,14.398848092152976
1787024547487,0.001389,646789.0,0.00139,2031803.0,0.0013895000000000001,7.196833393306339
1787024547488,0.001389,883898.0,0.00139,3742730.0,0.0013895000000000001,7.196833393306339
1787024547489,0.001389,984812.0,0.00139,3865366.0,0.0013895000000000001,7.196833393306339
1787024547490,0.001389,761903.0,0.00139,3769093.0,0.0013895000000000001,7.196833393306339
1787024547494,0.001389,761903.0,0.00139,3735931.0,0.0013895000000000001,7.196833393306339
1787024547495,0.001389,761903.0,0.00139,3750328.0,0.0013895000000000001,7.196833393306339
1787024547496,0.001389,761903.0,0.00139,1364358.0,0.0013895000000000001,7.196833393306339
1787024547497,0.001389,1379530.0,0.00139,1364358.0,0.0013895000000000001,7.196833393306339
1787024547505,0.001389,1379530.0,0.00139,1375226.0,0.0013895000000000001,7.196833393306339
1787024547510,0.001389,1379530.0,0.00139,1471430.0,0.0013895000000000001,7.196833393306339
1787024547511,0.001389,1376698.0,0.00139,1471430.0,0.0013895000000000001,7.196833393306339
1787024547513,0.001389,1376698.0,0.00139,1476886.0,0.0013895000000000001,7.196833393306339
1787024547536,0.001389,759071.0,0.00139,1476886.0,0.0013895000000000001,7.196833393306339
1787024547537,0.001389,759071.0,0.00139,1487682.0,0.0013895000000000001,7.196833393306339
1787024547559,0.001389,759071.0,0.00139,761270.0,0.0013895000000000001,7.196833393306339
1787024547658,0.001389,770946.0,0.00139,773145.0,0.0013895000000000001,7.196833393306339
1787024547680,0.001389,770946.0,0.00139,1091196.0,0.0013895000000000001,7.196833393306339
1787024547682,0.001389,770946.0,0.00139,1177524.0,0.0013895000000000001,7.196833393306339
1787024547683,0.001389,770946.0,0.00139,1191912.0,0.0013895000000000001,7.196833393306339
1787024547684,0.001389,770946.0,0.00139,1235076.0,0.0013895000000000001,7.196833393306339
1787024547694,0.001389,1635893.0,0.00139,1241205.0,0.0013895000000000001,7.196833393306339
1787024547697,0.001389,1624018.0,0.00139,1241205.0,0.0013895000000000001,7.196833393306339
1787024547760,0.001389,1635893.0,0.00139,1241205.0,0.0013895000000000001,7.196833393306339
1787024547830,0.001389,1635893.0,0.00139,1262298.0,0.0013895000000000001,7.196833393306339
1787024547885,0.001389,1635893.0,0.00139,1442327.0,0.0013895000000000001,7.196833393306339
1787024548441,0.001389,1635893.0,0.00139,1436198.0,0.0013895000000000001,7.196833393306339
1787024548445,0.001389,1635893.0,0.00139,976536.0,0.0013895000000000001,7.196833393306339
1787024548447,0.001389,1635893.0,0.00139,964661.0,0.0013895000000000001,7.196833393306339
1787024548454,0.001389,1635893.0,0.00139,968618.0,0.0013895000000000001,7.196833393306339
1787024548455,0.001389,1635893.0,0.00139,983006.0,0.0013895000000000001,7.196833393306339
1787024548456,0.001389,1858802.0,0.00139,983006.0,0.0013895000000000001,7.196833393306339
1787024548457,0.001389,1858802.0,0.00139,1031483.0,0.0013895000000000001,7.196833393306339
1787024548459,0.001389,1858802.0,0.00139,851454.0,0.0013895000000000001,7.196833393306339
1787024548460,0.001389,1858802.0,0.00139,880230.0,0.0013895000000000001,7.196833393306339
1787024548461,0.001389,1858802.0,0.00139,850520.0,0.0013895000000000001,7.196833393306339
1787024548463,0.001389,1858802.0,0.00139,864908.0,0.0013895000000000001,7.196833393306339
1787024548555,0.001389,1858802.0,0.00139,876783.0,0.0013895000000000001,7.196833393306339
1787024548568,0.001389,1868041.0,0.00139,876783.0,0.0013895000000000001,7.196833393306339
1787024548666,0.001389,1868041.0,0.00139,825042.0,0.0013895000000000001,7.196833393306339
1787024548741,0.001389,1866209.0,0.00139,825042.0,0.0013895000000000001,7.196833393306339
1787024548743,0.001389,1866209.0,0.00139,831231.0,0.0013895000000000001,7.196833393306339
1787024548830,0.001389,1866209.0,0.00139,810138.0,0.0013895000000000001,7.196833393306339
1787024549395,0.001389,1866209.0,0.00139,1534898.0,0.0013895000000000001,7.196833393306339
1787024549413,0.001389,1992467.0,0.00139,1534898.0,0.0013895000000000001,7.196833393306339
1787024549546,0.001389,1992467.0,0.00139,1538847.0,0.0013895000000000001,7.196833393306339
1787024549619,0.001389,1992467.0,0.00139,814087.0,0.0013895000000000001,7.196833393306339
1787024549620,0.001389,1992467.0,0.00139,802212.0,0.0013895000000000001,7.196833393306339
1787024549749,0.001389,1989991.0,0.00139,802212.0,0.0013895000000000001,7.196833393306339
1787024549751,0.001389,1989991.0,0.00139,982241.0,0.0013895000000000001,7.196833393306339
1787024549901,0.001389,2009221.0,0.00139,982241.0,0.0013895000000000001,7.196833393306339
1787024549937,0.001389,2009221.0,0.00139,994116.0,0.0013895000000000001,7.196833393306339
1787024550191,0.001389,2009221.0,0.00139,979728.0,0.0013895000000000001,7.196833393306339
1787024550924,0.001389,2009221.0,0.00139,883524.0,0.0013895000000000001,7.196833393306339
1787024550925,0.001389,2009221.0,0.00139,510262.0,0.0013895000000000001,7.196833393306339
1787024550951,0.001389,2006590.0,0.00139,510262.0,0.0013895000000000001,7.196833393306339
1787024551351,0.001389,2010577.0,0.00139,510262.0,0.0013895000000000001,7.196833393306339
1787024551435,0.001389,2010577.0,0.00139,505942.0,0.0013895000000000001,7.196833393306339
1787024551443,0.001389,2010577.0,0.00139,510259.0,0.0013895000000000001,7.196833393306339
1787024551691,0.001389,2006181.0,0.00139,510259.0,0.0013895000000000001,7.196833393306339
1787024551885,0.001389,2056070.0,0.00139,510259.0,0.0013895000000000001,7.196833393306339
1787024551891,0.001389,2054219.0,0.00139,510259.0,0.0013895000000000001,7.196833393306339
1787024552099,0.001389,2210099.0,0.00139,510259.0,0.0013895000000000001,7.196833393306339
1787024552274,0.001389,2210099.0,0.001391,2386391.0,0.0013900000000000002,14.388489208633441
1787024552275,0.00139,216552.0,0.001391,2382719.0,0.0013905,7.191657677095526
1787024552276,0.00139,950071.0,0.001391,1630659.0,0.0013905,7.191657677095526
1787024552277,0.00139,1014008.0,0.001391,645213.0,0.0013905,7.191657677095526
1787024552279,0.00139,1062485.0,0.001391,645213.0,0.0013905,7.191657677095526
1787024552295,0.00139,1062485.0,0.001391,717103.0,0.0013905,7.191657677095526
1787024552296,0.00139,1062485.0,0.001391,760237.0,0.0013905,7.191657677095526
1787024552299,0.00139,1062485.0,0.001391,774619.0,0.0013905,7.191657677095526
1787024552300,0.00139,1051694.0,0.001391,774619.0,0.0013905,7.191657677095526
1787024552304,0.00139,1051694.0,0.001391,784601.0,0.0013905,7.191657677095526
1787024552305,0.00139,1051694.0,0.001391,788531.0,0.0013905,7.191657677095526
1787024552327,0.00139,1051694.0,0.001391,797167.0,0.0013905,7.191657677095526
1787024552357,0.00139,1051694.0,0.001391,793211.0,0.0013905,7.191657677095526
1787024552383,0.00139,1051694.0,0.001391,805078.0,0.0013905,7.191657677095526
1787024552393,0.00139,1003217.0,0.001391,805078.0,0.0013905,7.191657677095526
1787024552452,0.00139,1015084.0,0.001391,805078.0,0.0013905,7.191657677095526
1787024552476,0.00139,1770779.0,0.001391,811110.0,0.0013905,7.191657677095526
1787024552565,0.00139,1770779.0,0.001391,763395.0,0.0013905,7.191657677095526
1787024552584,0.00139,1770779.0,0.001391,711654.0,0.0013905,7.191657677095526
1787024552681,0.00139,1770779.0,0.001391,1000994.0,0.0013905,7.191657677095526
1787024552682,0.00139,1770779.0,0.001391,986616.0,0.0013905,7.191657677095526
1787024552833,0.00139,1770779.0,0.001391,1072553.0,0.0013905,7.191657677095526
1787024552935,0.00139,1770779.0,0.001391,1086931.0,0.0013905,7.191657677095526
1787024552936,0.00139,1770779.0,0.001391,1101309.0,0.0013905,7.191657677095526
1787024552958,0.00139,1789999.0,0.001391,1101309.0,0.0013905,7.191657677095526
1787024553153,0.00139,1788039.0,0.001391,1101309.0,0.0013905,7.191657677095526
1787024553155,0.00139,1788039.0,0.001391,1701309.0,0.0013905,7.191657677095526
1787024553156,0.00139,1788039.0,0.001391,1089442.0,0.0013905,7.191657677095526
1787024553160,0.00139,1788039.0,0.001391,1101309.0,0.0013905,7.191657677095526
1787024553295,0.00139,1788039.0,0.001391,1115687.0,0.0013905,7.191657677095526
1787024553348,0.00139,1788039.0,0.001391,1840447.0,0.0013905,7.191657677095526
1787024553568,0.00139,1797278.0,0.001391,1840447.0,0.0013905,7.191657677095526
1787024553653,0.00139,1797278.0,0.001391,1826069.0,0.0013905,7.191657677095526
1787024554013,0.00139,1797278.0,0.001391,1830486.0,0.0013905,7.191657677095526
1787024554031,0.00139,1923536.0,0.001391,1830486.0,0.0013905,7.191657677095526
1787024554074,0.00139,1923536.0,0.001391,1646616.0,0.0013905,7.191657677095526
1787024554187,0.00139,1921578.0,0.001391,1646616.0,0.0013905,7.191657677095526
1787024554324,0.00139,1921578.0,0.001391,1654707.0,0.0013905,7.191657677095526
1787024554495,0.00139,1921578.0,0.001391,1640329.0,0.0013905,7.191657677095526
1787024554799,0.00139,1921578.0,0.001391,1647520.0,0.0013905,7.191657677095526
1787024555001,0.00139,1921578.0,0.001391,1651466.0,0.0013905,7.191657677095526
1787024555333,0.00139,1918887.0,0.001391,1651466.0,0.0013905,7.191657677095526
1787024555435,0.00139,1918887.0,0.001391,1637088.0,0.0013905,7.191657677095526
1787024555524,0.00139,1918887.0,0.001392,1391772.0,0.0013909999999999999,14.378145219267065
1787024555525,0.001391,633603.0,0.001392,1168841.0,0.0013915,7.186489399927531
1787024555526,0.001391,1814752.0,0.001392,2078916.0,0.0013915,7.186489399927531
1787024555527,0.001391,915469.0,0.001392,1441694.0,0.0013915,7.186489399927531
1787024555528,0.00139,1842873.0,0.001391,205947.0,0.0013905,7.191657677095526
1787024555529,0.00139,1816030.0,0.001391,913893.0,0.0013905,7.191657677095526
1787024555530,0.00139,1816030.0,0.001391,470976.0,0.0013905,7.191657677095526
1787024555537,0.00139,1816030.0,0.001391,519453.0,0.0013905,7.191657677095526
1787024555556,0.00139,1816030.0,0.001391,521499.0,0.0013905,7.191657677095526
1787024555577,0.00139,1816030.0,0.001391,530128.0,0.0013905,7.191657677095526
1787024555592,0.00139,1816030.0,0.001391,259954.0,0.0013905,7.191657677095526
1787024555598,0.00139,1816030.0,0.001391,225856.0,0.0013905,7.191657677095526
1787024555600,0.00139,1816030.0,0.001391,274333.0,0.0013905,7.191657677095526
1787024555659,0.00139,1816030.0,0.001392,1239513.0,0.0013909999999999999,14.378145219267065
1787024555660,0.001391,110660.0,0.001392,1085661.0,0.0013915,7.186489399927531
1787024555661,0.001391,110660.0,0.001392,941983.0,0.0013915,7.186489399927531
1787024555662,0.001391,159137.0,0.001392,584053.0,0.0013915,7.186489399927531
1787024555681,0.001391,159137.0,0.001392,902104.0,0.0013915,7.186489399927531
1787024555689,0.001391,159137.0,0.001392,919153.0,0.0013915,7.186489399927531
1787024555690,0.001391,62183.0,0.001392,919153.0,0.0013915,7.186489399927531
1787024555691,0.00139,1827472.0,0.001391,491210.0,0.0013905,7.191657677095526
1787024555692,0.00139,1819848.0,0.001391,674230.0,0.0013905,7.191657677095526
1787024555693,0.00139,1819848.0,0.001391,596703.0,0.0013905,7.191657677095526
1787024555694,0.00139,1831715.0,0.001391,521902.0,0.0013905,7.191657677095526
1787024555695,0.00139,1831715.0,0.001391,536283.0,0.0013905,7.191657677095526
1787024555715,0.00139,1831715.0,0.001391,546831.0,0.0013905,7.191657677095526
1787024555729,0.00139,2643644.0,0.001391,546831.0,0.0013905,7.191657677095526
1787024555736,0.00139,2643644.0,0.001391,541078.0,0.0013905,7.191657677095526
1787024555739,0.00139,2643644.0,0.001391,492601.0,0.0013905,7.191657677095526
1787024556016,0.00139,2662864.0,0.001391,492601.0,0.0013905,7.191657677095526
1787024556098,0.00139,2652289.0,0.001391,492601.0,0.0013905,7.191657677095526
1787024556452,0.00139,2652289.0,0.001391,496555.0,0.0013905,7.191657677095526
1787024556554,0.00139,2508508.0,0.001391,496555.0,0.0013905,7.191657677095526
1787024556636,0.00139,2471959.0,0.001391,496555.0,0.0013905,7.191657677095526
1787024556647,0.00139,2470630.0,0.001391,496555.0,0.0013905,7.191657677095526
1787024556704,0.00139,1918983.0,0.001391,713107.0,0.0013905,7.191657677095526
1787024556705,0.00139,1918983.0,0.001391,701240.0,0.0013905,7.191657677095526
1787024556706,0.00139,1107054.0,0.001391,942542.0,0.0013905,7.191657677095526
1787024556707,0.00139,1107054.0,0.001391,942542.0,0.0013905,7.191657677095526
1787024556713,0.00139,877619.0,0.001391,1038666.0,0.0013905,7.191657677095526
1787024556714,0.00139,926096.0,0.001391,942542.0,0.0013905,7.191657677095526
1787024556716,0.00139,926096.0,0.001391,1038666.0,0.0013905,7.191657677095526
1787024556717,0.00139,926096.0,0.001391,1096178.0,0.0013905,7.191657677095526
1787024556721,0.00139,764606.0,0.001391,1096178.0,0.0013905,7.191657677095526
1787024556723,0.00139,684394.0,0.001391,1096178.0,0.0013905,7.191657677095526
1787024556733,0.00139,665174.0,0.001391,1096178.0,0.0013905,7.191657677095526
1787024556735,0.00139,616697.0,0.001391,1096178.0,0.0013905,7.191657677095526
1787024556791,0.00139,665174.0,0.001391,1096178.0,0.0013905,7.191657677095526
1787024556832,0.00139,665174.0,0.001391,1205444.0,0.0013905,7.191657677095526
1787024556862,0.00139,665174.0,0.001391,1260074.0,0.0013905,7.191657677095526
1787024556863,0.00139,665174.0,0.001391,1248207.0,0.0013905,7.191657677095526
1787024556997,0.00139,1475300.0,0.001391,1248207.0,0.0013905,7.191657677095526
1787024556998,0.00139,1463433.0,0.001391,1248207.0,0.0013905,7.191657677095526
1787024557002,0.00139,1475300.0,0.001391,1260074.0,0.0013905,7.191657677095526
1787024557097,0.00139,1475300.0,0.001391,1274452.0,0.0013905,7.191657677095526
1787024557275,0.00139,1475300.0,0.001391,1274452.0,0.0013905,7.191657677095526
1787024557276,0.00139,1475300.0,0.001391,1808961.0,0.0013905,7.191657677095526
1787024557278,0.00139,1426823.0,0.001391,1808961.0,0.0013905,7.191657677095526
1787024557401,0.00139,1426823.0,0.001391,2201772.0,0.0013905,7.191657677095526
1787024557405,0.00139,616697.0,0.001391,2201772.0,0.0013905,7.191657677095526
1787024557690,0.00139,616697.0,0.001391,2216150.0,0.0013905,7.191657677095526
1787024557802,0.00139,616697.0,0.001391,1823339.0,0.0013905,7.191657677095526
1787024557803,0.00139,616697.0,0.001391,1811472.0,0.0013905,7.191657677095526
1787024557877,0.00139,614489.0,0.001391,1811472.0,0.0013905,7.191657677095526
1787024558098,0.00139,614489.0,0.001391,1966875.0,0.0013905,7.191657677095526
1787024558279,0.00139,614489.0,0.001391,1952497.0,0.0013905,7.191657677095526
1787024558399,0.00139,614489.0,0.001391,2006655.0,0.0013905,7.191657677095526
1787024558539,0.00139,512339.0,0.001391,2006655.0,0.0013905,7.191657677095526
1787024558545,0.00139,512339.0,0.001391,2018522.0,0.0013905,7.191657677095526
1787024558546,0.00139,463862.0,0.001391,2018522.0,0.0013905,7.191657677095526
1787024558835,0.00139,361712.0,0.001391,2018522.0,0.0013905,7.191657677095526
1787024558836,0.001389,3167833.0,0.00139,924061.0,0.0013895000000000001,7.196833393306339
1787024558837,0.001389,1172982.0,0.00139,1812143.0,0.0013895000000000001,7.196833393306339
1787024558838,0.001389,807775.0,0.00139,1733328.0,0.0013895000000000001,7.196833393306339
1787024558839,0.001389,951659.0,0.00139,1706962.0,0.0013895000000000001,7.196833393306339
1787024558840,0.001389,722224.0,0.00139,1706962.0,0.0013895000000000001,7.196833393306339
1787024558867,0.001389,722224.0,0.00139,1507128.0,0.0013895000000000001,7.196833393306339
1787024558898,0.001389,722224.0,0.00139,1521523.0,0.0013895000000000001,7.196833393306339
1787024558901,0.001389,722224.0,0.00139,1738075.0,0.0013895000000000001,7.196833393306339
1787024558905,0.001389,734099.0,0.00139,1749950.0,0.0013895000000000001,7.196833393306339
1787024558909,0.001389,625912.0,0.00139,1749950.0,0.0013895000000000001,7.196833393306339
1787024558910,0.001389,625912.0,0.00139,2447933.0,0.0013895000000000001,7.196833393306339
1787024558914,0.001389,481559.0,0.00139,2447933.0,0.0013895000000000001,7.196833393306339
1787024558920,0.001389,433082.0,0.00139,2447933.0,0.0013895000000000001,7.196833393306339
1787024558922,0.001389,433082.0,0.00139,2594033.0,0.0013895000000000001,7.196833393306339
1787024558926,0.001389,384605.0,0.00139,2594033.0,0.0013895000000000001,7.196833393306339
1787024558941,0.001389,384605.0,0.00139,2564675.0,0.0013895000000000001,7.196833393306339
1787024558972,0.001389,98151.0,0.00139,2564675.0,0.0013895000000000001,7.196833393306339
1787024558973,0.001389,98151.0,0.00139,3173907.0,0.0013895000000000001,7.196833393306339
1787024558999,0.001389,96221.0,0.00139,3173907.0,0.0013895000000000001,7.196833393306339
1787024559038,0.001389,96221.0,0.00139,3228237.0,0.0013895000000000001,7.196833393306339
1787024559039,0.001389,96221.0,0.00139,3322137.0,0.0013895000000000001,7.196833393306339
1787024559042,0.001388,2003709.0,0.001389,902459.0,0.0013885,7.202016564639054
1787024559043,0.001388,1664392.0,0.001389,1558574.0,0.0013885,7.202016564639054
1787024559044,0.001388,789709.0,0.001389,2093083.0,0.0013885,7.202016564639054
1787024559045,0.001388,681522.0,0.001389,2093083.0,0.0013885,7.202016564639054
1787024559047,0.001388,729999.0,0.001389,2411134.0,0.0013885,7.202016564639054
1787024559048,0.001388,512448.0,0.001389,2652453.0,0.0013885,7.202016564639054
1787024559049,0.001388,368095.0,0.001389,2652453.0,0.0013885,7.202016564639054
1787024559050,0.001388,368095.0,0.001389,3100137.0,0.0013885,7.202016564639054
1787024559051,0.001388,296049.0,0.001389,3100137.0,0.0013885,7.202016564639054
1787024559053,0.001388,296049.0,0.001389,3621087.0,0.0013885,7.202016564639054
1787024559054,0.001388,344526.0,0.001389,3621087.0,0.0013885,7.202016564639054
1787024559058,0.001388,296049.0,0.001389,3621087.0,0.0013885,7.202016564639054
1787024559059,0.001388,296049.0,0.001389,3767187.0,0.0013885,7.202016564639054
1787024559065,0.001388,344526.0,0.001389,3767187.0,0.0013885,7.202016564639054
1787024559093,0.001388,344526.0,0.001389,3775835.0,0.0013885,7.202016564639054
1787024559098,0.001388,344526.0,0.001389,3790243.0,0.0013885,7.202016564639054
1787024559099,0.001388,344526.0,0.001389,3269293.0,0.0013885,7.202016564639054
1787024559100,0.001388,344526.0,0.001389,3662104.0,0.0013885,7.202016564639054
1787024559117,0.001388,296049.0,0.001389,3662104.0,0.0013885,7.202016564639054
1787024559119,0.001388,135723.0,0.001389,3662104.0,0.0013885,7.202016564639054
1787024559120,0.001388,123839.0,0.001389,3662104.0,0.0013885,7.202016564639054
1787024559122,0.001387,1508127.0,0.001388,902459.0,0.0013874999999999998,7.2072072072066025
1787024559123,0.001387,1242316.0,0.001388,1239485.0,0.0013874999999999998,7.2072072072066025
1787024559124,0.001387,1170218.0,0.001388,2171576.0,0.0013874999999999998,7.2072072072066025
1787024559125,0.001387,732913.0,0.001388,2093102.0,0.0013874999999999998,7.2072072072066025
1787024559127,0.001387,494896.0,0.001388,2093102.0,0.0013874999999999998,7.2072072072066025
1787024559129,0.001387,543373.0,0.001388,2093102.0,0.0013874999999999998,7.2072072072066025
1787024559130,0.001387,543373.0,0.001388,2044625.0,0.0013874999999999998,7.2072072072066025
1787024559132,0.001387,584387.0,0.001388,2044625.0,0.0013874999999999998,7.2072072072066025
1787024559134,0.001387,584387.0,0.001388,1219770.0,0.0013874999999999998,7.2072072072066025
1787024559198,0.001387,584387.0,0.001388,1234186.0,0.0013874999999999998,7.2072072072066025
1787024559244,0.001387,1393287.0,0.001388,1234186.0,0.0013874999999999998,7.2072072072066025
1787024559299,0.001387,1393287.0,0.001388,1241393.0,0.0013874999999999998,7.2072072072066025
1787024559346,0.001387,1341546.0,0.001388,1241393.0,0.0013874999999999998,7.2072072072066025
1787024559361,0.001387,1337582.0,0.001388,1241393.0,0.0013874999999999998,7.2072072072066025
1787024559401,0.001387,1337582.0,0.001388,1295794.0,0.0013874999999999998,7.2072072072066025
1787024559402,0.001387,1337582.0,0.001388,1299756.0,0.0013874999999999998,7.2072072072066025
1787024559499,0.001387,1337582.0,0.001388,1337972.0,0.0013874999999999998,7.2072072072066025
1787024559600,0.001387,1337582.0,0.001388,1299756.0,0.0013874999999999998,7.2072072072066025
1787024559606,0.001387,1280222.0,0.001388,1299756.0,0.0013874999999999998,7.2072072072066025
1787024559658,0.001387,1286220.0,0.001388,1299756.0,0.0013874999999999998,7.2072072072066025
1787024559751,0.001387,1286220.0,0.001388,1899756.0,0.0013874999999999998,7.2072072072066025
1787024559753,0.001387,1286220.0,0.001388,1299756.0,0.0013874999999999998,7.2072072072066025
1787024559765,0.001387,1286220.0,0.001388,1303719.0,0.0013874999999999998,7.2072072072066025
1787024559961,0.001387,1283560.0,0.001388,1303719.0,0.0013874999999999998,7.2072072072066025
1787024559963,0.001387,1283560.0,0.001388,2103719.0,0.0013874999999999998,7.2072072072066025
1787024559964,0.001387,1283560.0,0.001388,1303719.0,0.0013874999999999998,7.2072072072066025
1787024560005,0.001387,1295452.0,0.001388,1315611.0,0.0013874999999999998,7.2072072072066025
1787024560098,0.001387,1295452.0,0.001388,1471147.0,0.0013874999999999998,7.2072072072066025
1787024560157,0.001387,1295452.0,0.001388,1464782.0,0.0013874999999999998,7.2072072072066025
1787024560404,0.001387,1295452.0,0.001388,1857593.0,0.0013874999999999998,7.2072072072066025
1787024560598,0.001387,1295452.0,0.001388,1965664.0,0.0013874999999999998,7.2072072072066025
1787024560599,0.001387,1295452.0,0.001388,1572853.0,0.0013874999999999998,7.2072072072066025
1787024560639,0.001385,2018652.0,0.001387,26422.0,0.001386,14.43001443001478
1787024560640,0.001385,2018652.0,0.001386,26441.0,0.0013855,7.217610970769633
1787024560641,0.001385,1949553.0,0.001386,255876.0,0.0013855,7.217610970769633
1787024560642,0.001386,32859.0,0.001387,2674744.0,0.0013865000000000001,7.212405337179342
1787024560643,0.001386,54246.0,0.001387,2609242.0,0.0013865000000000001,7.212405337179342
1787024560644,0.001386,276400.0,0.001387,2526608.0,0.0013865000000000001,7.212405337179342
1787024560645,0.001386,255013.0,0.001387,2606687.0,0.0013865000000000001,7.212405337179342
1787024560650,0.001386,303490.0,0.001387,2606687.0,0.0013865000000000001,7.212405337179342
1787024560691,0.001386,303490.0,0.001387,2610653.0,0.0013865000000000001,7.212405337179342
1787024560692,0.001386,303490.0,0.001387,1863010.0,0.0013865000000000001,7.212405337179342
1787024560693,0.001386,303490.0,0.001387,1712430.0,0.0013865000000000001,7.212405337179342
1787024560695,0.001386,303490.0,0.001387,1726858.0,0.0013865000000000001,7.212405337179342
1787024560698,0.001386,303490.0,0.001387,1557246.0,0.0013865000000000001,7.212405337179342
1787024560712,0.001386,195303.0,0.001387,1557246.0,0.0013865000000000001,7.212405337179342
1787024560714,0.001386,243780.0,0.001387,1557246.0,0.0013865000000000001,7.212405337179342
1787024560715,0.001386,226720.0,0.001387,1557246.0,0.0013865000000000001,7.212405337179342
1787024560718,0.001386,99427.0,0.001387,1557246.0,0.0013865000000000001,7.212405337179342
1787024560727,0.001386,99427.0,0.001387,1514019.0,0.0013865000000000001,7.212405337179342
1787024560729,0.001386,99427.0,0.001387,1335092.0,0.0013865000000000001,7.212405337179342
1787024560745,0.001386,317387.0,0.001387,1335092.0,0.0013865000000000001,7.212405337179342
1787024560755,0.001386,317387.0,0.001387,1120840.0,0.0013865000000000001,7.212405337179342
1787024560800,0.001386,317387.0,0.001387,1128052.0,0.0013865000000000001,7.212405337179342
1787024560807,0.001386,317387.0,0.001387,1158643.0,0.0013865000000000001,7.212405337179342
1787024560833,0.001386,1208330.0,0.001387,1158643.0,0.0013865000000000001,7.212405337179342
1787024560834,0.001386,1208330.0,0.001387,1037839.0,0.0013865000000000001,7.212405337179342
1787024560835,0.001387,495915.0,0.001388,2281289.0,0.0013874999999999998,7.2072072072066025
1787024560836,0.001387,1622743.0,0.001388,2089487.0,0.0013874999999999998,7.2072072072066025
1787024560837,0.001387,701020.0,0.001388,1156442.0,0.0013874999999999998,7.2072072072066025
1787024560838,0.001387,559775.0,0.001388,1156442.0,0.0013874999999999998,7.2072072072066025
1787024560839,0.001387,559775.0,0.001388,1240380.0,0.0013874999999999998,7.2072072072066025
1787024560840,0.001387,559775.0,0.001388,1205125.0,0.0013874999999999998,7.2072072072066025
1787024560843,0.001387,1328562.0,0.001388,1952933.0,0.0013874999999999998,7.2072072072066025
1787024560845,0.001387,1316670.0,0.001388,1952933.0,0.0013874999999999998,7.2072072072066025
1787024560851,0.001387,1316670.0,0.001388,1880887.0,0.0013874999999999998,7.2072072072066025
1787024560856,0.001387,1316670.0,0.001388,1895296.0,0.0013874999999999998,7.2072072072066025
1787024560865,0.001387,1316670.0,0.001388,1898705.0,0.0013874999999999998,7.2072072072066025
1787024560899,0.001387,1316670.0,0.001388,1913120.0,0.0013874999999999998,7.2072072072066025
1787024560901,0.001387,1316670.0,0.001388,1927529.0,0.0013874999999999998,7.2072072072066025
1787024560954,0.001387,1328562.0,0.001388,1927529.0,0.0013874999999999998,7.2072072072066025
1787024560955,0.001387,1326421.0,0.001388,1927529.0,0.0013874999999999998,7.2072072072066025
1787024560986,0.001387,1326421.0,0.001388,1913120.0,0.0013874999999999998,7.2072072072066025
1787024561298,0.001387,1326421.0,0.001388,1920327.0,0.0013874999999999998,7.2072072072066025
1787024561315,0.001387,1326421.0,0.001388,1911949.0,0.0013874999999999998,7.2072072072066025
1787024561358,0.001387,1345651.0,0.001388,1911949.0,0.0013874999999999998,7.2072072072066025
1787024561398,0.001387,1345651.0,0.001388,1857548.0,0.0013874999999999998,7.2072072072066025
1787024561444,0.001387,1319081.0,0.001388,1857548.0,0.0013874999999999998,7.2072072072066025
1787024561548,0.001387,1319081.0,0.001388,1872660.0,0.0013874999999999998,7.2072072072066025
1787024561550,0.001387,1319081.0,0.001388,1887069.0,0.0013874999999999998,7.2072072072066025
1787024561567,0.001387,1323047.0,0.001388,1887069.0,0.0013874999999999998,7.2072072072066025
1787024561583,0.001387,1330762.0,0.001388,1887069.0,0.0013874999999999998,7.2072072072066025
1787024561680,0.001387,1330762.0,0.001388,2205120.0,0.0013874999999999998,7.2072072072066025
1787024561681,0.001387,1330762.0,0.001388,2193228.0,0.0013874999999999998,7.2072072072066025
1787024561682,0.001387,1330762.0,0.001388,2205120.0,0.0013874999999999998,7.2072072072066025
1787024561862,0.001387,1330762.0,0.001388,2233410.0,0.0013874999999999998,7.2072072072066025
1787024561945,0.001387,1330762.0,0.001388,2219001.0,0.0013874999999999998,7.2072072072066025
1787024562098,0.001387,1330762.0,0.001388,2374794.0,0.0013874999999999998,7.2072072072066025
1787024562155,0.001387,1328272.0,0.001388,2374794.0,0.0013874999999999998,7.2072072072066025
1787024562254,0.001387,1328272.0,0.001388,2353293.0,0.0013874999999999998,7.2072072072066025
1787024562301,0.001387,1328272.0,0.001388,2746104.0,0.0013874999999999998,7.2072072072066025
1787024562399,0.001387,1328272.0,0.001388,2801390.0,0.0013874999999999998,7.2072072072066025
1787024562403,0.001387,1328272.0,0.001388,2237742.0,0.0013874999999999998,7.2072072072066025
1787024562405,0.001387,1328272.0,0.001388,2093469.0,0.0013874999999999998,7.2072072072066025
1787024562406,0.001387,1328272.0,0.001388,1345661.0,0.0013874999999999998,7.2072072072066025
1787024562471,0.001387,1328272.0,0.001388,1243511.0,0.0013874999999999998,7.2072072072066025
1787024562472,0.001387,1328272.0,0.001388,1243511.0,0.0013874999999999998,7.2072072072066025
1787024562495,0.001387,1300544.0,0.001388,1243511.0,0.0013874999999999998,7.2072072072066025
1787024562545,0.001387,1300544.0,0.001388,1247474.0,0.0013874999999999998,7.2072072072066025
1787024562590,0.001387,1300544.0,0.001388,1153844.0,0.0013874999999999998,7.2072072072066025
1787024562591,0.001387,1300544.0,0.001388,1139435.0,0.0013874999999999998,7.2072072072066025
1787024562599,0.001387,1300544.0,0.001388,746624.0,0.0013874999999999998,7.2072072072066025
1787024562600,0.001387,1300544.0,0.001389,3272906.0,0.001388,14.409221902017642
1787024562601,0.001388,705801.0,0.001389,2817584.0,0.0013885,7.202016564639054
1787024562602,0.001388,222154.0,0.001389,1946121.0,0.0013885,7.202016564639054
1787024562603,0.001388,319108.0,0.001389,1946121.0,0.0013885,7.202016564639054
1787024562606,0.001388,319108.0,0.001389,1949778.0,0.0013885,7.202016564639054
1787024562607,0.001388,319108.0,0.001389,2666853.0,0.0013885,7.202016564639054
1787024562680,0.001388,319108.0,0.001389,2984904.0,0.0013885,7.202016564639054
1787024562698,0.001388,319108.0,0.001389,3392123.0,0.0013885,7.202016564639054
1787024562699,0.001388,330992.0,0.001389,3404007.0,0.0013885,7.202016564639054
1787024562766,0.001388,330992.0,0.001389,3301857.0,0.0013885,7.202016564639054
1787024562769,0.001388,1161909.0,0.001389,3301857.0,0.0013885,7.202016564639054
1787024562770,0.001388,1150025.0,0.001389,3301857.0,0.0013885,7.202016564639054
1787024562794,0.001388,1367985.0,0.001389,3301857.0,0.0013885,7.202016564639054
1787024562800,0.001388,1367985.0,0.001389,2909046.0,0.0013885,7.202016564639054
1787024562801,0.001388,1379869.0,0.001389,2909046.0,0.0013885,7.202016564639054
1787024562818,0.001388,1379869.0,0.001389,2109046.0,0.0013885,7.202016564639054
1787024562830,0.001388,1379869.0,0.001389,2163809.0,0.0013885,7.202016564639054
1787024563067,0.001388,1379869.0,0.001389,2698318.0,0.0013885,7.202016564639054
1787024563097,0.001388,1379869.0,0.001389,2853998.0,0.0013885,7.202016564639054
1787024563153,0.001388,548952.0,0.001389,2853998.0,0.0013885,7.202016564639054
1787024563154,0.001388,108838.0,0.001389,2853998.0,0.0013885,7.202016564639054
1787024563155,0.001387,1567518.0,0.001388,1102528.0,0.0013874999999999998,7.2072072072066025
1787024563156,0.001387,808598.0,0.001388,1322977.0,0.0013874999999999998,7.2072072072066025
1787024563157,0.001387,808598.0,0.001388,1540937.0,0.0013874999999999998,7.2072072072066025
1787024563158,0.001387,700411.0,0.001388,1492460.0,0.0013874999999999998,7.2072072072066025
1787024563159,0.001387,700411.0,0.001388,1466058.0,0.0013874999999999998,7.2072072072066025
1787024563163,0.001387,556058.0,0.001388,1466058.0,0.0013874999999999998,7.2072072072066025
1787024563164,0.001387,556058.0,0.001388,1627751.0,0.0013874999999999998,7.2072072072066025
1787024563183,0.001387,556058.0,0.001388,1629797.0,0.0013874999999999998,7.2072072072066025
1787024563199,0.001387,556058.0,0.001388,1644214.0,0.0013874999999999998,7.2072072072066025
1787024563203,0.001387,778212.0,0.001388,1644214.0,0.0013874999999999998,7.2072072072066025
1787024563204,0.001387,778212.0,0.001388,1426254.0,0.0013874999999999998,7.2072072072066025
1787024563211,0.001387,775212.0,0.001388,1426254.0,0.0013874999999999998,7.2072072072066025
1787024563335,0.001387,787104.0,0.001388,1438146.0,0.0013874999999999998,7.2072072072066025
1787024563359,0.001387,1674672.0,0.001388,2166232.0,0.0013874999999999998,7.2072072072066025
1787024563360,0.001387,1662780.0,0.001388,2004539.0,0.0013874999999999998,7.2072072072066025
1787024563367,0.001387,1658816.0,0.001388,2004539.0,0.0013874999999999998,7.2072072072066025
1787024563368,0.001387,1586718.0,0.001388,2004539.0,0.0013874999999999998,7.2072072072066025
1787024563402,0.001387,1586718.0,0.001388,2397350.0,0.0013874999999999998,7.2072072072066025
1787024563471,0.001387,1586718.0,0.001388,2401313.0,0.0013874999999999998,7.2072072072066025
1787024563473,0.001387,1598610.0,0.001388,2401313.0,0.0013874999999999998,7.2072072072066025
1787024563503,0.001387,1598610.0,0.001388,2008502.0,0.0013874999999999998,7.2072072072066025
1787024563504,0.001387,1598610.0,0.001388,1996610.0,0.0013874999999999998,7.2072072072066025
1787024563505,0.001387,1598610.0,0.001388,1936456.0,0.0013874999999999998,7.2072072072066025
1787024563508,0.001387,1575815.0,0.001388,1936456.0,0.0013874999999999998,7.2072072072066025
1787024563648,0.001387,1431723.0,0.001388,1936456.0,0.0013874999999999998,7.2072072072066025
1787024563830,0.001387,2146107.0,0.001388,625384.0,0.0013874999999999998,7.2072072072066025
1787024563831,0.001387,2146107.0,0.001388,296356.0,0.0013874999999999998,7.2072072072066025
1787024563832,0.001388,542344.0,0.001389,1815416.0,0.0013885,7.202016564639054
1787024563833,0.001388,1578280.0,0.001389,1671718.0,0.0013885,7.202016564639054
1787024563834,0.001388,612160.0,0.001389,1510025.0,0.0013885,7.202016564639054
1787024563835,0.001388,590821.0,0.001389,1510025.0,0.0013885,7.202016564639054
1787024563836,0.001388,580014.0,0.001389,1510025.0,0.0013885,7.202016564639054
1787024563884,0.001388,96954.0,0.001389,1510025.0,0.0013885,7.202016564639054
1787024563894,0.001388,96954.0,0.001389,1524434.0,0.0013885,7.202016564639054
1787024563931,0.001388,96954.0,0.001389,2058943.0,0.0013885,7.202016564639054
1787024563955,0.001388,108838.0,0.001389,2058943.0,0.0013885,7.202016564639054
1787024563956,0.001388,108838.0,0.001389,2070827.0,0.0013885,7.202016564639054
1787024564033,0.001388,108838.0,0.001389,2788348.0,0.0013885,7.202016564639054
1787024564034,0.001388,108838.0,0.001389,2716354.0,0.0013885,7.202016564639054
1787024564195,0.001388,108838.0,0.001389,2730753.0,0.0013885,7.202016564639054
1787024564199,0.001388,108838.0,0.001389,3123564.0,0.0013885,7.202016564639054
1787024564201,0.001388,108838.0,0.001389,3285159.0,0.0013885,7.202016564639054
1787024564223,0.001388,107364.0,0.001389,3285159.0,0.0013885,7.202016564639054
1787024564347,0.001388,111327.0,0.001389,3285159.0,0.0013885,7.202016564639054
1787024564399,0.001388,111327.0,0.001389,3340725.0,0.0013885,7.202016564639054
1787024564416,0.001388,130577.0,0.001389,3340725.0,0.0013885,7.202016564639054
1787024564452,0.001388,126767.0,0.001389,3340725.0,0.0013885,7.202016564639054
1787024564499,0.001388,126767.0,0.001389,3371566.0,0.0013885,7.202016564639054
1787024564553,0.001388,134482.0,0.001389,3371566.0,0.0013885,7.202016564639054
1787024564599,0.001388,134482.0,0.001389,3340725.0,0.0013885,7.202016564639054
1787024564862,0.001388,134482.0,0.001389,3396141.0,0.0013885,7.202016564639054
1787024564901,0.001388,134482.0,0.001389,3003330.0,0.0013885,7.202016564639054
1787024565037,0.001388,134482.0,0.001389,3036574.0,0.0013885,7.202016564639054
1787024565098,0.001388,134482.0,0.001389,3429385.0,0.0013885,7.202016564639054
1787024565099,0.001388,134482.0,0.001389,3417501.0,0.0013885,7.202016564639054
1787024565102,0.001388,134482.0,0.001389,3429385.0,0.0013885,7.202016564639054
1787024565315,0.001388,131323.0,0.001389,3429385.0,0.0013885,7.202016564639054
1787024565504,0.001388,131323.0,0.001389,3460155.0,0.0013885,7.202016564639054
1787024565801,0.001388,131323.0,0.001389,3429385.0,0.0013885,7.202016564639054
1787024566001,0.001388,131323.0,0.001389,3036574.0,0.0013885,7.202016564639054
1787024566003,0.001388,887600.0,0.001389,3036574.0,0.0013885,7.202016564639054
1787024566004,0.001388,1105560.0,0.001389,3036574.0,0.0013885,7.202016564639054
1787024566037,0.001388,1105560.0,0.001389,3003330.0,0.0013885,7.202016564639054
1787024566300,0.001388,1105560.0,0.001389,3396141.0,0.0013885,7.202016564639054
1787024566545,0.001388,1105560.0,0.001389,3379621.0,0.0013885,7.202016564639054
1787024566573,0.001388,1103087.0,0.001389,3379621.0,0.0013885,7.202016564639054
1787024566599,0.001388,1103087.0,0.001389,2986810.0,0.0013885,7.202016564639054
1787024567099,0.001388,1103087.0,0.001389,3379621.0,0.0013885,7.202016564639054
1787024567319,0.001388,1103087.0,0.001389,3501165.0,0.0013885,7.202016564639054
1787024567598,0.001388,1103087.0,0.001389,3108354.0,0.0013885,7.202016564639054
1787024567751,0.001388,1100177.0,0.001389,3108354.0,0.0013885,7.202016564639054
1787024567873,0.001388,1100177.0,0.001389,2146999.0,0.0013885,7.202016564639054
1787024567874,0.001388,1540951.0,0.001389,2146999.0,0.0013885,7.202016564639054
1787024567875,0.001388,1540951.0,0.001389,1985404.0,0.0013885,7.202016564639054
1787024568080,0.001388,1540951.0,0.001389,2776131.0,0.0013885,7.202016564639054
1787024568082,0.001388,1540951.0,0.001389,2764247.0,0.0013885,7.202016564639054
1787024568083,0.001388,1100177.0,0.001389,2776131.0,0.0013885,7.202016564639054
1787024568084,0.001388,1088293.0,0.001389,2776131.0,0.0013885,7.202016564639054
1787024568086,0.001388,1100177.0,0.001389,2776131.0,0.0013885,7.202016564639054
1787024568090,0.001388,1189175.0,0.001389,2776131.0,0.0013885,7.202016564639054
1787024568400,0.001388,1189175.0,0.001389,2720565.0,0.0013885,7.202016564639054
1787024568501,0.001388,1189175.0,0.001389,3113376.0,0.0013885,7.202016564639054
1787024568598,0.001388,1189175.0,0.001389,2720565.0,0.0013885,7.202016564639054
1787024568620,0.001388,1189175.0,0.001389,2725624.0,0.0013885,7.202016564639054
1787024568832,0.001388,1189175.0,0.001389,2670861.0,0.0013885,7.202016564639054
1787024568862,0.001388,1189175.0,0.001389,2615445.0,0.0013885,7.202016564639054
1787024568915,0.001388,1186178.0,0.001389,2615445.0,0.0013885,7.202016564639054
1787024569099,0.001388,1186178.0,0.001389,3008256.0,0.0013885,7.202016564639054
1787024569200,0.001388,1186178.0,0.001389,2615445.0,0.0013885,7.202016564639054
1787024569532,0.001388,1186178.0,0.001389,1800934.0,0.0013885,7.202016564639054
1787024569927,0.001388,1186178.0,0.001389,2448701.0,0.0013885,7.202016564639054
1787024569928,0.001388,1186178.0,0.001389,2436817.0,0.0013885,7.202016564639054
1787024569990,0.001388,1186178.0,0.001389,1789050.0,0.0013885,7.202016564639054
1787024570017,0.001388,1184028.0,0.001389,1789050.0,0.0013885,7.202016564639054
1787024570462,0.001388,1184028.0,0.001389,2583505.0,0.0013885,7.202016564639054
1787024570891,0.001388,1178931.0,0.001389,2583505.0,0.0013885,7.202016564639054
1787024570966,0.001388,1178931.0,0.001389,2595389.0,0.0013885,7.202016564639054
1787024570968,0.001388,422654.0,0.001389,2824292.0,0.0013885,7.202016564639054
1787024570981,0.001388,204694.0,0.001389,2824292.0,0.0013885,7.202016564639054
1787024571077,0.001388,203095.0,0.001389,2824292.0,0.0013885,7.202016564639054
1787024571099,0.001388,203095.0,0.001389,2978704.0,0.0013885,7.202016564639054
1787024571103,0.001388,203095.0,0.001389,3371515.0,0.0013885,7.202016564639054
1787024571104,0.001388,203095.0,0.001389,3533110.0,0.0013885,7.202016564639054
1787024571200,0.001388,203095.0,0.001389,2710314.0,0.0013885,7.202016564639054
1787024571201,0.001388,422857.0,0.001389,2710314.0,0.0013885,7.202016564639054
1787024571202,0.001388,651760.0,0.001389,2481411.0,0.0013885,7.202016564639054
1787024571203,0.001388,639876.0,0.001389,2481411.0,0.0013885,7.202016564639054
1787024571227,0.001388,651760.0,0.001389,2481411.0,0.0013885,7.202016564639054
1787024571229,0.001388,1482685.0,0.001389,2481411.0,0.0013885,7.202016564639054
1787024571230,0.001388,1470801.0,0.001389,2481411.0,0.0013885,7.202016564639054
1787024571361,0.001388,1474760.0,0.001389,2481411.0,0.0013885,7.202016564639054
1787024571362,0.001388,1486644.0,0.001389,2481411.0,0.0013885,7.202016564639054
1787024571499,0.001388,1486644.0,0.001389,2485368.0,0.0013885,7.202016564639054
1787024571512,0.001388,1658807.0,0.001389,2485368.0,0.0013885,7.202016564639054
1787024571513,0.001388,1658807.0,0.001389,2323773.0,0.0013885,7.202016564639054
1787024571587,0.001388,1658807.0,0.001389,2140239.0,0.0013885,7.202016564639054
1787024572022,0.001388,1658807.0,0.001389,1345784.0,0.0013885,7.202016564639054
1787024572023,0.001388,1658807.0,0.001389,1333900.0,0.0013885,7.202016564639054
1787024572024,0.001388,1658807.0,0.001389,1345784.0,0.0013885,7.202016564639054
1787024572025,0.001388,1658807.0,0.001389,1394261.0,0.0013885,7.202016564639054
1787024572100,0.001388,1658807.0,0.001389,1239849.0,0.0013885,7.202016564639054
1787024572101,0.001388,1658807.0,0.001389,1084169.0,0.0013885,7.202016564639054
1787024572330,0.001388,1658807.0,0.001389,1828896.0,0.0013885,7.202016564639054
1787024572729,0.001388,1655589.0,0.001389,1828896.0,0.0013885,7.202016564639054
1787024573070,0.001388,1655589.0,0.001389,1835716.0,0.0013885,7.202016564639054
1787024573198,0.001388,1655589.0,0.001389,1839804.0,0.0013885,7.202016564639054
1787024573582,0.001388,1651782.0,0.001389,1839804.0,0.0013885,7.202016564639054
1787024573946,0.001388,1655392.0,0.001389,1839804.0,0.0013885,7.202016564639054
1787024573975,0.001388,1652814.0,0.001389,1839804.0,0.0013885,7.202016564639054
1787024575135,0.001388,1651658.0,0.001389,1839804.0,0.0013885,7.202016564639054
1787024575480,0.001388,1651658.0,0.001389,1782444.0,0.0013885,7.202016564639054
1787024575484,0.001388,1651658.0,0.001389,1786404.0,0.0013885,7.202016564639054
1787024575596,0.001388,1651658.0,0.001389,1041677.0,0.0013885,7.202016564639054
1787024575597,0.001388,1651658.0,0.001389,1029793.0,0.0013885,7.202016564639054
1787024575598,0.001388,1651658.0,0.001389,1041677.0,0.0013885,7.202016564639054
1787024575661,0.001388,1479495.0,0.001389,1041677.0,0.0013885,7.202016564639054
1787024575664,0.001388,1479495.0,0.001389,1664757.0,0.0013885,7.202016564639054
1787024575689,0.001388,1479495.0,0.001389,1670159.0,0.0013885,7.202016564639054
1787024575802,0.001388,1479495.0,0.001389,2388384.0,0.0013885,7.202016564639054
1787024575803,0.001388,1479495.0,0.001389,2388384.0,0.0013885,7.202016564639054
1787024576082,0.001388,1479495.0,0.001389,2392347.0,0.0013885,7.202016564639054
1787024576135,0.001388,1477738.0,0.001389,2392347.0,0.0013885,7.202016564639054
1787024576671,0.001388,1473892.0,0.001389,2392347.0,0.0013885,7.202016564639054
1787024576897,0.001388,1473892.0,0.001389,2396304.0,0.0013885,7.202016564639054
1787024577173,0.001388,1473892.0,0.001389,2324310.0,0.0013885,7.202016564639054
1787024577414,0.001388,1473892.0,0.001389,2433567.0,0.0013885,7.202016564639054
1787024577420,0.001388,1473892.0,0.001389,2324310.0,0.0013885,7.202016564639054
1787024577441,0.001388,1470819.0,0.001389,2324310.0,0.0013885,7.202016564639054
1787024577688,0.001388,1470819.0,0.001389,2328273.0,0.0013885,7.202016564639054
1787024577734,0.001388,1470819.0,0.001389,232561.0,0.0013885,7.202016564639054
1787024577735,0.001389,10799.0,0.00139,2187244.0,0.0013895000000000001,7.196833393306339
1787024577736,0.001389,1341920.0,0.00139,2187244.0,0.0013895000000000001,7.196833393306339
1787024577737,0.001389,2062596.0,0.00139,1500636.0,0.0013895000000000001,7.196833393306339
1787024577738,0.001389,1763659.0,0.00139,1500636.0,0.0013895000000000001,7.196833393306339
1787024577743,0.001389,1763659.0,0.00139,1466735.0,0.0013895000000000001,7.196833393306339
1787024577765,0.001389,1763659.0,0.00139,1469463.0,0.0013895000000000001,7.196833393306339
1787024577796,0.001389,1763659.0,0.00139,1483856.0,0.0013895000000000001,7.196833393306339
1787024577892,0.001389,1281377.0,0.00139,1483856.0,0.0013895000000000001,7.196833393306339
1787024577901,0.001389,1293252.0,0.00139,1495731.0,0.0013895000000000001,7.196833393306339
1787024577907,0.001389,679220.0,0.00139,1495731.0,0.0013895000000000001,7.196833393306339
1787024577945,0.001389,679220.0,0.00139,1895420.0,0.0013895000000000001,7.196833393306339
1787024577987,0.001389,1421572.0,0.00139,1895420.0,0.0013895000000000001,7.196833393306339
1787024577988,0.001389,1409697.0,0.00139,1895420.0,0.0013895000000000001,7.196833393306339
1787024578098,0.001389,1409697.0,0.00139,2202038.0,0.0013895000000000001,7.196833393306339
1787024578099,0.001389,1421572.0,0.00139,2202038.0,0.0013895000000000001,7.196833393306339
1787024578298,0.001389,1421572.0,0.00139,2594849.0,0.0013895000000000001,7.196833393306339
1787024578483,0.001389,1418907.0,0.00139,2594849.0,0.0013895000000000001,7.196833393306339
1787024578553,0.001389,1426622.0,0.00139,2594849.0,0.0013895000000000001,7.196833393306339
1787024578747,0.001389,1282686.0,0.00139,2594849.0,0.0013895000000000001,7.196833393306339
1787024578796,0.001389,1282686.0,0.00139,2602045.0,0.0013895000000000001,7.196833393306339
1787024578799,0.001389,1282686.0,0.00139,2209234.0,0.0013895000000000001,7.196833393306339
1787024578801,0.001389,1282686.0,0.00139,2197359.0,0.0013895000000000001,7.196833393306339
1787024578802,0.001389,1282686.0,0.00139,2209234.0,0.0013895000000000001,7.196833393306339
1787024578830,0.001389,1282686.0,0.00139,2313342.0,0.0013895000000000001,7.196833393306339
1787024578862,0.001389,1282686.0,0.00139,2337474.0,0.0013895000000000001,7.196833393306339
1787024578899,0.001389,1282686.0,0.00139,2730285.0,0.0013895000000000001,7.196833393306339
1787024578911,0.001389,1282686.0,0.00139,3048336.0,0.0013895000000000001,7.196833393306339
1787024578913,0.001389,51992.0,0.00139,3048336.0,0.0013895000000000001,7.196833393306339
1787024578914,0.001388,1766479.0,0.001389,482282.0,0.0013885,7.202016564639054
1787024578915,0.001388,1762807.0,0.001389,498307.0,0.0013885,7.202016564639054
1787024578916,0.001388,1490964.0,0.001389,524368.0,0.0013885,7.202016564639054
1787024578917,0.001388,1873551.0,0.001389,711656.0,0.0013885,7.202016564639054
1787024578919,0.001388,1873551.0,0.001389,760133.0,0.0013885,7.202016564639054
1787024578920,0.001388,1892771.0,0.001389,760133.0,0.0013885,7.202016564639054
1787024578921,0.001388,1092771.0,0.001389,989036.0,0.0013885,7.202016564639054
1787024578955,0.001388,1092771.0,0.001389,994438.0,0.0013885,7.202016564639054
1787024578984,0.001388,873009.0,0.001389,994438.0,0.0013885,7.202016564639054
1787024578986,0.001388,644106.0,0.001389,994438.0,0.0013885,7.202016564639054
1787024578989,0.001388,535919.0,0.001389,994438.0,0.0013885,7.202016564639054
1787024578990,0.001388,632873.0,0.001389,994438.0,0.0013885,7.202016564639054
1787024578991,0.001388,704919.0,0.001389,994438.0,0.0013885,7.202016564639054
1787024578992,0.001388,560774.0,0.001389,994438.0,0.0013885,7.202016564639054
1787024578993,0.001388,560774.0,0.001389,1545676.0,0.0013885,7.202016564639054
1787024578994,0.001388,560774.0,0.001389,994438.0,0.0013885,7.202016564639054
1787024578999,0.001388,560774.0,0.001389,1008843.0,0.0013885,7.202016564639054
1787024579098,0.001388,560774.0,0.001389,1315641.0,0.0013885,7.202016564639054
1787024579099,0.001388,560774.0,0.001389,1708452.0,0.0013885,7.202016564639054
1787024579112,0.001388,572658.0,0.001389,1720336.0,0.0013885,7.202016564639054
1787024579157,0.001388,572658.0,0.001389,2545452.0,0.0013885,7.202016564639054
1787024579161,0.001388,572658.0,0.001389,3347682.0,0.0013885,7.202016564639054
1787024579167,0.001388,500612.0,0.001389,3347682.0,0.0013885,7.202016564639054
1787024579397,0.001388,500612.0,0.001389,3400025.0,0.0013885,7.202016564639054
1787024579399,0.001388,500612.0,0.001389,3422959.0,0.0013885,7.202016564639054
1787024579465,0.001387,3300187.0,0.001389,3422959.0,0.001388,14.409221902017642
1787024579466,0.001387,2572710.0,0.001388,1252702.0,0.0013874999999999998,7.2072072072066025
1787024579467,0.001387,2367070.0,0.001388,771025.0,0.0013874999999999998,7.2072072072066025
1787024579468,0.001387,1541026.0,0.001388,990425.0,0.0013874999999999998,7.2072072072066025
1787024579469,0.001387,1769929.0,0.001388,909861.0,0.0013874999999999998,7.2072072072066025
1787024579475,0.001387,1627631.0,0.001388,909861.0,0.0013874999999999998,7.2072072072066025
1787024579476,0.001387,510044.0,0.001388,909861.0,0.0013874999999999998,7.2072072072066025
1787024579478,0.001387,582142.0,0.001388,909861.0,0.0013874999999999998,7.2072072072066025
1787024579479,0.001387,582142.0,0.001388,909861.0,0.0013874999999999998,7.2072072072066025
1787024579498,0.001387,582142.0,0.001388,924277.0,0.0013874999999999998,7.2072072072066025
1787024579555,0.001387,580481.0,0.001388,924277.0,0.0013874999999999998,7.2072072072066025
1787024579556,0.001387,592373.0,0.001388,924277.0,0.0013874999999999998,7.2072072072066025
1787024579566,0.001387,599317.0,0.001388,924277.0,0.0013874999999999998,7.2072072072066025
1787024579575,0.001387,599317.0,0.001388,936169.0,0.0013874999999999998,7.2072072072066025
1787024579600,0.001387,599317.0,0.001388,1328980.0,0.0013874999999999998,7.2072072072066025
1787024579688,0.001387,1409361.0,0.001388,1328980.0,0.0013874999999999998,7.2072072072066025
1787024579689,0.001387,1409361.0,0.001388,2215715.0,0.0013874999999999998,7.2072072072066025
1787024579690,0.001387,1409361.0,0.001388,2215715.0,0.0013874999999999998,7.2072072072066025
1787024579801,0.001387,1409361.0,0.001388,1822904.0,0.0013874999999999998,7.2072072072066025
1787024579843,0.001387,1409361.0,0.001388,1826867.0,0.0013874999999999998,7.2072072072066025
1787024580011,0.001387,1337263.0,0.001388,1826867.0,0.0013874999999999998,7.2072072072066025
1787024580012,0.001387,1337262.0,0.001388,1826867.0,0.0013874999999999998,7.2072072072066025
1787024580097,0.001387,1337262.0,0.001388,1980265.0,0.0013874999999999998,7.2072072072066025
1787024580098,0.001387,1337262.0,0.001388,2133663.0,0.0013874999999999998,7.2072072072066025
1787024580107,0.001387,1566165.0,0.001388,2133663.0,0.0013874999999999998,7.2072072072066025
1787024580336,0.001387,1566165.0,0.001388,1246928.0,0.0013874999999999998,7.2072072072066025
1787024580337,0.001387,1566165.0,0.001388,1027528.0,0.0013874999999999998,7.2072072072066025
1787024580339,0.001387,1566165.0,0.001388,798625.0,0.0013874999999999998,7.2072072072066025
1787024580557,0.001387,1566165.0,0.001388,920376.0,0.0013874999999999998,7.2072072072066025
1787024580595,0.001387,1566165.0,0.001388,1779072.0,0.0013874999999999998,7.2072072072066025
1787024580596,0.001387,1566165.0,0.001388,1779072.0,0.0013874999999999998,7.2072072072066025
1787024580765,0.001387,1563953.0,0.001388,1779072.0,0.0013874999999999998,7.2072072072066025
1787024580967,0.001387,1563953.0,0.001388,2007975.0,0.0013874999999999998,7.2072072072066025
1787024581098,0.001387,1563953.0,0.001388,1854577.0,0.0013874999999999998,7.2072072072066025
1787024581099,0.001387,1563953.0,0.001388,1701179.0,0.0013874999999999998,7.2072072072066025
1787024581681,0.001387,1717344.0,0.001388,1701179.0,0.0013874999999999998,7.2072072072066025
1787024581796,0.001387,1724551.0,0.001388,1701179.0,0.0013874999999999998,7.2072072072066025
1787024581825,0.001387,1723431.0,0.001388,1701179.0,0.0013874999999999998,7.2072072072066025
1787024581877,0.001387,1581133.0,0.001388,1701179.0,0.0013874999999999998,7.2072072072066025
1787024581912,0.001387,1581133.0,0.001388,1484884.0,0.0013874999999999998,7.2072072072066025
1787024581915,0.001387,1581133.0,0.001388,626188.0,0.0013874999999999998,7.2072072072066025
1787024581917,0.001387,1581133.0,0.001388,674665.0,0.0013874999999999998,7.2072072072066025
1787024581918,0.001387,1581133.0,0.001388,626188.0,0.0013874999999999998,7.2072072072066025
1787024582190,0.001387,1581133.0,0.001388,674665.0,0.0013874999999999998,7.2072072072066025
1787024582192,0.001387,1581133.0,0.001388,1548989.0,0.0013874999999999998,7.2072072072066025
1787024582193,0.001387,1581133.0,0.001388,1548989.0,0.0013874999999999998,7.2072072072066025
1787024582301,0.001387,1573926.0,0.001388,1548989.0,0.0013874999999999998,7.2072072072066025
1787024582843,0.001387,1532071.0,0.001388,1548989.0,0.0013874999999999998,7.2072072072066025
1787024582862,0.001387,1529794.0,0.001388,1548989.0,0.0013874999999999998,7.2072072072066025
1787024583124,0.001387,1529794.0,0.001388,674665.0,0.0013874999999999998,7.2072072072066025
1787024583125,0.001387,1529794.0,0.001388,626188.0,0.0013874999999999998,7.2072072072066025
1787024583232,0.001387,1696865.0,0.001388,626188.0,0.0013874999999999998,7.2072072072066025
1787024583255,0.001387,1696865.0,0.001388,429402.0,0.0013874999999999998,7.2072072072066025
1787024583256,0.001387,2466471.0,0.001388,200499.0,0.0013874999999999998,7.2072072072066025
1787024583257,0.001387,2466471.0,0.001388,200499.0,0.0013874999999999998,7.2072072072066025
1787024583925,0.001387,2465110.0,0.001388,200499.0,0.0013874999999999998,7.2072072072066025
1787024583932,0.001387,2465110.0,0.001388,957770.0,0.0013874999999999998,7.2072072072066025
1787024583933,0.001387,1695504.0,0.001388,1006247.0,0.0013874999999999998,7.2072072072066025
1787024583962,0.001387,1695504.0,0.001388,248976.0,0.0013874999999999998,7.2072072072066025
1787024583999,0.001387,1695504.0,0.001388,200499.0,0.0013874999999999998,7.2072072072066025
1787024584001,0.001387,1695504.0,0.001388,248976.0,0.0013874999999999998,7.2072072072066025
1787024584006,0.001387,1695504.0,0.001388,264258.0,0.0013874999999999998,7.2072072072066025
1787024584166,0.001387,1695504.0,0.001388,1075170.0,0.0013874999999999998,7.2072072072066025
1787024584167,0.001387,1695504.0,0.001388,1075170.0,0.0013874999999999998,7.2072072072066025
1787024584189,0.001387,1695504.0,0.001388,1304073.0,0.0013874999999999998,7.2072072072066025
1787024584964,0.001387,1691184.0,0.001388,1304073.0,0.0013874999999999998,7.2072072072066025
1787024585156,0.001387,1691184.0,0.001388,1300053.0,0.0013874999999999998,7.2072072072066025
1787024585358,0.001387,1689678.0,0.001388,1300053.0,0.0013874999999999998,7.2072072072066025
1787024586347,0.001387,1686648.0,0.001388,1300053.0,0.0013874999999999998,7.2072072072066025
1787024586689,0.001387,1686648.0,0.001388,1144697.0,0.0013874999999999998,7.2072072072066025
1787024586690,0.001387,1686648.0,0.001388,1148660.0,0.0013874999999999998,7.2072072072066025
1787024586691,0.001387,1686648.0,0.001388,337748.0,0.0013874999999999998,7.2072072072066025
1787024586692,0.001387,1686648.0,0.001388,108845.0,0.0013874999999999998,7.2072072072066025
1787024586693,0.001387,1686648.0,0.001388,93563.0,0.0013874999999999998,7.2072072072066025
1787024586694,0.001387,2156106.0,0.001388,93563.0,0.0013874999999999998,7.2072072072066025
1787024586695,0.001387,2156106.0,0.001388,81671.0,0.0013874999999999998,7.2072072072066025
1787024586948,0.001387,2156106.0,0.001388,93563.0,0.0013874999999999998,7.2072072072066025
1787024586951,0.001387,2156106.0,0.001388,142040.0,0.0013874999999999998,7.2072072072066025
1787024587611,0.001387,2153166.0,0.001388,142040.0,0.0013874999999999998,7.2072072072066025
1787024587886,0.001387,2153166.0,0.001388,921003.0,0.0013874999999999998,7.2072072072066025
1787024587888,0.001387,2153166.0,0.001388,921003.0,0.0013874999999999998,7.2072072072066025
1787024587992,0.001387,2153166.0,0.001388,142040.0,0.0013874999999999998,7.2072072072066025
1787024588096,0.001387,2305141.0,0.001388,142040.0,0.0013874999999999998,7.2072072072066025
1787024588097,0.001387,2457116.0,0.001388,142040.0,0.0013874999999999998,7.2072072072066025
1787024588099,0.001387,2487707.0,0.001388,142040.0,0.0013874999999999998,7.2072072072066025
1787024588101,0.001387,2487707.0,0.001388,93563.0,0.0013874999999999998,7.2072072072066025
1787024588102,0.001387,2487707.0,0.001389,1719254.0,0.001388,14.409221902017642
1787024588103,0.001388,230207.0,0.001389,1715458.0,0.0013885,7.202016564639054
1787024588104,0.001388,446502.0,0.001389,1166444.0,0.0013885,7.202016564639054
1787024588105,0.001388,498942.0,0.001389,1326425.0,0.0013885,7.202016564639054
1787024588106,0.001388,547419.0,0.001389,1320365.0,0.0013885,7.202016564639054
1787024588107,0.001388,498942.0,0.001389,1320365.0,0.0013885,7.202016564639054
1787024588125,0.001388,450465.0,0.001389,1320365.0,0.0013885,7.202016564639054
1787024588143,0.001388,603856.0,0.001389,1320365.0,0.0013885,7.202016564639054
1787024588144,0.001388,615740.0,0.001389,1332249.0,0.0013885,7.202016564639054
1787024588199,0.001388,615740.0,0.001389,2201099.0,0.0013885,7.202016564639054
1787024588299,0.001388,622942.0,0.001389,2201099.0,0.0013885,7.202016564639054
1787024588355,0.001388,622942.0,0.001389,2197137.0,0.0013885,7.202016564639054
1787024588501,0.001388,1676050.0,0.001389,1108525.0,0.0013885,7.202016564639054
1787024588502,0.001388,1712643.0,0.001389,867738.0,0.0013885,7.202016564639054
1787024588677,0.001388,1724527.0,0.001389,879622.0,0.0013885,7.202016564639054
1787024588716,0.001388,1724527.0,0.001389,1626057.0,0.0013885,7.202016564639054
1787024588798,0.001388,1717325.0,0.001389,1626057.0,0.0013885,7.202016564639054
1787024588816,0.001388,1724269.0,0.001389,1626057.0,0.0013885,7.202016564639054
1787024588960,0.001388,1727943.0,0.001389,1626057.0,0.0013885,7.202016564639054
1787024588989,0.001388,1724847.0,0.001389,1626057.0,0.0013885,7.202016564639054
1787024589021,0.001388,1891918.0,0.001389,1626057.0,0.0013885,7.202016564639054
1787024589298,0.001388,1899120.0,0.001389,1626057.0,0.0013885,7.202016564639054
1787024589716,0.001388,1899120.0,0.001389,1630006.0,0.0013885,7.202016564639054
1787024590065,0.001388,1897139.0,0.001389,1630006.0,0.0013885,7.202016564639054
1787024590799,0.001388,1889937.0,0.001389,1630006.0,0.0013885,7.202016564639054
1787024591084,0.001388,1886973.0,0.001389,1630006.0,0.0013885,7.202016564639054
1787024591177,0.001388,1886973.0,0.001389,598788.0,0.0013885,7.202016564639054
1787024591178,0.001389,492092.0,0.00139,1494180.0,0.0013895000000000001,7.196833393306339
1787024591179,0.001389,1754976.0,0.00139,1325114.0,0.0013895000000000001,7.196833393306339
1787024591180,0.001389,1326120.0,0.00139,1325114.0,0.0013895000000000001,7.196833393306339
1787024591181,0.001389,1304938.0,0.00139,1325114.0,0.0013895000000000001,7.196833393306339
1787024591183,0.001389,1458329.0,0.00139,1325114.0,0.0013895000000000001,7.196833393306339
1787024591190,0.001389,1939622.0,0.00139,1291174.0,0.0013895000000000001,7.196833393306339
1787024591193,0.00139,1655927.0,0.001391,2403919.0,0.0013905,7.191657677095526
1787024591194,0.00139,3360182.0,0.001391,1590035.0,0.0013905,7.191657677095526
1787024591195,0.00139,632628.0,0.001391,1180853.0,0.0013905,7.191657677095526
1787024591196,0.00139,632628.0,0.001391,964301.0,0.0013905,7.191657677095526
1787024591197,0.00139,786019.0,0.001391,964301.0,0.0013905,7.191657677095526
1787024591203,0.00139,834496.0,0.001391,964301.0,0.0013905,7.191657677095526
1787024591206,0.00139,834496.0,0.001391,966347.0,0.0013905,7.191657677095526
1787024591244,0.00139,786019.0,0.001391,966347.0,0.0013905,7.191657677095526
1787024591296,0.00139,786019.0,0.001391,980731.0,0.0013905,7.191657677095526
1787024591363,0.00139,797886.0,0.001391,980731.0,0.0013905,7.191657677095526
1787024591364,0.00139,797886.0,0.001391,992598.0,0.0013905,7.191657677095526
1787024591367,0.00139,797886.0,0.001391,988456.0,0.0013905,7.191657677095526
1787024591368,0.00139,797886.0,0.001391,984500.0,0.0013905,7.191657677095526
1787024591394,0.00139,797886.0,0.001391,1735815.0,0.0013905,7.191657677095526
1787024591400,0.00139,828477.0,0.001391,1735815.0,0.0013905,7.191657677095526
1787024591401,0.00139,832436.0,0.001391,1735815.0,0.0013905,7.191657677095526
1787024591404,0.00139,832436.0,0.001391,1684074.0,0.0013905,7.191657677095526
1787024591449,0.00139,1566921.0,0.001391,1684074.0,0.0013905,7.191657677095526
1787024591456,0.00139,1795824.0,0.001391,1684074.0,0.0013905,7.191657677095526
1787024591457,0.00139,1783957.0,0.001391,1684074.0,0.0013905,7.191657677095526
1787024591469,0.00139,1795824.0,0.001391,1684074.0,0.0013905,7.191657677095526
1787024591548,0.00139,1795824.0,0.001391,1612359.0,0.0013905,7.191657677095526
1787024591599,0.00139,1765233.0,0.001391,1612359.0,0.0013905,7.191657677095526
1787024591695,0.00139,1765233.0,0.001391,1606598.0,0.0013905,7.191657677095526
1787024591698,0.00139,1765233.0,0.001391,855283.0,0.0013905,7.191657677095526
1787024591699,0.00139,1765233.0,0.001391,855283.0,0.0013905,7.191657677095526
1787024591809,0.00139,1772177.0,0.001391,855283.0,0.0013905,7.191657677095526
1787024591914,0.00139,1772177.0,0.001391,1685719.0,0.0013905,7.191657677095526
1787024592093,0.00139,1776134.0,0.001391,1685719.0,0.0013905,7.191657677095526
1787024592118,0.00139,1943205.0,0.001391,1685719.0,0.0013905,7.191657677095526
1787024592217,0.00139,1940290.0,0.001391,1685719.0,0.0013905,7.191657677095526
1787024592276,0.00139,1940290.0,0.001391,1696022.0,0.0013905,7.191657677095526
1787024592297,0.00139,1947481.0,0.001391,1696022.0,0.0013905,7.191657677095526
1787024592399,0.00139,1947481.0,0.001391,1645996.0,0.0013905,7.191657677095526
1787024592400,0.00139,1947481.0,0.001391,1634129.0,0.0013905,7.191657677095526
1787024592401,0.00139,1947481.0,0.001391,1645996.0,0.0013905,7.191657677095526
1787024592587,0.00139,1947481.0,0.001391,1466140.0,0.0013905,7.191657677095526
1787024592589,0.00139,1947481.0,0.001391,406269.0,0.0013905,7.191657677095526
1787024592591,0.00139,1947481.0,0.001391,247904.0,0.0013905,7.191657677095526
1787024592592,0.00139,1947481.0,0.001391,31352.0,0.0013905,7.191657677095526
1787024592593,0.00139,1947481.0,0.001391,71916.0,0.0013905,7.191657677095526
1787024592655,0.00139,1947481.0,0.001391,77310.0,0.0013905,7.191657677095526
1787024592674,0.00139,1897481.0,0.001391,77310.0,0.0013905,7.191657677095526
1787024592676,0.00139,1897481.0,0.001391,125787.0,0.0013905,7.191657677095526
1787024592677,0.00139,1897481.0,0.001391,137654.0,0.0013905,7.191657677095526
1787024592801,0.00139,1890290.0,0.001391,137654.0,0.0013905,7.191657677095526
1787024592889,0.00139,1890290.0,0.001391,886949.0,0.0013905,7.191657677095526
1787024592891,0.00139,1890290.0,0.001391,886949.0,0.0013905,7.191657677095526
1787024593225,0.00139,1888960.0,0.001391,886949.0,0.0013905,7.191657677095526
1787024593534,0.00139,1888960.0,0.001391,1039624.0,0.0013905,7.191657677095526
1787024593765,0.00139,1878960.0,0.001391,1039624.0,0.0013905,7.191657677095526
1787024593766,0.00139,1873960.0,0.001391,1039624.0,0.0013905,7.191657677095526
1787024593781,0.00139,1873960.0,0.001391,1268527.0,0.0013905,7.191657677095526
1787024593844,0.00139,1139475.0,0.001391,1268527.0,0.0013905,7.191657677095526
1787024593987,0.00139,1120173.0,0.001391,1268527.0,0.0013905,7.191657677095526
1787024594046,0.00139,1906670.0,0.001391,1268527.0,0.0013905,7.191657677095526
1787024594047,0.00139,1894803.0,0.001391,1268527.0,0.0013905,7.191657677095526
1787024594048,0.00139,1906670.0,0.001391,1268527.0,0.0013905,7.191657677095526
1787024594098,0.00139,1906670.0,0.001391,1419531.0,0.0013905,7.191657677095526
1787024594571,0.00139,1904739.0,0.001391,1419531.0,0.0013905,7.191657677095526
1787024595059,0.00139,1904739.0,0.001392,1260064.0,0.0013909999999999999,14.378145219267065
1787024595060,0.001391,1822561.0,0.001392,503845.0,0.0013915,7.186489399927531
1787024595061,0.001391,2500082.0,0.001392,1418467.0,0.0013915,7.186489399927531
1787024595062,0.001391,1900082.0,0.001392,172636.0,0.0013915,7.186489399927531
1787024595063,0.001391,1900082.0,0.001392,107904.0,0.0013915,7.186489399927531
1787024595064,0.001391,1900082.0,0.001392,327451.0,0.0013915,7.186489399927531
1787024595065,0.001391,1900082.0,0.001392,375928.0,0.0013915,7.186489399927531
1787024595067,0.001391,1900082.0,0.001392,327451.0,0.0013915,7.186489399927531
1787024595068,0.001391,1900082.0,0.001392,293761.0,0.0013915,7.186489399927531
1787024595096,0.001391,1900082.0,0.001392,308130.0,0.0013915,7.186489399927531
1787024595115,0.001391,1900082.0,0.001392,313520.0,0.0013915,7.186489399927531
1787024595117,0.001391,1900082.0,0.001392,361997.0,0.0013915,7.186489399927531
1787024595127,0.001391,1900082.0,0.001392,313520.0,0.0013915,7.186489399927531
1787024595141,0.001391,1900082.0,0.001392,93973.0,0.0013915,7.186489399927531
1787024595161,0.001391,2053473.0,0.001392,93973.0,0.0013915,7.186489399927531
1787024595170,0.001391,1903314.0,0.001392,93973.0,0.0013915,7.186489399927531
1787024595172,0.001391,1903314.0,0.001392,142450.0,0.0013915,7.186489399927531
1787024595180,0.001391,1903314.0,0.001392,371353.0,0.0013915,7.186489399927531
1787024595190,0.001391,1915172.0,0.001392,383211.0,0.0013915,7.186489399927531
1787024595240,0.001391,1915172.0,0.001392,602758.0,0.0013915,7.186489399927531
1787024595241,0.001391,1201255.0,0.001392,602758.0,0.0013915,7.186489399927531
1787024595251,0.001391,1152778.0,0.001392,602758.0,0.0013915,7.186489399927531
1787024595332,0.001391,1142477.0,0.001392,602758.0,0.0013915,7.186489399927531
1787024595344,0.001391,1131405.0,0.001392,602758.0,0.0013915,7.186489399927531
1787024595358,0.001391,1131405.0,0.001392,606714.0,0.0013915,7.186489399927531
1787024595360,0.001391,1131405.0,0.001392,602758.0,0.0013915,7.186489399927531
1787024595361,0.001391,1139328.0,0.001392,602758.0,0.0013915,7.186489399927531
1787024595402,0.001391,1139328.0,0.001392,995569.0,0.0013915,7.186489399927531
1787024595403,0.001391,1139328.0,0.001392,995569.0,0.0013915,7.186489399927531
1787024595456,0.001391,1945875.0,0.001392,1367847.0,0.0013915,7.186489399927531
1787024595501,0.001391,1945875.0,0.001392,975036.0,0.0013915,7.186489399927531
1787024595599,0.001391,1945875.0,0.001392,1367847.0,0.0013915,7.186489399927531
1787024595600,0.001391,1945875.0,0.001392,1355989.0,0.0013915,7.186489399927531
1787024595601,0.001391,1945875.0,0.001392,1367847.0,0.0013915,7.186489399927531
1787024595707,0.001391,1943057.0,0.001392,1367847.0,0.0013915,7.186489399927531
1787024595807,0.001391,1950001.0,0.001392,1367847.0,0.0013915,7.186489399927531
1787024595900,0.001391,1950001.0,0.001392,975036.0,0.0013915,7.186489399927531
1787024595974,0.001391,1950001.0,0.001392,978988.0,0.0013915,7.186489399927531
1787024596090,0.001391,2117072.0,0.001392,978988.0,0.0013915,7.186489399927531
1787024596401,0.001391,2117072.0,0.001392,1371799.0,0.0013915,7.186489399927531
1787024596521,0.001391,2117072.0,0.001392,999521.0,0.0013915,7.186489399927531
1787024596589,0.001391,2117072.0,0.001392,779974.0,0.0013915,7.186489399927531
1787024596590,0.001391,2117072.0,0.001392,768116.0,0.0013915,7.186489399927531
1787024596591,0.001391,2117072.0,0.001392,779974.0,0.0013915,7.186489399927531
1787024596600,0.001391,2117072.0,0.001392,387163.0,0.0013915,7.186489399927531
1787024596602,0.001391,2117072.0,0.001392,109783.0,0.0013915,7.186489399927531
1787024596763,0.001391,2114671.0,0.001392,109783.0,0.0013915,7.186489399927531
1787024596862,0.001391,2100277.0,0.001392,109783.0,0.0013915,7.186489399927531
1787024596900,0.001391,2130868.0,0.001392,109783.0,0.0013915,7.186489399927531
1787024597098,0.001391,2281577.0,0.001392,109783.0,0.0013915,7.186489399927531
1787024597099,0.001391,2571137.0,0.001392,109783.0,0.0013915,7.186489399927531
1787024597100,0.001392,747804.0,0.001393,2591102.0,0.0013925,7.181328545780365
1787024597101,0.001392,783766.0,0.001393,907303.0,0.0013925,7.181328545780365
1787024597102,0.001392,1082232.0,0.001393,704901.0,0.0013925,7.181328545780365
1787024597103,0.001392,1209495.0,0.001393,347257.0,0.0013925,7.181328545780365
1787024597104,0.001392,1188409.0,0.001393,151126.0,0.0013925,7.181328545780365
1787024597105,0.001392,1192361.0,0.001393,187753.0,0.0013925,7.181328545780365
1787024597107,0.001392,1113575.0,0.001393,187753.0,0.0013925,7.181328545780365
1787024597108,0.001392,1113575.0,0.001393,231321.0,0.0013925,7.181328545780365
1787024597124,0.001392,1113575.0,0.001393,182844.0,0.0013925,7.181328545780365
1787024597127,0.001392,1113575.0,0.001393,187155.0,0.0013925,7.181328545780365
1787024597177,0.001392,1113575.0,0.001393,135414.0,0.0013925,7.181328545780365
1787024597195,0.001392,1113575.0,0.001393,149773.0,0.0013925,7.181328545780365
1787024597238,0.001392,1125425.0,0.001393,161623.0,0.0013925,7.181328545780365
1787024597300,0.001392,1156016.0,0.001393,161623.0,0.0013925,7.181328545780365
1787024597303,0.001392,1975300.0,0.001393,161623.0,0.0013925,7.181328545780365
1787024597304,0.001392,1975300.0,0.001393,95840.0,0.0013925,7.181328545780365
1787024597305,0.001392,1975300.0,0.001393,99789.0,0.0013925,7.181328545780365
1787024597307,0.001393,848061.0,0.001394,2183084.0,0.0013935,7.17617509867336
1787024597308,0.001393,920776.0,0.001394,1000947.0,0.0013935,7.17617509867336
1787024597309,0.001393,920776.0,0.001394,1126899.0,0.0013935,7.17617509867336
1787024597312,0.001393,920776.0,0.001394,852521.0,0.0013935,7.17617509867336
1787024597313,0.001393,920776.0,0.001394,817066.0,0.0013935,7.17617509867336
1787024597315,0.001393,920776.0,0.001394,865543.0,0.0013935,7.17617509867336
1787024597331,0.001393,910008.0,0.001394,865543.0,0.0013935,7.17617509867336
1787024597355,0.001393,910008.0,0.001394,870926.0,0.0013935,7.17617509867336
1787024597375,0.001393,910008.0,0.001394,866962.0,0.0013935,7.17617509867336
1787024597397,0.001393,910008.0,0.001394,881314.0,0.0013935,7.17617509867336
1787024597408,0.001393,933736.0,0.001394,893155.0,0.0013935,7.17617509867336
1787024597409,0.001393,1087127.0,0.001394,893155.0,0.0013935,7.17617509867336
1787024597500,0.001393,1117718.0,0.001394,893155.0,0.0013935,7.17617509867336
1787024597515,0.001393,2012976.0,0.001394,1290930.0,0.0013935,7.17617509867336
1787024597516,0.001393,2012976.0,0.001394,1290930.0,0.0013935,7.17617509867336
1787024597725,0.001393,2009925.0,0.001394,1290930.0,0.0013935,7.17617509867336
1787024597808,0.001393,2016869.0,0.001394,1290930.0,0.0013935,7.17617509867336
1787024597901,0.001393,1986278.0,0.001394,1290930.0,0.0013935,7.17617509867336
1787024598018,0.001393,1990227.0,0.001394,1290930.0,0.0013935,7.17617509867336
1787024598055,0.001393,1990227.0,0.001394,1279063.0,0.0013935,7.17617509867336
1787024598056,0.001393,1990227.0,0.001394,624813.0,0.0013935,7.17617509867336
1787024598057,0.001393,1990227.0,0.001394,612972.0,0.0013935,7.17617509867336
1787024598061,0.001393,964458.0,0.001394,832519.0,0.0013935,7.17617509867336
1787024598062,0.001392,1693999.0,0.001393,35148.0,0.0013925,7.181328545780365
1787024598063,0.001392,1245361.0,0.001393,280984.0,0.0013925,7.181328545780365
1787024598064,0.001392,1712447.0,0.001393,558364.0,0.0013925,7.181328545780365
1787024598065,0.001392,1712447.0,0.001393,338817.0,0.0013925,7.181328545780365
1787024598068,0.001392,1712447.0,0.001393,109914.0,0.0013925,7.181328545780365
1787024598086,0.001392,1712447.0,0.001393,83625.0,0.0013925,7.181328545780365
1787024598130,0.001392,1879518.0,0.001393,83625.0,0.0013925,7.181328545780365
1787024598132,0.001392,1879518.0,0.001393,312528.0,0.0013925,7.181328545780365
1787024598134,0.001392,1879518.0,0.001393,361005.0,0.0013925,7.181328545780365
1787024598136,0.001392,1771331.0,0.001393,361005.0,0.0013925,7.181328545780365
1787024598138,0.001392,1318568.0,0.001393,361005.0,0.0013925,7.181328545780365
1787024598139,0.001392,1318568.0,0.001393,580552.0,0.0013925,7.181328545780365
1787024598140,0.001392,1318568.0,0.001393,1380552.0,0.0013925,7.181328545780365
1787024598141,0.001392,1270091.0,0.001393,2231323.0,0.0013925,7.181328545780365
1787024598196,0.001392,1270091.0,0.001393,2245687.0,0.0013925,7.181328545780365
1787024598207,0.001392,1281941.0,0.001393,2245687.0,0.0013925,7.181328545780365
1787024598208,0.001392,1281941.0,0.001393,2257537.0,0.0013925,7.181328545780365
1787024598219,0.001392,1281941.0,0.001393,2261486.0,0.0013925,7.181328545780365
1787024598277,0.001392,1281941.0,0.001393,2672848.0,0.0013925,7.181328545780365
1787024598298,0.001392,1289122.0,0.001393,2672848.0,0.0013925,7.181328545780365
1787024598299,0.001392,1289122.0,0.001393,3065659.0,0.0013925,7.181328545780365
1787024598357,0.001392,1285169.0,0.001393,3065659.0,0.0013925,7.181328545780365
1787024598374,0.001392,2160468.0,0.001393,3065659.0,0.0013925,7.181328545780365
1787024598375,0.001392,2160468.0,0.001393,2214888.0,0.0013925,7.181328545780365
1787024598636,0.001392,2160468.0,0.001393,2218834.0,0.0013925,7.181328545780365
1787024598796,0.001392,2153287.0,0.001393,2218834.0,0.0013925,7.181328545780365
1787024598797,0.001392,2151951.0,0.001393,2218834.0,0.0013925,7.181328545780365
1787024598812,0.001392,2158200.0,0.001393,2218834.0,0.0013925,7.181328545780365
1787024598899,0.001392,2158200.0,0.001393,1826023.0,0.0013925,7.181328545780365
1787024598910,0.001392,2329400.0,0.001393,1826023.0,0.0013925,7.181328545780365
1787024599029,0.001392,2329400.0,0.001393,1864785.0,0.0013925,7.181328545780365
1787024599072,0.001392,2329400.0,0.001393,1843357.0,0.0013925,7.181328545780365
1787024599075,0.001392,2329400.0,0.001393,1212448.0,0.0013925,7.181328545780365
1787024599076,0.001392,2558303.0,0.001393,1212448.0,0.0013925,7.181328545780365
1787024599077,0.001392,2546453.0,0.001393,1212448.0,0.0013925,7.181328545780365
1787024599078,0.001392,2558303.0,0.001393,1212448.0,0.0013925,7.181328545780365
1787024599119,0.001392,2558303.0,0.001393,983545.0,0.0013925,7.181328545780365
1787024599278,0.001392,2558303.0,0.001393,1400895.0,0.0013925,7.181328545780365
1787024599376,0.001392,2558303.0,0.001393,983545.0,0.0013925,7.181328545780365
1787024599789,0.001392,2555643.0,0.001393,983545.0,0.0013925,7.181328545780365
1787024600009,0.001392,2555643.0,0.001393,944783.0,0.0013925,7.181328545780365
1787024600098,0.001392,2856177.0,0.001393,944783.0,0.0013925,7.181328545780365
1787024600296,0.001392,2863358.0,0.001393,944783.0,0.0013925,7.181328545780365
1787024600299,0.001392,2893949.0,0.001393,944783.0,0.0013925,7.181328545780365
1787024600393,0.001393,413081.0,0.001394,3555328.0,0.0013935,7.17617509867336
1787024600394,0.001393,892246.0,0.001394,3332116.0,0.0013935,7.17617509867336
1787024600395,0.001393,1125098.0,0.001394,2378163.0,0.0013935,7.17617509867336
1787024600396,0.001393,927203.0,0.001394,2378163.0,0.0013935,7.17617509867336
1787024600397,0.001393,975680.0,0.001394,1563816.0,0.0013935,7.17617509867336
1787024600398,0.001393,975680.0,0.001394,1578170.0,0.0013935,7.17617509867336
1787024600399,0.001393,975680.0,0.001394,1363918.0,0.0013935,7.17617509867336
1787024600400,0.001393,1146880.0,0.001394,1363918.0,0.0013935,7.17617509867336
1787024600401,0.001393,1136112.0,0.001394,1363918.0,0.0013935,7.17617509867336
1787024600423,0.001393,1136112.0,0.001394,1371489.0,0.0013935,7.17617509867336
1787024600459,0.001393,1087635.0,0.001394,1371489.0,0.0013935,7.17617509867336
1787024600460,0.001393,1136112.0,0.001394,1371489.0,0.0013935,7.17617509867336
1787024600461,0.001393,1147953.0,0.001394,1383330.0,0.0013935,7.17617509867336
1787024600463,0.001393,1697162.0,0.001394,1383330.0,0.0013935,7.17617509867336
1787024600464,0.001393,1697162.0,0.001394,1154427.0,0.0013935,7.17617509867336
1787024600479,0.001393,1697162.0,0.001394,454059.0,0.0013935,7.17617509867336
1787024600598,0.001393,2467775.0,0.001394,454059.0,0.0013935,7.17617509867336
1787024600599,0.001393,2455934.0,0.001394,454059.0,0.0013935,7.17617509867336
1787024600600,0.001393,2498366.0,0.001394,454059.0,0.0013935,7.17617509867336
1787024600712,0.001393,2498366.0,0.001394,430359.0,0.0013935,7.17617509867336
1787024600805,0.001393,2504615.0,0.001394,430359.0,0.0013935,7.17617509867336
1787024601041,0.001393,2502780.0,0.001394,430359.0,0.0013935,7.17617509867336
1787024601097,0.001393,2802944.0,0.001394,430359.0,0.0013935,7.17617509867336
1787024601228,0.001393,2253735.0,0.001394,430359.0,0.0013935,7.17617509867336
1787024601322,0.001393,2420806.0,0.001394,430359.0,0.0013935,7.17617509867336
1787024601401,0.001393,2390215.0,0.001394,430359.0,0.0013935,7.17617509867336
1787024601515,0.001394,144183.0,0.001395,3721261.0,0.0013945,7.171029042667021
1787024601516,0.001394,691147.0,0.001395,3116081.0,0.0013945,7.171029042667021
1787024601517,0.001394,913172.0,0.001395,2369752.0,0.0013945,7.171029042667021
1787024601518,0.001394,2133920.0,0.001395,2369752.0,0.0013945,7.171029042667021
1787024601519,0.001394,2133920.0,0.001395,1440395.0,0.0013945,7.171029042667021
1787024601520,0.001394,2305120.0,0.001395,1405528.0,0.0013945,7.171029042667021
1787024601521,0.001394,2534023.0,0.001395,1405528.0,0.0013945,7.171029042667021
1787024601529,0.001394,2534023.0,0.001395,1047089.0,0.0013945,7.171029042667021
1787024601531,0.001394,2534023.0,0.001395,1095566.0,0.0013945,7.171029042667021
1787024601571,0.001394,2534023.0,0.001395,1100945.0,0.0013945,7.171029042667021
1787024601595,0.001394,2534023.0,0.001395,1115285.0,0.0013945,7.171029042667021
1787024601599,0.001394,2564614.0,0.001395,1115285.0,0.0013945,7.171029042667021
1787024601708,0.001394,2576447.0,0.001395,1127118.0,0.0013945,7.171029042667021
1787024601822,0.001394,2576447.0,0.001395,1532584.0,0.0013945,7.171029042667021
1787024602003,0.001394,2576447.0,0.001395,1571290.0,0.0013945,7.171029042667021
1787024602006,0.001394,2545856.0,0.001395,1571290.0,0.0013945,7.171029042667021
1787024602031,0.001394,2543335.0,0.001395,1571290.0,0.0013945,7.171029042667021
1787024602072,0.001394,2543335.0,0.001395,1421131.0,0.0013945,7.171029042667021
1787024602097,0.001394,2693214.0,0.001395,1421131.0,0.0013945,7.171029042667021
1787024602098,0.001394,2843093.0,0.001395,1421131.0,0.0013945,7.171029042667021
1787024602298,0.001394,2850264.0,0.001395,1421131.0,0.0013945,7.171029042667021
1787024602365,0.001394,3017335.0,0.001395,1421131.0,0.0013945,7.171029042667021
1787024602698,0.001394,3017335.0,0.001395,1813942.0,0.0013945,7.171029042667021
1787024602797,0.001394,3010164.0,0.001395,1862247.0,0.0013945,7.171029042667021
1787024602798,0.001394,3010164.0,0.001395,1469436.0,0.0013945,7.171029042667021
1787024602799,0.001394,3010164.0,0.001395,1457603.0,0.0013945,7.171029042667021
1787024602800,0.001394,3010164.0,0.001395,1469436.0,0.0013945,7.171029042667021
1787024602801,0.001394,3016413.0,0.001395,1469436.0,0.0013945,7.171029042667021
1787024602977,0.001394,3014533.0,0.001395,1469436.0,0.0013945,7.171029042667021
1787024603005,0.001394,3014533.0,0.001395,1430730.0,0.0013945,7.171029042667021
1787024603268,0.001394,3014533.0,0.001395,1965239.0,0.0013945,7.171029042667021
1787024603377,0.001394,3019468.0,0.001395,1965239.0,0.0013945,7.171029042667021
1787024603400,0.001394,3019468.0,0.001395,2358050.0,0.0013945,7.171029042667021
1787024603441,0.001394,3019468.0,0.001395,2323324.0,0.0013945,7.171029042667021
1787024603442,0.001394,3019468.0,0.001395,1788815.0,0.0013945,7.171029042667021
1787024603443,0.001394,3019468.0,0.001395,1776982.0,0.0013945,7.171029042667021
1787024603445,0.001394,3019468.0,0.001395,1788815.0,0.0013945,7.171029042667021
1787024603598,0.001394,3019468.0,0.001395,1396004.0,0.0013945,7.171029042667021
1787024603656,0.001394,3019468.0,0.001395,1138435.0,0.0013945,7.171029042667021
1787024603658,0.001394,3019468.0,0.001395,732969.0,0.0013945,7.171029042667021
1787024603718,0.001394,3019468.0,0.001395,721128.0,0.0013945,7.171029042667021
1787024603719,0.001394,3019468.0,0.001395,709287.0,0.0013945,7.171029042667021
1787024603742,0.001394,3019468.0,0.001395,1243796.0,0.0013945,7.171029042667021
1787024603863,0.001394,3019468.0,0.001395,1655815.0,0.0013945,7.171029042667021
1787024603864,0.001394,3019468.0,0.001395,1655815.0,0.0013945,7.171029042667021
1787024603899,0.001394,3050059.0,0.001395,1655815.0,0.0013945,7.171029042667021
1787024603998,0.001394,3050059.0,0.001395,1884718.0,0.0013945,7.171029042667021
1787024603999,0.001394,3019468.0,0.001395,1884718.0,0.0013945,7.171029042667021
1787024604098,0.001394,2869589.0,0.001395,1884718.0,0.0013945,7.171029042667021
1787024604099,0.001394,2719710.0,0.001395,1884718.0,0.0013945,7.171029042667021
1787024604249,0.001394,2717832.0,0.001395,1884718.0,0.0013945,7.171029042667021
1787024604799,0.001394,2717832.0,0.001395,1350209.0,0.0013945,7.171029042667021
1787024604800,0.001394,2717832.0,0.001396,1431643.0,0.001395,14.336917562724363
1787024604801,0.001395,1096941.0,0.001396,1431643.0,0.0013955,7.165890361878414
1787024604802,0.001395,677209.0,0.001396,687353.0,0.0013955,7.165890361878414
1787024604803,0.001395,840004.0,0.001396,995420.0,0.0013955,7.165890361878414
1787024604804,0.001395,877728.0,0.001396,999360.0,0.0013955,7.165890361878414
1787024604808,0.001395,877728.0,0.001396,995216.0,0.0013955,7.165890361878414
1787024604830,0.001395,780424.0,0.001396,995216.0,0.0013955,7.165890361878414
1787024604832,0.001394,3592109.0,0.001396,1795216.0,0.001395,14.336917562724363
1787024604833,0.001394,2776576.0,0.001395,680252.0,0.0013945,7.171029042667021
1787024604834,0.001394,2038014.0,0.001395,1857661.0,0.0013945,7.171029042667021
1787024604836,0.001394,2049847.0,0.001395,1869494.0,0.0013945,7.171029042667021
1787024604837,0.001394,1870334.0,0.001395,1869494.0,0.0013945,7.171029042667021
1787024604838,0.001394,1870334.0,0.001395,1917971.0,0.0013945,7.171029042667021
1787024604895,0.001394,1699134.0,0.001395,1917971.0,0.0013945,7.171029042667021
1787024604898,0.001394,1699134.0,0.001395,1932313.0,0.0013945,7.171029042667021
1787024604899,0.001394,1699134.0,0.001395,2325124.0,0.0013945,7.171029042667021
1787024604903,0.001394,1699134.0,0.001395,2565476.0,0.0013945,7.171029042667021
1787024604907,0.001394,1555300.0,0.001395,2565476.0,0.0013945,7.171029042667021
1787024604908,0.001394,1333275.0,0.001395,2565476.0,0.0013945,7.171029042667021
1787024604909,0.001393,1618029.0,0.001394,482905.0,0.0013935,7.17617509867336
1787024604910,0.001393,1460238.0,0.001394,1632062.0,0.0013935,7.17617509867336
1787024604911,0.001393,1020574.0,0.001394,557727.0,0.0013935,7.17617509867336
1787024604912,0.001393,1020574.0,0.001394,510035.0,0.0013935,7.17617509867336
1787024604913,0.001393,1020574.0,0.001394,750387.0,0.0013935,7.17617509867336
1787024604935,0.001393,1020574.0,0.001394,397037.0,0.0013935,7.17617509867336
1787024604938,0.001393,1020574.0,0.001394,108208.0,0.0013935,7.17617509867336
1787024604959,0.001393,1020574.0,0.001394,113591.0,0.0013935,7.17617509867336
1787024604981,0.001393,1020574.0,0.001394,162068.0,0.0013935,7.17617509867336
1787024604984,0.001393,1020574.0,0.001394,384093.0,0.0013935,7.17617509867336
1787024605020,0.001393,1032415.0,0.001394,395934.0,0.0013935,7.17617509867336
1787024605044,0.001393,1032415.0,0.001394,1211820.0,0.0013935,7.17617509867336
1787024605045,0.001393,1779077.0,0.001394,1211820.0,0.0013935,7.17617509867336
1787024605046,0.001393,1779077.0,0.001394,1199979.0,0.0013935,7.17617509867336
1787024605098,0.001393,1779077.0,0.001394,1214330.0,0.0013935,7.17617509867336
1787024605109,0.001393,1779077.0,0.001394,1748839.0,0.0013935,7.17617509867336
1787024605137,0.001393,1779077.0,0.001394,1760680.0,0.0013935,7.17617509867336
1787024605275,0.001393,1777199.0,0.001394,1760680.0,0.0013935,7.17617509867336
1787024605317,0.001393,1735344.0,0.001394,1760680.0,0.0013935,7.17617509867336
1787024605400,0.001393,1735344.0,0.001394,2153491.0,0.0013935,7.17617509867336
1787024605680,0.001393,1954421.0,0.001394,2153491.0,0.0013935,7.17617509867336
1787024605718,0.001393,1954421.0,0.001394,2157437.0,0.0013935,7.17617509867336
1787024605812,0.001393,1959254.0,0.001394,2157437.0,0.0013935,7.17617509867336
1787024605835,0.001393,1959254.0,0.001394,2127437.0,0.0013935,7.17617509867336
1787024605899,0.001393,1959254.0,0.001394,1734626.0,0.0013935,7.17617509867336
1787024605932,0.001393,2754497.0,0.001394,1734626.0,0.0013935,7.17617509867336
1787024605933,0.001393,2754497.0,0.001394,1512601.0,0.0013935,7.17617509867336
1787024605934,0.001393,2754497.0,0.001394,696715.0,0.0013935,7.17617509867336
1787024605935,0.001393,2754497.0,0.001394,696715.0,0.0013935,7.17617509867336
1787024606028,0.001393,2754497.0,0.001394,743817.0,0.0013935,7.17617509867336
1787024606065,0.001393,2754497.0,0.001394,722389.0,0.0013935,7.17617509867336
1787024606097,0.001393,3053787.0,0.001394,722389.0,0.0013935,7.17617509867336
1787024606150,0.001394,722389.0,0.001395,3745978.0,0.0013945,7.171029042667021
1787024606151,0.001394,1069737.0,0.001395,3192240.0,0.0013945,7.171029042667021
1787024606152,0.001394,839159.0,0.001395,1954258.0,0.0013945,7.171029042667021
1787024606153,0.001394,1072697.0,0.001395,1664089.0,0.0013945,7.171029042667021
1787024606154,0.001394,1121174.0,0.001395,1664089.0,0.0013945,7.171029042667021
1787024606157,0.001394,1121174.0,0.001395,1615612.0,0.0013945,7.171029042667021
1787024606198,0.001394,1121174.0,0.001395,1629955.0,0.0013945,7.171029042667021
1787024606228,0.001394,1121174.0,0.001395,1829955.0,0.0013945,7.171029042667021
1787024606258,0.001394,1133007.0,0.001395,1841788.0,0.0013945,7.171029042667021
1787024606301,0.001394,1133007.0,0.001395,2234599.0,0.0013945,7.171029042667021
1787024606317,0.001394,910982.0,0.001395,2234599.0,0.0013945,7.171029042667021
1787024606319,0.001394,910982.0,0.001395,2685777.0,0.0013945,7.171029042667021
1787024606320,0.001393,3501896.0,0.001395,2685777.0,0.0013939999999999998,14.347202295552718
1787024606321,0.001393,3435796.0,0.001394,1675458.0,0.0013935,7.17617509867336
1787024606322,0.001393,3221544.0,0.001394,1723935.0,0.0013935,7.17617509867336
1787024606323,0.001393,2295284.0,0.001394,1723935.0,0.0013935,7.17617509867336
1787024606324,0.001393,2295284.0,0.001394,1772412.0,0.0013935,7.17617509867336
1787024606356,0.001393,2299231.0,0.001394,1772412.0,0.0013935,7.17617509867336
1787024606357,0.001393,2299231.0,0.001394,1777795.0,0.0013935,7.17617509867336
1787024606364,0.001393,2295284.0,0.001394,1777795.0,0.0013935,7.17617509867336
1787024606390,0.001393,2307125.0,0.001394,1789636.0,0.0013935,7.17617509867336
1787024606392,0.001393,2307125.0,0.001394,989636.0,0.0013935,7.17617509867336
1787024606395,0.001393,2199405.0,0.001394,989636.0,0.0013935,7.17617509867336
1787024606397,0.001393,2073696.0,0.001394,1789636.0,0.0013935,7.17617509867336
1787024606398,0.001393,1844793.0,0.001394,1789636.0,0.0013935,7.17617509867336
1787024606400,0.001393,1844793.0,0.001394,989636.0,0.0013935,7.17617509867336
1787024606401,0.001393,1844793.0,0.001394,977795.0,0.0013935,7.17617509867336
1787024606405,0.001393,1625716.0,0.001394,977795.0,0.0013935,7.17617509867336
1787024606467,0.001393,1623669.0,0.001394,977795.0,0.0013935,7.17617509867336
1787024606468,0.001393,1623669.0,0.001394,1777795.0,0.0013935,7.17617509867336
1787024606472,0.001393,1605544.0,0.001394,1777795.0,0.0013935,7.17617509867336
1787024606492,0.001393,1605544.0,0.001394,1789636.0,0.0013935,7.17617509867336
1787024606498,0.001393,1605544.0,0.001394,2196800.0,0.0013935,7.17617509867336
1787024606524,0.001393,2397073.0,0.001394,2929651.0,0.0013935,7.17617509867336
1787024606557,0.001393,2397073.0,0.001394,2129651.0,0.0013935,7.17617509867336
1787024606558,0.001393,2397073.0,0.001394,2117810.0,0.0013935,7.17617509867336
1787024606631,0.001393,2397073.0,0.001394,2121756.0,0.0013935,7.17617509867336
1787024606632,0.001393,2397073.0,0.001394,2133597.0,0.0013935,7.17617509867336
1787024606680,0.001393,2626256.0,0.001394,2133597.0,0.0013935,7.17617509867336
1787024606698,0.001393,2626256.0,0.001394,1740786.0,0.0013935,7.17617509867336
1787024607098,0.001393,2326966.0,0.001394,1740786.0,0.0013935,7.17617509867336
1787024607099,0.001393,2326966.0,0.001394,2133597.0,0.0013935,7.17617509867336
1787024607199,0.001393,2326966.0,0.001394,1740786.0,0.0013935,7.17617509867336
1787024607499,0.001393,2326966.0,0.001394,2133597.0,0.0013935,7.17617509867336
1787024607847,0.001393,2325678.0,0.001394,2133597.0,0.0013935,7.17617509867336
1787024608209,0.001393,2325678.0,0.001394,1972353.0,0.0013935,7.17617509867336
1787024608508,0.001393,2566030.0,0.001394,1239502.0,0.0013935,7.17617509867336
1787024608511,0.001393,2566030.0,0.001394,1227661.0,0.0013935,7.17617509867336
1787024608587,0.001393,2566030.0,0.001394,1239502.0,0.0013935,7.17617509867336
1787024608701,0.001393,2566030.0,0.001394,846691.0,0.0013935,7.17617509867336
1787024608762,0.001393,2566030.0,0.001394,606339.0,0.0013935,7.17617509867336
1787024609123,0.001393,2563595.0,0.001394,606339.0,0.0013935,7.17617509867336
1787024609125,0.001393,2563595.0,0.001394,1206339.0,0.0013935,7.17617509867336
1787024609258,0.001393,2563595.0,0.001394,606339.0,0.0013935,7.17617509867336
1787024609259,0.001393,2563595.0,0.001394,606339.0,0.0013935,7.17617509867336
1787024609575,0.001393,2550900.0,0.001394,606339.0,0.0013935,7.17617509867336
1787024610181,0.001393,2550900.0,0.001394,611730.0,0.0013935,7.17617509867336
1787024610309,0.001393,2548364.0,0.001394,611730.0,0.0013935,7.17617509867336
1787024610310,0.001393,2548364.0,0.001394,1211730.0,0.0013935,7.17617509867336
1787024610311,0.001393,2548364.0,0.001394,611730.0,0.0013935,7.17617509867336
1787024610312,0.001393,2548364.0,0.001394,611730.0,0.0013935,7.17617509867336
1787024610799,0.001393,2578955.0,0.001394,611730.0,0.0013935,7.17617509867336
1787024610800,0.001393,2567114.0,0.001394,611730.0,0.0013935,7.17617509867336
1787024610801,0.001393,2578955.0,0.001394,611730.0,0.0013935,7.17617509867336
1787024610939,0.001393,2578955.0,0.001394,1475060.0,0.0013935,7.17617509867336
1787024610940,0.001393,2578955.0,0.001394,1463219.0,0.0013935,7.17617509867336
1787024610943,0.001393,2578955.0,0.001394,1475060.0,0.0013935,7.17617509867336
1787024610972,0.001393,2578955.0,0.001394,1715412.0,0.0013935,7.17617509867336
1787024611002,0.001393,2548364.0,0.001394,1715412.0,0.0013935,7.17617509867336
1787024611528,0.001393,2548364.0,0.001394,1444056.0,0.0013935,7.17617509867336
1787024611529,0.001393,2548364.0,0.001394,340374.0,0.0013935,7.17617509867336
1787024611530,0.001393,2548364.0,0.001394,340374.0,0.0013935,7.17617509867336
1787024611651,0.001393,2545997.0,0.001394,340374.0,0.0013935,7.17617509867336
1787024611652,0.001393,2545997.0,0.001394,1140374.0,0.0013935,7.17617509867336
1787024611653,0.001393,2545997.0,0.001394,1128533.0,0.0013935,7.17617509867336
1787024611654,0.001393,2545997.0,0.001394,1140374.0,0.0013935,7.17617509867336
1787024611736,0.001393,2545997.0,0.001394,1998333.0,0.0013935,7.17617509867336
1787024611818,0.001393,2545997.0,0.001394,1971428.0,0.0013935,7.17617509867336
1787024612284,0.001393,2545997.0,0.001394,1975385.0,0.0013935,7.17617509867336
1787024612292,0.001393,2545997.0,0.001394,2275132.0,0.0013935,7.17617509867336
1787024612293,0.001393,2545997.0,0.001394,2263291.0,0.0013935,7.17617509867336
1787024612294,0.001393,2545997.0,0.001394,2275132.0,0.0013935,7.17617509867336
1787024612399,0.001393,2545997.0,0.001394,2667943.0,0.0013935,7.17617509867336
1787024612476,0.001393,2323972.0,0.001394,2667943.0,0.0013935,7.17617509867336
1787024612830,0.001393,2323972.0,0.001394,2764616.0,0.0013935,7.17617509867336
1787024612843,0.001393,2323972.0,0.001394,2743188.0,0.0013935,7.17617509867336
1787024612857,0.001393,2322373.0,0.001394,2743188.0,0.0013935,7.17617509867336
1787024612862,0.001393,2322373.0,0.001394,2791521.0,0.0013935,7.17617509867336
1787024613098,0.001393,2322373.0,0.001394,3089025.0,0.0013935,7.17617509867336
1787024613398,0.001393,2322373.0,0.001394,3137217.0,0.0013935,7.17617509867336
1787024614701,0.001393,2320797.0,0.001394,3137217.0,0.0013935,7.17617509867336
1787024614901,0.001393,2320797.0,0.001394,2337217.0,0.0013935,7.17617509867336
1787024614991,0.001393,2320797.0,0.001394,2341169.0,0.0013935,7.17617509867336
1787024615457,0.001393,2320797.0,0.001394,2291424.0,0.0013935,7.17617509867336
1787024615482,0.001393,2320797.0,0.001394,2296864.0,0.0013935,7.17617509867336
1787024616093,0.001393,2317990.0,0.001394,2296864.0,0.0013935,7.17617509867336
1787024616231,0.001393,2317990.0,0.001394,1438905.0,0.0013935,7.17617509867336
1787024616232,0.001393,2317990.0,0.001394,1427064.0,0.0013935,7.17617509867336
1787024616234,0.001393,2317990.0,0.001394,1438905.0,0.0013935,7.17617509867336
1787024616400,0.001393,2317990.0,0.001394,1390713.0,0.0013935,7.17617509867336
1787024616438,0.001393,2317990.0,0.001394,2250138.0,0.0013935,7.17617509867336
1787024616862,0.001393,2317990.0,0.001394,2201805.0,0.0013935,7.17617509867336
1787024616888,0.001393,2317990.0,0.001394,2205768.0,0.0013935,7.17617509867336
1787024617048,0.001393,2310697.0,0.001394,2205768.0,0.0013935,7.17617509867336
1787024617263,0.001393,2308963.0,0.001394,2205768.0,0.0013935,7.17617509867336
1787024617399,0.001393,2308963.0,0.001394,2242417.0,0.0013935,7.17617509867336
1787024617862,0.001393,2308963.0,0.001394,2287688.0,0.0013935,7.17617509867336
1787024618211,0.001393,2308963.0,0.001394,2291645.0,0.0013935,7.17617509867336
1787024618373,0.001393,2306952.0,0.001394,2291645.0,0.0013935,7.17617509867336
1787024618595,0.001393,2306952.0,0.001394,2295608.0,0.0013935,7.17617509867336
1787024618880,0.001393,2306952.0,0.001394,2152464.0,0.0013935,7.17617509867336
1787024619749,0.001393,2302457.0,0.001394,2152464.0,0.0013935,7.17617509867336
1787024619771,0.001393,2301012.0,0.001394,2152464.0,0.0013935,7.17617509867336
1787024619807,0.001393,2288405.0,0.001394,2152464.0,0.0013935,7.17617509867336
1787024619865,0.001393,2288405.0,0.001394,2157852.0,0.0013935,7.17617509867336
1787024620402,0.001393,2268753.0,0.001394,2157852.0,0.0013935,7.17617509867336
1787024620862,0.001393,2268753.0,0.001394,2112581.0,0.0013935,7.17617509867336
1787024620866,0.001393,2130200.0,0.001394,2112581.0,0.0013935,7.17617509867336
1787024620868,0.001393,1102268.0,0.001394,2364954.0,0.0013935,7.17617509867336
1787024620869,0.001393,1102268.0,0.001394,2364954.0,0.0013935,7.17617509867336
1787024620870,0.001393,694144.0,0.001394,2364954.0,0.0013935,7.17617509867336
1787024620871,0.001393,694144.0,0.001394,2891488.0,0.0013935,7.17617509867336
1787024620872,0.001393,742621.0,0.001394,2364954.0,0.0013935,7.17617509867336
1787024620889,0.001393,741381.0,0.001394,2364954.0,0.0013935,7.17617509867336
1787024620906,0.001393,741381.0,0.001394,2343526.0,0.0013935,7.17617509867336
1787024620937,0.001393,741381.0,0.001394,2271428.0,0.0013935,7.17617509867336
1787024620938,0.001393,993754.0,0.001394,2275374.0,0.0013935,7.17617509867336
1787024620998,0.001393,993754.0,0.001394,2289728.0,0.0013935,7.17617509867336
1787024621085,0.001393,1801703.0,0.001394,2289728.0,0.0013935,7.17617509867336
1787024621086,0.001393,1801703.0,0.001394,2289728.0,0.0013935,7.17617509867336
1787024621144,0.001393,1801703.0,0.001394,4755217.0,0.0013935,7.17617509867336
1787024621145,0.001393,1801703.0,0.001394,4755217.0,0.0013935,7.17617509867336
1787024621179,0.001393,1801703.0,0.001394,5102593.0,0.0013935,7.17617509867336
1787024621265,0.001393,1801703.0,0.001394,5173586.0,0.0013935,7.17617509867336
1787024621425,0.001393,1801703.0,0.001394,5178969.0,0.0013935,7.17617509867336
1787024621831,0.001393,1806844.0,0.001394,5178969.0,0.0013935,7.17617509867336
1787024621862,0.001393,1806844.0,0.001394,5225206.0,0.0013935,7.17617509867336
1787024622103,0.001393,1804199.0,0.001394,5225206.0,0.0013935,7.17617509867336
1787024622905,0.001393,996250.0,0.001394,5225206.0,0.0013935,7.17617509867336
1787024622906,0.001393,743877.0,0.001394,5386313.0,0.0013935,7.17617509867336
1787024622912,0.001393,792354.0,0.001394,5386313.0,0.0013935,7.17617509867336
1787024623163,0.001393,791361.0,0.001394,5386313.0,0.0013935,7.17617509867336
1787024623592,0.001393,791361.0,0.001394,5315984.0,0.0013935,7.17617509867336
1787024623594,0.001393,1649643.0,0.001394,5315984.0,0.0013935,7.17617509867336
1787024623595,0.001393,1637802.0,0.001394,5315984.0,0.0013935,7.17617509867336
1787024623596,0.001393,1649643.0,0.001394,5315984.0,0.0013935,7.17617509867336
1787024624551,0.001393,1648556.0,0.001394,5315984.0,0.0013935,7.17617509867336
1787024624676,0.001393,790274.0,0.001394,5315984.0,0.0013935,7.17617509867336
1787024625042,0.001393,689490.0,0.001394,5315984.0,0.0013935,7.17617509867336
1787024625751,0.001393,687926.0,0.001394,5315984.0,0.0013935,7.17617509867336
1787024625770,0.001393,720734.0,0.001394,5315984.0,0.0013935,7.17617509867336
1787024626267,0.001393,696791.0,0.001394,5315984.0,0.0013935,7.17617509867336
1787024626982,0.001393,696791.0,0.001394,5318159.0,0.0013935,7.17617509867336
1787024627089,0.001393,695485.0,0.001394,5318159.0,0.0013935,7.17617509867336
1787024627393,0.001393,695485.0,0.001394,5296731.0,0.0013935,7.17617509867336
1787024627403,0.001393,695485.0,0.001394,5090999.0,0.0013935,7.17617509867336
1787024627431,0.001393,600411.0,0.001394,5090999.0,0.0013935,7.17617509867336
1787024627435,0.001393,600411.0,0.001394,5299749.0,0.0013935,7.17617509867336
1787024627437,0.001392,2922398.0,0.001393,579484.0,0.0013925,7.181328545780365
1787024627438,0.001392,1498827.0,0.001393,205625.0,0.0013925,7.181328545780365
1787024627439,0.001392,709845.0,0.001393,514876.0,0.0013925,7.181328545780365
1787024627440,0.001392,495593.0,0.001393,691178.0,0.0013925,7.181328545780365
1787024627441,0.001392,615909.0,0.001393,664893.0,0.0013925,7.181328545780365
1787024627443,0.001392,615909.0,0.001393,585545.0,0.0013925,7.181328545780365
1787024627454,0.001392,615909.0,0.001393,659932.0,0.0013925,7.181328545780365
1787024627462,0.001392,615909.0,0.001393,665517.0,0.0013925,7.181328545780365
1787024627497,0.001392,615909.0,0.001393,679880.0,0.0013925,7.181328545780365
1787024627508,0.001392,387006.0,0.001393,679880.0,0.0013925,7.181328545780365
1787024627510,0.001392,279286.0,0.001393,679880.0,0.0013925,7.181328545780365
1787024627512,0.001392,207447.0,0.001393,1479880.0,0.0013925,7.181328545780365
1787024627513,0.001392,207447.0,0.001393,605493.0,0.0013925,7.181328545780365
1787024627514,0.001392,63613.0,0.001393,605493.0,0.0013925,7.181328545780365
1787024627515,0.001392,112090.0,0.001393,1520783.0,0.0013925,7.181328545780365
1787024627516,0.001392,116042.0,0.001393,684873.0,0.0013925,7.181328545780365
1787024627598,0.001392,116042.0,0.001393,1077684.0,0.0013925,7.181328545780365
1787024627599,0.001392,116042.0,0.001393,1091608.0,0.0013925,7.181328545780365
1787024627658,0.001392,116042.0,0.001393,1871870.0,0.0013925,7.181328545780365
1787024627660,0.001392,127892.0,0.001393,1804340.0,0.0013925,7.181328545780365
1787024627681,0.001392,175962.0,0.001393,1804340.0,0.0013925,7.181328545780365
1787024627700,0.001392,175962.0,0.001393,1790416.0,0.0013925,7.181328545780365
1787024627754,0.001392,175962.0,0.001393,1784676.0,0.0013925,7.181328545780365
1787024627800,0.001392,175962.0,0.001393,1798600.0,0.0013925,7.181328545780365
1787024627801,0.001392,180589.0,0.001393,1798600.0,0.0013925,7.181328545780365
1787024627832,0.001392,180589.0,0.001393,1888792.0,0.0013925,7.181328545780365
1787024627862,0.001392,180589.0,0.001393,1913618.0,0.0013925,7.181328545780365
1787024627935,0.001392,445583.0,0.001393,1913618.0,0.0013925,7.181328545780365
1787024627936,0.001392,1210732.0,0.001393,1913618.0,0.0013925,7.181328545780365
1787024627937,0.001392,1282571.0,0.001393,1913618.0,0.0013925,7.181328545780365
1787024627961,0.001392,1282571.0,0.001393,2146611.0,0.0013925,7.181328545780365
1787024627999,0.001392,1282571.0,0.001393,2132687.0,0.0013925,7.181328545780365
1787024628059,0.001392,1294421.0,0.001393,2132687.0,0.0013925,7.181328545780365
1787024628097,0.001392,1294421.0,0.001393,2425781.0,0.0013925,7.181328545780365
1787024628398,0.001392,1294421.0,0.001393,2470735.0,0.0013925,7.181328545780365
1787024628465,0.001392,1291920.0,0.001393,2470735.0,0.0013925,7.181328545780365
1787024628477,0.001392,1291920.0,0.001393,2823565.0,0.0013925,7.181328545780365
1787024628862,0.001392,1291920.0,0.001393,2798739.0,0.0013925,7.181328545780365
1787024628959,0.001392,1216325.0,0.001393,2798739.0,0.0013925,7.181328545780365
1787024628962,0.001392,1264802.0,0.001393,2798739.0,0.0013925,7.181328545780365
1787024629015,0.001392,1264802.0,0.001393,2018477.0,0.0013925,7.181328545780365
1787024629016,0.001392,1264802.0,0.001393,1753483.0,0.0013925,7.181328545780365
1787024629097,0.001392,1264802.0,0.001393,1606936.0,0.0013925,7.181328545780365
1787024629398,0.001392,1264802.0,0.001393,1561982.0,0.0013925,7.181328545780365
1787024629651,0.001392,1262899.0,0.001393,1561982.0,0.0013925,7.181328545780365
1787024629830,0.001392,1262899.0,0.001393,1471790.0,0.0013925,7.181328545780365
1787024630097,0.001392,1262899.0,0.001393,1617999.0,0.0013925,7.181328545780365
1787024630166,0.001392,1262899.0,0.001393,2468521.0,0.0013925,7.181328545780365
1787024630399,0.001392,1262899.0,0.001393,2497467.0,0.0013925,7.181328545780365
1787024630474,0.001392,1262899.0,0.001393,1646945.0,0.0013925,7.181328545780365
1787024630475,0.001392,1262899.0,0.001393,1646945.0,0.0013925,7.181328545780365
1787024630713,0.001392,1261513.0,0.001393,1646945.0,0.0013925,7.181328545780365
1787024631239,0.001392,1261513.0,0.001393,2399276.0,0.0013925,7.181328545780365
1787024631461,0.001392,1250285.0,0.001393,2399276.0,0.0013925,7.181328545780365
1787024631589,0.001392,1250285.0,0.001393,2403225.0,0.0013925,7.181328545780365
1787024631591,0.001392,1178446.0,0.001393,2403225.0,0.0013925,7.181328545780365
1787024631619,0.001392,1177297.0,0.001393,2403225.0,0.0013925,7.181328545780365
1787024631830,0.001392,1177297.0,0.001393,2449175.0,0.0013925,7.181328545780365
1787024631953,0.001392,1168300.0,0.001393,2449175.0,0.0013925,7.181328545780365
1787024632743,0.001392,1166425.0,0.001393,2449175.0,0.0013925,7.181328545780365
1787024632747,0.001392,1166425.0,0.001393,2714169.0,0.0013925,7.181328545780365
1787024632795,0.001392,1166425.0,0.001393,3446660.0,0.0013925,7.181328545780365
1787024632796,0.001392,1166425.0,0.001393,3446660.0,0.0013925,7.181328545780365
1787024632814,0.001392,1185260.0,0.001393,3446660.0,0.0013925,7.181328545780365
1787024632816,0.001392,1346195.0,0.001393,3446660.0,0.0013925,7.181328545780365
1787024632819,0.001392,1166425.0,0.001393,3446660.0,0.0013925,7.181328545780365
1787024632862,0.001392,1166425.0,0.001393,3472884.0,0.0013925,7.181328545780365
1787024633230,0.001392,1166425.0,0.001393,2881823.0,0.0013925,7.181328545780365
1787024633231,0.001392,1166425.0,0.001393,1868447.0,0.0013925,7.181328545780365
1787024633260,0.001392,1166425.0,0.001393,1872037.0,0.0013925,7.181328545780365
1787024633299,0.001392,1166425.0,0.001393,1886401.0,0.0013925,7.181328545780365
1787024633432,0.001392,1166425.0,0.001393,2779589.0,0.0013925,7.181328545780365
1787024633862,0.001392,1166425.0,0.001393,2753365.0,0.0013925,7.181328545780365
1787024633883,0.001392,1166425.0,0.001393,2749049.0,0.0013925,7.181328545780365
1787024633943,0.001392,1165341.0,0.001393,2749049.0,0.0013925,7.181328545780365
1787024635244,0.001392,1165341.0,0.001393,2608290.0,0.0013925,7.181328545780365
1787024635246,0.001392,1165341.0,0.001393,1715102.0,0.0013925,7.181328545780365
1787024635248,0.001392,1165341.0,0.001393,1703252.0,0.0013925,7.181328545780365
1787024635249,0.001392,1165341.0,0.001393,1715102.0,0.0013925,7.181328545780365
1787024635271,0.001392,1162539.0,0.001393,1715102.0,0.0013925,7.181328545780365
1787024635473,0.001392,1162539.0,0.001393,2521257.0,0.0013925,7.181328545780365
1787024635565,0.001392,1162539.0,0.001393,1788766.0,0.0013925,7.181328545780365
1787024635569,0.001392,1225291.0,0.001393,1788766.0,0.0013925,7.181328545780365
1787024635985,0.001392,1206034.0,0.001393,1788766.0,0.0013925,7.181328545780365
1787024635986,0.001392,1209986.0,0.001393,1788766.0,0.0013925,7.181328545780365
1787024635995,0.001392,1280162.0,0.001393,1788766.0,0.0013925,7.181328545780365
1787024636399,0.001392,1280162.0,0.001393,1759820.0,0.0013925,7.181328545780365
1787024636401,0.001392,1280162.0,0.001393,953665.0,0.0013925,7.181328545780365
1787024636402,0.001392,1280162.0,0.001393,953665.0,0.0013925,7.181328545780365
1787024636403,0.001392,1280162.0,0.001393,1002142.0,0.0013925,7.181328545780365
1787024636499,0.001392,1278940.0,0.001393,1002142.0,0.0013925,7.181328545780365
1787024636631,0.001392,1278940.0,0.001393,1737328.0,0.0013925,7.181328545780365
1787024636796,0.001392,1286121.0,0.001393,1737328.0,0.0013925,7.181328545780365
1787024636834,0.001392,1286121.0,0.001393,1691378.0,0.0013925,7.181328545780365
1787024637098,0.001392,1286121.0,0.001393,1545169.0,0.0013925,7.181328545780365
1787024637100,0.001392,1286121.0,0.001393,1533319.0,0.0013925,7.181328545780365
1787024637101,0.001392,1286121.0,0.001393,1545169.0,0.0013925,7.181328545780365
1787024637104,0.001391,2240860.0,0.001393,1545169.0,0.001392,14.367816091952815
1787024637105,0.001392,52429.0,0.001393,2343885.0,0.0013925,7.181328545780365
1787024637106,0.001392,52429.0,0.001393,2775136.0,0.0013925,7.181328545780365
1787024637107,0.001392,52429.0,0.001393,2889132.0,0.0013925,7.181328545780365
1787024637108,0.001392,52429.0,0.001393,2903490.0,0.0013925,7.181328545780365
1787024637109,0.001392,3952.0,0.001393,2889132.0,0.0013925,7.181328545780365
1787024637110,0.001392,221921.0,0.001393,2664705.0,0.0013925,7.181328545780365
1787024637112,0.001392,270398.0,0.001393,2664705.0,0.0013925,7.181328545780365
1787024637113,0.001392,342237.0,0.001393,2664705.0,0.0013925,7.181328545780365
1787024637115,0.001392,390714.0,0.001393,2664705.0,0.0013925,7.181328545780365
1787024637127,0.001392,318875.0,0.001393,2664705.0,0.0013925,7.181328545780365
1787024637135,0.001392,100906.0,0.001393,2664705.0,0.0013925,7.181328545780365
1787024637150,0.001392,100906.0,0.001393,2639939.0,0.0013925,7.181328545780365
1787024637151,0.001392,100906.0,0.001393,2801143.0,0.0013925,7.181328545780365
1787024637166,0.001392,105411.0,0.001393,2639939.0,0.0013925,7.181328545780365
1787024637196,0.001392,323380.0,0.001393,2639939.0,0.0013925,7.181328545780365
1787024637198,0.001392,335230.0,0.001393,2639939.0,0.0013925,7.181328545780365
1787024637199,0.001392,407069.0,0.001393,2639939.0,0.0013925,7.181328545780365
1787024637200,0.001392,407069.0,0.001393,1892935.0,0.0013925,7.181328545780365
1787024637204,0.001392,407069.0,0.001393,1904785.0,0.0013925,7.181328545780365
1787024637242,0.001392,407069.0,0.001393,1908731.0,0.0013925,7.181328545780365
1787024637316,0.001392,1166780.0,0.001393,1908731.0,0.0013925,7.181328545780365
1787024637317,0.001392,1094941.0,0.001393,1908731.0,0.0013925,7.181328545780365
1787024637400,0.001392,1094941.0,0.001393,1952332.0,0.0013925,7.181328545780365
1787024637487,0.001392,876972.0,0.001393,1952332.0,0.0013925,7.181328545780365
1787024637489,0.001391,1653057.0,0.001393,2539631.0,0.001392,14.367816091952815
1787024637490,0.001391,1453737.0,0.001392,970820.0,0.0013915,7.186489399927531
1787024637491,0.001391,1060871.0,0.001392,1019297.0,0.0013915,7.186489399927531
1787024637492,0.001391,842902.0,0.001392,1023249.0,0.0013915,7.186489399927531
1787024637493,0.001391,953727.0,0.001392,1023249.0,0.0013915,7.186489399927531
1787024637494,0.001391,1002204.0,0.001392,1023249.0,0.0013915,7.186489399927531
1787024637495,0.001391,1002204.0,0.001392,1037622.0,0.0013915,7.186489399927531
1787024637502,0.001391,858422.0,0.001392,1037622.0,0.0013915,7.186489399927531
1787024637518,0.001391,858422.0,0.001392,1011323.0,0.0013915,7.186489399927531
1787024637543,0.001391,858422.0,0.001392,1016713.0,0.0013915,7.186489399927531
1787024637607,0.001391,870280.0,0.001392,1028571.0,0.0013915,7.186489399927531
1787024637621,0.001391,868622.0,0.001392,1028571.0,0.0013915,7.186489399927531
1787024637693,0.001391,868622.0,0.001392,1875872.0,0.0013915,7.186489399927531
1787024637694,0.001391,1671768.0,0.001392,1875872.0,0.0013915,7.186489399927531
1787024637695,0.001391,1599877.0,0.001392,1875872.0,0.0013915,7.186489399927531
1787024637696,0.001391,1588019.0,0.001392,1875872.0,0.0013915,7.186489399927531
1787024637720,0.001391,1599877.0,0.001392,1875872.0,0.0013915,7.186489399927531
1787024638098,0.001391,1599877.0,0.001392,2021231.0,0.0013915,7.186489399927531
1787024638099,0.001391,1527986.0,0.001392,2021231.0,0.0013915,7.186489399927531
1787024638106,0.001391,1527986.0,0.001392,2141824.0,0.0013915,7.186489399927531
1787024638107,0.001391,1527986.0,0.001392,2129966.0,0.0013915,7.186489399927531
1787024638108,0.001391,1527986.0,0.001392,2141824.0,0.0013915,7.186489399927531
1787024638399,0.001391,1527986.0,0.001392,2185481.0,0.0013915,7.186489399927531
1787024638624,0.001391,724840.0,0.001392,2185481.0,0.0013915,7.186489399927531
1787024638625,0.00139,1970737.0,0.001392,2185481.0,0.0013909999999999999,14.378145219267065
1787024638626,0.00139,1485579.0,0.001391,921705.0,0.0013905,7.191657677095526
1787024638627,0.00139,846026.0,0.001391,974793.0,0.0013905,7.191657677095526
1787024638628,0.00139,626479.0,0.001391,1023270.0,0.0013905,7.191657677095526
1787024638629,0.00139,698421.0,0.001391,974793.0,0.0013905,7.191657677095526
1787024638630,0.00139,746898.0,0.001391,948475.0,0.0013905,7.191657677095526
1787024638694,0.00139,746898.0,0.001391,996952.0,0.0013905,7.191657677095526
1787024638695,0.00139,517995.0,0.001391,996952.0,0.0013905,7.191657677095526
1787024638699,0.00139,517995.0,0.001391,1011337.0,0.0013905,7.191657677095526
1787024638703,0.00139,515479.0,0.001391,1011337.0,0.0013905,7.191657677095526
1787024638704,0.00139,515479.0,0.001391,1811337.0,0.0013905,7.191657677095526
1787024638738,0.00139,515479.0,0.001391,1823204.0,0.0013905,7.191657677095526
1787024638739,0.00139,527346.0,0.001391,1823204.0,0.0013905,7.191657677095526
1787024638800,0.00139,527346.0,0.001391,1839046.0,0.0013905,7.191657677095526
1787024638838,0.00139,527346.0,0.001391,2657086.0,0.0013905,7.191657677095526
1787024638840,0.00139,455404.0,0.001391,2657086.0,0.0013905,7.191657677095526
1787024638847,0.00139,503881.0,0.001391,2657086.0,0.0013905,7.191657677095526
1787024638899,0.00139,503881.0,0.001391,2672928.0,0.0013905,7.191657677095526
1787024639038,0.00139,503881.0,0.001391,2716646.0,0.0013905,7.191657677095526
1787024639098,0.00139,503881.0,0.001391,2982684.0,0.0013905,7.191657677095526
1787024639222,0.00139,503881.0,0.001391,2876450.0,0.0013905,7.191657677095526
1787024639224,0.00139,1268975.0,0.001391,2876450.0,0.0013905,7.191657677095526
1787024639225,0.00139,1268975.0,0.001391,2876450.0,0.0013905,7.191657677095526
1787024639300,0.00139,1268975.0,0.001391,2860608.0,0.0013905,7.191657677095526
1787024639399,0.00139,1268975.0,0.001391,2888439.0,0.0013905,7.191657677095526
1787024639480,0.00139,1217234.0,0.001391,2888439.0,0.0013905,7.191657677095526
1787024639499,0.00139,1217234.0,0.001391,2904346.0,0.0013905,7.191657677095526
1787024639599,0.00139,1217234.0,0.001391,2888439.0,0.0013905,7.191657677095526
1787024639680,0.00139,1320898.0,0.001391,2888439.0,0.0013905,7.191657677095526
1787024639905,0.00139,1318266.0,0.001391,2888439.0,0.0013905,7.191657677095526
1787024639916,0.00139,553172.0,0.001391,2888439.0,0.0013905,7.191657677095526
1787024640098,0.00139,553172.0,0.001391,2904345.0,0.0013905,7.191657677095526
1787024640100,0.00139,553171.0,0.001391,2904345.0,0.0013905,7.191657677095526
1787024640153,0.00139,230389.0,0.001391,2904345.0,0.0013905,7.191657677095526
1787024640154,0.001387,2305308.0,0.001389,2661147.0,0.001388,14.409221902017642
1787024640155,0.001387,2356305.0,0.001388,26374.0,0.0013874999999999998,7.2072072072066025
1787024640156,0.001387,787907.0,0.001388,928121.0,0.0013874999999999998,7.2072072072066025
1787024640157,0.001387,543185.0,0.001388,622984.0,0.0013874999999999998,7.2072072072066025
1787024640158,0.001387,749916.0,0.001388,555429.0,0.0013874999999999998,7.2072072072066025
1787024640159,0.001387,950100.0,0.001388,264994.0,0.0013874999999999998,7.2072072072066025
1787024640160,0.001387,960238.0,0.001388,48477.0,0.0013874999999999998,7.2072072072066025
1787024640161,0.001387,1030823.0,0.001388,55681.0,0.0013874999999999998,7.2072072072066025
1787024640162,0.001387,1102921.0,0.001388,307317.0,0.0013874999999999998,7.2072072072066025
1787024640163,0.001387,1196633.0,0.001388,307317.0,0.0013874999999999998,7.2072072072066025
1787024640164,0.001387,1196633.0,0.001388,307317.0,0.0013874999999999998,7.2072072072066025
1787024640165,0.001387,1196633.0,0.001388,55681.0,0.0013874999999999998,7.2072072072066025
1787024640167,0.001387,1196633.0,0.001388,7204.0,0.0013874999999999998,7.2072072072066025
1787024640169,0.001387,1252536.0,0.001388,19078.0,0.0013874999999999998,7.2072072072066025
1787024640171,0.001387,1238132.0,0.001388,19078.0,0.0013874999999999998,7.2072072072066025
1787024640174,0.001387,2114756.0,0.001388,19078.0,0.0013874999999999998,7.2072072072066025
1787024640175,0.001387,1989767.0,0.001388,19078.0,0.0013874999999999998,7.2072072072066025
1787024640176,0.001387,1917669.0,0.001388,19078.0,0.0013874999999999998,7.2072072072066025
1787024640177,0.001387,1917669.0,0.001389,1715440.0,0.001388,14.409221902017642
1787024640178,0.001387,2640525.0,0.001388,413081.0,0.0013874999999999998,7.2072072072066025
1787024640179,0.001387,1026641.0,0.001388,413081.0,0.0013874999999999998,7.2072072072066025
1787024640189,0.001387,1026641.0,0.001388,461558.0,0.0013874999999999998,7.2072072072066025
1787024640199,0.001387,1026641.0,0.001388,475970.0,0.0013874999999999998,7.2072072072066025
1787024640207,0.001387,1026641.0,0.001388,481376.0,0.0013874999999999998,7.2072072072066025
1787024640213,0.001387,1019431.0,0.001388,481376.0,0.0013874999999999998,7.2072072072066025
1787024640226,0.001387,941636.0,0.001388,481376.0,0.0013874999999999998,7.2072072072066025
1787024640227,0.001387,941636.0,0.001389,2010996.0,0.001388,14.409221902017642
1787024640228,0.001388,13048.0,0.001389,1929692.0,0.0013885,7.202016564639054
1787024640229,0.001388,566859.0,0.001389,1929692.0,0.0013885,7.202016564639054
1787024640230,0.001388,566859.0,0.001389,1546421.0,0.0013885,7.202016564639054
1787024640231,0.001388,536833.0,0.001389,1049669.0,0.0013885,7.202016564639054
1787024640232,0.001388,585310.0,0.001389,784675.0,0.0013885,7.202016564639054
1787024640238,0.001388,585310.0,0.001389,790573.0,0.0013885,7.202016564639054
1787024640258,0.001388,585310.0,0.001389,802457.0,0.0013885,7.202016564639054
1787024640259,0.001388,597194.0,0.001389,807859.0,0.0013885,7.202016564639054
1787024640296,0.001388,597194.0,0.001389,822264.0,0.0013885,7.202016564639054
1787024640299,0.001388,597194.0,0.001389,841542.0,0.0013885,7.202016564639054
1787024640353,0.001388,601150.0,0.001389,841542.0,0.0013885,7.202016564639054
1787024640360,0.001388,597194.0,0.001389,841542.0,0.0013885,7.202016564639054
1787024640363,0.001388,597194.0,0.001389,845498.0,0.0013885,7.202016564639054
1787024640364,0.001388,597194.0,0.001389,841542.0,0.0013885,7.202016564639054
1787024640365,0.001388,597194.0,0.001389,845498.0,0.0013885,7.202016564639054
1787024640368,0.001388,597194.0,0.001389,841542.0,0.0013885,7.202016564639054
1787024640390,0.001388,1496227.0,0.001389,841542.0,0.0013885,7.202016564639054
1787024640392,0.001388,1496227.0,0.001389,841542.0,0.0013885,7.202016564639054
1787024640393,0.001388,1496227.0,0.001389,849434.0,0.0013885,7.202016564639054
1787024640399,0.001388,1496227.0,0.001389,895121.0,0.0013885,7.202016564639054
1787024640441,0.001388,1235224.0,0.001389,895121.0,0.0013885,7.202016564639054
1787024640442,0.001388,1235224.0,0.001389,1759112.0,0.0013885,7.202016564639054
1787024640443,0.001388,1235224.0,0.001389,1986229.0,0.0013885,7.202016564639054
1787024640444,0.001388,336191.0,0.001389,1998113.0,0.0013885,7.202016564639054
1787024640465,0.001388,559863.0,0.001389,1998113.0,0.0013885,7.202016564639054
1787024640500,0.001388,559863.0,0.001389,1978835.0,0.0013885,7.202016564639054
1787024640562,0.001388,559863.0,0.001389,1762696.0,0.0013885,7.202016564639054
1787024640564,0.001388,559863.0,0.001389,898705.0,0.0013885,7.202016564639054
1787024640579,0.001388,559863.0,0.001389,963326.0,0.0013885,7.202016564639054
1787024640600,0.001388,559863.0,0.001389,982695.0,0.0013885,7.202016564639054
1787024640652,0.001388,559863.0,0.001389,955859.0,0.0013885,7.202016564639054
1787024640681,0.001388,604940.0,0.001389,955859.0,0.0013885,7.202016564639054
1787024640682,0.001388,604940.0,0.001389,1273910.0,0.0013885,7.202016564639054
1787024640699,0.001388,604940.0,0.001389,1254541.0,0.0013885,7.202016564639054
1787024640799,0.001388,604940.0,0.001389,1261743.0,0.0013885,7.202016564639054
1787024640800,0.001388,604940.0,0.001389,2061786.0,0.0013885,7.202016564639054
1787024640801,0.001388,1398137.0,0.001389,2049902.0,0.0013885,7.202016564639054
1787024640802,0.001388,1386253.0,0.001389,2049902.0,0.0013885,7.202016564639054
1787024640856,0.001388,1398137.0,0.001389,2061786.0,0.0013885,7.202016564639054
1787024640865,0.001388,1395949.0,0.001389,2061786.0,0.0013885,7.202016564639054
1787024641055,0.001388,1431972.0,0.001389,2061786.0,0.0013885,7.202016564639054
1787024641081,0.001388,1435935.0,0.001389,2061786.0,0.0013885,7.202016564639054
1787024641087,0.001388,1471958.0,0.001389,2061786.0,0.0013885,7.202016564639054
1787024641099,0.001388,1471958.0,0.001389,2329174.0,0.0013885,7.202016564639054
1787024641171,0.001388,1471958.0,0.001389,2479333.0,0.0013885,7.202016564639054
1787024641296,0.001388,1471958.0,0.001389,2472131.0,0.0013885,7.202016564639054
1787024641306,0.001388,1507981.0,0.001389,2472131.0,0.0013885,7.202016564639054
1787024641398,0.001388,1507981.0,0.001389,2426444.0,0.0013885,7.202016564639054
1787024641531,0.001388,1399912.0,0.001389,2426444.0,0.0013885,7.202016564639054
1787024641835,0.001388,1398270.0,0.001389,2426444.0,0.0013885,7.202016564639054
1787024642215,0.001388,1398270.0,0.001389,2404862.0,0.0013885,7.202016564639054
1787024642229,0.001388,1398270.0,0.001389,2424872.0,0.0013885,7.202016564639054
1787024642298,0.001388,1405472.0,0.001389,2424872.0,0.0013885,7.202016564639054
1787024642750,0.001388,1940387.0,0.001389,2424872.0,0.0013885,7.202016564639054
1787024642770,0.001388,2634935.0,0.001389,2424872.0,0.0013885,7.202016564639054
1787024642771,0.001388,2623051.0,0.001389,2424872.0,0.0013885,7.202016564639054
1787024642772,0.001388,2634935.0,0.001389,2424872.0,0.0013885,7.202016564639054
1787024642801,0.001388,2627733.0,0.001389,2424872.0,0.0013885,7.202016564639054
1787024642947,0.001388,2627733.0,0.001389,1624829.0,0.0013885,7.202016564639054
1787024643043,0.001388,2626138.0,0.001389,1624829.0,0.0013885,7.202016564639054
1787024643169,0.001388,2626138.0,0.001389,1474670.0,0.0013885,7.202016564639054
1787024643227,0.001388,2626138.0,0.001389,2234406.0,0.0013885,7.202016564639054
1787024643228,0.001388,2626138.0,0.001389,2234406.0,0.0013885,7.202016564639054
1787024643298,0.001388,2633340.0,0.001389,2234406.0,0.0013885,7.202016564639054
1787024643429,0.001388,2752854.0,0.001389,2234406.0,0.0013885,7.202016564639054
1787024643797,0.001388,2745652.0,0.001389,2234406.0,0.0013885,7.202016564639054
1787024643895,0.001388,2745652.0,0.001389,2090418.0,0.0013885,7.202016564639054
1787024643897,0.001388,2745652.0,0.001389,1330682.0,0.0013885,7.202016564639054
1787024644121,0.001388,2744641.0,0.001389,1330682.0,0.0013885,7.202016564639054
1787024644238,0.001388,2744641.0,0.001389,2172205.0,0.0013885,7.202016564639054
1787024644298,0.001388,2751843.0,0.001389,2172205.0,0.0013885,7.202016564639054
1787024644799,0.001388,2744641.0,0.001389,2172205.0,0.0013885,7.202016564639054
1787024645089,0.001388,2636766.0,0.001389,2172205.0,0.0013885,7.202016564639054
1787024645092,0.001388,1843569.0,0.00139,3652867.0,0.001389,14.398848092152976
1787024645093,0.001389,10799.0,0.00139,3575359.0,0.0013895000000000001,7.196833393306339
1787024645094,0.001389,111768.0,0.00139,2910511.0,0.0013895000000000001,7.196833393306339
1787024645095,0.001389,323164.0,0.00139,1803110.0,0.0013895000000000001,7.196833393306339
1787024645096,0.001389,541034.0,0.00139,1939637.0,0.0013895000000000001,7.196833393306339
1787024645097,0.001389,464799.0,0.00139,2173456.0,0.0013895000000000001,7.196833393306339
1787024645098,0.001389,464799.0,0.00139,2239756.0,0.0013895000000000001,7.196833393306339
1787024645115,0.001389,339915.0,0.00139,2239756.0,0.0013895000000000001,7.196833393306339
1787024645119,0.001389,100914.0,0.00139,2239756.0,0.0013895000000000001,7.196833393306339
1787024645121,0.001389,98355.0,0.00139,2239756.0,0.0013895000000000001,7.196833393306339
1787024645122,0.001389,7718.0,0.00139,2239756.0,0.0013895000000000001,7.196833393306339
1787024645123,0.001389,82331.0,0.00139,2239756.0,0.0013895000000000001,7.196833393306339
1787024645125,0.001388,2675912.0,0.00139,2239756.0,0.001389,14.398848092152976
1787024645126,0.001388,2675912.0,0.001389,439434.0,0.0013885,7.202016564639054
1787024645127,0.001388,2341909.0,0.001389,439434.0,0.0013885,7.202016564639054
1787024645128,0.001388,1934212.0,0.001389,711583.0,0.0013885,7.202016564639054
1787024645129,0.001388,1934212.0,0.001389,977706.0,0.0013885,7.202016564639054
1787024645137,0.001388,1790378.0,0.001389,977706.0,0.0013885,7.202016564639054
1787024645147,0.001388,1715221.0,0.001389,977706.0,0.0013885,7.202016564639054
1787024645195,0.001388,1715221.0,0.001389,992109.0,0.0013885,7.202016564639054
1787024645198,0.001388,1590045.0,0.001389,992109.0,0.0013885,7.202016564639054
1787024645276,0.001388,1601929.0,0.001389,1003993.0,0.0013885,7.202016564639054
1787024645329,0.001388,2339157.0,0.001389,1913649.0,0.0013885,7.202016564639054
1787024645355,0.001388,2343119.0,0.001389,1913649.0,0.0013885,7.202016564639054
1787024645358,0.001388,2339157.0,0.001389,1913649.0,0.0013885,7.202016564639054
1787024645409,0.001388,2294080.0,0.001389,1913649.0,0.0013885,7.202016564639054
1787024645447,0.001388,2289760.0,0.001389,1913649.0,0.0013885,7.202016564639054
1787024645680,0.001388,2454527.0,0.001389,2231700.0,0.0013885,7.202016564639054
1787024645681,0.001388,2454527.0,0.001389,2219816.0,0.0013885,7.202016564639054
1787024645682,0.001388,2454527.0,0.001389,2231700.0,0.0013885,7.202016564639054
1787024646020,0.001388,2454527.0,0.001389,2235660.0,0.0013885,7.202016564639054
1787024646021,0.001388,2458490.0,0.001389,2235660.0,0.0013885,7.202016564639054
1787024646099,0.001388,2458490.0,0.001389,2672571.0,0.0013885,7.202016564639054
1787024646163,0.001388,2456388.0,0.001389,2672571.0,0.0013885,7.202016564639054
1787024646400,0.001388,2456388.0,0.001389,2718130.0,0.0013885,7.202016564639054
1787024646742,0.001388,2456388.0,0.001389,2612347.0,0.0013885,7.202016564639054
1787024646744,0.001388,2456388.0,0.001389,1702691.0,0.0013885,7.202016564639054
1787024646900,0.001388,2456388.0,0.001389,1722006.0,0.0013885,7.202016564639054
1787024646999,0.001388,2456388.0,0.001389,1702691.0,0.0013885,7.202016564639054
1787024647201,0.001388,2456388.0,0.001389,2485395.0,0.0013885,7.202016564639054
1787024647202,0.001388,2456388.0,0.001389,2473511.0,0.0013885,7.202016564639054
1787024647203,0.001388,2456388.0,0.001389,2485395.0,0.0013885,7.202016564639054
1787024647271,0.001388,1719160.0,0.001389,2485395.0,0.0013885,7.202016564639054
1787024647272,0.001388,1719160.0,0.001389,2485395.0,0.0013885,7.202016564639054
1787024647276,0.001388,1574991.0,0.001389,2485395.0,0.0013885,7.202016564639054
1787024647327,0.001388,1573596.0,0.001389,2485395.0,0.0013885,7.202016564639054
1787024647328,0.001388,1327663.0,0.001389,2485395.0,0.0013885,7.202016564639054
1787024647329,0.001388,667245.0,0.001389,2654610.0,0.0013885,7.202016564639054
1787024647331,0.001388,655370.0,0.001389,2654610.0,0.0013885,7.202016564639054
1787024647332,0.001388,223328.0,0.001389,2654610.0,0.0013885,7.202016564639054
1787024647333,0.001388,223328.0,0.001389,3371254.0,0.0013885,7.202016564639054
1787024647335,0.001388,11075.0,0.001389,3371254.0,0.0013885,7.202016564639054
1787024647336,0.001388,3963.0,0.001389,3585506.0,0.0013885,7.202016564639054
1787024647337,0.001388,3963.0,0.001389,3585506.0,0.0013885,7.202016564639054
1787024647338,0.001388,3963.0,0.001389,3202039.0,0.0013885,7.202016564639054
1787024647340,0.001388,3963.0,0.001389,3216438.0,0.0013885,7.202016564639054
1787024647384,0.001388,3963.0,0.001389,3385653.0,0.0013885,7.202016564639054
1787024647398,0.001388,3963.0,0.001389,3389433.0,0.0013885,7.202016564639054
1787024647499,0.001388,3963.0,0.001389,3409540.0,0.0013885,7.202016564639054
1787024647602,0.001388,3963.0,0.001389,3389433.0,0.0013885,7.202016564639054
1787024647701,0.001388,3963.0,0.001389,3409540.0,0.0013885,7.202016564639054
1787024647725,0.001387,2127685.0,0.001389,3409540.0,0.001388,14.409221902017642
1787024647726,0.001387,2108164.0,0.001388,721587.0,0.0013874999999999998,7.2072072072066025
1787024647727,0.001387,1772766.0,0.001388,737442.0,0.0013874999999999998,7.2072072072066025
1787024647728,0.001387,1772766.0,0.001388,1499382.0,0.0013874999999999998,7.2072072072066025
1787024647729,0.001387,1875265.0,0.001388,1726491.0,0.0013874999999999998,7.2072072072066025
1787024647730,0.001387,1014554.0,0.001388,1726491.0,0.0013874999999999998,7.2072072072066025
1787024647734,0.001387,1010591.0,0.001388,1726491.0,0.0013874999999999998,7.2072072072066025
1787024647776,0.001387,1022483.0,0.001388,1726491.0,0.0013874999999999998,7.2072072072066025
1787024647777,0.001387,1022483.0,0.001388,1731897.0,0.0013874999999999998,7.2072072072066025
1787024647795,0.001387,1022483.0,0.001388,1746313.0,0.0013874999999999998,7.2072072072066025
1787024647796,0.001387,1029690.0,0.001388,1746313.0,0.0013874999999999998,7.2072072072066025
1787024647798,0.001387,1029690.0,0.001388,1766389.0,0.0013874999999999998,7.2072072072066025
1787024647832,0.001387,1029690.0,0.001388,1778281.0,0.0013874999999999998,7.2072072072066025
1787024647898,0.001387,1029690.0,0.001388,1798357.0,0.0013874999999999998,7.2072072072066025
1787024647899,0.001387,1029690.0,0.001388,1778281.0,0.0013874999999999998,7.2072072072066025
1787024647938,0.001387,1907348.0,0.001388,1778281.0,0.0013874999999999998,7.2072072072066025
1787024648001,0.001387,1907348.0,0.001388,1798357.0,0.0013874999999999998,7.2072072072066025
1787024648097,0.001387,1907348.0,0.001388,2235154.0,0.0013874999999999998,7.2072072072066025
1787024648099,0.001387,1907348.0,0.001388,2215078.0,0.0013874999999999998,7.2072072072066025
1787024648159,0.001387,1907348.0,0.001388,6254538.0,0.0013874999999999998,7.2072072072066025
1787024648160,0.001387,806018.0,0.001388,6254538.0,0.0013874999999999998,7.2072072072066025
1787024648161,0.001387,806018.0,0.001388,6423753.0,0.0013874999999999998,7.2072072072066025
1787024648199,0.001387,806018.0,0.001388,6443829.0,0.0013874999999999998,7.2072072072066025
1787024648276,0.001387,541024.0,0.001388,6443829.0,0.0013874999999999998,7.2072072072066025
1787024648277,0.001386,2594101.0,0.001387,384051.0,0.0013865000000000001,7.212405337179342
1787024648278,0.001386,1010857.0,0.001387,250048.0,0.0013865000000000001,7.212405337179342
1787024648279,0.001386,1700702.0,0.001387,589788.0,0.0013865000000000001,7.212405337179342
1787024648353,0.001386,1700702.0,0.001387,350787.0,0.0013865000000000001,7.212405337179342
1787024648361,0.001386,2432543.0,0.001387,350787.0,0.0013865000000000001,7.212405337179342
1787024648371,0.001386,2432543.0,0.001387,127115.0,0.0013865000000000001,7.212405337179342
1787024648372,0.001386,2432543.0,0.001387,113927.0,0.0013865000000000001,7.212405337179342
1787024648374,0.001386,2428593.0,0.001387,113927.0,0.0013865000000000001,7.212405337179342
1787024648398,0.001386,2428593.0,0.001387,159730.0,0.0013865000000000001,7.212405337179342
1787024648401,0.001386,2428593.0,0.001387,180030.0,0.0013865000000000001,7.212405337179342
1787024648426,0.001386,2428593.0,0.001387,191931.0,0.0013865000000000001,7.212405337179342
1787024648427,0.001386,2440494.0,0.001387,191931.0,0.0013865000000000001,7.212405337179342
1787024648453,0.001386,2438797.0,0.001387,191931.0,0.0013865000000000001,7.212405337179342
1787024648498,0.001386,2438797.0,0.001387,171631.0,0.0013865000000000001,7.212405337179342
1787024648593,0.001386,2438797.0,0.001388,6638842.0,0.001387,14.419610670510684
1787024648594,0.001387,256659.0,0.001388,6487028.0,0.0013874999999999998,7.2072072072066025
1787024648595,0.001387,256659.0,0.001388,6399132.0,0.0013874999999999998,7.2072072072066025
1787024648596,0.001387,1020958.0,0.001388,6263529.0,0.0013874999999999998,7.2072072072066025
1787024648597,0.001387,1069435.0,0.001388,6476224.0,0.0013874999999999998,7.2072072072066025
1787024648623,0.001387,1081327.0,0.001388,6488116.0,0.0013874999999999998,7.2072072072066025
1787024648640,0.001387,1032850.0,0.001388,6488116.0,0.0013874999999999998,7.2072072072066025
1787024648641,0.001386,1710912.0,0.001387,180115.0,0.0013865000000000001,7.212405337179342
1787024648642,0.001386,1699019.0,0.001387,830055.0,0.0013865000000000001,7.212405337179342
1787024648643,0.001386,1695055.0,0.001387,1695965.0,0.0013865000000000001,7.212405337179342
1787024648644,0.001386,1695055.0,0.001387,2008525.0,0.0013865000000000001,7.212405337179342
1787024648645,0.001386,1477095.0,0.001387,2008525.0,0.0013865000000000001,7.212405337179342
1787024648654,0.001386,1477095.0,0.001387,2012491.0,0.0013865000000000001,7.212405337179342
1787024648664,0.001386,1575843.0,0.001387,2012491.0,0.0013865000000000001,7.212405337179342
1787024648665,0.001386,1575843.0,0.001387,1938125.0,0.0013865000000000001,7.212405337179342
1787024648696,0.001386,2448226.0,0.001387,1938125.0,0.0013865000000000001,7.212405337179342
1787024648697,0.001386,2448226.0,0.001387,1904073.0,0.0013865000000000001,7.212405337179342
1787024648702,0.001386,2448226.0,0.001387,1925012.0,0.0013865000000000001,7.212405337179342
1787024648714,0.001386,2340351.0,0.001387,1925012.0,0.0013865000000000001,7.212405337179342
1787024648715,0.001386,2340351.0,0.001387,2873563.0,0.0013865000000000001,7.212405337179342
1787024648716,0.001386,794674.0,0.001387,1925012.0,0.0013865000000000001,7.212405337179342
1787024648718,0.001385,10123890.0,0.001386,495466.0,0.0013855,7.217610970769633
1787024648719,0.001385,10074770.0,0.001386,315548.0,0.0013855,7.217610970769633
1787024648720,0.001385,10074770.0,0.001386,436175.0,0.0013855,7.217610970769633
1787024648721,0.001385,10074770.0,0.001386,120627.0,0.0013855,7.217610970769633
1787024648722,0.001385,10074770.0,0.001386,510828.0,0.0013855,7.217610970769633
1787024648723,0.001385,10074770.0,0.001386,506157.0,0.0013855,7.217610970769633
1787024648724,0.001385,10074770.0,0.001386,650457.0,0.0013855,7.217610970769633
1787024648725,0.001385,10074770.0,0.001386,574085.0,0.0013855,7.217610970769633
1787024648726,0.001385,10074770.0,0.001386,501935.0,0.0013855,7.217610970769633
1787024648727,0.001385,10074770.0,0.001387,3544555.0,0.001386,14.43001443001478
1787024648728,0.001386,19497.0,0.001387,3536796.0,0.0013865000000000001,7.212405337179342
1787024648729,0.001386,19497.0,0.001387,2730399.0,0.0013865000000000001,7.212405337179342
1787024648730,0.001386,19497.0,0.001387,2516147.0,0.0013865000000000001,7.212405337179342
1787024648749,0.001386,19497.0,0.001387,2530567.0,0.0013865000000000001,7.212405337179342
1787024648750,0.001386,19497.0,0.001387,2604063.0,0.0013865000000000001,7.212405337179342
1787024648759,0.001385,10100916.0,0.001386,10823.0,0.0013855,7.217610970769633
1787024648760,0.001385,10071159.0,0.001386,87028.0,0.0013855,7.217610970769633
1787024648763,0.001385,10154327.0,0.001386,87028.0,0.0013855,7.217610970769633
1787024648764,0.001385,10154327.0,0.001386,135505.0,0.0013855,7.217610970769633
1787024648781,0.001385,10154327.0,0.001386,87028.0,0.0013855,7.217610970769633
1787024648791,0.001385,10154327.0,0.001386,76205.0,0.0013855,7.217610970769633
1787024648815,0.001385,10154327.0,0.001386,81619.0,0.0013855,7.217610970769633
1787024648935,0.001385,10166237.0,0.001386,93529.0,0.0013855,7.217610970769633
1787024649016,0.001385,10166237.0,0.001386,867611.0,0.0013855,7.217610970769633
1787024649017,0.001385,11004788.0,0.001386,867611.0,0.0013855,7.217610970769633
1787024649018,0.001385,11004788.0,0.001386,1086281.0,0.0013855,7.217610970769633
1787024649019,0.001385,10862490.0,0.001386,1086281.0,0.0013855,7.217610970769633
1787024649098,0.001385,10862490.0,0.001386,1378305.0,0.0013855,7.217610970769633
1787024649208,0.001385,10862490.0,0.001386,1390215.0,0.0013855,7.217610970769633
1787024649297,0.001385,10862490.0,0.001386,1397432.0,0.0013855,7.217610970769633
1787024649356,0.001385,10862490.0,0.001386,1224185.0,0.0013855,7.217610970769633
1787024649539,0.001385,10860628.0,0.001386,1224185.0,0.0013855,7.217610970769633
1787024649581,0.001385,10860628.0,0.001386,1228154.0,0.0013855,7.217610970769633
1787024649859,0.001385,10860628.0,0.001386,1233568.0,0.0013855,7.217610970769633
1787024650275,0.001385,10823084.0,0.001386,1233568.0,0.0013855,7.217610970769633
1787024650277,0.001385,10823084.0,0.001386,1282045.0,0.0013855,7.217610970769633
1787024650284,0.001385,10823084.0,0.001386,1287485.0,0.0013855,7.217610970769633
1787024650287,0.001385,10702729.0,0.001386,1287485.0,0.0013855,7.217610970769633
1787024650643,0.001385,10702729.0,0.001386,894712.0,0.0013855,7.217610970769633
1787024650644,0.001385,10702729.0,0.001386,124847.0,0.0013855,7.217610970769633
1787024650645,0.001386,19498.0,0.001387,2397431.0,0.0013865000000000001,7.212405337179342
1787024650646,0.001386,236982.0,0.001387,1449517.0,0.0013865000000000001,7.212405337179342
1787024650647,0.001386,579813.0,0.001387,1449517.0,0.0013865000000000001,7.212405337179342
1787024650648,0.001386,579813.0,0.001387,1564183.0,0.0013865000000000001,7.212405337179342
1787024650649,0.001386,579813.0,0.001387,1623351.0,0.0013865000000000001,7.212405337179342
1787024650666,0.001386,628290.0,0.001387,1542297.0,0.0013865000000000001,7.212405337179342
1787024650671,0.001386,626580.0,0.001387,1542297.0,0.0013865000000000001,7.212405337179342
1787024650723,0.001386,662655.0,0.001387,1542297.0,0.0013865000000000001,7.212405337179342
1787024650911,0.001386,745823.0,0.001387,1542297.0,0.0013865000000000001,7.212405337179342
1787024650917,0.001386,1512397.0,0.001387,1542297.0,0.0013865000000000001,7.212405337179342
1787024650918,0.001386,1512397.0,0.001387,2329749.0,0.0013865000000000001,7.212405337179342
1787024651082,0.001386,1524298.0,0.001387,2329749.0,0.0013865000000000001,7.212405337179342
1787024651100,0.001386,1524298.0,0.001387,2590712.0,0.0013865000000000001,7.212405337179342
1787024651113,0.001386,1560373.0,0.001387,2590712.0,0.0013865000000000001,7.212405337179342
1787024651342,0.001386,1552722.0,0.001387,2590712.0,0.0013865000000000001,7.212405337179342
1787024651400,0.001386,1552722.0,0.001387,2637204.0,0.0013865000000000001,7.212405337179342
1787024651407,0.001386,786148.0,0.001387,2637204.0,0.0013865000000000001,7.212405337179342
1787024651408,0.001386,568664.0,0.001387,2637204.0,0.0013865000000000001,7.212405337179342
1787024651500,0.001386,568664.0,0.001387,2659444.0,0.0013865000000000001,7.212405337179342
1787024651773,0.001386,567603.0,0.001387,2659444.0,0.0013865000000000001,7.212405337179342
1787024651812,0.001386,521350.0,0.001387,2659444.0,0.0013865000000000001,7.212405337179342
1787024651820,0.001386,219665.0,0.001387,2659444.0,0.0013865000000000001,7.212405337179342
1787024651901,0.001386,219665.0,0.001387,2637204.0,0.0013865000000000001,7.212405337179342
1787024652038,0.001386,219665.0,0.001387,2647525.0,0.0013865000000000001,7.212405337179342
1787024652039,0.001386,219665.0,0.001387,2673452.0,0.0013865000000000001,7.212405337179342
1787024652098,0.001386,219665.0,0.001387,2819090.0,0.0013865000000000001,7.212405337179342
1787024652099,0.001386,219665.0,0.001387,2807189.0,0.0013865000000000001,7.212405337179342
1787024652101,0.001386,219665.0,0.001387,2841318.0,0.0013865000000000001,7.212405337179342
1787024652146,0.001386,219665.0,0.001387,3197892.0,0.0013865000000000001,7.212405337179342
1787024652147,0.001386,171188.0,0.001387,3197892.0,0.0013865000000000001,7.212405337179342
1787024652400,0.001386,171188.0,0.001387,3220132.0,0.0013865000000000001,7.212405337179342
1787024652599,0.001386,171188.0,0.001387,3312532.0,0.0013865000000000001,7.212405337179342
1787024652682,0.001386,171188.0,0.001387,3316938.0,0.0013865000000000001,7.212405337179342
1787024652687,0.001386,207263.0,0.001387,3316938.0,0.0013865000000000001,7.212405337179342
1787024652698,0.001385,10560437.0,0.001387,3316938.0,0.001386,14.43001443001478
1787024652699,0.001385,10560437.0,0.001386,977068.0,0.0013855,7.217610970769633
1787024652700,0.001385,10540885.0,0.001386,1947209.0,0.0013855,7.217610970769633
1787024652701,0.001385,8802497.0,0.001386,2678395.0,0.0013855,7.217610970769633
1787024652703,0.001385,8802497.0,0.001386,2670076.0,0.0013855,7.217610970769633
1787024652705,0.001385,8658663.0,0.001386,2670076.0,0.0013855,7.217610970769633
1787024652708,0.001385,8658663.0,0.001386,2696022.0,0.0013855,7.217610970769633
1787024652735,0.001385,8658663.0,0.001386,2701436.0,0.0013855,7.217610970769633
1787024652759,0.001385,8396765.0,0.001386,2701436.0,0.0013855,7.217610970769633
1787024652797,0.001385,8396765.0,0.001386,2708653.0,0.0013855,7.217610970769633
1787024652800,0.001385,8396765.0,0.001386,2731017.0,0.0013855,7.217610970769633
1787024652801,0.001385,8396765.0,0.001386,2753381.0,0.0013855,7.217610970769633
1787024652858,0.001385,8408675.0,0.001386,2765291.0,0.0013855,7.217610970769633
1787024652927,0.001385,8408675.0,0.001386,2561130.0,0.0013855,7.217610970769633
1787024652937,0.001385,8407233.0,0.001386,2561130.0,0.0013855,7.217610970769633
1787024652962,0.001385,9177343.0,0.001386,2561130.0,0.0013855,7.217610970769633
1787024653097,0.001385,9177343.0,0.001386,2967859.0,0.0013855,7.217610970769633
1787024653399,0.001385,9131040.0,0.001386,2967859.0,0.0013855,7.217610970769633
1787024653405,0.001385,8360930.0,0.001386,2967859.0,0.0013855,7.217610970769633
1787024653438,0.001385,8352716.0,0.001386,2967859.0,0.0013855,7.217610970769633
1787024653690,0.001385,8322716.0,0.001386,2967859.0,0.0013855,7.217610970769633
1787024653899,0.001385,8322716.0,0.001386,2945495.0,0.0013855,7.217610970769633
1787024653910,0.001385,8331525.0,0.001386,2945495.0,0.0013855,7.217610970769633
1787024654028,0.001385,9103104.0,0.001386,2945495.0,0.0013855,7.217610970769633
1787024654097,0.001385,9100631.0,0.001386,2945495.0,0.0013855,7.217610970769633
1787024654201,0.001385,9100631.0,0.001386,2923131.0,0.0013855,7.217610970769633
1787024654398,0.001385,9100631.0,0.001386,2969202.0,0.0013855,7.217610970769633
1787024654399,0.001385,9100631.0,0.001386,2991808.0,0.0013855,7.217610970769633
1787024654499,0.001385,9100631.0,0.001386,2969202.0,0.0013855,7.217610970769633
1787024654710,0.001385,8329052.0,0.001386,2969202.0,0.0013855,7.217610970769633
1787024654714,0.001385,8329052.0,0.001386,2925422.0,0.0013855,7.217610970769633
1787024654722,0.001385,8329052.0,0.001386,2880531.0,0.0013855,7.217610970769633
1787024654919,0.001385,9077535.0,0.001386,2880531.0,0.0013855,7.217610970769633
1787024655064,0.001385,9077535.0,0.001386,2802426.0,0.0013855,7.217610970769633
1787024655065,0.001385,9077535.0,0.001386,2615238.0,0.0013855,7.217610970769633
1787024655078,0.001385,9077535.0,0.001386,2600142.0,0.0013855,7.217610970769633
1787024655079,0.001385,9077535.0,0.001386,1868956.0,0.0013855,7.217610970769633
1787024655080,0.001385,9077535.0,0.001386,1773629.0,0.0013855,7.217610970769633
1787024655219,0.001385,9075018.0,0.001386,1773629.0,0.0013855,7.217610970769633
1787024655296,0.001385,9075018.0,0.001386,1766412.0,0.0013855,7.217610970769633
1787024655298,0.001385,9075018.0,0.001386,2522543.0,0.0013855,7.217610970769633
1787024655299,0.001385,9075018.0,0.001386,2510633.0,0.0013855,7.217610970769633
1787024655300,0.001385,9075018.0,0.001386,2522543.0,0.0013855,7.217610970769633
1787024655918,0.001385,9075018.0,0.001386,1722543.0,0.0013855,7.217610970769633
1787024656055,0.001385,9487842.0,0.001386,554202.0,0.0013855,7.217610970769633
1787024656057,0.001385,9487842.0,0.001386,491377.0,0.0013855,7.217610970769633
1787024656120,0.001385,9164420.0,0.001386,491377.0,0.0013855,7.217610970769633
1787024656189,0.001385,9164420.0,0.001386,539854.0,0.0013855,7.217610970769633
1787024656264,0.001385,9164420.0,0.001386,1346004.0,0.0013855,7.217610970769633
1787024656265,0.001385,9164420.0,0.001386,1334094.0,0.0013855,7.217610970769633
1787024656266,0.001385,8751596.0,0.001386,1346004.0,0.0013855,7.217610970769633
1787024656291,0.001385,8750139.0,0.001386,1346004.0,0.0013855,7.217610970769633
1787024656327,0.001385,8750139.0,0.001386,3819615.0,0.0013855,7.217610970769633
1787024656328,0.001385,8750139.0,0.001386,3807705.0,0.0013855,7.217610970769633
1787024656329,0.001385,8750139.0,0.001386,4220529.0,0.0013855,7.217610970769633
1787024656378,0.001385,8750139.0,0.001386,4232439.0,0.0013855,7.217610970769633
1787024656398,0.001385,8750139.0,0.001386,4186368.0,0.0013855,7.217610970769633
1787024656837,0.001385,8001656.0,0.001386,4186368.0,0.0013855,7.217610970769633
1787024656898,0.001385,8001656.0,0.001386,4200802.0,0.0013855,7.217610970769633
1787024656900,0.001385,8001656.0,0.001386,4222559.0,0.0013855,7.217610970769633
1787024656901,0.001385,8001656.0,0.001386,4244316.0,0.0013855,7.217610970769633
1787024657000,0.001385,8001656.0,0.001386,4248268.0,0.0013855,7.217610970769633
1787024657068,0.001385,8780488.0,0.001386,4248268.0,0.0013855,7.217610970769633
1787024657070,0.001385,8780488.0,0.001386,4279423.0,0.0013855,7.217610970769633
1787024657088,0.001385,8001656.0,0.001386,4279423.0,0.0013855,7.217610970769633
1787024657120,0.001385,8001656.0,0.001386,4265035.0,0.0013855,7.217610970769633
1787024657122,0.001385,8001656.0,0.001386,4269004.0,0.0013855,7.217610970769633
1787024657123,0.001385,8001656.0,0.001386,4237849.0,0.0013855,7.217610970769633
1787024657207,0.001385,7923533.0,0.001386,4237849.0,0.0013855,7.217610970769633
1787024657209,0.001385,7923533.0,0.001386,4269004.0,0.0013855,7.217610970769633
1787024657296,0.001385,7923533.0,0.001386,4276221.0,0.0013855,7.217610970769633
1787024657400,0.001385,7923533.0,0.001386,4321720.0,0.0013855,7.217610970769633
1787024657463,0.001385,7922321.0,0.001386,4321720.0,0.0013855,7.217610970769633
1787024657464,0.001384,7049169.0,0.001386,4321720.0,0.001385,14.44043321299674
1787024657465,0.001384,5223314.0,0.001385,413081.0,0.0013844999999999999,7.222824124231968
1787024657466,0.001384,4058962.0,0.001385,976060.0,0.0013844999999999999,7.222824124231968
1787024657467,0.001384,3663117.0,0.001385,1193544.0,0.0013844999999999999,7.222824124231968
1787024657468,0.001384,3663117.0,0.001385,1343269.0,0.0013844999999999999,7.222824124231968
1787024657469,0.001384,3663117.0,0.001385,1415471.0,0.0013844999999999999,7.222824124231968
1787024657515,0.001384,3663117.0,0.001385,1447763.0,0.0013844999999999999,7.222824124231968
1787024657516,0.001384,3663117.0,0.001385,1496240.0,0.0013844999999999999,7.222824124231968
1787024657517,0.001384,3663117.0,0.001385,1424038.0,0.0013844999999999999,7.222824124231968
1787024657531,0.001384,3663117.0,0.001385,1375561.0,0.0013844999999999999,7.222824124231968
1787024657536,0.001384,3663117.0,0.001385,1424038.0,0.0013844999999999999,7.222824124231968
1787024657537,0.001384,3555242.0,0.001385,1424038.0,0.0013844999999999999,7.222824124231968
1787024657540,0.001384,3411408.0,0.001385,1424038.0,0.0013844999999999999,7.222824124231968
1787024657599,0.001384,3411408.0,0.001385,1451345.0,0.0013844999999999999,7.222824124231968
1787024657600,0.001384,3411408.0,0.001385,1478652.0,0.0013844999999999999,7.222824124231968
1787024657639,0.001384,3411408.0,0.001385,1459158.0,0.0013844999999999999,7.222824124231968
1787024657667,0.001384,3423326.0,0.001385,1471076.0,0.0013844999999999999,7.222824124231968
1787024657672,0.001384,4316459.0,0.001385,2217003.0,0.0013844999999999999,7.222824124231968
1787024657673,0.001384,4316459.0,0.001385,2168526.0,0.0013844999999999999,7.222824124231968
1787024657674,0.001384,4316459.0,0.001385,2096324.0,0.0013844999999999999,7.222824124231968
1787024657700,0.001384,4316459.0,0.001385,2069017.0,0.0013844999999999999,7.222824124231968
1787024657796,0.001384,4316459.0,0.001385,2076239.0,0.0013844999999999999,7.222824124231968
1787024657797,0.001384,4316459.0,0.001385,2124716.0,0.0013844999999999999,7.222824124231968
1787024657800,0.001384,4316459.0,0.001385,2152019.0,0.0013844999999999999,7.222824124231968
1787024657804,0.001384,5818163.0,0.001385,2152019.0,0.0013844999999999999,7.222824124231968
1787024657805,0.001384,5818163.0,0.001385,2103542.0,0.0013844999999999999,7.222824124231968
1787024658050,0.001384,5818163.0,0.001385,2107514.0,0.0013844999999999999,7.222824124231968
1787024658098,0.001384,5818163.0,0.001385,2515745.0,0.0013844999999999999,7.222824124231968
1787024658099,0.001384,5818163.0,0.001385,2488442.0,0.0013844999999999999,7.222824124231968
1787024658100,0.001384,5818163.0,0.001385,2461135.0,0.0013844999999999999,7.222824124231968
1787024658101,0.001384,5818163.0,0.001385,2449217.0,0.0013844999999999999,7.222824124231968
1787024658102,0.001384,5818163.0,0.001385,2461135.0,0.0013844999999999999,7.222824124231968
1787024658270,0.001384,5818163.0,0.001385,1715208.0,0.0013844999999999999,7.222824124231968
1787024658393,0.001384,5822137.0,0.001385,1715208.0,0.0013844999999999999,7.222824124231968
1787024658399,0.001384,5822137.0,0.001385,1763822.0,0.0013844999999999999,7.222824124231968
1787024658680,0.001384,6095042.0,0.001385,1763822.0,0.0013844999999999999,7.222824124231968
1787024658682,0.001384,6095042.0,0.001385,2642274.0,0.0013844999999999999,7.222824124231968
1787024658707,0.001384,6093743.0,0.001385,2642274.0,0.0013844999999999999,7.222824124231968
1787024658799,0.001384,6093743.0,0.001385,2635052.0,0.0013844999999999999,7.222824124231968
1787024659044,0.001384,6093743.0,0.001385,2639009.0,0.0013844999999999999,7.222824124231968
1787024659049,0.001384,6093743.0,0.001385,2646502.0,0.0013844999999999999,7.222824124231968
1787024659164,0.001384,6093743.0,0.001385,2429018.0,0.0013844999999999999,7.222824124231968
1787024659165,0.001384,6527555.0,0.001385,1116754.0,0.0013844999999999999,7.222824124231968
1787024659166,0.001384,6527555.0,0.001385,711249.0,0.0013844999999999999,7.222824124231968
1787024659167,0.001384,6527555.0,0.001385,630559.0,0.0013844999999999999,7.222824124231968
1787024659257,0.001384,6527555.0,0.001385,642477.0,0.0013844999999999999,7.222824124231968
1787024659297,0.001384,6527555.0,0.001385,649699.0,0.0013844999999999999,7.222824124231968
1787024659328,0.001384,6527555.0,0.001385,3135855.0,0.0013844999999999999,7.222824124231968
1787024659329,0.001384,6527555.0,0.001385,3123937.0,0.0013844999999999999,7.222824124231968
1787024659357,0.001384,6527555.0,0.001385,3135855.0,0.0013844999999999999,7.222824124231968
1787024659510,0.001384,6527555.0,0.001385,3926957.0,0.0013844999999999999,7.222824124231968
1787024659595,0.001384,6527555.0,0.001385,3941401.0,0.0013844999999999999,7.222824124231968
1787024659798,0.001384,6527555.0,0.001385,3934179.0,0.0013844999999999999,7.222824124231968
1787024659820,0.001384,6527555.0,0.001385,3143077.0,0.0013844999999999999,7.222824124231968
1787024660030,0.001384,6256199.0,0.001385,3143077.0,0.0013844999999999999,7.222824124231968
1787024660054,0.001384,6256199.0,0.001385,3135584.0,0.0013844999999999999,7.222824124231968
1787024660081,0.001384,6254809.0,0.001385,3135584.0,0.0013844999999999999,7.222824124231968
1787024660099,0.001384,6254809.0,0.001385,2989499.0,0.0013844999999999999,7.222824124231968
1787024660195,0.001384,6254809.0,0.001385,3786423.0,0.0013844999999999999,7.222824124231968
1787024660275,0.001384,6221020.0,0.001385,3786423.0,0.0013844999999999999,7.222824124231968
1787024660276,0.001384,6755529.0,0.001385,3786423.0,0.0013844999999999999,7.222824124231968
1787024660278,0.001384,6743611.0,0.001385,3786423.0,0.0013844999999999999,7.222824124231968
1787024660279,0.001384,6755529.0,0.001385,3786423.0,0.0013844999999999999,7.222824124231968
1787024660298,0.001384,6755529.0,0.001385,3793645.0,0.0013844999999999999,7.222824124231968
1787024660311,0.001384,6755529.0,0.001385,3797608.0,0.0013844999999999999,7.222824124231968
1787024660426,0.001384,6760757.0,0.001385,3797608.0,0.0013844999999999999,7.222824124231968
1787024660801,0.001384,6760757.0,0.001385,3790386.0,0.0013844999999999999,7.222824124231968
1787024661058,0.001384,6760757.0,0.001385,3864009.0,0.0013844999999999999,7.222824124231968
1787024661138,0.001384,6760757.0,0.001385,3793540.0,0.0013844999999999999,7.222824124231968
1787024661141,0.001384,6760757.0,0.001385,2996616.0,0.0013844999999999999,7.222824124231968
1787024661142,0.001384,6760757.0,0.001385,2984698.0,0.0013844999999999999,7.222824124231968
1787024661143,0.001384,6760757.0,0.001385,2996616.0,0.0013844999999999999,7.222824124231968
1787024661167,0.001384,6758084.0,0.001385,2996616.0,0.0013844999999999999,7.222824124231968
1787024661399,0.001384,6758084.0,0.001385,2948002.0,0.0013844999999999999,7.222824124231968
1787024661401,0.001384,6758084.0,0.001385,3720552.0,0.0013844999999999999,7.222824124231968
1787024661410,0.001384,6758084.0,0.001385,2948002.0,0.0013844999999999999,7.222824124231968
1787024661750,0.001384,6758084.0,0.001385,2953614.0,0.0013844999999999999,7.222824124231968
1787024661752,0.001384,6758084.0,0.001385,3002091.0,0.0013844999999999999,7.222824124231968
1787024661930,0.001384,6761697.0,0.001385,3002091.0,0.0013844999999999999,7.222824124231968
1787024662227,0.001384,6759243.0,0.001385,3002091.0,0.0013844999999999999,7.222824124231968
1787024662295,0.001384,6759243.0,0.001385,3009313.0,0.0013844999999999999,7.222824124231968
1787024662754,0.001384,6759243.0,0.001385,2960836.0,0.0013844999999999999,7.222824124231968
1787024662756,0.001384,6759243.0,0.001386,3478799.0,0.001385,14.44043321299674
1787024662757,0.001385,721407.0,0.001386,2213149.0,0.0013855,7.217610970769633
1787024662758,0.001385,721407.0,0.001386,1453740.0,0.0013855,7.217610970769633
1787024662759,0.001385,1320275.0,0.001386,1640862.0,0.0013855,7.217610970769633
1787024662761,0.001385,1320275.0,0.001386,1592385.0,0.0013855,7.217610970769633
1787024662764,0.001385,1320275.0,0.001386,862294.0,0.0013855,7.217610970769633
1787024662785,0.001385,964988.0,0.001386,866964.0,0.0013855,7.217610970769633
1787024662786,0.001385,953078.0,0.001386,866964.0,0.0013855,7.217610970769633
1787024662796,0.001385,953078.0,0.001386,881399.0,0.0013855,7.217610970769633
1787024662798,0.001385,953078.0,0.001386,929876.0,0.0013855,7.217610970769633
1787024662807,0.001385,1177898.0,0.001386,929876.0,0.0013855,7.217610970769633
1787024662821,0.001385,1177898.0,0.001386,881399.0,0.0013855,7.217610970769633
1787024662863,0.001385,1177898.0,0.001386,736918.0,0.0013855,7.217610970769633
1787024662908,0.001385,1450803.0,0.001386,736918.0,0.0013855,7.217610970769633
1787024662938,0.001385,1462713.0,0.001386,736918.0,0.0013855,7.217610970769633
1787024662965,0.001385,2207010.0,0.001386,1468927.0,0.0013855,7.217610970769633
1787024662967,0.001385,2207010.0,0.001386,1468927.0,0.0013855,7.217610970769633
1787024663099,0.001385,2207010.0,0.001386,1614506.0,0.0013855,7.217610970769633
1787024663398,0.001385,2207010.0,0.001386,1628670.0,0.0013855,7.217610970769633
1787024663445,0.001385,2204902.0,0.001386,1628670.0,0.0013855,7.217610970769633
1787024663696,0.001385,2204902.0,0.001386,1622896.0,0.0013855,7.217610970769633
1787024663825,0.001385,2204902.0,0.001386,1631556.0,0.0013855,7.217610970769633
1787024664100,0.001385,2204902.0,0.001386,1776971.0,0.0013855,7.217610970769633
1787024664101,0.001385,2204902.0,0.001386,1851596.0,0.0013855,7.217610970769633
1787024664128,0.001385,2204902.0,0.001386,1851606.0,0.0013855,7.217610970769633
1787024664438,0.001385,2204902.0,0.001386,1847991.0,0.0013855,7.217610970769633
1787024664497,0.001385,2203765.0,0.001386,1847991.0,0.0013855,7.217610970769633
1787024664857,0.001385,2203765.0,0.001386,1799514.0,0.0013855,7.217610970769633
1787024664925,0.001385,2203765.0,0.001386,1847991.0,0.0013855,7.217610970769633
1787024664927,0.001385,1459468.0,0.001386,1847991.0,0.0013855,7.217610970769633
1787024664928,0.001385,1447558.0,0.001386,1847991.0,0.0013855,7.217610970769633
1787024664929,0.001385,1459468.0,0.001386,1847991.0,0.0013855,7.217610970769633
1787024665098,0.001385,1459468.0,0.001386,1702576.0,0.0013855,7.217610970769633
1787024665139,0.001385,2262619.0,0.001386,1702576.0,0.0013855,7.217610970769633
1787024665140,0.001385,2262619.0,0.001386,1654099.0,0.0013855,7.217610970769633
1787024665205,0.001385,3144031.0,0.001386,1654099.0,0.0013855,7.217610970769633
1787024665206,0.001385,3132121.0,0.001386,1654099.0,0.0013855,7.217610970769633
1787024665208,0.001385,3144031.0,0.001386,1654099.0,0.0013855,7.217610970769633
1787024665398,0.001385,3144031.0,0.001386,1639935.0,0.0013855,7.217610970769633
1787024665513,0.001385,3144031.0,0.001386,2435178.0,0.0013855,7.217610970769633
1787024665514,0.001385,3144031.0,0.001386,2423268.0,0.0013855,7.217610970769633
1787024665516,0.001385,3144031.0,0.001386,2435178.0,0.0013855,7.217610970769633
1787024665656,0.001385,3144031.0,0.001386,2430862.0,0.0013855,7.217610970769633
1787024665683,0.001385,3142110.0,0.001386,2430862.0,0.0013855,7.217610970769633
1787024666031,0.001385,3142110.0,0.001386,1635619.0,0.0013855,7.217610970769633
1787024666039,0.001385,3142110.0,0.001386,4230815.0,0.0013855,7.217610970769633
1787024666040,0.001385,3142110.0,0.001386,4230815.0,0.0013855,7.217610970769633
1787024666398,0.001385,3142110.0,0.001386,4278531.0,0.0013855,7.217610970769633
1787024666710,0.001385,3146565.0,0.001386,4278531.0,0.0013855,7.217610970769633
1787024667098,0.001385,3146565.0,0.001386,4423460.0,0.0013855,7.217610970769633
1787024667099,0.001385,3146565.0,0.001386,4447643.0,0.0013855,7.217610970769633
1787024667101,0.001385,3146565.0,0.001386,4474482.0,0.0013855,7.217610970769633
1787024667125,0.001385,3144153.0,0.001386,4474482.0,0.0013855,7.217610970769633
1787024667598,0.001385,3144153.0,0.001386,4447643.0,0.0013855,7.217610970769633
1787024668165,0.001385,3142624.0,0.001386,4447643.0,0.0013855,7.217610970769633
1787024668548,0.001385,3142624.0,0.001386,8484477.0,0.0013855,7.217610970769633
1787024668550,0.001385,2917804.0,0.001386,8653987.0,0.0013855,7.217610970769633
1787024668552,0.001385,2114653.0,0.001386,8653987.0,0.0013855,7.217610970769633
1787024668556,0.001385,1757640.0,0.001386,8653987.0,0.0013855,7.217610970769633
1787024668557,0.001385,1709163.0,0.001386,8653987.0,0.0013855,7.217610970769633
1787024668598,0.001385,1709163.0,0.001386,8748224.0,0.0013855,7.217610970769633
1787024668630,0.001385,1709163.0,0.001386,8928773.0,0.0013855,7.217610970769633
1787024668699,0.001385,1709163.0,0.001386,8954204.0,0.0013855,7.217610970769633
1787024668700,0.001385,1709163.0,0.001386,8979635.0,0.0013855,7.217610970769633
1787024668796,0.001385,1709163.0,0.001386,8986852.0,0.0013855,7.217610970769633
1787024668830,0.001385,1709163.0,0.001386,9080952.0,0.0013855,7.217610970769633
1787024669037,0.001385,1709163.0,0.001386,9127954.0,0.0013855,7.217610970769633
1787024669119,0.001385,1714952.0,0.001386,9127954.0,0.0013855,7.217610970769633
1787024669138,0.001385,1571808.0,0.001386,9127954.0,0.0013855,7.217610970769633
1787024669140,0.001385,1575780.0,0.001386,9127954.0,0.0013855,7.217610970769633
1787024669573,0.001385,1573535.0,0.001386,9127954.0,0.0013855,7.217610970769633
1787024669694,0.001385,1573535.0,0.001386,9144382.0,0.0013855,7.217610970769633
1787024669862,0.001385,1573535.0,0.001386,9177300.0,0.0013855,7.217610970769633
1787024670277,0.001385,1543125.0,0.001386,9177300.0,0.0013855,7.217610970769633
1787024670279,0.001384,7326436.0,0.001385,41743.0,0.0013844999999999999,7.222824124231968
1787024670280,0.001384,5933689.0,0.001385,2918549.0,0.0013844999999999999,7.222824124231968
1787024670281,0.001384,5499877.0,0.001385,2122521.0,0.0013844999999999999,7.222824124231968
1787024670282,0.001384,5253622.0,0.001385,2122521.0,0.0013844999999999999,7.222824124231968
1787024670283,0.001384,3202023.0,0.001385,2851990.0,0.0013844999999999999,7.222824124231968
1787024670284,0.001383,6153457.0,0.001384,1122407.0,0.0013835,7.228044813878806
1787024670285,0.001383,6134059.0,0.001384,2068893.0,0.0013835,7.228044813878806
1787024670286,0.001383,5408477.0,0.001384,2759828.0,0.0013835,7.228044813878806
1787024670287,0.001383,5408477.0,0.001384,2415339.0,0.0013835,7.228044813878806
1787024670289,0.001383,5408477.0,0.001384,2429790.0,0.0013835,7.228044813878806
1787024670290,0.001383,5408477.0,0.001384,2478267.0,0.0013835,7.228044813878806
1787024670292,0.001383,5408477.0,0.001384,2429790.0,0.0013835,7.228044813878806
1787024670296,0.001383,5408477.0,0.001384,2444244.0,0.0013835,7.228044813878806
1787024670316,0.001383,5408477.0,0.001384,1959316.0,0.0013835,7.228044813878806
1787024670318,0.001383,5408477.0,0.001384,1910839.0,0.0013835,7.228044813878806
1787024670331,0.001383,5408477.0,0.001384,1921682.0,0.0013835,7.228044813878806
1787024670337,0.001383,5922784.0,0.001384,1921682.0,0.0013835,7.228044813878806
1787024670354,0.001383,5814363.0,0.001384,1921682.0,0.0013835,7.228044813878806
1787024670355,0.001383,5768041.0,0.001384,1921682.0,0.0013835,7.228044813878806
1787024670358,0.001383,5623427.0,0.001384,1921682.0,0.0013835,7.228044813878806
1787024670360,0.001383,5619465.0,0.001384,1921682.0,0.0013835,7.228044813878806
1787024670381,0.001383,5619465.0,0.001384,1907231.0,0.0013835,7.228044813878806
1787024670382,0.001383,5619465.0,0.001384,1911204.0,0.0013835,7.228044813878806
1787024670387,0.001383,6075014.0,0.001384,1455693.0,0.0013835,7.228044813878806
1787024670400,0.001383,6075014.0,0.001384,1773744.0,0.0013835,7.228044813878806
1787024670401,0.001383,6025960.0,0.001384,1802205.0,0.0013835,7.228044813878806
1787024670402,0.001383,6025960.0,0.001384,1830666.0,0.0013835,7.228044813878806
1787024670527,0.001383,6025960.0,0.001384,2676865.0,0.0013835,7.228044813878806
1787024670528,0.001383,6935786.0,0.001384,2676865.0,0.0013835,7.228044813878806
1787024670529,0.001383,6935786.0,0.001384,2604611.0,0.0013835,7.228044813878806
1787024670533,0.001383,6934072.0,0.001384,2604611.0,0.0013835,7.228044813878806
1787024670585,0.001383,6934072.0,0.001384,2616538.0,0.0013835,7.228044813878806
1787024670597,0.001383,6934072.0,0.001384,2714771.0,0.0013835,7.228044813878806
1787024670616,0.001383,6478523.0,0.001384,2714771.0,0.0013835,7.228044813878806
1787024670677,0.001383,6478523.0,0.001384,3170282.0,0.0013835,7.228044813878806
1787024670679,0.001383,5657431.0,0.001384,3170282.0,0.0013835,7.228044813878806
1787024670680,0.001383,5716405.0,0.001384,3170282.0,0.0013835,7.228044813878806
1787024670681,0.001383,4818506.0,0.001384,3170282.0,0.0013835,7.228044813878806
1787024670796,0.001383,4818506.0,0.001384,3177510.0,0.0013835,7.228044813878806
1787024670797,0.001383,4814890.0,0.001384,3191961.0,0.0013835,7.228044813878806
1787024670862,0.001383,4814890.0,0.001384,3241007.0,0.0013835,7.228044813878806
1787024670918,0.001383,5639876.0,0.001384,3241007.0,0.0013835,7.228044813878806
1787024670960,0.001383,5639876.0,0.001384,4043237.0,0.0013835,7.228044813878806
1787024671040,0.001383,5590875.0,0.001384,4043237.0,0.0013835,7.228044813878806
1787024671041,0.001383,5364800.0,0.001384,4257489.0,0.0013835,7.228044813878806
1787024671042,0.001383,4539814.0,0.001384,4043237.0,0.0013835,7.228044813878806
1787024671097,0.001383,4539814.0,0.001384,4333845.0,0.0013835,7.228044813878806
1787024671114,0.001383,4539814.0,0.001384,4514655.0,0.0013835,7.228044813878806
1787024671209,0.001383,4539814.0,0.001384,4518629.0,0.0013835,7.228044813878806
1787024671259,0.001383,4539814.0,0.001384,3716399.0,0.0013835,7.228044813878806
1787024671260,0.001383,4539814.0,0.001384,3704472.0,0.0013835,7.228044813878806
1787024671262,0.001383,4539814.0,0.001384,3716399.0,0.0013835,7.228044813878806
1787024671267,0.001383,3801716.0,0.001384,3716399.0,0.0013835,7.228044813878806
1787024671401,0.001383,3801716.0,0.001384,3765313.0,0.0013835,7.228044813878806
1787024671443,0.001383,3805690.0,0.001384,3765313.0,0.0013835,7.228044813878806
1787024671500,0.001383,4661301.0,0.001384,3765313.0,0.0013835,7.228044813878806
1787024671501,0.001383,4649374.0,0.001384,3765313.0,0.0013835,7.228044813878806
1787024671502,0.001383,4661301.0,0.001384,3765313.0,0.0013835,7.228044813878806
1787024671535,0.001383,4601142.0,0.001384,3765313.0,0.0013835,7.228044813878806
1787024671555,0.001383,3745531.0,0.001384,3765313.0,0.0013835,7.228044813878806
1787024671607,0.001383,3743704.0,0.001384,3765313.0,0.0013835,7.228044813878806
1787024671822,0.001383,3721821.0,0.001384,3765313.0,0.0013835,7.228044813878806
1787024671823,0.001383,3721821.0,0.001384,4365313.0,0.0013835,7.228044813878806
1787024671825,0.001383,3721821.0,0.001384,3765313.0,0.0013835,7.228044813878806
1787024671917,0.001383,3721821.0,0.001384,3769262.0,0.0013835,7.228044813878806
1787024672009,0.001383,3721821.0,0.001384,3588452.0,0.0013835,7.228044813878806
1787024672039,0.001383,3721821.0,0.001384,3601777.0,0.0013835,7.228044813878806
1787024672096,0.001383,3670080.0,0.001384,3601777.0,0.0013835,7.228044813878806
1787024672133,0.001383,3674057.0,0.001384,3601777.0,0.0013835,7.228044813878806
1787024672409,0.001383,4456841.0,0.001384,3601777.0,0.0013835,7.228044813878806
1787024672475,0.001383,3674057.0,0.001384,3601777.0,0.0013835,7.228044813878806
1787024672516,0.001383,3234618.0,0.001384,3782587.0,0.0013835,7.228044813878806
1787024672517,0.001383,1251623.0,0.001384,3782587.0,0.0013835,7.228044813878806
1787024672518,0.001382,1134729.0,0.001383,550235.0,0.0013825,7.233273056057258
1787024672519,0.001382,646451.0,0.001383,109645.0,0.0013825,7.233273056057258
1787024672520,0.001382,1454451.0,0.001383,1355841.0,0.0013825,7.233273056057258
1787024672521,0.001382,1526810.0,0.001383,1359814.0,0.0013825,7.233273056057258
1787024672522,0.001382,1828305.0,0.001383,1488402.0,0.0013825,7.233273056057258
1787024672526,0.001382,1828305.0,0.001383,1460780.0,0.0013825,7.233273056057258
1787024672527,0.001382,1828305.0,0.001383,1381426.0,0.0013825,7.233273056057258
1787024672542,0.001382,1828305.0,0.001383,1462950.0,0.0013825,7.233273056057258
1787024672569,0.001382,1828305.0,0.001383,1381426.0,0.0013825,7.233273056057258
1787024672597,0.001382,1828305.0,0.001383,1309119.0,0.0013825,7.233273056057258
1787024672598,0.001382,1828305.0,0.001383,1323585.0,0.0013825,7.233273056057258
1787024672599,0.001382,1828305.0,0.001383,1251278.0,0.0013825,7.233273056057258
1787024672632,0.001382,1840240.0,0.001383,1263213.0,0.0013825,7.233273056057258
1787024672653,0.001382,1838542.0,0.001383,1263213.0,0.0013825,7.233273056057258
1787024672662,0.001382,1766183.0,0.001383,1263213.0,0.0013825,7.233273056057258
1787024672680,0.001382,1865129.0,0.001383,1263213.0,0.0013825,7.233273056057258
1787024672682,0.001382,2606007.0,0.001383,1263213.0,0.0013825,7.233273056057258
1787024672683,0.001382,2606007.0,0.001383,2077085.0,0.0013825,7.233273056057258
1787024672701,0.001382,2606007.0,0.001383,2138119.0,0.0013825,7.233273056057258
1787024672703,0.001382,2533648.0,0.001383,2138119.0,0.0013825,7.233273056057258
1787024672798,0.001382,2533648.0,0.001383,2145352.0,0.0013825,7.233273056057258
1787024672816,0.001382,2533648.0,0.001383,1331480.0,0.0013825,7.233273056057258
1787024672817,0.001382,2533648.0,0.001383,1300381.0,0.0013825,7.233273056057258
1787024672818,0.001382,2533648.0,0.001383,731474.0,0.0013825,7.233273056057258
1787024672819,0.001382,3024845.0,0.001383,30773.0,0.0013825,7.233273056057258
1787024672820,0.001382,3024845.0,0.001384,3566558.0,0.0013830000000000001,14.46131597975451
1787024672821,0.001383,958940.0,0.001384,3566558.0,0.0013835,7.228044813878806
1787024672822,0.001383,541452.0,0.001384,3178819.0,0.0013835,7.228044813878806
1787024672823,0.001383,553379.0,0.001384,2276833.0,0.0013835,7.228044813878806
1787024672824,0.001383,553379.0,0.001384,5212978.0,0.0013835,7.228044813878806
1787024672825,0.001383,630561.0,0.001384,5201051.0,0.0013835,7.228044813878806
1787024672826,0.001383,630561.0,0.001384,5743546.0,0.0013835,7.228044813878806
1787024672827,0.001383,614861.0,0.001384,6852547.0,0.0013835,7.228044813878806
1787024672828,0.001382,3671408.0,0.001384,6852547.0,0.0013830000000000001,14.46131597975451
1787024672829,0.001382,3667432.0,0.001383,1060719.0,0.0013825,7.233273056057258
1787024672830,0.001382,3446109.0,0.001383,1142183.0,0.0013825,7.233273056057258
1787024672831,0.001382,3446109.0,0.001383,1574734.0,0.0013825,7.233273056057258
1787024672899,0.001382,3446109.0,0.001383,1589199.0,0.0013825,7.233273056057258
1787024672907,0.001382,2954912.0,0.001383,1589199.0,0.0013825,7.233273056057258
1787024672908,0.001382,1780222.0,0.001383,1589199.0,0.0013825,7.233273056057258
1787024672910,0.001382,1780222.0,0.001383,1637676.0,0.0013825,7.233273056057258
1787024672912,0.001382,1780222.0,0.001383,1589199.0,0.0013825,7.233273056057258
1787024672933,0.001382,1780222.0,0.001383,1561554.0,0.0013825,7.233273056057258
1787024673018,0.001382,1792157.0,0.001383,1573489.0,0.0013825,7.233273056057258
1787024673098,0.001382,1792157.0,0.001383,1719235.0,0.0013825,7.233273056057258
1787024673104,0.001382,1792157.0,0.001383,1864981.0,0.0013825,7.233273056057258
1787024673118,0.001382,1792157.0,0.001383,2640483.0,0.0013825,7.233273056057258
1787024673197,0.001382,1469810.0,0.001383,2640483.0,0.0013825,7.233273056057258
1787024673198,0.001382,1469810.0,0.001383,3190790.0,0.0013825,7.233273056057258
1787024673199,0.001382,1144666.0,0.001383,2628548.0,0.0013825,7.233273056057258
1787024673252,0.001382,1144666.0,0.001383,2640483.0,0.0013825,7.233273056057258
1787024673276,0.001382,1062531.0,0.001383,2640483.0,0.0013825,7.233273056057258
1787024673389,0.001382,1062531.0,0.001383,3359152.0,0.0013825,7.233273056057258
1787024673402,0.001382,1062531.0,0.001383,3390720.0,0.0013825,7.233273056057258
1787024673449,0.001382,1062531.0,0.001383,3394697.0,0.0013825,7.233273056057258
1787024673595,0.001382,1062531.0,0.001383,3495782.0,0.0013825,7.233273056057258
1787024673671,0.001382,1060694.0,0.001383,3495782.0,0.0013825,7.233273056057258
1787024673681,0.001382,1174370.0,0.001383,3495782.0,0.0013825,7.233273056057258
1787024673798,0.001382,1174370.0,0.001383,3503015.0,0.0013825,7.233273056057258
1787024673805,0.001382,1174370.0,0.001383,3683955.0,0.0013825,7.233273056057258
1787024673833,0.001382,786838.0,0.001383,3683955.0,0.0013825,7.233273056057258
1787024673835,0.001382,642225.0,0.001383,3683955.0,0.0013825,7.233273056057258
1787024673862,0.001382,642225.0,0.001383,3734426.0,0.0013825,7.233273056057258
1787024673986,0.001382,646205.0,0.001383,3734426.0,0.0013825,7.233273056057258
1787024674041,0.001382,646205.0,0.001383,3758857.0,0.0013825,7.233273056057258
1787024674297,0.001382,646205.0,0.001383,3751624.0,0.0013825,7.233273056057258
1787024674379,0.001382,641864.0,0.001383,3751624.0,0.0013825,7.233273056057258
1787024674400,0.001382,641864.0,0.001383,3764307.0,0.0013825,7.233273056057258
1787024674402,0.001382,641864.0,0.001383,3796599.0,0.0013825,7.233273056057258
1787024674412,0.001382,641864.0,0.001383,3803839.0,0.0013825,7.233273056057258
1787024674413,0.001382,641864.0,0.001383,3796599.0,0.0013825,7.233273056057258
1787024674692,0.001382,641864.0,0.001383,3852349.0,0.0013825,7.233273056057258
1787024674693,0.001382,593387.0,0.001383,4083821.0,0.0013825,7.233273056057258
1787024674694,0.001382,544910.0,0.001383,4083821.0,0.0013825,7.233273056057258
1787024674695,0.001382,544910.0,0.001383,5176139.0,0.0013825,7.233273056057258
1787024674707,0.001382,510818.0,0.001383,5176139.0,0.0013825,7.233273056057258
1787024674708,0.001382,476726.0,0.001383,5176139.0,0.0013825,7.233273056057258
1787024674714,0.001382,459680.0,0.001383,5176139.0,0.0013825,7.233273056057258
1787024674730,0.001382,447745.0,0.001383,5176139.0,0.0013825,7.233273056057258
1787024674733,0.001381,2124016.0,0.001382,999217.0,0.0013815,7.238508867172754
1787024674734,0.001381,1309363.0,0.001382,1568525.0,0.0013815,7.238508867172754
1787024674735,0.001381,1841892.0,0.001382,1695148.0,0.0013815,7.238508867172754
1787024674736,0.001381,1841892.0,0.001382,2031758.0,0.0013815,7.238508867172754
1787024674737,0.001381,2143606.0,0.001382,2084850.0,0.0013815,7.238508867172754
1787024674765,0.001381,2143606.0,0.001382,1572412.0,0.0013815,7.238508867172754
1787024674766,0.001381,2143606.0,0.001382,1561558.0,0.0013815,7.238508867172754
1787024674781,0.001381,2143606.0,0.001382,1570242.0,0.0013815,7.238508867172754
1787024674782,0.001381,2141296.0,0.001382,1570242.0,0.0013815,7.238508867172754
1787024674796,0.001381,2141296.0,0.001382,1591956.0,0.0013815,7.238508867172754
1787024674800,0.001381,2141296.0,0.001382,1623551.0,0.0013815,7.238508867172754
1787024674814,0.001381,2089555.0,0.001382,1623551.0,0.0013815,7.238508867172754
1787024674899,0.001381,2089555.0,0.001382,1623551.0,0.0013815,7.238508867172754
1787024674900,0.001381,2101499.0,0.001382,1635495.0,0.0013815,7.238508867172754
1787024674944,0.001381,2915407.0,0.001382,2466578.0,0.0013815,7.238508867172754
1787024674999,0.001381,2915407.0,0.001382,2498173.0,0.0013815,7.238508867172754
1787024675098,0.001381,2915407.0,0.001382,2789517.0,0.0013815,7.238508867172754
1787024675301,0.001381,2915407.0,0.001382,2726327.0,0.0013815,7.238508867172754
1787024675446,0.001381,2919545.0,0.001382,2726327.0,0.0013815,7.238508867172754
1787024675502,0.001381,2919545.0,0.001382,2757922.0,0.0013815,7.238508867172754
1787024675507,0.001381,2919545.0,0.001382,2734917.0,0.0013815,7.238508867172754
1787024675596,0.001381,2919545.0,0.001382,2835301.0,0.0013815,7.238508867172754
1787024675753,0.001381,2774828.0,0.001382,2835301.0,0.0013815,7.238508867172754
1787024675757,0.001381,2387016.0,0.001382,2835301.0,0.0013815,7.238508867172754
1787024675803,0.001381,2387016.0,0.001382,2803706.0,0.0013815,7.238508867172754
1787024675937,0.001381,2937554.0,0.001382,1172623.0,0.0013815,7.238508867172754
1787024675938,0.001382,487408.0,0.001383,3772728.0,0.0013825,7.233273056057258
1787024675939,0.001382,990524.0,0.001383,3765055.0,0.0013825,7.233273056057258
1787024675940,0.001382,89949.0,0.001383,2737745.0,0.0013825,7.233273056057258
1787024675941,0.001382,89949.0,0.001383,2804970.0,0.0013825,7.233273056057258
1787024675943,0.001382,68165.0,0.001383,2804970.0,0.0013825,7.233273056057258
1787024675945,0.001382,68165.0,0.001383,2624030.0,0.0013825,7.233273056057258
1787024675951,0.001382,66096.0,0.001383,2624030.0,0.0013825,7.233273056057258
1787024675952,0.001382,52457.0,0.001383,2624030.0,0.0013825,7.233273056057258
1787024675999,0.001382,52457.0,0.001383,2638502.0,0.0013825,7.233273056057258
1787024676055,0.001382,64392.0,0.001383,2650437.0,0.0013825,7.233273056057258
1787024676056,0.001382,64392.0,0.001383,2676281.0,0.0013825,7.233273056057258
1787024676138,0.001382,64392.0,0.001383,3430585.0,0.0013825,7.233273056057258
1787024676140,0.001382,15915.0,0.001383,3593362.0,0.0013825,7.233273056057258
1787024676141,0.001382,3980.0,0.001383,3593362.0,0.0013825,7.233273056057258
1787024676304,0.001382,3980.0,0.001383,3774302.0,0.0013825,7.233273056057258
1787024676400,0.001382,3980.0,0.001383,3761619.0,0.0013825,7.233273056057258
1787024676500,0.001382,3980.0,0.001383,3793355.0,0.0013825,7.233273056057258
1787024676599,0.001382,3980.0,0.001383,3825091.0,0.0013825,7.233273056057258
1787024676619,0.001382,3980.0,0.001383,3106422.0,0.0013825,7.233273056057258
1787024676621,0.001382,52457.0,0.001383,3106422.0,0.0013825,7.233273056057258
1787024676801,0.001382,52457.0,0.001383,3074686.0,0.0013825,7.233273056057258
1787024676802,0.001382,64392.0,0.001383,3074686.0,0.0013825,7.233273056057258
1787024676861,0.001382,64392.0,0.001383,3024215.0,0.0013825,7.233273056057258
1787024676901,0.001382,64392.0,0.001383,2992479.0,0.0013825,7.233273056057258
1787024676924,0.001382,886799.0,0.001383,2992479.0,0.0013825,7.233273056057258
1787024676925,0.001382,874864.0,0.001383,2992479.0,0.0013825,7.233273056057258
1787024676926,0.001382,886799.0,0.001383,2992479.0,0.0013825,7.233273056057258
1787024677038,0.001382,886799.0,0.001383,2968048.0,0.0013825,7.233273056057258
1787024677099,0.001382,886799.0,0.001383,3113367.0,0.0013825,7.233273056057258
1787024677237,0.001382,884374.0,0.001383,3113367.0,0.0013825,7.233273056057258
1787024677245,0.001382,884374.0,0.001383,2313367.0,0.0013825,7.233273056057258
1787024677247,0.001382,884374.0,0.001383,2301432.0,0.0013825,7.233273056057258
1787024677249,0.001382,884374.0,0.001383,2313367.0,0.0013825,7.233273056057258
1787024677445,0.001382,889424.0,0.001383,2313367.0,0.0013825,7.233273056057258
1787024677601,0.001382,889424.0,0.001383,2345103.0,0.0013825,7.233273056057258
1787024677677,0.001382,1279584.0,0.001383,2345103.0,0.0013825,7.233273056057258
1787024677707,0.001382,1279584.0,0.001383,2341403.0,0.0013825,7.233273056057258
1787024677803,0.001382,1279584.0,0.001383,2309667.0,0.0013825,7.233273056057258
1787024678243,0.001382,1279584.0,0.001383,2305967.0,0.0013825,7.233273056057258
1787024678296,0.001382,1286817.0,0.001383,2305967.0,0.0013825,7.233273056057258
1787024678323,0.001382,1285732.0,0.001383,2305967.0,0.0013825,7.233273056057258
1787024678325,0.001382,1285732.0,0.001383,2183227.0,0.0013825,7.233273056057258
1787024678326,0.001382,1285732.0,0.001383,996372.0,0.0013825,7.233273056057258
1787024678327,0.001382,1285732.0,0.001383,833595.0,0.0013825,7.233273056057258
1787024678329,0.001382,1285732.0,0.001383,882072.0,0.0013825,7.233273056057258
1787024678353,0.001382,1281391.0,0.001383,882072.0,0.0013825,7.233273056057258
1787024678354,0.001382,1285371.0,0.001383,882072.0,0.0013825,7.233273056057258
1787024678670,0.001382,1285371.0,0.001383,1664724.0,0.0013825,7.233273056057258
1787024678672,0.001382,1285371.0,0.001383,1664724.0,0.0013825,7.233273056057258
1787024678796,0.001382,1278138.0,0.001383,1664724.0,0.0013825,7.233273056057258
1787024678919,0.001382,1278138.0,0.001383,1668670.0,0.0013825,7.233273056057258
1787024679098,0.001382,1278138.0,0.001383,1523351.0,0.0013825,7.233273056057258
1787024679099,0.001382,1278138.0,0.001383,1547301.0,0.0013825,7.233273056057258
1787024679295,0.001382,1285371.0,0.001383,1547301.0,0.0013825,7.233273056057258
1787024679437,0.001382,1283589.0,0.001383,1547301.0,0.0013825,7.233273056057258
1787024679485,0.001382,1283589.0,0.001383,4745963.0,0.0013825,7.233273056057258
1787024679486,0.001382,1283589.0,0.001383,4745963.0,0.0013825,7.233273056057258
1787024679789,0.001382,461182.0,0.001383,4745963.0,0.0013825,7.233273056057258
1787024679790,0.001382,418358.0,0.001383,4745963.0,0.0013825,7.233273056057258
1787024679791,0.001382,418358.0,0.001383,5298900.0,0.0013825,7.233273056057258
1787024679797,0.001382,411125.0,0.001383,5298900.0,0.0013825,7.233273056057258
1787024679798,0.001382,399190.0,0.001383,5298900.0,0.0013825,7.233273056057258
1787024679819,0.001382,447667.0,0.001383,5298900.0,0.0013825,7.233273056057258
1787024679822,0.001382,447667.0,0.001383,5154105.0,0.0013825,7.233273056057258
1787024679823,0.001382,447667.0,0.001383,4924688.0,0.0013825,7.233273056057258
1787024679916,0.001382,459602.0,0.001383,4924688.0,0.0013825,7.233273056057258
1787024679991,0.001382,1250747.0,0.001383,4924688.0,0.0013825,7.233273056057258
1787024679992,0.001382,1238812.0,0.001383,4924688.0,0.0013825,7.233273056057258
1787024680018,0.001382,1250747.0,0.001383,4924688.0,0.0013825,7.233273056057258
1787024680098,0.001382,1250747.0,0.001383,5069523.0,0.0013825,7.233273056057258
1787024680197,0.001382,1250747.0,0.001383,5154382.0,0.0013825,7.233273056057258
1787024680277,0.001382,1223378.0,0.001383,5154382.0,0.0013825,7.233273056057258
1787024680285,0.001382,1223378.0,0.001383,5335322.0,0.0013825,7.233273056057258
1787024680491,0.001382,1221965.0,0.001383,5335322.0,0.0013825,7.233273056057258
1787024681162,0.001382,430820.0,0.001383,5335322.0,0.0013825,7.233273056057258
1787024681164,0.001382,136751.0,0.001383,5335322.0,0.0013825,7.233273056057258
1787024681165,0.001382,64392.0,0.001383,5335322.0,0.0013825,7.233273056057258
1787024681166,0.001382,52457.0,0.001383,5335322.0,0.0013825,7.233273056057258
1787024681167,0.001382,64392.0,0.001383,5335322.0,0.0013825,7.233273056057258
1787024681329,0.001382,64392.0,0.001383,9457623.0,0.0013825,7.233273056057258
1787024681330,0.001382,15915.0,0.001383,9445688.0,0.0013825,7.233273056057258
1787024681331,0.001382,15915.0,0.001383,9457623.0,0.0013825,7.233273056057258
1787024681332,0.001382,3980.0,0.001383,9457623.0,0.0013825,7.233273056057258
1787024681400,0.001382,3980.0,0.001383,9489294.0,0.0013825,7.233273056057258
1787024681445,0.001382,9211.0,0.001383,9489294.0,0.0013825,7.233273056057258
1787024681595,0.001382,9211.0,0.001383,9586752.0,0.0013825,7.233273056057258
1787024681600,0.001382,9211.0,0.001383,9618441.0,0.0013825,7.233273056057258
1787024681735,0.001382,7731.0,0.001383,9618441.0,0.0013825,7.233273056057258
1787024681796,0.001382,7731.0,0.001383,9625674.0,0.0013825,7.233273056057258
1787024681862,0.001382,7731.0,0.001383,10476563.0,0.0013825,7.233273056057258
1787024682000,0.001382,7731.0,0.001383,10444874.0,0.0013825,7.233273056057258
1787024682037,0.001382,7731.0,0.001383,10493489.0,0.0013825,7.233273056057258
1787024682100,0.001382,7731.0,0.001383,10638014.0,0.0013825,7.233273056057258
1787024682160,0.001382,7731.0,0.001383,9835784.0,0.0013825,7.233273056057258
1787024682199,0.001382,7731.0,0.001383,9867408.0,0.0013825,7.233273056057258
1787024682398,0.001382,7731.0,0.001383,9915923.0,0.0013825,7.233273056057258
1787024682475,0.001382,2334.0,0.001383,9915923.0,0.0013825,7.233273056057258
1787024682476,0.001382,6314.0,0.001383,9915923.0,0.0013825,7.233273056057258
1787024682661,0.001382,6314.0,0.001383,10718153.0,0.0013825,7.233273056057258
1787024682795,0.001382,4560.0,0.001383,10718153.0,0.0013825,7.233273056057258
1787024682999,0.001382,4560.0,0.001383,10686529.0,0.0013825,7.233273056057258
1787024683400,0.001382,4560.0,0.001383,10718146.0,0.0013825,7.233273056057258
1787024683441,0.001382,3980.0,0.001383,10718146.0,0.0013825,7.233273056057258
1787024683661,0.001382,3980.0,0.001383,9915916.0,0.0013825,7.233273056057258
1787024683760,0.001382,3980.0,0.001383,10718146.0,0.0013825,7.233273056057258
1787024683801,0.001382,3980.0,0.001383,10686529.0,0.0013825,7.233273056057258
1787024683829,0.001382,1725.0,0.001383,10686529.0,0.0013825,7.233273056057258
1787024684364,0.001382,1725.0,0.001383,9884299.0,0.0013825,7.233273056057258
1787024684402,0.001382,1725.0,0.001383,9915900.0,0.0013825,7.233273056057258
1787024684699,0.001382,1725.0,0.001383,9884299.0,0.0013825,7.233273056057258
1787024684707,0.001382,852813.0,0.001383,9884299.0,0.0013825,7.233273056057258
1787024684710,0.001382,1242973.0,0.001383,9884299.0,0.0013825,7.233273056057258
1787024684762,0.001382,1242973.0,0.001383,10686529.0,0.0013825,7.233273056057258
1787024684790,0.001382,1240460.0,0.001383,10686529.0,0.0013825,7.233273056057258
1787024684791,0.001382,1244440.0,0.001383,10686529.0,0.0013825,7.233273056057258
1787024684863,0.001382,1244440.0,0.001383,9884299.0,0.0013825,7.233273056057258
1787024684864,0.001382,1256375.0,0.001383,9884299.0,0.0013825,7.233273056057258
1787024684999,0.001382,1256375.0,0.001383,9852628.0,0.0013825,7.233273056057258
1787024685039,0.001382,1256375.0,0.001383,9804013.0,0.0013825,7.233273056057258
1787024685098,0.001382,1256375.0,0.001383,9659488.0,0.0013825,7.233273056057258
1787024685099,0.001382,1256375.0,0.001383,9691070.0,0.0013825,7.233273056057258
1787024685221,0.001382,1304852.0,0.001383,9691070.0,0.0013825,7.233273056057258
1787024685400,0.001382,1304852.0,0.001383,9642555.0,0.0013825,7.233273056057258
1787024685442,0.001382,1309117.0,0.001383,9642555.0,0.0013825,7.233273056057258
1787024685598,0.001382,1309117.0,0.001383,9545097.0,0.0013825,7.233273056057258
1787024685799,0.001382,1309117.0,0.001383,9537864.0,0.0013825,7.233273056057258
1787024685801,0.001382,1309117.0,0.001383,9506282.0,0.0013825,7.233273056057258
1787024685862,0.001382,1309117.0,0.001383,9457623.0,0.0013825,7.233273056057258
1787024686095,0.001382,1308163.0,0.001383,9457623.0,0.0013825,7.233273056057258
1787024686627,0.001382,1308163.0,0.001383,9406807.0,0.0013825,7.233273056057258
1787024686642,0.001382,1308163.0,0.001383,9016647.0,0.0013825,7.233273056057258
1787024686646,0.001382,1308163.0,0.001383,8915014.0,0.0013825,7.233273056057258
1787024686648,0.001382,1337103.0,0.001383,7951422.0,0.0013825,7.233273056057258
1787024686649,0.001382,1337103.0,0.001383,6250696.0,0.0013825,7.233273056057258
1787024686650,0.001382,1337103.0,0.001383,6238761.0,0.0013825,7.233273056057258
1787024686651,0.001382,1843393.0,0.001383,5775101.0,0.0013825,7.233273056057258
1787024686658,0.001382,2810416.0,0.001383,5775101.0,0.0013825,7.233273056057258
1787024686659,0.001382,2798481.0,0.001383,5775101.0,0.0013825,7.233273056057258
1787024686662,0.001382,2810416.0,0.001383,5787036.0,0.0013825,7.233273056057258
1787024686663,0.001382,2810416.0,0.001383,5642636.0,0.0013825,7.233273056057258
1787024686664,0.001382,2810416.0,0.001383,5261507.0,0.0013825,7.233273056057258
1787024686668,0.001382,2810416.0,0.001383,5210601.0,0.0013825,7.233273056057258
1787024686698,0.001382,2810416.0,0.001383,5225069.0,0.0013825,7.233273056057258
1787024686749,0.001382,2601698.0,0.001383,5225069.0,0.0013825,7.233273056057258
1787024686860,0.001382,2601698.0,0.001383,6048132.0,0.0013825,7.233273056057258
1787024687275,0.001382,2599582.0,0.001383,6048132.0,0.0013825,7.233273056057258
1787024687480,0.001382,2599582.0,0.001383,5225069.0,0.0013825,7.233273056057258
1787024687481,0.001382,3068022.0,0.001383,3578637.0,0.0013825,7.233273056057258
1787024687482,0.001382,3068022.0,0.001383,2345535.0,0.0013825,7.233273056057258
1787024687483,0.001382,3068022.0,0.001383,1714967.0,0.0013825,7.233273056057258
1787024687484,0.001382,3068022.0,0.001383,1703032.0,0.0013825,7.233273056057258
1787024687601,0.001382,3068022.0,0.001383,1737884.0,0.0013825,7.233273056057258
1787024687616,0.001382,2599582.0,0.001383,1737884.0,0.0013825,7.233273056057258
1787024687682,0.001382,2599582.0,0.001383,2585174.0,0.0013825,7.233273056057258
1787024687683,0.001382,2093292.0,0.001383,2585174.0,0.0013825,7.233273056057258
1787024687684,0.001382,2093292.0,0.001383,2597109.0,0.0013825,7.233273056057258
1787024687800,0.001382,2093292.0,0.001383,2562257.0,0.0013825,7.233273056057258
1787024687848,0.001382,1126269.0,0.001383,2562257.0,0.0013825,7.233273056057258
1787024688067,0.001382,1126269.0,0.001383,2588159.0,0.0013825,7.233273056057258
1787024688069,0.001382,1126269.0,0.001383,2769099.0,0.0013825,7.233273056057258
1787024688098,0.001382,1126269.0,0.001383,3057621.0,0.0013825,7.233273056057258
1787024688298,0.001382,1133502.0,0.001383,3057621.0,0.0013825,7.233273056057258
1787024688300,0.001382,1133502.0,0.001383,3255823.0,0.0013825,7.233273056057258
1787024688353,0.001382,1137120.0,0.001383,3255823.0,0.0013825,7.233273056057258
1787024688381,0.001382,1135118.0,0.001383,3255823.0,0.0013825,7.233273056057258
1787024688703,0.001382,1135118.0,0.001383,3290636.0,0.0013825,7.233273056057258
1787024688797,0.001382,1127885.0,0.001383,3290636.0,0.0013825,7.233273056057258
1787024688800,0.001382,1127885.0,0.001383,3255823.0,0.0013825,7.233273056057258
1787024689499,0.001382,1127885.0,0.001383,3290642.0,0.0013825,7.233273056057258
1787024689527,0.001382,1125896.0,0.001383,3290642.0,0.0013825,7.233273056057258
1787024689598,0.001382,1125896.0,0.001383,3255823.0,0.0013825,7.233273056057258
1787024689700,0.001382,1125896.0,0.001383,3290623.0,0.0013825,7.233273056057258
1787024689728,0.001382,1096956.0,0.001383,3290623.0,0.0013825,7.233273056057258
1787024689738,0.001382,1125896.0,0.001383,3290623.0,0.0013825,7.233273056057258
1787024689899,0.001382,1125896.0,0.001383,3255823.0,0.0013825,7.233273056057258
1787024689928,0.001382,1096956.0,0.001383,3255823.0,0.0013825,7.233273056057258
1787024690277,0.001382,1072324.0,0.001383,3255823.0,0.0013825,7.233273056057258
1787024690421,0.001382,1072324.0,0.001383,3260422.0,0.0013825,7.233273056057258
1787024690700,0.001382,1072324.0,0.001383,3295030.0,0.0013825,7.233273056057258
1787024690727,0.001382,1070718.0,0.001383,3295030.0,0.0013825,7.233273056057258
1787024690746,0.001382,1070718.0,0.001383,3685190.0,0.0013825,7.233273056057258
1787024690801,0.001382,1070718.0,0.001383,3650582.0,0.0013825,7.233273056057258
1787024690862,0.001382,1070718.0,0.001383,3661558.0,0.0013825,7.233273056057258
1787024691058,0.001382,1070718.0,0.001383,3685920.0,0.0013825,7.233273056057258
1787024691500,0.001382,1070718.0,0.001383,3720527.0,0.0013825,7.233273056057258
1787024691862,0.001382,1070718.0,0.001383,3709551.0,0.0013825,7.233273056057258
1787024691889,0.001382,1068054.0,0.001383,3709551.0,0.0013825,7.233273056057258
1787024691999,0.001382,1068054.0,0.001383,3674944.0,0.0013825,7.233273056057258
1787024692098,0.001382,1068054.0,0.001383,3530683.0,0.0013825,7.233273056057258
1787024692290,0.001382,1068054.0,0.001383,3535122.0,0.0013825,7.233273056057258
1787024692291,0.001381,3064582.0,0.001383,3535122.0,0.001382,14.471780028942343
1787024692292,0.001381,3132219.0,0.001382,424924.0,0.0013815,7.238508867172754
1787024692293,0.001381,3508096.0,0.001382,444082.0,0.0013815,7.238508867172754
1787024692294,0.001381,2686630.0,0.001382,1059996.0,0.0013815,7.238508867172754
1787024692295,0.001381,1944456.0,0.001382,1059996.0,0.0013815,7.238508867172754
1787024692296,0.001381,1944456.0,0.001382,1265387.0,0.0013815,7.238508867172754
1787024692297,0.001381,1944456.0,0.001382,1241067.0,0.0013815,7.238508867172754
1787024692299,0.001381,1944456.0,0.001382,1265387.0,0.0013815,7.238508867172754
1787024692316,0.001381,2334616.0,0.001382,1265387.0,0.0013815,7.238508867172754
1787024692326,0.001381,2334616.0,0.001382,1120670.0,0.0013815,7.238508867172754
1787024692343,0.001381,2334616.0,0.001382,1129354.0,0.0013815,7.238508867172754
1787024692362,0.001381,2330634.0,0.001382,1129354.0,0.0013815,7.238508867172754
1787024692399,0.001381,2330634.0,0.001382,1143829.0,0.0013815,7.238508867172754
1787024692400,0.001381,2342578.0,0.001382,1143829.0,0.0013815,7.238508867172754
1787024692556,0.001381,3082902.0,0.001382,1143829.0,0.0013815,7.238508867172754
1787024692671,0.001381,3082902.0,0.001382,1155773.0,0.0013815,7.238508867172754
1787024692688,0.001381,3031161.0,0.001382,1155773.0,0.0013815,7.238508867172754
1787024692799,0.001381,3031161.0,0.001382,1163011.0,0.0013815,7.238508867172754
1787024692955,0.001381,3031161.0,0.001382,2072514.0,0.0013815,7.238508867172754
1787024692996,0.001381,3031161.0,0.001382,2001333.0,0.0013815,7.238508867172754
1787024693275,0.001381,3029997.0,0.001382,2001333.0,0.0013815,7.238508867172754
1787024693299,0.001381,3029997.0,0.001382,1994095.0,0.0013815,7.238508867172754
1787024693340,0.001381,2642185.0,0.001382,1994095.0,0.0013815,7.238508867172754
1787024693347,0.001381,2497468.0,0.001382,1994095.0,0.0013815,7.238508867172754
1787024693376,0.001381,3464491.0,0.001382,1994095.0,0.0013815,7.238508867172754
1787024693442,0.001381,3469006.0,0.001382,1994095.0,0.0013815,7.238508867172754
1787024693530,0.001381,3469006.0,0.001382,1974937.0,0.0013815,7.238508867172754
1787024693540,0.001381,3469006.0,0.001382,1753163.0,0.0013815,7.238508867172754
1787024693541,0.001381,3469006.0,0.001382,417236.0,0.0013815,7.238508867172754
1787024693542,0.001382,697503.0,0.001383,2972243.0,0.0013825,7.233273056057258
1787024693543,0.001382,432003.0,0.001383,2326543.0,0.0013825,7.233273056057258
1787024693544,0.001382,1211394.0,0.001383,1960767.0,0.0013825,7.233273056057258
1787024693545,0.001382,1211394.0,0.001383,1912267.0,0.0013825,7.233273056057258
1787024693546,0.001382,1211394.0,0.001383,1887883.0,0.0013825,7.233273056057258
1787024693547,0.001382,1211394.0,0.001383,1839383.0,0.0013825,7.233273056057258
1787024693568,0.001382,1240334.0,0.001383,1839383.0,0.0013825,7.233273056057258
1787024693598,0.001382,1240334.0,0.001383,1853851.0,0.0013825,7.233273056057258
1787024693623,0.001382,1240334.0,0.001383,2244011.0,0.0013825,7.233273056057258
1787024693646,0.001382,1288833.0,0.001383,2244011.0,0.0013825,7.233273056057258
1787024693698,0.001382,1300768.0,0.001383,2255946.0,0.0013825,7.233273056057258
1787024693768,0.001382,2076519.0,0.001383,3048992.0,0.0013825,7.233273056057258
1787024694098,0.001382,2076519.0,0.001383,3192457.0,0.0013825,7.233273056057258
1787024694152,0.001382,2076519.0,0.001383,2399411.0,0.0013825,7.233273056057258
1787024694165,0.001382,2076519.0,0.001383,2009251.0,0.0013825,7.233273056057258
1787024694193,0.001382,2076519.0,0.001383,1997307.0,0.0013825,7.233273056057258
1787024694232,0.001382,2076519.0,0.001383,1985363.0,0.0013825,7.233273056057258
1787024694299,0.001382,2076519.0,0.001383,1887663.0,0.0013825,7.233273056057258
1787024694346,0.001382,2076519.0,0.001383,2728733.0,0.0013825,7.233273056057258
1787024694347,0.001382,2076519.0,0.001383,2716798.0,0.0013825,7.233273056057258
1787024694348,0.001382,2076519.0,0.001383,2728733.0,0.0013825,7.233273056057258
1787024694473,0.001382,2074286.0,0.001383,2728733.0,0.0013825,7.233273056057258
1787024694567,0.001382,1929621.0,0.001383,2728733.0,0.0013825,7.233273056057258
1787024694570,0.001382,1541949.0,0.001383,2728733.0,0.0013825,7.233273056057258
1787024694571,0.001382,1541949.0,0.001383,2728733.0,0.0013825,7.233273056057258
1787024694577,0.001382,1541949.0,0.001383,3118893.0,0.0013825,7.233273056057258
1787024694584,0.001382,1320175.0,0.001383,3118893.0,0.0013825,7.233273056057258
1787024694759,0.001382,1320175.0,0.001383,3122850.0,0.0013825,7.233273056057258
1787024695079,0.001382,1271698.0,0.001383,3122850.0,0.0013825,7.233273056057258
1787024695101,0.001382,1271698.0,0.001383,2979385.0,0.0013825,7.233273056057258
1787024695296,0.001382,1271698.0,0.001383,3774628.0,0.0013825,7.233273056057258
1787024695456,0.001382,1276213.0,0.001383,3774628.0,0.0013825,7.233273056057258
1787024695493,0.001382,1276213.0,0.001383,4497701.0,0.0013825,7.233273056057258
1787024695755,0.001382,1273772.0,0.001383,4497701.0,0.0013825,7.233273056057258
1787024696045,0.001382,1273772.0,0.001383,21925966.0,0.0013825,7.233273056057258
1787024696046,0.001381,2855289.0,0.001382,438275.0,0.0013815,7.238508867172754
1787024696047,0.001381,2855289.0,0.001382,489507.0,0.0013815,7.238508867172754
1787024696048,0.001381,1551227.0,0.001382,314609.0,0.0013815,7.238508867172754
1787024696049,0.001381,1934619.0,0.001382,617530.0,0.0013815,7.238508867172754
1787024696051,0.001381,1934619.0,0.001382,628870.0,0.0013815,7.238508867172754
1787024696053,0.001381,1934619.0,0.001382,561507.0,0.0013815,7.238508867172754
1787024696054,0.001381,1934619.0,0.001382,503587.0,0.0013815,7.238508867172754
1787024696057,0.001381,1934619.0,0.001382,484429.0,0.0013815,7.238508867172754
1787024696097,0.001381,1934619.0,0.001382,489858.0,0.0013815,7.238508867172754
1787024696098,0.001381,1934619.0,0.001382,571453.0,0.0013815,7.238508867172754
1787024696114,0.001381,1934619.0,0.001382,619930.0,0.0013815,7.238508867172754
1787024696116,0.00138,2706465.0,0.001382,619930.0,0.0013809999999999998,14.482259232440615
1787024696117,0.00138,2751059.0,0.001381,919799.0,0.0013805,7.243752263673544
1787024696118,0.00138,3226473.0,0.001381,1271469.0,0.0013805,7.243752263673544
1787024696119,0.00138,2755341.0,0.001381,1516709.0,0.0013805,7.243752263673544
1787024696120,0.00138,3057273.0,0.001381,1516709.0,0.0013805,7.243752263673544
1787024696121,0.00138,3086213.0,0.001381,1371789.0,0.0013805,7.243752263673544
1787024696122,0.00138,3086213.0,0.001381,1544920.0,0.0013805,7.243752263673544
1787024696123,0.00138,3086213.0,0.001381,961363.0,0.0013805,7.243752263673544
1787024696124,0.00138,3086213.0,0.001381,816443.0,0.0013805,7.243752263673544
1787024696126,0.00138,3086213.0,0.001381,662878.0,0.0013805,7.243752263673544
1787024696127,0.00138,3086213.0,0.001381,581459.0,0.0013805,7.243752263673544
1787024696128,0.00138,3086213.0,0.001381,291619.0,0.0013805,7.243752263673544
1787024696130,0.001381,433409.0,0.001382,4163088.0,0.0013815,7.238508867172754
1787024696131,0.001381,662914.0,0.001382,748634.0,0.0013815,7.238508867172754
1787024696132,0.001381,641781.0,0.001382,690098.0,0.0013815,7.238508867172754
1787024696133,0.001381,1153463.0,0.001382,545178.0,0.0013815,7.238508867172754
1787024696134,0.001381,1205546.0,0.001382,593655.0,0.0013815,7.238508867172754
1787024696135,0.001381,1205546.0,0.001382,675321.0,0.0013815,7.238508867172754
1787024696136,0.001381,1205546.0,0.001382,292891.0,0.0013815,7.238508867172754
1787024696137,0.001381,1805546.0,0.001382,341368.0,0.0013815,7.238508867172754
1787024696138,0.001381,1805546.0,0.001382,731528.0,0.0013815,7.238508867172754
1787024696139,0.001381,1805546.0,0.001382,143152.0,0.0013815,7.238508867172754
1787024696140,0.001381,1805546.0,0.001382,191629.0,0.0013815,7.238508867172754
1787024696141,0.001381,2195706.0,0.001382,240106.0,0.0013815,7.238508867172754
1787024696142,0.001381,2195706.0,0.001382,461880.0,0.0013815,7.238508867172754
1787024696151,0.001381,2195706.0,0.001382,467309.0,0.0013815,7.238508867172754
1787024696155,0.001381,2195706.0,0.001382,511735.0,0.0013815,7.238508867172754
1787024696160,0.001381,2195706.0,0.001382,508201.0,0.0013815,7.238508867172754
1787024696187,0.001381,1595706.0,0.001382,508201.0,0.0013815,7.238508867172754
1787024696213,0.001381,2195706.0,0.001382,508201.0,0.0013815,7.238508867172754
1787024696214,0.001381,1595706.0,0.001382,508201.0,0.0013815,7.238508867172754
1787024696257,0.001381,1595706.0,0.001382,1288560.0,0.0013815,7.238508867172754
1787024696292,0.001381,1607650.0,0.001382,1300504.0,0.0013815,7.238508867172754
1787024696298,0.001381,1607650.0,0.001382,1307742.0,0.0013815,7.238508867172754
1787024696300,0.001381,1607650.0,0.001382,1322218.0,0.0013815,7.238508867172754
1787024696301,0.001381,1559173.0,0.001382,1322218.0,0.0013815,7.238508867172754
1787024696332,0.001381,2442847.0,0.001382,1322218.0,0.0013815,7.238508867172754
1787024696347,0.001381,2446826.0,0.001382,1322218.0,0.0013815,7.238508867172754
1787024696348,0.001381,2442847.0,0.001382,1322218.0,0.0013815,7.238508867172754
1787024696359,0.001381,2442847.0,0.001382,1326197.0,0.0013815,7.238508867172754
1787024696360,0.001381,2442847.0,0.001382,1322218.0,0.0013815,7.238508867172754
1787024696372,0.001381,2442847.0,0.001382,1326200.0,0.0013815,7.238508867172754
1787024696375,0.001381,1559173.0,0.001382,1326200.0,0.0013815,7.238508867172754
1787024696376,0.001381,1157069.0,0.001382,1326200.0,0.0013815,7.238508867172754
1787024696377,0.001381,1157069.0,0.001382,1340672.0,0.0013815,7.238508867172754
1787024696399,0.001381,2124092.0,0.001382,1340672.0,0.0013815,7.238508867172754
1787024696413,0.001381,2136036.0,0.001382,1340672.0,0.0013815,7.238508867172754
1787024696681,0.001381,2136036.0,0.001382,1658723.0,0.0013815,7.238508867172754
1787024696699,0.001381,2136036.0,0.001382,1696438.0,0.0013815,7.238508867172754
1787024696796,0.001381,2872149.0,0.001382,1696438.0,0.0013815,7.238508867172754
1787024696797,0.001381,2799738.0,0.001382,1696438.0,0.0013815,7.238508867172754
1787024696798,0.001381,2654916.0,0.001382,1696438.0,0.0013815,7.238508867172754
1787024696900,0.001381,2654916.0,0.001382,1658723.0,0.0013815,7.238508867172754
1787024696974,0.001381,2658899.0,0.001382,1658723.0,0.0013815,7.238508867172754
1787024696978,0.001381,2658899.0,0.001382,1662703.0,0.0013815,7.238508867172754
1787024697001,0.001381,2656633.0,0.001382,1662703.0,0.0013815,7.238508867172754
1787024697003,0.001381,2656633.0,0.001382,2262703.0,0.0013815,7.238508867172754
1787024697009,0.001381,2656633.0,0.001382,1662703.0,0.0013815,7.238508867172754
1787024697011,0.001381,2656633.0,0.001382,1650759.0,0.0013815,7.238508867172754
1787024697012,0.001381,2656633.0,0.001382,1662703.0,0.0013815,7.238508867172754
1787024697059,0.001381,2656633.0,0.001382,1648232.0,0.0013815,7.238508867172754
1787024697098,0.001381,2656633.0,0.001382,1935844.0,0.0013815,7.238508867172754
1787024697152,0.001381,1920520.0,0.001382,1935844.0,0.0013815,7.238508867172754
1787024698004,0.001381,1920520.0,0.001382,1939796.0,0.0013815,7.238508867172754
1787024698098,0.001381,1920520.0,0.001382,1795990.0,0.0013815,7.238508867172754
1787024698222,0.001381,1918168.0,0.001382,1795990.0,0.0013815,7.238508867172754
1787024698223,0.001381,1918168.0,0.001382,2595990.0,0.0013815,7.238508867172754
1787024698226,0.001381,1918168.0,0.001382,1795990.0,0.0013815,7.238508867172754
1787024698227,0.001381,1918168.0,0.001382,1795990.0,0.0013815,7.238508867172754
1787024698324,0.001381,1918168.0,0.001382,1799953.0,0.0013815,7.238508867172754
1787024699097,0.001381,1918168.0,0.001382,1656147.0,0.0013815,7.238508867172754
1787024699127,0.001381,1918168.0,0.001382,1650537.0,0.0013815,7.238508867172754
1787024699439,0.001381,1900130.0,0.001382,1650537.0,0.0013815,7.238508867172754
1787024699441,0.001381,1900130.0,0.001382,2450537.0,0.0013815,7.238508867172754
1787024699446,0.001381,1900130.0,0.001382,1650537.0,0.0013815,7.238508867172754
1787024699467,0.001381,1898731.0,0.001382,1650537.0,0.0013815,7.238508867172754
1787024699469,0.001381,1898731.0,0.001382,2250537.0,0.0013815,7.238508867172754
1787024699470,0.001381,1898731.0,0.001382,2238593.0,0.0013815,7.238508867172754
1787024699471,0.001381,1898731.0,0.001382,2250537.0,0.0013815,7.238508867172754
1787024699740,0.001381,1898731.0,0.001382,2244746.0,0.0013815,7.238508867172754
1787024699741,0.001381,1898731.0,0.001382,1644746.0,0.0013815,7.238508867172754
1787024699802,0.001381,1898731.0,0.001382,1263617.0,0.0013815,7.238508867172754
1787024699804,0.001381,2808389.0,0.001382,1312094.0,0.0013815,7.238508867172754
1787024699805,0.001381,1624393.0,0.001382,1742594.0,0.0013815,7.238508867172754
1787024699806,0.001381,714735.0,0.001382,2542594.0,0.0013815,7.238508867172754
1787024699807,0.001381,363891.0,0.001382,2542594.0,0.0013815,7.238508867172754
1787024699808,0.001381,265084.0,0.001382,2530650.0,0.0013815,7.238508867172754
1787024699809,0.001381,101351.0,0.001382,2530650.0,0.0013815,7.238508867172754
1787024699810,0.001381,28940.0,0.001382,5753162.0,0.0013815,7.238508867172754
1787024699811,0.001381,81400.0,0.001382,2676138.0,0.0013815,7.238508867172754
1787024699812,0.001381,129877.0,0.001382,2676138.0,0.0013815,7.238508867172754
1787024699934,0.001381,141821.0,0.001382,2688082.0,0.0013815,7.238508867172754
1787024699946,0.001381,52611.0,0.001382,2688082.0,0.0013815,7.238508867172754
1787024699949,0.001381,130028.0,0.001382,2688082.0,0.0013815,7.238508867172754
1787024699951,0.001381,118084.0,0.001382,2688082.0,0.0013815,7.238508867172754
1787024700039,0.001381,130028.0,0.001382,2688082.0,0.0013815,7.238508867172754
1787024700040,0.001381,130028.0,0.001382,2714411.0,0.0013815,7.238508867172754
1787024700098,0.001381,130028.0,0.001382,2858058.0,0.0013815,7.238508867172754
1787024700216,0.001381,130028.0,0.001382,2713748.0,0.0013815,7.238508867172754
1787024700218,0.001381,990198.0,0.001382,2713748.0,0.0013815,7.238508867172754
1787024700219,0.001381,990198.0,0.001382,2568260.0,0.0013815,7.238508867172754
1787024700242,0.001381,130028.0,0.001382,2568260.0,0.0013815,7.238508867172754
1787024700244,0.001381,89361.0,0.001382,3277728.0,0.0013815,7.238508867172754
1787024700245,0.001381,89361.0,0.001382,3423216.0,0.0013815,7.238508867172754
1787024700254,0.001381,60421.0,0.001382,3423216.0,0.0013815,7.238508867172754
1787024700279,0.001381,38252.0,0.001382,3423216.0,0.0013815,7.238508867172754
1787024700479,0.001381,38252.0,0.001382,20867044.0,0.0013815,7.238508867172754
1787024700480,0.001381,86729.0,0.001382,20855100.0,0.0013815,7.238508867172754
1787024700481,0.001381,98673.0,0.001382,20867044.0,0.0013815,7.238508867172754
1787024700482,0.001381,86729.0,0.001382,20867044.0,0.0013815,7.238508867172754
1787024700483,0.001381,36212.0,0.001382,20867044.0,0.0013815,7.238508867172754
1787024700509,0.001381,36212.0,0.001382,20875735.0,0.0013815,7.238508867172754
1787024700539,0.00138,3402665.0,0.001382,21427251.0,0.0013809999999999998,14.482259232440615
1787024700541,0.00138,3402665.0,0.001381,10862.0,0.0013805,7.243752263673544
1787024700542,0.00138,3547487.0,0.001381,10862.0,0.0013805,7.243752263673544
1787024700543,0.00138,3467619.0,0.001381,10862.0,0.0013805,7.243752263673544
1787024700544,0.00138,2569384.0,0.001381,810862.0,0.0013805,7.243752263673544
1787024700546,0.00138,2569384.0,0.001381,859339.0,0.0013805,7.243752263673544
1787024700547,0.00138,2569384.0,0.001381,907816.0,0.0013805,7.243752263673544
1787024700548,0.00138,2569384.0,0.001381,1127321.0,0.0013805,7.243752263673544
1787024700551,0.00138,2569384.0,0.001381,1135286.0,0.0013805,7.243752263673544
1787024700552,0.00138,2557440.0,0.001381,1086809.0,0.0013805,7.243752263673544
1787024700559,0.00138,2666060.0,0.001381,1086809.0,0.0013805,7.243752263673544
1787024700566,0.00138,2666060.0,0.001381,1069821.0,0.0013805,7.243752263673544
1787024700572,0.00138,2661173.0,0.001381,1069821.0,0.0013805,7.243752263673544
1787024700575,0.00138,2661173.0,0.001381,1069827.0,0.0013805,7.243752263673544
1787024700578,0.00138,2661173.0,0.001381,1058965.0,0.0013805,7.243752263673544
1787024700579,0.00138,2661173.0,0.001381,1063635.0,0.0013805,7.243752263673544
1787024700585,0.00138,2661173.0,0.001381,1052773.0,0.0013805,7.243752263673544
1787024700587,0.00138,2673126.0,0.001381,1064726.0,0.0013805,7.243752263673544
1787024700588,0.00138,2458874.0,0.001381,1064726.0,0.0013805,7.243752263673544
1787024700589,0.00138,1296954.0,0.001381,1588309.0,0.0013805,7.243752263673544
1787024700590,0.00138,1296954.0,0.001381,1539832.0,0.0013805,7.243752263673544
1787024700591,0.00138,1296954.0,0.001381,1614657.0,0.0013805,7.243752263673544
1787024700592,0.00138,1296954.0,0.001381,1588309.0,0.0013805,7.243752263673544
1787024700593,0.001379,1614346.0,0.00138,487335.0,0.0013795,7.2490032620508575
1787024700594,0.001379,768700.0,0.00138,219505.0,0.0013795,7.2490032620508575
1787024700595,0.001379,480308.0,0.00138,267982.0,0.0013795,7.2490032620508575
1787024700596,0.001379,625340.0,0.00138,271964.0,0.0013795,7.2490032620508575
1787024700597,0.001379,975968.0,0.00138,271964.0,0.0013795,7.2490032620508575
1787024700598,0.001379,975968.0,0.00138,286461.0,0.0013795,7.2490032620508575
1787024700605,0.001379,968269.0,0.00138,286461.0,0.0013795,7.2490032620508575
1787024700606,0.001379,968269.0,0.00138,1086461.0,0.0013795,7.2490032620508575
1787024700608,0.001379,968269.0,0.00138,286461.0,0.0013795,7.2490032620508575
1787024700609,0.001379,859612.0,0.00138,286461.0,0.0013795,7.2490032620508575
1787024700614,0.001378,2069112.0,0.00138,286461.0,0.001379,14.50326323422648
1787024700615,0.001379,475106.0,0.00138,286461.0,0.0013795,7.2490032620508575
1787024700616,0.001379,475106.0,0.00138,838618.0,0.0013795,7.2490032620508575
1787024700617,0.001379,72516.0,0.00138,796113.0,0.0013795,7.2490032620508575
1787024700618,0.001379,10331.0,0.00138,1010365.0,0.0013795,7.2490032620508575
1787024700619,0.001379,475106.0,0.00138,874745.0,0.0013795,7.2490032620508575
1787024700620,0.001379,475106.0,0.00138,2115427.0,0.0013795,7.2490032620508575
1787024700621,0.001379,475106.0,0.00138,796113.0,0.0013795,7.2490032620508575
1787024700622,0.001379,475106.0,0.00138,844590.0,0.0013795,7.2490032620508575
1787024700623,0.001379,475106.0,0.00138,796113.0,0.0013795,7.2490032620508575
1787024700624,0.001379,470762.0,0.00138,796113.0,0.0013795,7.2490032620508575
1787024700627,0.001379,342106.0,0.00138,796113.0,0.0013795,7.2490032620508575
1787024700628,0.001379,342106.0,0.00138,1396113.0,0.0013795,7.2490032620508575
1787024700630,0.001378,2472135.0,0.001379,10877.0,0.0013785,7.254261878853217
1787024700631,0.001378,2472135.0,0.001379,374385.0,0.0013785,7.254261878853217
1787024700632,0.001378,1668566.0,0.001379,241259.0,0.0013785,7.254261878853217
1787024700633,0.001378,1881187.0,0.001379,147756.0,0.0013785,7.254261878853217
1787024700634,0.001378,1881187.0,0.001379,129984.0,0.0013785,7.254261878853217
1787024700635,0.001378,2481187.0,0.001379,318051.0,0.0013785,7.254261878853217
1787024700637,0.001378,2307944.0,0.001379,318051.0,0.0013785,7.254261878853217
1787024700638,0.001378,2307944.0,0.001379,223721.0,0.0013785,7.254261878853217
1787024700639,0.001378,2380513.0,0.001379,27737.0,0.0013785,7.254261878853217
1787024700640,0.001379,207855.0,0.00138,1134925.0,0.0013795,7.2490032620508575
1787024700641,0.001379,207855.0,0.00138,1033358.0,0.0013795,7.2490032620508575
1787024700642,0.001379,207855.0,0.00138,1103953.0,0.0013795,7.2490032620508575
1787024700643,0.001379,289450.0,0.00138,886561.0,0.0013795,7.2490032620508575
1787024700644,0.001379,337927.0,0.00138,935038.0,0.0013795,7.2490032620508575
1787024700645,0.001379,361966.0,0.00138,940475.0,0.0013795,7.2490032620508575
1787024700646,0.001379,361966.0,0.00138,868011.0,0.0013795,7.2490032620508575
1787024700669,0.001379,335401.0,0.00138,868011.0,0.0013795,7.2490032620508575
1787024700671,0.001379,262885.0,0.00138,868011.0,0.0013795,7.2490032620508575
1787024700672,0.001379,81595.0,0.00138,868011.0,0.0013795,7.2490032620508575
1787024700678,0.001379,81595.0,0.00138,868011.0,0.0013795,7.2490032620508575
1787024700679,0.001379,110535.0,0.00138,868011.0,0.0013795,7.2490032620508575
1787024700681,0.001379,110535.0,0.00138,1186062.0,0.0013795,7.2490032620508575
1787024700702,0.001379,110535.0,0.00138,1224844.0,0.0013795,7.2490032620508575
1787024700723,0.001379,28940.0,0.00138,1224844.0,0.0013795,7.2490032620508575
1787024700734,0.001378,3459965.0,0.00138,1224844.0,0.001379,14.50326323422648
1787024700735,0.001378,3336151.0,0.001379,461558.0,0.0013785,7.254261878853217
1787024700736,0.001378,3177900.0,0.001379,321846.0,0.0013785,7.254261878853217
1787024700794,0.001378,3206840.0,0.001379,321846.0,0.0013785,7.254261878853217
1787024700799,0.001378,3206840.0,0.001379,329100.0,0.0013785,7.254261878853217
1787024700801,0.001378,3134271.0,0.001379,329100.0,0.0013785,7.254261878853217
1787024700832,0.001378,3080041.0,0.001379,329100.0,0.0013785,7.254261878853217
1787024700833,0.001378,3877112.0,0.001379,329100.0,0.0013785,7.254261878853217
1787024700834,0.001378,3877112.0,0.001379,929100.0,0.0013785,7.254261878853217
1787024700845,0.001378,3804543.0,0.001379,929100.0,0.0013785,7.254261878853217
1787024700848,0.001378,3816513.0,0.001379,929100.0,0.0013785,7.254261878853217
1787024700879,0.001378,3816513.0,0.001379,329100.0,0.0013785,7.254261878853217
1787024700880,0.001378,3924383.0,0.001379,329100.0,0.0013785,7.254261878853217
1787024700924,0.001378,3975772.0,0.001379,329100.0,0.0013785,7.254261878853217
1787024700938,0.001378,3975772.0,0.001379,1212881.0,0.0013785,7.254261878853217
1787024700970,0.001378,3975772.0,0.001379,1224851.0,0.0013785,7.254261878853217
1787024701014,0.001378,3975772.0,0.001379,1369883.0,0.0013785,7.254261878853217
1787024701037,0.001378,3975772.0,0.001379,1421246.0,0.0013785,7.254261878853217
1787024701039,0.001378,3867902.0,0.001379,1421246.0,0.0013785,7.254261878853217
1787024701100,0.001378,3867902.0,0.001379,1565620.0,0.0013785,7.254261878853217
1787024701102,0.001378,3867902.0,0.001379,1594039.0,0.0013785,7.254261878853217
1787024701155,0.001378,3867902.0,0.001379,710258.0,0.0013785,7.254261878853217
1787024701156,0.001378,3867902.0,0.001379,710258.0,0.0013785,7.254261878853217
1787024701473,0.001378,3867902.0,0.001379,714247.0,0.0013785,7.254261878853217
1787024701539,0.001378,3867902.0,0.001379,1563577.0,0.0013785,7.254261878853217
1787024701540,0.001378,3867902.0,0.001379,1563577.0,0.0013785,7.254261878853217
1787024701541,0.001378,3867902.0,0.001379,1970428.0,0.0013785,7.254261878853217
1787024701597,0.001378,3867902.0,0.001379,1984935.0,0.0013785,7.254261878853217
1787024701601,0.001378,3838962.0,0.001379,1984935.0,0.0013785,7.254261878853217
1787024701637,0.001378,3838962.0,0.001379,2040765.0,0.0013785,7.254261878853217
1787024701664,0.001378,3842954.0,0.001379,2040765.0,0.0013785,7.254261878853217
1787024701697,0.001378,3416197.0,0.001379,2040765.0,0.0013785,7.254261878853217
1787024701703,0.001378,3410605.0,0.001379,2040765.0,0.0013785,7.254261878853217
1787024701706,0.001378,2268219.0,0.001379,2040765.0,0.0013785,7.254261878853217
1787024701921,0.001378,2216830.0,0.001379,2040765.0,0.0013785,7.254261878853217
1787024702041,0.001378,2216830.0,0.001379,1823531.0,0.0013785,7.254261878853217
1787024702044,0.001378,2216830.0,0.001379,567350.0,0.0013785,7.254261878853217
1787024702045,0.001378,2216830.0,0.001379,567350.0,0.0013785,7.254261878853217
1787024702047,0.001378,2216830.0,0.001379,615827.0,0.0013785,7.254261878853217
1787024702058,0.001378,2245770.0,0.001379,615827.0,0.0013785,7.254261878853217
1787024702127,0.001378,2245770.0,0.001379,620626.0,0.0013785,7.254261878853217
1787024702158,0.001378,2216830.0,0.001379,620626.0,0.0013785,7.254261878853217
1787024702212,0.001378,1029599.0,0.001379,1027477.0,0.0013785,7.254261878853217
1787024702214,0.001378,1029599.0,0.001379,1099993.0,0.0013785,7.254261878853217
1787024702215,0.001378,1029599.0,0.001379,1605235.0,0.0013785,7.254261878853217
1787024702216,0.001378,1029599.0,0.001379,1593265.0,0.0013785,7.254261878853217
1787024702218,0.001378,1017638.0,0.001379,1593265.0,0.0013785,7.254261878853217
1787024702220,0.001378,233398.0,0.001379,1593265.0,0.0013785,7.254261878853217
1787024702221,0.001378,221428.0,0.001379,2393265.0,0.0013785,7.254261878853217
1787024702222,0.001378,172951.0,0.001379,2393265.0,0.0013785,7.254261878853217
1787024702223,0.001378,124474.0,0.001379,2393265.0,0.0013785,7.254261878853217
1787024702291,0.001378,343979.0,0.001379,2393265.0,0.0013785,7.254261878853217
1787024702324,0.001378,750830.0,0.001379,2393265.0,0.0013785,7.254261878853217
1787024702325,0.001378,762800.0,0.001379,2405235.0,0.0013785,7.254261878853217
1787024702356,0.001378,762800.0,0.001379,2348042.0,0.0013785,7.254261878853217
1787024702357,0.001378,762800.0,0.001379,1548042.0,0.0013785,7.254261878853217
1787024702358,0.001378,762800.0,0.001379,1042800.0,0.0013785,7.254261878853217
1787024702376,0.001378,683619.0,0.001379,1042800.0,0.0013785,7.254261878853217
1787024702377,0.001378,683619.0,0.001379,1842800.0,0.0013785,7.254261878853217
1787024702378,0.001378,683619.0,0.001379,1042800.0,0.0013785,7.254261878853217
1787024702380,0.001378,683619.0,0.001379,1030830.0,0.0013785,7.254261878853217
1787024702381,0.001378,683619.0,0.001379,1103346.0,0.0013785,7.254261878853217
1787024702382,0.001378,683619.0,0.001379,1175862.0,0.0013785,7.254261878853217
1787024702414,0.001378,1562823.0,0.001379,1993711.0,0.0013785,7.254261878853217
1787024702415,0.001378,1550853.0,0.001379,1993711.0,0.0013785,7.254261878853217
1787024702473,0.001378,1562823.0,0.001379,2005681.0,0.0013785,7.254261878853217
1787024702514,0.001378,1341441.0,0.001379,2005681.0,0.0013785,7.254261878853217
1787024702591,0.001378,1345433.0,0.001379,2005681.0,0.0013785,7.254261878853217
1787024702595,0.001378,1345433.0,0.001379,2107992.0,0.0013785,7.254261878853217
1787024702767,0.001378,1345433.0,0.001379,1290143.0,0.0013785,7.254261878853217
1787024702769,0.001378,1345433.0,0.001379,883292.0,0.0013785,7.254261878853217
1787024702770,0.001378,1345433.0,0.001379,810776.0,0.0013785,7.254261878853217
1787024702771,0.001378,1345433.0,0.001379,738260.0,0.0013785,7.254261878853217
1787024702803,0.001378,1343100.0,0.001379,738260.0,0.0013785,7.254261878853217
1787024702896,0.001378,1343100.0,0.001379,714246.0,0.0013785,7.254261878853217
1787024702897,0.001378,1343100.0,0.001379,690841.0,0.0013785,7.254261878853217
1787024702927,0.001378,1343100.0,0.001379,618325.0,0.0013785,7.254261878853217
1787024702966,0.001378,1343100.0,0.001379,649685.0,0.0013785,7.254261878853217
1787024702975,0.001378,1343100.0,0.001379,577169.0,0.0013785,7.254261878853217
1787024703039,0.001378,1343100.0,0.001379,525806.0,0.0013785,7.254261878853217
1787024703116,0.001378,1343100.0,0.001379,17994627.0,0.0013785,7.254261878853217
1787024703117,0.001378,57045.0,0.001379,18140115.0,0.0013785,7.254261878853217
1787024703118,0.001378,15962.0,0.001379,18140115.0,0.0013785,7.254261878853217
1787024703120,0.001378,3992.0,0.001379,18140115.0,0.0013785,7.254261878853217
1787024703235,0.001378,3992.0,0.001379,18060934.0,0.0013785,7.254261878853217
1787024703283,0.001378,223497.0,0.001379,18060934.0,0.0013785,7.254261878853217
1787024703284,0.001378,758006.0,0.001379,18060934.0,0.0013785,7.254261878853217
1787024703298,0.001378,758006.0,0.001379,18068188.0,0.0013785,7.254261878853217
1787024703318,0.001378,758006.0,0.001379,18864893.0,0.0013785,7.254261878853217
1787024703319,0.001378,1626150.0,0.001379,18864893.0,0.0013785,7.254261878853217
1787024703344,0.001378,1638120.0,0.001379,18864893.0,0.0013785,7.254261878853217
1787024703392,0.001378,1578120.0,0.001379,18864893.0,0.0013785,7.254261878853217
1787024703394,0.001378,1043611.0,0.001379,18864893.0,0.0013785,7.254261878853217
1787024703511,0.001378,1024117.0,0.001379,18864893.0,0.0013785,7.254261878853217
1787024703518,0.001378,1028109.0,0.001379,18864893.0,0.0013785,7.254261878853217
1787024703520,0.001378,1146154.0,0.001379,18864893.0,0.0013785,7.254261878853217
1787024703690,0.001378,1141800.0,0.001379,18864893.0,0.0013785,7.254261878853217
1787024703797,0.001378,1137870.0,0.001379,18864893.0,0.0013785,7.254261878853217
1787024703813,0.001378,1672379.0,0.001379,18864893.0,0.0013785,7.254261878853217
1787024704054,0.001378,1665123.0,0.001379,18864893.0,0.0013785,7.254261878853217
1787024704097,0.001378,1665123.0,0.001379,18720519.0,0.0013785,7.254261878853217
1787024704227,0.001378,1657626.0,0.001379,18720519.0,0.0013785,7.254261878853217
1787024704232,0.001378,1657626.0,0.001379,15881907.0,0.0013785,7.254261878853217
1787024704233,0.001378,2063437.0,0.001379,7307857.0,0.0013785,7.254261878853217
1787024704234,0.001378,2063437.0,0.001379,5572381.0,0.0013785,7.254261878853217
1787024704235,0.001378,2063437.0,0.001379,3857399.0,0.0013785,7.254261878853217
1787024704236,0.001378,2063437.0,0.001379,3711911.0,0.0013785,7.254261878853217
1787024704238,0.001378,2092377.0,0.001379,3711911.0,0.0013785,7.254261878853217
1787024704239,0.001378,2092377.0,0.001379,3711911.0,0.0013785,7.254261878853217
1787024704240,0.001378,2099634.0,0.001379,3711911.0,0.0013785,7.254261878853217
1787024704241,0.001378,2092377.0,0.001379,3711911.0,0.0013785,7.254261878853217
1787024704242,0.001378,2099634.0,0.001379,3711911.0,0.0013785,7.254261878853217
1787024704243,0.001378,2092377.0,0.001379,3711911.0,0.0013785,7.254261878853217
1787024704248,0.001378,2063437.0,0.001379,3711911.0,0.0013785,7.254261878853217
1787024704294,0.001378,2063437.0,0.001379,3726421.0,0.0013785,7.254261878853217
1787024704295,0.001378,2070691.0,0.001379,3719167.0,0.0013785,7.254261878853217
1787024704565,0.001378,1994681.0,0.001379,3719167.0,0.0013785,7.254261878853217
1787024704574,0.001378,1994681.0,0.001379,4481056.0,0.0013785,7.254261878853217
1787024704750,0.001378,2059944.0,0.001379,4481056.0,0.0013785,7.254261878853217
1787024704779,0.001378,2059944.0,0.001379,3719167.0,0.0013785,7.254261878853217
1787024704785,0.001378,2033616.0,0.001379,3719167.0,0.0013785,7.254261878853217
1787024704797,0.001378,2026362.0,0.001379,3719167.0,0.0013785,7.254261878853217
1787024704874,0.001378,2049358.0,0.001379,3719167.0,0.0013785,7.254261878853217
1787024704886,0.001378,2069942.0,0.001379,3719167.0,0.0013785,7.254261878853217
1787024704888,0.001378,2090939.0,0.001379,3719167.0,0.0013785,7.254261878853217
1787024704985,0.001378,2086585.0,0.001379,3719167.0,0.0013785,7.254261878853217
1787024705021,0.001378,2086585.0,0.001379,3743340.0,0.0013785,7.254261878853217
1787024705082,0.001378,2086585.0,0.001379,4572734.0,0.0013785,7.254261878853217
1787024705084,0.001378,2086585.0,0.001379,4560764.0,0.0013785,7.254261878853217
1787024705085,0.001378,2086585.0,0.001379,4572734.0,0.0013785,7.254261878853217
1787024705100,0.001378,2086585.0,0.001379,4863720.0,0.0013785,7.254261878853217
1787024705109,0.001378,2082027.0,0.001379,4863720.0,0.0013785,7.254261878853217
1787024705111,0.001378,2082027.0,0.001379,4034326.0,0.0013785,7.254261878853217
1787024705413,0.001378,2082027.0,0.001379,4857063.0,0.0013785,7.254261878853217
1787024705477,0.001378,2082027.0,0.001379,4457017.0,0.0013785,7.254261878853217
1787024705479,0.001378,2082027.0,0.001379,3634280.0,0.0013785,7.254261878853217
1787024706097,0.001378,2082027.0,0.001379,3343294.0,0.0013785,7.254261878853217
1787024706297,0.001378,2089281.0,0.001379,3343294.0,0.0013785,7.254261878853217
1787024706325,0.001378,2084161.0,0.001379,3343294.0,0.0013785,7.254261878853217
1787024706406,0.001378,2084161.0,0.001379,3290924.0,0.0013785,7.254261878853217
1787024706407,0.001378,2684161.0,0.001379,3290924.0,0.0013785,7.254261878853217
1787024706531,0.001378,2684161.0,0.001379,3266751.0,0.0013785,7.254261878853217
1787024706535,0.001378,2684161.0,0.001379,3302334.0,0.0013785,7.254261878853217
1787024706570,0.001378,2684161.0,0.001379,1838319.0,0.0013785,7.254261878853217
1787024706571,0.001378,2684161.0,0.001379,1838319.0,0.0013785,7.254261878853217
1787024706572,0.001378,2084161.0,0.001379,1729898.0,0.0013785,7.254261878853217
1787024706576,0.001378,2091418.0,0.001379,1729898.0,0.0013785,7.254261878853217
1787024706577,0.001378,2084161.0,0.001379,1729898.0,0.0013785,7.254261878853217
1787024706580,0.001378,2091418.0,0.001379,1729898.0,0.0013785,7.254261878853217
1787024706581,0.001378,2084161.0,0.001379,1729898.0,0.0013785,7.254261878853217
1787024706582,0.001378,2084161.0,0.001379,1729898.0,0.0013785,7.254261878853217
1787024706583,0.001378,2091418.0,0.001379,1729898.0,0.0013785,7.254261878853217
1787024706584,0.001378,2091418.0,0.001379,1729898.0,0.0013785,7.254261878853217
1787024706585,0.001378,2084161.0,0.001379,1729898.0,0.0013785,7.254261878853217
1787024706586,0.001378,2084161.0,0.001379,1729898.0,0.0013785,7.254261878853217
1787024706587,0.001378,2091418.0,0.001379,2551316.0,0.0013785,7.254261878853217
1787024706588,0.001378,2084161.0,0.001379,2551316.0,0.0013785,7.254261878853217
1787024706589,0.001378,2084161.0,0.001379,2551316.0,0.0013785,7.254261878853217
1787024706590,0.001378,2091418.0,0.001379,2551316.0,0.0013785,7.254261878853217
1787024706591,0.001378,2084161.0,0.001379,2551316.0,0.0013785,7.254261878853217
1787024706592,0.001378,2084161.0,0.001379,2551316.0,0.0013785,7.254261878853217
1787024706593,0.001378,2091418.0,0.001379,2551316.0,0.0013785,7.254261878853217
1787024706594,0.001378,2084161.0,0.001379,2551316.0,0.0013785,7.254261878853217
1787024706595,0.001378,2091418.0,0.001379,2551316.0,0.0013785,7.254261878853217
1787024706596,0.001378,2091418.0,0.001379,2551316.0,0.0013785,7.254261878853217
1787024706597,0.001378,2084161.0,0.001379,2551316.0,0.0013785,7.254261878853217
1787024706679,0.001378,2091418.0,0.001379,2551316.0,0.0013785,7.254261878853217
1787024706680,0.001378,2084161.0,0.001379,2551316.0,0.0013785,7.254261878853217
1787024706736,0.001378,2083947.0,0.001379,2551316.0,0.0013785,7.254261878853217
1787024706771,0.001378,2091204.0,0.001379,2551316.0,0.0013785,7.254261878853217
1787024706772,0.001378,2083947.0,0.001379,2551316.0,0.0013785,7.254261878853217
1787024706786,0.001378,2083947.0,0.001379,2551316.0,0.0013785,7.254261878853217
1787024706788,0.001378,2091204.0,0.001379,2551316.0,0.0013785,7.254261878853217
1787024706789,0.001378,2083947.0,0.001379,2551316.0,0.0013785,7.254261878853217
1787024706796,0.001378,2076693.0,0.001379,2551316.0,0.0013785,7.254261878853217
1787024706868,0.001378,2083950.0,0.001379,2551316.0,0.0013785,7.254261878853217
1787024706869,0.001378,2076693.0,0.001379,2551316.0,0.0013785,7.254261878853217
1787024706870,0.001378,2083950.0,0.001379,2551316.0,0.0013785,7.254261878853217
1787024706871,0.001378,2076693.0,0.001379,2551316.0,0.0013785,7.254261878853217
1787024706888,0.001378,2076693.0,0.001379,2551316.0,0.0013785,7.254261878853217
1787024706907,0.001378,2083950.0,0.001379,2551316.0,0.0013785,7.254261878853217
1787024706908,0.001378,2076693.0,0.001379,2551316.0,0.0013785,7.254261878853217
1787024706997,0.001378,879058.0,0.001379,2551316.0,0.0013785,7.254261878853217
1787024706998,0.001378,473247.0,0.001379,2957127.0,0.0013785,7.254261878853217
1787024706999,0.001378,521724.0,0.001379,2957127.0,0.0013785,7.254261878853217
1787024707000,0.001378,190287.0,0.001379,2957127.0,0.0013785,7.254261878853217
1787024707001,0.001378,489181.0,0.001379,2957127.0,0.0013785,7.254261878853217
1787024707002,0.001378,477211.0,0.001379,2957127.0,0.0013785,7.254261878853217
1787024707038,0.001378,477211.0,0.001379,3013045.0,0.0013785,7.254261878853217
1787024707039,0.001378,397822.0,0.001379,3013045.0,0.0013785,7.254261878853217
1787024707093,0.001378,1269719.0,0.001379,3013045.0,0.0013785,7.254261878853217
1787024707097,0.001378,1269719.0,0.001379,3158598.0,0.0013785,7.254261878853217
1787024707098,0.001378,1281689.0,0.001379,3158598.0,0.0013785,7.254261878853217
1787024707176,0.001378,1062184.0,0.001379,3158598.0,0.0013785,7.254261878853217
1787024707179,0.001378,190287.0,0.001379,3158598.0,0.0013785,7.254261878853217
1787024707180,0.001378,190287.0,0.001379,3304384.0,0.0013785,7.254261878853217
1787024707181,0.001378,190287.0,0.001379,4391561.0,0.0013785,7.254261878853217
1787024707183,0.001378,190287.0,0.001379,4379591.0,0.0013785,7.254261878853217
1787024707184,0.001378,190287.0,0.001379,4391561.0,0.0013785,7.254261878853217
1787024707191,0.001378,141810.0,0.001379,4391561.0,0.0013785,7.254261878853217
1787024707192,0.001377,1624958.0,0.001379,4391561.0,0.0013779999999999999,14.513788098694112
1787024707193,0.001377,1624958.0,0.001379,4605813.0,0.0013779999999999999,14.513788098694112
1787024707194,0.001377,1633002.0,0.001378,350056.0,0.0013775,7.25952813067247
1787024707195,0.001377,1680134.0,0.001378,350056.0,0.0013775,7.25952813067247
1787024707196,0.001377,1947075.0,0.001378,350056.0,0.0013775,7.25952813067247
1787024707197,0.001377,2330402.0,0.001378,350056.0,0.0013775,7.25952813067247
1787024707198,0.001377,2330402.0,0.001378,354048.0,0.0013775,7.25952813067247
1787024707201,0.001377,2330402.0,0.001378,402525.0,0.0013775,7.25952813067247
1787024707226,0.001377,2330402.0,0.001378,391640.0,0.0013775,7.25952813067247
1787024707231,0.001377,2330402.0,0.001378,397085.0,0.0013775,7.25952813067247
1787024707312,0.001377,2330402.0,0.001378,409064.0,0.0013775,7.25952813067247
1787024707313,0.001377,2342381.0,0.001378,409064.0,0.0013775,7.25952813067247
1787024707354,0.001377,2342381.0,0.001378,412711.0,0.0013775,7.25952813067247
1787024707368,0.001377,2338405.0,0.001378,412711.0,0.0013775,7.25952813067247
1787024707375,0.001377,2338405.0,0.001378,798169.0,0.0013775,7.25952813067247
1787024707376,0.001377,1910048.0,0.001378,798169.0,0.0013775,7.25952813067247
1787024707377,0.001377,1910048.0,0.001378,870738.0,0.0013775,7.25952813067247
1787024707378,0.001377,1829311.0,0.001378,870738.0,0.0013775,7.25952813067247
1787024707379,0.001377,1829311.0,0.001378,858759.0,0.0013775,7.25952813067247
1787024707381,0.001377,1829311.0,0.001378,1591588.0,0.0013775,7.25952813067247
1787024707397,0.001377,1829311.0,0.001378,1606107.0,0.0013775,7.25952813067247
1787024707425,0.001377,1829311.0,0.001378,2332381.0,0.0013775,7.25952813067247
1787024707426,0.001377,1829311.0,0.001378,2344360.0,0.0013775,7.25952813067247
1787024707443,0.001377,1613411.0,0.001378,2344360.0,0.0013775,7.25952813067247
1787024707445,0.001377,1613411.0,0.001378,2351525.0,0.0013775,7.25952813067247
1787024707525,0.001377,1608395.0,0.001378,2351525.0,0.0013775,7.25952813067247
1787024707566,0.001377,2396353.0,0.001378,2351525.0,0.0013775,7.25952813067247
1787024707588,0.001377,1608395.0,0.001378,2351525.0,0.0013775,7.25952813067247
1787024707645,0.001377,1320833.0,0.001378,2351525.0,0.0013775,7.25952813067247
1787024707646,0.001377,1312849.0,0.001378,2877285.0,0.0013775,7.25952813067247
1787024707647,0.001377,1312849.0,0.001378,2278956.0,0.0013775,7.25952813067247
1787024707729,0.001377,1324828.0,0.001378,2278956.0,0.0013775,7.25952813067247
1787024707750,0.001377,1434069.0,0.001378,2278956.0,0.0013775,7.25952813067247
1787024707854,0.001377,1434069.0,0.001378,2339232.0,0.0013775,7.25952813067247
1787024708026,0.001377,1434069.0,0.001378,2302286.0,0.0013775,7.25952813067247
1787024708028,0.001377,2252288.0,0.001378,2302286.0,0.0013775,7.25952813067247
1787024708039,0.001377,2252288.0,0.001378,2358037.0,0.0013775,7.25952813067247
1787024708090,0.001377,2252288.0,0.001378,2286147.0,0.0013775,7.25952813067247
1787024708093,0.001377,2252288.0,0.001378,1442649.0,0.0013775,7.25952813067247
1787024708094,0.001377,2637746.0,0.001378,1442649.0,0.0013775,7.25952813067247
1787024708099,0.001377,2637746.0,0.001378,1588169.0,0.0013775,7.25952813067247
1787024708100,0.001377,2637746.0,0.001378,1576190.0,0.0013775,7.25952813067247
1787024708101,0.001377,2637746.0,0.001378,1588169.0,0.0013775,7.25952813067247
1787024708198,0.001377,2210680.0,0.001378,1588169.0,0.0013775,7.25952813067247
1787024708199,0.001377,2198701.0,0.001378,1588169.0,0.0013775,7.25952813067247
1787024708242,0.001377,2053564.0,0.001378,1588169.0,0.0013775,7.25952813067247
1787024708294,0.001377,2053564.0,0.001378,3252734.0,0.0013775,7.25952813067247
1787024708296,0.001377,2053564.0,0.001378,3240755.0,0.0013775,7.25952813067247
1787024708297,0.001377,2053564.0,0.001378,4047430.0,0.0013775,7.25952813067247
1787024708308,0.001377,2065543.0,0.001378,4059409.0,0.0013775,7.25952813067247
1787024708326,0.001377,2065543.0,0.001378,4009089.0,0.0013775,7.25952813067247
1787024708328,0.001377,2065543.0,0.001378,2816956.0,0.0013775,7.25952813067247
1787024708449,0.001377,2086659.0,0.001378,2816956.0,0.0013775,7.25952813067247
1787024708450,0.001377,2123662.0,0.001378,2816956.0,0.0013775,7.25952813067247
1787024708803,0.001377,2119634.0,0.001378,2816956.0,0.0013775,7.25952813067247
1787024708841,0.001377,2218338.0,0.001378,2816956.0,0.0013775,7.25952813067247
1787024708869,0.001377,2218338.0,0.001378,3592186.0,0.0013775,7.25952813067247
1787024708950,0.001377,2296367.0,0.001378,3592186.0,0.0013775,7.25952813067247
1787024708998,0.001377,2830876.0,0.001378,3592186.0,0.0013775,7.25952813067247
1787024709039,0.001377,2830876.0,0.001378,3536435.0,0.0013775,7.25952813067247
1787024709097,0.001377,2830876.0,0.001378,2761205.0,0.0013775,7.25952813067247
1787024709099,0.001377,2830876.0,0.001378,2615685.0,0.0013775,7.25952813067247
1787024709298,0.001377,2838135.0,0.001378,2615685.0,0.0013775,7.25952813067247
1787024709414,0.001377,2838135.0,0.001378,2666155.0,0.0013775,7.25952813067247
1787024709416,0.001377,2838135.0,0.001378,3432399.0,0.0013775,7.25952813067247
1787024709646,0.001377,2838135.0,0.001378,2666155.0,0.0013775,7.25952813067247
1787024709647,0.001377,2838135.0,0.001378,2654176.0,0.0013775,7.25952813067247
1787024709648,0.001377,2838135.0,0.001378,2605699.0,0.0013775,7.25952813067247
1787024709652,0.001377,2845398.0,0.001378,2605699.0,0.0013775,7.25952813067247
1787024709653,0.001377,2838135.0,0.001378,2605699.0,0.0013775,7.25952813067247
1787024709713,0.001377,2838135.0,0.001378,1869274.0,0.0013775,7.25952813067247
1787024709714,0.001377,2838135.0,0.001378,1873266.0,0.0013775,7.25952813067247
1787024709715,0.001377,2838135.0,0.001378,231564.0,0.0013775,7.25952813067247
1787024709716,0.001378,1440840.0,0.001379,1337679.0,0.0013785,7.254261878853217
1787024709717,0.001378,1844533.0,0.001379,1042398.0,0.0013785,7.254261878853217
1787024709718,0.001378,1355016.0,0.001379,1086151.0,0.0013785,7.254261878853217
1787024709762,0.001378,1366986.0,0.001379,1098121.0,0.0013785,7.254261878853217
1787024709789,0.001378,1366986.0,0.001379,878616.0,0.0013785,7.254261878853217
1787024709800,0.001378,1374240.0,0.001379,893123.0,0.0013785,7.254261878853217
1787024709819,0.001378,1352103.0,0.001379,893123.0,0.0013785,7.254261878853217
1787024709824,0.001378,1352103.0,0.001379,1133212.0,0.0013785,7.254261878853217
1787024709854,0.001378,2196933.0,0.001379,1894520.0,0.0013785,7.254261878853217
1787024709855,0.001378,2196933.0,0.001379,1882550.0,0.0013785,7.254261878853217
1787024709856,0.001378,2196933.0,0.001379,1810034.0,0.0013785,7.254261878853217
1787024709872,0.001378,2196933.0,0.001379,1822004.0,0.0013785,7.254261878853217
1787024709881,0.001378,2194381.0,0.001379,1822004.0,0.0013785,7.254261878853217
1787024710097,0.001378,2339758.0,0.001379,1822004.0,0.0013785,7.254261878853217
1787024710098,0.001378,2485135.0,0.001379,1822004.0,0.0013785,7.254261878853217
1787024710281,0.001378,2463378.0,0.001379,1822004.0,0.0013785,7.254261878853217
1787024710419,0.001378,2463378.0,0.001379,1839873.0,0.0013785,7.254261878853217
1787024710439,0.001378,2501700.0,0.001379,1839873.0,0.0013785,7.254261878853217
1787024710440,0.001378,2521497.0,0.001379,1839873.0,0.0013785,7.254261878853217
1787024710611,0.001378,2521497.0,0.001379,672754.0,0.0013785,7.254261878853217
1787024710614,0.001378,2887554.0,0.001379,721231.0,0.0013785,7.254261878853217
1787024710615,0.001378,2875584.0,0.001379,721231.0,0.0013785,7.254261878853217
1787024710616,0.001378,2875584.0,0.001379,1087288.0,0.0013785,7.254261878853217
1787024710636,0.001378,2887554.0,0.001379,1087288.0,0.0013785,7.254261878853217
1787024710680,0.001378,2887554.0,0.001379,1080174.0,0.0013785,7.254261878853217
1787024710682,0.001378,2887554.0,0.001379,1084163.0,0.0013785,7.254261878853217
1787024710821,0.001378,2887554.0,0.001379,1875626.0,0.0013785,7.254261878853217
1787024710822,0.001378,2887554.0,0.001379,1875626.0,0.0013785,7.254261878853217
1787024710913,0.001378,2883972.0,0.001379,1875626.0,0.0013785,7.254261878853217
1787024710922,0.001378,2914158.0,0.001379,1875626.0,0.0013785,7.254261878853217
1787024710999,0.001378,2975266.0,0.001379,1875626.0,0.0013785,7.254261878853217
1787024711007,0.001378,2975266.0,0.001379,1864798.0,0.0013785,7.254261878853217
1787024711101,0.001378,2914158.0,0.001379,1864798.0,0.0013785,7.254261878853217
1787024711450,0.001378,2914158.0,0.001379,1868606.0,0.0013785,7.254261878853217
1787024711463,0.001378,3023399.0,0.001379,1868606.0,0.0013785,7.254261878853217
1787024711467,0.001378,3122103.0,0.001379,1868606.0,0.0013785,7.254261878853217
1787024711479,0.001378,3122103.0,0.001379,1860431.0,0.0013785,7.254261878853217
1787024711798,0.001378,3114849.0,0.001379,1860431.0,0.0013785,7.254261878853217
1787024712063,0.001378,2748792.0,0.001379,1860431.0,0.0013785,7.254261878853217
1787024712064,0.001378,1903962.0,0.001379,1860431.0,0.0013785,7.254261878853217
1787024712076,0.001378,1903962.0,0.001379,2354240.0,0.0013785,7.254261878853217
1787024712078,0.001378,1903962.0,0.001379,2818840.0,0.0013785,7.254261878853217
1787024712087,0.001378,1903962.0,0.001379,2934983.0,0.0013785,7.254261878853217
1787024712091,0.001378,1899002.0,0.001379,2934983.0,0.0013785,7.254261878853217
1787024712125,0.001378,1899002.0,0.001379,2470383.0,0.0013785,7.254261878853217
1787024712179,0.001378,1781257.0,0.001379,2470383.0,0.0013785,7.254261878853217
1787024712199,0.001378,1842365.0,0.001379,2470383.0,0.0013785,7.254261878853217
1787024712301,0.001378,1781257.0,0.001379,2470383.0,0.0013785,7.254261878853217
1787024712357,0.001378,1642665.0,0.001379,2470383.0,0.0013785,7.254261878853217
1787024712455,0.001378,1642665.0,0.001379,2466575.0,0.0013785,7.254261878853217
1787024712458,0.001378,1642665.0,0.001379,2473050.0,0.0013785,7.254261878853217
1787024712692,0.001378,2462957.0,0.001379,2473050.0,0.0013785,7.254261878853217
1787024712693,0.001378,2462957.0,0.001379,1979241.0,0.0013785,7.254261878853217
1787024712694,0.001378,2462957.0,0.001379,1175808.0,0.0013785,7.254261878853217
1787024712696,0.001378,2462957.0,0.001379,1030487.0,0.0013785,7.254261878853217
1787024712697,0.001378,2462957.0,0.001379,1025704.0,0.0013785,7.254261878853217
1787024712698,0.001378,2462957.0,0.001379,977227.0,0.0013785,7.254261878853217
1787024712699,0.001378,2462957.0,0.001379,861084.0,0.0013785,7.254261878853217
1787024712700,0.001378,2829014.0,0.001379,861084.0,0.0013785,7.254261878853217
1787024712701,0.001378,2817044.0,0.001379,495027.0,0.0013785,7.254261878853217
1787024712769,0.001378,2705226.0,0.001379,495027.0,0.0013785,7.254261878853217
1787024712772,0.001378,2705226.0,0.001379,861084.0,0.0013785,7.254261878853217
1787024712774,0.001378,2705226.0,0.001379,909561.0,0.0013785,7.254261878853217
1787024712838,0.001378,2705226.0,0.001379,913510.0,0.0013785,7.254261878853217
1787024712892,0.001378,2717196.0,0.001379,925480.0,0.0013785,7.254261878853217
1787024712900,0.001378,2717196.0,0.001379,1723283.0,0.0013785,7.254261878853217
1787024712924,0.001378,2687010.0,0.001379,1723283.0,0.0013785,7.254261878853217
1787024712963,0.001378,2667564.0,0.001379,1723283.0,0.0013785,7.254261878853217
1787024713022,0.001378,2667564.0,0.001379,1503075.0,0.0013785,7.254261878853217
1787024713023,0.001378,2667564.0,0.001379,1491105.0,0.0013785,7.254261878853217
1787024713024,0.001378,2667564.0,0.001379,665549.0,0.0013785,7.254261878853217
1787024713051,0.001378,2667564.0,0.001379,411464.0,0.0013785,7.254261878853217
1787024713053,0.001378,2667564.0,0.001379,415453.0,0.0013785,7.254261878853217
1787024713099,0.001378,2667564.0,0.001379,429958.0,0.0013785,7.254261878853217
1787024713104,0.001378,2667564.0,0.001379,422946.0,0.0013785,7.254261878853217
1787024713105,0.001378,2667564.0,0.001379,434916.0,0.0013785,7.254261878853217
1787024713127,0.001378,2664485.0,0.001379,434916.0,0.0013785,7.254261878853217
1787024713130,0.001378,2669920.0,0.001379,434916.0,0.0013785,7.254261878853217
1787024713134,0.001378,2675355.0,0.001379,434916.0,0.0013785,7.254261878853217
1787024713346,0.001378,2675355.0,0.001379,1225483.0,0.0013785,7.254261878853217
1787024713347,0.001378,2675355.0,0.001379,1225483.0,0.0013785,7.254261878853217
1787024713745,0.001378,2696934.0,0.001379,1225483.0,0.0013785,7.254261878853217
1787024713753,0.001378,2696934.0,0.001379,1203903.0,0.0013785,7.254261878853217
1787024714098,0.001378,2551557.0,0.001379,1203903.0,0.0013785,7.254261878853217
1787024714099,0.001378,2406180.0,0.001379,1203903.0,0.0013785,7.254261878853217
1787024714130,0.001378,2406180.0,0.001379,1198243.0,0.0013785,7.254261878853217
1787024714138,0.001378,2400745.0,0.001379,1198243.0,0.0013785,7.254261878853217
1787024714141,0.001378,2400745.0,0.001379,4618834.0,0.0013785,7.254261878853217
1787024714142,0.001378,2400745.0,0.001379,4618834.0,0.0013785,7.254261878853217
1787024714217,0.001378,2396816.0,0.001379,4618834.0,0.0013785,7.254261878853217
1787024714229,0.001378,2396816.0,0.001379,4601423.0,0.0013785,7.254261878853217
1787024714578,0.001378,2341769.0,0.001379,4601423.0,0.0013785,7.254261878853217
1787024714995,0.001378,2334513.0,0.001379,4601423.0,0.0013785,7.254261878853217
1787024715098,0.001378,2334513.0,0.001379,4746108.0,0.0013785,7.254261878853217
1787024715379,0.001378,2330693.0,0.001379,4746108.0,0.0013785,7.254261878853217
1787024715445,0.001378,1964636.0,0.001379,4746108.0,0.0013785,7.254261878853217
1787024715449,0.001378,919105.0,0.001379,4746108.0,0.0013785,7.254261878853217
1787024715520,0.001378,37855.0,0.001379,4746108.0,0.0013785,7.254261878853217
1787024715521,0.001377,1812465.0,0.001378,532122.0,0.0013775,7.25952813067247
1787024715522,0.001377,1804769.0,0.001378,1059046.0,0.0013775,7.25952813067247
1787024715523,0.001377,1236507.0,0.001378,360199.0,0.0013775,7.25952813067247
1787024715524,0.001377,1619371.0,0.001378,696975.0,0.0013775,7.25952813067247
1787024715525,0.001377,1691993.0,0.001378,753889.0,0.0013775,7.25952813067247
1787024715526,0.001377,1691993.0,0.001378,674656.0,0.0013775,7.25952813067247
1787024715528,0.001377,1306535.0,0.001378,674656.0,0.0013775,7.25952813067247
1787024715565,0.001377,1306535.0,0.001378,680101.0,0.0013775,7.25952813067247
1787024715597,0.001377,1306535.0,0.001378,694618.0,0.0013775,7.25952813067247
1787024715657,0.001377,1306535.0,0.001378,1596724.0,0.0013775,7.25952813067247
1787024715663,0.001377,1278825.0,0.001378,1596724.0,0.0013775,7.25952813067247
1787024715668,0.001377,1290804.0,0.001378,1608703.0,0.0013775,7.25952813067247
1787024715676,0.001377,1542901.0,0.001378,1608703.0,0.0013775,7.25952813067247
1787024715700,0.001377,1542901.0,0.001378,1651881.0,0.0013775,7.25952813067247
1787024716039,0.001377,1542901.0,0.001378,1673400.0,0.0013775,7.25952813067247
1787024716095,0.001377,1542901.0,0.001378,1665441.0,0.0013775,7.25952813067247
1787024716100,0.001377,1542901.0,0.001378,1954871.0,0.0013775,7.25952813067247
1787024716101,0.001377,1542901.0,0.001378,1911693.0,0.0013775,7.25952813067247
1787024716260,0.001377,2403098.0,0.001378,1911693.0,0.0013775,7.25952813067247
1787024716262,0.001377,2330476.0,0.001378,1911693.0,0.0013775,7.25952813067247
1787024716429,0.001377,2351962.0,0.001378,1911693.0,0.0013775,7.25952813067247
1787024716430,0.001377,2375029.0,0.001378,1911693.0,0.0013775,7.25952813067247
1787024716439,0.001377,2379585.0,0.001378,1911693.0,0.0013775,7.25952813067247
1787024716526,0.001377,2234395.0,0.001378,1911693.0,0.0013775,7.25952813067247
1787024716527,0.001377,2222416.0,0.001378,1911693.0,0.0013775,7.25952813067247
1787024716528,0.001377,2234395.0,0.001378,1911693.0,0.0013775,7.25952813067247
1787024716569,0.001377,1807174.0,0.001378,1911693.0,0.0013775,7.25952813067247
1787024716633,0.001377,946977.0,0.001378,1911693.0,0.0013775,7.25952813067247
1787024716663,0.001377,936258.0,0.001378,1911693.0,0.0013775,7.25952813067247
1787024716890,0.001377,936258.0,0.001378,1195915.0,0.0013775,7.25952813067247
1787024716891,0.001377,936258.0,0.001378,1199907.0,0.0013775,7.25952813067247
1787024716892,0.001377,1283919.0,0.001378,326920.0,0.0013775,7.25952813067247
1787024716893,0.001377,1283919.0,0.001378,326920.0,0.0013775,7.25952813067247
1787024716894,0.001377,1283919.0,0.001378,600636.0,0.0013775,7.25952813067247
1787024716895,0.001377,1283919.0,0.001378,948297.0,0.0013775,7.25952813067247
1787024716896,0.001377,1283919.0,0.001378,936318.0,0.0013775,7.25952813067247
1787024716899,0.001377,1283919.0,0.001378,950836.0,0.0013775,7.25952813067247
1787024716987,0.001377,1283919.0,0.001378,955191.0,0.0013775,7.25952813067247
1787024717072,0.001377,1283919.0,0.001378,967170.0,0.0013775,7.25952813067247
1787024717094,0.001377,2056598.0,0.001378,1774877.0,0.0013775,7.25952813067247
1787024717096,0.001377,2056598.0,0.001378,1774877.0,0.0013775,7.25952813067247
1787024717097,0.001377,2056598.0,0.001378,1630162.0,0.0013775,7.25952813067247
1787024717274,0.001377,2053008.0,0.001378,1630162.0,0.0013775,7.25952813067247
1787024717521,0.001377,2587517.0,0.001378,1630162.0,0.0013775,7.25952813067247
1787024717549,0.001377,2583165.0,0.001378,1630162.0,0.0013775,7.25952813067247
1787024717567,0.001377,1810486.0,0.001378,1630162.0,0.0013775,7.25952813067247
1787024717576,0.001377,1462825.0,0.001378,1630162.0,0.0013775,7.25952813067247
1787024717771,0.001377,2272839.0,0.001378,1630162.0,0.0013775,7.25952813067247
1787024717772,0.001377,2260860.0,0.001378,1630162.0,0.0013775,7.25952813067247
1787024717774,0.001377,2272839.0,0.001378,1630162.0,0.0013775,7.25952813067247
1787024718189,0.001377,1643967.0,0.001378,2444500.0,0.0013775,7.25952813067247
1787024718190,0.001377,837948.0,0.001378,2432521.0,0.0013775,7.25952813067247
1787024718191,0.001377,837948.0,0.001378,1618183.0,0.0013775,7.25952813067247
1787024718295,0.001377,845207.0,0.001378,1618183.0,0.0013775,7.25952813067247
1787024718296,0.001377,845207.0,0.001378,1630162.0,0.0013775,7.25952813067247
1787024718476,0.001377,1738112.0,0.001378,1630162.0,0.0013775,7.25952813067247
1787024718477,0.001377,1738112.0,0.001378,1630162.0,0.0013775,7.25952813067247
1787024718675,0.001377,1733706.0,0.001378,1630162.0,0.0013775,7.25952813067247
1787024718798,0.001377,1726447.0,0.001378,1630162.0,0.0013775,7.25952813067247
1787024718949,0.001377,1726447.0,0.001378,1580162.0,0.0013775,7.25952813067247
1787024719098,0.001377,1726447.0,0.001378,1463928.0,0.0013775,7.25952813067247
1787024719296,0.001377,1733706.0,0.001378,1463928.0,0.0013775,7.25952813067247
1787024719781,0.001377,1730317.0,0.001378,1463928.0,0.0013775,7.25952813067247
1787024719796,0.001377,1723058.0,0.001378,1463928.0,0.0013775,7.25952813067247
1787024720295,0.001377,1730317.0,0.001378,1463928.0,0.0013775,7.25952813067247
1787024720354,0.001377,1730317.0,0.001378,1442393.0,0.0013775,7.25952813067247
1787024720356,0.001377,1730317.0,0.001378,1446385.0,0.0013775,7.25952813067247
1787024720375,0.001377,1730317.0,0.001378,1450331.0,0.0013775,7.25952813067247
1787024720802,0.001377,1723058.0,0.001378,1450331.0,0.0013775,7.25952813067247
1787024720829,0.001377,1720352.0,0.001378,1450331.0,0.0013775,7.25952813067247
1787024721213,0.001377,1720352.0,0.001378,1281031.0,0.0013775,7.25952813067247
1787024721298,0.001377,1727611.0,0.001378,1281031.0,0.0013775,7.25952813067247
1787024721339,0.001377,1727611.0,0.001379,5723272.0,0.0013779999999999999,14.513788098694112
1787024721340,0.001377,2075272.0,0.001378,3992.0,0.0013775,7.25952813067247
1787024721341,0.001378,494189.0,0.001379,5930146.0,0.0013785,7.254261878853217
1787024721342,0.001378,1318298.0,0.001379,5001981.0,0.0013785,7.254261878853217
1787024721343,0.001378,1291480.0,0.001379,4413884.0,0.0013785,7.254261878853217
1787024721344,0.001378,1269370.0,0.001379,4199632.0,0.0013785,7.254261878853217
1787024721345,0.001378,1321839.0,0.001379,4199632.0,0.0013785,7.254261878853217
1787024721347,0.001378,1321839.0,0.001379,3486774.0,0.0013785,7.254261878853217
1787024721368,0.001378,1321839.0,0.001379,3482784.0,0.0013785,7.254261878853217
1787024721396,0.001378,1321839.0,0.001379,3497295.0,0.0013785,7.254261878853217
1787024721512,0.001378,1333809.0,0.001379,3509265.0,0.0013785,7.254261878853217
1787024721558,0.001378,2081419.0,0.001379,3509265.0,0.0013785,7.254261878853217
1787024721559,0.001378,2081419.0,0.001379,4346895.0,0.0013785,7.254261878853217
1787024721797,0.001378,2088673.0,0.001379,4346895.0,0.0013785,7.254261878853217
1787024721825,0.001378,2082931.0,0.001379,4346895.0,0.0013785,7.254261878853217
1787024721970,0.001378,2082931.0,0.001379,4333826.0,0.0013785,7.254261878853217
1787024722097,0.001378,2226948.0,0.001379,4333826.0,0.0013785,7.254261878853217
1787024722098,0.001378,2370965.0,0.001379,4333826.0,0.0013785,7.254261878853217
1787024722267,0.001378,2370965.0,0.001379,4337815.0,0.0013785,7.254261878853217
1787024722387,0.001378,2415518.0,0.001379,4337815.0,0.0013785,7.254261878853217
1787024722396,0.001378,2423272.0,0.001379,4337815.0,0.0013785,7.254261878853217
1787024722988,0.001378,2423272.0,0.001379,4259073.0,0.0013785,7.254261878853217
1787024722990,0.001378,2423272.0,0.001379,3820725.0,0.0013785,7.254261878853217
1787024722992,0.001378,2423272.0,0.001379,2983095.0,0.0013785,7.254261878853217
1787024722993,0.001378,3035589.0,0.001379,2983095.0,0.0013785,7.254261878853217
1787024722994,0.001378,3023619.0,0.001379,2647254.0,0.0013785,7.254261878853217
1787024722995,0.001378,3023619.0,0.001379,2564384.0,0.0013785,7.254261878853217
1787024722996,0.001378,3023619.0,0.001379,2515907.0,0.0013785,7.254261878853217
1787024723173,0.001378,3019590.0,0.001379,2515907.0,0.0013785,7.254261878853217
1787024723230,0.001378,3031560.0,0.001379,2515907.0,0.0013785,7.254261878853217
1787024723235,0.001378,3038817.0,0.001379,2515907.0,0.0013785,7.254261878853217
1787024723236,0.001378,3031560.0,0.001379,2515907.0,0.0013785,7.254261878853217
1787024723239,0.001378,3038817.0,0.001379,2515907.0,0.0013785,7.254261878853217
1787024723240,0.001378,3038817.0,0.001379,2515907.0,0.0013785,7.254261878853217
1787024723241,0.001378,3031560.0,0.001379,2515907.0,0.0013785,7.254261878853217
1787024723242,0.001378,3031560.0,0.001379,2515907.0,0.0013785,7.254261878853217
1787024723243,0.001378,3038817.0,0.001379,2515907.0,0.0013785,7.254261878853217
1787024723244,0.001378,3038817.0,0.001379,2515907.0,0.0013785,7.254261878853217
1787024723245,0.001378,3031560.0,0.001379,2515907.0,0.0013785,7.254261878853217
1787024723246,0.001378,3038817.0,0.001379,2515907.0,0.0013785,7.254261878853217
1787024723247,0.001378,3031560.0,0.001379,2515907.0,0.0013785,7.254261878853217
1787024723248,0.001378,3031560.0,0.001379,2515907.0,0.0013785,7.254261878853217
1787024723249,0.001378,3038817.0,0.001379,2515907.0,0.0013785,7.254261878853217
1787024723250,0.001378,3031560.0,0.001379,2515907.0,0.0013785,7.254261878853217
1787024723251,0.001378,3031560.0,0.001379,2515907.0,0.0013785,7.254261878853217
1787024723252,0.001378,3038817.0,0.001379,2515907.0,0.0013785,7.254261878853217
1787024723253,0.001378,3031560.0,0.001379,2515907.0,0.0013785,7.254261878853217
1787024723254,0.001378,3031560.0,0.001379,2515907.0,0.0013785,7.254261878853217
1787024723255,0.001378,3038817.0,0.001379,2515907.0,0.0013785,7.254261878853217
1787024723256,0.001378,3031560.0,0.001379,2515907.0,0.0013785,7.254261878853217
1787024723257,0.001378,3031560.0,0.001379,2515907.0,0.0013785,7.254261878853217
1787024723258,0.001378,3038817.0,0.001379,2515907.0,0.0013785,7.254261878853217
1787024723259,0.001378,3038817.0,0.001379,2515907.0,0.0013785,7.254261878853217
1787024723260,0.001378,3031560.0,0.001379,2515907.0,0.0013785,7.254261878853217
1787024723261,0.001378,3031560.0,0.001379,2515907.0,0.0013785,7.254261878853217
1787024723262,0.001378,3038817.0,0.001379,2515907.0,0.0013785,7.254261878853217
1787024723263,0.001378,3031560.0,0.001379,2515907.0,0.0013785,7.254261878853217
1787024723264,0.001378,3038817.0,0.001379,2515907.0,0.0013785,7.254261878853217
1787024723265,0.001378,3038817.0,0.001379,2515907.0,0.0013785,7.254261878853217
1787024723266,0.001378,3031560.0,0.001379,2515907.0,0.0013785,7.254261878853217
1787024723282,0.001378,2419243.0,0.001379,2515907.0,0.0013785,7.254261878853217
1787024723292,0.001378,2426500.0,0.001379,2515907.0,0.0013785,7.254261878853217
1787024723293,0.001378,2419243.0,0.001379,2515907.0,0.0013785,7.254261878853217
1787024723294,0.001378,2419243.0,0.001379,2515907.0,0.0013785,7.254261878853217
1787024723295,0.001378,2426500.0,0.001379,2515907.0,0.0013785,7.254261878853217
1787024723296,0.001378,2419243.0,0.001379,2515907.0,0.0013785,7.254261878853217
1787024723297,0.001378,2419243.0,0.001379,2515907.0,0.0013785,7.254261878853217
1787024723298,0.001378,2419243.0,0.001379,2515907.0,0.0013785,7.254261878853217
1787024723299,0.001378,2426500.0,0.001379,2515907.0,0.0013785,7.254261878853217
1787024723300,0.001378,2426500.0,0.001379,2515907.0,0.0013785,7.254261878853217
1787024723301,0.001378,2426500.0,0.001379,2515907.0,0.0013785,7.254261878853217
1787024723302,0.001378,2419243.0,0.001379,2515907.0,0.0013785,7.254261878853217
1787024723303,0.001378,2426500.0,0.001379,2515907.0,0.0013785,7.254261878853217
1787024723304,0.001378,2419243.0,0.001379,2515907.0,0.0013785,7.254261878853217
1787024723305,0.001378,2419243.0,0.001379,2515907.0,0.0013785,7.254261878853217
1787024723378,0.001378,2419243.0,0.001379,2508798.0,0.0013785,7.254261878853217
1787024723379,0.001378,2419243.0,0.001379,3295586.0,0.0013785,7.254261878853217
1787024723380,0.001378,2419243.0,0.001379,2508798.0,0.0013785,7.254261878853217
1787024723381,0.001378,2419243.0,0.001379,2508798.0,0.0013785,7.254261878853217
1787024724373,0.001378,2413542.0,0.001379,2508798.0,0.0013785,7.254261878853217
1787024724941,0.001378,379995.0,0.001379,2508798.0,0.0013785,7.254261878853217
1787024724942,0.001378,347595.0,0.001379,2508798.0,0.0013785,7.254261878853217
1787024724943,0.001378,400064.0,0.001379,3406721.0,0.0013785,7.254261878853217
1787024725037,0.001378,412034.0,0.001379,3406721.0,0.0013785,7.254261878853217
1787024725097,0.001378,124000.0,0.001379,3406721.0,0.0013785,7.254261878853217
1787024725099,0.001378,124000.0,0.001379,3552507.0,0.0013785,7.254261878853217
1787024725101,0.001378,124000.0,0.001379,3594554.0,0.0013785,7.254261878853217
1787024725102,0.001378,124000.0,0.001379,3609057.0,0.0013785,7.254261878853217
1787024725199,0.001378,124000.0,0.001379,4344283.0,0.0013785,7.254261878853217
1787024725487,0.001378,119910.0,0.001379,4344283.0,0.0013785,7.254261878853217
1787024725689,0.001377,2489088.0,0.001379,4344283.0,0.0013779999999999999,14.513788098694112
1787024725690,0.001377,2481392.0,0.001378,631048.0,0.0013775,7.25952813067247
1787024725691,0.001377,2726750.0,0.001378,978709.0,0.0013775,7.25952813067247
1787024725692,0.001377,2050966.0,0.001378,978709.0,0.0013775,7.25952813067247
1787024725693,0.001377,2050966.0,0.001378,982701.0,0.0013775,7.25952813067247
1787024725694,0.001377,2050966.0,0.001378,1014459.0,0.0013775,7.25952813067247
1787024725695,0.001377,1543142.0,0.001378,1062936.0,0.0013775,7.25952813067247
1787024725698,0.001377,1514122.0,0.001378,1062936.0,0.0013775,7.25952813067247
1787024725717,0.001377,1514122.0,0.001378,1071653.0,0.0013775,7.25952813067247
1787024725781,0.001377,1514122.0,0.001378,1083632.0,0.0013775,7.25952813067247
