ts,bid,bidq,ask,askq,mid,spread_bp
1787024429730,0.0995,41930.0,0.0996,31494.0,0.09955,10.045203415368054
1787024429857,0.0995,41930.0,0.0996,31419.0,0.09955,10.045203415368054
1787024431042,0.0995,36499.0,0.0996,31419.0,0.09955,10.045203415368054
1787024432139,0.0995,41930.0,0.0996,31419.0,0.09955,10.045203415368054
1787024432830,0.0995,41930.0,0.0996,31601.0,0.09955,10.045203415368054
1787024433039,0.0995,36499.0,0.0996,31601.0,0.09955,10.045203415368054
1787024433098,0.0995,36135.0,0.0996,31601.0,0.09955,10.045203415368054
1787024433137,0.0995,32702.0,0.0996,31601.0,0.09955,10.045203415368054
1787024433139,0.0995,31453.0,0.0996,31601.0,0.09955,10.045203415368054
1787024433300,0.0995,31453.0,0.0996,39222.0,0.09955,10.045203415368054
1787024433595,0.0995,31247.0,0.0996,39222.0,0.09955,10.045203415368054
1787024437127,0.0995,31247.0,0.0996,39273.0,0.09955,10.045203415368054
1787024437501,0.0995,31247.0,0.0996,31652.0,0.09955,10.045203415368054
1787024437540,0.0995,32496.0,0.0996,31652.0,0.09955,10.045203415368054
1787024437598,0.0995,32614.0,0.0996,31652.0,0.09955,10.045203415368054
1787024437742,0.0995,31365.0,0.0996,31652.0,0.09955,10.045203415368054
1787024440234,0.0995,31797.0,0.0996,31652.0,0.09955,10.045203415368054
1787024440927,0.0995,31797.0,0.0996,39273.0,0.09955,10.045203415368054
1787024441040,0.0995,31677.0,0.0996,39273.0,0.09955,10.045203415368054
1787024441299,0.0995,31577.0,0.0996,39273.0,0.09955,10.045203415368054
1787024441598,0.0995,31459.0,0.0996,39273.0,0.09955,10.045203415368054
1787024442209,0.0995,31459.0,0.0996,34861.0,0.09955,10.045203415368054
1787024442297,0.0995,31559.0,0.0996,34861.0,0.09955,10.045203415368054
1787024443071,0.0995,31559.0,0.0996,30463.0,0.09955,10.045203415368054
1787024443416,0.0995,31559.0,0.0996,30378.0,0.09955,10.045203415368054
1787024443418,0.0995,31559.0,0.0996,26051.0,0.09955,10.045203415368054
1787024443598,0.0995,31682.0,0.0996,26051.0,0.09955,10.045203415368054
1787024444036,0.0995,31767.0,0.0996,26051.0,0.09955,10.045203415368054
1787024444039,0.0995,31584.0,0.0996,26051.0,0.09955,10.045203415368054
1787024444045,0.0995,31732.0,0.0996,26051.0,0.09955,10.045203415368054
1787024444601,0.0995,30963.0,0.0996,26051.0,0.09955,10.045203415368054
1787024444604,0.0995,31735.0,0.0996,26051.0,0.09955,10.045203415368054
1787024444997,0.0995,31735.0,0.0996,26107.0,0.09955,10.045203415368054
1787024447310,0.0995,31735.0,0.0996,26163.0,0.09955,10.045203415368054
1787024447596,0.0995,31612.0,0.0996,26163.0,0.09955,10.045203415368054
1787024447959,0.0995,31612.0,0.0996,21751.0,0.09955,10.045203415368054
1787024448530,0.0995,31612.0,0.0996,17339.0,0.09955,10.045203415368054
1787024448599,0.0995,31778.0,0.0996,17339.0,0.09955,10.045203415368054
1787024448691,0.0995,31778.0,0.0996,17246.0,0.09955,10.045203415368054
1787024448988,0.0995,31778.0,0.0996,17297.0,0.09955,10.045203415368054
1787024449900,0.0995,31778.0,0.0996,17348.0,0.09955,10.045203415368054
1787024450238,0.0995,31778.0,0.0996,12936.0,0.09955,10.045203415368054
1787024450413,0.0995,31778.0,0.0996,181.0,0.09955,10.045203415368054
1787024450415,0.0995,32755.0,0.0997,52660.0,0.0996,20.080321285139746
1787024450416,0.0996,3659.0,0.0997,41991.0,0.09964999999999999,10.035122930256183
1787024450417,0.0996,5189.0,0.0997,51986.0,0.09964999999999999,10.035122930256183
1787024450419,0.0996,7636.0,0.0997,51986.0,0.09964999999999999,10.035122930256183
1787024450422,0.0996,10148.0,0.0997,51986.0,0.09964999999999999,10.035122930256183
1787024450423,0.0996,10148.0,0.0997,51655.0,0.09964999999999999,10.035122930256183
1787024450426,0.0996,10148.0,0.0997,39924.0,0.09964999999999999,10.035122930256183
1787024450436,0.0996,10148.0,0.0997,40125.0,0.09964999999999999,10.035122930256183
1787024450446,0.0996,7815.0,0.0997,40125.0,0.09964999999999999,10.035122930256183
1787024450447,0.0996,7815.0,0.0997,40784.0,0.09964999999999999,10.035122930256183
1787024450464,0.0996,8782.0,0.0997,40784.0,0.09964999999999999,10.035122930256183
1787024450465,0.0996,8782.0,0.0997,40684.0,0.09964999999999999,10.035122930256183
1787024450467,0.0996,10589.0,0.0997,40684.0,0.09964999999999999,10.035122930256183
1787024450487,0.0996,10589.0,0.0997,42972.0,0.09964999999999999,10.035122930256183
1787024450496,0.0996,10589.0,0.0997,43031.0,0.09964999999999999,10.035122930256183
1787024450560,0.0996,10589.0,0.0997,35996.0,0.09964999999999999,10.035122930256183
1787024450830,0.0996,10589.0,0.0997,36169.0,0.09964999999999999,10.035122930256183
1787024450918,0.0996,10589.0,0.0997,38172.0,0.09964999999999999,10.035122930256183
1787024451021,0.0996,11337.0,0.0997,38172.0,0.09964999999999999,10.035122930256183
1787024451099,0.0996,11686.0,0.0997,38172.0,0.09964999999999999,10.035122930256183
1787024451179,0.0996,11686.0,0.0997,37772.0,0.09964999999999999,10.035122930256183
1787024451419,0.0996,11686.0,0.0997,32103.0,0.09964999999999999,10.035122930256183
1787024451420,0.0996,11686.0,0.0997,29476.0,0.09964999999999999,10.035122930256183
1787024451448,0.0996,11686.0,0.0997,28642.0,0.09964999999999999,10.035122930256183
1787024451449,0.0996,11686.0,0.0997,26293.0,0.09964999999999999,10.035122930256183
1787024451467,0.0996,11686.0,0.0997,23875.0,0.09964999999999999,10.035122930256183
1787024451491,0.0996,11686.0,0.0997,22804.0,0.09964999999999999,10.035122930256183
1787024451492,0.0996,11686.0,0.0997,22145.0,0.09964999999999999,10.035122930256183
1787024452039,0.0996,11772.0,0.0997,22145.0,0.09964999999999999,10.035122930256183
1787024452108,0.0996,12175.0,0.0997,22145.0,0.09964999999999999,10.035122930256183
1787024452528,0.0996,12940.0,0.0997,22145.0,0.09964999999999999,10.035122930256183
1787024452556,0.0996,14088.0,0.0997,22145.0,0.09964999999999999,10.035122930256183
1787024453015,0.0996,14088.0,0.0997,22268.0,0.09964999999999999,10.035122930256183
1787024453099,0.0996,14784.0,0.0997,22268.0,0.09964999999999999,10.035122930256183
1787024453544,0.0996,14784.0,0.0997,24274.0,0.09964999999999999,10.035122930256183
1787024453549,0.0996,14784.0,0.0997,22262.0,0.09964999999999999,10.035122930256183
1787024454098,0.0996,14507.0,0.0997,22262.0,0.09964999999999999,10.035122930256183
1787024454099,0.0996,14507.0,0.0997,22139.0,0.09964999999999999,10.035122930256183
1787024454186,0.0996,15877.0,0.0997,22139.0,0.09964999999999999,10.035122930256183
1787024454493,0.0996,16481.0,0.0997,22139.0,0.09964999999999999,10.035122930256183
1787024454915,0.0996,17166.0,0.0997,22139.0,0.09964999999999999,10.035122930256183
1787024454969,0.0996,16976.0,0.0997,22139.0,0.09964999999999999,10.035122930256183
1787024455153,0.0996,17661.0,0.0997,22139.0,0.09964999999999999,10.035122930256183
1787024456343,0.0996,18567.0,0.0997,22139.0,0.09964999999999999,10.035122930256183
1787024456390,0.0996,20122.0,0.0997,22139.0,0.09964999999999999,10.035122930256183
1787024456596,0.0996,20290.0,0.0997,22139.0,0.09964999999999999,10.035122930256183
1787024456622,0.0996,21156.0,0.0997,22139.0,0.09964999999999999,10.035122930256183
1787024456623,0.0996,22365.0,0.0997,22139.0,0.09964999999999999,10.035122930256183
1787024456833,0.0996,22365.0,0.0997,21966.0,0.09964999999999999,10.035122930256183
1787024457287,0.0996,22365.0,0.0997,23429.0,0.09964999999999999,10.035122930256183
1787024457540,0.0996,22264.0,0.0997,23429.0,0.09964999999999999,10.035122930256183
1787024457639,0.0996,23271.0,0.0997,23429.0,0.09964999999999999,10.035122930256183
1787024457822,0.0996,24228.0,0.0997,23429.0,0.09964999999999999,10.035122930256183
1787024458833,0.0996,24228.0,0.0997,23534.0,0.09964999999999999,10.035122930256183
1787024459026,0.0996,24228.0,0.0997,23657.0,0.09964999999999999,10.035122930256183
1787024459059,0.0996,24218.0,0.0997,23657.0,0.09964999999999999,10.035122930256183
1787024459302,0.0996,25588.0,0.0997,23657.0,0.09964999999999999,10.035122930256183
1787024459303,0.0996,24621.0,0.0997,23657.0,0.09964999999999999,10.035122930256183
1787024459598,0.0996,24453.0,0.0997,23657.0,0.09964999999999999,10.035122930256183
1787024459830,0.0996,24453.0,0.0997,23552.0,0.09964999999999999,10.035122930256183
1787024459837,0.0996,25823.0,0.0997,23552.0,0.09964999999999999,10.035122930256183
1787024460049,0.0996,27032.0,0.0997,23552.0,0.09964999999999999,10.035122930256183
1787024460466,0.0996,27032.0,0.0997,23691.0,0.09964999999999999,10.035122930256183
1787024460560,0.0996,27032.0,0.0997,23747.0,0.09964999999999999,10.035122930256183
1787024460986,0.0996,27032.0,0.0997,23624.0,0.09964999999999999,10.035122930256183
1787024461050,0.0996,28059.0,0.0997,23624.0,0.09964999999999999,10.035122930256183
1787024461231,0.0996,29207.0,0.0997,23624.0,0.09964999999999999,10.035122930256183
1787024461269,0.0996,30053.0,0.0997,23624.0,0.09964999999999999,10.035122930256183
1787024461302,0.0996,30153.0,0.0997,23624.0,0.09964999999999999,10.035122930256183
1787024461584,0.0996,31019.0,0.0997,23624.0,0.09964999999999999,10.035122930256183
1787024461596,0.0996,31182.0,0.0997,23624.0,0.09964999999999999,10.035122930256183
1787024461935,0.0996,32028.0,0.0997,23624.0,0.09964999999999999,10.035122930256183
1787024462296,0.0996,32028.0,0.0997,23747.0,0.09964999999999999,10.035122930256183
1787024462798,0.0996,31928.0,0.0997,23747.0,0.09964999999999999,10.035122930256183
1787024462910,0.0996,31928.0,0.0997,23243.0,0.09964999999999999,10.035122930256183
1787024462911,0.0996,31928.0,0.0997,23120.0,0.09964999999999999,10.035122930256183
1787024463063,0.0996,31928.0,0.0997,23243.0,0.09964999999999999,10.035122930256183
1787024463298,0.0996,32028.0,0.0997,23243.0,0.09964999999999999,10.035122930256183
1787024463797,0.0996,31928.0,0.0997,23243.0,0.09964999999999999,10.035122930256183
1787024464039,0.0996,31842.0,0.0997,23243.0,0.09964999999999999,10.035122930256183
1787024464515,0.0996,31842.0,0.0997,23182.0,0.09964999999999999,10.035122930256183
1787024464516,0.0996,31842.0,0.0997,23059.0,0.09964999999999999,10.035122930256183
1787024465037,0.0996,31922.0,0.0997,23059.0,0.09964999999999999,10.035122930256183
1787024465062,0.0996,32788.0,0.0997,23059.0,0.09964999999999999,10.035122930256183
1787024465298,0.0996,32888.0,0.0997,23059.0,0.09964999999999999,10.035122930256183
1787024465608,0.0996,33291.0,0.0997,23059.0,0.09964999999999999,10.035122930256183
1787024465801,0.0996,33191.0,0.0997,23059.0,0.09964999999999999,10.035122930256183
1787024465865,0.0996,33331.0,0.0997,23059.0,0.09964999999999999,10.035122930256183
1787024466071,0.0996,33331.0,0.0997,24311.0,0.09964999999999999,10.035122930256183
1787024466237,0.0996,33331.0,0.0997,11556.0,0.09964999999999999,10.035122930256183
1787024466238,0.0996,34307.0,0.0997,10304.0,0.09964999999999999,10.035122930256183
1787024466439,0.0996,37740.0,0.0997,10304.0,0.09964999999999999,10.035122930256183
1787024466440,0.0996,38989.0,0.0997,10304.0,0.09964999999999999,10.035122930256183
1787024466467,0.0996,39089.0,0.0997,10304.0,0.09964999999999999,10.035122930256183
1787024466501,0.0996,39089.0,0.0997,5726.0,0.09964999999999999,10.035122930256183
1787024466795,0.0996,39189.0,0.0997,5726.0,0.09964999999999999,10.035122930256183
1787024466844,0.0996,39077.0,0.0997,5726.0,0.09964999999999999,10.035122930256183
1787024466846,0.0996,38965.0,0.0997,5726.0,0.09964999999999999,10.035122930256183
1787024466854,0.0996,43965.0,0.0997,5726.0,0.09964999999999999,10.035122930256183
1787024467100,0.0996,44309.0,0.0997,5726.0,0.09964999999999999,10.035122930256183
1787024467541,0.0996,49740.0,0.0997,5726.0,0.09964999999999999,10.035122930256183
1787024467591,0.0996,50606.0,0.0997,5726.0,0.09964999999999999,10.035122930256183
1787024468099,0.0996,51292.0,0.0997,5726.0,0.09964999999999999,10.035122930256183
1787024468248,0.0996,51292.0,0.0997,6598.0,0.09964999999999999,10.035122930256183
1787024469099,0.0996,50606.0,0.0997,6598.0,0.09964999999999999,10.035122930256183
1787024469540,0.0996,45175.0,0.0997,6598.0,0.09964999999999999,10.035122930256183
1787024469800,0.0996,45075.0,0.0997,6598.0,0.09964999999999999,10.035122930256183
1787024470061,0.0996,45075.0,0.0997,7629.0,0.09964999999999999,10.035122930256183
1787024470098,0.0996,44731.0,0.0997,7629.0,0.09964999999999999,10.035122930256183
1787024470136,0.0996,45335.0,0.0997,7629.0,0.09964999999999999,10.035122930256183
1787024470137,0.0996,41902.0,0.0997,7629.0,0.09964999999999999,10.035122930256183
1787024470337,0.0996,45335.0,0.0997,7629.0,0.09964999999999999,10.035122930256183
1787024470733,0.0996,45335.0,0.0997,7248.0,0.09964999999999999,10.035122930256183
1787024470735,0.0996,40335.0,0.0997,7248.0,0.09964999999999999,10.035122930256183
1787024470937,0.0996,36902.0,0.0997,7248.0,0.09964999999999999,10.035122930256183
1787024471277,0.0996,36762.0,0.0997,7248.0,0.09964999999999999,10.035122930256183
1787024471281,0.0996,37270.0,0.0997,7248.0,0.09964999999999999,10.035122930256183
1787024471324,0.0996,37270.0,0.0997,7304.0,0.09964999999999999,10.035122930256183
1787024471442,0.0996,40703.0,0.0997,7304.0,0.09964999999999999,10.035122930256183
1787024471498,0.0996,41605.0,0.0997,7304.0,0.09964999999999999,10.035122930256183
1787024471641,0.0996,38172.0,0.0997,7304.0,0.09964999999999999,10.035122930256183
1787024471796,0.0996,38172.0,0.0997,7404.0,0.09964999999999999,10.035122930256183
1787024471908,0.0996,38283.0,0.0997,7404.0,0.09964999999999999,10.035122930256183
1787024472299,0.0996,38283.0,0.0997,7304.0,0.09964999999999999,10.035122930256183
1787024472502,0.0996,37381.0,0.0997,7304.0,0.09964999999999999,10.035122930256183
1787024472609,0.0996,37517.0,0.0997,7304.0,0.09964999999999999,10.035122930256183
1787024472798,0.0996,37517.0,0.0997,7404.0,0.09964999999999999,10.035122930256183
1787024472942,0.0996,36268.0,0.0997,7404.0,0.09964999999999999,10.035122930256183
1787024473240,0.0996,37517.0,0.0997,7404.0,0.09964999999999999,10.035122930256183
1787024473296,0.0996,37517.0,0.0997,7304.0,0.09964999999999999,10.035122930256183
1787024473337,0.0996,40950.0,0.0997,7304.0,0.09964999999999999,10.035122930256183
1787024473433,0.0996,41035.0,0.0997,7304.0,0.09964999999999999,10.035122930256183
1787024473738,0.0996,37602.0,0.0997,7304.0,0.09964999999999999,10.035122930256183
1787024473796,0.0996,37602.0,0.0997,7404.0,0.09964999999999999,10.035122930256183
1787024473837,0.0996,37703.0,0.0997,7404.0,0.09964999999999999,10.035122930256183
1787024473943,0.0996,36454.0,0.0997,7404.0,0.09964999999999999,10.035122930256183
1787024474000,0.0996,36707.0,0.0997,7404.0,0.09964999999999999,10.035122930256183
1787024474009,0.0996,36707.0,0.0997,7150.0,0.09964999999999999,10.035122930256183
1787024474021,0.0996,36707.0,0.0997,7726.0,0.09964999999999999,10.035122930256183
1787024474027,0.0996,36707.0,0.0997,7150.0,0.09964999999999999,10.035122930256183
1787024474138,0.0996,37956.0,0.0997,7150.0,0.09964999999999999,10.035122930256183
1787024474296,0.0996,37956.0,0.0997,7050.0,0.09964999999999999,10.035122930256183
1787024474412,0.0996,37956.0,0.0997,7101.0,0.09964999999999999,10.035122930256183
1787024474740,0.0996,36707.0,0.0997,7101.0,0.09964999999999999,10.035122930256183
1787024475740,0.0996,37956.0,0.0997,7101.0,0.09964999999999999,10.035122930256183
1787024475838,0.0996,41389.0,0.0997,7101.0,0.09964999999999999,10.035122930256183
1787024476299,0.0996,41489.0,0.0997,7101.0,0.09964999999999999,10.035122930256183
1787024478390,0.0996,41489.0,0.0997,6750.0,0.09964999999999999,10.035122930256183
1787024478392,0.0996,42490.0,0.0997,6750.0,0.09964999999999999,10.035122930256183
1787024478709,0.0996,42490.0,0.0997,5095.0,0.09964999999999999,10.035122930256183
1787024478798,0.0996,42390.0,0.0997,5095.0,0.09964999999999999,10.035122930256183
1787024478851,0.0996,42390.0,0.0997,5001.0,0.09964999999999999,10.035122930256183
1787024480061,0.0996,42390.0,0.0997,4813.0,0.09964999999999999,10.035122930256183
1787024480296,0.0996,42490.0,0.0997,4813.0,0.09964999999999999,10.035122930256183
1787024480799,0.0996,42390.0,0.0997,4813.0,0.09964999999999999,10.035122930256183
1787024480892,0.0996,41622.0,0.0997,4813.0,0.09964999999999999,10.035122930256183
1787024480895,0.0996,42375.0,0.0997,4813.0,0.09964999999999999,10.035122930256183
1787024481340,0.0996,47806.0,0.0997,4813.0,0.09964999999999999,10.035122930256183
1787024481538,0.0996,42375.0,0.0997,4813.0,0.09964999999999999,10.035122930256183
1787024483263,0.0996,42807.0,0.0997,4813.0,0.09964999999999999,10.035122930256183
1787024484566,0.0996,42807.0,0.0997,4864.0,0.09964999999999999,10.035122930256183
1787024484772,0.0996,42807.0,0.0997,4464.0,0.09964999999999999,10.035122930256183
1787024484809,0.0996,42807.0,0.0997,6471.0,0.09964999999999999,10.035122930256183
1787024484839,0.0996,38125.0,0.0997,6471.0,0.09964999999999999,10.035122930256183
1787024485025,0.0996,38125.0,0.0997,5408.0,0.09964999999999999,10.035122930256183
1787024485042,0.0996,39374.0,0.0997,5408.0,0.09964999999999999,10.035122930256183
1787024485440,0.0996,42807.0,0.0997,5408.0,0.09964999999999999,10.035122930256183
1787024485637,0.0996,39374.0,0.0997,5408.0,0.09964999999999999,10.035122930256183
1787024485738,0.0996,38125.0,0.0997,5408.0,0.09964999999999999,10.035122930256183
1787024485797,0.0996,38125.0,0.0997,5508.0,0.09964999999999999,10.035122930256183
1787024485838,0.0996,39374.0,0.0997,5508.0,0.09964999999999999,10.035122930256183
1787024486145,0.0996,38942.0,0.0997,5508.0,0.09964999999999999,10.035122930256183
1787024486298,0.0996,38942.0,0.0997,5408.0,0.09964999999999999,10.035122930256183
1787024486567,0.0996,38942.0,0.0997,5464.0,0.09964999999999999,10.035122930256183
1787024486640,0.0996,37693.0,0.0997,5464.0,0.09964999999999999,10.035122930256183
1787024486799,0.0996,37693.0,0.0997,5564.0,0.09964999999999999,10.035122930256183
1787024486909,0.0996,37582.0,0.0997,5564.0,0.09964999999999999,10.035122930256183
1787024486940,0.0996,38831.0,0.0997,5564.0,0.09964999999999999,10.035122930256183
1787024487296,0.0996,38831.0,0.0997,5464.0,0.09964999999999999,10.035122930256183
1787024487339,0.0996,42264.0,0.0997,5464.0,0.09964999999999999,10.035122930256183
1787024487424,0.0996,42264.0,0.0997,5520.0,0.09964999999999999,10.035122930256183
1787024487610,0.0996,42128.0,0.0997,5520.0,0.09964999999999999,10.035122930256183
1787024488838,0.0996,42027.0,0.0997,5520.0,0.09964999999999999,10.035122930256183
1787024489875,0.0996,42027.0,0.0997,5571.0,0.09964999999999999,10.035122930256183
1787024490340,0.0996,47458.0,0.0997,5571.0,0.09964999999999999,10.035122930256183
1787024490640,0.0996,42027.0,0.0997,5571.0,0.09964999999999999,10.035122930256183
1787024492586,0.0996,42027.0,0.0997,5622.0,0.09964999999999999,10.035122930256183
1787024494298,0.0996,42127.0,0.0997,5622.0,0.09964999999999999,10.035122930256183
1787024494797,0.0996,42027.0,0.0997,5622.0,0.09964999999999999,10.035122930256183
1787024495297,0.0996,42127.0,0.0997,5622.0,0.09964999999999999,10.035122930256183
1787024495441,0.0996,47558.0,0.0997,5622.0,0.09964999999999999,10.035122930256183
1787024495514,0.0996,47558.0,0.0997,3614.0,0.09964999999999999,10.035122930256183
1787024495526,0.0996,47558.0,0.0997,5075.0,0.09964999999999999,10.035122930256183
1787024495532,0.0996,47558.0,0.0997,3614.0,0.09964999999999999,10.035122930256183
1787024495587,0.0996,47558.0,0.0997,1642.0,0.09964999999999999,10.035122930256183
1787024495588,0.0996,49560.0,0.0997,1642.0,0.09964999999999999,10.035122930256183
1787024495589,0.0996,49560.0,0.0997,2419.0,0.09964999999999999,10.035122930256183
1787024495638,0.0996,44129.0,0.0997,2419.0,0.09964999999999999,10.035122930256183
1787024495660,0.0996,44129.0,0.0997,1307.0,0.09964999999999999,10.035122930256183
1787024495662,0.0996,44129.0,0.0997,991.0,0.09964999999999999,10.035122930256183
1787024495665,0.0996,44129.0,0.0997,713.0,0.09964999999999999,10.035122930256183
1787024495737,0.0996,44129.0,0.0998,52234.0,0.0997,20.060180541625453
1787024495738,0.0996,53895.0,0.0998,39891.0,0.0997,20.060180541625453
1787024495739,0.0997,6878.0,0.0998,36967.0,0.09975,10.02506265664189
1787024495740,0.0997,8408.0,0.0998,32850.0,0.09975,10.02506265664189
1787024495741,0.0997,8408.0,0.0998,28327.0,0.09975,10.02506265664189
1787024495742,0.0997,8408.0,0.0998,30330.0,0.09975,10.02506265664189
1787024495743,0.0997,8847.0,0.0998,30330.0,0.09975,10.02506265664189
1787024495744,0.0997,8847.0,0.0998,33337.0,0.09975,10.02506265664189
1787024495745,0.0997,10853.0,0.0998,33337.0,0.09975,10.02506265664189
1787024495747,0.0997,10853.0,0.0998,34006.0,0.09975,10.02506265664189
1787024495752,0.0997,11853.0,0.0998,34006.0,0.09975,10.02506265664189
1787024495762,0.0997,12719.0,0.0998,34006.0,0.09975,10.02506265664189
1787024495769,0.0997,8350.0,0.0998,34006.0,0.09975,10.02506265664189
1787024495775,0.0997,8603.0,0.0998,34006.0,0.09975,10.02506265664189
1787024495776,0.0997,8603.0,0.0998,34664.0,0.09975,10.02506265664189
1787024495789,0.0997,8679.0,0.0998,32200.0,0.09975,10.02506265664189
1787024495797,0.0997,8779.0,0.0998,32200.0,0.09975,10.02506265664189
1787024495801,0.0997,8779.0,0.0998,31431.0,0.09975,10.02506265664189
1787024495831,0.0997,8629.0,0.0998,31431.0,0.09975,10.02506265664189
1787024495844,0.0997,8629.0,0.0998,36259.0,0.09975,10.02506265664189
1787024495925,0.0997,8629.0,0.0998,36334.0,0.09975,10.02506265664189
1787024495954,0.0997,7629.0,0.0998,36334.0,0.09975,10.02506265664189
1787024496045,0.0997,7629.0,0.0998,43723.0,0.09975,10.02506265664189
1787024496046,0.0997,7629.0,0.0998,47663.0,0.09975,10.02506265664189
1787024496098,0.0997,8628.0,0.0998,47663.0,0.09975,10.02506265664189
1787024496099,0.0997,9376.0,0.0998,47663.0,0.09975,10.02506265664189
1787024496295,0.0997,9276.0,0.0998,47663.0,0.09975,10.02506265664189
1787024496398,0.0997,9276.0,0.0998,47731.0,0.09975,10.02506265664189
1787024496612,0.0997,9276.0,0.0998,39703.0,0.09975,10.02506265664189
1787024496751,0.0997,9276.0,0.0998,34040.0,0.09975,10.02506265664189
1787024496758,0.0997,9276.0,0.0998,33206.0,0.09975,10.02506265664189
1787024496781,0.0997,9276.0,0.0998,29785.0,0.09975,10.02506265664189
1787024496805,0.0997,9276.0,0.0998,27160.0,0.09975,10.02506265664189
1787024496831,0.0997,9127.0,0.0998,27160.0,0.09975,10.02506265664189
1787024496833,0.0997,9127.0,0.0998,27934.0,0.09975,10.02506265664189
1787024496862,0.0997,9127.0,0.0998,28008.0,0.09975,10.02506265664189
1787024496887,0.0997,9127.0,0.0998,27234.0,0.09975,10.02506265664189
1787024496941,0.0997,9127.0,0.0998,28010.0,0.09975,10.02506265664189
1787024496995,0.0997,9127.0,0.0998,27234.0,0.09975,10.02506265664189
1787024497049,0.0997,9127.0,0.0998,28012.0,0.09975,10.02506265664189
1787024497051,0.0997,9127.0,0.0998,28135.0,0.09975,10.02506265664189
1787024497103,0.0997,9127.0,0.0998,27357.0,0.09975,10.02506265664189
1787024497156,0.0997,9127.0,0.0998,23417.0,0.09975,10.02506265664189
1787024497157,0.0997,9127.0,0.0998,24198.0,0.09975,10.02506265664189
1787024497158,0.0997,9127.0,0.0998,16809.0,0.09975,10.02506265664189
1787024497159,0.0997,9127.0,0.0998,16151.0,0.09975,10.02506265664189
1787024497166,0.0997,9127.0,0.0998,16028.0,0.09975,10.02506265664189
1787024497188,0.0997,9127.0,0.0998,15628.0,0.09975,10.02506265664189
1787024497298,0.0997,9227.0,0.0998,15628.0,0.09975,10.02506265664189
1787024497398,0.0997,9227.0,0.0998,15560.0,0.09975,10.02506265664189
1787024497834,0.0997,9227.0,0.0998,15708.0,0.09975,10.02506265664189
1787024497862,0.0997,9227.0,0.0998,15634.0,0.09975,10.02506265664189
1787024497921,0.0997,9227.0,0.0998,15559.0,0.09975,10.02506265664189
1787024498100,0.0997,9912.0,0.0998,15559.0,0.09975,10.02506265664189
1787024498296,0.0997,9812.0,0.0998,15559.0,0.09975,10.02506265664189
1787024498557,0.0997,9812.0,0.0998,12234.0,0.09975,10.02506265664189
1787024498802,0.0997,9812.0,0.0998,12334.0,0.09975,10.02506265664189
1787024498920,0.0997,9812.0,0.0998,12385.0,0.09975,10.02506265664189
1787024498924,0.0997,9812.0,0.0998,12458.0,0.09975,10.02506265664189
1787024499039,0.0997,9885.0,0.0998,12458.0,0.09975,10.02506265664189
1787024499147,0.0997,10842.0,0.0998,12458.0,0.09975,10.02506265664189
1787024499156,0.0997,10842.0,0.0998,15783.0,0.09975,10.02506265664189
1787024499171,0.0997,12212.0,0.0998,15783.0,0.09975,10.02506265664189
1787024499246,0.0997,12897.0,0.0998,15783.0,0.09975,10.02506265664189
1787024499500,0.0997,14106.0,0.0998,15783.0,0.09975,10.02506265664189
1787024499611,0.0997,14952.0,0.0998,15783.0,0.09975,10.02506265664189
1787024499884,0.0997,14862.0,0.0998,15783.0,0.09975,10.02506265664189
1787024499954,0.0997,15768.0,0.0998,15783.0,0.09975,10.02506265664189
1787024500098,0.0997,15435.0,0.0998,15783.0,0.09975,10.02506265664189
1787024500099,0.0997,15102.0,0.0998,15783.0,0.09975,10.02506265664189
1787024500100,0.0997,14769.0,0.0998,15783.0,0.09975,10.02506265664189
1787024500360,0.0997,14769.0,0.0998,12458.0,0.09975,10.02506265664189
1787024500668,0.0997,14769.0,0.0998,9892.0,0.09975,10.02506265664189
1787024500669,0.0997,14769.0,0.0998,15783.0,0.09975,10.02506265664189
1787024500862,0.0997,14769.0,0.0998,15856.0,0.09975,10.02506265664189
1787024501187,0.0997,15210.0,0.0998,15856.0,0.09975,10.02506265664189
1787024501295,0.0997,15210.0,0.0998,16813.0,0.09975,10.02506265664189
1787024502039,0.0997,15137.0,0.0998,16813.0,0.09975,10.02506265664189
1787024502398,0.0997,15137.0,0.0998,16876.0,0.09975,10.02506265664189
1787024502439,0.0997,16003.0,0.0998,16876.0,0.09975,10.02506265664189
1787024503146,0.0997,17151.0,0.0998,16876.0,0.09975,10.02506265664189
1787024503196,0.0997,17321.0,0.0998,16876.0,0.09975,10.02506265664189
1787024503399,0.0997,18187.0,0.0998,16876.0,0.09975,10.02506265664189
1787024504037,0.0997,18258.0,0.0998,16876.0,0.09975,10.02506265664189
1787024505039,0.0997,18187.0,0.0998,16876.0,0.09975,10.02506265664189
1787024505380,0.0997,18187.0,0.0998,24896.0,0.09975,10.02506265664189
1787024505401,0.0997,18187.0,0.0998,24115.0,0.09975,10.02506265664189
1787024505761,0.0997,18187.0,0.0998,16095.0,0.09975,10.02506265664189
1787024505815,0.0997,18187.0,0.0998,16939.0,0.09975,10.02506265664189
1787024506103,0.0997,19557.0,0.0998,16939.0,0.09975,10.02506265664189
1787024506333,0.0997,19553.0,0.0998,16939.0,0.09975,10.02506265664189
1787024506430,0.0997,19553.0,0.0998,17440.0,0.09975,10.02506265664189
1787024506933,0.0997,19553.0,0.0998,16939.0,0.09975,10.02506265664189
1787024507310,0.0997,20580.0,0.0998,16939.0,0.09975,10.02506265664189
1787024507463,0.0997,21184.0,0.0998,16939.0,0.09975,10.02506265664189
1787024507933,0.0997,21184.0,0.0998,17440.0,0.09975,10.02506265664189
1787024507951,0.0997,21184.0,0.0998,17491.0,0.09975,10.02506265664189
1787024508099,0.0997,21184.0,0.0998,18149.0,0.09975,10.02506265664189
1787024508100,0.0997,21184.0,0.0998,18478.0,0.09975,10.02506265664189
1787024508679,0.0997,21184.0,0.0998,18417.0,0.09975,10.02506265664189
1787024508681,0.0996,44071.0,0.0998,18417.0,0.0997,20.060180541625453
1787024508683,0.0996,33327.0,0.0998,31178.0,0.0997,20.060180541625453
1787024508684,0.0996,31550.0,0.0998,51081.0,0.0997,20.060180541625453
1787024508685,0.0996,31550.0,0.0998,55221.0,0.0997,20.060180541625453
1787024508687,0.0996,33558.0,0.0998,55221.0,0.0997,20.060180541625453
1787024508692,0.0996,26169.0,0.0998,55221.0,0.0997,20.060180541625453
1787024508693,0.0996,22229.0,0.0998,55221.0,0.0997,20.060180541625453
1787024508708,0.0996,21893.0,0.0998,55221.0,0.0997,20.060180541625453
1787024508710,0.0996,18986.0,0.0998,55221.0,0.0997,20.060180541625453
1787024508731,0.0996,18986.0,0.0998,54377.0,0.0997,20.060180541625453
1787024508733,0.0996,18986.0,0.0998,54377.0,0.0997,20.060180541625453
1787024508790,0.0996,20240.0,0.0998,54377.0,0.0997,20.060180541625453
1787024508795,0.0996,20340.0,0.0998,54377.0,0.0997,20.060180541625453
1787024508796,0.0996,20340.0,0.0998,54277.0,0.0997,20.060180541625453
1787024508798,0.0996,20340.0,0.0998,59197.0,0.0997,20.060180541625453
1787024508799,0.0996,20340.0,0.0998,56765.0,0.0997,20.060180541625453
1787024508800,0.0996,20340.0,0.0998,63360.0,0.0997,20.060180541625453
1787024508840,0.0996,21589.0,0.0998,63360.0,0.0997,20.060180541625453
1787024508876,0.0996,21589.0,0.0998,63461.0,0.0997,20.060180541625453
1787024508877,0.0996,21589.0,0.0998,63360.0,0.0997,20.060180541625453
1787024508879,0.0996,21589.0,0.0998,63461.0,0.0997,20.060180541625453
1787024508880,0.0996,21589.0,0.0998,63360.0,0.0997,20.060180541625453
1787024508887,0.0996,21589.0,0.0998,63461.0,0.0997,20.060180541625453
1787024508888,0.0996,21589.0,0.0998,63360.0,0.0997,20.060180541625453
1787024508891,0.0996,21589.0,0.0998,63461.0,0.0997,20.060180541625453
1787024508892,0.0996,21589.0,0.0998,63360.0,0.0997,20.060180541625453
1787024508894,0.0996,21589.0,0.0998,63461.0,0.0997,20.060180541625453
1787024508895,0.0996,21589.0,0.0998,63360.0,0.0997,20.060180541625453
1787024508897,0.0996,21589.0,0.0998,63360.0,0.0997,20.060180541625453
1787024508899,0.0996,21589.0,0.0998,63461.0,0.0997,20.060180541625453
1787024508900,0.0996,21589.0,0.0998,63360.0,0.0997,20.060180541625453
1787024508931,0.0996,21589.0,0.0998,62859.0,0.0997,20.060180541625453
1787024509010,0.0996,21589.0,0.0998,62960.0,0.0997,20.060180541625453
1787024509011,0.0996,21589.0,0.0998,62859.0,0.0997,20.060180541625453
1787024509040,0.0996,21666.0,0.0998,62859.0,0.0997,20.060180541625453
1787024509098,0.0996,21666.0,0.0998,63190.0,0.0997,20.060180541625453
1787024509100,0.0996,21666.0,0.0998,58270.0,0.0997,20.060180541625453
1787024509102,0.0996,21666.0,0.0998,58371.0,0.0997,20.060180541625453
1787024509103,0.0996,21666.0,0.0998,58270.0,0.0997,20.060180541625453
1787024509110,0.0996,21666.0,0.0998,58371.0,0.0997,20.060180541625453
1787024509111,0.0996,21666.0,0.0998,58270.0,0.0997,20.060180541625453
1787024509375,0.0996,21666.0,0.0998,63270.0,0.0997,20.060180541625453
1787024509445,0.0996,21666.0,0.0998,51892.0,0.0997,20.060180541625453
1787024509466,0.0996,25954.0,0.0998,51692.0,0.0997,20.060180541625453
1787024509468,0.0996,33343.0,0.0998,51692.0,0.0997,20.060180541625453
1787024509470,0.0996,32995.0,0.0998,51692.0,0.0997,20.060180541625453
1787024509538,0.0996,36428.0,0.0998,51692.0,0.0997,20.060180541625453
1787024509701,0.0996,36428.0,0.0998,44957.0,0.0997,20.060180541625453
1787024509729,0.0996,36428.0,0.0998,42332.0,0.0997,20.060180541625453
1787024509731,0.0996,36428.0,0.0998,39981.0,0.0997,20.060180541625453
1787024509740,0.0996,41859.0,0.0998,39981.0,0.0997,20.060180541625453
1787024509744,0.0996,41859.0,0.0998,39146.0,0.0997,20.060180541625453
1787024509796,0.0996,41759.0,0.0998,39146.0,0.0997,20.060180541625453
1787024509805,0.0997,2509.0,0.0998,39146.0,0.09975,10.02506265664189
1787024509808,0.0997,2509.0,0.0998,46688.0,0.09975,10.02506265664189
1787024509852,0.0997,2509.0,0.0998,47345.0,0.09975,10.02506265664189
1787024509900,0.0997,2509.0,0.0998,43886.0,0.09975,10.02506265664189
1787024510000,0.0997,2509.0,0.0998,37291.0,0.09975,10.02506265664189
1787024510001,0.0997,2509.0,0.0998,43182.0,0.09975,10.02506265664189
1787024510099,0.0997,2840.0,0.0998,42851.0,0.09975,10.02506265664189
1787024510100,0.0997,3171.0,0.0998,49351.0,0.09975,10.02506265664189
1787024510179,0.0997,4037.0,0.0998,49351.0,0.09975,10.02506265664189
1787024510210,0.0997,4785.0,0.0998,49351.0,0.09975,10.02506265664189
1787024510301,0.0997,4785.0,0.0998,49451.0,0.09975,10.02506265664189
1787024510400,0.0997,4785.0,0.0998,54371.0,0.09975,10.02506265664189
1787024510455,0.0997,5933.0,0.0998,54371.0,0.09975,10.02506265664189
1787024510457,0.0996,39052.0,0.0998,54371.0,0.0997,20.060180541625453
1787024510458,0.0996,35174.0,0.0998,54371.0,0.0997,20.060180541625453
1787024510459,0.0996,35662.0,0.0998,54371.0,0.0997,20.060180541625453
1787024510460,0.0996,35662.0,0.0998,56794.0,0.0997,20.060180541625453
1787024510461,0.0996,36072.0,0.0998,56794.0,0.0997,20.060180541625453
1787024510505,0.0996,36072.0,0.0998,56137.0,0.0997,20.060180541625453
1787024510537,0.0996,40754.0,0.0998,56137.0,0.0997,20.060180541625453
1787024510600,0.0996,40754.0,0.0998,51217.0,0.0997,20.060180541625453
1787024510601,0.0996,40754.0,0.0998,45326.0,0.0997,20.060180541625453
1787024510602,0.0996,40754.0,0.0998,47893.0,0.0997,20.060180541625453
1787024510682,0.0996,42284.0,0.0998,47893.0,0.0997,20.060180541625453
1787024510832,0.0996,42284.0,0.0998,45541.0,0.0997,20.060180541625453
1787024510833,0.0996,42284.0,0.0998,44706.0,0.0997,20.060180541625453
1787024510838,0.0996,42284.0,0.0998,43634.0,0.0997,20.060180541625453
1787024510846,0.0996,42284.0,0.0998,35351.0,0.0997,20.060180541625453
1787024510868,0.0996,42284.0,0.0998,40351.0,0.0997,20.060180541625453
1787024510893,0.0996,42284.0,0.0998,35351.0,0.0997,20.060180541625453
1787024510905,0.0996,43285.0,0.0998,35351.0,0.0997,20.060180541625453
1787024511023,0.0996,41730.0,0.0998,35351.0,0.0997,20.060180541625453
1787024511029,0.0997,1540.0,0.0998,35351.0,0.09975,10.02506265664189
1787024511030,0.0997,3070.0,0.0998,35351.0,0.09975,10.02506265664189
1787024511031,0.0997,3070.0,0.0998,47895.0,0.09975,10.02506265664189
1787024511077,0.0997,3070.0,0.0998,48552.0,0.09975,10.02506265664189
1787024511098,0.0997,3070.0,0.0998,49214.0,0.09975,10.02506265664189
1787024511200,0.0997,3070.0,0.0998,45755.0,0.09975,10.02506265664189
1787024511298,0.0997,3070.0,0.0998,45655.0,0.09975,10.02506265664189
1787024511303,0.0997,3070.0,0.0998,41627.0,0.09975,10.02506265664189
1787024511490,0.0997,4077.0,0.0998,39204.0,0.09975,10.02506265664189
1787024511499,0.0997,4077.0,0.0998,43232.0,0.09975,10.02506265664189
1787024511516,0.0997,4077.0,0.0998,43288.0,0.09975,10.02506265664189
1787024511600,0.0997,4077.0,0.0998,46747.0,0.09975,10.02506265664189
1787024511641,0.0997,6586.0,0.0998,46747.0,0.09975,10.02506265664189
1787024511643,0.0996,36490.0,0.0998,46747.0,0.0997,20.060180541625453
1787024511644,0.0996,33101.0,0.0998,46747.0,0.0997,20.060180541625453
1787024511647,0.0996,33511.0,0.0998,46747.0,0.0997,20.060180541625453
1787024511694,0.0996,33511.0,0.0998,46090.0,0.0997,20.060180541625453
1787024511739,0.0996,38193.0,0.0998,46090.0,0.0997,20.060180541625453
1787024512003,0.0996,39194.0,0.0998,46090.0,0.0997,20.060180541625453
1787024512034,0.0996,39194.0,0.0998,43737.0,0.0997,20.060180541625453
1787024512058,0.0996,39194.0,0.0998,38077.0,0.0997,20.060180541625453
1787024512061,0.0996,39194.0,0.0998,35454.0,0.0997,20.060180541625453
1787024512076,0.0996,39194.0,0.0998,34619.0,0.0997,20.060180541625453
1787024512086,0.0996,39194.0,0.0998,33546.0,0.0997,20.060180541625453
1787024512298,0.0996,39194.0,0.0998,33646.0,0.0997,20.060180541625453
1787024512340,0.0996,44625.0,0.0998,33646.0,0.0997,20.060180541625453
1787024512342,0.0996,44625.0,0.0998,38646.0,0.0997,20.060180541625453
1787024512438,0.0996,39194.0,0.0998,38646.0,0.0997,20.060180541625453
1787024512500,0.0996,39194.0,0.0998,35187.0,0.0997,20.060180541625453
1787024512700,0.0996,39194.0,0.0998,38646.0,0.0997,20.060180541625453
1787024512805,0.0996,41704.0,0.0998,38646.0,0.0997,20.060180541625453
1787024513440,0.0996,47135.0,0.0998,38646.0,0.0997,20.060180541625453
1787024513538,0.0996,41704.0,0.0998,38646.0,0.0997,20.060180541625453
1787024513644,0.0996,43234.0,0.0998,38646.0,0.0997,20.060180541625453
1787024514003,0.0996,42233.0,0.0998,38646.0,0.0997,20.060180541625453
1787024514508,0.0996,43099.0,0.0998,38646.0,0.0997,20.060180541625453
1787024514939,0.0996,39666.0,0.0998,38646.0,0.0997,20.060180541625453
1787024515241,0.0996,43099.0,0.0998,38646.0,0.0997,20.060180541625453
1787024515434,0.0996,44469.0,0.0998,38646.0,0.0997,20.060180541625453
1787024515989,0.0996,45315.0,0.0998,38646.0,0.0997,20.060180541625453
1787024516166,0.0996,44562.0,0.0998,38646.0,0.0997,20.060180541625453
1787024516171,0.0997,727.0,0.0998,38646.0,0.09975,10.02506265664189
1787024516172,0.0997,2257.0,0.0998,34719.0,0.09975,10.02506265664189
1787024516173,0.0997,2257.0,0.0998,39695.0,0.09975,10.02506265664189
1787024516174,0.0997,4766.0,0.0998,46191.0,0.09975,10.02506265664189
1787024516218,0.0997,4766.0,0.0998,46848.0,0.09975,10.02506265664189
1787024516263,0.0997,6136.0,0.0998,46848.0,0.09975,10.02506265664189
1787024516264,0.0996,43662.0,0.0998,46848.0,0.0997,20.060180541625453
1787024516265,0.0996,42631.0,0.0998,46848.0,0.0997,20.060180541625453
1787024516266,0.0996,39957.0,0.0998,46848.0,0.0997,20.060180541625453
1787024516268,0.0996,40367.0,0.0998,46848.0,0.0997,20.060180541625453
1787024516273,0.0996,38837.0,0.0998,46848.0,0.0997,20.060180541625453
1787024516297,0.0996,38837.0,0.0998,51748.0,0.0997,20.060180541625453
1787024516298,0.0996,38837.0,0.0998,51091.0,0.0997,20.060180541625453
1787024516301,0.0996,38837.0,0.0998,43604.0,0.0997,20.060180541625453
1787024516400,0.0996,38837.0,0.0998,47632.0,0.0997,20.060180541625453
1787024516401,0.0996,38837.0,0.0998,51091.0,0.0997,20.060180541625453
1787024516440,0.0996,35404.0,0.0998,51091.0,0.0997,20.060180541625453
1787024516738,0.0996,34155.0,0.0998,51091.0,0.0997,20.060180541625453
1787024517143,0.0996,35404.0,0.0998,51091.0,0.0997,20.060180541625453
1787024517183,0.0996,35404.0,0.0998,48738.0,0.0997,20.060180541625453
1787024517199,0.0996,35404.0,0.0998,47665.0,0.0997,20.060180541625453
1787024517216,0.0996,35404.0,0.0998,42005.0,0.0997,20.060180541625453
1787024517225,0.0996,35404.0,0.0998,41169.0,0.0997,20.060180541625453
1787024517234,0.0996,35404.0,0.0998,38546.0,0.0997,20.060180541625453
1787024517237,0.0996,38837.0,0.0998,38546.0,0.0997,20.060180541625453
1787024517298,0.0996,38837.0,0.0998,38646.0,0.0997,20.060180541625453
1787024517537,0.0996,35404.0,0.0998,38646.0,0.0997,20.060180541625453
1787024517640,0.0997,2509.0,0.0998,38646.0,0.09975,10.02506265664189
1787024517642,0.0997,2509.0,0.0998,50356.0,0.09975,10.02506265664189
1787024517643,0.0997,2509.0,0.0998,51192.0,0.09975,10.02506265664189
1787024517701,0.0997,2509.0,0.0998,51849.0,0.09975,10.02506265664189
1787024517915,0.0997,2509.0,0.0998,49282.0,0.09975,10.02506265664189
1787024517916,0.0997,2509.0,0.0998,55173.0,0.09975,10.02506265664189
1787024517959,0.0997,2509.0,0.0998,63193.0,0.09975,10.02506265664189
1787024517991,0.0997,3718.0,0.0998,63193.0,0.09975,10.02506265664189
1787024518006,0.0997,4624.0,0.0998,63193.0,0.09975,10.02506265664189
1787024518099,0.0997,4624.0,0.0998,62531.0,0.09975,10.02506265664189
1787024518265,0.0997,6154.0,0.0998,62531.0,0.09975,10.02506265664189
1787024518642,0.0997,6154.0,0.0998,56871.0,0.09975,10.02506265664189
1787024518659,0.0997,6154.0,0.0998,56035.0,0.09975,10.02506265664189
1787024518660,0.0997,6154.0,0.0998,53681.0,0.09975,10.02506265664189
1787024518666,0.0997,6154.0,0.0998,52608.0,0.09975,10.02506265664189
1787024518693,0.0997,6154.0,0.0998,49985.0,0.09975,10.02506265664189
1787024518799,0.0997,6154.0,0.0998,46526.0,0.09975,10.02506265664189
1787024518800,0.0997,6154.0,0.0998,42498.0,0.09975,10.02506265664189
1787024518899,0.0997,6154.0,0.0998,49985.0,0.09975,10.02506265664189
1787024519098,0.0997,6154.0,0.0998,46526.0,0.09975,10.02506265664189
1787024519100,0.0997,6154.0,0.0998,42498.0,0.09975,10.02506265664189
1787024519101,0.0997,6154.0,0.0998,37498.0,0.09975,10.02506265664189
1787024520099,0.0997,6154.0,0.0998,41526.0,0.09975,10.02506265664189
1787024520117,0.0997,6839.0,0.0998,41526.0,0.09975,10.02506265664189
1787024520200,0.0997,6839.0,0.0998,44985.0,0.09975,10.02506265664189
1787024520433,0.0997,6773.0,0.0998,44985.0,0.09975,10.02506265664189
1787024520497,0.0997,3387.0,0.0998,44985.0,0.09975,10.02506265664189
1787024520498,0.0997,3091.0,0.0998,44985.0,0.09975,10.02506265664189
1787024520503,0.0997,1343.0,0.0998,44985.0,0.09975,10.02506265664189
1787024520504,0.0997,685.0,0.0998,49985.0,0.09975,10.02506265664189
1787024520508,0.0996,37318.0,0.0998,49985.0,0.0997,20.060180541625453
1787024520510,0.0996,33817.0,0.0997,581.0,0.09964999999999999,10.035122930256183
1787024520512,0.0996,31531.0,0.0997,1953.0,0.09964999999999999,10.035122930256183
1787024520513,0.0996,26531.0,0.0997,1953.0,0.09964999999999999,10.035122930256183
1787024520514,0.0996,19142.0,0.0997,1953.0,0.09964999999999999,10.035122930256183
1787024520515,0.0996,12869.0,0.0997,1953.0,0.09964999999999999,10.035122930256183
1787024520516,0.0996,13308.0,0.0997,4822.0,0.09964999999999999,10.035122930256183
1787024520518,0.0996,13492.0,0.0997,4822.0,0.09964999999999999,10.035122930256183
1787024520563,0.0996,13492.0,0.0997,5016.0,0.09964999999999999,10.035122930256183
1787024520598,0.0996,13329.0,0.0997,5016.0,0.09964999999999999,10.035122930256183
1787024520700,0.0996,13329.0,0.0997,12503.0,0.09964999999999999,10.035122930256183
1787024520872,0.0996,14014.0,0.0997,12503.0,0.09964999999999999,10.035122930256183
1787024521099,0.0996,14014.0,0.0997,8475.0,0.09964999999999999,10.035122930256183
1787024521100,0.0996,14014.0,0.0997,5016.0,0.09964999999999999,10.035122930256183
1787024521140,0.0996,15263.0,0.0997,5016.0,0.09964999999999999,10.035122930256183
1787024521296,0.0996,15263.0,0.0997,5116.0,0.09964999999999999,10.035122930256183
1787024521537,0.0996,17773.0,0.0997,5116.0,0.09964999999999999,10.035122930256183
1787024521540,0.0996,16524.0,0.0997,5116.0,0.09964999999999999,10.035122930256183
1787024521599,0.0996,16654.0,0.0997,5116.0,0.09964999999999999,10.035122930256183
1787024521638,0.0996,17903.0,0.0997,5116.0,0.09964999999999999,10.035122930256183
1787024521938,0.0996,16654.0,0.0997,5116.0,0.09964999999999999,10.035122930256183
1787024522038,0.0996,16733.0,0.0997,5116.0,0.09964999999999999,10.035122930256183
1787024522241,0.0996,17982.0,0.0997,5116.0,0.09964999999999999,10.035122930256183
1787024522504,0.0996,19512.0,0.0997,5116.0,0.09964999999999999,10.035122930256183
1787024522540,0.0996,18263.0,0.0997,5116.0,0.09964999999999999,10.035122930256183
1787024522608,0.0996,19220.0,0.0997,5116.0,0.09964999999999999,10.035122930256183
1787024523519,0.0996,20086.0,0.0997,5116.0,0.09964999999999999,10.035122930256183
1787024523537,0.0996,20690.0,0.0997,5116.0,0.09964999999999999,10.035122930256183
1787024523561,0.0996,21146.0,0.0997,5116.0,0.09964999999999999,10.035122930256183
1787024524152,0.0996,22294.0,0.0997,5116.0,0.09964999999999999,10.035122930256183
1787024524240,0.0996,23543.0,0.0997,5116.0,0.09964999999999999,10.035122930256183
1787024524241,0.0996,24519.0,0.0997,5116.0,0.09964999999999999,10.035122930256183
1787024524280,0.0996,28459.0,0.0997,5116.0,0.09964999999999999,10.035122930256183
1787024524281,0.0996,37218.0,0.0997,5116.0,0.09964999999999999,10.035122930256183
1787024524306,0.0996,37218.0,0.0997,3744.0,0.09964999999999999,10.035122930256183
1787024524339,0.0996,40651.0,0.0997,3744.0,0.09964999999999999,10.035122930256183
1787024524504,0.0996,40651.0,0.0997,3683.0,0.09964999999999999,10.035122930256183
1787024524795,0.0996,40751.0,0.0997,3583.0,0.09964999999999999,10.035122930256183
1787024525005,0.0996,41778.0,0.0997,3583.0,0.09964999999999999,10.035122930256183
1787024525097,0.0996,42106.0,0.0997,3583.0,0.09964999999999999,10.035122930256183
1787024525098,0.0996,42434.0,0.0997,3583.0,0.09964999999999999,10.035122930256183
1787024525303,0.0996,42334.0,0.0997,3583.0,0.09964999999999999,10.035122930256183
1787024525541,0.0996,38901.0,0.0997,3583.0,0.09964999999999999,10.035122930256183
1787024525799,0.0996,38901.0,0.0997,3683.0,0.09964999999999999,10.035122930256183
1787024526834,0.0996,38901.0,0.0997,3739.0,0.09964999999999999,10.035122930256183
1787024526966,0.0996,38901.0,0.0997,3790.0,0.09964999999999999,10.035122930256183
1787024527031,0.0996,39767.0,0.0997,3790.0,0.09964999999999999,10.035122930256183
1787024527098,0.0996,39439.0,0.0997,3790.0,0.09964999999999999,10.035122930256183
1787024527099,0.0996,39111.0,0.0997,3790.0,0.09964999999999999,10.035122930256183
1787024527279,0.0996,39111.0,0.0997,3841.0,0.09964999999999999,10.035122930256183
1787024527297,0.0996,39111.0,0.0997,3741.0,0.09964999999999999,10.035122930256183
1787024527617,0.0996,40259.0,0.0997,3741.0,0.09964999999999999,10.035122930256183
1787024529035,0.0996,40259.0,0.0997,3797.0,0.09964999999999999,10.035122930256183
1787024529407,0.0996,41266.0,0.0997,3797.0,0.09964999999999999,10.035122930256183
1787024529798,0.0996,41266.0,0.0997,3897.0,0.09964999999999999,10.035122930256183
1787024529975,0.0996,41266.0,0.0997,3948.0,0.09964999999999999,10.035122930256183
1787024530098,0.0996,41918.0,0.0997,3948.0,0.09964999999999999,10.035122930256183
1787024530299,0.0996,41918.0,0.0997,3848.0,0.09964999999999999,10.035122930256183
1787024530341,0.0996,45351.0,0.0997,3848.0,0.09964999999999999,10.035122930256183
1787024531260,0.0996,36279.0,0.0997,3848.0,0.09964999999999999,10.035122930256183
1787024531262,0.0996,36279.0,0.0997,5221.0,0.09964999999999999,10.035122930256183
1787024531307,0.0996,38086.0,0.0997,5221.0,0.09964999999999999,10.035122930256183
1787024531331,0.0996,38086.0,0.0997,4832.0,0.09964999999999999,10.035122930256183
1787024531332,0.0996,38086.0,0.0997,3459.0,0.09964999999999999,10.035122930256183
1787024531354,0.0996,38086.0,0.0997,3979.0,0.09964999999999999,10.035122930256183
1787024531739,0.0996,34653.0,0.0997,3979.0,0.09964999999999999,10.035122930256183
1787024532295,0.0996,34653.0,0.0997,4079.0,0.09964999999999999,10.035122930256183
1787024532507,0.0996,35555.0,0.0997,4079.0,0.09964999999999999,10.035122930256183
1787024532798,0.0996,35555.0,0.0997,3979.0,0.09964999999999999,10.035122930256183
1787024532998,0.0996,36303.0,0.0997,3979.0,0.09964999999999999,10.035122930256183
1787024533254,0.0996,36388.0,0.0997,3979.0,0.09964999999999999,10.035122930256183
1787024533359,0.0996,37254.0,0.0997,3979.0,0.09964999999999999,10.035122930256183
1787024533455,0.0996,38624.0,0.0997,3979.0,0.09964999999999999,10.035122930256183
1787024533496,0.0996,37722.0,0.0997,3979.0,0.09964999999999999,10.035122930256183
1787024533796,0.0996,37822.0,0.0997,3979.0,0.09964999999999999,10.035122930256183
1787024533939,0.0996,41255.0,0.0997,3979.0,0.09964999999999999,10.035122930256183
1787024535356,0.0996,42464.0,0.0997,3979.0,0.09964999999999999,10.035122930256183
1787024536264,0.0996,43673.0,0.0997,3979.0,0.09964999999999999,10.035122930256183
1787024537106,0.0996,44277.0,0.0997,3979.0,0.09964999999999999,10.035122930256183
1787024537710,0.0996,45042.0,0.0997,3979.0,0.09964999999999999,10.035122930256183
1787024537767,0.0996,45888.0,0.0997,3979.0,0.09964999999999999,10.035122930256183
1787024538106,0.0996,46232.0,0.0997,3979.0,0.09964999999999999,10.035122930256183
1787024538915,0.0996,46232.0,0.0997,4798.0,0.09964999999999999,10.035122930256183
1787024539037,0.0996,42799.0,0.0997,4798.0,0.09964999999999999,10.035122930256183
1787024539237,0.0996,46232.0,0.0997,4798.0,0.09964999999999999,10.035122930256183
1787024539538,0.0996,42799.0,0.0997,4798.0,0.09964999999999999,10.035122930256183
1787024539798,0.0996,42699.0,0.0997,4798.0,0.09964999999999999,10.035122930256183
1787024540239,0.0996,46132.0,0.0997,4798.0,0.09964999999999999,10.035122930256183
1787024540241,0.0996,51563.0,0.0997,4798.0,0.09964999999999999,10.035122930256183
1787024540298,0.0996,51663.0,0.0997,4798.0,0.09964999999999999,10.035122930256183
1787024540841,0.0996,46232.0,0.0997,4798.0,0.09964999999999999,10.035122930256183
1787024541339,0.0996,51663.0,0.0997,4798.0,0.09964999999999999,10.035122930256183
1787024541540,0.0996,46232.0,0.0997,4798.0,0.09964999999999999,10.035122930256183
1787024541583,0.0996,47138.0,0.0997,4798.0,0.09964999999999999,10.035122930256183
1787024541873,0.0996,47823.0,0.0997,4798.0,0.09964999999999999,10.035122930256183
1787024542539,0.0996,44390.0,0.0997,4798.0,0.09964999999999999,10.035122930256183
1787024543139,0.0996,47823.0,0.0997,4798.0,0.09964999999999999,10.035122930256183
1787024543736,0.0996,47823.0,0.0997,4849.0,0.09964999999999999,10.035122930256183
1787024544340,0.0996,53254.0,0.0997,4849.0,0.09964999999999999,10.035122930256183
1787024544624,0.0996,53657.0,0.0997,4849.0,0.09964999999999999,10.035122930256183
1787024544643,0.0996,48226.0,0.0997,4849.0,0.09964999999999999,10.035122930256183
1787024545440,0.0996,48226.0,0.0997,2658.0,0.09964999999999999,10.035122930256183
1787024545458,0.0996,53657.0,0.0997,2658.0,0.09964999999999999,10.035122930256183
1787024545520,0.0996,53657.0,0.0997,2269.0,0.09964999999999999,10.035122930256183
1787024545523,0.0996,58657.0,0.0997,2269.0,0.09964999999999999,10.035122930256183
1787024545524,0.0996,65316.0,0.0997,2269.0,0.09964999999999999,10.035122930256183
1787024545529,0.0996,65316.0,0.0998,44711.0,0.0997,20.060180541625453
1787024545530,0.0997,6126.0,0.0998,41758.0,0.09975,10.02506265664189
1787024545531,0.0997,6126.0,0.0998,34813.0,0.09975,10.02506265664189
1787024545532,0.0997,7656.0,0.0998,38707.0,0.09975,10.02506265664189
1787024545533,0.0997,10165.0,0.0998,38707.0,0.09975,10.02506265664189
1787024545538,0.0997,10604.0,0.0998,38707.0,0.09975,10.02506265664189
1787024545560,0.0997,5808.0,0.0998,38707.0,0.09975,10.02506265664189
1787024545578,0.0997,5808.0,0.0998,38050.0,0.09975,10.02506265664189
1787024545610,0.0997,5808.0,0.0998,36415.0,0.09975,10.02506265664189
1787024545611,0.0997,5808.0,0.0998,37073.0,0.09975,10.02506265664189
1787024545653,0.0997,5808.0,0.0998,40396.0,0.09975,10.02506265664189
1787024545654,0.0997,5808.0,0.0998,37828.0,0.09975,10.02506265664189
1787024545700,0.0997,6556.0,0.0998,37828.0,0.09975,10.02506265664189
1787024545803,0.0997,6656.0,0.0998,37828.0,0.09975,10.02506265664189
1787024545951,0.0997,6656.0,0.0998,38591.0,0.09975,10.02506265664189
1787024546099,0.0997,7622.0,0.0998,38591.0,0.09975,10.02506265664189
1787024546127,0.0997,7622.0,0.0998,34981.0,0.09975,10.02506265664189
1787024546398,0.0997,7622.0,0.0998,34918.0,0.09975,10.02506265664189
1787024546551,0.0997,7622.0,0.0998,29255.0,0.09975,10.02506265664189
1787024546553,0.0997,7622.0,0.0998,26630.0,0.09975,10.02506265664189
1787024546581,0.0997,7622.0,0.0998,25793.0,0.09975,10.02506265664189
1787024546590,0.0997,7622.0,0.0998,23368.0,0.09975,10.02506265664189
1787024546591,0.0997,7622.0,0.0998,22293.0,0.09975,10.02506265664189
1787024546593,0.0997,7622.0,0.0998,19936.0,0.09975,10.02506265664189
1787024546603,0.0997,7622.0,0.0998,20536.0,0.09975,10.02506265664189
1787024546994,0.0997,8488.0,0.0998,20536.0,0.09975,10.02506265664189
1787024547099,0.0997,8166.0,0.0998,20536.0,0.09975,10.02506265664189
1787024547830,0.0997,8166.0,0.0998,20687.0,0.09975,10.02506265664189
1787024547922,0.0997,8166.0,0.0998,20762.0,0.09975,10.02506265664189
1787024548297,0.0997,8066.0,0.0998,20762.0,0.09975,10.02506265664189
1787024548447,0.0997,8932.0,0.0998,20762.0,0.09975,10.02506265664189
1787024548798,0.0997,9032.0,0.0998,20762.0,0.09975,10.02506265664189
1787024548921,0.0997,9032.0,0.0998,20687.0,0.09975,10.02506265664189
1787024550298,0.0997,8932.0,0.0998,20687.0,0.09975,10.02506265664189
1787024551417,0.0997,10302.0,0.0998,20687.0,0.09975,10.02506265664189
1787024551581,0.0997,11450.0,0.0998,20687.0,0.09975,10.02506265664189
1787024551582,0.0997,11450.0,0.0998,20029.0,0.09975,10.02506265664189
1787024551798,0.0997,11550.0,0.0998,20029.0,0.09975,10.02506265664189
1787024552299,0.0997,11450.0,0.0998,20029.0,0.09975,10.02506265664189
1787024552439,0.0997,11784.0,0.0998,20029.0,0.09975,10.02506265664189
1787024552509,0.0997,11632.0,0.0998,20029.0,0.09975,10.02506265664189
1787024552686,0.0997,12639.0,0.0998,20029.0,0.09975,10.02506265664189
1787024552796,0.0997,12739.0,0.0998,20029.0,0.09975,10.02506265664189
1787024552797,0.0997,13948.0,0.0998,20029.0,0.09975,10.02506265664189
1787024552885,0.0997,18948.0,0.0998,20029.0,0.09975,10.02506265664189
1787024553092,0.0997,20157.0,0.0998,20029.0,0.09975,10.02506265664189
1787024553268,0.0997,20157.0,0.0998,20085.0,0.09975,10.02506265664189
1787024553447,0.0997,21023.0,0.0998,20085.0,0.09975,10.02506265664189
1787024553566,0.0997,21708.0,0.0998,20085.0,0.09975,10.02506265664189
1787024554039,0.0997,21768.0,0.0998,20085.0,0.09975,10.02506265664189
1787024554097,0.0997,21446.0,0.0998,20085.0,0.09975,10.02506265664189
1787024554098,0.0997,21124.0,0.0998,20085.0,0.09975,10.02506265664189
1787024554798,0.0997,21024.0,0.0998,20085.0,0.09975,10.02506265664189
1787024555038,0.0997,20964.0,0.0998,20085.0,0.09975,10.02506265664189
1787024555136,0.0997,21810.0,0.0998,20085.0,0.09975,10.02506265664189
1787024555796,0.0997,21910.0,0.0998,20085.0,0.09975,10.02506265664189
1787024556023,0.0997,23280.0,0.0998,20085.0,0.09975,10.02506265664189
1787024556027,0.0997,23280.0,0.0998,19933.0,0.09975,10.02506265664189
1787024556029,0.0997,18280.0,0.0998,19933.0,0.09975,10.02506265664189
1787024556037,0.0997,18352.0,0.0998,19933.0,0.09975,10.02506265664189
1787024556832,0.0997,18352.0,0.0998,19782.0,0.09975,10.02506265664189
1787024557039,0.0997,18280.0,0.0998,19782.0,0.09975,10.02506265664189
1787024557295,0.0997,18180.0,0.0998,19782.0,0.09975,10.02506265664189
1787024557833,0.0997,18180.0,0.0998,19924.0,0.09975,10.02506265664189
1787024558924,0.0997,18583.0,0.0998,19924.0,0.09975,10.02506265664189
1787024559794,0.0997,19187.0,0.0998,19924.0,0.09975,10.02506265664189
1787024560544,0.0997,20053.0,0.0998,19924.0,0.09975,10.02506265664189
1787024560716,0.0997,20657.0,0.0998,19924.0,0.09975,10.02506265664189
1787024560995,0.0997,21422.0,0.0998,19924.0,0.09975,10.02506265664189
1787024561205,0.0997,22379.0,0.0998,19924.0,0.09975,10.02506265664189
1787024561377,0.0997,23225.0,0.0998,19924.0,0.09975,10.02506265664189
1787024561862,0.0997,23225.0,0.0998,19980.0,0.09975,10.02506265664189
1787024562261,0.0997,23656.0,0.0998,19980.0,0.09975,10.02506265664189
1787024562298,0.0997,23656.0,0.0998,20080.0,0.09975,10.02506265664189
1787024562326,0.0997,24804.0,0.0998,20080.0,0.09975,10.02506265664189
1787024562800,0.0997,24804.0,0.0998,19980.0,0.09975,10.02506265664189
1787024563351,0.0997,24974.0,0.0998,19980.0,0.09975,10.02506265664189
1787024563710,0.0997,25880.0,0.0998,19980.0,0.09975,10.02506265664189
1787024564488,0.0997,27250.0,0.0998,19980.0,0.09975,10.02506265664189
1787024564862,0.0997,27250.0,0.0998,19924.0,0.09975,10.02506265664189
1787024564996,0.0997,27935.0,0.0998,19924.0,0.09975,10.02506265664189
1787024565675,0.0997,28962.0,0.0998,19924.0,0.09975,10.02506265664189
1787024566260,0.0997,28962.0,0.0998,19975.0,0.09975,10.02506265664189
1787024566797,0.0997,28962.0,0.0998,20075.0,0.09975,10.02506265664189
1787024566862,0.0997,28962.0,0.0998,20142.0,0.09975,10.02506265664189
1787024566922,0.0997,28962.0,0.0998,20209.0,0.09975,10.02506265664189
1787024567135,0.0997,28962.0,0.0998,20265.0,0.09975,10.02506265664189
1787024567745,0.0997,28717.0,0.0998,20265.0,0.09975,10.02506265664189
1787024567795,0.0997,28717.0,0.0998,20165.0,0.09975,10.02506265664189
1787024568796,0.0997,28717.0,0.0998,20265.0,0.09975,10.02506265664189
1787024569939,0.0997,28717.0,0.0998,20321.0,0.09975,10.02506265664189
1787024570098,0.0997,28717.0,0.0998,20634.0,0.09975,10.02506265664189
1787024570099,0.0997,28717.0,0.0998,20947.0,0.09975,10.02506265664189
1787024571925,0.0997,28717.0,0.0998,20880.0,0.09975,10.02506265664189
1787024572100,0.0997,28717.0,0.0998,20567.0,0.09975,10.02506265664189
1787024572101,0.0997,28717.0,0.0998,20254.0,0.09975,10.02506265664189
1787024572297,0.0997,28717.0,0.0998,20154.0,0.09975,10.02506265664189
1787024572862,0.0997,28717.0,0.0998,20087.0,0.09975,10.02506265664189
1787024573798,0.0997,28717.0,0.0998,20187.0,0.09975,10.02506265664189
1787024574147,0.0997,26665.0,0.0998,20187.0,0.09975,10.02506265664189
1787024574148,0.0997,26254.0,0.0998,20187.0,0.09975,10.02506265664189
1787024574270,0.0997,15790.0,0.0998,20187.0,0.09975,10.02506265664189
1787024574271,0.0997,14460.0,0.0998,26905.0,0.09975,10.02506265664189
1787024574272,0.0997,14460.0,0.0998,31905.0,0.09975,10.02506265664189
1787024574277,0.0997,14460.0,0.0998,43234.0,0.09975,10.02506265664189
1787024574298,0.0997,14460.0,0.0998,43134.0,0.09975,10.02506265664189
1787024574324,0.0997,14460.0,0.0998,42534.0,0.09975,10.02506265664189
1787024574341,0.0997,14460.0,0.0998,35816.0,0.09975,10.02506265664189
1787024574343,0.0997,14460.0,0.0998,30816.0,0.09975,10.02506265664189
1787024574377,0.0997,14460.0,0.0998,31527.0,0.09975,10.02506265664189
1787024574405,0.0997,15208.0,0.0998,31527.0,0.09975,10.02506265664189
1787024574780,0.0997,13156.0,0.0998,31527.0,0.09975,10.02506265664189
1787024574800,0.0997,13256.0,0.0998,31527.0,0.09975,10.02506265664189
1787024574862,0.0997,13256.0,0.0998,31597.0,0.09975,10.02506265664189
1787024574925,0.0997,13256.0,0.0998,31667.0,0.09975,10.02506265664189
1787024575098,0.0997,14195.0,0.0998,31667.0,0.09975,10.02506265664189
1787024575296,0.0997,14095.0,0.0998,31667.0,0.09975,10.02506265664189
1787024575350,0.0997,14498.0,0.0998,31667.0,0.09975,10.02506265664189
1787024575494,0.0997,14498.0,0.0998,31718.0,0.09975,10.02506265664189
1787024575573,0.0997,15707.0,0.0998,31718.0,0.09975,10.02506265664189
1787024575575,0.0997,18216.0,0.0998,31718.0,0.09975,10.02506265664189
1787024575581,0.0997,18216.0,0.0998,27778.0,0.09975,10.02506265664189
1787024575923,0.0997,18216.0,0.0998,27708.0,0.09975,10.02506265664189
1787024576098,0.0997,17590.0,0.0998,27708.0,0.09975,10.02506265664189
1787024576148,0.0997,19120.0,0.0998,27708.0,0.09975,10.02506265664189
1787024576889,0.0997,19805.0,0.0998,27708.0,0.09975,10.02506265664189
1787024577175,0.0997,19805.0,0.0998,20319.0,0.09975,10.02506265664189
1787024577504,0.0997,19805.0,0.0998,20370.0,0.09975,10.02506265664189
1787024578098,0.0997,20429.0,0.0998,20370.0,0.09975,10.02506265664189
1787024578189,0.0997,20429.0,0.0998,20170.0,0.09975,10.02506265664189
1787024578798,0.0997,20429.0,0.0998,20270.0,0.09975,10.02506265664189
1787024578894,0.0997,20429.0,0.0998,18218.0,0.09975,10.02506265664189
1787024578911,0.0997,20867.0,0.0998,18218.0,0.09975,10.02506265664189
1787024579009,0.0997,20867.0,0.0998,18280.0,0.09975,10.02506265664189
1787024579197,0.0997,20867.0,0.0998,16228.0,0.09975,10.02506265664189
1787024579340,0.0997,20867.0,0.0998,10580.0,0.09975,10.02506265664189
1787024579832,0.0997,20867.0,0.0998,10438.0,0.09975,10.02506265664189
1787024579862,0.0997,20867.0,0.0998,10368.0,0.09975,10.02506265664189
1787024580048,0.0997,20867.0,0.0998,8435.0,0.09975,10.02506265664189
1787024580097,0.0997,20242.0,0.0998,8435.0,0.09975,10.02506265664189
1787024580098,0.0997,19930.0,0.0998,8435.0,0.09975,10.02506265664189
1787024580408,0.0997,19930.0,0.0998,8365.0,0.09975,10.02506265664189
1787024580561,0.0997,19930.0,0.0998,8505.0,0.09975,10.02506265664189
1787024580595,0.0997,20038.0,0.0998,8505.0,0.09975,10.02506265664189
1787024580742,0.0997,21287.0,0.0998,8505.0,0.09975,10.02506265664189
1787024580753,0.0997,20517.0,0.0998,8505.0,0.09975,10.02506265664189
1787024580799,0.0997,20517.0,0.0998,8405.0,0.09975,10.02506265664189
1787024580839,0.0997,19268.0,0.0998,8405.0,0.09975,10.02506265664189
1787024581038,0.0997,19337.0,0.0998,8405.0,0.09975,10.02506265664189
1787024581098,0.0997,19649.0,0.0998,8405.0,0.09975,10.02506265664189
1787024581099,0.0997,19961.0,0.0998,8405.0,0.09975,10.02506265664189
1787024581842,0.0997,21210.0,0.0998,8405.0,0.09975,10.02506265664189
1787024582099,0.0997,20586.0,0.0998,8405.0,0.09975,10.02506265664189
1787024582239,0.0997,19337.0,0.0998,8405.0,0.09975,10.02506265664189
1787024582300,0.0997,19337.0,0.0998,8505.0,0.09975,10.02506265664189
1787024582599,0.0997,19229.0,0.0998,8505.0,0.09975,10.02506265664189
1787024583297,0.0997,19229.0,0.0998,8405.0,0.09975,10.02506265664189
1787024584300,0.0997,19229.0,0.0998,8505.0,0.09975,10.02506265664189
1787024584571,0.0997,19229.0,0.0998,8444.0,0.09975,10.02506265664189
1787024584804,0.0997,19310.0,0.0998,8444.0,0.09975,10.02506265664189
1787024585134,0.0997,19310.0,0.0998,7942.0,0.09975,10.02506265664189
1787024585300,0.0997,19310.0,0.0998,7842.0,0.09975,10.02506265664189
1787024586596,0.0997,19445.0,0.0998,7842.0,0.09975,10.02506265664189
1787024586858,0.0997,20593.0,0.0998,7842.0,0.09975,10.02506265664189
1787024588139,0.0997,21842.0,0.0998,7842.0,0.09975,10.02506265664189
1787024588274,0.0997,21895.0,0.0998,7842.0,0.09975,10.02506265664189
1787024588298,0.0997,21995.0,0.0998,7842.0,0.09975,10.02506265664189
1787024588301,0.0997,21995.0,0.0998,4232.0,0.09975,10.02506265664189
1787024588302,0.0997,21995.0,0.0998,2881.0,0.09975,10.02506265664189
1787024588303,0.0997,21995.0,0.0998,2831.0,0.09975,10.02506265664189
1787024588304,0.0997,22970.0,0.0998,2831.0,0.09975,10.02506265664189
1787024588305,0.0997,29433.0,0.0998,2831.0,0.09975,10.02506265664189
1787024588315,0.0997,29433.0,0.0998,2587.0,0.09975,10.02506265664189
1787024588316,0.0997,26076.0,0.0998,2587.0,0.09975,10.02506265664189
1787024588317,0.0997,23970.0,0.0998,2587.0,0.09975,10.02506265664189
1787024588328,0.0997,31564.0,0.0998,2587.0,0.09975,10.02506265664189
1787024588339,0.0997,34997.0,0.0998,2587.0,0.09975,10.02506265664189
1787024588384,0.0997,34997.0,0.0998,2537.0,0.09975,10.02506265664189
1787024588446,0.0997,35863.0,0.0998,2537.0,0.09975,10.02506265664189
1787024588465,0.0997,35863.0,0.0998,1234.0,0.09975,10.02506265664189
1787024588467,0.0997,35863.0,0.0999,57120.0,0.0998,20.040080160321217
1787024588468,0.0998,1331.0,0.0999,53475.0,0.09985,10.015022533800988
1787024588469,0.0998,6171.0,0.0999,42331.0,0.09985,10.015022533800988
1787024588470,0.0998,7701.0,0.0999,44024.0,0.09985,10.015022533800988
1787024588471,0.0998,7701.0,0.0999,47788.0,0.09985,10.015022533800988
1787024588473,0.0998,8139.0,0.0999,47788.0,0.09985,10.015022533800988
1787024588475,0.0998,10143.0,0.0999,47788.0,0.09985,10.015022533800988
1787024588488,0.0998,11009.0,0.0999,47788.0,0.09985,10.015022533800988
1787024588494,0.0998,11009.0,0.0999,47688.0,0.09985,10.015022533800988
1787024588498,0.0998,8676.0,0.0999,47688.0,0.09985,10.015022533800988
1787024588549,0.0998,8676.0,0.0999,48345.0,0.09985,10.015022533800988
1787024588751,0.0998,8757.0,0.0999,48345.0,0.09985,10.015022533800988
1787024588800,0.0998,8857.0,0.0999,48345.0,0.09985,10.015022533800988
1787024588833,0.0998,8857.0,0.0999,48483.0,0.09985,10.015022533800988
1787024588921,0.0998,8857.0,0.0999,48552.0,0.09985,10.015022533800988
1787024588943,0.0998,9605.0,0.0999,48552.0,0.09985,10.015022533800988
1787024589098,0.0998,10225.0,0.0999,48552.0,0.09985,10.015022533800988
1787024589237,0.0998,11434.0,0.0999,48552.0,0.09985,10.015022533800988
1787024589238,0.0998,12804.0,0.0999,48552.0,0.09985,10.015022533800988
1787024589366,0.0998,13207.0,0.0999,48552.0,0.09985,10.015022533800988
1787024589369,0.0998,14214.0,0.0999,48552.0,0.09985,10.015022533800988
1787024589489,0.0998,14214.0,0.0999,45930.0,0.09985,10.015022533800988
1787024589490,0.0998,14214.0,0.0999,40272.0,0.09985,10.015022533800988
1787024589517,0.0998,14214.0,0.0999,37913.0,0.09985,10.015022533800988
1787024589519,0.0998,14214.0,0.0999,37076.0,0.09985,10.015022533800988
1787024589541,0.0998,14214.0,0.0999,36001.0,0.09985,10.015022533800988
1787024589924,0.0998,14214.0,0.0999,35932.0,0.09985,10.015022533800988
1787024590099,0.0998,14523.0,0.0999,35932.0,0.09985,10.015022533800988
1787024590572,0.0998,15893.0,0.0999,35932.0,0.09985,10.015022533800988
1787024590862,0.0998,15893.0,0.0999,36000.0,0.09985,10.015022533800988
1787024590923,0.0998,15893.0,0.0999,36055.0,0.09985,10.015022533800988
1787024591037,0.0998,15961.0,0.0999,36055.0,0.09985,10.015022533800988
1787024591921,0.0998,15961.0,0.0999,36000.0,0.09985,10.015022533800988
1787024592801,0.0998,15861.0,0.0999,36000.0,0.09985,10.015022533800988
1787024592803,0.0998,15961.0,0.0999,36000.0,0.09985,10.015022533800988
1787024592898,0.0998,16827.0,0.0999,36000.0,0.09985,10.015022533800988
1787024592921,0.0998,16827.0,0.0999,36067.0,0.09985,10.015022533800988
1787024593039,0.0998,16759.0,0.0999,36067.0,0.09985,10.015022533800988
1787024593056,0.0998,17605.0,0.0999,36067.0,0.09985,10.015022533800988
1787024593099,0.0998,16985.0,0.0999,36067.0,0.09985,10.015022533800988
1787024593242,0.0998,17240.0,0.0999,36067.0,0.09985,10.015022533800988
1787024593299,0.0998,17340.0,0.0999,36067.0,0.09985,10.015022533800988
1787024593473,0.0998,17340.0,0.0999,36123.0,0.09985,10.015022533800988
1787024594098,0.0998,17031.0,0.0999,36123.0,0.09985,10.015022533800988
1787024594686,0.0998,18240.0,0.0999,36123.0,0.09985,10.015022533800988
1787024595921,0.0998,18240.0,0.0999,36056.0,0.09985,10.015022533800988
1787024596027,0.0998,18240.0,0.0999,36525.0,0.09985,10.015022533800988
1787024596100,0.0998,19161.0,0.0999,36525.0,0.09985,10.015022533800988
1787024596101,0.0998,19161.0,0.0999,35868.0,0.09985,10.015022533800988
1787024596595,0.0998,19278.0,0.0999,35868.0,0.09985,10.015022533800988
1787024596984,0.0998,19278.0,0.0999,23553.0,0.09985,10.015022533800988
1787024596999,0.0998,19963.0,0.0999,23553.0,0.09985,10.015022533800988
1787024597039,0.0998,20029.0,0.0999,23553.0,0.09985,10.015022533800988
1787024597126,0.0998,20029.0,0.0999,23677.0,0.09985,10.015022533800988
1787024597127,0.0998,20029.0,0.0999,23553.0,0.09985,10.015022533800988
1787024597823,0.0998,20633.0,0.0999,23553.0,0.09985,10.015022533800988
1787024597830,0.0998,20633.0,0.0999,23415.0,0.09985,10.015022533800988
1787024597862,0.0998,20633.0,0.0999,23347.0,0.09985,10.015022533800988
1787024598069,0.0998,20633.0,0.0999,22925.0,0.09985,10.015022533800988
1787024598138,0.0998,21882.0,0.0999,22925.0,0.09985,10.015022533800988
1787024598539,0.0998,25315.0,0.0999,22925.0,0.09985,10.015022533800988
1787024598968,0.0998,25315.0,0.0999,22725.0,0.09985,10.015022533800988
1787024599340,0.0998,30746.0,0.0999,22725.0,0.09985,10.015022533800988
1787024600000,0.0998,31149.0,0.0999,22725.0,0.09985,10.015022533800988
1787024600539,0.0998,25718.0,0.0999,22725.0,0.09985,10.015022533800988
1787024600629,0.0998,26866.0,0.0999,22725.0,0.09985,10.015022533800988
1787024601437,0.0998,23433.0,0.0999,22725.0,0.09985,10.015022533800988
1787024601537,0.0998,22184.0,0.0999,22725.0,0.09985,10.015022533800988
1787024601838,0.0998,23433.0,0.0999,22725.0,0.09985,10.015022533800988
1787024601938,0.0998,26866.0,0.0999,22725.0,0.09985,10.015022533800988
1787024602439,0.0998,23433.0,0.0999,22725.0,0.09985,10.015022533800988
1787024602502,0.0998,24279.0,0.0999,22725.0,0.09985,10.015022533800988
1787024602837,0.0998,27712.0,0.0999,22725.0,0.09985,10.015022533800988
1787024603040,0.0998,24279.0,0.0999,22725.0,0.09985,10.015022533800988
1787024603318,0.0998,25306.0,0.0999,22725.0,0.09985,10.015022533800988
1787024603441,0.0998,24057.0,0.0999,22725.0,0.09985,10.015022533800988
1787024603442,0.0998,24822.0,0.0999,22725.0,0.09985,10.015022533800988
1787024603840,0.0998,26071.0,0.0999,22725.0,0.09985,10.015022533800988
1787024603841,0.0998,29504.0,0.0999,22725.0,0.09985,10.015022533800988
1787024603971,0.0998,30874.0,0.0999,22725.0,0.09985,10.015022533800988
1787024604350,0.0998,31780.0,0.0999,22725.0,0.09985,10.015022533800988
1787024605050,0.0998,31718.0,0.0999,22725.0,0.09985,10.015022533800988
1787024605138,0.0998,28285.0,0.0999,22725.0,0.09985,10.015022533800988
1787024605172,0.0998,29151.0,0.0999,22725.0,0.09985,10.015022533800988
1787024605246,0.0998,29755.0,0.0999,22725.0,0.09985,10.015022533800988
1787024605305,0.0998,30621.0,0.0999,22725.0,0.09985,10.015022533800988
1787024605442,0.0998,29372.0,0.0999,22725.0,0.09985,10.015022533800988
1787024605627,0.0998,29252.0,0.0999,22725.0,0.09985,10.015022533800988
1787024605848,0.0998,29252.0,0.0999,22675.0,0.09985,10.015022533800988
1787024605915,0.0998,30209.0,0.0999,22675.0,0.09985,10.015022533800988
1787024605941,0.0998,33642.0,0.0999,22675.0,0.09985,10.015022533800988
1787024605942,0.0998,34891.0,0.0999,22675.0,0.09985,10.015022533800988
1787024606445,0.0998,34891.0,0.0999,23735.0,0.09985,10.015022533800988
1787024606456,0.0998,34891.0,0.0999,23685.0,0.09985,10.015022533800988
1787024606522,0.0998,34891.0,0.0999,23635.0,0.09985,10.015022533800988
1787024607338,0.0998,36039.0,0.0999,23635.0,0.09985,10.015022533800988
1787024607437,0.0998,32606.0,0.0999,23635.0,0.09985,10.015022533800988
1787024607459,0.0998,32606.0,0.0999,23585.0,0.09985,10.015022533800988
1787024607639,0.0998,36039.0,0.0999,23585.0,0.09985,10.015022533800988
1787024608097,0.0998,36039.0,0.0999,23641.0,0.09985,10.015022533800988
1787024608318,0.0998,36724.0,0.0999,23641.0,0.09985,10.015022533800988
1787024608428,0.0998,36724.0,0.0999,23591.0,0.09985,10.015022533800988
1787024608716,0.0998,36724.0,0.0999,23541.0,0.09985,10.015022533800988
1787024609075,0.0998,36724.0,0.0999,17893.0,0.09985,10.015022533800988
1787024609081,0.0998,36724.0,0.0999,17843.0,0.09985,10.015022533800988
1787024609167,0.0998,36724.0,0.0999,17291.0,0.09985,10.015022533800988
1787024609322,0.0998,36724.0,0.0999,17241.0,0.09985,10.015022533800988
1787024609502,0.0998,37624.0,0.0999,17241.0,0.09985,10.015022533800988
1787024609939,0.0998,43055.0,0.0999,17241.0,0.09985,10.015022533800988
1787024609946,0.0998,43055.0,0.0999,17191.0,0.09985,10.015022533800988
1787024610125,0.0998,44858.0,0.0999,17191.0,0.09985,10.015022533800988
1787024610132,0.0998,44858.0,0.0999,17141.0,0.09985,10.015022533800988
1787024610440,0.0998,39427.0,0.0999,17141.0,0.09985,10.015022533800988
1787024610494,0.0998,38527.0,0.0999,17141.0,0.09985,10.015022533800988
1787024610977,0.0998,38527.0,0.0999,22781.0,0.09985,10.015022533800988
1787024611139,0.0998,35094.0,0.0999,22781.0,0.09985,10.015022533800988
1787024611343,0.0998,33845.0,0.0999,22781.0,0.09985,10.015022533800988
1787024611492,0.0998,33845.0,0.0999,22837.0,0.09985,10.015022533800988
1787024612240,0.0998,35094.0,0.0999,22837.0,0.09985,10.015022533800988
1787024612378,0.0998,35094.0,0.0999,22626.0,0.09985,10.015022533800988
1787024612540,0.0998,33845.0,0.0999,22626.0,0.09985,10.015022533800988
1787024612668,0.0998,33845.0,0.0999,22426.0,0.09985,10.015022533800988
1787024614108,0.0998,33845.0,0.0999,22226.0,0.09985,10.015022533800988
1787024615627,0.0998,33845.0,0.0999,21795.0,0.09985,10.015022533800988
1787024615816,0.0998,33845.0,0.0999,22148.0,0.09985,10.015022533800988
1787024615983,0.0998,33845.0,0.0999,22199.0,0.09985,10.015022533800988
1787024617037,0.0998,33779.0,0.0999,22199.0,0.09985,10.015022533800988
1787024617099,0.0998,33165.0,0.0999,22199.0,0.09985,10.015022533800988
1787024618152,0.0998,33165.0,0.0999,21162.0,0.09985,10.015022533800988
1787024619039,0.0998,33224.0,0.0999,21162.0,0.09985,10.015022533800988
1787024619040,0.0998,33224.0,0.0999,21286.0,0.09985,10.015022533800988
1787024619097,0.0998,33822.0,0.0999,21286.0,0.09985,10.015022533800988
1787024620538,0.0998,35071.0,0.0999,21286.0,0.09985,10.015022533800988
1787024620656,0.0998,35071.0,0.0999,21162.0,0.09985,10.015022533800988
1787024621008,0.0998,35071.0,0.0999,21286.0,0.09985,10.015022533800988
1787024622341,0.0998,33822.0,0.0999,21286.0,0.09985,10.015022533800988
1787024622848,0.0998,34252.0,0.0999,21286.0,0.09985,10.015022533800988
1787024622940,0.0998,37685.0,0.0999,21286.0,0.09985,10.015022533800988
1787024622941,0.0998,38934.0,0.0999,21286.0,0.09985,10.015022533800988
1787024622943,0.0998,38679.0,0.0999,21286.0,0.09985,10.015022533800988
1787024622946,0.0998,38679.0,0.0999,21162.0,0.09985,10.015022533800988
1787024622950,0.0998,39019.0,0.0999,21162.0,0.09985,10.015022533800988
1787024623640,0.0998,35586.0,0.0999,21162.0,0.09985,10.015022533800988
1787024623741,0.0998,34337.0,0.0999,21162.0,0.09985,10.015022533800988
1787024624312,0.0998,34408.0,0.0999,21162.0,0.09985,10.015022533800988
1787024625024,0.0998,34408.0,0.0999,21286.0,0.09985,10.015022533800988
1787024625046,0.0998,34408.0,0.0999,21162.0,0.09985,10.015022533800988
1787024625124,0.0998,34408.0,0.0999,20962.0,0.09985,10.015022533800988
1787024625470,0.0998,34408.0,0.0999,15322.0,0.09985,10.015022533800988
1787024625640,0.0998,35657.0,0.0999,15322.0,0.09985,10.015022533800988
1787024625776,0.0998,35657.0,0.0999,14933.0,0.09985,10.015022533800988
1787024625839,0.0998,39090.0,0.0999,14933.0,0.09985,10.015022533800988
1787024626138,0.0998,44521.0,0.0999,14933.0,0.09985,10.015022533800988
1787024626140,0.0998,45495.0,0.0999,14933.0,0.09985,10.015022533800988
1787024626540,0.0998,40064.0,0.0999,14933.0,0.09985,10.015022533800988
1787024626560,0.0998,40064.0,0.0999,12365.0,0.09985,10.015022533800988
1787024626738,0.0998,45495.0,0.0999,12365.0,0.09985,10.015022533800988
1787024627040,0.0998,40064.0,0.0999,12365.0,0.09985,10.015022533800988
1787024627140,0.0998,45495.0,0.0999,12365.0,0.09985,10.015022533800988
1787024627141,0.0998,45495.0,0.0999,12416.0,0.09985,10.015022533800988
1787024627163,0.0998,45495.0,0.0999,14979.0,0.09985,10.015022533800988
1787024627296,0.0998,45551.0,0.0999,14979.0,0.09985,10.015022533800988
1787024627340,0.0998,40120.0,0.0999,14979.0,0.09985,10.015022533800988
1787024627739,0.0998,36687.0,0.0999,14979.0,0.09985,10.015022533800988
1787024628538,0.0998,40120.0,0.0999,14979.0,0.09985,10.015022533800988
1787024629238,0.0998,45551.0,0.0999,14979.0,0.09985,10.015022533800988
1787024629273,0.0998,45551.0,0.0999,12416.0,0.09985,10.015022533800988
1787024629816,0.0998,45374.0,0.0999,12416.0,0.09985,10.015022533800988
1787024629940,0.0998,39943.0,0.0999,12416.0,0.09985,10.015022533800988
1787024630440,0.0998,45374.0,0.0999,12416.0,0.09985,10.015022533800988
1787024630496,0.0998,45374.0,0.0999,11515.0,0.09985,10.015022533800988
1787024630642,0.0998,39943.0,0.0999,11515.0,0.09985,10.015022533800988
1787024631270,0.0998,39943.0,0.0999,8949.0,0.09985,10.015022533800988
1787024631340,0.0998,45374.0,0.0999,8949.0,0.09985,10.015022533800988
1787024632097,0.0998,45669.0,0.0999,8949.0,0.09985,10.015022533800988
1787024632575,0.0998,45598.0,0.0999,8949.0,0.09985,10.015022533800988
1787024632578,0.0998,45598.0,0.0999,9065.0,0.09985,10.015022533800988
1787024633098,0.0998,45303.0,0.0999,9065.0,0.09985,10.015022533800988
1787024633640,0.0998,39872.0,0.0999,9065.0,0.09985,10.015022533800988
1787024633680,0.0998,39872.0,0.0999,11628.0,0.09985,10.015022533800988
1787024634081,0.0998,39872.0,0.0999,11512.0,0.09985,10.015022533800988
1787024634084,0.0998,39872.0,0.0999,11634.0,0.09985,10.015022533800988
1787024634787,0.0998,39872.0,0.0999,11245.0,0.09985,10.015022533800988
1787024634797,0.0998,39872.0,0.0999,11301.0,0.09985,10.015022533800988
1787024635007,0.0998,39821.0,0.0999,11301.0,0.09985,10.015022533800988
1787024635613,0.0998,39821.0,0.0999,13864.0,0.09985,10.015022533800988
1787024635637,0.0998,35139.0,0.0999,13864.0,0.09985,10.015022533800988
1787024635837,0.0998,38572.0,0.0999,13864.0,0.09985,10.015022533800988
1787024635938,0.0998,39821.0,0.0999,13864.0,0.09985,10.015022533800988
1787024636814,0.0998,39821.0,0.0999,11301.0,0.09985,10.015022533800988
1787024636841,0.0998,45252.0,0.0999,11301.0,0.09985,10.015022533800988
1787024636938,0.0998,39821.0,0.0999,11301.0,0.09985,10.015022533800988
1787024637108,0.0998,39821.0,0.0999,13864.0,0.09985,10.015022533800988
1787024637139,0.0998,38572.0,0.0999,13864.0,0.09985,10.015022533800988
1787024637330,0.0998,38572.0,0.0999,13915.0,0.09985,10.015022533800988
1787024637439,0.0998,35139.0,0.0999,13915.0,0.09985,10.015022533800988
1787024637737,0.0998,38572.0,0.0999,13915.0,0.09985,10.015022533800988
1787024638439,0.0998,35139.0,0.0999,13915.0,0.09985,10.015022533800988
1787024638799,0.0998,35039.0,0.0999,13915.0,0.09985,10.015022533800988
1787024639038,0.0998,34980.0,0.0999,13915.0,0.09985,10.015022533800988
1787024639098,0.0998,34681.0,0.0999,13915.0,0.09985,10.015022533800988
1787024639099,0.0998,34382.0,0.0999,13915.0,0.09985,10.015022533800988
1787024639296,0.0998,34382.0,0.0999,14015.0,0.09985,10.015022533800988
1787024639599,0.0998,34265.0,0.0999,14015.0,0.09985,10.015022533800988
1787024640097,0.0998,33958.0,0.0999,14015.0,0.09985,10.015022533800988
1787024640139,0.0998,33958.0,0.0999,11452.0,0.09985,10.015022533800988
1787024640502,0.0998,33958.0,0.0999,11372.0,0.09985,10.015022533800988
1787024640598,0.0998,34064.0,0.0999,11372.0,0.09985,10.015022533800988
1787024640640,0.0998,34064.0,0.0999,8809.0,0.09985,10.015022533800988
1787024640682,0.0998,34064.0,0.0999,10812.0,0.09985,10.015022533800988
1787024640801,0.0998,34164.0,0.0999,10812.0,0.09985,10.015022533800988
1787024640802,0.0998,34164.0,0.0999,10712.0,0.09985,10.015022533800988
1787024641038,0.0998,34217.0,0.0999,10712.0,0.09985,10.015022533800988
1787024641099,0.0998,34509.0,0.0999,10712.0,0.09985,10.015022533800988
1787024641141,0.0998,35758.0,0.0999,10712.0,0.09985,10.015022533800988
1787024641240,0.0998,34509.0,0.0999,10712.0,0.09985,10.015022533800988
1787024641799,0.0998,34409.0,0.0999,10712.0,0.09985,10.015022533800988
1787024642099,0.0998,34117.0,0.0999,10712.0,0.09985,10.015022533800988
1787024644503,0.0998,34117.0,0.0999,10651.0,0.09985,10.015022533800988
1787024644676,0.0998,34061.0,0.0999,10651.0,0.09985,10.015022533800988
1787024647410,0.0998,34122.0,0.0999,10651.0,0.09985,10.015022533800988
1787024647796,0.0998,34222.0,0.0999,10651.0,0.09985,10.015022533800988
1787024648297,0.0998,34122.0,0.0999,10651.0,0.09985,10.015022533800988
1787024648338,0.0998,34122.0,0.0999,10707.0,0.09985,10.015022533800988
1787024648341,0.0998,35371.0,0.0999,10707.0,0.09985,10.015022533800988
1787024648641,0.0998,34122.0,0.0999,10707.0,0.09985,10.015022533800988
1787024649140,0.0998,35371.0,0.0999,10707.0,0.09985,10.015022533800988
1787024649542,0.0998,34122.0,0.0999,10707.0,0.09985,10.015022533800988
1787024649640,0.0998,35371.0,0.0999,10707.0,0.09985,10.015022533800988
1787024650137,0.0998,38804.0,0.0999,10707.0,0.09985,10.015022533800988
1787024651232,0.0998,38804.0,0.0999,9647.0,0.09985,10.015022533800988
1787024651236,0.0998,38804.0,0.0999,10642.0,0.09985,10.015022533800988
1787024652598,0.0998,38804.0,0.0999,10693.0,0.09985,10.015022533800988
1787024652790,0.0998,38804.0,0.0999,10628.0,0.09985,10.015022533800988
1787024652799,0.0998,38804.0,0.0999,10728.0,0.09985,10.015022533800988
1787024653299,0.0998,38804.0,0.0999,10628.0,0.09985,10.015022533800988
1787024653318,0.0998,38464.0,0.0999,10628.0,0.09985,10.015022533800988
1787024653327,0.0998,38889.0,0.0999,10628.0,0.09985,10.015022533800988
1787024653399,0.0998,38889.0,0.0999,10684.0,0.09985,10.015022533800988
1787024653539,0.0998,35456.0,0.0999,10684.0,0.09985,10.015022533800988
1787024653541,0.0998,35456.0,0.0999,11389.0,0.09985,10.015022533800988
1787024653638,0.0998,34207.0,0.0999,11389.0,0.09985,10.015022533800988
1787024654307,0.0998,34207.0,0.0999,11000.0,0.09985,10.015022533800988
1787024654439,0.0998,35456.0,0.0999,11000.0,0.09985,10.015022533800988
1787024654456,0.0998,35922.0,0.0999,11000.0,0.09985,10.015022533800988
1787024654464,0.0998,35922.0,0.0999,10533.0,0.09985,10.015022533800988
1787024654796,0.0998,36022.0,0.0999,10533.0,0.09985,10.015022533800988
1787024655098,0.0998,36309.0,0.0999,10533.0,0.09985,10.015022533800988
1787024655643,0.0998,35060.0,0.0999,10533.0,0.09985,10.015022533800988
1787024655691,0.0998,35060.0,0.0999,13096.0,0.09985,10.015022533800988
1787024655990,0.0998,35060.0,0.0999,10533.0,0.09985,10.015022533800988
1787024656040,0.0998,36309.0,0.0999,10533.0,0.09985,10.015022533800988
1787024656297,0.0998,36309.0,0.0999,13096.0,0.09985,10.015022533800988
1787024656329,0.0998,36309.0,0.0999,12707.0,0.09985,10.015022533800988
1787024656443,0.0998,35060.0,0.0999,12707.0,0.09985,10.015022533800988
1787024657098,0.0998,35347.0,0.0999,12707.0,0.09985,10.015022533800988
1787024657099,0.0998,35634.0,0.0999,12707.0,0.09985,10.015022533800988
1787024657964,0.0998,35634.0,0.0999,12808.0,0.09985,10.015022533800988
1787024657965,0.0998,35634.0,0.0999,12707.0,0.09985,10.015022533800988
1787024657966,0.0998,35634.0,0.0999,12808.0,0.09985,10.015022533800988
1787024657967,0.0998,35634.0,0.0999,12707.0,0.09985,10.015022533800988
1787024657983,0.0998,35634.0,0.0999,12808.0,0.09985,10.015022533800988
1787024657984,0.0998,35634.0,0.0999,12707.0,0.09985,10.015022533800988
1787024657986,0.0998,35634.0,0.0999,12808.0,0.09985,10.015022533800988
1787024657987,0.0998,35634.0,0.0999,12707.0,0.09985,10.015022533800988
1787024658000,0.0998,35634.0,0.0999,12808.0,0.09985,10.015022533800988
1787024658001,0.0998,35634.0,0.0999,12707.0,0.09985,10.015022533800988
1787024658098,0.0998,34773.0,0.0999,12707.0,0.09985,10.015022533800988
1787024658172,0.0998,34773.0,0.0999,12707.0,0.09985,10.015022533800988
1787024658201,0.0998,34773.0,0.0999,15270.0,0.09985,10.015022533800988
1787024658260,0.0998,34773.0,0.0999,15070.0,0.09985,10.015022533800988
1787024658298,0.0998,34673.0,0.0999,15070.0,0.09985,10.015022533800988
1787024659040,0.0998,34620.0,0.0999,15070.0,0.09985,10.015022533800988
1787024659047,0.0998,34620.0,0.0999,15171.0,0.09985,10.015022533800988
1787024659048,0.0998,34620.0,0.0999,15171.0,0.09985,10.015022533800988
1787024659049,0.0998,34620.0,0.0999,15070.0,0.09985,10.015022533800988
1787024659050,0.0998,34620.0,0.0999,15171.0,0.09985,10.015022533800988
1787024659051,0.0998,34620.0,0.0999,15070.0,0.09985,10.015022533800988
1787024659052,0.0998,34620.0,0.0999,15171.0,0.09985,10.015022533800988
1787024659053,0.0998,34620.0,0.0999,15171.0,0.09985,10.015022533800988
1787024659054,0.0998,34620.0,0.0999,15171.0,0.09985,10.015022533800988
1787024659055,0.0998,34620.0,0.0999,15070.0,0.09985,10.015022533800988
1787024659056,0.0998,34620.0,0.0999,15171.0,0.09985,10.015022533800988
1787024659057,0.0998,34620.0,0.0999,15171.0,0.09985,10.015022533800988
1787024659058,0.0998,34620.0,0.0999,15070.0,0.09985,10.015022533800988
1787024659059,0.0998,34620.0,0.0999,15070.0,0.09985,10.015022533800988
1787024659060,0.0998,34620.0,0.0999,15171.0,0.09985,10.015022533800988
1787024659061,0.0998,34620.0,0.0999,15171.0,0.09985,10.015022533800988
1787024659062,0.0998,34620.0,0.0999,15070.0,0.09985,10.015022533800988
1787024659063,0.0998,34620.0,0.0999,15171.0,0.09985,10.015022533800988
1787024659064,0.0998,34620.0,0.0999,15171.0,0.09985,10.015022533800988
1787024659066,0.0998,34620.0,0.0999,15272.0,0.09985,10.015022533800988
1787024659067,0.0998,34620.0,0.0999,15171.0,0.09985,10.015022533800988
1787024659108,0.0998,34620.0,0.0999,15070.0,0.09985,10.015022533800988
1787024660801,0.0998,34620.0,0.0999,14948.0,0.09985,10.015022533800988
1787024660804,0.0998,34620.0,0.0999,15014.0,0.09985,10.015022533800988
1787024662721,0.0998,34620.0,0.0999,12451.0,0.09985,10.015022533800988
1787024663240,0.0998,35869.0,0.0999,12451.0,0.09985,10.015022533800988
1787024663440,0.0998,34620.0,0.0999,12451.0,0.09985,10.015022533800988
1787024664426,0.0998,34620.0,0.0999,9888.0,0.09985,10.015022533800988
1787024664796,0.0998,34720.0,0.0999,9888.0,0.09985,10.015022533800988
1787024664815,0.0998,34290.0,0.0999,9888.0,0.09985,10.015022533800988
1787024664840,0.0998,35539.0,0.0999,9888.0,0.09985,10.015022533800988
1787024664918,0.0998,35539.0,0.0999,9458.0,0.09985,10.015022533800988
1787024665098,0.0998,35823.0,0.0999,9458.0,0.09985,10.015022533800988
1787024665174,0.0998,35823.0,0.0999,8989.0,0.09985,10.015022533800988
1787024665175,0.0998,35823.0,0.0999,8600.0,0.09985,10.015022533800988
1787024665178,0.0998,35823.0,0.0999,9155.0,0.09985,10.015022533800988
1787024665287,0.0998,36981.0,0.0999,7997.0,0.09985,10.015022533800988
1787024665288,0.0998,35823.0,0.0999,7997.0,0.09985,10.015022533800988
1787024665289,0.0998,40823.0,0.0999,7524.0,0.09985,10.015022533800988
1787024665310,0.0998,39665.0,0.0999,7524.0,0.09985,10.015022533800988
1787024665312,0.0998,39665.0,0.0999,7524.0,0.09985,10.015022533800988
1787024665739,0.0998,43098.0,0.0999,7524.0,0.09985,10.015022533800988
1787024666098,0.0998,43382.0,0.0999,7524.0,0.09985,10.015022533800988
1787024666099,0.0998,43666.0,0.0999,7524.0,0.09985,10.015022533800988
1787024666966,0.0998,43666.0,0.0999,7575.0,0.09985,10.015022533800988
1787024667187,0.0998,43666.0,0.0999,7186.0,0.09985,10.015022533800988
1787024667188,0.0998,38666.0,0.0999,7186.0,0.09985,10.015022533800988
1787024668400,0.0998,38666.0,0.0999,5065.0,0.09985,10.015022533800988
1787024668402,0.0998,39665.0,0.0999,5065.0,0.09985,10.015022533800988
1787024668940,0.0998,45096.0,0.0999,5065.0,0.09985,10.015022533800988
1787024669641,0.0998,39665.0,0.0999,5065.0,0.09985,10.015022533800988
1787024670041,0.0998,45096.0,0.0999,5065.0,0.09985,10.015022533800988
1787024670841,0.0998,39665.0,0.0999,5065.0,0.09985,10.015022533800988
1787024671061,0.0998,39665.0,0.0999,7628.0,0.09985,10.015022533800988
1787024671467,0.0998,39665.0,0.0999,10191.0,0.09985,10.015022533800988
1787024671639,0.0998,36232.0,0.0999,10191.0,0.09985,10.015022533800988
1787024674240,0.0998,34983.0,0.0999,10191.0,0.09985,10.015022533800988
1787024674299,0.0998,34883.0,0.0999,10191.0,0.09985,10.015022533800988
1787024674739,0.0998,36132.0,0.0999,10191.0,0.09985,10.015022533800988
1787024674797,0.0998,36232.0,0.0999,10191.0,0.09985,10.015022533800988
1787024674938,0.0998,34983.0,0.0999,10191.0,0.09985,10.015022533800988
1787024675040,0.0998,36232.0,0.0999,10191.0,0.09985,10.015022533800988
1787024675138,0.0998,34983.0,0.0999,10191.0,0.09985,10.015022533800988
1787024675238,0.0998,34983.0,0.0999,10247.0,0.09985,10.015022533800988
1787024675299,0.0998,34883.0,0.0999,10247.0,0.09985,10.015022533800988
1787024675637,0.0998,36132.0,0.0999,10247.0,0.09985,10.015022533800988
1787024675796,0.0998,36232.0,0.0999,10247.0,0.09985,10.015022533800988
1787024676138,0.0998,34983.0,0.0999,10247.0,0.09985,10.015022533800988
1787024676296,0.0998,34883.0,0.0999,10247.0,0.09985,10.015022533800988
1787024676797,0.0998,34983.0,0.0999,10247.0,0.09985,10.015022533800988
1787024676978,0.0998,34922.0,0.0999,10247.0,0.09985,10.015022533800988
1787024676986,0.0998,34983.0,0.0999,10247.0,0.09985,10.015022533800988
1787024677298,0.0998,34883.0,0.0999,10247.0,0.09985,10.015022533800988
1787024677800,0.0998,34983.0,0.0999,10247.0,0.09985,10.015022533800988
1787024678097,0.0998,34699.0,0.0999,10247.0,0.09985,10.015022533800988
1787024678098,0.0998,34415.0,0.0999,10247.0,0.09985,10.015022533800988
1787024678278,0.0998,37472.0,0.0999,10247.0,0.09985,10.015022533800988
1787024678279,0.0998,39525.0,0.0999,10247.0,0.09985,10.015022533800988
1787024678281,0.0998,39525.0,0.0999,10186.0,0.09985,10.015022533800988
1787024678295,0.0998,39425.0,0.0999,10186.0,0.09985,10.015022533800988
1787024678309,0.0998,34315.0,0.0999,10186.0,0.09985,10.015022533800988
1787024678328,0.0998,38573.0,0.0999,10186.0,0.09985,10.015022533800988
1787024678330,0.0998,39425.0,0.0999,10186.0,0.09985,10.015022533800988
1787024678412,0.0998,40583.0,0.0999,9028.0,0.09985,10.015022533800988
1787024678413,0.0998,39425.0,0.0999,9028.0,0.09985,10.015022533800988
1787024678425,0.0998,38267.0,0.0999,9028.0,0.09985,10.015022533800988
1787024678426,0.0998,37211.0,0.0999,9028.0,0.09985,10.015022533800988
1787024678428,0.0998,36212.0,0.0999,9028.0,0.09985,10.015022533800988
1787024678469,0.0998,41212.0,0.0999,9028.0,0.09985,10.015022533800988
1787024678470,0.0998,43787.0,0.0999,9028.0,0.09985,10.015022533800988
1787024678666,0.0998,43787.0,0.0999,9720.0,0.09985,10.015022533800988
1787024678672,0.0998,43787.0,0.0999,9028.0,0.09985,10.015022533800988
1787024678740,0.0998,45036.0,0.0999,9028.0,0.09985,10.015022533800988
1787024678796,0.0998,45136.0,0.0999,9028.0,0.09985,10.015022533800988
1787024678822,0.0998,45136.0,0.0999,8893.0,0.09985,10.015022533800988
1787024678981,0.0998,46135.0,0.0999,8893.0,0.09985,10.015022533800988
1787024678985,0.0998,43560.0,0.0999,8893.0,0.09985,10.015022533800988
1787024679007,0.0998,43560.0,0.0999,8504.0,0.09985,10.015022533800988
1787024679040,0.0998,46993.0,0.0999,8504.0,0.09985,10.015022533800988
1787024679097,0.0998,47555.0,0.0999,8504.0,0.09985,10.015022533800988
1787024679420,0.0998,42555.0,0.0999,8504.0,0.09985,10.015022533800988
1787024679507,0.0998,43455.0,0.0999,8504.0,0.09985,10.015022533800988
1787024679539,0.0998,40022.0,0.0999,8504.0,0.09985,10.015022533800988
1787024679774,0.0998,42529.0,0.0999,8504.0,0.09985,10.015022533800988
1787024679839,0.0998,45962.0,0.0999,8504.0,0.09985,10.015022533800988
1787024680192,0.0998,46723.0,0.0999,8504.0,0.09985,10.015022533800988
1787024680194,0.0998,49298.0,0.0999,8504.0,0.09985,10.015022533800988
1787024680497,0.0998,48398.0,0.0999,8504.0,0.09985,10.015022533800988
1787024680526,0.0998,48398.0,0.0999,8555.0,0.09985,10.015022533800988
1787024680637,0.0998,44965.0,0.0999,8555.0,0.09985,10.015022533800988
1787024680737,0.0998,48398.0,0.0999,8555.0,0.09985,10.015022533800988
1787024681121,0.0998,48398.0,0.0999,8028.0,0.09985,10.015022533800988
1787024681126,0.0998,48398.0,0.0999,9207.0,0.09985,10.015022533800988
1787024681940,0.0998,53829.0,0.0999,9207.0,0.09985,10.015022533800988
1787024682441,0.0998,48398.0,0.0999,9207.0,0.09985,10.015022533800988
1787024682548,0.0998,50396.0,0.0999,9207.0,0.09985,10.015022533800988
1787024682942,0.0998,55827.0,0.0999,9207.0,0.09985,10.015022533800988
1787024683103,0.0998,55402.0,0.0999,9207.0,0.09985,10.015022533800988
1787024683110,0.0998,55912.0,0.0999,9207.0,0.09985,10.015022533800988
1787024683342,0.0998,50481.0,0.0999,9207.0,0.09985,10.015022533800988
1787024683938,0.0998,55912.0,0.0999,9207.0,0.09985,10.015022533800988
1787024684141,0.0998,50481.0,0.0999,9207.0,0.09985,10.015022533800988
1787024685537,0.0998,47048.0,0.0999,9207.0,0.09985,10.015022533800988
1787024685738,0.0998,45799.0,0.0999,9207.0,0.09985,10.015022533800988
1787024685832,0.0998,45799.0,0.0999,9155.0,0.09985,10.015022533800988
1787024686140,0.0998,45799.0,0.0999,9206.0,0.09985,10.015022533800988
1787024686339,0.0998,47048.0,0.0999,9206.0,0.09985,10.015022533800988
1787024686541,0.0998,45799.0,0.0999,9206.0,0.09985,10.015022533800988
1787024687140,0.0998,47048.0,0.0999,9206.0,0.09985,10.015022533800988
1787024687142,0.0998,44473.0,0.0999,9206.0,0.09985,10.015022533800988
1787024687238,0.0998,43224.0,0.0999,9206.0,0.09985,10.015022533800988
1787024689881,0.0998,43224.0,0.0999,9262.0,0.09985,10.015022533800988
1787024689882,0.0998,45924.0,0.0999,9262.0,0.09985,10.015022533800988
1787024690039,0.0998,47173.0,0.0999,9262.0,0.09985,10.015022533800988
1787024690538,0.0998,45924.0,0.0999,9262.0,0.09985,10.015022533800988
1787024690539,0.0998,43224.0,0.0999,9262.0,0.09985,10.015022533800988
1787024690839,0.0998,44473.0,0.0999,9262.0,0.09985,10.015022533800988
1787024690937,0.0998,47906.0,0.0999,9262.0,0.09985,10.015022533800988
1787024691543,0.0998,44473.0,0.0999,9262.0,0.09985,10.015022533800988
1787024691847,0.0998,44473.0,0.0999,8873.0,0.09985,10.015022533800988
1787024691848,0.0998,44473.0,0.0999,8502.0,0.09985,10.015022533800988
1787024691850,0.0998,44473.0,0.0999,9174.0,0.09985,10.015022533800988
1787024692040,0.0998,47906.0,0.0999,9174.0,0.09985,10.015022533800988
1787024692277,0.0998,47906.0,0.0999,9108.0,0.09985,10.015022533800988
1787024692280,0.0998,47906.0,0.0999,9237.0,0.09985,10.015022533800988
1787024692433,0.0998,47896.0,0.0999,9237.0,0.09985,10.015022533800988
1787024692436,0.0998,44899.0,0.0999,9237.0,0.09985,10.015022533800988
1787024692464,0.0998,46856.0,0.0999,9237.0,0.09985,10.015022533800988
1787024692539,0.0998,43423.0,0.0999,9237.0,0.09985,10.015022533800988
1787024692945,0.0998,44422.0,0.0999,9237.0,0.09985,10.015022533800988
1787024694038,0.0998,47855.0,0.0999,9237.0,0.09985,10.015022533800988
1787024694040,0.0998,45898.0,0.0999,9237.0,0.09985,10.015022533800988
1787024694199,0.0998,44899.0,0.0999,9237.0,0.09985,10.015022533800988
1787024694304,0.0998,44899.0,0.0999,9293.0,0.09985,10.015022533800988
1787024694639,0.0998,41466.0,0.0999,9293.0,0.09985,10.015022533800988
1787024695142,0.0998,44899.0,0.0999,9293.0,0.09985,10.015022533800988
1787024695143,0.0998,46856.0,0.0999,9293.0,0.09985,10.015022533800988
1787024695701,0.0998,46856.0,0.0999,9344.0,0.09985,10.015022533800988
1787024696343,0.0998,46856.0,0.0999,9215.0,0.09985,10.015022533800988
1787024696344,0.0998,44899.0,0.0999,9215.0,0.09985,10.015022533800988
1787024696346,0.0998,44899.0,0.0999,9289.0,0.09985,10.015022533800988
1787024696626,0.0998,44899.0,0.0999,9340.0,0.09985,10.015022533800988
1787024697505,0.0998,44899.0,0.0999,9391.0,0.09985,10.015022533800988
1787024697507,0.0998,46856.0,0.0999,9391.0,0.09985,10.015022533800988
1787024698039,0.0998,52287.0,0.0999,9391.0,0.09985,10.015022533800988
1787024698423,0.0998,52287.0,0.0999,9442.0,0.09985,10.015022533800988
1787024698538,0.0998,46856.0,0.0999,9442.0,0.09985,10.015022533800988
1787024698718,0.0998,46856.0,0.0999,9493.0,0.09985,10.015022533800988
1787024699140,0.0998,52287.0,0.0999,9493.0,0.09985,10.015022533800988
1787024700030,0.0998,53287.0,0.0999,9493.0,0.09985,10.015022533800988
1787024700097,0.0998,53561.0,0.0999,9493.0,0.09985,10.015022533800988
1787024700387,0.0998,53561.0,0.0999,8741.0,0.09985,10.015022533800988
1787024700642,0.0998,53561.0,0.0999,8814.0,0.09985,10.015022533800988
1787024700751,0.0998,53561.0,0.0999,6397.0,0.09985,10.015022533800988
1787024700997,0.0998,53561.0,0.0999,3834.0,0.09985,10.015022533800988
1787024701196,0.0998,54560.0,0.0999,3834.0,0.09985,10.015022533800988
1787024701326,0.0998,54560.0,0.0999,6397.0,0.09985,10.015022533800988
1787024702004,0.0998,53561.0,0.0999,6397.0,0.09985,10.015022533800988
1787024702059,0.0998,53561.0,0.0999,6198.0,0.09985,10.015022533800988
1787024702062,0.0998,53561.0,0.0999,6249.0,0.09985,10.015022533800988
1787024702071,0.0998,53561.0,0.0999,7084.0,0.09985,10.015022533800988
1787024702077,0.0998,53561.0,0.0999,6249.0,0.09985,10.015022533800988
1787024702098,0.0998,53287.0,0.0999,6249.0,0.09985,10.015022533800988
1787024702135,0.0998,53287.0,0.0999,7211.0,0.09985,10.015022533800988
1787024702203,0.0998,53287.0,0.0999,4648.0,0.09985,10.015022533800988
1787024704186,0.0998,53287.0,0.1,69604.0,0.0999,20.020020020020592
1787024704187,0.0999,11917.0,0.1,58703.0,0.09995000000000001,10.00500250125091
1787024704188,0.0999,14421.0,0.1,54789.0,0.09995000000000001,10.00500250125091
1787024704189,0.0999,15951.0,0.1,45930.0,0.09995000000000001,10.00500250125091
1787024704190,0.0999,16407.0,0.1,65478.0,0.09995000000000001,10.00500250125091
1787024704191,0.0999,16845.0,0.1,65478.0,0.09995000000000001,10.00500250125091
1787024704193,0.0999,18774.0,0.1,65478.0,0.09995000000000001,10.00500250125091
1787024704218,0.0999,8297.0,0.1,65478.0,0.09995000000000001,10.00500250125091
1787024704219,0.0999,8297.0,0.1,66134.0,0.09995000000000001,10.00500250125091
1787024704224,0.0999,8763.0,0.1,66134.0,0.09995000000000001,10.00500250125091
1787024704240,0.0999,8763.0,0.1,66034.0,0.09995000000000001,10.00500250125091
1787024704295,0.0999,8863.0,0.1,66034.0,0.09995000000000001,10.00500250125091
1787024704300,0.0999,9856.0,0.1,66034.0,0.09995000000000001,10.00500250125091
1787024704317,0.0999,9856.0,0.1,63471.0,0.09995000000000001,10.00500250125091
1787024704318,0.0999,9856.0,0.1,68278.0,0.09995000000000001,10.00500250125091
1787024704363,0.0999,9856.0,0.1,60254.0,0.09995000000000001,10.00500250125091
1787024704369,0.0999,9856.0,0.1,68321.0,0.09995000000000001,10.00500250125091
1787024704414,0.0999,9856.0,0.1,71479.0,0.09995000000000001,10.00500250125091
1787024704440,0.0999,9390.0,0.1,71479.0,0.09995000000000001,10.00500250125091
1787024704466,0.0999,10538.0,0.1,71479.0,0.09995000000000001,10.00500250125091
1787024704480,0.0999,10538.0,0.1,69062.0,0.09995000000000001,10.00500250125091
1787024704482,0.0999,10538.0,0.1,73731.0,0.09995000000000001,10.00500250125091
1787024704506,0.0999,10538.0,0.1,73670.0,0.09995000000000001,10.00500250125091
1787024704665,0.0999,11303.0,0.1,73670.0,0.09995000000000001,10.00500250125091
1787024704915,0.0999,11303.0,0.1,75673.0,0.09995000000000001,10.00500250125091
1787024704919,0.0999,11907.0,0.1,75673.0,0.09995000000000001,10.00500250125091
1787024704933,0.0999,12407.0,0.1,75673.0,0.09995000000000001,10.00500250125091
1787024704995,0.0999,12488.0,0.1,75673.0,0.09995000000000001,10.00500250125091
1787024704996,0.0999,14962.0,0.1,75673.0,0.09995000000000001,10.00500250125091
1787024705067,0.0999,14962.0,0.1,75423.0,0.09995000000000001,10.00500250125091
1787024705069,0.0999,15365.0,0.1,75423.0,0.09995000000000001,10.00500250125091
1787024705100,0.0999,16457.0,0.1,75423.0,0.09995000000000001,10.00500250125091
1787024705109,0.0999,16457.0,0.1,75362.0,0.09995000000000001,10.00500250125091
1787024705194,0.0999,16457.0,0.1,73003.0,0.09995000000000001,10.00500250125091
1787024705195,0.0999,19460.0,0.1,73003.0,0.09995000000000001,10.00500250125091
1787024705196,0.0999,20311.0,0.1,73003.0,0.09995000000000001,10.00500250125091
1787024705202,0.0999,21562.0,0.1,73003.0,0.09995000000000001,10.00500250125091
1787024705218,0.0999,21562.0,0.1,67351.0,0.09995000000000001,10.00500250125091
1787024705223,0.0999,22310.0,0.1,67351.0,0.09995000000000001,10.00500250125091
1787024705230,0.0999,22310.0,0.1,64732.0,0.09995000000000001,10.00500250125091
1787024705248,0.0999,22310.0,0.1,63895.0,0.09995000000000001,10.00500250125091
1787024705253,0.0999,22310.0,0.1,62820.0,0.09995000000000001,10.00500250125091
1787024705430,0.0999,21810.0,0.1,62820.0,0.09995000000000001,10.00500250125091
1787024705452,0.0999,21810.0,0.1,62901.0,0.09995000000000001,10.00500250125091
1787024705826,0.0999,22817.0,0.1,62901.0,0.09995000000000001,10.00500250125091
1787024706088,0.0999,23663.0,0.1,62901.0,0.09995000000000001,10.00500250125091
1787024706099,0.0999,23390.0,0.1,62901.0,0.09995000000000001,10.00500250125091
1787024706577,0.0999,24390.0,0.1,62901.0,0.09995000000000001,10.00500250125091
1787024706771,0.0999,25760.0,0.1,62901.0,0.09995000000000001,10.00500250125091
1787024708296,0.0999,25660.0,0.1,62901.0,0.09995000000000001,10.00500250125091
1787024708298,0.0999,23186.0,0.1,62901.0,0.09995000000000001,10.00500250125091
1787024709011,0.0999,24395.0,0.1,62901.0,0.09995000000000001,10.00500250125091
1787024709012,0.0999,26861.0,0.1,62901.0,0.09995000000000001,10.00500250125091
1787024709161,0.0999,27859.0,0.1,62901.0,0.09995000000000001,10.00500250125091
1787024709299,0.0999,27959.0,0.1,62901.0,0.09995000000000001,10.00500250125091
1787024709301,0.0999,28059.0,0.1,62901.0,0.09995000000000001,10.00500250125091
1787024710298,0.0999,27959.0,0.1,62901.0,0.09995000000000001,10.00500250125091
1787024710465,0.0999,28825.0,0.1,62901.0,0.09995000000000001,10.00500250125091
1787024710467,0.0999,26359.0,0.1,62901.0,0.09995000000000001,10.00500250125091
1787024711110,0.0999,27265.0,0.1,62901.0,0.09995000000000001,10.00500250125091
1787024712003,0.0999,26267.0,0.1,62901.0,0.09995000000000001,10.00500250125091
1787024712689,0.0999,28733.0,0.1,62901.0,0.09995000000000001,10.00500250125091
1787024713490,0.0999,29599.0,0.1,62901.0,0.09995000000000001,10.00500250125091
1787024713886,0.0999,30808.0,0.1,62901.0,0.09995000000000001,10.00500250125091
1787024713889,0.0999,31674.0,0.1,62901.0,0.09995000000000001,10.00500250125091
1787024715502,0.0999,32631.0,0.1,62901.0,0.09995000000000001,10.00500250125091
1787024715503,0.0999,32631.0,0.1,62245.0,0.09995000000000001,10.00500250125091
1787024715518,0.0999,33034.0,0.1,62245.0,0.09995000000000001,10.00500250125091
1787024715523,0.0999,30568.0,0.1,62245.0,0.09995000000000001,10.00500250125091
1787024715797,0.0999,30568.0,0.1,62345.0,0.09995000000000001,10.00500250125091
1787024715947,0.0999,30568.0,0.1,54430.0,0.09995000000000001,10.00500250125091
1787024716306,0.0999,31938.0,0.1,54430.0,0.09995000000000001,10.00500250125091
1787024716307,0.0999,31938.0,0.1,42797.0,0.09995000000000001,10.00500250125091
1787024716591,0.0999,32965.0,0.1,42797.0,0.09995000000000001,10.00500250125091
1787024716592,0.0999,35431.0,0.1,42797.0,0.09995000000000001,10.00500250125091
1787024716959,0.0999,35431.0,0.1,42853.0,0.09995000000000001,10.00500250125091
1787024717098,0.0999,34885.0,0.1,42853.0,0.09995000000000001,10.00500250125091
1787024718098,0.0999,34612.0,0.1,42853.0,0.09995000000000001,10.00500250125091
1787024718779,0.0999,34612.0,0.1,42613.0,0.09995000000000001,10.00500250125091
1787024718940,0.0999,35297.0,0.1,42613.0,0.09995000000000001,10.00500250125091
1787024719915,0.0999,35297.0,0.1,42695.0,0.09995000000000001,10.00500250125091
1787024720831,0.0999,36163.0,0.1,42695.0,0.09995000000000001,10.00500250125091
1787024721261,0.0999,36848.0,0.1,42695.0,0.09995000000000001,10.00500250125091
1787024721798,0.0999,36848.0,0.1,42595.0,0.09995000000000001,10.00500250125091
1787024721866,0.0999,37452.0,0.1,42595.0,0.09995000000000001,10.00500250125091
1787024722097,0.0999,37720.0,0.1,42595.0,0.09995000000000001,10.00500250125091
1787024722098,0.0999,37988.0,0.1,42595.0,0.09995000000000001,10.00500250125091
1787024722299,0.0999,37988.0,0.1,42695.0,0.09995000000000001,10.00500250125091
1787024722404,0.0999,38749.0,0.1,42695.0,0.09995000000000001,10.00500250125091
1787024723097,0.0999,38213.0,0.1,42695.0,0.09995000000000001,10.00500250125091
1787024723226,0.0999,39361.0,0.1,42695.0,0.09995000000000001,10.00500250125091
1787024723492,0.0999,36895.0,0.1,42695.0,0.09995000000000001,10.00500250125091
1787024723995,0.0999,38265.0,0.1,42695.0,0.09995000000000001,10.00500250125091
1787024724265,0.0999,39111.0,0.1,42695.0,0.09995000000000001,10.00500250125091
1787024724595,0.0999,41577.0,0.1,42695.0,0.09995000000000001,10.00500250125091
1787024725067,0.0999,40816.0,0.1,42695.0,0.09995000000000001,10.00500250125091
