ts,bid,bidq,ask,askq,mid,spread_bp
1787023657780,0.001408,1698792.0,0.001409,660352.0,0.0014085,7.099751508698137
1787023657805,0.001408,1098792.0,0.001409,660352.0,0.0014085,7.099751508698137
1787023657858,0.001408,1098792.0,0.001409,1399219.0,0.0014085,7.099751508698137
1787023657859,0.001408,1098792.0,0.001409,1387504.0,0.0014085,7.099751508698137
1787023657943,0.001408,1098792.0,0.001409,1399219.0,0.0014085,7.099751508698137
1787023658039,0.001408,1085120.0,0.001409,1399219.0,0.0014085,7.099751508698137
1787023658115,0.001408,1085120.0,0.001409,1403123.0,0.0014085,7.099751508698137
1787023658169,0.001408,1085120.0,0.001409,1332151.0,0.0014085,7.099751508698137
1787023658280,0.001408,304028.0,0.001409,1332151.0,0.0014085,7.099751508698137
1787023658282,0.001408,258570.0,0.001409,1332151.0,0.0014085,7.099751508698137
1787023658308,0.001408,15622.0,0.001409,2202592.0,0.0014085,7.099751508698137
1787023658309,0.001408,3907.0,0.001409,2202592.0,0.0014085,7.099751508698137
1787023658310,0.001407,1482572.0,0.001408,894522.0,0.0014075,7.104795737121961
1787023658311,0.001407,1467233.0,0.001408,1676554.0,0.0014075,7.104795737121961
1787023658312,0.001407,1455518.0,0.001408,1747577.0,0.0014075,7.104795737121961
1787023658313,0.001407,1455518.0,0.001408,1871204.0,0.0014075,7.104795737121961
1787023658314,0.001407,1455518.0,0.001408,2118232.0,0.0014075,7.104795737121961
1787023658335,0.001407,1232832.0,0.001408,2118232.0,0.0014075,7.104795737121961
1787023658376,0.001407,1232832.0,0.001408,2361180.0,0.0014075,7.104795737121961
1787023658377,0.001407,1228924.0,0.001408,2361180.0,0.0014075,7.104795737121961
1787023658380,0.001407,1122276.0,0.001408,2361180.0,0.0014075,7.104795737121961
1787023658381,0.001407,985976.0,0.001408,2361180.0,0.0014075,7.104795737121961
1787023658398,0.001407,985976.0,0.001408,2389604.0,0.0014075,7.104795737121961
1787023658532,0.001407,985976.0,0.001408,3127891.0,0.0014075,7.104795737121961
1787023658533,0.001407,982288.0,0.001408,3127891.0,0.0014075,7.104795737121961
1787023658535,0.001407,982288.0,0.001408,2865454.0,0.0014075,7.104795737121961
1787023658538,0.001407,1225236.0,0.001408,2865454.0,0.0014075,7.104795737121961
1787023658555,0.001407,1225236.0,0.001408,1327167.0,0.0014075,7.104795737121961
1787023658585,0.001407,1225236.0,0.001408,1331074.0,0.0014075,7.104795737121961
1787023658604,0.001407,1148544.0,0.001408,1331074.0,0.0014075,7.104795737121961
1787023658631,0.001407,1148544.0,0.001408,1402097.0,0.0014075,7.104795737121961
1787023658633,0.001407,1160267.0,0.001408,1413820.0,0.0014075,7.104795737121961
1787023658649,0.001407,1160267.0,0.001408,1409901.0,0.0014075,7.104795737121961
1787023658653,0.001407,396716.0,0.001408,1409901.0,0.0014075,7.104795737121961
1787023658673,0.001407,254671.0,0.001408,1409901.0,0.0014075,7.104795737121961
1787023658675,0.001407,254671.0,0.001408,1489669.0,0.0014075,7.104795737121961
1787023658773,0.001407,254671.0,0.001408,2329621.0,0.0014075,7.104795737121961
1787023658774,0.001407,11723.0,0.001408,2329621.0,0.0014075,7.104795737121961
1787023658775,0.001406,1428780.0,0.001407,18530.0,0.0014065,7.109847138287471
1787023658776,0.001406,1398008.0,0.001407,18530.0,0.0014065,7.109847138287471
1787023658777,0.001406,894218.0,0.001407,312920.0,0.0014065,7.109847138287471
1787023658778,0.001406,1441335.0,0.001407,361397.0,0.0014065,7.109847138287471
1787023658779,0.001406,1441335.0,0.001407,289693.0,0.0014065,7.109847138287471
1787023658782,0.001406,1344219.0,0.001407,289693.0,0.0014065,7.109847138287471
1787023658783,0.001406,1344219.0,0.001407,520423.0,0.0014065,7.109847138287471
1787023658892,0.001406,1355951.0,0.001407,532155.0,0.0014065,7.109847138287471
1787023658905,0.001406,1355951.0,0.001407,1132155.0,0.0014065,7.109847138287471
1787023658907,0.001406,1355951.0,0.001407,1120423.0,0.0014065,7.109847138287471
1787023658978,0.001406,2237210.0,0.001407,1984004.0,0.0014065,7.109847138287471
1787023658998,0.001406,2237210.0,0.001407,2003319.0,0.0014065,7.109847138287471
1787023659000,0.001406,2237210.0,0.001407,2015051.0,0.0014065,7.109847138287471
1787023659058,0.001406,2237210.0,0.001407,2018961.0,0.0014065,7.109847138287471
1787023659087,0.001406,2227277.0,0.001407,2018961.0,0.0014065,7.109847138287471
1787023659090,0.001406,2227277.0,0.001407,2226998.0,0.0014065,7.109847138287471
1787023659091,0.001406,2227277.0,0.001407,2018961.0,0.0014065,7.109847138287471
1787023659092,0.001406,1346018.0,0.001407,2226998.0,0.0014065,7.109847138287471
1787023659093,0.001406,1346018.0,0.001407,2226998.0,0.0014065,7.109847138287471
1787023659094,0.001406,1299790.0,0.001407,2226998.0,0.0014065,7.109847138287471
1787023659106,0.001406,1151717.0,0.001407,2226998.0,0.0014065,7.109847138287471
1787023659252,0.001406,1155629.0,0.001407,2226998.0,0.0014065,7.109847138287471
1787023659356,0.001406,1017017.0,0.001407,2226998.0,0.0014065,7.109847138287471
1787023659397,0.001406,1803890.0,0.001407,2226998.0,0.0014065,7.109847138287471
1787023659423,0.001406,1017017.0,0.001407,2226998.0,0.0014065,7.109847138287471
1787023659424,0.001406,1005285.0,0.001407,2226998.0,0.0014065,7.109847138287471
1787023659431,0.001406,1005285.0,0.001407,2216936.0,0.0014065,7.109847138287471
1787023659472,0.001406,1017017.0,0.001407,2216936.0,0.0014065,7.109847138287471
1787023659578,0.001406,1013608.0,0.001407,2216936.0,0.0014065,7.109847138287471
1787023659696,0.001406,1781290.0,0.001407,2216936.0,0.0014065,7.109847138287471
1787023659771,0.001406,1013608.0,0.001407,2216936.0,0.0014065,7.109847138287471
1787023659773,0.001406,1001876.0,0.001407,2216936.0,0.0014065,7.109847138287471
1787023659774,0.001406,1013608.0,0.001407,2216936.0,0.0014065,7.109847138287471
1787023659788,0.001406,632687.0,0.001407,2216936.0,0.0014065,7.109847138287471
1787023659789,0.001406,227716.0,0.001407,2216936.0,0.0014065,7.109847138287471
1787023659791,0.001406,85570.0,0.001407,2216936.0,0.0014065,7.109847138287471
1787023659854,0.001405,877553.0,0.001406,3557.0,0.0014055,7.1149057274985115
1787023659856,0.001405,756514.0,0.001406,293576.0,0.0014055,7.1149057274985115
1787023659857,0.001405,1894080.0,0.001406,572069.0,0.0014055,7.1149057274985115
1787023659858,0.001405,1894080.0,0.001406,673244.0,0.0014055,7.1149057274985115
1787023659859,0.001405,1751732.0,0.001406,840433.0,0.0014055,7.1149057274985115
1787023659875,0.001405,1609384.0,0.001406,840433.0,0.0014055,7.1149057274985115
1787023659879,0.001405,1621124.0,0.001406,852173.0,0.0014055,7.1149057274985115
1787023659894,0.001405,1621124.0,0.001406,1652173.0,0.0014055,7.1149057274985115
1787023659895,0.001405,1405614.0,0.001406,1666401.0,0.0014055,7.1149057274985115
1787023659896,0.001405,1405614.0,0.001406,1680629.0,0.0014055,7.1149057274985115
1787023659924,0.001405,1257211.0,0.001406,1680629.0,0.0014055,7.1149057274985115
1787023659927,0.001405,1150563.0,0.001406,1680629.0,0.0014055,7.1149057274985115
1787023659975,0.001405,1150563.0,0.001406,2586803.0,0.0014055,7.1149057274985115
1787023659976,0.001405,1150563.0,0.001406,2575063.0,0.0014055,7.1149057274985115
1787023660003,0.001405,1150563.0,0.001406,2586803.0,0.0014055,7.1149057274985115
1787023660037,0.001405,1915601.0,0.001406,2586803.0,0.0014055,7.1149057274985115
1787023660066,0.001405,1915601.0,0.001406,2377452.0,0.0014055,7.1149057274985115
1787023660067,0.001405,1915601.0,0.001406,1577452.0,0.0014055,7.1149057274985115
1787023660068,0.001405,2134634.0,0.001406,671278.0,0.0014055,7.1149057274985115
1787023660069,0.001405,2134634.0,0.001406,440548.0,0.0014055,7.1149057274985115
1787023660070,0.001405,2134634.0,0.001406,511672.0,0.0014055,7.1149057274985115
1787023660093,0.001405,2120627.0,0.001406,511672.0,0.0014055,7.1149057274985115
1787023660094,0.001405,2120627.0,0.001406,1311672.0,0.0014055,7.1149057274985115
1787023660095,0.001405,2120627.0,0.001406,1299932.0,0.0014055,7.1149057274985115
1787023660119,0.001405,2120627.0,0.001406,1311672.0,0.0014055,7.1149057274985115
1787023660194,0.001405,2124542.0,0.001406,1311672.0,0.0014055,7.1149057274985115
1787023660207,0.001404,1083798.0,0.001405,2124542.0,0.0014045,7.119971520113322
1787023660208,0.001404,568256.0,0.001405,2596776.0,0.0014045,7.119971520113322
1787023660209,0.001403,860966.0,0.001404,47878.0,0.0014035,7.125044531529268
1787023660210,0.001403,750986.0,0.001404,406201.0,0.0014035,7.125044531529268
1787023660211,0.001403,743856.0,0.001404,369007.0,0.0014035,7.125044531529268
1787023660212,0.001403,672580.0,0.001404,209953.0,0.0014035,7.125044531529268
1787023660213,0.001403,676146.0,0.001404,203732.0,0.0014035,7.125044531529268
1787023660214,0.001403,302556.0,0.001404,210663.0,0.0014035,7.125044531529268
1787023660215,0.001403,160004.0,0.001404,335553.0,0.0014035,7.125044531529268
1787023660216,0.001403,215611.0,0.001404,435698.0,0.0014035,7.125044531529268
1787023660217,0.001403,160004.0,0.001404,435698.0,0.0014035,7.125044531529268
1787023660218,0.001403,160004.0,0.001404,366927.0,0.0014035,7.125044531529268
1787023660227,0.001403,160004.0,0.001404,351845.0,0.0014035,7.125044531529268
1787023660231,0.001403,160004.0,0.001404,421404.0,0.0014035,7.125044531529268
1787023660278,0.001403,53356.0,0.001404,421404.0,0.0014035,7.125044531529268
1787023660279,0.001403,7821.0,0.001404,421404.0,0.0014035,7.125044531529268
1787023660289,0.001402,760472.0,0.001403,515827.0,0.0014025,7.130124777183001
1787023660290,0.001402,665860.0,0.001403,747122.0,0.0014025,7.130124777183001
1787023660291,0.001402,511458.0,0.001403,347646.0,0.0014025,7.130124777183001
1787023660292,0.001402,440131.0,0.001403,566070.0,0.0014025,7.130124777183001
1787023660293,0.001402,440131.0,0.001403,644084.0,0.0014025,7.130124777183001
1787023660294,0.001402,368804.0,0.001403,644084.0,0.0014025,7.130124777183001
1787023660297,0.001402,368804.0,0.001403,568389.0,0.0014025,7.130124777183001
1787023660298,0.001402,368804.0,0.001403,582651.0,0.0014025,7.130124777183001
1787023660300,0.001402,368804.0,0.001403,1358394.0,0.0014025,7.130124777183001
1787023660302,0.001402,368804.0,0.001403,582651.0,0.0014025,7.130124777183001
1787023660304,0.001402,368804.0,0.001403,372398.0,0.0014025,7.130124777183001
1787023660305,0.001402,368804.0,0.001404,1789157.0,0.0014030000000000002,14.25516749821845
1787023660306,0.001403,26421.0,0.001404,2085947.0,0.0014035,7.125044531529268
1787023660307,0.001403,26421.0,0.001404,1090361.0,0.0014035,7.125044531529268
1787023660308,0.001403,26421.0,0.001404,872372.0,0.0014035,7.125044531529268
1787023660309,0.001403,26421.0,0.001404,940382.0,0.0014035,7.125044531529268
1787023660310,0.001403,234380.0,0.001404,940382.0,0.0014035,7.125044531529268
1787023660311,0.001403,207959.0,0.001404,964689.0,0.0014035,7.125044531529268
1787023660313,0.001403,207959.0,0.001404,968251.0,0.0014035,7.125044531529268
1787023660317,0.001403,207959.0,0.001404,943944.0,0.0014035,7.125044531529268
1787023660334,0.001403,207959.0,0.001404,947862.0,0.0014035,7.125044531529268
1787023660339,0.001403,248661.0,0.001404,947862.0,0.0014035,7.125044531529268
1787023660347,0.001403,248661.0,0.001404,498937.0,0.0014035,7.125044531529268
1787023660351,0.001402,589408.0,0.001403,14010.0,0.0014025,7.130124777183001
1787023660352,0.001402,589408.0,0.001403,357782.0,0.0014025,7.130124777183001
1787023660354,0.001402,589408.0,0.001403,283091.0,0.0014025,7.130124777183001
1787023660359,0.001402,368804.0,0.001403,283091.0,0.0014025,7.130124777183001
1787023660361,0.001402,368804.0,0.001403,358637.0,0.0014025,7.130124777183001
1787023660368,0.001402,420545.0,0.001403,358637.0,0.0014025,7.130124777183001
1787023660369,0.001402,416469.0,0.001403,358637.0,0.0014025,7.130124777183001
1787023660377,0.001402,412564.0,0.001403,358637.0,0.0014025,7.130124777183001
1787023660380,0.001402,416478.0,0.001403,358637.0,0.0014025,7.130124777183001
1787023660381,0.001402,412564.0,0.001403,358637.0,0.0014025,7.130124777183001
1787023660397,0.001402,412564.0,0.001403,372897.0,0.0014025,7.130124777183001
1787023660409,0.001402,412564.0,0.001403,362385.0,0.0014025,7.130124777183001
1787023660410,0.001402,1218559.0,0.001403,362385.0,0.0014025,7.130124777183001
1787023660412,0.001402,1218559.0,0.001404,2523776.0,0.0014030000000000002,14.25516749821845
1787023660413,0.001403,14280.0,0.001404,1773629.0,0.0014035,7.125044531529268
1787023660414,0.001403,14280.0,0.001404,541879.0,0.0014035,7.125044531529268
1787023660415,0.001402,1895995.0,0.001404,310320.0,0.0014030000000000002,14.25516749821845
1787023660416,0.001403,48477.0,0.001404,588825.0,0.0014035,7.125044531529268
1787023660417,0.001403,48477.0,0.001404,385086.0,0.0014035,7.125044531529268
1787023660418,0.001403,48477.0,0.001404,385086.0,0.0014035,7.125044531529268
1787023660433,0.001403,269081.0,0.001404,385086.0,0.0014035,7.125044531529268
1787023660437,0.001403,289461.0,0.001404,385086.0,0.0014035,7.125044531529268
1787023660438,0.001403,309841.0,0.001404,385086.0,0.0014035,7.125044531529268
1787023660441,0.001403,309841.0,0.001404,296096.0,0.0014035,7.125044531529268
1787023660442,0.001403,309841.0,0.001404,216905.0,0.0014035,7.125044531529268
1787023660443,0.001403,1109841.0,0.001404,216905.0,0.0014035,7.125044531529268
1787023660454,0.001403,1307337.0,0.001404,216905.0,0.0014035,7.125044531529268
1787023660455,0.001403,1307337.0,0.001405,1765276.0,0.0014039999999999999,14.245014245014593
1787023660456,0.001404,118380.0,0.001405,1765276.0,0.0014045,7.119971520113322
1787023660457,0.001404,328186.0,0.001405,1524296.0,0.0014045,7.119971520113322
1787023660458,0.001404,621361.0,0.001405,876145.0,0.0014045,7.119971520113322
1787023660459,0.001404,597267.0,0.001405,876145.0,0.0014045,7.119971520113322
1787023660460,0.001404,597267.0,0.001405,883263.0,0.0014045,7.119971520113322
1787023660461,0.001404,364353.0,0.001405,1294245.0,0.0014045,7.119971520113322
1787023660477,0.001404,364353.0,0.001405,1096749.0,0.0014045,7.119971520113322
1787023660487,0.001404,364353.0,0.001405,1048879.0,0.0014045,7.119971520113322
1787023660488,0.001404,1164353.0,0.001405,1048879.0,0.0014045,7.119971520113322
1787023660494,0.001404,1164353.0,0.001405,1063119.0,0.0014045,7.119971520113322
1787023660495,0.001404,1164353.0,0.001405,1077359.0,0.0014045,7.119971520113322
1787023660513,0.001404,1176101.0,0.001405,647502.0,0.0014045,7.119971520113322
1787023660514,0.001404,1396705.0,0.001405,647502.0,0.0014045,7.119971520113322
1787023660515,0.001404,1396705.0,0.001405,434056.0,0.0014045,7.119971520113322
1787023660518,0.001404,1396705.0,0.001405,385579.0,0.0014045,7.119971520113322
1787023660575,0.001404,1396705.0,0.001405,327385.0,0.0014045,7.119971520113322
1787023660577,0.001404,1396705.0,0.001405,239274.0,0.0014045,7.119971520113322
1787023660583,0.001404,1115255.0,0.001405,239274.0,0.0014045,7.119971520113322
1787023660584,0.001405,60170.0,0.001406,2019156.0,0.0014055,7.1149057274985115
1787023660585,0.001405,60170.0,0.001406,1183014.0,0.0014055,7.1149057274985115
1787023660586,0.001405,108647.0,0.001406,1183014.0,0.0014055,7.1149057274985115
1787023660594,0.001405,108647.0,0.001406,1197248.0,0.0014055,7.1149057274985115
1787023660595,0.001405,108647.0,0.001406,1211482.0,0.0014055,7.1149057274985115
1787023660603,0.001405,108647.0,0.001406,1282606.0,0.0014055,7.1149057274985115
1787023660606,0.001405,96347.0,0.001406,1282606.0,0.0014055,7.1149057274985115
1787023660615,0.001405,108087.0,0.001406,1294346.0,0.0014055,7.1149057274985115
1787023660645,0.001405,328691.0,0.001406,1294346.0,0.0014055,7.1149057274985115
1787023660646,0.001405,316951.0,0.001406,1294346.0,0.0014055,7.1149057274985115
1787023660653,0.001405,316951.0,0.001406,1301459.0,0.0014055,7.1149057274985115
1787023660654,0.001405,316951.0,0.001406,1308572.0,0.0014055,7.1149057274985115
1787023660664,0.001405,320866.0,0.001406,1308572.0,0.0014055,7.1149057274985115
1787023660669,0.001405,320866.0,0.001406,1301459.0,0.0014055,7.1149057274985115
1787023660670,0.001405,320866.0,0.001406,1308572.0,0.0014055,7.1149057274985115
1787023660671,0.001405,320866.0,0.001406,1301459.0,0.0014055,7.1149057274985115
1787023660722,0.001405,320866.0,0.001406,1287233.0,0.0014055,7.1149057274985115
1787023660723,0.001405,332606.0,0.001406,1287233.0,0.0014055,7.1149057274985115
1787023660739,0.001405,329751.0,0.001406,1287233.0,0.0014055,7.1149057274985115
1787023660782,0.001403,1322315.0,0.001406,1287233.0,0.0014045,21.359914560341508
1787023660783,0.001403,514681.0,0.001404,427173.0,0.0014035,7.125044531529268
1787023660784,0.001403,514681.0,0.001404,427173.0,0.0014035,7.125044531529268
1787023660785,0.001403,631735.0,0.001404,427173.0,0.0014035,7.125044531529268
1787023660786,0.001403,1533997.0,0.001404,427173.0,0.0014035,7.125044531529268
1787023660787,0.001403,1605273.0,0.001404,1227173.0,0.0014035,7.125044531529268
1787023660788,0.001404,183804.0,0.001405,4031068.0,0.0014045,7.119971520113322
1787023660789,0.001404,404408.0,0.001405,4019766.0,0.0014045,7.119971520113322
1787023660790,0.001404,479676.0,0.001405,3667420.0,0.0014045,7.119971520113322
1787023660791,0.001404,479676.0,0.001405,3687941.0,0.0014045,7.119971520113322
1787023660792,0.001404,479676.0,0.001405,3059453.0,0.0014045,7.119971520113322
1787023660793,0.001404,479676.0,0.001405,2917105.0,0.0014045,7.119971520113322
1787023660804,0.001404,479676.0,0.001405,2921020.0,0.0014045,7.119971520113322
1787023660806,0.001404,479676.0,0.001405,2929116.0,0.0014045,7.119971520113322
1787023660839,0.001404,1335124.0,0.001405,2929116.0,0.0014045,7.119971520113322
1787023660840,0.001404,1335124.0,0.001405,2766247.0,0.0014045,7.119971520113322
1787023660843,0.001404,1307561.0,0.001405,2766247.0,0.0014045,7.119971520113322
1787023660845,0.001404,1307561.0,0.001405,2758151.0,0.0014045,7.119971520113322
1787023660847,0.001404,452113.0,0.001405,2765269.0,0.0014045,7.119971520113322
1787023660850,0.001404,231509.0,0.001405,2765269.0,0.0014045,7.119971520113322
1787023660851,0.001404,183032.0,0.001405,2765269.0,0.0014045,7.119971520113322
1787023660854,0.001403,448774.0,0.001404,475482.0,0.0014035,7.125044531529268
1787023660855,0.001403,444859.0,0.001404,869845.0,0.0014035,7.125044531529268
1787023660856,0.001403,444859.0,0.001404,859161.0,0.0014035,7.125044531529268
1787023660857,0.001403,444859.0,0.001404,863075.0,0.0014035,7.125044531529268
1787023660859,0.001403,421880.0,0.001404,863075.0,0.0014035,7.125044531529268
1787023660862,0.001403,416730.0,0.001404,863075.0,0.0014035,7.125044531529268
1787023660895,0.001403,416730.0,0.001404,877327.0,0.0014035,7.125044531529268
1787023660896,0.001403,416730.0,0.001404,891579.0,0.0014035,7.125044531529268
1787023660899,0.001403,488082.0,0.001404,891579.0,0.0014035,7.125044531529268
1787023660901,0.001403,488082.0,0.001405,3747448.0,0.0014039999999999999,14.245014245014593
1787023660902,0.001403,563901.0,0.001404,137693.0,0.0014035,7.125044531529268
1787023660903,0.001404,146106.0,0.001405,3696489.0,0.0014045,7.119971520113322
1787023660904,0.001404,805966.0,0.001405,3154066.0,0.0014045,7.119971520113322
1787023660905,0.001404,853133.0,0.001405,2991197.0,0.0014045,7.119971520113322
1787023660906,0.001404,1327967.0,0.001405,2991197.0,0.0014045,7.119971520113322
1787023660909,0.001404,1327967.0,0.001405,2998315.0,0.0014045,7.119971520113322
1787023660910,0.001404,1327967.0,0.001405,2991197.0,0.0014045,7.119971520113322
1787023660912,0.001404,1327967.0,0.001405,2991197.0,0.0014045,7.119971520113322
1787023660921,0.001404,1221319.0,0.001405,2991197.0,0.0014045,7.119971520113322
1787023660922,0.001404,1150066.0,0.001405,2991197.0,0.0014045,7.119971520113322
1787023660970,0.001404,1150066.0,0.001405,3002804.0,0.0014045,7.119971520113322
1787023660971,0.001404,1150066.0,0.001405,3014411.0,0.0014045,7.119971520113322
1787023660998,0.001404,1150066.0,0.001405,3042895.0,0.0014045,7.119971520113322
1787023661000,0.001404,1221541.0,0.001405,3042895.0,0.0014045,7.119971520113322
1787023661014,0.001404,1233289.0,0.001405,3042895.0,0.0014045,7.119971520113322
1787023661015,0.001404,1233289.0,0.001405,3054643.0,0.0014045,7.119971520113322
1787023661039,0.001404,1233289.0,0.001405,3043036.0,0.0014045,7.119971520113322
1787023661040,0.001404,1233289.0,0.001405,2911870.0,0.0014045,7.119971520113322
1787023661042,0.001404,1233289.0,0.001405,2810825.0,0.0014045,7.119971520113322
1787023661043,0.001404,1233289.0,0.001405,2006022.0,0.0014045,7.119971520113322
1787023661047,0.001404,1233289.0,0.001405,1206022.0,0.0014045,7.119971520113322
1787023661048,0.001404,1233289.0,0.001405,1002283.0,0.0014045,7.119971520113322
1787023661103,0.001404,1161814.0,0.001405,1002283.0,0.0014045,7.119971520113322
1787023661136,0.001404,1165732.0,0.001405,1002283.0,0.0014045,7.119971520113322
1787023661142,0.001404,1207494.0,0.001405,1002283.0,0.0014045,7.119971520113322
1787023661163,0.001404,1395049.0,0.001405,814728.0,0.0014045,7.119971520113322
1787023661165,0.001404,1395049.0,0.001405,601282.0,0.0014045,7.119971520113322
1787023661166,0.001404,1395049.0,0.001405,529219.0,0.0014045,7.119971520113322
1787023661167,0.001404,1395049.0,0.001405,116138.0,0.0014045,7.119971520113322
1787023661199,0.001404,1466538.0,0.001405,116138.0,0.0014045,7.119971520113322
1787023661250,0.001404,2340102.0,0.001405,968909.0,0.0014045,7.119971520113322
1787023661251,0.001404,2340102.0,0.001405,968909.0,0.0014045,7.119971520113322
1787023661252,0.001404,2340102.0,0.001405,1156464.0,0.0014045,7.119971520113322
1787023661301,0.001404,2411676.0,0.001405,1156464.0,0.0014045,7.119971520113322
1787023661361,0.001404,2411676.0,0.001405,1149587.0,0.0014045,7.119971520113322
1787023661398,0.001404,2530912.0,0.001405,1149587.0,0.0014045,7.119971520113322
1787023661442,0.001404,2530912.0,0.001405,1000547.0,0.0014045,7.119971520113322
1787023661443,0.001404,2530912.0,0.001405,203218.0,0.0014045,7.119971520113322
1787023661444,0.001404,2530912.0,0.001405,52392.0,0.0014045,7.119971520113322
1787023661445,0.001405,413081.0,0.001406,1500113.0,0.0014055,7.1149057274985115
1787023661446,0.001405,413081.0,0.001406,1335093.0,0.0014055,7.1149057274985115
1787023661447,0.001405,1061558.0,0.001406,1324067.0,0.0014055,7.1149057274985115
1787023661448,0.001405,461558.0,0.001406,1395191.0,0.0014055,7.1149057274985115
1787023661449,0.001405,461558.0,0.001406,1713242.0,0.0014055,7.1149057274985115
1787023661495,0.001405,461558.0,0.001406,1741708.0,0.0014055,7.1149057274985115
1787023661571,0.001405,473298.0,0.001406,1741708.0,0.0014055,7.1149057274985115
1787023661572,0.001405,473298.0,0.001406,1753448.0,0.0014055,7.1149057274985115
1787023661599,0.001405,544424.0,0.001406,1753448.0,0.0014055,7.1149057274985115
1787023661600,0.001405,615550.0,0.001406,1753448.0,0.0014055,7.1149057274985115
1787023661607,0.001405,619465.0,0.001406,1753448.0,0.0014055,7.1149057274985115
1787023661656,0.001405,1443698.0,0.001406,2637165.0,0.0014055,7.1149057274985115
1787023661657,0.001405,1431958.0,0.001406,2637165.0,0.0014055,7.1149057274985115
1787023661658,0.001405,1431958.0,0.001406,2566041.0,0.0014055,7.1149057274985115
1787023661682,0.001405,1443698.0,0.001406,2566041.0,0.0014055,7.1149057274985115
1787023661740,0.001405,1464493.0,0.001406,2566041.0,0.0014055,7.1149057274985115
1787023661755,0.001405,1460301.0,0.001406,2566041.0,0.0014055,7.1149057274985115
1787023661765,0.001405,1210301.0,0.001406,2566041.0,0.0014055,7.1149057274985115
1787023661767,0.001405,386068.0,0.001406,2566041.0,0.0014055,7.1149057274985115
1787023661808,0.001405,375399.0,0.001406,2566041.0,0.0014055,7.1149057274985115
1787023661918,0.001405,375399.0,0.001406,2569953.0,0.0014055,7.1149057274985115
1787023662040,0.001405,396194.0,0.001406,2569953.0,0.0014055,7.1149057274985115
1787023662073,0.001405,396194.0,0.001406,2292373.0,0.0014055,7.1149057274985115
1787023662074,0.001405,616798.0,0.001406,1801873.0,0.0014055,7.1149057274985115
1787023662075,0.001405,1384937.0,0.001406,1801873.0,0.0014055,7.1149057274985115
1787023662076,0.001405,1384937.0,0.001406,1801873.0,0.0014055,7.1149057274985115
1787023662078,0.001405,1384937.0,0.001406,1766520.0,0.0014055,7.1149057274985115
1787023662079,0.001405,1384937.0,0.001406,1754780.0,0.0014055,7.1149057274985115
1787023662081,0.001405,1384937.0,0.001406,1766520.0,0.0014055,7.1149057274985115
1787023662099,0.001405,1313811.0,0.001406,1766520.0,0.0014055,7.1149057274985115
1787023662100,0.001405,1242685.0,0.001406,1766520.0,0.0014055,7.1149057274985115
1787023662188,0.001405,1242685.0,0.001406,1791896.0,0.0014055,7.1149057274985115
1787023662198,0.001405,1207745.0,0.001406,1791896.0,0.0014055,7.1149057274985115
1787023662199,0.001405,754160.0,0.001406,1791896.0,0.0014055,7.1149057274985115
1787023662200,0.001405,11740.0,0.001406,2012500.0,0.0014055,7.1149057274985115
1787023662201,0.001404,2601533.0,0.001406,2012500.0,0.001405,14.234875444838659
1787023662202,0.001404,2601533.0,0.001405,499701.0,0.0014045,7.119971520113322
1787023662203,0.001404,2574422.0,0.001405,222445.0,0.0014045,7.119971520113322
1787023662204,0.001404,2574422.0,0.001405,342096.0,0.0014045,7.119971520113322
1787023662205,0.001404,2574422.0,0.001405,331420.0,0.0014045,7.119971520113322
1787023662206,0.001404,2574422.0,0.001405,331420.0,0.0014045,7.119971520113322
1787023662207,0.001404,2574422.0,0.001405,402594.0,0.0014045,7.119971520113322
1787023662215,0.001404,2574422.0,0.001405,331420.0,0.0014045,7.119971520113322
1787023662303,0.001404,2574422.0,0.001405,552024.0,0.0014045,7.119971520113322
1787023662304,0.001404,2386867.0,0.001405,623198.0,0.0014045,7.119971520113322
1787023662364,0.001404,2382951.0,0.001405,623198.0,0.0014045,7.119971520113322
1787023662389,0.001404,2382951.0,0.001405,627113.0,0.0014045,7.119971520113322
1787023662394,0.001404,2382951.0,0.001405,638861.0,0.0014045,7.119971520113322
1787023662395,0.001404,2394699.0,0.001405,638861.0,0.0014045,7.119971520113322
1787023662400,0.001404,2275463.0,0.001405,638861.0,0.0014045,7.119971520113322
1787023662402,0.001404,3037011.0,0.001405,1496194.0,0.0014045,7.119971520113322
1787023662404,0.001404,3037011.0,0.001405,1484446.0,0.0014045,7.119971520113322
1787023662441,0.001404,3057806.0,0.001405,1484446.0,0.0014045,7.119971520113322
1787023662446,0.001404,3050719.0,0.001405,1484446.0,0.0014045,7.119971520113322
1787023662459,0.001404,2645172.0,0.001405,1484446.0,0.0014045,7.119971520113322
1787023662479,0.001404,2645172.0,0.001405,1335406.0,0.0014045,7.119971520113322
1787023662480,0.001404,2645172.0,0.001405,478073.0,0.0014045,7.119971520113322
1787023662483,0.001404,2413868.0,0.001405,478073.0,0.0014045,7.119971520113322
1787023662500,0.001404,2271520.0,0.001405,478073.0,0.0014045,7.119971520113322
1787023662531,0.001404,2271520.0,0.001405,406899.0,0.0014045,7.119971520113322
1787023662635,0.001404,2271520.0,0.001405,418647.0,0.0014045,7.119971520113322
1787023662699,0.001404,2342664.0,0.001405,418647.0,0.0014045,7.119971520113322
1787023662705,0.001404,2338086.0,0.001405,418647.0,0.0014045,7.119971520113322
1787023662707,0.001404,2338086.0,0.001405,1018647.0,0.0014045,7.119971520113322
1787023662708,0.001404,2338086.0,0.001405,1006899.0,0.0014045,7.119971520113322
1787023662709,0.001404,2338086.0,0.001405,1149247.0,0.0014045,7.119971520113322
1787023662739,0.001404,2358873.0,0.001405,1149247.0,0.0014045,7.119971520113322
1787023662741,0.001404,2358873.0,0.001405,1160995.0,0.0014045,7.119971520113322
1787023662752,0.001404,2358873.0,0.001405,1914133.0,0.0014045,7.119971520113322
1787023662757,0.001404,2171318.0,0.001405,1914133.0,0.0014045,7.119971520113322
1787023662758,0.001404,1950714.0,0.001405,1914133.0,0.0014045,7.119971520113322
1787023662759,0.001404,1938966.0,0.001405,1914133.0,0.0014045,7.119971520113322
1787023662761,0.001404,1950714.0,0.001405,1914133.0,0.0014045,7.119971520113322
1787023662799,0.001404,2021840.0,0.001405,1914133.0,0.0014045,7.119971520113322
1787023662800,0.001404,2021840.0,0.001405,2448642.0,0.0014045,7.119971520113322
1787023662802,0.001404,2021840.0,0.001405,2365720.0,0.0014045,7.119971520113322
1787023662889,0.001404,2021840.0,0.001405,2377468.0,0.0014045,7.119971520113322
1787023662890,0.001404,2021840.0,0.001405,2306294.0,0.0014045,7.119971520113322
1787023663039,0.001404,2040396.0,0.001405,2306294.0,0.0014045,7.119971520113322
1787023663083,0.001404,1226842.0,0.001405,2306294.0,0.0014045,7.119971520113322
1787023663085,0.001404,465294.0,0.001405,2306294.0,0.0014045,7.119971520113322
1787023663087,0.001404,465294.0,0.001405,2469163.0,0.0014045,7.119971520113322
1787023663089,0.001404,513771.0,0.001405,2469163.0,0.0014045,7.119971520113322
1787023663098,0.001404,513771.0,0.001405,2397989.0,0.0014045,7.119971520113322
1787023663099,0.001404,442645.0,0.001405,2397989.0,0.0014045,7.119971520113322
1787023663100,0.001404,371501.0,0.001405,2397989.0,0.0014045,7.119971520113322
1787023663136,0.001404,371501.0,0.001405,1805649.0,0.0014045,7.119971520113322
1787023663137,0.001404,592105.0,0.001405,1653734.0,0.0014045,7.119971520113322
1787023663138,0.001404,767912.0,0.001405,900596.0,0.0014045,7.119971520113322
1787023663139,0.001404,779660.0,0.001405,808901.0,0.0014045,7.119971520113322
1787023663140,0.001404,779660.0,0.001405,868327.0,0.0014045,7.119971520113322
1787023663141,0.001404,779660.0,0.001405,880075.0,0.0014045,7.119971520113322
1787023663344,0.001404,1668848.0,0.001405,1682825.0,0.0014045,7.119971520113322
1787023663345,0.001404,1668848.0,0.001405,1682825.0,0.0014045,7.119971520113322
1787023663346,0.001404,1668848.0,0.001405,1682825.0,0.0014045,7.119971520113322
1787023663438,0.001404,1648061.0,0.001405,1682825.0,0.0014045,7.119971520113322
1787023663455,0.001404,1633478.0,0.001405,1682825.0,0.0014045,7.119971520113322
1787023663497,0.001404,1633478.0,0.001405,1533785.0,0.0014045,7.119971520113322
1787023663499,0.001404,1633478.0,0.001405,543480.0,0.0014045,7.119971520113322
1787023663500,0.001404,1633478.0,0.001405,48307.0,0.0014045,7.119971520113322
1787023663502,0.001405,26176.0,0.001406,1280418.0,0.0014055,7.1149057274985115
1787023663503,0.001405,74653.0,0.001406,933452.0,0.0014055,7.1149057274985115
1787023663504,0.001405,78568.0,0.001406,933452.0,0.0014055,7.1149057274985115
1787023663524,0.001405,52392.0,0.001406,933452.0,0.0014055,7.1149057274985115
1787023663547,0.001405,46345.0,0.001406,933452.0,0.0014055,7.1149057274985115
1787023663548,0.001405,46345.0,0.001406,1533452.0,0.0014055,7.1149057274985115
1787023663565,0.001405,46345.0,0.001406,1254193.0,0.0014055,7.1149057274985115
1787023663566,0.001405,454504.0,0.001406,433589.0,0.0014055,7.1149057274985115
1787023663567,0.001405,462079.0,0.001406,421849.0,0.0014055,7.1149057274985115
1787023663568,0.001405,462079.0,0.001406,492973.0,0.0014055,7.1149057274985115
1787023663587,0.001405,462079.0,0.001406,680528.0,0.0014055,7.1149057274985115
1787023663592,0.001405,462079.0,0.001406,751652.0,0.0014055,7.1149057274985115
1787023663699,0.001405,533448.0,0.001406,751652.0,0.0014055,7.1149057274985115
1787023663701,0.001405,1262680.0,0.001406,1570566.0,0.0014055,7.1149057274985115
1787023663702,0.001405,1262680.0,0.001406,1558826.0,0.0014055,7.1149057274985115
1787023663740,0.001405,1283653.0,0.001406,1558826.0,0.0014055,7.1149057274985115
1787023663769,0.001405,1280108.0,0.001406,1558826.0,0.0014055,7.1149057274985115
1787023663823,0.001405,1291848.0,0.001406,1570566.0,0.0014055,7.1149057274985115
1787023663838,0.001405,1312813.0,0.001406,1570566.0,0.0014055,7.1149057274985115
1787023663956,0.001405,1312813.0,0.001406,1538135.0,0.0014055,7.1149057274985115
1787023664001,0.001405,1384163.0,0.001406,1538135.0,0.0014055,7.1149057274985115
1787023664003,0.001405,1384163.0,0.001406,1467011.0,0.0014055,7.1149057274985115
1787023664100,0.001405,1241444.0,0.001406,1467011.0,0.0014055,7.1149057274985115
1787023664139,0.001405,1220479.0,0.001406,1467011.0,0.0014055,7.1149057274985115
1787023664200,0.001405,1291867.0,0.001406,1467011.0,0.0014055,7.1149057274985115
1787023664392,0.001405,1284770.0,0.001406,1467011.0,0.0014055,7.1149057274985115
1787023664393,0.001405,1284770.0,0.001406,2067011.0,0.0014055,7.1149057274985115
1787023664395,0.001405,1284770.0,0.001406,1995887.0,0.0014055,7.1149057274985115
1787023664397,0.001405,1064166.0,0.001406,1995887.0,0.0014055,7.1149057274985115
1787023664398,0.001405,334934.0,0.001406,1995887.0,0.0014055,7.1149057274985115
1787023664399,0.001405,147379.0,0.001406,1995887.0,0.0014055,7.1149057274985115
1787023664400,0.001405,135639.0,0.001406,1995887.0,0.0014055,7.1149057274985115
1787023664401,0.001405,200692.0,0.001406,1995887.0,0.0014055,7.1149057274985115
1787023664419,0.001405,212432.0,0.001406,1995887.0,0.0014055,7.1149057274985115
1787023664447,0.001405,197677.0,0.001406,1995887.0,0.0014055,7.1149057274985115
1787023664497,0.001405,197677.0,0.001406,1745887.0,0.0014055,7.1149057274985115
1787023664499,0.001405,126289.0,0.001406,1745887.0,0.0014055,7.1149057274985115
1787023664504,0.001404,1709528.0,0.001405,58294.0,0.0014045,7.119971520113322
1787023664506,0.001404,1678501.0,0.001405,239957.0,0.0014045,7.119971520113322
1787023664507,0.001404,2060100.0,0.001405,487737.0,0.0014045,7.119971520113322
1787023664515,0.001404,2060100.0,0.001405,555788.0,0.0014045,7.119971520113322
1787023664516,0.001404,2060100.0,0.001405,544040.0,0.0014045,7.119971520113322
1787023664518,0.001404,1641241.0,0.001405,544040.0,0.0014045,7.119971520113322
1787023664520,0.001404,1652989.0,0.001405,544040.0,0.0014045,7.119971520113322
1787023664536,0.001404,1652989.0,0.001405,318674.0,0.0014045,7.119971520113322
1787023664549,0.001404,1247442.0,0.001405,318674.0,0.0014045,7.119971520113322
1787023664573,0.001404,1105094.0,0.001405,318674.0,0.0014045,7.119971520113322
1787023664577,0.001404,998446.0,0.001405,318674.0,0.0014045,7.119971520113322
1787023664578,0.001404,777842.0,0.001405,539278.0,0.0014045,7.119971520113322
1787023664579,0.001404,594205.0,0.001405,1339278.0,0.0014045,7.119971520113322
1787023664581,0.001404,594205.0,0.001405,1502147.0,0.0014045,7.119971520113322
1787023664617,0.001404,594205.0,0.001405,2239796.0,0.0014045,7.119971520113322
1787023664665,0.001404,594205.0,0.001405,2203656.0,0.0014045,7.119971520113322
1787023664666,0.001404,594205.0,0.001405,1415404.0,0.0014045,7.119971520113322
1787023664667,0.001404,1383819.0,0.001405,1415404.0,0.0014045,7.119971520113322
1787023664668,0.001404,1372071.0,0.001405,1252535.0,0.0014045,7.119971520113322
1787023664669,0.001404,1383819.0,0.001405,1252535.0,0.0014045,7.119971520113322
1787023664692,0.001404,1571374.0,0.001405,294282.0,0.0014045,7.119971520113322
1787023664693,0.001404,1571374.0,0.001405,128276.0,0.0014045,7.119971520113322
1787023664838,0.001404,1571374.0,0.001405,928276.0,0.0014045,7.119971520113322
1787023664839,0.001404,1592347.0,0.001405,928276.0,0.0014045,7.119971520113322
1787023664840,0.001404,1613320.0,0.001405,928276.0,0.0014045,7.119971520113322
1787023664896,0.001404,1613320.0,0.001405,1721022.0,0.0014045,7.119971520113322
1787023664908,0.001404,1613320.0,0.001405,1908577.0,0.0014045,7.119971520113322
1787023664909,0.001404,1613320.0,0.001405,1896829.0,0.0014045,7.119971520113322
1787023664968,0.001404,1613320.0,0.001405,1908577.0,0.0014045,7.119971520113322
1787023664969,0.001404,1610146.0,0.001405,1908577.0,0.0014045,7.119971520113322
1787023664977,0.001404,1610146.0,0.001405,1912492.0,0.0014045,7.119971520113322
1787023664985,0.001404,1422591.0,0.001405,1912492.0,0.0014045,7.119971520113322
1787023665039,0.001404,1383062.0,0.001405,1912492.0,0.0014045,7.119971520113322
1787023665054,0.001404,1400869.0,0.001405,1912492.0,0.0014045,7.119971520113322
1787023665103,0.001404,1472127.0,0.001405,1912492.0,0.0014045,7.119971520113322
1787023665137,0.001404,682513.0,0.001405,1912492.0,0.0014045,7.119971520113322
1787023665138,0.001404,682513.0,0.001405,2075361.0,0.0014045,7.119971520113322
1787023665155,0.001404,682513.0,0.001405,2006962.0,0.0014045,7.119971520113322
1787023665167,0.001404,682513.0,0.001405,2276884.0,0.0014045,7.119971520113322
1787023665173,0.001404,682513.0,0.001405,2006962.0,0.0014045,7.119971520113322
1787023665202,0.001404,611255.0,0.001405,2006962.0,0.0014045,7.119971520113322
1787023665203,0.001404,611255.0,0.001405,2006962.0,0.0014045,7.119971520113322
1787023665211,0.001404,611255.0,0.001405,3041013.0,0.0014045,7.119971520113322
1787023665216,0.001404,611255.0,0.001405,2210437.0,0.0014045,7.119971520113322
1787023665218,0.001404,611255.0,0.001405,2198689.0,0.0014045,7.119971520113322
1787023665283,0.001404,504607.0,0.001405,2198689.0,0.0014045,7.119971520113322
1787023665288,0.001404,456130.0,0.001405,2198689.0,0.0014045,7.119971520113322
1787023665302,0.001404,527368.0,0.001405,2198689.0,0.0014045,7.119971520113322
1787023665339,0.001404,506395.0,0.001405,2198689.0,0.0014045,7.119971520113322
1787023665347,0.001404,506395.0,0.001405,2210437.0,0.0014045,7.119971520113322
1787023665390,0.001404,506395.0,0.001405,2235813.0,0.0014045,7.119971520113322
1787023665401,0.001404,435157.0,0.001405,2235813.0,0.0014045,7.119971520113322
1787023665501,0.001404,435157.0,0.001405,2770322.0,0.0014045,7.119971520113322
1787023665507,0.001404,53558.0,0.001405,2770322.0,0.0014045,7.119971520113322
1787023665508,0.001404,53558.0,0.001405,2770322.0,0.0014045,7.119971520113322
1787023665509,0.001404,102035.0,0.001405,2770322.0,0.0014045,7.119971520113322
1787023665655,0.001404,87070.0,0.001405,2770322.0,0.0014045,7.119971520113322
1787023665657,0.001404,75322.0,0.001405,2770322.0,0.0014045,7.119971520113322
1787023665658,0.001404,87070.0,0.001405,2770322.0,0.0014045,7.119971520113322
1787023665760,0.001404,53959.0,0.001405,2770322.0,0.0014045,7.119971520113322
1787023665838,0.001404,95865.0,0.001405,2770322.0,0.0014045,7.119971520113322
1787023665872,0.001404,95865.0,0.001405,2706265.0,0.0014045,7.119971520113322
1787023665874,0.001404,942266.0,0.001405,2706265.0,0.0014045,7.119971520113322
1787023665875,0.001404,942266.0,0.001405,2706265.0,0.0014045,7.119971520113322
1787023665899,0.001404,1013447.0,0.001405,2706265.0,0.0014045,7.119971520113322
1787023666001,0.001404,942266.0,0.001405,2706265.0,0.0014045,7.119971520113322
1787023666039,0.001404,921313.0,0.001405,2706265.0,0.0014045,7.119971520113322
1787023666109,0.001404,916357.0,0.001405,2706265.0,0.0014045,7.119971520113322
1787023666124,0.001404,69956.0,0.001405,2706265.0,0.0014045,7.119971520113322
1787023666125,0.001404,69956.0,0.001405,2706265.0,0.0014045,7.119971520113322
1787023666126,0.001403,793245.0,0.001404,10684.0,0.0014035,7.125044531529268
1787023666127,0.001403,762396.0,0.001404,10684.0,0.0014035,7.125044531529268
1787023666128,0.001403,2347722.0,0.001404,569363.0,0.0014035,7.125044531529268
1787023666129,0.001403,2490222.0,0.001404,689065.0,0.0014035,7.125044531529268
1787023666130,0.001403,2347670.0,0.001404,262925.0,0.0014035,7.125044531529268
1787023666131,0.001403,2276394.0,0.001405,2646652.0,0.0014039999999999999,14.245014245014593
1787023666132,0.001404,74876.0,0.001405,2646652.0,0.0014045,7.119971520113322
1787023666133,0.001404,552509.0,0.001405,2658470.0,0.0014045,7.119971520113322
1787023666134,0.001404,552509.0,0.001405,2495601.0,0.0014045,7.119971520113322
1787023666139,0.001404,572953.0,0.001405,2495601.0,0.0014045,7.119971520113322
1787023666168,0.001404,572953.0,0.001405,1757283.0,0.0014045,7.119971520113322
1787023666170,0.001404,572953.0,0.001405,1920152.0,0.0014045,7.119971520113322
1787023666172,0.001404,572953.0,0.001405,2097045.0,0.0014045,7.119971520113322
1787023666231,0.001404,576871.0,0.001405,2097045.0,0.0014045,7.119971520113322
1787023666263,0.001404,550120.0,0.001405,2097045.0,0.0014045,7.119971520113322
1787023666264,0.001404,480646.0,0.001405,2097045.0,0.0014045,7.119971520113322
1787023666279,0.001404,492394.0,0.001405,2097045.0,0.0014045,7.119971520113322
1787023666301,0.001404,492394.0,0.001405,1997685.0,0.0014045,7.119971520113322
1787023666336,0.001404,1333617.0,0.001405,1997685.0,0.0014045,7.119971520113322
1787023666338,0.001404,1321869.0,0.001405,1997685.0,0.0014045,7.119971520113322
1787023666353,0.001404,1321869.0,0.001405,3866145.0,0.0014045,7.119971520113322
1787023666354,0.001404,1321869.0,0.001405,3854397.0,0.0014045,7.119971520113322
1787023666355,0.001404,1321869.0,0.001405,3866145.0,0.0014045,7.119971520113322
1787023666388,0.001404,1333617.0,0.001405,3866145.0,0.0014045,7.119971520113322
1787023666400,0.001404,470668.0,0.001405,3866145.0,0.0014045,7.119971520113322
1787023666420,0.001404,250064.0,0.001405,3866145.0,0.0014045,7.119971520113322
1787023666421,0.001403,2299893.0,0.001404,475492.0,0.0014035,7.125044531529268
1787023666422,0.001403,2299893.0,0.001404,523969.0,0.0014035,7.125044531529268
1787023666423,0.001403,2299893.0,0.001404,1010145.0,0.0014035,7.125044531529268
1787023666424,0.001403,2276397.0,0.001404,556021.0,0.0014035,7.125044531529268
1787023666425,0.001403,2276396.0,0.001404,504294.0,0.0014035,7.125044531529268
1787023666427,0.001403,2276396.0,0.001404,482926.0,0.0014035,7.125044531529268
1787023666430,0.001403,2276396.0,0.001404,472242.0,0.0014035,7.125044531529268
1787023666432,0.001403,2276396.0,0.001404,461558.0,0.0014035,7.125044531529268
1787023666436,0.001403,2272480.0,0.001404,461558.0,0.0014035,7.125044531529268
1787023666453,0.001403,2382397.0,0.001404,461558.0,0.0014035,7.125044531529268
1787023666501,0.001403,2453679.0,0.001404,461558.0,0.0014035,7.125044531529268
1787023666504,0.001403,2445007.0,0.001404,461558.0,0.0014035,7.125044531529268
1787023666505,0.001403,2445007.0,0.001404,1261558.0,0.0014035,7.125044531529268
1787023666522,0.001403,2445007.0,0.001404,1449113.0,0.0014035,7.125044531529268
1787023666530,0.001403,2456764.0,0.001404,1449113.0,0.0014035,7.125044531529268
1787023666531,0.001403,2456764.0,0.001404,1460870.0,0.0014035,7.125044531529268
1787023666600,0.001403,2456764.0,0.001404,1464788.0,0.0014035,7.125044531529268
1787023666605,0.001403,3296390.0,0.001404,2352984.0,0.0014035,7.125044531529268
1787023666617,0.001403,3296390.0,0.001404,2556938.0,0.0014035,7.125044531529268
1787023666618,0.001403,2249982.0,0.001404,2556938.0,0.0014035,7.125044531529268
1787023666663,0.001403,2235732.0,0.001404,2556938.0,0.0014035,7.125044531529268
1787023666680,0.001403,2183991.0,0.001404,2556938.0,0.0014035,7.125044531529268
1787023666685,0.001403,2000745.0,0.001404,2556938.0,0.0014035,7.125044531529268
1787023666700,0.001403,1929463.0,0.001404,2556938.0,0.0014035,7.125044531529268
1787023666738,0.001403,1949889.0,0.001404,2556938.0,0.0014035,7.125044531529268
1787023666923,0.001403,1879812.0,0.001404,2556938.0,0.0014035,7.125044531529268
1787023666940,0.001403,1900227.0,0.001404,2556938.0,0.0014035,7.125044531529268
1787023666959,0.001403,1545028.0,0.001404,2556938.0,0.0014035,7.125044531529268
1787023666961,0.001403,1533271.0,0.001404,2556938.0,0.0014035,7.125044531529268
1787023666962,0.001403,1169649.0,0.001404,2556938.0,0.0014035,7.125044531529268
1787023666963,0.001403,367752.0,0.001404,2556938.0,0.0014035,7.125044531529268
1787023666964,0.001403,95779.0,0.001404,2556938.0,0.0014035,7.125044531529268
1787023666965,0.001402,1278049.0,0.001403,486120.0,0.0014025,7.130124777183001
1787023666966,0.001402,1239787.0,0.001403,549534.0,0.0014025,7.130124777183001
1787023666967,0.001402,1516506.0,0.001403,1716122.0,0.0014025,7.130124777183001
1787023666969,0.001402,1659108.0,0.001403,1614184.0,0.0014025,7.130124777183001
1787023666970,0.001403,102161.0,0.001404,2821683.0,0.0014035,7.125044531529268
1787023666971,0.001403,20373.0,0.001404,2825469.0,0.0014035,7.125044531529268
1787023666972,0.001403,20373.0,0.001404,1921655.0,0.0014035,7.125044531529268
1787023666973,0.001403,217482.0,0.001404,1732166.0,0.0014035,7.125044531529268
1787023666975,0.001403,288758.0,0.001404,1732166.0,0.0014035,7.125044531529268
1787023666982,0.001403,337235.0,0.001404,1732166.0,0.0014035,7.125044531529268
1787023666986,0.001403,337235.0,0.001404,1660916.0,0.0014035,7.125044531529268
1787023667012,0.001403,265959.0,0.001404,1660916.0,0.0014035,7.125044531529268
1787023667013,0.001403,245586.0,0.001404,1660916.0,0.0014035,7.125044531529268
1787023667025,0.001403,245586.0,0.001404,1654506.0,0.0014035,7.125044531529268
1787023667027,0.001403,245586.0,0.001404,854506.0,0.0014035,7.125044531529268
1787023667033,0.001403,245586.0,0.001404,1075110.0,0.0014035,7.125044531529268
1787023667034,0.001403,197109.0,0.001404,1075110.0,0.0014035,7.125044531529268
1787023667036,0.001403,245586.0,0.001404,1075110.0,0.0014035,7.125044531529268
1787023667037,0.001403,138938.0,0.001404,1075110.0,0.0014035,7.125044531529268
1787023667038,0.001403,90461.0,0.001404,1075110.0,0.0014035,7.125044531529268
1787023667039,0.001403,90461.0,0.001404,1875110.0,0.0014035,7.125044531529268
1787023667040,0.001403,138938.0,0.001404,1875110.0,0.0014035,7.125044531529268
1787023667058,0.001403,138938.0,0.001404,1814797.0,0.0014035,7.125044531529268
1787023667059,0.001403,359542.0,0.001404,1014797.0,0.0014035,7.125044531529268
1787023667060,0.001403,430818.0,0.001404,1026554.0,0.0014035,7.125044531529268
1787023667066,0.001403,430818.0,0.001404,634900.0,0.0014035,7.125044531529268
1787023667068,0.001403,502094.0,0.001404,634900.0,0.0014035,7.125044531529268
1787023667158,0.001403,506015.0,0.001404,634900.0,0.0014035,7.125044531529268
1787023667191,0.001403,1287572.0,0.001404,1415419.0,0.0014035,7.125044531529268
1787023667192,0.001403,1216296.0,0.001404,1403662.0,0.0014035,7.125044531529268
1787023667201,0.001403,1287949.0,0.001404,1403662.0,0.0014035,7.125044531529268
1787023667212,0.001404,220604.0,0.001405,4449432.0,0.0014045,7.119971520113322
1787023667213,0.001404,72913.0,0.001405,3814694.0,0.0014045,7.119971520113322
1787023667214,0.001404,121390.0,0.001405,4297125.0,0.0014045,7.119971520113322
1787023667215,0.001404,1051843.0,0.001405,3127323.0,0.0014045,7.119971520113322
1787023667216,0.001404,1051843.0,0.001405,2939768.0,0.0014045,7.119971520113322
1787023667217,0.001404,1063591.0,0.001405,2951516.0,0.0014045,7.119971520113322
1787023667218,0.001404,1087632.0,0.001405,2951516.0,0.0014045,7.119971520113322
1787023667220,0.001404,1014719.0,0.001405,2951516.0,0.0014045,7.119971520113322
1787023667239,0.001404,1035345.0,0.001405,2951516.0,0.0014045,7.119971520113322
1787023667240,0.001404,1055971.0,0.001405,2951516.0,0.0014045,7.119971520113322
1787023667245,0.001404,1053270.0,0.001405,2951516.0,0.0014045,7.119971520113322
1787023667257,0.001404,453270.0,0.001405,2951516.0,0.0014045,7.119971520113322
1787023667258,0.001404,524495.0,0.001405,2951516.0,0.0014045,7.119971520113322
1787023667259,0.001404,303891.0,0.001405,3161579.0,0.0014045,7.119971520113322
1787023667265,0.001404,279850.0,0.001405,3161579.0,0.0014045,7.119971520113322
1787023667267,0.001404,234074.0,0.001405,3161579.0,0.0014045,7.119971520113322
1787023667268,0.001404,151101.0,0.001405,3161579.0,0.0014045,7.119971520113322
1787023667276,0.001404,199578.0,0.001405,3161579.0,0.0014045,7.119971520113322
1787023667282,0.001404,199578.0,0.001405,2951516.0,0.0014045,7.119971520113322
1787023667327,0.001404,211326.0,0.001405,2951516.0,0.0014045,7.119971520113322
1787023667335,0.001404,211326.0,0.001405,3161579.0,0.0014045,7.119971520113322
1787023667336,0.001404,211326.0,0.001405,3062219.0,0.0014045,7.119971520113322
1787023667338,0.001404,211326.0,0.001405,3066134.0,0.0014045,7.119971520113322
1787023667345,0.001404,418346.0,0.001405,3066134.0,0.0014045,7.119971520113322
1787023667347,0.001404,489571.0,0.001405,3078822.0,0.0014045,7.119971520113322
1787023667348,0.001404,477823.0,0.001405,3078822.0,0.0014045,7.119971520113322
1787023667370,0.001404,451279.0,0.001405,3078822.0,0.0014045,7.119971520113322
1787023667378,0.001404,451279.0,0.001405,3074906.0,0.0014045,7.119971520113322
1787023667395,0.001404,451279.0,0.001405,3089150.0,0.0014045,7.119971520113322
1787023667423,0.001404,1292441.0,0.001405,3907659.0,0.0014045,7.119971520113322
1787023667424,0.001404,1221216.0,0.001405,3907659.0,0.0014045,7.119971520113322
1787023667441,0.001404,1200590.0,0.001405,3907659.0,0.0014045,7.119971520113322
1787023667442,0.001404,1179964.0,0.001405,3907659.0,0.0014045,7.119971520113322
1787023667443,0.001404,1191712.0,0.001405,3907659.0,0.0014045,7.119971520113322
1787023667475,0.001404,1191712.0,0.001405,2767000.0,0.0014045,7.119971520113322
1787023667478,0.001404,1191712.0,0.001405,2662082.0,0.0014045,7.119971520113322
1787023667499,0.001404,1263340.0,0.001405,2662082.0,0.0014045,7.119971520113322
1787023667622,0.001404,1267258.0,0.001405,2662082.0,0.0014045,7.119971520113322
1787023667680,0.001404,1267258.0,0.001405,3520907.0,0.0014045,7.119971520113322
1787023667681,0.001404,1267258.0,0.001405,3509159.0,0.0014045,7.119971520113322
1787023667682,0.001404,1267258.0,0.001405,3520907.0,0.0014045,7.119971520113322
1787023667713,0.001403,378360.0,0.001405,3520907.0,0.0014039999999999999,14.245014245014593
1787023667714,0.001403,1213077.0,0.001404,1277942.0,0.0014035,7.125044531529268
1787023667715,0.001403,824994.0,0.001404,2191123.0,0.0014035,7.125044531529268
1787023667716,0.001403,967444.0,0.001404,2191123.0,0.0014035,7.125044531529268
1787023667719,0.001402,965004.0,0.001403,465153.0,0.0014025,7.130124777183001
1787023667720,0.001402,846741.0,0.001403,1098838.0,0.0014025,7.130124777183001
1787023667721,0.001402,12192.0,0.001403,1098838.0,0.0014025,7.130124777183001
1787023667722,0.001401,600594.0,0.001402,475852.0,0.0014015,7.135212272566056
1787023667723,0.001401,361972.0,0.001402,34732.0,0.0014015,7.135212272566056
1787023667724,0.001402,916972.0,0.001403,1957694.0,0.0014025,7.130124777183001
1787023667725,0.001402,273476.0,0.001403,1514299.0,0.0014025,7.130124777183001
1787023667726,0.001402,247040.0,0.001403,163061.0,0.0014025,7.130124777183001
1787023667727,0.001402,247040.0,0.001404,2862829.0,0.0014030000000000002,14.25516749821845
1787023667728,0.001402,771028.0,0.001404,2397676.0,0.0014030000000000002,14.25516749821845
1787023667729,0.001403,102086.0,0.001404,2109276.0,0.0014035,7.125044531529268
1787023667730,0.001403,322690.0,0.001404,1976754.0,0.0014035,7.125044531529268
1787023667738,0.001403,371167.0,0.001404,1976754.0,0.0014035,7.125044531529268
1787023667739,0.001403,322690.0,0.001404,1976754.0,0.0014035,7.125044531529268
1787023667740,0.001403,344031.0,0.001404,1976754.0,0.0014035,7.125044531529268
1787023667741,0.001403,386713.0,0.001404,1976754.0,0.0014035,7.125044531529268
1787023667742,0.001403,435190.0,0.001404,1976754.0,0.0014035,7.125044531529268
1787023667743,0.001403,408773.0,0.001404,1976754.0,0.0014035,7.125044531529268
1787023667753,0.001403,333104.0,0.001404,1976754.0,0.0014035,7.125044531529268
1787023667754,0.001403,284627.0,0.001404,1976754.0,0.0014035,7.125044531529268
1787023667768,0.001403,284627.0,0.001404,709496.0,0.0014035,7.125044531529268
1787023667770,0.001403,404182.0,0.001404,709496.0,0.0014035,7.125044531529268
1787023667779,0.001403,284627.0,0.001404,709496.0,0.0014035,7.125044531529268
1787023667784,0.001403,177979.0,0.001404,709496.0,0.0014035,7.125044531529268
1787023667786,0.001403,64023.0,0.001404,1509496.0,0.0014035,7.125044531529268
1787023667789,0.001403,64023.0,0.001404,2117972.0,0.0014035,7.125044531529268
1787023667790,0.001402,873829.0,0.001403,475844.0,0.0014025,7.130124777183001
1787023667791,0.001402,748375.0,0.001403,21382.0,0.0014025,7.130124777183001
1787023667792,0.001402,869909.0,0.001403,287329.0,0.0014025,7.130124777183001
1787023667793,0.001402,869909.0,0.001403,56034.0,0.0014025,7.130124777183001
1787023667794,0.001402,748375.0,0.001403,29575.0,0.0014025,7.130124777183001
1787023667795,0.001402,869909.0,0.001403,347626.0,0.0014025,7.130124777183001
1787023667796,0.001402,748375.0,0.001404,2136149.0,0.0014030000000000002,14.25516749821845
1787023667797,0.001403,26417.0,0.001404,2342443.0,0.0014035,7.125044531529268
1787023667799,0.001403,26417.0,0.001404,2132230.0,0.0014035,7.125044531529268
1787023667800,0.001403,243737.0,0.001404,2132230.0,0.0014035,7.125044531529268
1787023667801,0.001403,243737.0,0.001404,2136148.0,0.0014035,7.125044531529268
1787023667816,0.001403,243737.0,0.001404,1336148.0,0.0014035,7.125044531529268
1787023667819,0.001403,292214.0,0.001404,1336148.0,0.0014035,7.125044531529268
1787023667833,0.001403,243737.0,0.001404,1336148.0,0.0014035,7.125044531529268
1787023667837,0.001403,286895.0,0.001404,1336148.0,0.0014035,7.125044531529268
1787023667840,0.001403,335372.0,0.001404,1336148.0,0.0014035,7.125044531529268
1787023667861,0.001403,286895.0,0.001404,1336148.0,0.0014035,7.125044531529268
1787023667863,0.001403,286895.0,0.001404,1441368.0,0.0014035,7.125044531529268
1787023667864,0.001403,286895.0,0.001404,1546361.0,0.0014035,7.125044531529268
1787023667891,0.001403,286895.0,0.001404,1510701.0,0.0014035,7.125044531529268
1787023667900,0.001403,214455.0,0.001404,1510701.0,0.0014035,7.125044531529268
1787023667927,0.001403,214455.0,0.001404,2294163.0,0.0014035,7.125044531529268
1787023667928,0.001403,188038.0,0.001404,2294163.0,0.0014035,7.125044531529268
1787023667999,0.001403,115598.0,0.001404,2294163.0,0.0014035,7.125044531529268
1787023668027,0.001403,115598.0,0.001404,2305920.0,0.0014035,7.125044531529268
1787023668086,0.001403,119519.0,0.001404,2305920.0,0.0014035,7.125044531529268
1787023668092,0.001403,167996.0,0.001404,2305920.0,0.0014035,7.125044531529268
1787023668099,0.001403,95556.0,0.001404,2305920.0,0.0014035,7.125044531529268
1787023668106,0.001403,95556.0,0.001404,2502548.0,0.0014035,7.125044531529268
1787023668107,0.001403,47079.0,0.001404,2502548.0,0.0014035,7.125044531529268
1787023668110,0.001403,58836.0,0.001404,2502548.0,0.0014035,7.125044531529268
1787023668111,0.001402,1996294.0,0.001403,200673.0,0.0014025,7.130124777183001
1787023668112,0.001402,1800279.0,0.001403,1087828.0,0.0014025,7.130124777183001
1787023668114,0.001402,762367.0,0.001403,1159104.0,0.0014025,7.130124777183001
1787023668131,0.001402,762367.0,0.001403,1693613.0,0.0014025,7.130124777183001
1787023668132,0.001402,762367.0,0.001403,1705378.0,0.0014025,7.130124777183001
1787023668133,0.001402,762367.0,0.001403,1634102.0,0.0014025,7.130124777183001
1787023668199,0.001402,834755.0,0.001403,1634102.0,0.0014025,7.130124777183001
1787023668223,0.001402,846520.0,0.001403,1634102.0,0.0014025,7.130124777183001
1787023668230,0.001402,1043148.0,0.001403,1634102.0,0.0014025,7.130124777183001
1787023668238,0.001402,1043148.0,0.001403,746947.0,0.0014025,7.130124777183001
1787023668239,0.001402,1043148.0,0.001403,546274.0,0.0014025,7.130124777183001
1787023668266,0.001402,1043148.0,0.001403,550195.0,0.0014025,7.130124777183001
1787023668291,0.001402,1038445.0,0.001403,550195.0,0.0014025,7.130124777183001
1787023668338,0.001402,1060014.0,0.001403,550195.0,0.0014025,7.130124777183001
1787023668339,0.001402,1081583.0,0.001403,550195.0,0.0014025,7.130124777183001
1787023668361,0.001402,1081583.0,0.001403,450835.0,0.0014025,7.130124777183001
1787023668369,0.001402,1077664.0,0.001403,450835.0,0.0014025,7.130124777183001
1787023668399,0.001402,1198285.0,0.001403,450835.0,0.0014025,7.130124777183001
1787023668400,0.001402,1270674.0,0.001404,2101955.0,0.0014030000000000002,14.25516749821845
1787023668401,0.001403,439498.0,0.001404,1486122.0,0.0014035,7.125044531529268
1787023668402,0.001403,770614.0,0.001404,900397.0,0.0014035,7.125044531529268
1787023668433,0.001403,843178.0,0.001404,900397.0,0.0014035,7.125044531529268
1787023668461,0.001403,1668974.0,0.001404,1774454.0,0.0014035,7.125044531529268
1787023668462,0.001403,1657217.0,0.001404,1774454.0,0.0014035,7.125044531529268
1787023668463,0.001403,1657217.0,0.001404,1553850.0,0.0014035,7.125044531529268
1787023668464,0.001403,1657217.0,0.001404,1542093.0,0.0014035,7.125044531529268
1787023668495,0.001403,1657217.0,0.001404,1556343.0,0.0014035,7.125044531529268
1787023668533,0.001403,1584653.0,0.001404,1556343.0,0.0014035,7.125044531529268
1787023668535,0.001403,1596410.0,0.001404,1568100.0,0.0014035,7.125044531529268
1787023668550,0.001403,1600331.0,0.001404,1568100.0,0.0014035,7.125044531529268
1787023668559,0.001403,774535.0,0.001404,1568100.0,0.0014035,7.125044531529268
1787023668560,0.001403,726058.0,0.001404,1568100.0,0.0014035,7.125044531529268
1787023668561,0.001403,651804.0,0.001404,1568100.0,0.0014035,7.125044531529268
1787023668565,0.001403,238723.0,0.001404,1568100.0,0.0014035,7.125044531529268
1787023668621,0.001403,223229.0,0.001404,1568100.0,0.0014035,7.125044531529268
1787023668624,0.001403,3921.0,0.001404,1568100.0,0.0014035,7.125044531529268
1787023668672,0.001402,1132017.0,0.001404,1568100.0,0.0014030000000000002,14.25516749821845
1787023668673,0.001402,979413.0,0.001403,351870.0,0.0014025,7.130124777183001
1787023668674,0.001402,979413.0,0.001403,363635.0,0.0014025,7.130124777183001
1787023668675,0.001402,979413.0,0.001403,351870.0,0.0014025,7.130124777183001
1787023668677,0.001402,979413.0,0.001403,400347.0,0.0014025,7.130124777183001
1787023668681,0.001402,898458.0,0.001403,400347.0,0.0014025,7.130124777183001
1787023668682,0.001402,898458.0,0.001403,1000347.0,0.0014025,7.130124777183001
1787023668683,0.001402,701830.0,0.001403,1000347.0,0.0014025,7.130124777183001
1787023668699,0.001402,846578.0,0.001403,1000347.0,0.0014025,7.130124777183001
1787023668700,0.001402,846578.0,0.001403,1071623.0,0.0014025,7.130124777183001
1787023668707,0.001402,688807.0,0.001403,1071623.0,0.0014025,7.130124777183001
1787023668709,0.001402,640330.0,0.001403,1071623.0,0.0014025,7.130124777183001
1787023668730,0.001402,640330.0,0.001403,1075544.0,0.0014025,7.130124777183001
1787023668770,0.001402,640330.0,0.001403,1851134.0,0.0014025,7.130124777183001
1787023668771,0.001402,640330.0,0.001403,1779858.0,0.0014025,7.130124777183001
1787023668800,0.001402,652095.0,0.001403,1791623.0,0.0014025,7.130124777183001
1787023668839,0.001402,1381261.0,0.001403,1791623.0,0.0014025,7.130124777183001
1787023668840,0.001402,1369496.0,0.001403,1791623.0,0.0014025,7.130124777183001
1787023668842,0.001402,1391070.0,0.001403,1791623.0,0.0014025,7.130124777183001
1787023668856,0.001402,661904.0,0.001403,1791623.0,0.0014025,7.130124777183001
1787023668912,0.001402,673669.0,0.001403,1791623.0,0.0014025,7.130124777183001
1787023669013,0.001402,677592.0,0.001403,1791623.0,0.0014025,7.130124777183001
1787023669040,0.001402,798213.0,0.001403,1791623.0,0.0014025,7.130124777183001
1787023669090,0.001402,798213.0,0.001403,2452288.0,0.0014025,7.130124777183001
1787023669092,0.001401,1769430.0,0.001402,466263.0,0.0014015,7.135212272566056
1787023669093,0.001401,1738561.0,0.001402,1146964.0,0.0014015,7.135212272566056
1787023669094,0.001401,1526987.0,0.001402,1538343.0,0.0014015,7.135212272566056
1787023669095,0.001401,1384231.0,0.001402,1538343.0,0.0014015,7.135212272566056
1787023669097,0.001401,1384231.0,0.001402,1552613.0,0.0014015,7.135212272566056
1787023669104,0.001401,1528979.0,0.001402,1552613.0,0.0014015,7.135212272566056
1787023669147,0.001401,1528979.0,0.001402,1086350.0,0.0014015,7.135212272566056
1787023669148,0.001401,1528979.0,0.001402,71327.0,0.0014015,7.135212272566056
1787023669149,0.001401,1528979.0,0.001402,57057.0,0.0014015,7.135212272566056
1787023669150,0.001402,660329.0,0.001403,2241957.0,0.0014025,7.130124777183001
1787023669151,0.001402,735325.0,0.001403,1445051.0,0.0014025,7.130124777183001
1787023669153,0.001402,735325.0,0.001403,1248423.0,0.0014025,7.130124777183001
1787023669166,0.001402,660329.0,0.001403,1248423.0,0.0014025,7.130124777183001
1787023669173,0.0014,2641601.0,0.001403,1248423.0,0.0014015,21.405636817695076
1787023669174,0.0014,2637980.0,0.001402,234443.0,0.001401,14.27551748750927
1787023669175,0.001401,173353.0,0.001402,1106932.0,0.0014015,7.135212272566056
1787023669176,0.001401,173353.0,0.001402,1249248.0,0.0014015,7.135212272566056
1787023669177,0.001399,2027669.0,0.001402,425236.0,0.0014005,21.42092109960703
1787023669178,0.001401,43783.0,0.001402,588731.0,0.0014015,7.135212272566056
1787023669179,0.001399,226147.0,0.001401,1114018.0,0.0014,14.285714285713084
1787023669180,0.001399,272221.0,0.0014,413081.0,0.0013995000000000001,7.1454090746689225
1787023669181,0.001399,343701.0,0.001401,1361150.0,0.0014,14.285714285713084
1787023669182,0.0014,347785.0,0.001401,1361150.0,0.0014004999999999998,7.140307033201829
1787023669183,0.0014,347785.0,0.001401,1679201.0,0.0014004999999999998,7.140307033201829
1787023669184,0.0014,347785.0,0.001401,1671168.0,0.0014004999999999998,7.140307033201829
1787023669186,0.0014,223744.0,0.001401,1508372.0,0.0014004999999999998,7.140307033201829
1787023669187,0.0014,223744.0,0.001401,1455457.0,0.0014004999999999998,7.140307033201829
1787023669189,0.0014,293378.0,0.001401,1455457.0,0.0014004999999999998,7.140307033201829
1787023669190,0.0014,293378.0,0.001401,655457.0,0.0014004999999999998,7.140307033201829
1787023669192,0.0014,293378.0,0.001401,579974.0,0.0014004999999999998,7.140307033201829
1787023669195,0.0014,293378.0,0.001401,594256.0,0.0014004999999999998,7.140307033201829
1787023669200,0.0014,438512.0,0.001401,594256.0,0.0014004999999999998,7.140307033201829
1787023669201,0.0014,417355.0,0.001401,594256.0,0.0014004999999999998,7.140307033201829
1787023669202,0.0014,489031.0,0.001401,737847.0,0.0014004999999999998,7.140307033201829
1787023669203,0.0014,489031.0,0.001401,741773.0,0.0014004999999999998,7.140307033201829
1787023669225,0.0014,417355.0,0.001401,741773.0,0.0014004999999999998,7.140307033201829
1787023669239,0.0014,193611.0,0.001401,965517.0,0.0014004999999999998,7.140307033201829
1787023669240,0.0014,193611.0,0.001401,821926.0,0.0014004999999999998,7.140307033201829
1787023669242,0.0014,261417.0,0.001401,821926.0,0.0014004999999999998,7.140307033201829
1787023669246,0.0014,180572.0,0.001401,821926.0,0.0014004999999999998,7.140307033201829
1787023669250,0.0014,154769.0,0.001401,821926.0,0.0014004999999999998,7.140307033201829
1787023669252,0.0014,154769.0,0.001401,1008710.0,0.0014004999999999998,7.140307033201829
1787023669255,0.0014,341553.0,0.001401,1008710.0,0.0014004999999999998,7.140307033201829
1787023669256,0.0014,341553.0,0.001401,821926.0,0.0014004999999999998,7.140307033201829
1787023669298,0.0014,414563.0,0.001401,821926.0,0.0014004999999999998,7.140307033201829
1787023669305,0.0014,426345.0,0.001401,833708.0,0.0014004999999999998,7.140307033201829
1787023669307,0.0014,424518.0,0.001401,833708.0,0.0014004999999999998,7.140307033201829
1787023669308,0.0014,424518.0,0.001401,1433708.0,0.0014004999999999998,7.140307033201829
1787023669310,0.0014,424518.0,0.001401,1577299.0,0.0014004999999999998,7.140307033201829
1787023669353,0.0014,428440.0,0.001401,1577299.0,0.0014004999999999998,7.140307033201829
1787023669361,0.0014,1264582.0,0.001401,2406917.0,0.0014004999999999998,7.140307033201829
1787023669363,0.0014,1252800.0,0.001401,1565517.0,0.0014004999999999998,7.140307033201829
1787023669364,0.0014,1252800.0,0.001401,1359286.0,0.0014004999999999998,7.140307033201829
1787023669366,0.0014,1252800.0,0.001401,1135542.0,0.0014004999999999998,7.140307033201829
1787023669367,0.0014,1252800.0,0.001401,1040454.0,0.0014004999999999998,7.140307033201829
1787023669368,0.0014,1476544.0,0.001401,396589.0,0.0014004999999999998,7.140307033201829
1787023669372,0.0014,1472622.0,0.001401,396589.0,0.0014004999999999998,7.140307033201829
1787023669379,0.0014,1472622.0,0.001401,412430.0,0.0014004999999999998,7.140307033201829
1787023669399,0.0014,1596339.0,0.001401,412430.0,0.0014004999999999998,7.140307033201829
1787023669431,0.0014,1669627.0,0.001401,412430.0,0.0014004999999999998,7.140307033201829
1787023669432,0.0014,1681409.0,0.001401,424212.0,0.0014004999999999998,7.140307033201829
1787023669436,0.0014,1681409.0,0.001401,412430.0,0.0014004999999999998,7.140307033201829
1787023669437,0.0014,1681409.0,0.001401,245412.0,0.0014004999999999998,7.140307033201829
1787023669450,0.0014,1681409.0,0.001401,241336.0,0.0014004999999999998,7.140307033201829
1787023669483,0.0014,1685338.0,0.001401,241336.0,0.0014004999999999998,7.140307033201829
1787023669486,0.001401,503064.0,0.001402,1116285.0,0.0014015,7.135212272566056
1787023669487,0.001401,503064.0,0.001402,1044958.0,0.0014015,7.135212272566056
1787023669488,0.001401,551541.0,0.001402,902304.0,0.0014015,7.135212272566056
1787023669489,0.001401,537861.0,0.001402,830977.0,0.0014015,7.135212272566056
1787023669490,0.001401,537861.0,0.001402,1077701.0,0.0014015,7.135212272566056
1787023669495,0.001401,463418.0,0.001402,1077701.0,0.0014015,7.135212272566056
1787023669508,0.001401,463418.0,0.001402,948898.0,0.0014015,7.135212272566056
1787023669510,0.001401,447878.0,0.001402,948898.0,0.0014015,7.135212272566056
1787023669513,0.001401,625317.0,0.001402,948898.0,0.0014015,7.135212272566056
1787023669564,0.001401,1421678.0,0.001402,1785148.0,0.0014015,7.135212272566056
1787023669566,0.001401,1421678.0,0.001402,1713821.0,0.0014015,7.135212272566056
1787023669598,0.001401,1567774.0,0.001402,1713821.0,0.0014015,7.135212272566056
1787023669615,0.001401,771413.0,0.001402,1713821.0,0.0014015,7.135212272566056
1787023669670,0.001401,783187.0,0.001402,1725595.0,0.0014015,7.135212272566056
1787023669675,0.001401,783187.0,0.001402,1729518.0,0.0014015,7.135212272566056
1787023669691,0.001401,406246.0,0.001402,1729518.0,0.0014015,7.135212272566056
1787023669692,0.001401,228807.0,0.001402,1729518.0,0.0014015,7.135212272566056
1787023669693,0.0014,394167.0,0.001401,503262.0,0.0014004999999999998,7.140307033201829
1787023669694,0.001399,1073463.0,0.0014,10924.0,0.0013995000000000001,7.1454090746689225
1787023669695,0.001399,745588.0,0.0014,601444.0,0.0013995000000000001,7.1454090746689225
1787023669696,0.001398,1061957.0,0.001399,10935.0,0.0013985,7.150518412585862
1787023669697,0.001398,1091655.0,0.001399,424016.0,0.0013985,7.150518412585862
1787023669698,0.001399,62509.0,0.0014,889342.0,0.0013995000000000001,7.1454090746689225
1787023669699,0.001399,13994.0,0.0014,964693.0,0.0013995000000000001,7.1454090746689225
1787023669700,0.001399,259211.0,0.0014,957122.0,0.0013995000000000001,7.1454090746689225
1787023669701,0.001399,237738.0,0.0014,584474.0,0.0013995000000000001,7.1454090746689225
1787023669702,0.001399,237738.0,0.0014,394425.0,0.0013995000000000001,7.1454090746689225
1787023669703,0.001399,167525.0,0.0014,394425.0,0.0013995000000000001,7.1454090746689225
1787023669707,0.001399,167525.0,0.001401,2188759.0,0.0014,14.285714285713084
1787023669708,0.0014,413081.0,0.001401,1955935.0,0.0014004999999999998,7.140307033201829
1787023669709,0.0014,413081.0,0.001401,1812344.0,0.0014004999999999998,7.140307033201829
1787023669710,0.0014,413081.0,0.001401,1598210.0,0.0014004999999999998,7.140307033201829
1787023669711,0.0014,387407.0,0.001401,1394471.0,0.0014004999999999998,7.140307033201829
1787023669729,0.0014,387407.0,0.001401,926142.0,0.0014004999999999998,7.140307033201829
1787023669731,0.0014,460571.0,0.001401,926142.0,0.0014004999999999998,7.140307033201829
1787023669747,0.0014,460571.0,0.001401,854764.0,0.0014004999999999998,7.140307033201829
1787023669769,0.0014,684315.0,0.001401,854764.0,0.0014004999999999998,7.140307033201829
1787023669771,0.0014,684315.0,0.001401,631020.0,0.0014004999999999998,7.140307033201829
1787023669776,0.0014,678228.0,0.001401,631020.0,0.0014004999999999998,7.140307033201829
1787023669786,0.0014,571580.0,0.001401,631020.0,0.0014004999999999998,7.140307033201829
1787023669790,0.0014,571580.0,0.001401,559642.0,0.0014004999999999998,7.140307033201829
1787023669798,0.0014,717566.0,0.001401,559642.0,0.0014004999999999998,7.140307033201829
1787023669832,0.0014,493822.0,0.001401,1415194.0,0.0014004999999999998,7.140307033201829
1787023669833,0.0014,219150.0,0.001401,1415194.0,0.0014004999999999998,7.140307033201829
1787023669836,0.0014,267627.0,0.001401,1415194.0,0.0014004999999999998,7.140307033201829
1787023669837,0.0014,219150.0,0.001401,1415194.0,0.0014004999999999998,7.140307033201829
1787023669839,0.0014,442894.0,0.001401,1415194.0,0.0014004999999999998,7.140307033201829
1787023669840,0.0014,514121.0,0.001401,1415194.0,0.0014004999999999998,7.140307033201829
1787023669841,0.0014,559621.0,0.001401,783386.0,0.0014004999999999998,7.140307033201829
1787023669842,0.0014,559621.0,0.001401,559642.0,0.0014004999999999998,7.140307033201829
1787023669843,0.0014,559621.0,0.001401,631020.0,0.0014004999999999998,7.140307033201829
1787023669858,0.0014,559621.0,0.001402,2649181.0,0.001401,14.27551748750927
1787023669859,0.001401,413081.0,0.001402,2641616.0,0.0014015,7.135212272566056
1787023669860,0.001401,461558.0,0.001402,2293901.0,0.0014015,7.135212272566056
1787023669864,0.001401,461558.0,0.001402,1608181.0,0.0014015,7.135212272566056
1787023669898,0.001401,1297988.0,0.001402,2357423.0,0.0014015,7.135212272566056
1787023669928,0.001401,1297988.0,0.001402,2039372.0,0.0014015,7.135212272566056
1787023669955,0.001401,1301914.0,0.001402,2039372.0,0.0014015,7.135212272566056
1787023669957,0.001401,1301914.0,0.001402,2051146.0,0.0014015,7.135212272566056
1787023669998,0.001401,1313688.0,0.001402,2051146.0,0.0014015,7.135212272566056
1787023669999,0.001401,1532571.0,0.001402,2051146.0,0.0014015,7.135212272566056
1787023670039,0.001401,1532571.0,0.001402,1911736.0,0.0014015,7.135212272566056
1787023670092,0.001401,1532571.0,0.001402,1162494.0,0.0014015,7.135212272566056
1787023670094,0.001401,1532571.0,0.001402,1233821.0,0.0014015,7.135212272566056
1787023670097,0.001401,1706076.0,0.001402,1233821.0,0.0014015,7.135212272566056
1787023670098,0.001401,2226591.0,0.001402,1248091.0,0.0014015,7.135212272566056
1787023670099,0.001401,2153630.0,0.001402,1248091.0,0.0014015,7.135212272566056
1787023670146,0.001401,2153630.0,0.001402,1252014.0,0.0014015,7.135212272566056
1787023670189,0.001401,1798079.0,0.001402,1252014.0,0.0014015,7.135212272566056
1787023670190,0.001401,1786305.0,0.001402,1452014.0,0.0014015,7.135212272566056
1787023670191,0.001401,961649.0,0.001402,1452014.0,0.0014015,7.135212272566056
1787023670200,0.001397,2017489.0,0.001402,1452014.0,0.0013995000000000001,35.727045373347714
1787023670201,0.001397,2002195.0,0.001401,499846.0,0.001399,28.591851322372264
1787023670202,0.001399,3574.0,0.001401,2704606.0,0.0014,14.285714285713084
1787023670203,0.001399,223744.0,0.0014,276102.0,0.0013995000000000001,7.1454090746689225
1787023670204,0.001399,223744.0,0.0014,361756.0,0.0013995000000000001,7.1454090746689225
1787023670205,0.001399,272221.0,0.001401,3076702.0,0.0014,14.285714285713084
1787023670206,0.001399,272221.0,0.0014,71429.0,0.0013995000000000001,7.1454090746689225
1787023670207,0.001399,346953.0,0.001401,2208187.0,0.0014,14.285714285713084
1787023670208,0.001399,346953.0,0.0014,7153.0,0.0013995000000000001,7.1454090746689225
1787023670209,0.001399,346953.0,0.0014,55630.0,0.0013995000000000001,7.1454090746689225
1787023670211,0.001399,346953.0,0.0014,7153.0,0.0013995000000000001,7.1454090746689225
1787023670229,0.0014,413081.0,0.001401,2008023.0,0.0014004999999999998,7.140307033201829
1787023670230,0.001399,346953.0,0.001401,1832821.0,0.0014,14.285714285713084
1787023670231,0.0014,272221.0,0.001401,1761443.0,0.0014004999999999998,7.140307033201829
1787023670242,0.0014,342310.0,0.001401,1761443.0,0.0014004999999999998,7.140307033201829
1787023670260,0.0014,342310.0,0.001401,961443.0,0.0014004999999999998,7.140307033201829
1787023670261,0.0014,342310.0,0.001401,757704.0,0.0014004999999999998,7.140307033201829
1787023670262,0.0014,342310.0,0.001401,900460.0,0.0014004999999999998,7.140307033201829
1787023670263,0.0014,342310.0,0.001401,971838.0,0.0014004999999999998,7.140307033201829
1787023670272,0.0014,235662.0,0.001401,971838.0,0.0014004999999999998,7.140307033201829
1787023670274,0.0014,235662.0,0.001401,1771838.0,0.0014004999999999998,7.140307033201829
1787023670276,0.0014,235662.0,0.001401,971838.0,0.0014004999999999998,7.140307033201829
1787023670279,0.0014,316608.0,0.001401,971838.0,0.0014004999999999998,7.140307033201829
1787023670309,0.0014,314625.0,0.001401,971838.0,0.0014004999999999998,7.140307033201829
1787023670311,0.0014,314625.0,0.001401,1571838.0,0.0014004999999999998,7.140307033201829
1787023670318,0.0014,314625.0,0.001401,971838.0,0.0014004999999999998,7.140307033201829
1787023670352,0.0014,314625.0,0.001401,1137825.0,0.0014004999999999998,7.140307033201829
1787023670355,0.0014,318550.0,0.001401,1137825.0,0.0014004999999999998,7.140307033201829
1787023670381,0.0014,122491.0,0.001401,1137825.0,0.0014004999999999998,7.140307033201829
1787023670385,0.0014,118566.0,0.001401,1137825.0,0.0014004999999999998,7.140307033201829
1787023670388,0.0014,118566.0,0.001401,1141750.0,0.0014004999999999998,7.140307033201829
1787023670389,0.0014,118566.0,0.001401,1137825.0,0.0014004999999999998,7.140307033201829
1787023670393,0.0014,118566.0,0.001401,2021833.0,0.0014004999999999998,7.140307033201829
1787023670394,0.0014,118566.0,0.001401,2029674.0,0.0014004999999999998,7.140307033201829
1787023670395,0.0014,118566.0,0.001401,1886918.0,0.0014004999999999998,7.140307033201829
1787023670396,0.0014,118566.0,0.001401,1815540.0,0.0014004999999999998,7.140307033201829
1787023670400,0.0014,245581.0,0.001401,1815540.0,0.0014004999999999998,7.140307033201829
1787023670401,0.0014,245581.0,0.001401,2350049.0,0.0014004999999999998,7.140307033201829
1787023670402,0.0014,403207.0,0.001401,2361831.0,0.0014004999999999998,7.140307033201829
1787023670426,0.0014,407136.0,0.001401,2361831.0,0.0014004999999999998,7.140307033201829
1787023670439,0.0014,383773.0,0.001401,2361831.0,0.0014004999999999998,7.140307033201829
1787023670440,0.0014,360410.0,0.001401,2361831.0,0.0014004999999999998,7.140307033201829
1787023670448,0.0014,1091247.0,0.001401,2361831.0,0.0014004999999999998,7.140307033201829
1787023670449,0.0014,1079465.0,0.001401,2361831.0,0.0014004999999999998,7.140307033201829
1787023670492,0.0014,1079465.0,0.001401,2374519.0,0.0014004999999999998,7.140307033201829
1787023670507,0.0014,1091247.0,0.001401,2374519.0,0.0014004999999999998,7.140307033201829
1787023670618,0.0014,1091247.0,0.001401,2378445.0,0.0014004999999999998,7.140307033201829
1787023670632,0.0014,1061181.0,0.001401,2378445.0,0.0014004999999999998,7.140307033201829
1787023670636,0.0014,330344.0,0.001401,2378445.0,0.0014004999999999998,7.140307033201829
1787023670656,0.001399,471831.0,0.0014,235466.0,0.0013995000000000001,7.1454090746689225
1787023670657,0.001399,448267.0,0.0014,656298.0,0.0013995000000000001,7.1454090746689225
1787023670658,0.001398,1149242.0,0.0014,1064619.0,0.001399,14.295925661186908
1787023670659,0.001398,1310962.0,0.0014,1293339.0,0.001399,14.295925661186908
1787023670660,0.001398,995498.0,0.001399,75428.0,0.0013985,7.150518412585862
1787023670661,0.001398,852436.0,0.001399,243905.0,0.0013985,7.150518412585862
1787023670662,0.001398,602726.0,0.001399,292382.0,0.0013985,7.150518412585862
1787023670663,0.001398,459664.0,0.001399,923905.0,0.0013985,7.150518412585862
1787023670664,0.001398,388133.0,0.001399,923905.0,0.0013985,7.150518412585862
1787023670665,0.001398,316602.0,0.001399,923905.0,0.0013985,7.150518412585862
1787023670667,0.001398,245071.0,0.001399,923905.0,0.0013985,7.150518412585862
1787023670671,0.001398,245071.0,0.0014,2457424.0,0.001399,14.295925661186908
1787023670672,0.001398,245071.0,0.001399,48477.0,0.0013985,7.150518412585862
1787023670673,0.001398,245071.0,0.001399,73465.0,0.0013985,7.150518412585862
1787023670674,0.001398,245071.0,0.001399,391516.0,0.0013985,7.150518412585862
1787023670675,0.001398,316602.0,0.001399,71480.0,0.0013985,7.150518412585862
1787023670676,0.001398,320467.0,0.0014,1316535.0,0.001399,14.295925661186908
1787023670677,0.001398,320467.0,0.001399,48477.0,0.0013985,7.150518412585862
1787023670678,0.001398,391998.0,0.001399,48477.0,0.0013985,7.150518412585862
1787023670685,0.001398,391998.0,0.001399,41355.0,0.0013985,7.150518412585862
1787023670686,0.001398,391998.0,0.001399,53121.0,0.0013985,7.150518412585862
1787023670687,0.001398,1191998.0,0.001399,53121.0,0.0013985,7.150518412585862
1787023670688,0.001398,1120467.0,0.001399,11766.0,0.0013985,7.150518412585862
1787023670694,0.001398,1116683.0,0.001399,11766.0,0.0013985,7.150518412585862
1787023670696,0.001398,1136888.0,0.001399,11766.0,0.0013985,7.150518412585862
1787023670703,0.001398,1209815.0,0.001399,11766.0,0.0013985,7.150518412585862
1787023670704,0.001398,1282742.0,0.001399,11766.0,0.0013985,7.150518412585862
1787023670712,0.001398,1282742.0,0.001399,60243.0,0.0013985,7.150518412585862
1787023670732,0.001398,1356113.0,0.001399,60243.0,0.0013985,7.150518412585862
1787023670761,0.001398,1356113.0,0.001399,594752.0,0.0013985,7.150518412585862
1787023670782,0.001398,1397120.0,0.001399,594752.0,0.0013985,7.150518412585862
1787023670792,0.001398,1397120.0,0.001399,666232.0,0.0013985,7.150518412585862
1787023670799,0.001398,1397120.0,0.001399,657958.0,0.0013985,7.150518412585862
1787023670800,0.001398,1470197.0,0.001399,654466.0,0.0013985,7.150518412585862
1787023670816,0.001398,1481996.0,0.001399,666265.0,0.0013985,7.150518412585862
1787023670818,0.001398,1481996.0,0.0014,1648183.0,0.001399,14.295925661186908
1787023670819,0.001399,1273792.0,0.0014,1169410.0,0.0013995000000000001,7.1454090746689225
1787023670820,0.001399,1273792.0,0.0014,622020.0,0.0013995000000000001,7.1454090746689225
1787023670821,0.001399,1273792.0,0.0014,550591.0,0.0013995000000000001,7.1454090746689225
1787023670822,0.001399,1273792.0,0.0014,797213.0,0.0013995000000000001,7.1454090746689225
1787023670823,0.001399,1273792.0,0.0014,725784.0,0.0013995000000000001,7.1454090746689225
1787023670831,0.001399,1273792.0,0.0014,689927.0,0.0013995000000000001,7.1454090746689225
1787023670838,0.001399,2147137.0,0.0014,689927.0,0.0013995000000000001,7.1454090746689225
1787023670839,0.001399,2170585.0,0.0014,689927.0,0.0013995000000000001,7.1454090746689225
1787023670840,0.001399,2217481.0,0.0014,689927.0,0.0013995000000000001,7.1454090746689225
1787023670850,0.001399,2217481.0,0.0014,1455331.0,0.0013995000000000001,7.1454090746689225
1787023670862,0.001399,1892255.0,0.0014,1455331.0,0.0013995000000000001,7.1454090746689225
1787023670864,0.001399,1892255.0,0.0014,1615374.0,0.0013995000000000001,7.1454090746689225
1787023670865,0.001399,1018910.0,0.0014,1615374.0,0.0013995000000000001,7.1454090746689225
1787023670877,0.001399,218910.0,0.0014,1615374.0,0.0013995000000000001,7.1454090746689225
1787023670878,0.001399,170433.0,0.0014,1615374.0,0.0013995000000000001,7.1454090746689225
1787023670898,0.001399,218910.0,0.0014,1615374.0,0.0013995000000000001,7.1454090746689225
1787023670986,0.001399,165564.0,0.0014,1615374.0,0.0013995000000000001,7.1454090746689225
1787023670987,0.001399,165564.0,0.0014,1627164.0,0.0013995000000000001,7.1454090746689225
1787023670988,0.001399,177354.0,0.0014,1627164.0,0.0013995000000000001,7.1454090746689225
1787023670989,0.001399,128877.0,0.0014,1627164.0,0.0013995000000000001,7.1454090746689225
1787023670990,0.001399,177354.0,0.0014,1627164.0,0.0013995000000000001,7.1454090746689225
1787023671023,0.001399,177354.0,0.0014,1427164.0,0.0013995000000000001,7.1454090746689225
1787023671025,0.001399,177354.0,0.0014,661760.0,0.0013995000000000001,7.1454090746689225
1787023671026,0.001399,177354.0,0.0014,733189.0,0.0013995000000000001,7.1454090746689225
1787023671029,0.001399,177354.0,0.0014,804618.0,0.0013995000000000001,7.1454090746689225
1787023671037,0.001399,305171.0,0.0014,804618.0,0.0013995000000000001,7.1454090746689225
1787023671039,0.001399,293381.0,0.0014,804618.0,0.0013995000000000001,7.1454090746689225
1787023671090,0.001399,293381.0,0.0014,808547.0,0.0013995000000000001,7.1454090746689225
1787023671091,0.001399,305171.0,0.0014,808547.0,0.0013995000000000001,7.1454090746689225
1787023671098,0.001399,654573.0,0.0014,808547.0,0.0013995000000000001,7.1454090746689225
1787023671099,0.001399,992185.0,0.0014,808547.0,0.0013995000000000001,7.1454090746689225
1787023671100,0.001399,1211578.0,0.0014,808547.0,0.0013995000000000001,7.1454090746689225
1787023671158,0.001399,1211578.0,0.0014,737118.0,0.0013995000000000001,7.1454090746689225
1787023671194,0.001399,1223368.0,0.0014,737118.0,0.0013995000000000001,7.1454090746689225
1787023671195,0.001399,1241378.0,0.0014,737118.0,0.0013995000000000001,7.1454090746689225
1787023671202,0.001399,1168247.0,0.0014,737118.0,0.0013995000000000001,7.1454090746689225
1787023671231,0.001399,2061165.0,0.0014,1578675.0,0.0013995000000000001,7.1454090746689225
1787023671232,0.001399,2061165.0,0.0014,1578675.0,0.0013995000000000001,7.1454090746689225
1787023671334,0.001399,2134530.0,0.0014,1578675.0,0.0013995000000000001,7.1454090746689225
1787023671342,0.001399,7615095.0,0.0014,1578675.0,0.0013995000000000001,7.1454090746689225
1787023671343,0.001399,7615095.0,0.001401,2309195.0,0.0014,14.285714285713084
1787023671344,0.0014,1554903.0,0.001401,2063695.0,0.0014004999999999998,7.140307033201829
1787023671345,0.0014,1042967.0,0.001401,1007383.0,0.0014004999999999998,7.140307033201829
1787023671346,0.0014,442967.0,0.001401,613564.0,0.0014004999999999998,7.140307033201829
1787023671347,0.0014,456657.0,0.001401,756320.0,0.0014004999999999998,7.140307033201829
1787023671348,0.0014,456657.0,0.001401,766013.0,0.0014004999999999998,7.140307033201829
1787023671368,0.0014,460586.0,0.001401,659290.0,0.0014004999999999998,7.140307033201829
1787023671369,0.0014,460586.0,0.001401,552567.0,0.0014004999999999998,7.140307033201829
1787023671373,0.0014,460586.0,0.001401,548642.0,0.0014004999999999998,7.140307033201829
1787023671374,0.0014,460586.0,0.001401,477264.0,0.0014004999999999998,7.140307033201829
1787023671392,0.0014,535411.0,0.001401,477264.0,0.0014004999999999998,7.140307033201829
1787023671394,0.0014,535411.0,0.001401,405886.0,0.0014004999999999998,7.140307033201829
1787023671398,0.0014,535411.0,0.001401,420166.0,0.0014004999999999998,7.140307033201829
1787023671447,0.0014,703749.0,0.001401,420166.0,0.0014004999999999998,7.140307033201829
1787023671454,0.0014,703749.0,0.001401,434147.0,0.0014004999999999998,7.140307033201829
1787023671499,0.0014,935458.0,0.001401,445929.0,0.0014004999999999998,7.140307033201829
1787023671538,0.0014,991130.0,0.001401,445929.0,0.0014004999999999998,7.140307033201829
1787023671539,0.0014,991130.0,0.001401,416905.0,0.0014004999999999998,7.140307033201829
1787023671540,0.0014,1791130.0,0.001401,169827.0,0.0014004999999999998,7.140307033201829
1787023671541,0.001401,224167.0,0.001402,1310945.0,0.0014015,7.135212272566056
1787023671542,0.001401,447911.0,0.001402,858605.0,0.0014015,7.135212272566056
1787023671543,0.001401,639144.0,0.001402,485075.0,0.0014015,7.135212272566056
1787023671544,0.001401,1507348.0,0.001402,1168689.0,0.0014015,7.135212272566056
1787023671545,0.001401,1507348.0,0.001402,1097362.0,0.0014015,7.135212272566056
1787023671546,0.001401,1507348.0,0.001402,1486740.0,0.0014015,7.135212272566056
1787023671547,0.001401,1435970.0,0.001402,1486740.0,0.0014015,7.135212272566056
1787023671550,0.001401,1435970.0,0.001402,1472454.0,0.0014015,7.135212272566056
1787023671554,0.001401,1435970.0,0.001402,1482472.0,0.0014015,7.135212272566056
1787023671567,0.001401,1460026.0,0.001402,1482472.0,0.0014015,7.135212272566056
1787023671570,0.001401,1435970.0,0.001402,1482472.0,0.0014015,7.135212272566056
1787023671585,0.001401,1435970.0,0.001402,2815027.0,0.0014015,7.135212272566056
1787023671587,0.001401,1435970.0,0.001402,2672373.0,0.0014015,7.135212272566056
1787023671596,0.001401,1435970.0,0.001402,2686645.0,0.0014015,7.135212272566056
1787023671599,0.001401,639144.0,0.001402,2686645.0,0.0014015,7.135212272566056
1787023671617,0.001401,342384.0,0.001402,2686645.0,0.0014015,7.135212272566056
1787023671619,0.001401,339103.0,0.001402,2686645.0,0.0014015,7.135212272566056
1787023671620,0.001401,9228.0,0.001402,2686645.0,0.0014015,7.135212272566056
1787023671621,0.0014,1590688.0,0.001401,906698.0,0.0014004999999999998,7.140307033201829
1787023671622,0.0014,1563210.0,0.001401,465985.0,0.0014004999999999998,7.140307033201829
1787023671623,0.0014,1597661.0,0.001401,754553.0,0.0014004999999999998,7.140307033201829
1787023671624,0.0014,1541989.0,0.001401,728101.0,0.0014004999999999998,7.140307033201829
1787023671634,0.0014,1615335.0,0.001401,728101.0,0.0014004999999999998,7.140307033201829
1787023671653,0.0014,1615335.0,0.001401,656723.0,0.0014004999999999998,7.140307033201829
1787023671668,0.001401,413081.0,0.001402,3317545.0,0.0014015,7.135212272566056
1787023671669,0.001401,472265.0,0.001402,3479602.0,0.0014015,7.135212272566056
1787023671670,0.001401,767387.0,0.001402,3109876.0,0.0014015,7.135212272566056
1787023671671,0.001401,838765.0,0.001402,3109876.0,0.0014015,7.135212272566056
1787023671672,0.001401,838765.0,0.001402,2686645.0,0.0014015,7.135212272566056
1787023671682,0.001401,1015684.0,0.001402,2686645.0,0.0014015,7.135212272566056
1787023671684,0.001401,1004977.0,0.001402,2686645.0,0.0014015,7.135212272566056
1787023671695,0.001401,898329.0,0.001402,2686645.0,0.0014015,7.135212272566056
1787023671697,0.001401,721410.0,0.001402,2686645.0,0.0014015,7.135212272566056
1787023671699,0.001401,940827.0,0.001402,2686645.0,0.0014015,7.135212272566056
1787023671721,0.0014,1458992.0,0.001401,26452.0,0.0014004999999999998,7.140307033201829
1787023671722,0.0014,1462633.0,0.001401,439533.0,0.0014004999999999998,7.140307033201829
1787023671723,0.0014,1510734.0,0.001402,2890384.0,0.001401,14.27551748750927
1787023671724,0.0014,1455062.0,0.001401,594740.0,0.0014004999999999998,7.140307033201829
1787023671725,0.0014,1455062.0,0.001401,523362.0,0.0014004999999999998,7.140307033201829
1787023671726,0.0014,1510734.0,0.001401,154079.0,0.0014004999999999998,7.140307033201829
1787023671728,0.0014,1581099.0,0.001401,154079.0,0.0014004999999999998,7.140307033201829
1787023671731,0.0014,1581099.0,0.001402,3425164.0,0.001401,14.27551748750927
1787023671732,0.001401,13094.0,0.001402,3421234.0,0.0014015,7.135212272566056
1787023671733,0.001401,307200.0,0.001402,3217495.0,0.0014015,7.135212272566056
1787023671734,0.001401,386171.0,0.001402,3217495.0,0.0014015,7.135212272566056
1787023671735,0.001401,506026.0,0.001402,3217495.0,0.0014015,7.135212272566056
1787023671736,0.001401,691994.0,0.001402,3217495.0,0.0014015,7.135212272566056
1787023671737,0.001401,691994.0,0.001402,2686645.0,0.0014015,7.135212272566056
1787023671743,0.001401,691994.0,0.001402,1860377.0,0.0014015,7.135212272566056
1787023671760,0.001401,1491994.0,0.001402,1860377.0,0.0014015,7.135212272566056
1787023671762,0.001401,1420616.0,0.001402,1860377.0,0.0014015,7.135212272566056
1787023671798,0.001401,1567542.0,0.001402,1860377.0,0.0014015,7.135212272566056
1787023671799,0.001401,1641005.0,0.001402,1860377.0,0.0014015,7.135212272566056
1787023671800,0.001401,1569627.0,0.001402,1860377.0,0.0014015,7.135212272566056
1787023671838,0.001401,1573553.0,0.001402,1860377.0,0.0014015,7.135212272566056
1787023671907,0.001401,1585327.0,0.001402,1872151.0,0.0014015,7.135212272566056
1787023671947,0.001401,2480600.0,0.001402,2610726.0,0.0014015,7.135212272566056
1787023672028,0.001401,1585327.0,0.001402,2610726.0,0.0014015,7.135212272566056
1787023672029,0.001401,1585327.0,0.001402,2610726.0,0.0014015,7.135212272566056
1787023672031,0.001401,1658805.0,0.001402,2610726.0,0.0014015,7.135212272566056
1787023672039,0.001401,1682291.0,0.001402,2610726.0,0.0014015,7.135212272566056
1787023672040,0.001401,1729263.0,0.001402,2610726.0,0.0014015,7.135212272566056
1787023672084,0.001401,1722452.0,0.001402,2610726.0,0.0014015,7.135212272566056
1787023672089,0.001401,1722452.0,0.001402,1278171.0,0.0014015,7.135212272566056
1787023672091,0.001401,1722452.0,0.001402,1278171.0,0.0014015,7.135212272566056
1787023672093,0.001401,1722452.0,0.001402,2605834.0,0.0014015,7.135212272566056
1787023672094,0.001401,1722452.0,0.001402,2594060.0,0.0014015,7.135212272566056
1787023672097,0.001401,2246843.0,0.001402,2594060.0,0.0014015,7.135212272566056
1787023672098,0.001401,2421640.0,0.001402,2594060.0,0.0014015,7.135212272566056
1787023672099,0.001401,2348177.0,0.001402,2594060.0,0.0014015,7.135212272566056
1787023672152,0.001401,2162209.0,0.001402,2594060.0,0.0014015,7.135212272566056
1787023672158,0.001401,1362209.0,0.001402,2594060.0,0.0014015,7.135212272566056
1787023672159,0.001401,1350435.0,0.001402,2594060.0,0.0014015,7.135212272566056
1787023672168,0.001401,1342842.0,0.001402,2594060.0,0.0014015,7.135212272566056
1787023672188,0.001401,1354616.0,0.001402,2594060.0,0.0014015,7.135212272566056
1787023672227,0.001401,1354616.0,0.001402,2605834.0,0.0014015,7.135212272566056
1787023672229,0.001401,2129694.0,0.001402,2605834.0,0.0014015,7.135212272566056
1787023672313,0.001401,1354616.0,0.001402,2605834.0,0.0014015,7.135212272566056
1787023672315,0.001401,1342842.0,0.001402,2605834.0,0.0014015,7.135212272566056
1787023672341,0.001401,1319356.0,0.001402,2605834.0,0.0014015,7.135212272566056
1787023672342,0.001401,1295870.0,0.001402,2605834.0,0.0014015,7.135212272566056
1787023672345,0.001401,1307644.0,0.001402,2605834.0,0.0014015,7.135212272566056
1787023672430,0.001401,1289616.0,0.001402,2605834.0,0.0014015,7.135212272566056
1787023672438,0.001401,1266130.0,0.001402,2605834.0,0.0014015,7.135212272566056
1787023672443,0.001401,1251417.0,0.001402,2605834.0,0.0014015,7.135212272566056
1787023672531,0.001401,1177939.0,0.001402,2605834.0,0.0014015,7.135212272566056
1787023672584,0.001401,1118965.0,0.001402,2605834.0,0.0014015,7.135212272566056
1787023672631,0.001401,1192380.0,0.001402,2605834.0,0.0014015,7.135212272566056
1787023672748,0.001401,2067678.0,0.001402,2605834.0,0.0014015,7.135212272566056
1787023672787,0.001401,2062470.0,0.001402,2605834.0,0.0014015,7.135212272566056
1787023672908,0.0014,715324.0,0.001401,2062470.0,0.0014004999999999998,7.140307033201829
1787023672909,0.0014,652081.0,0.001401,2461153.0,0.0014004999999999998,7.140307033201829
1787023672910,0.001399,5954691.0,0.0014,44863.0,0.0013995000000000001,7.1454090746689225
1787023672911,0.001399,5742392.0,0.0014,223105.0,0.0013995000000000001,7.1454090746689225
1787023672912,0.0014,14361.0,0.001401,1333756.0,0.0014004999999999998,7.140307033201829
1787023672913,0.0014,115654.0,0.001401,1537668.0,0.0014004999999999998,7.140307033201829
1787023672914,0.0014,205071.0,0.001401,965103.0,0.0014004999999999998,7.140307033201829
1787023672916,0.0014,205071.0,0.001401,1765103.0,0.0014004999999999998,7.140307033201829
1787023672934,0.0014,256803.0,0.001401,1693725.0,0.0014004999999999998,7.140307033201829
1787023672939,0.0014,280927.0,0.001401,1693725.0,0.0014004999999999998,7.140307033201829
1787023672940,0.0014,329175.0,0.001401,1480279.0,0.0014004999999999998,7.140307033201829
1787023672964,0.0014,329175.0,0.001401,1646266.0,0.0014004999999999998,7.140307033201829
1787023672966,0.0014,329175.0,0.001401,1574888.0,0.0014004999999999998,7.140307033201829
1787023672979,0.0014,128683.0,0.001401,1695646.0,0.0014004999999999998,7.140307033201829
1787023672980,0.0014,128683.0,0.001401,2101425.0,0.0014004999999999998,7.140307033201829
1787023672981,0.0014,245779.0,0.001401,1574888.0,0.0014004999999999998,7.140307033201829
1787023672983,0.0014,294256.0,0.001401,1574888.0,0.0014004999999999998,7.140307033201829
1787023672984,0.0014,245779.0,0.001401,1574888.0,0.0014004999999999998,7.140307033201829
1787023672988,0.0014,134893.0,0.001401,1574888.0,0.0014004999999999998,7.140307033201829
1787023672990,0.001399,6293376.0,0.0014,13379.0,0.0013995000000000001,7.1454090746689225
1787023672991,0.001399,6218923.0,0.0014,61856.0,0.0013995000000000001,7.1454090746689225
1787023672995,0.001399,6235406.0,0.0014,61856.0,0.0013995000000000001,7.1454090746689225
1787023672998,0.001399,6309506.0,0.0014,61856.0,0.0013995000000000001,7.1454090746689225
1787023672999,0.001399,6383606.0,0.0014,61856.0,0.0013995000000000001,7.1454090746689225
1787023673014,0.001399,6383606.0,0.0014,48477.0,0.0013995000000000001,7.1454090746689225
1787023673032,0.001399,6457702.0,0.0014,48477.0,0.0013995000000000001,7.1454090746689225
1787023673033,0.0014,413081.0,0.001401,1661351.0,0.0014004999999999998,7.140307033201829
1787023673034,0.0014,413081.0,0.001401,1884613.0,0.0014004999999999998,7.140307033201829
1787023673035,0.0014,413081.0,0.001401,1643602.0,0.0014004999999999998,7.140307033201829
1787023673036,0.0014,413081.0,0.001401,1345243.0,0.0014004999999999998,7.140307033201829
1787023673037,0.0014,533894.0,0.001401,1345243.0,0.0014004999999999998,7.140307033201829
1787023673050,0.0014,533894.0,0.001401,545243.0,0.0014004999999999998,7.140307033201829
1787023673068,0.0014,757638.0,0.001401,545243.0,0.0014004999999999998,7.140307033201829
1787023673069,0.0014,973586.0,0.001401,545243.0,0.0014004999999999998,7.140307033201829
1787023673070,0.0014,973586.0,0.001401,473865.0,0.0014004999999999998,7.140307033201829
1787023673085,0.0014,973586.0,0.001402,3689766.0,0.001401,14.27551748750927
1787023673086,0.001401,413081.0,0.001402,3909265.0,0.0014015,7.135212272566056
1787023673087,0.001401,487703.0,0.001402,3255051.0,0.0014015,7.135212272566056
1787023673089,0.001401,536180.0,0.001402,3255051.0,0.0014015,7.135212272566056
1787023673103,0.001401,607558.0,0.001402,3255051.0,0.0014015,7.135212272566056
1787023673115,0.001401,1349017.0,0.001402,3255051.0,0.0014015,7.135212272566056
1787023673117,0.001401,1277639.0,0.001402,3255051.0,0.0014015,7.135212272566056
1787023673185,0.001401,1289413.0,0.001402,3266825.0,0.0014015,7.135212272566056
1787023673190,0.001401,1289413.0,0.001402,2663086.0,0.0014015,7.135212272566056
1787023673192,0.001401,1505361.0,0.001402,2436222.0,0.0014015,7.135212272566056
1787023673194,0.001401,1505361.0,0.001402,1697647.0,0.0014015,7.135212272566056
1787023673198,0.001401,1505361.0,0.001402,1637801.0,0.0014015,7.135212272566056
1787023673199,0.001401,1505361.0,0.001402,1414057.0,0.0014015,7.135212272566056
1787023673200,0.001401,1653341.0,0.001402,1414057.0,0.0014015,7.135212272566056
1787023673202,0.001401,1653341.0,0.001402,1629652.0,0.0014015,7.135212272566056
1787023673207,0.001401,1653341.0,0.001402,1414057.0,0.0014015,7.135212272566056
1787023673213,0.001401,1653341.0,0.001402,1629652.0,0.0014015,7.135212272566056
1787023673233,0.001401,1723978.0,0.001402,1629652.0,0.0014015,7.135212272566056
1787023673241,0.001401,1723978.0,0.001402,2011069.0,0.0014015,7.135212272566056
1787023673242,0.001401,1723978.0,0.001402,1999295.0,0.0014015,7.135212272566056
1787023673253,0.001401,1727904.0,0.001402,1999295.0,0.0014015,7.135212272566056
1787023673269,0.001401,1727904.0,0.001402,2004050.0,0.0014015,7.135212272566056
1787023673295,0.001401,1727904.0,0.001402,2015824.0,0.0014015,7.135212272566056
1787023673348,0.001401,1727904.0,0.001402,2011899.0,0.0014015,7.135212272566056
1787023673381,0.001401,1727904.0,0.001402,2015822.0,0.0014015,7.135212272566056
1787023673397,0.001401,1727904.0,0.001402,2814812.0,0.0014015,7.135212272566056
1787023673398,0.001401,1741243.0,0.001402,2814812.0,0.0014015,7.135212272566056
1787023673422,0.001401,1741243.0,0.001402,2818659.0,0.0014015,7.135212272566056
1787023673483,0.001401,1741243.0,0.001402,2782971.0,0.0014015,7.135212272566056
1787023673497,0.001401,1741243.0,0.001402,2797243.0,0.0014015,7.135212272566056
1787023673508,0.001401,1741243.0,0.001402,2919532.0,0.0014015,7.135212272566056
1787023673509,0.001401,1741243.0,0.001402,3025562.0,0.0014015,7.135212272566056
1787023673573,0.001401,783836.0,0.001402,3241510.0,0.0014015,7.135212272566056
1787023673574,0.001401,783836.0,0.001402,3241510.0,0.0014015,7.135212272566056
1787023673661,0.001401,783836.0,0.001402,3248643.0,0.0014015,7.135212272566056
1787023673670,0.001401,783836.0,0.001402,3310144.0,0.0014015,7.135212272566056
1787023673673,0.001401,783836.0,0.001402,3340894.0,0.0014015,7.135212272566056
1787023673731,0.001401,783836.0,0.001402,3333761.0,0.0014015,7.135212272566056
1787023673738,0.001401,807957.0,0.001402,3333761.0,0.0014015,7.135212272566056
1787023673839,0.001401,803241.0,0.001402,3333761.0,0.0014015,7.135212272566056
1787023673945,0.001401,786651.0,0.001402,3333761.0,0.0014015,7.135212272566056
1787023673968,0.001401,782675.0,0.001402,3333761.0,0.0014015,7.135212272566056
1787023674044,0.001401,733769.0,0.001402,3333761.0,0.0014015,7.135212272566056
1787023674045,0.001401,659147.0,0.001402,3333761.0,0.0014015,7.135212272566056
1787023674047,0.001401,610670.0,0.001402,3333761.0,0.0014015,7.135212272566056
1787023674053,0.001401,682048.0,0.001402,3333761.0,0.0014015,7.135212272566056
1787023674055,0.001401,730525.0,0.001402,3333761.0,0.0014015,7.135212272566056
1787023674098,0.001401,1080863.0,0.001402,3333761.0,0.0014015,7.135212272566056
1787023674139,0.001401,1886049.0,0.001402,3333761.0,0.0014015,7.135212272566056
1787023674140,0.001401,1814671.0,0.001402,3333761.0,0.0014015,7.135212272566056
1787023674156,0.001401,1814671.0,0.001402,3272260.0,0.0014015,7.135212272566056
1787023674158,0.001401,1814671.0,0.001402,3241510.0,0.0014015,7.135212272566056
1787023674396,0.001401,1814671.0,0.001402,3255782.0,0.0014015,7.135212272566056
1787023674398,0.001401,1801332.0,0.001402,3255782.0,0.0014015,7.135212272566056
1787023674532,0.001401,1730695.0,0.001402,3255782.0,0.0014015,7.135212272566056
1787023674541,0.001401,1706574.0,0.001402,3255782.0,0.0014015,7.135212272566056
1787023674599,0.001401,1706574.0,0.001402,3241510.0,0.0014015,7.135212272566056
1787023674631,0.001401,1776815.0,0.001402,3241510.0,0.0014015,7.135212272566056
1787023674639,0.001401,1800914.0,0.001402,3241510.0,0.0014015,7.135212272566056
1787023674702,0.001401,1800914.0,0.001402,3221510.0,0.0014015,7.135212272566056
1787023674738,0.001401,1825007.0,0.001402,3221510.0,0.0014015,7.135212272566056
1787023675015,0.001401,1808192.0,0.001402,3221510.0,0.0014015,7.135212272566056
1787023675069,0.001401,1805354.0,0.001402,3221510.0,0.0014015,7.135212272566056
1787023675140,0.001401,1781261.0,0.001402,3221510.0,0.0014015,7.135212272566056
1787023675214,0.001401,1781261.0,0.001402,2770968.0,0.0014015,7.135212272566056
1787023675215,0.001401,2008056.0,0.001402,1756030.0,0.0014015,7.135212272566056
1787023675216,0.001401,2008056.0,0.001402,1756030.0,0.0014015,7.135212272566056
1787023675357,0.001401,2008056.0,0.001402,910307.0,0.0014015,7.135212272566056
1787023675359,0.001401,2008056.0,0.001402,1753612.0,0.0014015,7.135212272566056
1787023675432,0.001401,2008056.0,0.001402,2608015.0,0.0014015,7.135212272566056
1787023675433,0.001401,2008056.0,0.001402,2596241.0,0.0014015,7.135212272566056
1787023675434,0.001401,2008056.0,0.001402,2608015.0,0.0014015,7.135212272566056
1787023675533,0.001401,1937815.0,0.001402,2608015.0,0.0014015,7.135212272566056
1787023675541,0.001401,1913716.0,0.001402,2608015.0,0.0014015,7.135212272566056
1787023675630,0.001401,1686921.0,0.001402,2608015.0,0.0014015,7.135212272566056
1787023675631,0.001401,1686921.0,0.001402,2834810.0,0.0014015,7.135212272566056
1787023675632,0.001401,881735.0,0.001402,2834810.0,0.0014015,7.135212272566056
1787023675696,0.001401,881735.0,0.001402,2820538.0,0.0014015,7.135212272566056
1787023675762,0.001401,848409.0,0.001402,2820538.0,0.0014015,7.135212272566056
1787023675797,0.001401,848409.0,0.001402,2834811.0,0.0014015,7.135212272566056
1787023675941,0.001401,872516.0,0.001402,2834811.0,0.0014015,7.135212272566056
1787023675996,0.001401,872516.0,0.001402,2820538.0,0.0014015,7.135212272566056
1787023676063,0.001401,556591.0,0.001402,2820538.0,0.0014015,7.135212272566056
1787023676064,0.0014,1792720.0,0.001401,281939.0,0.0014004999999999998,7.140307033201829
1787023676065,0.0014,1541787.0,0.001401,683999.0,0.0014004999999999998,7.140307033201829
1787023676066,0.0014,2696357.0,0.001401,1288089.0,0.0014004999999999998,7.140307033201829
1787023676067,0.0014,1921789.0,0.001401,1288089.0,0.0014004999999999998,7.140307033201829
1787023676068,0.0014,1921789.0,0.001401,1514884.0,0.0014004999999999998,7.140307033201829
1787023676069,0.0014,2328494.0,0.001401,1514884.0,0.0014004999999999998,7.140307033201829
1787023676070,0.0014,2328494.0,0.001401,1291140.0,0.0014004999999999998,7.140307033201829
1787023676075,0.0014,2328494.0,0.001401,561137.0,0.0014004999999999998,7.140307033201829
1787023676076,0.0014,2328494.0,0.001401,632515.0,0.0014004999999999998,7.140307033201829
1787023676094,0.0014,2328494.0,0.001401,428776.0,0.0014004999999999998,7.140307033201829
1787023676096,0.0014,2328494.0,0.001401,357398.0,0.0014004999999999998,7.140307033201829
1787023676099,0.0014,2476746.0,0.001401,357398.0,0.0014004999999999998,7.140307033201829
1787023676114,0.0014,2011872.0,0.001401,357398.0,0.0014004999999999998,7.140307033201829
1787023676116,0.0014,2011872.0,0.001401,1157398.0,0.0014004999999999998,7.140307033201829
1787023676131,0.0014,2082115.0,0.001401,1157398.0,0.0014004999999999998,7.140307033201829
1787023676135,0.0014,2082115.0,0.001401,357398.0,0.0014004999999999998,7.140307033201829
1787023676136,0.0014,2308910.0,0.001401,357398.0,0.0014004999999999998,7.140307033201829
1787023676137,0.0014,2202262.0,0.001401,357398.0,0.0014004999999999998,7.140307033201829
1787023676138,0.0014,2202262.0,0.001401,1157398.0,0.0014004999999999998,7.140307033201829
1787023676159,0.0014,2199133.0,0.001401,1157398.0,0.0014004999999999998,7.140307033201829
1787023676160,0.0014,2199133.0,0.001401,357398.0,0.0014004999999999998,7.140307033201829
1787023676189,0.0014,2199133.0,0.001401,615603.0,0.0014004999999999998,7.140307033201829
1787023676191,0.0014,2199133.0,0.001401,686981.0,0.0014004999999999998,7.140307033201829
1787023676201,0.0014,2273291.0,0.001401,686981.0,0.0014004999999999998,7.140307033201829
1787023676240,0.0014,2297184.0,0.001401,686981.0,0.0014004999999999998,7.140307033201829
1787023676264,0.0014,2273108.0,0.001401,686981.0,0.0014004999999999998,7.140307033201829
1787023676265,0.0014,2284890.0,0.001401,698763.0,0.0014004999999999998,7.140307033201829
1787023676289,0.0014,3142261.0,0.001401,698763.0,0.0014004999999999998,7.140307033201829
1787023676299,0.0014,3068103.0,0.001401,698763.0,0.0014004999999999998,7.140307033201829
1787023676336,0.0014,3021165.0,0.001401,698763.0,0.0014004999999999998,7.140307033201829
1787023676348,0.0014,3021165.0,0.001401,1547990.0,0.0014004999999999998,7.140307033201829
1787023676349,0.0014,3021165.0,0.001401,1536208.0,0.0014004999999999998,7.140307033201829
1787023676350,0.0014,3017235.0,0.001401,1536208.0,0.0014004999999999998,7.140307033201829
1787023676398,0.0014,3017235.0,0.001401,1550487.0,0.0014004999999999998,7.140307033201829
1787023676428,0.0014,3017235.0,0.001401,701260.0,0.0014004999999999998,7.140307033201829
1787023676430,0.0014,3017235.0,0.001401,474465.0,0.0014004999999999998,7.140307033201829
1787023676493,0.0014,3017235.0,0.001401,486247.0,0.0014004999999999998,7.140307033201829
1787023676595,0.0014,3017235.0,0.001401,471968.0,0.0014004999999999998,7.140307033201829
1787023676596,0.0014,3274085.0,0.001401,471968.0,0.0014004999999999998,7.140307033201829
1787023676668,0.0014,3157983.0,0.001401,471968.0,0.0014004999999999998,7.140307033201829
1787023676670,0.0014,3157983.0,0.001401,1271968.0,0.0014004999999999998,7.140307033201829
1787023676671,0.0014,3157983.0,0.001401,1260186.0,0.0014004999999999998,7.140307033201829
1787023676672,0.0014,3157983.0,0.001401,1271968.0,0.0014004999999999998,7.140307033201829
1787023676687,0.0014,3157983.0,0.001401,2014063.0,0.0014004999999999998,7.140307033201829
1787023676689,0.0014,3157983.0,0.001401,1942685.0,0.0014004999999999998,7.140307033201829
1787023676781,0.0014,3157983.0,0.001401,1142685.0,0.0014004999999999998,7.140307033201829
1787023676782,0.0014,3157983.0,0.001401,1142685.0,0.0014004999999999998,7.140307033201829
1787023676839,0.0014,3205769.0,0.001401,1142685.0,0.0014004999999999998,7.140307033201829
1787023676883,0.0014,3205769.0,0.001401,1139112.0,0.0014004999999999998,7.140307033201829
1787023676891,0.0014,3205769.0,0.001401,919669.0,0.0014004999999999998,7.140307033201829
1787023676892,0.0014,3205769.0,0.001401,177574.0,0.0014004999999999998,7.140307033201829
1787023676893,0.0014,3205769.0,0.001401,181500.0,0.0014004999999999998,7.140307033201829
1787023676894,0.0014,3205769.0,0.001401,229977.0,0.0014004999999999998,7.140307033201829
1787023677006,0.0014,3209698.0,0.001401,229977.0,0.0014004999999999998,7.140307033201829
1787023677040,0.0014,3185805.0,0.001401,229977.0,0.0014004999999999998,7.140307033201829
1787023677076,0.0014,3043050.0,0.001401,229977.0,0.0014004999999999998,7.140307033201829
1787023677099,0.0014,3392862.0,0.001401,229977.0,0.0014004999999999998,7.140307033201829
1787023677114,0.0014,3391340.0,0.001401,229977.0,0.0014004999999999998,7.140307033201829
1787023677123,0.0014,2182027.0,0.001401,229977.0,0.0014004999999999998,7.140307033201829
1787023677124,0.0014,2182027.0,0.001401,229977.0,0.0014004999999999998,7.140307033201829
1787023677172,0.0014,2182027.0,0.001401,982206.0,0.0014004999999999998,7.140307033201829
1787023677173,0.0014,2182027.0,0.001401,982206.0,0.0014004999999999998,7.140307033201829
1787023677194,0.0014,2182027.0,0.001401,947576.0,0.0014004999999999998,7.140307033201829
1787023677199,0.0014,2182027.0,0.001401,195347.0,0.0014004999999999998,7.140307033201829
1787023677200,0.0014,2182027.0,0.001401,229977.0,0.0014004999999999998,7.140307033201829
1787023677227,0.0014,2176902.0,0.001401,229977.0,0.0014004999999999998,7.140307033201829
1787023677302,0.0014,2250777.0,0.001401,229977.0,0.0014004999999999998,7.140307033201829
1787023677400,0.0014,2176902.0,0.001401,229977.0,0.0014004999999999998,7.140307033201829
1787023677402,0.0014,2176902.0,0.001401,1128200.0,0.0014004999999999998,7.140307033201829
1787023677403,0.0014,2176902.0,0.001401,1199578.0,0.0014004999999999998,7.140307033201829
1787023677414,0.0014,2212245.0,0.001401,1199578.0,0.0014004999999999998,7.140307033201829
1787023677597,0.0014,1955395.0,0.001401,1199578.0,0.0014004999999999998,7.140307033201829
1787023677639,0.0014,1931502.0,0.001401,1199578.0,0.0014004999999999998,7.140307033201829
1787023677799,0.0014,1931502.0,0.001401,301355.0,0.0014004999999999998,7.140307033201829
1787023677800,0.0014,1931502.0,0.001401,229977.0,0.0014004999999999998,7.140307033201829
1787023677869,0.0014,1931502.0,0.001401,209106.0,0.0014004999999999998,7.140307033201829
1787023677870,0.0014,1931502.0,0.001401,213032.0,0.0014004999999999998,7.140307033201829
1787023677923,0.0014,1957033.0,0.001401,213032.0,0.0014004999999999998,7.140307033201829
1787023678039,0.0014,1980934.0,0.001401,213032.0,0.0014004999999999998,7.140307033201829
1787023678261,0.0014,1977888.0,0.001401,213032.0,0.0014004999999999998,7.140307033201829
1787023678264,0.0014,1977888.0,0.001401,1123142.0,0.0014004999999999998,7.140307033201829
1787023678265,0.0014,1977888.0,0.001401,1123142.0,0.0014004999999999998,7.140307033201829
1787023678295,0.0014,1977888.0,0.001401,1137421.0,0.0014004999999999998,7.140307033201829
1787023678297,0.0014,1977888.0,0.001402,1934018.0,0.001401,14.27551748750927
1787023678298,0.0014,2201632.0,0.001402,2033997.0,0.001401,14.27551748750927
1787023678299,0.001401,648477.0,0.001402,1810253.0,0.0014015,7.135212272566056
1787023678300,0.001401,2002538.0,0.001402,1499173.0,0.0014015,7.135212272566056
1787023678301,0.001401,1269043.0,0.001402,1272378.0,0.0014015,7.135212272566056
1787023678302,0.001401,1744894.0,0.001402,1272378.0,0.0014015,7.135212272566056
1787023678303,0.001401,1744894.0,0.001402,1280419.0,0.0014015,7.135212272566056
1787023678316,0.001401,1744894.0,0.001402,1530559.0,0.0014015,7.135212272566056
1787023678318,0.001401,1144894.0,0.001402,1530559.0,0.0014015,7.135212272566056
1787023678353,0.001401,1144894.0,0.001402,1499005.0,0.0014015,7.135212272566056
1787023678355,0.001401,1127376.0,0.001402,1495080.0,0.0014015,7.135212272566056
1787023678415,0.001401,1139150.0,0.001402,1506854.0,0.0014015,7.135212272566056
1787023678428,0.001401,889150.0,0.001402,1506854.0,0.0014015,7.135212272566056
1787023678430,0.001401,639010.0,0.001402,1506854.0,0.0014015,7.135212272566056
1787023678431,0.001401,710388.0,0.001402,1721313.0,0.0014015,7.135212272566056
1787023678472,0.001401,677907.0,0.001402,1721313.0,0.0014015,7.135212272566056
1787023678500,0.001401,825941.0,0.001402,1721313.0,0.0014015,7.135212272566056
1787023678501,0.001401,825941.0,0.001402,2547652.0,0.0014015,7.135212272566056
1787023678576,0.001401,825941.0,0.001402,2333193.0,0.0014015,7.135212272566056
1787023678577,0.001401,1651105.0,0.001402,2333193.0,0.0014015,7.135212272566056
1787023678579,0.001401,1639331.0,0.001402,2333193.0,0.0014015,7.135212272566056
1787023678580,0.001401,1651105.0,0.001402,2333193.0,0.0014015,7.135212272566056
1787023678617,0.001401,1622304.0,0.001402,2333193.0,0.0014015,7.135212272566056
1787023678676,0.001401,797140.0,0.001402,2333193.0,0.0014015,7.135212272566056
1787023678682,0.001401,797140.0,0.001402,2458020.0,0.0014015,7.135212272566056
1787023678730,0.001401,797140.0,0.001402,2404449.0,0.0014015,7.135212272566056
1787023678858,0.001401,1020884.0,0.001402,2404449.0,0.0014015,7.135212272566056
1787023678867,0.001401,1271024.0,0.001402,2404449.0,0.0014015,7.135212272566056
1787023678877,0.001401,2008295.0,0.001402,2404449.0,0.0014015,7.135212272566056
1787023678878,0.001401,2008295.0,0.001402,2404449.0,0.0014015,7.135212272566056
1787023678939,0.001401,2032352.0,0.001402,2404449.0,0.0014015,7.135212272566056
1787023678940,0.001401,2056409.0,0.001402,2404449.0,0.0014015,7.135212272566056
1787023678983,0.001401,1985031.0,0.001402,2404449.0,0.0014015,7.135212272566056
1787023679098,0.001401,2334271.0,0.001402,2404449.0,0.0014015,7.135212272566056
1787023679099,0.001401,2336865.0,0.001402,2404449.0,0.0014015,7.135212272566056
1787023679102,0.001401,1599594.0,0.001402,2404449.0,0.0014015,7.135212272566056
1787023679106,0.001401,1349454.0,0.001402,2404449.0,0.0014015,7.135212272566056
1787023679110,0.001401,1349454.0,0.001402,2620407.0,0.0014015,7.135212272566056
1787023679111,0.001401,1349454.0,0.001402,2608633.0,0.0014015,7.135212272566056
1787023679146,0.001401,1349454.0,0.001402,3066094.0,0.0014015,7.135212272566056
1787023679199,0.001401,1275482.0,0.001402,3066094.0,0.0014015,7.135212272566056
1787023679237,0.001401,1275482.0,0.001402,3077868.0,0.0014015,7.135212272566056
1787023679298,0.001401,1201465.0,0.001402,3077868.0,0.0014015,7.135212272566056
1787023679355,0.001401,1183739.0,0.001402,3077868.0,0.0014015,7.135212272566056
1787023679357,0.001401,1183739.0,0.001402,3677868.0,0.0014015,7.135212272566056
1787023679358,0.001401,959995.0,0.001402,3677868.0,0.0014015,7.135212272566056
1787023679359,0.001401,1031373.0,0.001402,3077868.0,0.0014015,7.135212272566056
1787023679360,0.001401,1019599.0,0.001402,3077868.0,0.0014015,7.135212272566056
1787023679362,0.001401,1031373.0,0.001402,3077868.0,0.0014015,7.135212272566056
1787023679370,0.001401,1760545.0,0.001402,3077868.0,0.0014015,7.135212272566056
1787023679399,0.001401,1689167.0,0.001402,3077868.0,0.0014015,7.135212272566056
1787023679406,0.001401,1470613.0,0.001402,3077868.0,0.0014015,7.135212272566056
1787023679407,0.001401,1474539.0,0.001402,3077868.0,0.0014015,7.135212272566056
1787023679408,0.001401,745367.0,0.001402,3677868.0,0.0014015,7.135212272566056
1787023679409,0.001401,733593.0,0.001402,3677868.0,0.0014015,7.135212272566056
1787023679410,0.001401,733593.0,0.001402,3077868.0,0.0014015,7.135212272566056
1787023679412,0.0014,1221713.0,0.001402,3077868.0,0.001401,14.27551748750927
1787023679413,0.0014,1122808.0,0.001401,616820.0,0.0014004999999999998,7.140307033201829
1787023679414,0.0014,2403447.0,0.001401,628602.0,0.0014004999999999998,7.140307033201829
1787023679415,0.0014,2332018.0,0.001401,632528.0,0.0014004999999999998,7.140307033201829
1787023679416,0.0014,2260589.0,0.001401,648310.0,0.0014004999999999998,7.140307033201829
1787023679417,0.0014,2189160.0,0.001401,648310.0,0.0014004999999999998,7.140307033201829
1787023679419,0.0014,2117731.0,0.001401,648310.0,0.0014004999999999998,7.140307033201829
1787023679420,0.0014,2114090.0,0.001401,1001496.0,0.0014004999999999998,7.140307033201829
1787023679421,0.0014,2114090.0,0.001401,989714.0,0.0014004999999999998,7.140307033201829
1787023679443,0.0014,2114090.0,0.001401,481266.0,0.0014004999999999998,7.140307033201829
1787023679482,0.0014,2125872.0,0.001401,481266.0,0.0014004999999999998,7.140307033201829
1787023679487,0.0014,2018690.0,0.001401,481266.0,0.0014004999999999998,7.140307033201829
1787023679488,0.0014,2018690.0,0.001401,1281266.0,0.0014004999999999998,7.140307033201829
1787023679491,0.0014,2018690.0,0.001401,1531406.0,0.0014004999999999998,7.140307033201829
1787023679499,0.0014,2092710.0,0.001401,1531406.0,0.0014004999999999998,7.140307033201829
1787023679509,0.0014,2089710.0,0.001401,1531406.0,0.0014004999999999998,7.140307033201829
1787023679538,0.0014,2089710.0,0.001401,1543188.0,0.0014004999999999998,7.140307033201829
1787023679598,0.0014,2343958.0,0.001401,1543188.0,0.0014004999999999998,7.140307033201829
1787023679611,0.0014,3226317.0,0.001401,2397225.0,0.0014004999999999998,7.140307033201829
1787023679638,0.0014,3250416.0,0.001401,2397225.0,0.0014004999999999998,7.140307033201829
1787023679699,0.0014,3324426.0,0.001401,2397225.0,0.0014004999999999998,7.140307033201829
1787023679737,0.0014,3348525.0,0.001401,2397225.0,0.0014004999999999998,7.140307033201829
1787023679835,0.0014,3418746.0,0.001401,2397225.0,0.0014004999999999998,7.140307033201829
1787023679846,0.0014,3413039.0,0.001401,2397225.0,0.0014004999999999998,7.140307033201829
1787023679850,0.0014,3413039.0,0.001401,2506146.0,0.0014004999999999998,7.140307033201829
1787023679851,0.0014,2303885.0,0.001401,2613336.0,0.0014004999999999998,7.140307033201829
1787023679852,0.0014,2303885.0,0.001401,2613336.0,0.0014004999999999998,7.140307033201829
1787023679853,0.0014,2303885.0,0.001401,2397225.0,0.0014004999999999998,7.140307033201829
1787023679856,0.0014,2303885.0,0.001401,1543188.0,0.0014004999999999998,7.140307033201829
1787023679857,0.0014,2303885.0,0.001401,1531406.0,0.0014004999999999998,7.140307033201829
1787023679923,0.0014,2278354.0,0.001401,1531406.0,0.0014004999999999998,7.140307033201829
1787023679954,0.0014,2541143.0,0.001401,1531406.0,0.0014004999999999998,7.140307033201829
1787023679955,0.0014,2541143.0,0.001401,1281266.0,0.0014004999999999998,7.140307033201829
1787023679959,0.0014,2541143.0,0.001401,2221606.0,0.0014004999999999998,7.140307033201829
1787023679989,0.0014,2541143.0,0.001401,2233388.0,0.0014004999999999998,7.140307033201829
1787023680062,0.0014,3412408.0,0.001401,3047312.0,0.0014004999999999998,7.140307033201829
1787023680098,0.0014,3761616.0,0.001401,3047312.0,0.0014004999999999998,7.140307033201829
1787023680100,0.0014,3687606.0,0.001401,3047312.0,0.0014004999999999998,7.140307033201829
1787023680142,0.0014,3040725.0,0.001401,3047312.0,0.0014004999999999998,7.140307033201829
1787023680144,0.0014,1910600.0,0.001401,3310101.0,0.0014004999999999998,7.140307033201829
1787023680145,0.0014,1910600.0,0.001401,3426536.0,0.0014004999999999998,7.140307033201829
1787023680234,0.0014,1910600.0,0.001401,3411440.0,0.0014004999999999998,7.140307033201829
1787023680235,0.0014,1910600.0,0.001401,2334727.0,0.0014004999999999998,7.140307033201829
1787023680236,0.0014,2173389.0,0.001401,2334727.0,0.0014004999999999998,7.140307033201829
1787023680237,0.0014,2173389.0,0.001401,2597516.0,0.0014004999999999998,7.140307033201829
1787023680240,0.0014,2149290.0,0.001401,2597516.0,0.0014004999999999998,7.140307033201829
1787023680241,0.0014,2125191.0,0.001401,2597516.0,0.0014004999999999998,7.140307033201829
1787023680243,0.0014,2125191.0,0.001401,2580248.0,0.0014004999999999998,7.140307033201829
1787023680298,0.0014,2132331.0,0.001401,2580248.0,0.0014004999999999998,7.140307033201829
1787023680315,0.0014,2132331.0,0.001401,7023918.0,0.0014004999999999998,7.140307033201829
1787023680317,0.0014,1869542.0,0.001401,7012136.0,0.0014004999999999998,7.140307033201829
1787023680325,0.0014,1855262.0,0.001401,7012136.0,0.0014004999999999998,7.140307033201829
1787023680333,0.0014,1785041.0,0.001401,7012136.0,0.0014004999999999998,7.140307033201829
1787023680353,0.0014,1767106.0,0.001401,7012136.0,0.0014004999999999998,7.140307033201829
1787023680355,0.0014,1767106.0,0.001401,7023918.0,0.0014004999999999998,7.140307033201829
1787023680401,0.0014,1841076.0,0.001401,7023918.0,0.0014004999999999998,7.140307033201829
1787023680404,0.0014,2117210.0,0.001401,7023918.0,0.0014004999999999998,7.140307033201829
1787023680406,0.0014,2117210.0,0.001401,6644694.0,0.0014004999999999998,7.140307033201829
1787023680408,0.0014,2117210.0,0.001401,5844694.0,0.0014004999999999998,7.140307033201829
1787023680430,0.0014,1599891.0,0.001401,5844694.0,0.0014004999999999998,7.140307033201829
1787023680434,0.0014,1323757.0,0.001401,5844694.0,0.0014004999999999998,7.140307033201829
1787023680435,0.0014,1323757.0,0.001401,6637591.0,0.0014004999999999998,7.140307033201829
1787023680451,0.0014,1181002.0,0.001401,6637591.0,0.0014004999999999998,7.140307033201829
1787023680452,0.0014,1169220.0,0.001401,6637591.0,0.0014004999999999998,7.140307033201829
1787023680453,0.0014,1169220.0,0.001401,6350050.0,0.0014004999999999998,7.140307033201829
1787023680456,0.0014,1038649.0,0.001401,6350050.0,0.0014004999999999998,7.140307033201829
1787023680492,0.0014,1857361.0,0.001401,6350050.0,0.0014004999999999998,7.140307033201829
1787023680493,0.0014,1857361.0,0.001401,746773.0,0.0014004999999999998,7.140307033201829
1787023680494,0.001401,374120.0,0.001402,1881059.0,0.0014015,7.135212272566056
1787023680495,0.001401,447179.0,0.001402,1107491.0,0.0014015,7.135212272566056
1787023680496,0.001401,495656.0,0.001402,1388996.0,0.0014015,7.135212272566056
1787023680497,0.001401,567034.0,0.001402,1388996.0,0.0014015,7.135212272566056
1787023680502,0.0014,3274574.0,0.001401,3876636.0,0.0014004999999999998,7.140307033201829
1787023680503,0.0014,3270646.0,0.001401,4708757.0,0.0014004999999999998,7.140307033201829
1787023680504,0.0014,3270646.0,0.001401,3935820.0,0.0014004999999999998,7.140307033201829
1787023680506,0.0014,3270646.0,0.001401,3925113.0,0.0014004999999999998,7.140307033201829
1787023680510,0.0014,2451934.0,0.001401,4201247.0,0.0014004999999999998,7.140307033201829
1787023680511,0.0014,2451934.0,0.001401,3925113.0,0.0014004999999999998,7.140307033201829
1787023680540,0.0014,2451934.0,0.001401,3710980.0,0.0014004999999999998,7.140307033201829
1787023680543,0.0014,2451934.0,0.001401,526.0,0.0014004999999999998,7.140307033201829
1787023680544,0.001401,11926.0,0.001402,1483947.0,0.0014015,7.135212272566056
1787023680545,0.001401,11926.0,0.001402,1480228.0,0.0014015,7.135212272566056
1787023680546,0.001401,60403.0,0.001402,1388913.0,0.0014015,7.135212272566056
1787023680547,0.001401,312685.0,0.001402,1272561.0,0.0014015,7.135212272566056
1787023680548,0.001401,86278.0,0.001402,1272561.0,0.0014015,7.135212272566056
1787023680549,0.001401,134755.0,0.001402,1822421.0,0.0014015,7.135212272566056
1787023680550,0.001401,134755.0,0.001402,2098555.0,0.0014015,7.135212272566056
1787023680551,0.001401,112021.0,0.001403,1707519.0,0.001402,14.265335235378378
1787023680552,0.001401,336346.0,0.001403,1606012.0,0.001402,14.265335235378378
1787023680553,0.001401,336346.0,0.001403,1591320.0,0.001402,14.265335235378378
1787023680554,0.001402,276134.0,0.001403,1288267.0,0.0014025,7.130124777183001
1787023680556,0.0014,2131727.0,0.001401,2856283.0,0.0014004999999999998,7.140307033201829
1787023680557,0.0014,1928441.0,0.001401,349829.0,0.0014004999999999998,7.140307033201829
1787023680558,0.0014,2594181.0,0.001402,968570.0,0.001401,14.27551748750927
1787023680559,0.0014,2713951.0,0.001402,1066931.0,0.001401,14.27551748750927
1787023680560,0.001401,293449.0,0.001402,754362.0,0.0014015,7.135212272566056
1787023680561,0.001401,293449.0,0.001402,718652.0,0.0014015,7.135212272566056
1787023680562,0.001401,364827.0,0.001402,642938.0,0.0014015,7.135212272566056
1787023680563,0.001401,364827.0,0.001402,548936.0,0.0014015,7.135212272566056
1787023680567,0.001401,413304.0,0.001402,545376.0,0.0014015,7.135212272566056
1787023680570,0.001401,378326.0,0.001402,545376.0,0.0014015,7.135212272566056
1787023680571,0.001401,188979.0,0.001402,1145376.0,0.0014015,7.135212272566056
1787023680572,0.001401,196584.0,0.001402,1145376.0,0.0014015,7.135212272566056
1787023680573,0.001401,125206.0,0.001402,1145376.0,0.0014015,7.135212272566056
1787023680582,0.001401,168815.0,0.001402,1145376.0,0.0014015,7.135212272566056
1787023680589,0.001401,120338.0,0.001402,1145376.0,0.0014015,7.135212272566056
1787023680593,0.001401,51214.0,0.001402,1145376.0,0.0014015,7.135212272566056
1787023680594,0.001401,51214.0,0.001402,1311363.0,0.0014015,7.135212272566056
1787023680596,0.001401,43609.0,0.001402,1311363.0,0.0014015,7.135212272566056
1787023680615,0.001401,47535.0,0.001402,1311363.0,0.0014015,7.135212272566056
1787023680616,0.0014,1539046.0,0.001402,1311363.0,0.001401,14.27551748750927
1787023680617,0.0014,1511569.0,0.001401,603353.0,0.0014004999999999998,7.140307033201829
1787023680618,0.0014,1511569.0,0.001401,473514.0,0.0014004999999999998,7.140307033201829
1787023680620,0.0014,1511569.0,0.001401,468806.0,0.0014004999999999998,7.140307033201829
1787023680687,0.0014,1507810.0,0.001401,468806.0,0.0014004999999999998,7.140307033201829
1787023680690,0.0014,1507810.0,0.001401,438164.0,0.0014004999999999998,7.140307033201829
1787023680703,0.0014,1657394.0,0.001401,438164.0,0.0014004999999999998,7.140307033201829
1787023680717,0.0014,2518832.0,0.001401,438164.0,0.0014004999999999998,7.140307033201829
1787023680720,0.0014,2530614.0,0.001401,449946.0,0.0014004999999999998,7.140307033201829
1787023680721,0.0014,1700908.0,0.001401,674271.0,0.0014004999999999998,7.140307033201829
1787023680722,0.0014,563336.0,0.001401,674271.0,0.0014004999999999998,7.140307033201829
1787023680723,0.0014,56322.0,0.001401,1750405.0,0.0014004999999999998,7.140307033201829
1787023680724,0.001399,6731067.0,0.0014,1063748.0,0.0013995000000000001,7.1454090746689225
1787023680725,0.001399,6716348.0,0.0014,1440839.0,0.0013995000000000001,7.1454090746689225
1787023680726,0.001399,6716348.0,0.0014,484330.0,0.0013995000000000001,7.1454090746689225
1787023680728,0.001399,6716348.0,0.0014,353298.0,0.0013995000000000001,7.1454090746689225
1787023680729,0.001399,6704566.0,0.0014,210440.0,0.0013995000000000001,7.1454090746689225
1787023680730,0.001399,5840794.0,0.0014,210440.0,0.0013995000000000001,7.1454090746689225
1787023680734,0.001399,5840794.0,0.0014,357288.0,0.0013995000000000001,7.1454090746689225
1787023680735,0.001399,5840794.0,0.0014,428717.0,0.0013995000000000001,7.1454090746689225
1787023680798,0.001399,5847939.0,0.0014,428717.0,0.0013995000000000001,7.1454090746689225
1787023680804,0.001399,5922764.0,0.0014,428717.0,0.0013995000000000001,7.1454090746689225
1787023680830,0.001399,5934554.0,0.0014,440507.0,0.0013995000000000001,7.1454090746689225
1787023680899,0.001399,6009379.0,0.0014,440507.0,0.0013995000000000001,7.1454090746689225
1787023680927,0.001399,6857746.0,0.0014,440507.0,0.0013995000000000001,7.1454090746689225
1787023680928,0.001399,6857746.0,0.0014,261974.0,0.0013995000000000001,7.1454090746689225
1787023680929,0.001399,6857746.0,0.0014,215809.0,0.0013995000000000001,7.1454090746689225
1787023680965,0.001399,6857746.0,0.0014,219738.0,0.0013995000000000001,7.1454090746689225
1787023680983,0.001399,6857746.0,0.0014,195931.0,0.0013995000000000001,7.1454090746689225
1787023681028,0.001399,6857746.0,0.0014,171261.0,0.0013995000000000001,7.1454090746689225
1787023681031,0.001399,6857746.0,0.0014,24413.0,0.0013995000000000001,7.1454090746689225
1787023681032,0.001399,6857746.0,0.0014,12623.0,0.0013995000000000001,7.1454090746689225
1787023681047,0.001399,6857746.0,0.0014,61100.0,0.0013995000000000001,7.1454090746689225
1787023681069,0.001399,6857746.0,0.0014,72890.0,0.0013995000000000001,7.1454090746689225
1787023681098,0.001399,6889893.0,0.0014,72890.0,0.0013995000000000001,7.1454090746689225
1787023681129,0.001399,6889893.0,0.001401,1994069.0,0.0014,14.285714285713084
1787023681130,0.0014,637406.0,0.001401,2103824.0,0.0014004999999999998,7.140307033201829
1787023681131,0.0014,722204.0,0.001401,1900085.0,0.0014004999999999998,7.140307033201829
1787023681132,0.0014,1579882.0,0.001401,1845086.0,0.0014004999999999998,7.140307033201829
1787023681134,0.0014,1568100.0,0.001401,1845086.0,0.0014004999999999998,7.140307033201829
1787023681136,0.0014,1568100.0,0.001401,1595086.0,0.0014004999999999998,7.140307033201829
1787023681137,0.0014,1568100.0,0.001401,1401063.0,0.0014004999999999998,7.140307033201829
1787023681140,0.0014,1568100.0,0.001401,1283942.0,0.0014004999999999998,7.140307033201829
1787023681143,0.0014,1568100.0,0.001401,132867.0,0.0014004999999999998,7.140307033201829
1787023681158,0.0014,1568100.0,0.001401,65010.0,0.0014004999999999998,7.140307033201829
1787023681160,0.0014,1568100.0,0.001402,2015316.0,0.001401,14.27551748750927
1787023681161,0.001401,413081.0,0.001402,2132352.0,0.0014015,7.135212272566056
1787023681162,0.001401,413081.0,0.001402,2057306.0,0.0014015,7.135212272566056
1787023681163,0.001401,413081.0,0.001402,1011751.0,0.0014015,7.135212272566056
1787023681171,0.001401,461558.0,0.001402,1011751.0,0.0014015,7.135212272566056
1787023681181,0.0014,1865712.0,0.001401,472943.0,0.0014004999999999998,7.140307033201829
1787023681182,0.0014,1865711.0,0.001401,372881.0,0.0014004999999999998,7.140307033201829
1787023681183,0.0014,1862070.0,0.001401,243042.0,0.0014004999999999998,7.140307033201829
1787023681185,0.0014,1862070.0,0.001401,232335.0,0.0014004999999999998,7.140307033201829
1787023681186,0.0014,1847780.0,0.001401,232335.0,0.0014004999999999998,7.140307033201829
1787023681231,0.0014,1847780.0,0.001401,48477.0,0.0014004999999999998,7.140307033201829
1787023681238,0.0014,1847780.0,0.001402,2125365.0,0.001401,14.27551748750927
1787023681239,0.001401,352626.0,0.001402,2167355.0,0.0014015,7.135212272566056
1787023681240,0.001401,408714.0,0.001402,1011751.0,0.0014015,7.135212272566056
1787023681245,0.001401,633039.0,0.001402,790986.0,0.0014015,7.135212272566056
1787023681254,0.001401,633039.0,0.001402,842727.0,0.0014015,7.135212272566056
1787023681296,0.001401,640174.0,0.001402,842727.0,0.0014015,7.135212272566056
1787023681317,0.001401,622031.0,0.001402,842727.0,0.0014015,7.135212272566056
1787023681335,0.001401,622031.0,0.001402,989575.0,0.0014015,7.135212272566056
1787023681348,0.001401,633805.0,0.001402,1001349.0,0.0014015,7.135212272566056
1787023681349,0.001401,633805.0,0.001402,1785721.0,0.0014015,7.135212272566056
1787023681350,0.001401,626194.0,0.001402,1785721.0,0.0014015,7.135212272566056
1787023681363,0.001401,626194.0,0.001402,1781793.0,0.0014015,7.135212272566056
1787023681366,0.001401,626194.0,0.001402,1951710.0,0.0014015,7.135212272566056
1787023681371,0.001401,626194.0,0.001402,1947780.0,0.0014015,7.135212272566056
1787023681373,0.001401,630555.0,0.001402,1947780.0,0.0014015,7.135212272566056
1787023681402,0.001401,705381.0,0.001402,1947780.0,0.0014015,7.135212272566056
1787023681413,0.001401,1466096.0,0.001402,1947780.0,0.0014015,7.135212272566056
1787023681414,0.001401,1454322.0,0.001402,1947780.0,0.0014015,7.135212272566056
1787023681436,0.001401,1454322.0,0.001402,1951703.0,0.0014015,7.135212272566056
1787023681456,0.001401,1466096.0,0.001402,1951703.0,0.0014015,7.135212272566056
1787023681500,0.001401,1391270.0,0.001402,1951703.0,0.0014015,7.135212272566056
1787023681508,0.001401,630555.0,0.001402,1951703.0,0.0014015,7.135212272566056
1787023681534,0.001401,630555.0,0.001402,1804855.0,0.0014015,7.135212272566056
1787023681535,0.001401,630555.0,0.001402,1793081.0,0.0014015,7.135212272566056
1787023681536,0.001401,630555.0,0.001402,1804855.0,0.0014015,7.135212272566056
1787023681540,0.001401,630555.0,0.001402,2036852.0,0.0014015,7.135212272566056
1787023681557,0.001401,634481.0,0.001402,2036852.0,0.0014015,7.135212272566056
1787023681598,0.001401,634481.0,0.001402,2106357.0,0.0014015,7.135212272566056
1787023681765,0.001401,630086.0,0.001402,2106357.0,0.0014015,7.135212272566056
1787023681766,0.001401,630086.0,0.001402,2119712.0,0.0014015,7.135212272566056
1787023681839,0.001401,630086.0,0.001402,1887715.0,0.0014015,7.135212272566056
1787023681962,0.001401,630086.0,0.001402,1920094.0,0.0014015,7.135212272566056
1787023681999,0.001401,855002.0,0.001402,1920094.0,0.0014015,7.135212272566056
1787023682011,0.001401,855002.0,0.001402,1893870.0,0.0014015,7.135212272566056
1787023682012,0.001401,1593256.0,0.001402,1893870.0,0.0014015,7.135212272566056
1787023682013,0.001401,2393256.0,0.001402,1893870.0,0.0014015,7.135212272566056
1787023682014,0.001401,1593256.0,0.001402,1727883.0,0.0014015,7.135212272566056
1787023682015,0.001401,1593256.0,0.001402,1690472.0,0.0014015,7.135212272566056
1787023682016,0.001401,1581482.0,0.001402,1690472.0,0.0014015,7.135212272566056
1787023682043,0.001401,1581482.0,0.001402,1629255.0,0.0014015,7.135212272566056
1787023682044,0.001401,1581482.0,0.001402,1586343.0,0.0014015,7.135212272566056
1787023682046,0.001401,1871663.0,0.001402,1586343.0,0.0014015,7.135212272566056
1787023682069,0.001401,1871663.0,0.001402,1548559.0,0.0014015,7.135212272566056
1787023682070,0.001401,1871663.0,0.001402,1522073.0,0.0014015,7.135212272566056
1787023682098,0.001401,1902270.0,0.001402,1522073.0,0.0014015,7.135212272566056
1787023682124,0.001401,1914044.0,0.001402,1522073.0,0.0014015,7.135212272566056
1787023682185,0.001401,1914044.0,0.001402,1505385.0,0.0014015,7.135212272566056
1787023682199,0.001401,1839072.0,0.001402,1505385.0,0.0014015,7.135212272566056
1787023682276,0.001401,1839072.0,0.001402,1472009.0,0.0014015,7.135212272566056
1787023682303,0.001401,1914045.0,0.001402,1472009.0,0.0014015,7.135212272566056
1787023682334,0.001401,1895683.0,0.001402,1472009.0,0.0014015,7.135212272566056
1787023682401,0.001401,1820710.0,0.001402,1472009.0,0.0014015,7.135212272566056
1787023682405,0.001401,1820710.0,0.001402,1420304.0,0.0014015,7.135212272566056
1787023682561,0.001401,1820710.0,0.001402,1710485.0,0.0014015,7.135212272566056
1787023682562,0.001401,1082456.0,0.001402,1710485.0,0.0014015,7.135212272566056
1787023682627,0.001401,792275.0,0.001402,1710485.0,0.0014015,7.135212272566056
1787023682628,0.001401,792275.0,0.001402,1876472.0,0.0014015,7.135212272566056
1787023682636,0.001401,567950.0,0.001402,1876472.0,0.0014015,7.135212272566056
1787023682801,0.001401,563850.0,0.001402,1876472.0,0.0014015,7.135212272566056
1787023683021,0.001401,563850.0,0.001402,1735558.0,0.0014015,7.135212272566056
1787023683023,0.001401,563850.0,0.001402,1972620.0,0.0014015,7.135212272566056
1787023683026,0.001401,563850.0,0.001402,1960846.0,0.0014015,7.135212272566056
1787023683035,0.001401,563850.0,0.001402,1972620.0,0.0014015,7.135212272566056
1787023683131,0.001401,563850.0,0.001402,2119468.0,0.0014015,7.135212272566056
1787023683196,0.001401,563850.0,0.001402,2269574.0,0.0014015,7.135212272566056
1787023683232,0.001401,563850.0,0.001402,2122726.0,0.0014015,7.135212272566056
1787023683338,0.001401,551343.0,0.001402,2122726.0,0.0014015,7.135212272566056
1787023683340,0.001401,551343.0,0.001403,2447567.0,0.001402,14.265335235378378
1787023683341,0.001401,1051277.0,0.001402,3923.0,0.0014015,7.135212272566056
1787023683342,0.001401,2635928.0,0.001402,750509.0,0.0014015,7.135212272566056
1787023683343,0.001401,2766807.0,0.001402,3923.0,0.0014015,7.135212272566056
1787023683365,0.001401,2766807.0,0.001403,1309014.0,0.001402,14.265335235378378
1787023683366,0.001402,319253.0,0.001403,1541461.0,0.0014025,7.130124777183001
1787023683367,0.001402,394572.0,0.001403,903551.0,0.0014025,7.130124777183001
1787023683368,0.001402,334582.0,0.001403,903551.0,0.0014025,7.130124777183001
1787023683369,0.001402,383059.0,0.001403,1221602.0,0.0014025,7.130124777183001
1787023683371,0.001402,607384.0,0.001403,985436.0,0.0014025,7.130124777183001
1787023683378,0.001402,607384.0,0.001403,709302.0,0.0014025,7.130124777183001
1787023683385,0.001402,607384.0,0.001403,705374.0,0.0014025,7.130124777183001
1787023683386,0.001402,607384.0,0.001403,602576.0,0.0014025,7.130124777183001
1787023683387,0.001402,607384.0,0.001403,491928.0,0.0014025,7.130124777183001
1787023683388,0.001402,611745.0,0.001403,491928.0,0.0014025,7.130124777183001
1787023683444,0.001402,887354.0,0.001403,491928.0,0.0014025,7.130124777183001
1787023683447,0.001402,868747.0,0.001403,491928.0,0.0014025,7.130124777183001
1787023683472,0.001402,844613.0,0.001403,491928.0,0.0014025,7.130124777183001
1787023683537,0.001402,856378.0,0.001403,503693.0,0.0014025,7.130124777183001
1787023683556,0.001402,1646536.0,0.001403,503693.0,0.0014025,7.130124777183001
1787023683557,0.001402,1646536.0,0.001403,1307652.0,0.0014025,7.130124777183001
1787023683558,0.001402,1646536.0,0.001403,1295887.0,0.0014025,7.130124777183001
1787023683591,0.001402,1646536.0,0.001403,1289464.0,0.0014025,7.130124777183001
1787023683592,0.001402,2446536.0,0.001403,1289464.0,0.0014025,7.130124777183001
1787023683593,0.001402,2434771.0,0.001403,1289464.0,0.0014025,7.130124777183001
1787023683594,0.001402,1634771.0,0.001403,1289464.0,0.0014025,7.130124777183001
1787023683599,0.001402,1784575.0,0.001403,1289464.0,0.0014025,7.130124777183001
1787023683626,0.001402,2584575.0,0.001403,1289464.0,0.0014025,7.130124777183001
1787023683631,0.001402,1784575.0,0.001403,1289464.0,0.0014025,7.130124777183001
1787023683644,0.001402,1796340.0,0.001403,1301229.0,0.0014025,7.130124777183001
1787023683654,0.001402,2064026.0,0.001403,1301229.0,0.0014025,7.130124777183001
1787023683796,0.001402,2071156.0,0.001403,1301229.0,0.0014025,7.130124777183001
1787023683900,0.001402,2071156.0,0.001403,1255911.0,0.0014025,7.130124777183001
1787023683927,0.001402,2496902.0,0.001403,1255911.0,0.0014025,7.130124777183001
1787023683965,0.001402,2485831.0,0.001403,1255911.0,0.0014025,7.130124777183001
1787023684068,0.001402,2467974.0,0.001403,1255911.0,0.0014025,7.130124777183001
1787023684089,0.001402,2465677.0,0.001403,1255911.0,0.0014025,7.130124777183001
1787023684098,0.001402,2495082.0,0.001403,1255911.0,0.0014025,7.130124777183001
1787023684158,0.001402,2601658.0,0.001403,1255911.0,0.0014025,7.130124777183001
1787023684275,0.001402,2601658.0,0.001403,451952.0,0.0014025,7.130124777183001
1787023684281,0.001402,2601658.0,0.001403,428404.0,0.0014025,7.130124777183001
1787023684303,0.001402,2601658.0,0.001403,418067.0,0.0014025,7.130124777183001
1787023684304,0.001402,3201658.0,0.001403,421988.0,0.0014025,7.130124777183001
1787023684309,0.001402,2601658.0,0.001403,421988.0,0.0014025,7.130124777183001
1787023684311,0.001402,2589893.0,0.001403,421988.0,0.0014025,7.130124777183001
1787023684429,0.001402,2601658.0,0.001403,421988.0,0.0014025,7.130124777183001
1787023684480,0.001402,2601658.0,0.001403,1321177.0,0.0014025,7.130124777183001
1787023684481,0.001402,2601658.0,0.001403,1321177.0,0.0014025,7.130124777183001
1787023684482,0.001402,2601658.0,0.001403,1369654.0,0.0014025,7.130124777183001
1787023684849,0.001402,2601658.0,0.001403,1321177.0,0.0014025,7.130124777183001
1787023685018,0.001402,2597470.0,0.001403,1321177.0,0.0014025,7.130124777183001
1787023685045,0.001402,2595090.0,0.001403,1321177.0,0.0014025,7.130124777183001
1787023685049,0.001402,2595090.0,0.001403,1294264.0,0.0014025,7.130124777183001
1787023685055,0.001402,2595090.0,0.001403,395075.0,0.0014025,7.130124777183001
1787023685082,0.001402,2595090.0,0.001403,996877.0,0.0014025,7.130124777183001
1787023685083,0.001402,1517917.0,0.001403,1540879.0,0.0014025,7.130124777183001
1787023685084,0.001402,212962.0,0.001403,1529114.0,0.0014025,7.130124777183001
1787023685086,0.001402,216885.0,0.001403,1694459.0,0.0014025,7.130124777183001
1787023685087,0.001402,216885.0,0.001403,1529114.0,0.0014025,7.130124777183001
1787023685099,0.001402,366571.0,0.001403,1529114.0,0.0014025,7.130124777183001
1787023685101,0.001402,415048.0,0.001403,1529114.0,0.0014025,7.130124777183001
1787023685115,0.001401,988986.0,0.001402,2732349.0,0.0014015,7.135212272566056
1787023685116,0.001401,977220.0,0.001402,898129.0,0.0014015,7.135212272566056
1787023685117,0.001401,1233797.0,0.001402,950529.0,0.0014015,7.135212272566056
1787023685118,0.001401,1783061.0,0.001403,1555715.0,0.001402,14.265335235378378
1787023685119,0.001402,24233.0,0.001403,1785566.0,0.0014025,7.130124777183001
1787023685120,0.001402,923428.0,0.001403,1785566.0,0.0014025,7.130124777183001
1787023685121,0.001402,923428.0,0.001403,665357.0,0.0014025,7.130124777183001
1787023685125,0.001402,971905.0,0.001403,431787.0,0.0014025,7.130124777183001
1787023685137,0.001402,971905.0,0.001403,383310.0,0.0014025,7.130124777183001
1787023685142,0.001402,225334.0,0.001403,383310.0,0.0014025,7.130124777183001
1787023685143,0.001402,240529.0,0.001403,454586.0,0.0014025,7.130124777183001
1787023685144,0.001402,240529.0,0.001403,764852.0,0.0014025,7.130124777183001
1787023685145,0.001402,240529.0,0.001403,834171.0,0.0014025,7.130124777183001
1787023685183,0.001402,63672.0,0.001403,834171.0,0.0014025,7.130124777183001
1787023685184,0.001402,188798.0,0.001403,834171.0,0.0014025,7.130124777183001
1787023685185,0.001402,173603.0,0.001403,834171.0,0.0014025,7.130124777183001
1787023685199,0.001402,323757.0,0.001403,834171.0,0.0014025,7.130124777183001
1787023685200,0.001402,338952.0,0.001403,834171.0,0.0014025,7.130124777183001
1787023685216,0.001402,825066.0,0.001403,834171.0,0.0014025,7.130124777183001
1787023685218,0.001402,825066.0,0.001403,693576.0,0.0014025,7.130124777183001
1787023685286,0.001402,825066.0,0.001403,1535671.0,0.0014025,7.130124777183001
1787023685287,0.001402,1597722.0,0.001403,1535671.0,0.0014025,7.130124777183001
1787023685299,0.001402,1604852.0,0.001403,1535671.0,0.0014025,7.130124777183001
1787023685307,0.001402,1616617.0,0.001403,1547436.0,0.0014025,7.130124777183001
1787023685338,0.001402,1616617.0,0.001403,1779433.0,0.0014025,7.130124777183001
1787023685419,0.001402,843961.0,0.001403,1779433.0,0.0014025,7.130124777183001
1787023685438,0.001402,843961.0,0.001403,1547436.0,0.0014025,7.130124777183001
1787023685531,0.001402,582172.0,0.001403,1547436.0,0.0014025,7.130124777183001
1787023685536,0.001402,582172.0,0.001403,1690546.0,0.0014025,7.130124777183001
1787023685537,0.001402,582172.0,0.001403,1922543.0,0.0014025,7.130124777183001
1787023685538,0.001402,357847.0,0.001403,1922543.0,0.0014025,7.130124777183001
1787023685556,0.001402,361770.0,0.001403,1922543.0,0.0014025,7.130124777183001
1787023685563,0.001402,346575.0,0.001403,1922543.0,0.0014025,7.130124777183001
1787023685672,0.001402,346575.0,0.001403,2156396.0,0.0014025,7.130124777183001
1787023685687,0.001402,509830.0,0.001403,2156396.0,0.0014025,7.130124777183001
1787023685700,0.001402,434753.0,0.001403,2156396.0,0.0014025,7.130124777183001
1787023685739,0.001402,434753.0,0.001403,1781289.0,0.0014025,7.130124777183001
1787023685761,0.001402,404760.0,0.001403,1781289.0,0.0014025,7.130124777183001
1787023685802,0.001402,329683.0,0.001403,1781289.0,0.0014025,7.130124777183001
1787023685803,0.001402,317918.0,0.001403,1781289.0,0.0014025,7.130124777183001
1787023685804,0.001402,329683.0,0.001403,1781289.0,0.0014025,7.130124777183001
1787023685838,0.001402,329683.0,0.001403,2013286.0,0.0014025,7.130124777183001
1787023685839,0.001402,329683.0,0.001403,2001521.0,0.0014025,7.130124777183001
1787023685840,0.001402,329683.0,0.001403,2013286.0,0.0014025,7.130124777183001
1787023685919,0.001402,300626.0,0.001403,2013286.0,0.0014025,7.130124777183001
1787023685920,0.001402,349103.0,0.001403,2013286.0,0.0014025,7.130124777183001
1787023685997,0.001402,345778.0,0.001403,2013286.0,0.0014025,7.130124777183001
1787023686105,0.001402,297301.0,0.001403,2013286.0,0.0014025,7.130124777183001
1787023686107,0.001402,297301.0,0.001403,2624791.0,0.0014025,7.130124777183001
1787023686110,0.001402,345778.0,0.001403,2624791.0,0.0014025,7.130124777183001
1787023686112,0.001402,1111277.0,0.001403,2624791.0,0.0014025,7.130124777183001
1787023686113,0.001402,1099512.0,0.001403,2624791.0,0.0014025,7.130124777183001
1787023686133,0.001402,1099512.0,0.001403,2771639.0,0.0014025,7.130124777183001
1787023686135,0.001402,334013.0,0.001403,2771639.0,0.0014025,7.130124777183001
1787023686191,0.001402,381413.0,0.001403,2771639.0,0.0014025,7.130124777183001
1787023686197,0.001402,393178.0,0.001403,2771639.0,0.0014025,7.130124777183001
1787023686232,0.001402,393178.0,0.001403,2624791.0,0.0014025,7.130124777183001
1787023686266,0.001402,371509.0,0.001403,2624791.0,0.0014025,7.130124777183001
1787023686299,0.001402,371509.0,0.001403,2639055.0,0.0014025,7.130124777183001
1787023686331,0.001402,371509.0,0.001403,2785903.0,0.0014025,7.130124777183001
1787023686370,0.001402,323032.0,0.001403,2785903.0,0.0014025,7.130124777183001
1787023686397,0.001402,194691.0,0.001403,2785903.0,0.0014025,7.130124777183001
1787023686399,0.001401,1767143.0,0.001402,36387.0,0.0014015,7.135212272566056
1787023686400,0.001401,1759582.0,0.001402,712308.0,0.0014015,7.135212272566056
1787023686401,0.001401,1890530.0,0.001402,1559110.0,0.0014015,7.135212272566056
1787023686402,0.001401,2297090.0,0.001402,1380921.0,0.0014015,7.135212272566056
1787023686403,0.001401,1408494.0,0.001402,1380921.0,0.0014015,7.135212272566056
1787023686404,0.001401,1408494.0,0.001402,1384844.0,0.0014015,7.135212272566056
1787023686418,0.001401,3443441.0,0.001402,1384844.0,0.0014015,7.135212272566056
1787023686419,0.001401,3431667.0,0.001402,1384844.0,0.0014015,7.135212272566056
1787023686481,0.001401,3431667.0,0.001402,1633500.0,0.0014015,7.135212272566056
1787023686485,0.001401,3207342.0,0.001402,1633500.0,0.0014015,7.135212272566056
1787023686516,0.001401,3198616.0,0.001402,1633500.0,0.0014015,7.135212272566056
1787023686520,0.001401,3198616.0,0.001402,1808082.0,0.0014015,7.135212272566056
1787023686537,0.001401,3198616.0,0.001402,2040079.0,0.0014015,7.135212272566056
1787023686562,0.001401,3210390.0,0.001402,2051853.0,0.0014015,7.135212272566056
1787023686575,0.001401,3191188.0,0.001402,2051853.0,0.0014015,7.135212272566056
1787023686600,0.001401,3186183.0,0.001402,2968197.0,0.0014015,7.135212272566056
1787023686601,0.0014,1246734.0,0.001401,24207.0,0.0014004999999999998,7.140307033201829
1787023686602,0.0014,1018767.0,0.001401,901528.0,0.0014004999999999998,7.140307033201829
1787023686603,0.0014,873496.0,0.001401,1837315.0,0.0014004999999999998,7.140307033201829
1787023686604,0.0014,1816730.0,0.001401,1908693.0,0.0014004999999999998,7.140307033201829
1787023686605,0.0014,1082777.0,0.001401,1884801.0,0.0014004999999999998,7.140307033201829
1787023686606,0.0014,1082777.0,0.001401,1912384.0,0.0014004999999999998,7.140307033201829
1787023686614,0.0014,1519794.0,0.001401,1912384.0,0.0014004999999999998,7.140307033201829
1787023686632,0.0014,1519794.0,0.001401,2059232.0,0.0014004999999999998,7.140307033201829
1787023686670,0.0014,1531576.0,0.001401,2071014.0,0.0014004999999999998,7.140307033201829
1787023686674,0.0014,1424394.0,0.001401,2071014.0,0.0014004999999999998,7.140307033201829
1787023686675,0.001399,913119.0,0.001401,2071014.0,0.0014,14.285714285713084
1787023686676,0.001399,854830.0,0.0014,413081.0,0.0013995000000000001,7.1454090746689225
1787023686677,0.001399,636295.0,0.0014,737286.0,0.0013995000000000001,7.1454090746689225
1787023686678,0.001399,1019258.0,0.0014,15017.0,0.0013995000000000001,7.1454090746689225
1787023686679,0.0014,26465.0,0.001401,751182.0,0.0014004999999999998,7.140307033201829
1787023686680,0.0014,64336.0,0.001401,732711.0,0.0014004999999999998,7.140307033201829
1787023686681,0.0014,837871.0,0.001401,630442.0,0.0014004999999999998,7.140307033201829
1787023686682,0.0014,37871.0,0.001401,559064.0,0.0014004999999999998,7.140307033201829
1787023686683,0.0014,37871.0,0.001401,416308.0,0.0014004999999999998,7.140307033201829
1787023686685,0.0014,37871.0,0.001401,344930.0,0.0014004999999999998,7.140307033201829
1787023686696,0.0014,37871.0,0.001401,369252.0,0.0014004999999999998,7.140307033201829
1787023686697,0.0014,37871.0,0.001401,443274.0,0.0014004999999999998,7.140307033201829
1787023686699,0.0014,37871.0,0.001401,514652.0,0.0014004999999999998,7.140307033201829
1787023686701,0.0014,11406.0,0.001401,514652.0,0.0014004999999999998,7.140307033201829
1787023686721,0.0014,11406.0,0.001401,689234.0,0.0014004999999999998,7.140307033201829
1787023686746,0.001399,1843171.0,0.001401,689234.0,0.0014,14.285714285713084
1787023686747,0.001399,1843170.0,0.0014,413081.0,0.0013995000000000001,7.1454090746689225
1787023686748,0.001399,1839248.0,0.0014,461558.0,0.0013995000000000001,7.1454090746689225
1787023686749,0.001399,1015684.0,0.0014,277961.0,0.0013995000000000001,7.1454090746689225
1787023686750,0.001399,1015684.0,0.0014,48477.0,0.0013995000000000001,7.1454090746689225
1787023686798,0.001399,1022829.0,0.0014,48477.0,0.0013995000000000001,7.1454090746689225
1787023686810,0.001399,1827668.0,0.0014,48477.0,0.0013995000000000001,7.1454090746689225
1787023686832,0.001399,1823551.0,0.0014,48477.0,0.0013995000000000001,7.1454090746689225
1787023686852,0.001399,1835341.0,0.0014,48477.0,0.0013995000000000001,7.1454090746689225
1787023686853,0.001399,1835341.0,0.0014,60267.0,0.0013995000000000001,7.1454090746689225
1787023686874,0.001399,1835341.0,0.0014,64196.0,0.0013995000000000001,7.1454090746689225
1787023686880,0.001399,1835341.0,0.0014,897476.0,0.0013995000000000001,7.1454090746689225
1787023686881,0.001399,1835341.0,0.0014,885686.0,0.0013995000000000001,7.1454090746689225
1787023686882,0.001399,1835341.0,0.0014,1028544.0,0.0013995000000000001,7.1454090746689225
1787023686883,0.001399,1835341.0,0.0014,1099973.0,0.0013995000000000001,7.1454090746689225
1787023686924,0.001399,1835341.0,0.0014,1274555.0,0.0013995000000000001,7.1454090746689225
1787023686925,0.001399,1611016.0,0.0014,1274555.0,0.0013995000000000001,7.1454090746689225
1787023686986,0.001399,1611016.0,0.0014,1286345.0,0.0013995000000000001,7.1454090746689225
1787023686989,0.001399,1611016.0,0.0014,1214916.0,0.0013995000000000001,7.1454090746689225
1787023687069,0.001399,1606570.0,0.0014,1439077.0,0.0013995000000000001,7.1454090746689225
1787023687131,0.001399,1606570.0,0.0014,1439827.0,0.0013995000000000001,7.1454090746689225
1787023687231,0.001399,1606570.0,0.0014,1439077.0,0.0013995000000000001,7.1454090746689225
1787023687331,0.001399,1606570.0,0.0014,1439827.0,0.0013995000000000001,7.1454090746689225
1787023687377,0.001399,1585069.0,0.0014,1439827.0,0.0013995000000000001,7.1454090746689225
1787023687479,0.001399,1585069.0,0.0014,1443577.0,0.0013995000000000001,7.1454090746689225
1787023687540,0.001399,1585069.0,0.0014,1675574.0,0.0013995000000000001,7.1454090746689225
1787023687556,0.001399,1569696.0,0.0014,1675574.0,0.0013995000000000001,7.1454090746689225
1787023687557,0.001399,1569696.0,0.0014,1899899.0,0.0013995000000000001,7.1454090746689225
1787023687559,0.001398,983869.0,0.0014,1899899.0,0.001399,14.295925661186908
1787023687560,0.001398,780428.0,0.001399,761413.0,0.0013985,7.150518412585862
1787023687561,0.001398,407835.0,0.001399,539158.0,0.0013985,7.150518412585862
1787023687562,0.001398,760300.0,0.001399,886637.0,0.0013985,7.150518412585862
1787023687563,0.001398,760300.0,0.001399,862724.0,0.0013985,7.150518412585862
1787023687565,0.001398,760300.0,0.001399,903424.0,0.0013985,7.150518412585862
1787023687566,0.001398,760300.0,0.001399,1046384.0,0.0013985,7.150518412585862
1787023687582,0.001398,760300.0,0.001399,1846384.0,0.0013985,7.150518412585862
1787023687583,0.001398,41583.0,0.001399,1846384.0,0.0013985,7.150518412585862
1787023687584,0.001398,41583.0,0.001399,1987377.0,0.0013985,7.150518412585862
1787023687585,0.001398,41583.0,0.001399,2603401.0,0.0013985,7.150518412585862
1787023687587,0.001397,879560.0,0.001398,512909.0,0.0013974999999999999,7.155635062611206
1787023687588,0.001397,366136.0,0.001398,558433.0,0.0013974999999999999,7.155635062611206
1787023687589,0.001397,366136.0,0.001398,678441.0,0.0013974999999999999,7.155635062611206
1787023687590,0.001397,414613.0,0.001398,749972.0,0.0013974999999999999,7.155635062611206
1787023687591,0.001397,414613.0,0.001398,1068023.0,0.0013974999999999999,7.155635062611206
1787023687632,0.001397,307431.0,0.001398,1068023.0,0.0013974999999999999,7.155635062611206
1787023687634,0.001397,531756.0,0.001398,843698.0,0.0013974999999999999,7.155635062611206
1787023687636,0.001397,531756.0,0.001398,619537.0,0.0013974999999999999,7.155635062611206
1787023687689,0.001397,531756.0,0.001398,595607.0,0.0013974999999999999,7.155635062611206
1787023687720,0.001397,531756.0,0.001398,770189.0,0.0013974999999999999,7.155635062611206
1787023687721,0.001397,307431.0,0.001398,770189.0,0.0013974999999999999,7.155635062611206
1787023687722,0.001397,307431.0,0.001398,1066045.0,0.0013974999999999999,7.155635062611206
1787023687725,0.001397,307431.0,0.001398,1278853.0,0.0013974999999999999,7.155635062611206
1787023687726,0.001397,319238.0,0.001398,1290660.0,0.0013974999999999999,7.155635062611206
1787023687773,0.001397,319238.0,0.001398,2079961.0,0.0013974999999999999,7.155635062611206
1787023687799,0.001397,326393.0,0.001398,2079961.0,0.0013974999999999999,7.155635062611206
1787023687817,0.001397,326393.0,0.001398,2083896.0,0.0013974999999999999,7.155635062611206
1787023687831,0.001397,1069744.0,0.001398,2083896.0,0.0013974999999999999,7.155635062611206
1787023687833,0.001397,1069744.0,0.001398,2083896.0,0.0013974999999999999,7.155635062611206
1787023687871,0.001397,1069744.0,0.001398,1069980.0,0.0013974999999999999,7.155635062611206
1787023687896,0.001397,1069744.0,0.001398,759241.0,0.0013974999999999999,7.155635062611206
1787023687903,0.001397,1069744.0,0.001398,830772.0,0.0013974999999999999,7.155635062611206
1787023687933,0.001397,1069744.0,0.001398,831522.0,0.0013974999999999999,7.155635062611206
1787023688075,0.001397,1067287.0,0.001398,843329.0,0.0013974999999999999,7.155635062611206
1787023688082,0.001397,1114435.0,0.001398,843329.0,0.0013974999999999999,7.155635062611206
1787023688132,0.001397,1114435.0,0.001398,1620335.0,0.0013974999999999999,7.155635062611206
1787023688149,0.001397,1071549.0,0.001398,1620335.0,0.0013974999999999999,7.155635062611206
1787023688169,0.001397,1207766.0,0.001398,1620335.0,0.0013974999999999999,7.155635062611206
1787023688225,0.001397,1297181.0,0.001398,1620335.0,0.0013974999999999999,7.155635062611206
1787023688247,0.001397,1297181.0,0.001398,1548804.0,0.0013974999999999999,7.155635062611206
1787023688248,0.001397,1297181.0,0.001398,1536997.0,0.0013974999999999999,7.155635062611206
1787023688249,0.001397,1297181.0,0.001398,1548804.0,0.0013974999999999999,7.155635062611206
1787023688543,0.001397,1297181.0,0.001398,1552656.0,0.0013974999999999999,7.155635062611206
1787023688583,0.001397,1250033.0,0.001398,1552656.0,0.0013974999999999999,7.155635062611206
1787023688705,0.001397,1230621.0,0.001398,1552656.0,0.0013974999999999999,7.155635062611206
1787023688732,0.001397,1398595.0,0.001398,1552656.0,0.0013974999999999999,7.155635062611206
1787023688743,0.001397,1546049.0,0.001398,1552656.0,0.0013974999999999999,7.155635062611206
1787023688832,0.001397,1546049.0,0.001398,1551906.0,0.0013974999999999999,7.155635062611206
1787023688893,0.001397,1546049.0,0.001398,1327581.0,0.0013974999999999999,7.155635062611206
1787023689055,0.001397,1438867.0,0.001398,1327581.0,0.0013974999999999999,7.155635062611206
1787023689056,0.001397,699454.0,0.001398,1438227.0,0.0013974999999999999,7.155635062611206
1787023689057,0.001397,687647.0,0.001398,1761154.0,0.0013974999999999999,7.155635062611206
1787023689072,0.001397,687647.0,0.001398,1659981.0,0.0013974999999999999,7.155635062611206
1787023689073,0.001397,687647.0,0.001398,882975.0,0.0013974999999999999,7.155635062611206
1787023689074,0.001397,1122921.0,0.001398,882975.0,0.0013974999999999999,7.155635062611206
1787023689084,0.001397,1122921.0,0.001398,1017331.0,0.0013974999999999999,7.155635062611206
1787023689085,0.001397,1122921.0,0.001398,1005524.0,0.0013974999999999999,7.155635062611206
1787023689087,0.001397,1122921.0,0.001398,998628.0,0.0013974999999999999,7.155635062611206
1787023689090,0.001397,1122921.0,0.001398,864272.0,0.0013974999999999999,7.155635062611206
1787023689123,0.001397,1129672.0,0.001398,864272.0,0.0013974999999999999,7.155635062611206
1787023689131,0.001397,1129672.0,0.001398,865022.0,0.0013974999999999999,7.155635062611206
1787023689161,0.001397,1129672.0,0.001398,679516.0,0.0013974999999999999,7.155635062611206
1787023689162,0.001397,1129672.0,0.001398,466708.0,0.0013974999999999999,7.155635062611206
1787023689163,0.001398,493209.0,0.001399,1149669.0,0.0013985,7.150518412585862
1787023689164,0.001398,544574.0,0.001399,1069172.0,0.0013985,7.150518412585862
1787023689165,0.001398,590801.0,0.001399,737607.0,0.0013985,7.150518412585862
1787023689166,0.001398,564300.0,0.001399,615991.0,0.0013985,7.150518412585862
1787023689167,0.001398,752857.0,0.001399,701015.0,0.0013985,7.150518412585862
1787023689168,0.001398,752857.0,0.001399,601015.0,0.0013985,7.150518412585862
1787023689169,0.001398,1352857.0,0.001399,519665.0,0.0013985,7.150518412585862
1787023689170,0.001398,1352857.0,0.001399,376705.0,0.0013985,7.150518412585862
1787023689171,0.001398,1352857.0,0.001399,305225.0,0.0013985,7.150518412585862
1787023689172,0.001398,1352857.0,0.001399,233745.0,0.0013985,7.150518412585862
1787023689173,0.001398,1349275.0,0.001399,233745.0,0.0013985,7.150518412585862
1787023689174,0.001398,749275.0,0.001399,233745.0,0.0013985,7.150518412585862
1787023689177,0.001398,749275.0,0.001399,243792.0,0.0013985,7.150518412585862
1787023689178,0.001398,749275.0,0.001399,517311.0,0.0013985,7.150518412585862
1787023689180,0.001398,749275.0,0.001399,588791.0,0.0013985,7.150518412585862
1787023689181,0.001398,749275.0,0.001399,660271.0,0.0013985,7.150518412585862
1787023689186,0.001398,749275.0,0.001399,458232.0,0.0013985,7.150518412585862
1787023689188,0.001398,749275.0,0.001399,409755.0,0.0013985,7.150518412585862
1787023689189,0.001398,749275.0,0.001399,338275.0,0.0013985,7.150518412585862
1787023689190,0.001398,749275.0,0.001399,266795.0,0.0013985,7.150518412585862
1787023689231,0.001398,749275.0,0.001399,54767.0,0.0013985,7.150518412585862
1787023689232,0.001398,863735.0,0.001399,54767.0,0.0013985,7.150518412585862
1787023689234,0.001398,863735.0,0.0014,1924599.0,0.001399,14.295925661186908
1787023689235,0.001399,413081.0,0.0014,1890375.0,0.0013995000000000001,7.1454090746689225
1787023689236,0.001399,461558.0,0.0014,1387407.0,0.0013995000000000001,7.1454090746689225
1787023689237,0.001399,461558.0,0.0014,1466034.0,0.0013995000000000001,7.1454090746689225
1787023689238,0.001399,461558.0,0.0014,1784085.0,0.0013995000000000001,7.1454090746689225
1787023689247,0.001399,457057.0,0.0014,1784085.0,0.0013995000000000001,7.1454090746689225
1787023689276,0.001399,457057.0,0.0014,2601015.0,0.0013995000000000001,7.1454090746689225
1787023689299,0.001399,464202.0,0.0014,2601015.0,0.0013995000000000001,7.1454090746689225
1787023689303,0.001399,475992.0,0.0014,2612805.0,0.0013995000000000001,7.1454090746689225
1787023689320,0.001399,485071.0,0.0014,2612805.0,0.0013995000000000001,7.1454090746689225
1787023689357,0.001399,1359869.0,0.0014,2612805.0,0.0013995000000000001,7.1454090746689225
1787023689358,0.001399,1348079.0,0.0014,2612805.0,0.0013995000000000001,7.1454090746689225
1787023689370,0.001399,1348079.0,0.0014,2608875.0,0.0013995000000000001,7.1454090746689225
1787023689396,0.001399,1352009.0,0.0014,2608875.0,0.0013995000000000001,7.1454090746689225
1787023689424,0.001399,1363799.0,0.0014,2608875.0,0.0013995000000000001,7.1454090746689225
1787023689479,0.001399,489001.0,0.0014,2608875.0,0.0013995000000000001,7.1454090746689225
1787023689480,0.001399,489001.0,0.0014,1863662.0,0.0013995000000000001,7.1454090746689225
1787023689481,0.001399,80421.0,0.0014,1863662.0,0.0013995000000000001,7.1454090746689225
1787023689482,0.001399,80421.0,0.0014,2084111.0,0.0013995000000000001,7.1454090746689225
1787023689484,0.001399,43385.0,0.0014,2084111.0,0.0013995000000000001,7.1454090746689225
1787023689485,0.001399,43385.0,0.0014,2622029.0,0.0013995000000000001,7.1454090746689225
1787023689495,0.001399,31595.0,0.0014,2622029.0,0.0013995000000000001,7.1454090746689225
1787023689497,0.001398,875113.0,0.001399,10722.0,0.0013985,7.150518412585862
1787023689498,0.001398,753070.0,0.001399,427222.0,0.0013985,7.150518412585862
1787023689499,0.001398,753070.0,0.001399,416500.0,0.0013985,7.150518412585862
1787023689500,0.001398,753070.0,0.001399,536457.0,0.0013985,7.150518412585862
1787023689527,0.001398,757005.0,0.001399,536457.0,0.0013985,7.150518412585862
1787023689528,0.001398,757005.0,0.001399,332718.0,0.0013985,7.150518412585862
1787023689530,0.001398,757005.0,0.001399,261238.0,0.0013985,7.150518412585862
1787023689545,0.001398,757005.0,0.001399,257748.0,0.0013985,7.150518412585862
1787023689587,0.001398,768804.0,0.001399,269547.0,0.0013985,7.150518412585862
1787023689629,0.001398,759126.0,0.001399,269547.0,0.0013985,7.150518412585862
1787023689631,0.001398,759126.0,0.001399,1069547.0,0.0013985,7.150518412585862
1787023689632,0.001398,546318.0,0.001399,1057748.0,0.0013985,7.150518412585862
1787023689634,0.001398,546318.0,0.001399,1133160.0,0.0013985,7.150518412585862
1787023689635,0.001398,546318.0,0.001399,1204640.0,0.0013985,7.150518412585862
1787023689657,0.001398,323852.0,0.001399,1204640.0,0.0013985,7.150518412585862
1787023689659,0.001398,68006.0,0.001399,1204640.0,0.0013985,7.150518412585862
1787023689662,0.001397,857240.0,0.001399,1425247.0,0.001398,14.306151645207787
1787023689663,0.001397,837785.0,0.001398,488460.0,0.0013974999999999999,7.155635062611206
1787023689664,0.001397,815182.0,0.001398,356679.0,0.0013974999999999999,7.155635062611206
1787023689665,0.001397,1236289.0,0.001398,356679.0,0.0013974999999999999,7.155635062611206
1787023689666,0.001397,1236289.0,0.001398,428210.0,0.0013974999999999999,7.155635062611206
1787023689667,0.001397,1236289.0,0.001398,332777.0,0.0013974999999999999,7.155635062611206
1787023689671,0.001397,1236289.0,0.001398,261246.0,0.0013974999999999999,7.155635062611206
1787023689686,0.001397,2068806.0,0.001398,261246.0,0.0013974999999999999,7.155635062611206
1787023689687,0.001397,2068806.0,0.001398,1012094.0,0.0013974999999999999,7.155635062611206
1787023689689,0.001397,2068806.0,0.001398,1155156.0,0.0013974999999999999,7.155635062611206
1787023689714,0.001397,2068806.0,0.001398,404308.0,0.0013974999999999999,7.155635062611206
1787023689716,0.001398,439582.0,0.001399,2516640.0,0.0013985,7.150518412585862
1787023689717,0.001398,512310.0,0.001399,2525776.0,0.0013985,7.150518412585862
1787023689718,0.001398,734776.0,0.001399,1562995.0,0.0013985,7.150518412585862
1787023689719,0.001398,902309.0,0.001399,759421.0,0.0013985,7.150518412585862
1787023689720,0.001398,902309.0,0.001399,557382.0,0.0013985,7.150518412585862
1787023689721,0.001398,902309.0,0.001399,628862.0,0.0013985,7.150518412585862
1787023689728,0.001398,902309.0,0.0014,1857893.0,0.001399,14.295925661186908
1787023689729,0.001399,604865.0,0.0014,1918421.0,0.0013995000000000001,7.1454090746689225
1787023689730,0.001399,604865.0,0.0014,1066276.0,0.0013995000000000001,7.1454090746689225
1787023689731,0.001399,1129873.0,0.0014,956315.0,0.0013995000000000001,7.1454090746689225
1787023689732,0.001399,1129873.0,0.0014,875012.0,0.0013995000000000001,7.1454090746689225
1787023689733,0.001399,1129873.0,0.0014,946441.0,0.0013995000000000001,7.1454090746689225
1787023689741,0.001399,1129873.0,0.0014,1017870.0,0.0013995000000000001,7.1454090746689225
1787023689761,0.001399,1129873.0,0.0014,1209654.0,0.0013995000000000001,7.1454090746689225
1787023689795,0.001399,1129873.0,0.0014,1045343.0,0.0013995000000000001,7.1454090746689225
1787023689796,0.001399,1129873.0,0.0014,737389.0,0.0013995000000000001,7.1454090746689225
1787023689798,0.001399,1137018.0,0.0014,737389.0,0.0013995000000000001,7.1454090746689225
1787023689818,0.001399,1137018.0,0.0014,665960.0,0.0013995000000000001,7.1454090746689225
1787023689839,0.001399,1137018.0,0.0014,857744.0,0.0013995000000000001,7.1454090746689225
1787023689883,0.001399,1117515.0,0.0014,857744.0,0.0013995000000000001,7.1454090746689225
1787023689942,0.001399,1117515.0,0.0014,1667909.0,0.0013995000000000001,7.1454090746689225
1787023689943,0.001399,925731.0,0.0014,1667909.0,0.0013995000000000001,7.1454090746689225
1787023689995,0.001399,937521.0,0.0014,1679699.0,0.0013995000000000001,7.1454090746689225
1787023689997,0.001399,941453.0,0.0014,1679699.0,0.0013995000000000001,7.1454090746689225
1787023690014,0.001399,941453.0,0.0014,1638046.0,0.0013995000000000001,7.1454090746689225
1787023690017,0.001399,1817684.0,0.0014,1638046.0,0.0013995000000000001,7.1454090746689225
1787023690023,0.001399,1817684.0,0.0014,1566617.0,0.0013995000000000001,7.1454090746689225
1787023690081,0.001399,1817684.0,0.0014,1378192.0,0.0013995000000000001,7.1454090746689225
1787023690082,0.001399,1817684.0,0.001401,2323108.0,0.0014,14.285714285713084
1787023690083,0.0014,439544.0,0.001401,1523117.0,0.0014004999999999998,7.140307033201829
1787023690084,0.0014,902271.0,0.001401,983230.0,0.0014004999999999998,7.140307033201829
1787023690085,0.0014,902271.0,0.001401,458931.0,0.0014004999999999998,7.140307033201829
1787023690086,0.0014,902271.0,0.001401,420265.0,0.0014004999999999998,7.140307033201829
1787023690087,0.0014,902271.0,0.001401,491643.0,0.0014004999999999998,7.140307033201829
1787023690100,0.0014,1070245.0,0.001401,491643.0,0.0014004999999999998,7.140307033201829
1787023690102,0.0014,1217699.0,0.001401,491643.0,0.0014004999999999998,7.140307033201829
1787023690106,0.0014,1191236.0,0.001401,491643.0,0.0014004999999999998,7.140307033201829
1787023690127,0.0014,1074116.0,0.001401,491643.0,0.0014004999999999998,7.140307033201829
1787023690129,0.0014,1074116.0,0.001401,683427.0,0.0014004999999999998,7.140307033201829
1787023690155,0.0014,1074116.0,0.001402,2132472.0,0.001401,14.27551748750927
1787023690156,0.001401,421528.0,0.001402,2086464.0,0.0014015,7.135212272566056
1787023690157,0.001401,643994.0,0.001402,1345359.0,0.0014015,7.135212272566056
1787023690158,0.001401,692471.0,0.001402,821124.0,0.0014015,7.135212272566056
1787023690159,0.001401,692471.0,0.001402,892451.0,0.0014015,7.135212272566056
1787023690165,0.001401,884255.0,0.001402,892451.0,0.0014015,7.135212272566056
1787023690172,0.001401,884255.0,0.001402,891639.0,0.0014015,7.135212272566056
1787023690173,0.001401,884255.0,0.001402,962966.0,0.0014015,7.135212272566056
1787023690182,0.001401,857811.0,0.001402,962966.0,0.0014015,7.135212272566056
1787023690197,0.001401,857811.0,0.001402,977237.0,0.0014015,7.135212272566056
1787023690214,0.001401,857811.0,0.001402,620426.0,0.0014015,7.135212272566056
1787023690215,0.001401,1657811.0,0.001402,620426.0,0.0014015,7.135212272566056
1787023690216,0.001401,1657811.0,0.001402,568382.0,0.0014015,7.135212272566056
1787023690217,0.001401,1685647.0,0.001402,497055.0,0.0014015,7.135212272566056
1787023690218,0.0014,1187597.0,0.001402,648194.0,0.001401,14.27551748750927
1787023690219,0.0014,1155171.0,0.001401,487898.0,0.0014004999999999998,7.140307033201829
1787023690220,0.0014,1212140.0,0.001401,950625.0,0.0014004999999999998,7.140307033201829
1787023690221,0.0014,1083710.0,0.001401,950625.0,0.0014004999999999998,7.140307033201829
1787023690222,0.001401,226394.0,0.001402,2974829.0,0.0014015,7.135212272566056
1787023690223,0.001401,52888.0,0.001402,2899556.0,0.0014015,7.135212272566056
1787023690224,0.001401,248910.0,0.001402,2485959.0,0.0014015,7.135212272566056
1787023690225,0.001401,248910.0,0.001402,2343305.0,0.0014015,7.135212272566056
1787023690231,0.001401,260337.0,0.001402,2343305.0,0.0014015,7.135212272566056
1787023690232,0.001401,260337.0,0.001402,2271978.0,0.0014015,7.135212272566056
1787023690238,0.001401,308814.0,0.001402,2271978.0,0.0014015,7.135212272566056
1787023690239,0.001401,282370.0,0.001402,2129324.0,0.0014015,7.135212272566056
1787023690240,0.001401,282370.0,0.001402,2057997.0,0.0014015,7.135212272566056
1787023690261,0.001401,233893.0,0.001402,2057997.0,0.0014015,7.135212272566056
1787023690269,0.001401,222466.0,0.001402,2057997.0,0.0014015,7.135212272566056
1787023690275,0.001401,233893.0,0.001402,2057997.0,0.0014015,7.135212272566056
1787023690276,0.001401,282370.0,0.001402,2057997.0,0.0014015,7.135212272566056
1787023690284,0.001401,282370.0,0.001402,2801135.0,0.0014015,7.135212272566056
1787023690285,0.001401,282370.0,0.001402,2728988.0,0.0014015,7.135212272566056
1787023690286,0.001401,233893.0,0.001402,2728988.0,0.0014015,7.135212272566056
1787023690288,0.001401,282370.0,0.001402,2728988.0,0.0014015,7.135212272566056
1787023690289,0.001401,270943.0,0.001402,2948326.0,0.0014015,7.135212272566056
1787023690290,0.001401,282370.0,0.001402,2728988.0,0.0014015,7.135212272566056
1787023690337,0.001401,282370.0,0.001402,2740762.0,0.0014015,7.135212272566056
1787023690345,0.001401,276994.0,0.001402,2740762.0,0.0014015,7.135212272566056
1787023690369,0.001401,276994.0,0.001402,2736840.0,0.0014015,7.135212272566056
1787023690379,0.001401,276994.0,0.001402,2740770.0,0.0014015,7.135212272566056
1787023690380,0.001401,276994.0,0.001402,2736840.0,0.0014015,7.135212272566056
1787023690383,0.001401,280916.0,0.001402,2736840.0,0.0014015,7.135212272566056
1787023690468,0.001401,284842.0,0.001402,2736840.0,0.0014015,7.135212272566056
1787023690508,0.001401,284842.0,0.001402,1936840.0,0.0014015,7.135212272566056
1787023690509,0.001401,1077418.0,0.001402,1936840.0,0.0014015,7.135212272566056
1787023690510,0.001401,1077418.0,0.001402,1500914.0,0.0014015,7.135212272566056
1787023690511,0.001401,1077418.0,0.001402,1297175.0,0.0014015,7.135212272566056
1787023690527,0.001401,1089192.0,0.001402,1297175.0,0.0014015,7.135212272566056
1787023690620,0.001401,296616.0,0.001402,1297175.0,0.0014015,7.135212272566056
1787023690667,0.001401,478790.0,0.001402,1297175.0,0.0014015,7.135212272566056
1787023690680,0.001401,478790.0,0.001402,1615226.0,0.0014015,7.135212272566056
1787023690796,0.001401,485925.0,0.001402,1615226.0,0.0014015,7.135212272566056
1787023690833,0.001401,1234756.0,0.001402,1615226.0,0.0014015,7.135212272566056
1787023690834,0.001401,1234756.0,0.001402,1615226.0,0.0014015,7.135212272566056
1787023690836,0.001401,538390.0,0.001402,1615226.0,0.0014015,7.135212272566056
1787023690837,0.001401,11774.0,0.001402,1615226.0,0.0014015,7.135212272566056
1787023690839,0.0014,1515829.0,0.001401,708042.0,0.0014004999999999998,7.140307033201829
1787023690840,0.001401,260777.0,0.001402,2247559.0,0.0014015,7.135212272566056
1787023690841,0.001401,248909.0,0.001402,2040388.0,0.0014015,7.135212272566056
1787023690842,0.001401,297386.0,0.001402,2036458.0,0.0014015,7.135212272566056
1787023690845,0.001401,459982.0,0.001402,2036458.0,0.0014015,7.135212272566056
1787023690923,0.001401,459982.0,0.001402,2238411.0,0.0014015,7.135212272566056
1787023690925,0.001401,459982.0,0.001402,2250185.0,0.0014015,7.135212272566056
1787023690938,0.001401,463908.0,0.001402,2250185.0,0.0014015,7.135212272566056
1787023690939,0.001401,475682.0,0.001402,2250185.0,0.0014015,7.135212272566056
1787023690948,0.001401,475682.0,0.001402,2230051.0,0.0014015,7.135212272566056
1787023691128,0.001401,1376856.0,0.001402,2230051.0,0.0014015,7.135212272566056
1787023691129,0.001401,1365082.0,0.001402,1797045.0,0.0014015,7.135212272566056
1787023691130,0.001401,1376856.0,0.001402,1797045.0,0.0014015,7.135212272566056
1787023691171,0.001401,1369714.0,0.001402,1797045.0,0.0014015,7.135212272566056
1787023691176,0.001401,468540.0,0.001402,1797045.0,0.0014015,7.135212272566056
1787023691240,0.001401,468540.0,0.001402,2029042.0,0.0014015,7.135212272566056
1787023691405,0.001401,464526.0,0.001402,2029042.0,0.0014015,7.135212272566056
1787023691440,0.001401,464526.0,0.001402,1797045.0,0.0014015,7.135212272566056
1787023691470,0.001401,1316049.0,0.001402,1797045.0,0.0014015,7.135212272566056
1787023691471,0.001401,1316049.0,0.001402,1797045.0,0.0014015,7.135212272566056
1787023691747,0.001401,1316049.0,0.001402,1791337.0,0.0014015,7.135212272566056
1787023691749,0.001401,2116049.0,0.001402,1791337.0,0.0014015,7.135212272566056
1787023691799,0.001401,2123184.0,0.001402,1791337.0,0.0014015,7.135212272566056
1787023691812,0.001401,1323184.0,0.001402,1791337.0,0.0014015,7.135212272566056
1787023691813,0.001401,1323184.0,0.001402,1791337.0,0.0014015,7.135212272566056
1787023691944,0.001401,471661.0,0.001402,1791337.0,0.0014015,7.135212272566056
1787023691946,0.001401,289487.0,0.001402,1791337.0,0.0014015,7.135212272566056
1787023691956,0.001401,269823.0,0.001402,1791337.0,0.0014015,7.135212272566056
1787023692035,0.001401,269823.0,0.001402,1797341.0,0.0014015,7.135212272566056
1787023692097,0.001401,269823.0,0.001402,1783070.0,0.0014015,7.135212272566056
1787023692195,0.001401,269823.0,0.001402,1797344.0,0.0014015,7.135212272566056
1787023692246,0.001401,1176513.0,0.001402,1797344.0,0.0014015,7.135212272566056
1787023692247,0.001401,1176513.0,0.001402,1797344.0,0.0014015,7.135212272566056
1787023692248,0.001401,1358687.0,0.001402,1797344.0,0.0014015,7.135212272566056
1787023692297,0.001401,1351552.0,0.001402,1797344.0,0.0014015,7.135212272566056
1787023692415,0.001401,1351552.0,0.001402,1814122.0,0.0014015,7.135212272566056
1787023692485,0.001401,1351552.0,0.001402,1817867.0,0.0014015,7.135212272566056
1787023692506,0.001401,1666980.0,0.001402,1817867.0,0.0014015,7.135212272566056
1787023692577,0.001401,1661073.0,0.001402,1817867.0,0.0014015,7.135212272566056
1787023692611,0.001401,1661073.0,0.001403,2884279.0,0.001402,14.265335235378378
1787023692612,0.001402,413081.0,0.001403,1736689.0,0.0014025,7.130124777183001
1787023692613,0.001402,1417721.0,0.001403,526724.0,0.0014025,7.130124777183001
1787023692614,0.001402,870121.0,0.001403,409824.0,0.0014025,7.130124777183001
1787023692615,0.001402,870121.0,0.001403,456210.0,0.0014025,7.130124777183001
1787023692616,0.001402,870121.0,0.001403,338450.0,0.0014025,7.130124777183001
1787023692617,0.001402,1670121.0,0.001403,338450.0,0.0014025,7.130124777183001
1787023692618,0.001402,1670121.0,0.001403,267174.0,0.0014025,7.130124777183001
1787023692624,0.001402,1670121.0,0.001403,263610.0,0.0014025,7.130124777183001
1787023692633,0.001402,870121.0,0.001403,263610.0,0.0014025,7.130124777183001
1787023692665,0.001402,864074.0,0.001403,263610.0,0.0014025,7.130124777183001
1787023692681,0.001402,864074.0,0.001403,445784.0,0.0014025,7.130124777183001
1787023692682,0.001402,864074.0,0.001403,517060.0,0.0014025,7.130124777183001
1787023692683,0.001402,864074.0,0.001403,588336.0,0.0014025,7.130124777183001
1787023692685,0.001402,864074.0,0.001403,636813.0,0.0014025,7.130124777183001
1787023692695,0.001402,864074.0,0.001403,651072.0,0.0014025,7.130124777183001
1787023692767,0.001402,875839.0,0.001403,662837.0,0.0014025,7.130124777183001
1787023692796,0.001402,882969.0,0.001403,662837.0,0.0014025,7.130124777183001
1787023692818,0.001402,602891.0,0.001403,662837.0,0.0014025,7.130124777183001
1787023692819,0.001402,602891.0,0.001403,1507110.0,0.0014025,7.130124777183001
1787023692820,0.001402,1377041.0,0.001403,1495345.0,0.0014025,7.130124777183001
1787023692821,0.001402,591126.0,0.001403,1495345.0,0.0014025,7.130124777183001
1787023692877,0.001402,602891.0,0.001403,1507110.0,0.0014025,7.130124777183001
1787023692958,0.001402,375471.0,0.001403,1507110.0,0.0014025,7.130124777183001
1787023692959,0.001402,293761.0,0.001403,1507110.0,0.0014025,7.130124777183001
1787023692960,0.001402,71295.0,0.001403,1507110.0,0.0014025,7.130124777183001
1787023693036,0.001401,3081861.0,0.001402,197829.0,0.0014015,7.135212272566056
1787023693037,0.001401,3081861.0,0.001402,674555.0,0.0014015,7.135212272566056
1787023693038,0.001401,2991292.0,0.001402,197829.0,0.0014015,7.135212272566056
1787023693039,0.001401,2940618.0,0.001402,1065930.0,0.0014015,7.135212272566056
1787023693040,0.001401,2940618.0,0.001402,959055.0,0.0014015,7.135212272566056
1787023693041,0.001401,2940618.0,0.001402,1277106.0,0.0014015,7.135212272566056
1787023693042,0.001401,2940618.0,0.001402,457482.0,0.0014015,7.135212272566056
1787023693044,0.001401,3054307.0,0.001402,457482.0,0.0014015,7.135212272566056
1787023693058,0.001401,3054307.0,0.001402,409005.0,0.0014015,7.135212272566056
1787023693065,0.001401,3054307.0,0.001402,394740.0,0.0014015,7.135212272566056
1787023693069,0.001401,2254307.0,0.001402,394740.0,0.0014015,7.135212272566056
1787023693077,0.001401,2254307.0,0.001402,443217.0,0.0014015,7.135212272566056
1787023693082,0.001401,2254307.0,0.001402,447140.0,0.0014015,7.135212272566056
1787023693107,0.001401,2266081.0,0.001402,458914.0,0.0014015,7.135212272566056
1787023693184,0.001401,2266081.0,0.001402,552243.0,0.0014015,7.135212272566056
1787023693209,0.001401,2296110.0,0.001402,552243.0,0.0014015,7.135212272566056
1787023693244,0.001401,2296110.0,0.001402,1374166.0,0.0014015,7.135212272566056
1787023693245,0.001401,2182421.0,0.001402,1374166.0,0.0014015,7.135212272566056
1787023693316,0.001401,1807643.0,0.001402,1556340.0,0.0014015,7.135212272566056
1787023693317,0.001401,975968.0,0.001402,1556340.0,0.0014015,7.135212272566056
1787023693340,0.001401,975968.0,0.001402,1788337.0,0.0014015,7.135212272566056
1787023693347,0.001401,723640.0,0.001402,2010803.0,0.0014015,7.135212272566056
1787023693348,0.0014,1260935.0,0.001401,10707.0,0.0014004999999999998,7.140307033201829
1787023693349,0.0014,1038061.0,0.001401,1287743.0,0.0014004999999999998,7.140307033201829
1787023693350,0.0014,1026287.0,0.001401,1041357.0,0.0014004999999999998,7.140307033201829
1787023693351,0.0014,1169042.0,0.001401,1017550.0,0.0014004999999999998,7.140307033201829
1787023693376,0.0014,1165112.0,0.001401,1017550.0,0.0014004999999999998,7.140307033201829
1787023693382,0.0014,1165112.0,0.001401,1021475.0,0.0014004999999999998,7.140307033201829
1787023693397,0.0014,1165112.0,0.001401,1035755.0,0.0014004999999999998,7.140307033201829
1787023693399,0.0014,1176894.0,0.001401,1047537.0,0.0014004999999999998,7.140307033201829
1787023693416,0.0014,954428.0,0.001401,1047537.0,0.0014004999999999998,7.140307033201829
1787023693417,0.0014,772254.0,0.001401,1047537.0,0.0014004999999999998,7.140307033201829
1787023693420,0.0014,665072.0,0.001401,1047537.0,0.0014004999999999998,7.140307033201829
1787023693515,0.0014,665072.0,0.001401,1847537.0,0.0014004999999999998,7.140307033201829
1787023693517,0.0014,665072.0,0.001401,2670611.0,0.0014004999999999998,7.140307033201829
1787023693518,0.0014,665072.0,0.001401,2670611.0,0.0014004999999999998,7.140307033201829
1787023693552,0.0014,665072.0,0.001401,2674537.0,0.0014004999999999998,7.140307033201829
1787023693642,0.0014,665072.0,0.001401,2906534.0,0.0014004999999999998,7.140307033201829
1787023693643,0.0014,616595.0,0.001401,2906534.0,0.0014004999999999998,7.140307033201829
1787023693644,0.001399,2548865.0,0.001401,2906534.0,0.0014,14.285714285713084
1787023693645,0.001399,2169951.0,0.0014,798855.0,0.0013995000000000001,7.1454090746689225
1787023693646,0.001399,2169951.0,0.0014,1914829.0,0.0013995000000000001,7.1454090746689225
1787023693647,0.001399,2175643.0,0.0014,1914829.0,0.0013995000000000001,7.1454090746689225
1787023693648,0.001399,2175643.0,0.0014,1918754.0,0.0013995000000000001,7.1454090746689225
1787023693653,0.001399,2175643.0,0.0014,1923039.0,0.0013995000000000001,7.1454090746689225
1787023693687,0.001399,2172909.0,0.0014,1923039.0,0.0013995000000000001,7.1454090746689225
1787023693699,0.001399,2172909.0,0.0014,2839383.0,0.0013995000000000001,7.1454090746689225
1787023693717,0.001399,2065727.0,0.0014,2839383.0,0.0013995000000000001,7.1454090746689225
1787023693719,0.001399,1081137.0,0.0014,2839383.0,0.0013995000000000001,7.1454090746689225
1787023693720,0.001399,1077563.0,0.0014,2851173.0,0.0013995000000000001,7.1454090746689225
1787023693721,0.001399,1089353.0,0.0014,2851173.0,0.0013995000000000001,7.1454090746689225
1787023693750,0.001399,940352.0,0.0014,2851173.0,0.0013995000000000001,7.1454090746689225
1787023693793,0.001399,891875.0,0.0014,2851173.0,0.0013995000000000001,7.1454090746689225
1787023693795,0.001399,784771.0,0.0014,2851173.0,0.0013995000000000001,7.1454090746689225
1787023693796,0.001399,791916.0,0.0014,2851173.0,0.0013995000000000001,7.1454090746689225
1787023693806,0.001399,740175.0,0.0014,2851173.0,0.0013995000000000001,7.1454090746689225
1787023693835,0.001399,837884.0,0.0014,2851173.0,0.0013995000000000001,7.1454090746689225
1787023693846,0.001399,803659.0,0.0014,2851173.0,0.0013995000000000001,7.1454090746689225
1787023693897,0.001399,803659.0,0.0014,2865467.0,0.0013995000000000001,7.1454090746689225
1787023693903,0.001399,803659.0,0.0014,1949123.0,0.0013995000000000001,7.1454090746689225
1787023693996,0.001399,1664706.0,0.0014,1934829.0,0.0013995000000000001,7.1454090746689225
1787023693998,0.001399,1664706.0,0.0014,1934829.0,0.0013995000000000001,7.1454090746689225
1787023694023,0.001399,1664706.0,0.0014,1938758.0,0.0013995000000000001,7.1454090746689225
1787023694025,0.001399,1664706.0,0.0014,316889.0,0.0013995000000000001,7.1454090746689225
1787023694026,0.001399,1856015.0,0.0014,316889.0,0.0013995000000000001,7.1454090746689225
1787023694027,0.001399,1856015.0,0.0014,79418.0,0.0013995000000000001,7.1454090746689225
1787023694028,0.0014,26460.0,0.001401,1929662.0,0.0014004999999999998,7.140307033201829
1787023694029,0.0014,439541.0,0.001401,357391.0,0.0014004999999999998,7.140307033201829
1787023694030,0.0014,443470.0,0.001401,357391.0,0.0014004999999999998,7.140307033201829
1787023694031,0.0014,491947.0,0.001401,628334.0,0.0014004999999999998,7.140307033201829
1787023694049,0.0014,491947.0,0.001401,699712.0,0.0014004999999999998,7.140307033201829
1787023694055,0.0014,491947.0,0.001401,678734.0,0.0014004999999999998,7.140307033201829
1787023694056,0.0014,1091947.0,0.001401,750112.0,0.0014004999999999998,7.140307033201829
1787023694060,0.0014,1091947.0,0.001401,678734.0,0.0014004999999999998,7.140307033201829
1787023694071,0.0014,491947.0,0.001401,678734.0,0.0014004999999999998,7.140307033201829
1787023694105,0.0014,491947.0,0.001401,750112.0,0.0014004999999999998,7.140307033201829
1787023694155,0.0014,472128.0,0.001401,750112.0,0.0014004999999999998,7.140307033201829
1787023694156,0.0014,472128.0,0.001401,822190.0,0.0014004999999999998,7.140307033201829
1787023694198,0.0014,483910.0,0.001401,833972.0,0.0014004999999999998,7.140307033201829
1787023694227,0.0014,483910.0,0.001401,1722303.0,0.0014004999999999998,7.140307033201829
1787023694228,0.0014,483910.0,0.001401,1710521.0,0.0014004999999999998,7.140307033201829
1787023694229,0.001399,2913561.0,0.0014,340884.0,0.0013995000000000001,7.1454090746689225
1787023694230,0.001399,2172086.0,0.0014,509732.0,0.0013995000000000001,7.1454090746689225
1787023694231,0.001399,2172086.0,0.0014,782199.0,0.0013995000000000001,7.1454090746689225
1787023694232,0.001399,2172086.0,0.0014,925057.0,0.0013995000000000001,7.1454090746689225
1787023694234,0.001399,2172086.0,0.0014,1116366.0,0.0013995000000000001,7.1454090746689225
1787023694236,0.001399,2172086.0,0.0014,1164843.0,0.0013995000000000001,7.1454090746689225
1787023694237,0.001399,1980777.0,0.0014,1164843.0,0.0013995000000000001,7.1454090746689225
1787023694239,0.001399,1119730.0,0.0014,1164843.0,0.0013995000000000001,7.1454090746689225
1787023694241,0.001399,1119730.0,0.0014,1396840.0,0.0013995000000000001,7.1454090746689225
1787023694295,0.001399,1119730.0,0.0014,1411131.0,0.0013995000000000001,7.1454090746689225
1787023694296,0.001399,1112585.0,0.0014,1411131.0,0.0013995000000000001,7.1454090746689225
1787023694300,0.001399,1124375.0,0.0014,1422921.0,0.0013995000000000001,7.1454090746689225
1787023694301,0.001399,1017193.0,0.0014,1422921.0,0.0013995000000000001,7.1454090746689225
1787023694303,0.001399,1017193.0,0.0014,2222921.0,0.0013995000000000001,7.1454090746689225
1787023694304,0.001399,1017193.0,0.0014,1351492.0,0.0013995000000000001,7.1454090746689225
1787023694306,0.001399,1017193.0,0.0014,1339702.0,0.0013995000000000001,7.1454090746689225
1787023694359,0.001399,1021123.0,0.0014,1339702.0,0.0013995000000000001,7.1454090746689225
1787023694376,0.001399,1017193.0,0.0014,1339702.0,0.0013995000000000001,7.1454090746689225
1787023694447,0.001399,1017193.0,0.0014,2133429.0,0.0013995000000000001,7.1454090746689225
1787023694448,0.001399,2060065.0,0.0014,2133429.0,0.0013995000000000001,7.1454090746689225
1787023694449,0.001399,2060065.0,0.0014,2145219.0,0.0013995000000000001,7.1454090746689225
1787023694451,0.001399,2589053.0,0.0014,2145219.0,0.0013995000000000001,7.1454090746689225
1787023694454,0.001399,2589053.0,0.0014,1351492.0,0.0013995000000000001,7.1454090746689225
1787023694455,0.001399,2589053.0,0.0014,1160183.0,0.0013995000000000001,7.1454090746689225
1787023694456,0.001399,2526147.0,0.0014,1160183.0,0.0013995000000000001,7.1454090746689225
1787023694457,0.001399,2531496.0,0.0014,1960183.0,0.0013995000000000001,7.1454090746689225
1787023694461,0.001399,2536845.0,0.0014,1960183.0,0.0013995000000000001,7.1454090746689225
1787023694494,0.001399,2536845.0,0.0014,1964112.0,0.0013995000000000001,7.1454090746689225
1787023694588,0.001399,2536845.0,0.0014,1164112.0,0.0013995000000000001,7.1454090746689225
1787023694589,0.001399,2536845.0,0.0014,1164112.0,0.0013995000000000001,7.1454090746689225
1787023694598,0.001399,2536845.0,0.0014,1149821.0,0.0013995000000000001,7.1454090746689225
1787023694656,0.001399,2536845.0,0.0014,1975046.0,0.0013995000000000001,7.1454090746689225
1787023694669,0.001399,2533615.0,0.0014,1975046.0,0.0013995000000000001,7.1454090746689225
1787023694730,0.001398,1024390.0,0.0014,2755813.0,0.001399,14.295925661186908
1787023694731,0.001398,661072.0,0.001399,2473207.0,0.0013985,7.150518412585862
1787023694732,0.001397,1251966.0,0.001399,2290021.0,0.001398,14.306151645207787
1787023694733,0.001397,1095641.0,0.001398,447653.0,0.0013974999999999999,7.155635062611206
1787023694734,0.001398,369138.0,0.001399,3022465.0,0.0013985,7.150518412585862
1787023694735,0.001398,73540.0,0.001399,3227536.0,0.0013985,7.150518412585862
1787023694736,0.001398,42924.0,0.001399,116826.0,0.0013985,7.150518412585862
1787023694737,0.001398,265390.0,0.0014,2384536.0,0.001399,14.295925661186908
1787023694738,0.001398,512587.0,0.001399,7578.0,0.0013985,7.150518412585862
1787023694739,0.001398,512587.0,0.001399,48477.0,0.0013985,7.150518412585862
1787023694755,0.001398,512587.0,0.0014,2193690.0,0.001399,14.295925661186908
1787023694756,0.001398,512587.0,0.0014,2302784.0,0.001399,14.295925661186908
1787023694759,0.001398,512587.0,0.0014,2620835.0,0.001399,14.295925661186908
1787023694775,0.001398,269824.0,0.0014,2620835.0,0.001399,14.295925661186908
1787023694776,0.001398,265582.0,0.001399,270943.0,0.0013985,7.150518412585862
1787023694777,0.001397,3580.0,0.001398,10730.0,0.0013974999999999999,7.155635062611206
1787023694778,0.001397,75162.0,0.001398,14660.0,0.0013974999999999999,7.155635062611206
1787023694779,0.001397,79042.0,0.001398,418351.0,0.0013974999999999999,7.155635062611206
1787023694780,0.001397,79042.0,0.001398,533619.0,0.0013974999999999999,7.155635062611206
1787023694781,0.001397,79042.0,0.001398,458552.0,0.0013974999999999999,7.155635062611206
1787023694782,0.001397,75462.0,0.001398,458552.0,0.0013974999999999999,7.155635062611206
1787023694783,0.001396,725308.0,0.001398,507029.0,0.001397,14.31639226914697
1787023694784,0.001396,127972.0,0.001397,1081680.0,0.0013965000000000002,7.160759040457685
1787023694785,0.001396,127972.0,0.001397,1350125.0,0.0013965000000000002,7.160759040457685
1787023694786,0.001395,1053671.0,0.001396,10745.0,0.0013955,7.165890361878414
1787023694787,0.001395,898880.0,0.001396,21490.0,0.0013955,7.165890361878414
1787023694788,0.001395,848885.0,0.001396,873306.0,0.0013955,7.165890361878414
1787023694789,0.001395,911920.0,0.001396,780225.0,0.0013955,7.165890361878414
1787023694790,0.001396,427811.0,0.001397,1600301.0,0.0013965000000000002,7.160759040457685
1787023694791,0.001396,100926.0,0.001397,1698343.0,0.0013965000000000002,7.160759040457685
1787023694793,0.001395,1285392.0,0.001396,32235.0,0.0013955,7.165890361878414
1787023694794,0.001395,1209777.0,0.001396,642980.0,0.0013955,7.165890361878414
1787023694795,0.001395,1209777.0,0.001396,600000.0,0.0013955,7.165890361878414
1787023694796,0.001396,53070.0,0.001397,1586923.0,0.0013965000000000002,7.160759040457685
1787023694797,0.001396,98310.0,0.001397,1582993.0,0.0013965000000000002,7.160759040457685
1787023694798,0.001396,146787.0,0.001397,1391684.0,0.0013965000000000002,7.160759040457685
1787023694803,0.001396,328445.0,0.001397,1391684.0,0.0013965000000000002,7.160759040457685
1787023694804,0.001396,550911.0,0.001397,1387218.0,0.0013965000000000002,7.160759040457685
1787023694806,0.001396,550911.0,0.001397,587218.0,0.0013965000000000002,7.160759040457685
1787023694808,0.001396,550911.0,0.001397,514012.0,0.0013965000000000002,7.160759040457685
1787023694818,0.001396,550911.0,0.001397,465535.0,0.0013965000000000002,7.160759040457685
1787023694827,0.001396,550911.0,0.001397,447479.0,0.0013965000000000002,7.160759040457685
1787023694829,0.001396,1279136.0,0.001397,447479.0,0.0013965000000000002,7.160759040457685
1787023694830,0.001397,413081.0,0.001398,1975764.0,0.0013974999999999999,7.155635062611206
1787023694831,0.001397,514590.0,0.001398,1299980.0,0.0013974999999999999,7.155635062611206
1787023694832,0.001397,563353.0,0.001398,740639.0,0.0013974999999999999,7.155635062611206
1787023694833,0.001397,563353.0,0.001398,419196.0,0.0013974999999999999,7.155635062611206
1787023694853,0.001397,536837.0,0.001398,419196.0,0.0013974999999999999,7.155635062611206
1787023694868,0.001397,536837.0,0.001399,1816463.0,0.001398,14.306151645207787
1787023694870,0.001398,511450.0,0.001399,1770266.0,0.0013985,7.150518412585862
1787023694871,0.001398,511450.0,0.001399,1268073.0,0.0013985,7.150518412585862
1787023694872,0.001398,559927.0,0.001399,1268073.0,0.0013985,7.150518412585862
1787023694873,0.001398,559927.0,0.001399,818318.0,0.0013985,7.150518412585862
1787023694874,0.001398,559927.0,0.001399,1136369.0,0.0013985,7.150518412585862
1787023694875,0.001398,488055.0,0.001399,1207849.0,0.0013985,7.150518412585862
1787023694884,0.001398,488055.0,0.001399,1219648.0,0.0013985,7.150518412585862
1787023694892,0.001398,461558.0,0.001399,1219648.0,0.0013985,7.150518412585862
1787023694897,0.001398,456575.0,0.001399,1219648.0,0.0013985,7.150518412585862
1787023694918,0.001398,438713.0,0.001399,1219648.0,0.0013985,7.150518412585862
1787023694939,0.001398,1229779.0,0.001399,2009302.0,0.0013985,7.150518412585862
1787023694940,0.001398,438713.0,0.001399,1937822.0,0.0013985,7.150518412585862
1787023694946,0.001398,390236.0,0.001399,1937822.0,0.0013985,7.150518412585862
1787023694964,0.001398,390236.0,0.001399,1941754.0,0.0013985,7.150518412585862
1787023694967,0.001398,375951.0,0.001399,1941754.0,0.0013985,7.150518412585862
1787023695090,0.001398,375951.0,0.001399,2183295.0,0.0013985,7.150518412585862
1787023695100,0.001398,375951.0,0.001399,2539623.0,0.0013985,7.150518412585862
1787023695102,0.001398,375951.0,0.001399,2539623.0,0.0013985,7.150518412585862
1787023695159,0.001398,356049.0,0.001399,2539623.0,0.0013985,7.150518412585862
1787023695202,0.001398,359984.0,0.001399,2539623.0,0.0013985,7.150518412585862
1787023695266,0.001398,359984.0,0.001399,2570373.0,0.0013985,7.150518412585862
1787023695267,0.001398,359984.0,0.001399,2617903.0,0.0013985,7.150518412585862
1787023695296,0.001398,367134.0,0.001399,2617903.0,0.0013985,7.150518412585862
1787023695298,0.001398,367134.0,0.001399,2261177.0,0.0013985,7.150518412585862
1787023695299,0.001398,476585.0,0.001399,2261177.0,0.0013985,7.150518412585862
1787023695301,0.001398,1362403.0,0.001399,2261177.0,0.0013985,7.150518412585862
1787023695316,0.001398,476585.0,0.001399,2261177.0,0.0013985,7.150518412585862
1787023695340,0.001398,476585.0,0.001399,2493174.0,0.0013985,7.150518412585862
1787023695360,0.001398,340749.0,0.001399,2493174.0,0.0013985,7.150518412585862
1787023695374,0.001398,283314.0,0.001399,2493174.0,0.0013985,7.150518412585862
1787023695376,0.001398,331791.0,0.001399,2493174.0,0.0013985,7.150518412585862
1787023695378,0.001398,283314.0,0.001399,2493174.0,0.0013985,7.150518412585862
1787023695396,0.001398,283314.0,0.001399,2445644.0,0.0013985,7.150518412585862
1787023695399,0.001398,283314.0,0.001399,2414894.0,0.0013985,7.150518412585862
1787023695433,0.001398,295113.0,0.001399,2414894.0,0.0013985,7.150518412585862
1787023695435,0.001398,343590.0,0.001399,2414894.0,0.0013985,7.150518412585862
1787023695448,0.001398,91187.0,0.001399,2414894.0,0.0013985,7.150518412585862
1787023695450,0.001397,838497.0,0.001398,751336.0,0.0013974999999999999,7.155635062611206
1787023695451,0.001397,1096773.0,0.001398,698524.0,0.0013974999999999999,7.155635062611206
1787023695452,0.001397,1041010.0,0.001398,662886.0,0.0013974999999999999,7.155635062611206
1787023695453,0.001397,1041010.0,0.001398,749587.0,0.0013974999999999999,7.155635062611206
1787023695472,0.001397,1041010.0,0.001398,530200.0,0.0013974999999999999,7.155635062611206
1787023695473,0.001397,1222668.0,0.001398,530200.0,0.0013974999999999999,7.155635062611206
1787023695476,0.001397,1222668.0,0.001398,117119.0,0.0013974999999999999,7.155635062611206
1787023695481,0.001397,1222668.0,0.001398,38224.0,0.0013974999999999999,7.155635062611206
1787023695488,0.001398,297440.0,0.001399,2395671.0,0.0013985,7.150518412585862
1787023695489,0.001398,616791.0,0.001399,2180629.0,0.0013985,7.150518412585862
1787023695490,0.001398,1416791.0,0.001399,1199666.0,0.0013985,7.150518412585862
1787023695491,0.001398,1416791.0,0.001399,1176034.0,0.0013985,7.150518412585862
1787023695492,0.001398,1416791.0,0.001399,1318994.0,0.0013985,7.150518412585862
1787023695496,0.001398,1422576.0,0.001399,1318994.0,0.0013985,7.150518412585862
1787023695522,0.001398,1200110.0,0.001399,1318994.0,0.0013985,7.150518412585862
1787023695528,0.001398,1200110.0,0.001399,1305621.0,0.0013985,7.150518412585862
1787023695539,0.001398,1200110.0,0.001399,1073624.0,0.0013985,7.150518412585862
1787023695599,0.001398,1200110.0,0.001399,1077479.0,0.0013985,7.150518412585862
1787023695610,0.001398,1200110.0,0.001399,1069627.0,0.0013985,7.150518412585862
1787023695674,0.001398,1204045.0,0.001399,1069627.0,0.0013985,7.150518412585862
1787023695679,0.001398,1215844.0,0.001399,1081426.0,0.0013985,7.150518412585862
1787023695724,0.001398,2096729.0,0.001399,1972382.0,0.0013985,7.150518412585862
1787023695725,0.001398,2096729.0,0.001399,1900902.0,0.0013985,7.150518412585862
1787023695726,0.001398,2096729.0,0.001399,1829422.0,0.0013985,7.150518412585862
1787023695763,0.001398,2069735.0,0.001399,1829422.0,0.0013985,7.150518412585862
1787023695770,0.001398,2044682.0,0.001399,2011080.0,0.0013985,7.150518412585862
1787023695771,0.001398,2044682.0,0.001399,1999281.0,0.0013985,7.150518412585862
1787023695799,0.001398,2051832.0,0.001399,1999281.0,0.0013985,7.150518412585862
1787023695800,0.001398,2051832.0,0.001399,2011080.0,0.0013985,7.150518412585862
1787023695803,0.001398,2047397.0,0.001399,2011080.0,0.0013985,7.150518412585862
1787023695841,0.001398,2047397.0,0.001399,938466.0,0.0013985,7.150518412585862
1787023695845,0.001398,2047397.0,0.001399,725020.0,0.0013985,7.150518412585862
1787023695846,0.001398,2047397.0,0.001399,796500.0,0.0013985,7.150518412585862
1787023695847,0.001398,2047397.0,0.001399,820989.0,0.0013985,7.150518412585862
1787023695914,0.001398,1247397.0,0.001399,820989.0,0.0013985,7.150518412585862
1787023695916,0.001398,1235598.0,0.001399,820989.0,0.0013985,7.150518412585862
1787023695987,0.001398,1247397.0,0.001399,820989.0,0.0013985,7.150518412585862
1787023696082,0.001398,1247397.0,0.001399,1723802.0,0.0013985,7.150518412585862
1787023696083,0.001398,1247397.0,0.001399,1723802.0,0.0013985,7.150518412585862
1787023696270,0.001398,1225942.0,0.001399,1723802.0,0.0013985,7.150518412585862
1787023696315,0.001398,1225942.0,0.001399,1905460.0,0.0013985,7.150518412585862
1787023696408,0.001398,345057.0,0.001399,1905460.0,0.0013985,7.150518412585862
1787023696409,0.001398,163399.0,0.001399,1905460.0,0.0013985,7.150518412585862
1787023696410,0.001398,211876.0,0.001399,1905460.0,0.0013985,7.150518412585862
1787023696507,0.001398,211876.0,0.001399,13218244.0,0.0013985,7.150518412585862
1787023696508,0.001398,211876.0,0.001399,13206445.0,0.0013985,7.150518412585862
1787023696509,0.001397,1281163.0,0.001398,616820.0,0.0013974999999999999,7.155635062611206
1787023696510,0.001397,1027516.0,0.001398,798478.0,0.0013974999999999999,7.155635062611206
1787023696511,0.001397,1027516.0,0.001398,1069421.0,0.0013974999999999999,7.155635062611206
1787023696512,0.001397,1136989.0,0.001398,1073356.0,0.0013974999999999999,7.155635062611206
1787023696515,0.001397,1142603.0,0.001398,1073356.0,0.0013974999999999999,7.155635062611206
1787023696534,0.001397,1154410.0,0.001398,1085163.0,0.0013974999999999999,7.155635062611206
1787023696536,0.001397,1154410.0,0.001398,1085166.0,0.0013974999999999999,7.155635062611206
1787023696539,0.001397,623144.0,0.001398,881427.0,0.0013974999999999999,7.155635062611206
1787023696540,0.001397,576089.0,0.001398,881427.0,0.0013974999999999999,7.155635062611206
1787023696547,0.001397,515962.0,0.001398,881427.0,0.0013974999999999999,7.155635062611206
1787023696610,0.001397,515962.0,0.001398,1666982.0,0.0013974999999999999,7.155635062611206
1787023696638,0.001397,515962.0,0.001398,1898979.0,0.0013974999999999999,7.155635062611206
1787023696639,0.001397,515962.0,0.001398,1887172.0,0.0013974999999999999,7.155635062611206
1787023696659,0.001397,515962.0,0.001398,1856801.0,0.0013974999999999999,7.155635062611206
1787023696662,0.001397,1418278.0,0.001398,1856801.0,0.0013974999999999999,7.155635062611206
1787023696663,0.001397,1406471.0,0.001398,1856801.0,0.0013974999999999999,7.155635062611206
1787023696707,0.001397,1418278.0,0.001398,1868608.0,0.0013974999999999999,7.155635062611206
1787023696734,0.001397,1396747.0,0.001398,1868608.0,0.0013974999999999999,7.155635062611206
1787023696782,0.001397,1396747.0,0.001398,1912217.0,0.0013974999999999999,7.155635062611206
1787023696798,0.001397,1403902.0,0.001398,1912217.0,0.0013974999999999999,7.155635062611206
1787023696843,0.001397,501586.0,0.001398,1912217.0,0.0013974999999999999,7.155635062611206
1787023696844,0.001397,179814.0,0.001398,1912217.0,0.0013974999999999999,7.155635062611206
1787023696846,0.001397,72557.0,0.001398,1912217.0,0.0013974999999999999,7.155635062611206
1787023696847,0.001397,44611.0,0.001398,2608381.0,0.0013974999999999999,7.155635062611206
1787023696849,0.001397,44611.0,0.001398,2852169.0,0.0013974999999999999,7.155635062611206
1787023696862,0.001396,1471618.0,0.001398,2852169.0,0.001397,14.31639226914697
1787023696863,0.001396,1311444.0,0.001397,616820.0,0.0013965000000000002,7.160759040457685
1787023696864,0.001396,349354.0,0.001397,1171896.0,0.0013965000000000002,7.160759040457685
1787023696865,0.001396,300794.0,0.001397,1171896.0,0.0013965000000000002,7.160759040457685
1787023696866,0.001396,249053.0,0.001397,1160080.0,0.0013965000000000002,7.160759040457685
1787023696871,0.001396,243358.0,0.001397,1160080.0,0.0013965000000000002,7.160759040457685
1787023696894,0.001396,243358.0,0.001397,956341.0,0.0013965000000000002,7.160759040457685
1787023696955,0.001396,465824.0,0.001397,733875.0,0.0013965000000000002,7.160759040457685
1787023696956,0.001396,454008.0,0.001397,214949.0,0.0013965000000000002,7.160759040457685
1787023696958,0.001396,1125641.0,0.001397,143407.0,0.0013965000000000002,7.160759040457685
1787023696959,0.001397,26515.0,0.001398,4091827.0,0.0013974999999999999,7.155635062611206
1787023696960,0.001397,74992.0,0.001398,1162642.0,0.0013974999999999999,7.155635062611206
1787023696981,0.001397,48477.0,0.001398,1162642.0,0.0013974999999999999,7.155635062611206
1787023696983,0.001397,48477.0,0.001398,1119033.0,0.0013974999999999999,7.155635062611206
1787023696990,0.001397,42430.0,0.001398,1119033.0,0.0013974999999999999,7.155635062611206
1787023697023,0.001397,29072.0,0.001398,1119033.0,0.0013974999999999999,7.155635062611206
1787023697036,0.001397,29072.0,0.001398,1187948.0,0.0013974999999999999,7.155635062611206
1787023697039,0.001397,29072.0,0.001398,1152932.0,0.0013974999999999999,7.155635062611206
1787023697086,0.001397,33010.0,0.001398,1152932.0,0.0013974999999999999,7.155635062611206
1787023697093,0.001397,33010.0,0.001398,1164739.0,0.0013974999999999999,7.155635062611206
1787023697099,0.001397,33010.0,0.001398,1521049.0,0.0013974999999999999,7.155635062611206
1787023697100,0.001397,33010.0,0.001398,2437393.0,0.0013974999999999999,7.155635062611206
1787023697101,0.001397,33010.0,0.001398,2425586.0,0.0013974999999999999,7.155635062611206
1787023697169,0.001397,33010.0,0.001398,3183047.0,0.0013974999999999999,7.155635062611206
1787023697170,0.001397,33010.0,0.001398,3320129.0,0.0013974999999999999,7.155635062611206
1787023697214,0.001397,33010.0,0.001398,3331936.0,0.0013974999999999999,7.155635062611206
1787023697315,0.001397,901918.0,0.001398,3331936.0,0.0013974999999999999,7.155635062611206
1787023697317,0.001397,913725.0,0.001398,3331936.0,0.0013974999999999999,7.155635062611206
1787023697321,0.001397,893652.0,0.001398,3331936.0,0.0013974999999999999,7.155635062611206
1787023697378,0.001397,872182.0,0.001398,3331936.0,0.0013974999999999999,7.155635062611206
1787023697474,0.001397,1083229.0,0.001398,2574475.0,0.0013974999999999999,7.155635062611206
1787023697476,0.001397,1083229.0,0.001398,2186820.0,0.0013974999999999999,7.155635062611206
1787023697538,0.001397,1078777.0,0.001398,2186820.0,0.0013974999999999999,7.155635062611206
1787023697556,0.001397,1082715.0,0.001398,2186820.0,0.0013974999999999999,7.155635062611206
1787023697673,0.001397,997457.0,0.001398,2186820.0,0.0013974999999999999,7.155635062611206
1787023697675,0.001397,997457.0,0.001398,3073041.0,0.0013974999999999999,7.155635062611206
1787023697705,0.001397,997457.0,0.001398,1643449.0,0.0013974999999999999,7.155635062611206
1787023697706,0.001397,1219923.0,0.001398,749356.0,0.0013974999999999999,7.155635062611206
1787023697779,0.001397,1219923.0,0.001398,792965.0,0.0013974999999999999,7.155635062611206
1787023697780,0.001397,1219923.0,0.001398,804772.0,0.0013974999999999999,7.155635062611206
1787023697799,0.001397,1227078.0,0.001398,804772.0,0.0013974999999999999,7.155635062611206
1787023697800,0.001397,1227078.0,0.001398,59351.0,0.0013974999999999999,7.155635062611206
1787023697801,0.001397,1227078.0,0.001398,181811.0,0.0013974999999999999,7.155635062611206
1787023697802,0.001397,1227078.0,0.001398,170004.0,0.0013974999999999999,7.155635062611206
1787023697851,0.001397,1222043.0,0.001398,170004.0,0.0013974999999999999,7.155635062611206
1787023697910,0.001397,1222043.0,0.001398,1013703.0,0.0013974999999999999,7.155635062611206
1787023697911,0.001397,1222043.0,0.001398,1025510.0,0.0013974999999999999,7.155635062611206
1787023697941,0.001397,999577.0,0.001398,1025510.0,0.0013974999999999999,7.155635062611206
1787023697982,0.001397,999577.0,0.001398,981901.0,0.0013974999999999999,7.155635062611206
1787023698006,0.001397,999577.0,0.001398,974884.0,0.0013974999999999999,7.155635062611206
1787023698061,0.001397,999577.0,0.001398,1196762.0,0.0013974999999999999,7.155635062611206
1787023698177,0.001397,999577.0,0.001398,1200697.0,0.0013974999999999999,7.155635062611206
1787023698218,0.001397,121394.0,0.001398,1200697.0,0.0013974999999999999,7.155635062611206
1787023698219,0.001397,11093.0,0.001398,3030641.0,0.0013974999999999999,7.155635062611206
1787023698220,0.001396,2296823.0,0.001397,478596.0,0.0013965000000000002,7.160759040457685
1787023698221,0.001396,1213243.0,0.001397,548273.0,0.0013965000000000002,7.160759040457685
1787023698222,0.001396,844067.0,0.001397,1016507.0,0.0013965000000000002,7.160759040457685
1787023698223,0.001396,844067.0,0.001397,992686.0,0.0013965000000000002,7.160759040457685
1787023698224,0.001396,244067.0,0.001397,992686.0,0.0013965000000000002,7.160759040457685
1787023698242,0.001396,244067.0,0.001397,921104.0,0.0013965000000000002,7.160759040457685
1787023698243,0.001396,244067.0,0.001397,849522.0,0.0013965000000000002,7.160759040457685
1787023698248,0.001396,244067.0,0.001397,855017.0,0.0013965000000000002,7.160759040457685
1787023698291,0.001396,62409.0,0.001397,855017.0,0.0013965000000000002,7.160759040457685
1787023698293,0.001395,1822318.0,0.001397,855017.0,0.001396,14.32664756447026
1787023698294,0.001395,1822318.0,0.001396,381844.0,0.0013955,7.165890361878414
1787023698295,0.001396,26533.0,0.001397,930255.0,0.0013965000000000002,7.160759040457685
1787023698296,0.001396,281900.0,0.001397,1073419.0,0.0013965000000000002,7.160759040457685
1787023698297,0.001396,281900.0,0.001397,1069763.0,0.0013965000000000002,7.160759040457685
1787023698298,0.001396,281900.0,0.001397,1113567.0,0.0013965000000000002,7.160759040457685
1787023698316,0.001396,330377.0,0.001397,1113567.0,0.0013965000000000002,7.160759040457685
1787023698357,0.001396,310226.0,0.001397,1113567.0,0.0013965000000000002,7.160759040457685
1787023698358,0.001396,314162.0,0.001397,1113567.0,0.0013965000000000002,7.160759040457685
1787023698373,0.001396,310226.0,0.001397,1113567.0,0.0013965000000000002,7.160759040457685
1787023698423,0.001396,310226.0,0.001397,1117500.0,0.0013965000000000002,7.160759040457685
1787023698424,0.001396,322042.0,0.001397,1895237.0,0.0013965000000000002,7.160759040457685
1787023698578,0.001396,183099.0,0.001397,1895237.0,0.0013965000000000002,7.160759040457685
1787023698580,0.001396,134622.0,0.001397,1895237.0,0.0013965000000000002,7.160759040457685
1787023698596,0.001396,134622.0,0.001397,1919648.0,0.0013965000000000002,7.160759040457685
1787023698598,0.001396,134622.0,0.001397,1895237.0,0.0013965000000000002,7.160759040457685
1787023698650,0.001396,134622.0,0.001397,1899175.0,0.0013965000000000002,7.160759040457685
1787023698682,0.001396,134622.0,0.001397,2217226.0,0.0013965000000000002,7.160759040457685
1787023698684,0.001396,134622.0,0.001397,2145644.0,0.0013965000000000002,7.160759040457685
1787023698687,0.001396,134622.0,0.001397,2145644.0,0.0013965000000000002,7.160759040457685
1787023698692,0.001396,138562.0,0.001397,2145644.0,0.0013965000000000002,7.160759040457685
1787023698701,0.001396,138562.0,0.001397,2891065.0,0.0013965000000000002,7.160759040457685
1787023698933,0.001396,134374.0,0.001397,2891065.0,0.0013965000000000002,7.160759040457685
1787023698980,0.001396,22916.0,0.001397,2891065.0,0.0013965000000000002,7.160759040457685
1787023698981,0.001396,11100.0,0.001397,3426977.0,0.0013965000000000002,7.160759040457685
1787023698982,0.001395,2185536.0,0.001396,759236.0,0.0013955,7.165890361878414
1787023698983,0.001395,1225209.0,0.001396,926216.0,0.0013955,7.165890361878414
1787023698984,0.001395,1368526.0,0.001396,1006599.0,0.0013955,7.165890361878414
1787023698985,0.001395,1368526.0,0.001396,997008.0,0.0013955,7.165890361878414
1787023699013,0.001395,1368526.0,0.001396,793269.0,0.0013955,7.165890361878414
1787023699014,0.001395,1261344.0,0.001396,793269.0,0.0013955,7.165890361878414
1787023699016,0.001395,1239877.0,0.001396,793269.0,0.0013955,7.165890361878414
1787023699017,0.001394,1667628.0,0.001396,1393269.0,0.001395,14.336917562724363
1787023699018,0.001394,1201407.0,0.001395,13533.0,0.0013945,7.171029042667021
1787023699019,0.001394,1201407.0,0.001395,995550.0,0.0013945,7.171029042667021
1787023699020,0.001394,401407.0,0.001395,995550.0,0.0013945,7.171029042667021
1787023699021,0.001394,401407.0,0.001395,1067235.0,0.0013945,7.171029042667021
1787023699033,0.001394,401407.0,0.001395,1138920.0,0.0013945,7.171029042667021
1787023699068,0.001394,437275.0,0.001395,1138920.0,0.0013945,7.171029042667021
1787023699087,0.001394,245966.0,0.001395,1138920.0,0.0013945,7.171029042667021
1787023699090,0.001394,138784.0,0.001395,1232128.0,0.0013945,7.171029042667021
1787023699091,0.001394,138784.0,0.001395,1369210.0,0.0013945,7.171029042667021
1787023699092,0.001394,138784.0,0.001395,2169210.0,0.0013945,7.171029042667021
1787023699093,0.001394,138784.0,0.001395,1369210.0,0.0013945,7.171029042667021
1787023699095,0.001393,1475529.0,0.001395,1369210.0,0.0013939999999999998,14.347202295552718
1787023699096,0.001393,1475529.0,0.001394,475698.0,0.0013935,7.17617509867336
1787023699097,0.001393,675750.0,0.001394,537385.0,0.0013935,7.17617509867336
1787023699098,0.001393,1098066.0,0.001394,830999.0,0.0013935,7.17617509867336
1787023699099,0.001393,1444698.0,0.001394,755172.0,0.0013935,7.17617509867336
1787023699100,0.001393,1444698.0,0.001394,1278715.0,0.0013935,7.17617509867336
1787023699121,0.001393,1444698.0,0.001394,1282661.0,0.0013935,7.17617509867336
1787023699157,0.001393,1444698.0,0.001394,1499935.0,0.0013935,7.17617509867336
1787023699160,0.001393,1480592.0,0.001394,1499935.0,0.0013935,7.17617509867336
1787023699164,0.001393,1460058.0,0.001394,1499935.0,0.0013935,7.17617509867336
1787023699166,0.001393,1460058.0,0.001394,1817986.0,0.0013935,7.17617509867336
1787023699168,0.001393,1460058.0,0.001394,2039864.0,0.0013935,7.17617509867336
1787023699199,0.001393,1460058.0,0.001394,1294443.0,0.0013935,7.17617509867336
1787023699247,0.001393,1471899.0,0.001394,1306284.0,0.0013935,7.17617509867336
1787023699248,0.001393,1400111.0,0.001394,1306284.0,0.0013935,7.17617509867336
1787023699256,0.001393,1400111.0,0.001394,1278432.0,0.0013935,7.17617509867336
1787023699257,0.001393,2000111.0,0.001394,1278432.0,0.0013935,7.17617509867336
1787023699259,0.001393,1928323.0,0.001394,1056554.0,0.0013935,7.17617509867336
1787023699298,0.001393,1935499.0,0.001394,1056554.0,0.0013935,7.17617509867336
1787023699300,0.001393,2841124.0,0.001394,1056554.0,0.0013935,7.17617509867336
1787023699301,0.001393,2829283.0,0.001394,1056554.0,0.0013935,7.17617509867336
1787023699303,0.001393,2809319.0,0.001394,1056554.0,0.0013935,7.17617509867336
1787023699304,0.001393,2773425.0,0.001394,1056554.0,0.0013935,7.17617509867336
1787023699305,0.001393,2173425.0,0.001394,1056554.0,0.0013935,7.17617509867336
1787023699320,0.001393,2118989.0,0.001394,1056554.0,0.0013935,7.17617509867336
1787023699350,0.001393,2118989.0,0.001394,1931973.0,0.0013935,7.17617509867336
1787023699351,0.001393,2130830.0,0.001394,1931973.0,0.0013935,7.17617509867336
1787023699361,0.001393,2126900.0,0.001394,1931973.0,0.0013935,7.17617509867336
1787023699382,0.001393,2176354.0,0.001394,1931973.0,0.0013935,7.17617509867336
1787023699385,0.001393,2176354.0,0.001394,1939836.0,0.0013935,7.17617509867336
1787023699436,0.001393,2176354.0,0.001394,1785164.0,0.0013935,7.17617509867336
1787023699438,0.001393,2176354.0,0.001394,909745.0,0.0013935,7.17617509867336
1787023699439,0.001393,2176354.0,0.001394,921586.0,0.0013935,7.17617509867336
1787023699440,0.001393,2176354.0,0.001394,909745.0,0.0013935,7.17617509867336
1787023699687,0.001393,2165522.0,0.001394,909745.0,0.0013935,7.17617509867336
1787023699696,0.001393,2165522.0,0.001394,1646871.0,0.0013935,7.17617509867336
1787023699700,0.001393,2201416.0,0.001394,1646871.0,0.0013935,7.17617509867336
1787023699767,0.001393,1295791.0,0.001394,1868749.0,0.0013935,7.17617509867336
1787023699769,0.001393,1295791.0,0.001394,1856908.0,0.0013935,7.17617509867336
1787023699867,0.001394,217274.0,0.001395,2840013.0,0.0013945,7.171029042667021
1787023699868,0.001393,1295791.0,0.001395,2137213.0,0.0013939999999999998,14.347202295552718
1787023699869,0.001394,1015783.0,0.001395,1791772.0,0.0013945,7.171029042667021
1787023699870,0.001394,1207680.0,0.001395,1418802.0,0.0013945,7.171029042667021
1787023699871,0.001394,1207680.0,0.001395,1477709.0,0.0013945,7.171029042667021
1787023699883,0.001394,1207680.0,0.001395,1591609.0,0.0013945,7.171029042667021
1787023699884,0.001394,1207680.0,0.001395,1477709.0,0.0013945,7.171029042667021
1787023699915,0.001394,1200543.0,0.001395,1477709.0,0.0013945,7.171029042667021
1787023699918,0.001394,1200543.0,0.001395,1699587.0,0.0013945,7.171029042667021
1787023699936,0.001394,1200543.0,0.001395,1477709.0,0.0013945,7.171029042667021
1787023699939,0.001394,1216797.0,0.001395,1477709.0,0.0013945,7.171029042667021
1787023699961,0.001394,1213105.0,0.001395,1477709.0,0.0013945,7.171029042667021
1787023699996,0.001394,1213105.0,0.001395,1699587.0,0.0013945,7.171029042667021
1787023700026,0.001394,1213105.0,0.001395,1664127.0,0.0013945,7.171029042667021
1787023700027,0.001394,1213105.0,0.001395,1675960.0,0.0013945,7.171029042667021
1787023700028,0.001394,1224938.0,0.001395,1661756.0,0.0013945,7.171029042667021
1787023700059,0.001394,1216373.0,0.001395,1661756.0,0.0013945,7.171029042667021
1787023700061,0.001394,1216373.0,0.001395,2261756.0,0.0013945,7.171029042667021
1787023700062,0.001394,1216373.0,0.001395,1661756.0,0.0013945,7.171029042667021
1787023700063,0.001394,1216373.0,0.001396,3009993.0,0.001395,14.336917562724363
1787023700064,0.001395,647977.0,0.001396,3002615.0,0.0013955,7.165890361878414
1787023700065,0.001395,722951.0,0.001396,1820571.0,0.0013955,7.165890361878414
1787023700066,0.001395,1118165.0,0.001396,1416832.0,0.0013955,7.165890361878414
1787023700068,0.001395,1956760.0,0.001396,1806515.0,0.0013955,7.165890361878414
1787023700069,0.001395,1956760.0,0.001396,1878148.0,0.0013955,7.165890361878414
1787023700084,0.001395,1956760.0,0.001396,1278148.0,0.0013955,7.165890361878414
1787023700103,0.001395,1960703.0,0.001396,1278148.0,0.0013955,7.165890361878414
1787023700108,0.001395,1104173.0,0.001396,1278148.0,0.0013955,7.165890361878414
1787023700109,0.001395,265578.0,0.001396,1278148.0,0.0013955,7.165890361878414
1787023700115,0.001395,265578.0,0.001396,1206515.0,0.0013955,7.165890361878414
1787023700130,0.001395,265578.0,0.001396,1192331.0,0.0013955,7.165890361878414
1787023700133,0.001395,265578.0,0.001396,1199495.0,0.0013955,7.165890361878414
1787023700134,0.001395,259531.0,0.001396,1199495.0,0.0013955,7.165890361878414
1787023700136,0.001395,476805.0,0.001396,377869.0,0.0013955,7.165890361878414
1787023700137,0.001396,10745.0,0.001397,2306609.0,0.0013965000000000002,7.160759040457685
1787023700138,0.001396,281100.0,0.001397,1958551.0,0.0013965000000000002,7.160759040457685
1787023700139,0.001396,281100.0,0.001397,1614461.0,0.0013965000000000002,7.160759040457685
1787023700207,0.001396,281100.0,0.001397,1621620.0,0.0013965000000000002,7.160759040457685
1787023700273,0.001396,61657.0,0.001397,1621620.0,0.0013965000000000002,7.160759040457685
1787023700274,0.001396,48477.0,0.001397,2421620.0,0.0013965000000000002,7.160759040457685
1787023700276,0.001396,48477.0,0.001397,2414461.0,0.0013965000000000002,7.160759040457685
1787023700298,0.001396,48477.0,0.001397,2426277.0,0.0013965000000000002,7.160759040457685
1787023700341,0.001396,48477.0,0.001397,3204237.0,0.0013965000000000002,7.160759040457685
1787023700342,0.001395,1932434.0,0.001397,3341562.0,0.001396,14.32664756447026
1787023700343,0.001395,1932434.0,0.001396,499606.0,0.0013955,7.165890361878414
1787023700344,0.001395,1872573.0,0.001396,447582.0,0.0013955,7.165890361878414
1787023700345,0.001395,1657517.0,0.001396,533665.0,0.0013955,7.165890361878414
1787023700346,0.001395,1812833.0,0.001396,507134.0,0.0013955,7.165890361878414
1787023700349,0.001395,1710058.0,0.001396,507134.0,0.0013955,7.165890361878414
1787023700351,0.001395,1492784.0,0.001396,507134.0,0.0013955,7.165890361878414
1787023700352,0.001395,1492784.0,0.001396,729012.0,0.0013955,7.165890361878414
1787023700356,0.001395,1492784.0,0.001396,732957.0,0.0013955,7.165890361878414
1787023700363,0.001395,1492784.0,0.001396,729012.0,0.0013955,7.165890361878414
1787023700369,0.001395,1496729.0,0.001396,729012.0,0.0013955,7.165890361878414
1787023700374,0.001395,1496729.0,0.001396,525273.0,0.0013955,7.165890361878414
1787023700375,0.001395,1496729.0,0.001396,453640.0,0.0013955,7.165890361878414
1787023700382,0.001395,1492784.0,0.001396,453640.0,0.0013955,7.165890361878414
1787023700383,0.001395,1496726.0,0.001396,453640.0,0.0013955,7.165890361878414
1787023700404,0.001395,1496726.0,0.001396,1192454.0,0.0013955,7.165890361878414
1787023700405,0.001395,1496726.0,0.001396,1264087.0,0.0013955,7.165890361878414
1787023700413,0.001395,1475748.0,0.001396,1264087.0,0.0013955,7.165890361878414
1787023700414,0.001395,1475748.0,0.001396,1275911.0,0.0013955,7.165890361878414
1787023700439,0.001395,1475748.0,0.001396,1347544.0,0.0013955,7.165890361878414
1787023700535,0.001395,1475748.0,0.001396,1351484.0,0.0013955,7.165890361878414
1787023700555,0.001395,1455436.0,0.001396,1351484.0,0.0013955,7.165890361878414
1787023700559,0.001395,655599.0,0.001396,1351484.0,0.0013955,7.165890361878414
1787023700569,0.001392,1877641.0,0.001396,1351484.0,0.001394,28.69440459110543
1787023700570,0.001392,1435778.0,0.001394,221878.0,0.0013930000000000001,14.357501794688071
1787023700571,0.001392,1910945.0,0.001394,221878.0,0.0013930000000000001,14.357501794688071
1787023700572,0.001393,328732.0,0.001394,7178.0,0.0013935,7.17617509867336
1787023700573,0.001393,44207.0,0.001394,413081.0,0.0013935,7.17617509867336
1787023700574,0.001393,630884.0,0.001394,589137.0,0.0013935,7.17617509867336
1787023700575,0.001393,748285.0,0.001394,665004.0,0.0013935,7.17617509867336
1787023700576,0.001393,676497.0,0.001394,806199.0,0.0013935,7.17617509867336
1787023700578,0.001393,1174413.0,0.001394,651926.0,0.0013935,7.17617509867336
1787023700579,0.001393,1174413.0,0.001394,723662.0,0.0013935,7.17617509867336
1787023700580,0.001393,1098661.0,0.001394,723662.0,0.0013935,7.17617509867336
1787023700595,0.001393,1114243.0,0.001394,723662.0,0.0013935,7.17617509867336
1787023700596,0.001393,1185490.0,0.001394,723662.0,0.0013935,7.17617509867336
1787023700597,0.001393,1256737.0,0.001394,449439.0,0.0013935,7.17617509867336
1787023700598,0.001393,1256737.0,0.001394,341046.0,0.0013935,7.17617509867336
1787023700599,0.001393,1256737.0,0.001394,341046.0,0.0013935,7.17617509867336
1787023700600,0.001393,1256737.0,0.001394,269310.0,0.0013935,7.17617509867336
1787023700601,0.001393,1256737.0,0.001394,197574.0,0.0013935,7.17617509867336
1787023700617,0.001393,1256737.0,0.001394,187876.0,0.0013935,7.17617509867336
1787023700639,0.001393,1283741.0,0.001394,187876.0,0.0013935,7.17617509867336
1787023700641,0.001393,1176559.0,0.001394,11820.0,0.0013935,7.17617509867336
1787023700642,0.001393,1032829.0,0.001394,129246.0,0.0013935,7.17617509867336
1787023700643,0.001393,1032829.0,0.001394,80769.0,0.0013935,7.17617509867336
1787023700645,0.001393,1032829.0,0.001394,129246.0,0.0013935,7.17617509867336
1787023700656,0.001393,1032829.0,0.001394,124939.0,0.0013935,7.17617509867336
1787023700659,0.001393,1032829.0,0.001394,120632.0,0.0013935,7.17617509867336
1787023700660,0.001393,1032829.0,0.001394,117426.0,0.0013935,7.17617509867336
1787023700667,0.001393,1032829.0,0.001394,103546.0,0.0013935,7.17617509867336
1787023700673,0.001393,1032829.0,0.001394,55069.0,0.0013935,7.17617509867336
1787023700676,0.001393,1032829.0,0.001395,2007408.0,0.0013939999999999998,14.347202295552718
1787023700677,0.001394,414143.0,0.001395,1999743.0,0.0013945,7.171029042667021
1787023700678,0.001394,414143.0,0.001395,1813009.0,0.0013945,7.171029042667021
1787023700693,0.001394,414143.0,0.001395,1419902.0,0.0013945,7.171029042667021
1787023700694,0.001394,414143.0,0.001395,1216163.0,0.0013945,7.171029042667021
1787023700752,0.001394,425976.0,0.001395,1227996.0,0.0013945,7.171029042667021
1787023700764,0.001394,1162949.0,0.001395,1227996.0,0.0013945,7.171029042667021
1787023700765,0.001394,1162949.0,0.001395,2076075.0,0.0013945,7.171029042667021
1787023700766,0.001394,1151116.0,0.001395,2076075.0,0.0013945,7.171029042667021
1787023700798,0.001394,1158287.0,0.001395,2076075.0,0.0013945,7.171029042667021
1787023700880,0.001394,1158287.0,0.001395,2069117.0,0.0013945,7.171029042667021
1787023700881,0.001394,1170120.0,0.001395,2069117.0,0.0013945,7.171029042667021
1787023701005,0.001394,1170120.0,0.001395,1925747.0,0.0013945,7.171029042667021
1787023701006,0.001394,1170120.0,0.001395,1929690.0,0.0013945,7.171029042667021
1787023701033,0.001394,1164664.0,0.001395,1929690.0,0.0013945,7.171029042667021
1787023701035,0.001394,427691.0,0.001395,1929690.0,0.0013945,7.171029042667021
1787023701044,0.001394,431637.0,0.001395,1929690.0,0.0013945,7.171029042667021
1787023701141,0.001394,431637.0,0.001395,1822241.0,0.0013945,7.171029042667021
1787023701164,0.001394,431637.0,0.001395,1773674.0,0.0013945,7.171029042667021
1787023701238,0.001394,1306880.0,0.001395,1773674.0,0.0013945,7.171029042667021
1787023701239,0.001394,1306880.0,0.001395,1773674.0,0.0013945,7.171029042667021
1787023701344,0.001394,1187805.0,0.001395,1773674.0,0.0013945,7.171029042667021
1787023701348,0.001394,1183476.0,0.001395,1773674.0,0.0013945,7.171029042667021
1787023701496,0.001394,308233.0,0.001395,1773674.0,0.0013945,7.171029042667021
1787023701504,0.001394,3917758.0,0.001395,1773674.0,0.0013945,7.171029042667021
1787023701505,0.001394,3966235.0,0.001395,1556400.0,0.0013945,7.171029042667021
1787023701506,0.001394,3966235.0,0.001395,1556400.0,0.0013945,7.171029042667021
1787023701518,0.001394,3966235.0,0.001395,227461.0,0.0013945,7.171029042667021
1787023701519,0.001394,3966235.0,0.001395,15776.0,0.0013945,7.171029042667021
1787023701520,0.001394,4176992.0,0.001395,15776.0,0.0013945,7.171029042667021
1787023701521,0.001394,4251991.0,0.001395,52420.0,0.0013945,7.171029042667021
1787023701523,0.001394,4251991.0,0.001396,1992205.0,0.001395,14.336917562724363
1787023701524,0.001395,683068.0,0.001396,1770327.0,0.0013955,7.165890361878414
1787023701525,0.001395,975956.0,0.001396,411598.0,0.0013955,7.165890361878414
1787023701526,0.001395,1397667.0,0.001396,235542.0,0.0013955,7.165890361878414
1787023701527,0.001395,1397667.0,0.001396,375332.0,0.0013955,7.165890361878414
1787023701545,0.001395,1397667.0,0.001396,446965.0,0.0013955,7.165890361878414
1787023701568,0.001395,1360392.0,0.001396,446965.0,0.0013955,7.165890361878414
1787023701569,0.001395,1360392.0,0.001396,518598.0,0.0013955,7.165890361878414
1787023701593,0.001395,1360392.0,0.001396,525762.0,0.0013955,7.165890361878414
1787023701661,0.001395,1360392.0,0.001396,381534.0,0.0013955,7.165890361878414
1787023701662,0.001395,1360392.0,0.001396,374370.0,0.0013955,7.165890361878414
1787023701663,0.001395,1360392.0,0.001396,422847.0,0.0013955,7.165890361878414
1787023701672,0.001395,1360392.0,0.001396,740898.0,0.0013955,7.165890361878414
1787023701674,0.001395,1284778.0,0.001396,884164.0,0.0013955,7.165890361878414
1787023701675,0.001395,1284778.0,0.001396,955797.0,0.0013955,7.165890361878414
1787023701717,0.001395,1296602.0,0.001396,967621.0,0.0013955,7.165890361878414
1787023701726,0.001395,2084421.0,0.001396,1794811.0,0.0013955,7.165890361878414
1787023701730,0.001395,2084421.0,0.001396,1771562.0,0.0013955,7.165890361878414
1787023701796,0.001395,2091586.0,0.001396,1771562.0,0.0013955,7.165890361878414
1787023701802,0.001395,2055718.0,0.001396,1771562.0,0.0013955,7.165890361878414
1787023701804,0.001395,1267899.0,0.001396,1771562.0,0.0013955,7.165890361878414
1787023701805,0.001395,1256075.0,0.001396,1771562.0,0.0013955,7.165890361878414
1787023701833,0.001395,1267899.0,0.001396,1771562.0,0.0013955,7.165890361878414
1787023701969,0.001395,1267899.0,0.001396,944372.0,0.0013955,7.165890361878414
1787023701971,0.001395,1267899.0,0.001396,860915.0,0.0013955,7.165890361878414
1787023701989,0.001395,1271842.0,0.001396,860915.0,0.0013955,7.165890361878414
1787023701994,0.001395,1271842.0,0.001396,864855.0,0.0013955,7.165890361878414
1787023702021,0.001395,1267524.0,0.001396,864855.0,0.0013955,7.165890361878414
1787023702110,0.001395,1267524.0,0.001396,876679.0,0.0013955,7.165890361878414
1787023702173,0.001395,2127704.0,0.001396,1635723.0,0.0013955,7.165890361878414
1787023702191,0.001395,2127704.0,0.001396,876679.0,0.0013955,7.165890361878414
1787023702192,0.001395,2127704.0,0.001396,864855.0,0.0013955,7.165890361878414
1787023702194,0.001395,2127704.0,0.001396,822655.0,0.0013955,7.165890361878414
1787023702195,0.001395,2127704.0,0.001396,657000.0,0.0013955,7.165890361878414
1787023702196,0.001395,2927704.0,0.001396,657000.0,0.0013955,7.165890361878414
1787023702197,0.001395,2915880.0,0.001396,513734.0,0.0013955,7.165890361878414
1787023702208,0.001395,2919673.0,0.001396,513734.0,0.0013955,7.165890361878414
1787023702228,0.001395,2670372.0,0.001396,513734.0,0.0013955,7.165890361878414
1787023702249,0.001395,2670372.0,0.001396,724491.0,0.0013955,7.165890361878414
1787023702250,0.001395,1870372.0,0.001396,724491.0,0.0013955,7.165890361878414
1787023702255,0.001395,1870372.0,0.001396,796124.0,0.0013955,7.165890361878414
1787023702307,0.001395,1870372.0,0.001396,807948.0,0.0013955,7.165890361878414
1787023702309,0.001395,1022016.0,0.001396,807948.0,0.0013955,7.165890361878414
1787023702310,0.001395,40215.0,0.001396,807948.0,0.0013955,7.165890361878414
1787023702312,0.001395,40215.0,0.001396,921450.0,0.0013955,7.165890361878414
1787023702313,0.001395,40215.0,0.001396,993083.0,0.0013955,7.165890361878414
1787023702314,0.001394,5006145.0,0.001395,473276.0,0.0013945,7.171029042667021
1787023702315,0.001395,48477.0,0.001396,1154953.0,0.0013955,7.165890361878414
1787023702316,0.001395,48477.0,0.001396,1298219.0,0.0013955,7.165890361878414
1787023702318,0.001395,48477.0,0.001396,1565507.0,0.0013955,7.165890361878414
1787023702319,0.001395,48477.0,0.001396,1361768.0,0.0013955,7.165890361878414
1787023702322,0.001395,48477.0,0.001396,1475270.0,0.0013955,7.165890361878414
1787023702323,0.001395,8262.0,0.001396,1271531.0,0.0013955,7.165890361878414
1787023702324,0.001395,8262.0,0.001396,1385033.0,0.0013955,7.165890361878414
1787023702325,0.001395,8262.0,0.001396,1271531.0,0.0013955,7.165890361878414
1787023702326,0.001395,8262.0,0.001396,1275190.0,0.0013955,7.165890361878414
1787023702327,0.001394,4317126.0,0.001395,499825.0,0.0013945,7.171029042667021
1787023702328,0.001394,4317126.0,0.001395,973101.0,0.0013945,7.171029042667021
1787023702329,0.001394,4317126.0,0.001395,53098.0,0.0013945,7.171029042667021
1787023702330,0.001394,4317126.0,0.001395,601267.0,0.0013945,7.171029042667021
1787023702331,0.001394,4317126.0,0.001395,101442.0,0.0013945,7.171029042667021
1787023702332,0.001394,4305302.0,0.001395,101442.0,0.0013945,7.171029042667021
1787023702333,0.001394,4305302.0,0.001395,574718.0,0.0013945,7.171029042667021
1787023702334,0.001394,4305302.0,0.001395,101442.0,0.0013945,7.171029042667021
1787023702335,0.001394,4305302.0,0.001395,149919.0,0.0013945,7.171029042667021
1787023702337,0.001394,4305302.0,0.001395,123370.0,0.0013945,7.171029042667021
1787023702375,0.001394,4301357.0,0.001395,123370.0,0.0013945,7.171029042667021
1787023702376,0.001394,4305299.0,0.001395,123370.0,0.0013945,7.171029042667021
1787023702377,0.001394,4301357.0,0.001395,123370.0,0.0013945,7.171029042667021
1787023702415,0.001394,4301357.0,0.001395,723370.0,0.0013945,7.171029042667021
1787023702416,0.001394,4313190.0,0.001395,806888.0,0.0013945,7.171029042667021
1787023702417,0.001394,4313190.0,0.001395,878573.0,0.0013945,7.171029042667021
1787023702418,0.001394,4313190.0,0.001395,1021943.0,0.0013945,7.171029042667021
1787023702460,0.001394,4313190.0,0.001395,421943.0,0.0013945,7.171029042667021
1787023702461,0.001394,4313190.0,0.001395,338425.0,0.0013945,7.171029042667021
1787023702462,0.001394,4313190.0,0.001395,195055.0,0.0013945,7.171029042667021
1787023702463,0.001394,4313190.0,0.001395,123370.0,0.0013945,7.171029042667021
1787023702464,0.001394,4313190.0,0.001395,127313.0,0.0013945,7.171029042667021
1787023702478,0.001394,4313190.0,0.001395,123664.0,0.0013945,7.171029042667021
1787023702507,0.001394,5219321.0,0.001395,123664.0,0.0013945,7.171029042667021
1787023702533,0.001394,5219321.0,0.001395,120064.0,0.0013945,7.171029042667021
1787023702534,0.001394,5219321.0,0.001395,131897.0,0.0013945,7.171029042667021
1787023702591,0.001394,5075952.0,0.001395,131897.0,0.0013945,7.171029042667021
1787023702596,0.001394,5237103.0,0.001395,131897.0,0.0013945,7.171029042667021
1787023702599,0.001394,5290798.0,0.001395,131897.0,0.0013945,7.171029042667021
1787023702629,0.001394,5290798.0,0.001395,117882.0,0.0013945,7.171029042667021
1787023702641,0.001394,5290798.0,0.001395,106049.0,0.0013945,7.171029042667021
1787023702698,0.001394,5344480.0,0.001395,117882.0,0.0013945,7.171029042667021
1787023702742,0.001394,5371408.0,0.001395,117882.0,0.0013945,7.171029042667021
1787023702744,0.001394,5371408.0,0.001395,64253.0,0.0013945,7.171029042667021
1787023702765,0.001394,5371408.0,0.001395,49941.0,0.0013945,7.171029042667021
1787023702781,0.001394,5357102.0,0.001395,49941.0,0.0013945,7.171029042667021
1787023702787,0.001394,5137020.0,0.001395,49941.0,0.0013945,7.171029042667021
1787023702788,0.001394,5137020.0,0.001395,1462240.0,0.0013945,7.171029042667021
1787023702790,0.001394,5137020.0,0.001395,1450407.0,0.0013945,7.171029042667021
1787023702793,0.001394,5137020.0,0.001395,1593777.0,0.0013945,7.171029042667021
1787023702818,0.001394,5137020.0,0.001395,1605610.0,0.0013945,7.171029042667021
1787023702868,0.001394,5137020.0,0.001395,1005610.0,0.0013945,7.171029042667021
1787023702869,0.001394,5137020.0,0.001395,340556.0,0.0013945,7.171029042667021
1787023702870,0.001394,5137020.0,0.001395,412241.0,0.0013945,7.171029042667021
1787023702871,0.001394,5137020.0,0.001395,268871.0,0.0013945,7.171029042667021
1787023702872,0.001394,5137020.0,0.001395,113668.0,0.0013945,7.171029042667021
1787023702940,0.001394,5137020.0,0.001395,125501.0,0.0013945,7.171029042667021
1787023703080,0.001394,5187856.0,0.001395,125501.0,0.0013945,7.171029042667021
1787023703097,0.001394,5367461.0,0.001395,125501.0,0.0013945,7.171029042667021
1787023703105,0.001394,5363980.0,0.001395,125501.0,0.0013945,7.171029042667021
1787023703283,0.001394,5313144.0,0.001395,125501.0,0.0013945,7.171029042667021
1787023703340,0.001394,5286216.0,0.001395,125501.0,0.0013945,7.171029042667021
1787023703529,0.001394,5036216.0,0.001395,125501.0,0.0013945,7.171029042667021
1787023703530,0.001394,5040162.0,0.001395,890077.0,0.0013945,7.171029042667021
1787023703531,0.001394,5040162.0,0.001395,890077.0,0.0013945,7.171029042667021
1787023703532,0.001394,5040162.0,0.001395,1265941.0,0.0013945,7.171029042667021
1787023703533,0.001394,5040162.0,0.001395,1409311.0,0.0013945,7.171029042667021
1787023703535,0.001394,4829405.0,0.001395,1409311.0,0.0013945,7.171029042667021
1787023703537,0.001394,4829405.0,0.001395,1480996.0,0.0013945,7.171029042667021
1787023703596,0.001394,4668254.0,0.001395,1480996.0,0.0013945,7.171029042667021
1787023703600,0.001394,4721877.0,0.001395,1480996.0,0.0013945,7.171029042667021
1787023703838,0.001394,4748827.0,0.001395,1480996.0,0.0013945,7.171029042667021
1787023703900,0.001394,4695204.0,0.001395,1480996.0,0.0013945,7.171029042667021
1787023703956,0.001394,4630204.0,0.001395,1480996.0,0.0013945,7.171029042667021
1787023704101,0.001394,4683033.0,0.001395,1480996.0,0.0013945,7.171029042667021
1787023704102,0.001394,4683033.0,0.001395,1474540.0,0.0013945,7.171029042667021
1787023704181,0.001394,4683033.0,0.001395,1404936.0,0.0013945,7.171029042667021
1787023704183,0.001394,4683033.0,0.001395,1408879.0,0.0013945,7.171029042667021
1787023704195,0.001394,4678854.0,0.001395,1408879.0,0.0013945,7.171029042667021
1787023704203,0.001394,4572343.0,0.001395,1408879.0,0.0013945,7.171029042667021
1787023704240,0.001394,4545393.0,0.001395,1408879.0,0.0013945,7.171029042667021
1787023704300,0.001394,4491698.0,0.001395,1408879.0,0.0013945,7.171029042667021
1787023704402,0.001394,4596998.0,0.001395,1408879.0,0.0013945,7.171029042667021
1787023704498,0.001394,4544348.0,0.001395,1408879.0,0.0013945,7.171029042667021
1787023704500,0.001394,4533722.0,0.001395,1408879.0,0.0013945,7.171029042667021
1787023704737,0.001394,3627591.0,0.001395,1408879.0,0.0013945,7.171029042667021
1787023704738,0.001394,3654525.0,0.001395,1408879.0,0.0013945,7.171029042667021
1787023704899,0.001394,3601875.0,0.001395,1408879.0,0.0013945,7.171029042667021
1787023704953,0.001394,4503805.0,0.001395,1408879.0,0.0013945,7.171029042667021
1787023704955,0.001394,4491972.0,0.001395,1408879.0,0.0013945,7.171029042667021
1787023704956,0.001394,4503805.0,0.001395,1408879.0,0.0013945,7.171029042667021
1787023705080,0.001394,4554692.0,0.001395,1408879.0,0.0013945,7.171029042667021
1787023705099,0.001394,4659196.0,0.001395,1408879.0,0.0013945,7.171029042667021
1787023705156,0.001394,4659196.0,0.001396,2340043.0,0.001395,14.336917562724363
1787023705157,0.001395,160276.0,0.001396,967558.0,0.0013955,7.165890361878414
1787023705158,0.001395,160276.0,0.001396,1088968.0,0.0013955,7.165890361878414
1787023705159,0.001395,164219.0,0.001396,1232234.0,0.0013955,7.165890361878414
1787023705160,0.001395,164219.0,0.001396,1261731.0,0.0013955,7.165890361878414
1787023705161,0.001395,115742.0,0.001396,1261731.0,0.0013955,7.165890361878414
1787023705165,0.001395,164219.0,0.001396,1261731.0,0.0013955,7.165890361878414
1787023705167,0.001395,115742.0,0.001396,1409343.0,0.0013955,7.165890361878414
1787023705168,0.001395,904989.0,0.001396,1409343.0,0.0013955,7.165890361878414
1787023705170,0.001395,953466.0,0.001396,1409343.0,0.0013955,7.165890361878414
1787023705173,0.001395,953466.0,0.001396,1254723.0,0.0013955,7.165890361878414
1787023705180,0.001395,953466.0,0.001396,1367175.0,0.0013955,7.165890361878414
1787023705183,0.001395,947394.0,0.001396,1295542.0,0.0013955,7.165890361878414
1787023705185,0.001395,947394.0,0.001396,1183090.0,0.0013955,7.165890361878414
1787023705219,0.001395,941347.0,0.001396,1183090.0,0.0013955,7.165890361878414
1787023705222,0.001395,941347.0,0.001396,327714.0,0.0013955,7.165890361878414
1787023705223,0.001395,1185645.0,0.001396,327714.0,0.0013955,7.165890361878414
1787023705224,0.001395,1185645.0,0.001396,327714.0,0.0013955,7.165890361878414
1787023705225,0.001395,1185645.0,0.001396,170570.0,0.0013955,7.165890361878414
1787023705226,0.001395,1185645.0,0.001397,2551303.0,0.001396,14.32664756447026
1787023705227,0.001395,1185645.0,0.001396,3940.0,0.0013955,7.165890361878414
1787023705233,0.001395,1185645.0,0.001396,221214.0,0.0013955,7.165890361878414
1787023705235,0.001395,1185645.0,0.001396,341324.0,0.0013955,7.165890361878414
1787023705291,0.001395,1185645.0,0.001396,124050.0,0.0013955,7.165890361878414
1787023705292,0.001395,1185645.0,0.001397,1547822.0,0.001396,14.32664756447026
1787023705293,0.001396,78443.0,0.001397,1744936.0,0.0013965000000000002,7.160759040457685
1787023705294,0.001396,78443.0,0.001397,1534038.0,0.0013965000000000002,7.160759040457685
1787023705295,0.001396,86064.0,0.001397,1534038.0,0.0013965000000000002,7.160759040457685
1787023705296,0.001396,134541.0,0.001397,1876716.0,0.0013965000000000002,7.160759040457685
1787023705297,0.001396,134541.0,0.001397,1869557.0,0.0013965000000000002,7.160759040457685
1787023705298,0.001396,134541.0,0.001397,1797975.0,0.0013965000000000002,7.160759040457685
1787023705299,0.001396,134541.0,0.001397,1733552.0,0.0013965000000000002,7.160759040457685
1787023705300,0.001396,239881.0,0.001397,1726393.0,0.0013965000000000002,7.160759040457685
1787023705301,0.001396,244074.0,0.001397,1726393.0,0.0013965000000000002,7.160759040457685
1787023705318,0.001396,292551.0,0.001397,1726393.0,0.0013965000000000002,7.160759040457685
1787023705323,0.001396,292551.0,0.001397,1720898.0,0.0013965000000000002,7.160759040457685
1787023705348,0.001396,284930.0,0.001397,1720898.0,0.0013965000000000002,7.160759040457685
1787023705358,0.001396,284930.0,0.001397,2571245.0,0.0013965000000000002,7.160759040457685
1787023705359,0.001396,236453.0,0.001397,2567300.0,0.0013965000000000002,7.160759040457685
1787023705361,0.001395,2382725.0,0.001396,471925.0,0.0013955,7.165890361878414
1787023705362,0.001395,2307385.0,0.001396,678796.0,0.0013955,7.165890361878414
1787023705363,0.001395,2235700.0,0.001396,678796.0,0.0013955,7.165890361878414
1787023705364,0.001395,1410667.0,0.001396,1066360.0,0.0013955,7.165890361878414
1787023705365,0.001395,1410667.0,0.001396,1120756.0,0.0013955,7.165890361878414
1787023705366,0.001395,1410667.0,0.001396,1192389.0,0.0013955,7.165890361878414
1787023705367,0.001395,1410667.0,0.001396,948091.0,0.0013955,7.165890361878414
1787023705368,0.001395,1406722.0,0.001396,948091.0,0.0013955,7.165890361878414
1787023705392,0.001395,1406722.0,0.001396,755123.0,0.0013955,7.165890361878414
1787023705394,0.001395,1406722.0,0.001396,611857.0,0.0013955,7.165890361878414
1787023705400,0.001395,1511832.0,0.001396,611857.0,0.0013955,7.165890361878414
1787023705401,0.001395,1511832.0,0.001396,539110.0,0.0013955,7.165890361878414
1787023705463,0.001395,1523656.0,0.001396,550934.0,0.0013955,7.165890361878414
1787023705501,0.001395,1576208.0,0.001396,550934.0,0.0013955,7.165890361878414
1787023705511,0.001395,1576208.0,0.001396,517118.0,0.0013955,7.165890361878414
1787023705513,0.001395,1576208.0,0.001396,445485.0,0.0013955,7.165890361878414
1787023705577,0.001395,2482897.0,0.001396,445485.0,0.0013955,7.165890361878414
1787023705600,0.001395,2430345.0,0.001396,445485.0,0.0013955,7.165890361878414
1787023705601,0.001395,2430345.0,0.001396,1345151.0,0.0013955,7.165890361878414
1787023705603,0.001395,2430345.0,0.001396,1333327.0,0.0013955,7.165890361878414
1787023705604,0.001395,2430345.0,0.001396,1345151.0,0.0013955,7.165890361878414
1787023705697,0.001395,2430345.0,0.001396,1349091.0,0.0013955,7.165890361878414
1787023705764,0.001395,2406051.0,0.001396,1349091.0,0.0013955,7.165890361878414
1787023705766,0.001395,2406051.0,0.001396,1593389.0,0.0013955,7.165890361878414
1787023705838,0.001395,1606051.0,0.001396,1593389.0,0.0013955,7.165890361878414
1787023705840,0.001395,1606051.0,0.001396,1593389.0,0.0013955,7.165890361878414
1787023705923,0.001395,1598883.0,0.001396,1593389.0,0.0013955,7.165890361878414
1787023706029,0.001395,1527199.0,0.001396,1593389.0,0.0013955,7.165890361878414
1787023706031,0.001395,1531142.0,0.001396,1593389.0,0.0013955,7.165890361878414
1787023706101,0.001395,1478587.0,0.001396,1593389.0,0.0013955,7.165890361878414
1787023706153,0.001395,1258399.0,0.001396,1593389.0,0.0013955,7.165890361878414
1787023706199,0.001395,1205844.0,0.001396,1593389.0,0.0013955,7.165890361878414
1787023706236,0.001395,1205844.0,0.001396,1343389.0,0.0013955,7.165890361878414
1787023706238,0.001395,1805844.0,0.001396,342691.0,0.0013955,7.165890361878414
1787023706239,0.001395,1805844.0,0.001396,342691.0,0.0013955,7.165890361878414
1787023706240,0.001395,1805844.0,0.001396,247902.0,0.0013955,7.165890361878414
1787023706241,0.001395,1805844.0,0.001396,164445.0,0.0013955,7.165890361878414
1787023706242,0.001395,1805844.0,0.001396,121200.0,0.0013955,7.165890361878414
1787023706304,0.001395,1805844.0,0.001396,110688.0,0.0013955,7.165890361878414
1787023706305,0.001395,1805844.0,0.001396,114628.0,0.0013955,7.165890361878414
1787023706370,0.001395,2005844.0,0.001396,114628.0,0.0013955,7.165890361878414
1787023706372,0.001395,2005844.0,0.001396,72723.0,0.0013955,7.165890361878414
1787023706380,0.001395,2005844.0,0.001396,3940.0,0.0013955,7.165890361878414
1787023706385,0.001395,2223118.0,0.001396,3940.0,0.0013955,7.165890361878414
1787023706403,0.001395,2327440.0,0.001396,3940.0,0.0013955,7.165890361878414
1787023706413,0.001395,2327440.0,0.001397,2096558.0,0.001396,14.32664756447026
1787023706414,0.001396,1311832.0,0.001397,2256983.0,0.0013965000000000002,7.160759040457685
1787023706415,0.001396,1435301.0,0.001397,2053244.0,0.0013965000000000002,7.160759040457685
1787023706416,0.001396,1435301.0,0.001397,1455090.0,0.0013965000000000002,7.160759040457685
1787023706417,0.001396,1447117.0,0.001397,1466906.0,0.0013965000000000002,7.160759040457685
1787023706440,0.001396,2307278.0,0.001397,1466906.0,0.0013965000000000002,7.160759040457685
1787023706441,0.001396,2307278.0,0.001397,2204424.0,0.0013965000000000002,7.160759040457685
1787023706476,0.001396,2307278.0,0.001397,2679130.0,0.0013965000000000002,7.160759040457685
1787023706477,0.001396,2307278.0,0.001397,2667314.0,0.0013965000000000002,7.160759040457685
1787023706502,0.001396,2311218.0,0.001397,2667314.0,0.0013965000000000002,7.160759040457685
1787023706528,0.001396,2311218.0,0.001397,2679130.0,0.0013965000000000002,7.160759040457685
1787023706601,0.001396,2363393.0,0.001397,2679130.0,0.0013965000000000002,7.160759040457685
1787023706699,0.001396,2311218.0,0.001397,2679130.0,0.0013965000000000002,7.160759040457685
1787023706749,0.001396,2290455.0,0.001397,2679130.0,0.0013965000000000002,7.160759040457685
1787023706750,0.001396,630294.0,0.001397,2679130.0,0.0013965000000000002,7.160759040457685
1787023706751,0.001396,630294.0,0.001397,2679130.0,0.0013965000000000002,7.160759040457685
1787023706752,0.001396,555302.0,0.001397,2679130.0,0.0013965000000000002,7.160759040457685
1787023707190,0.001396,555302.0,0.001397,2922724.0,0.0013965000000000002,7.160759040457685
1787023707282,0.001396,544549.0,0.001397,2922724.0,0.0013965000000000002,7.160759040457685
1787023707309,0.001396,542010.0,0.001397,2922724.0,0.0013965000000000002,7.160759040457685
1787023707359,0.001396,1142010.0,0.001397,2922724.0,0.0013965000000000002,7.160759040457685
1787023707360,0.001396,1130194.0,0.001397,2922724.0,0.0013965000000000002,7.160759040457685
1787023707361,0.001396,1910217.0,0.001397,2922724.0,0.0013965000000000002,7.160759040457685
1787023707380,0.001396,1888728.0,0.001397,2922724.0,0.0013965000000000002,7.160759040457685
1787023707616,0.001396,1817095.0,0.001397,2922724.0,0.0013965000000000002,7.160759040457685
1787023707618,0.001396,1048888.0,0.001397,2922724.0,0.0013965000000000002,7.160759040457685
1787023707619,0.001396,1048888.0,0.001397,2922724.0,0.0013965000000000002,7.160759040457685
1787023707683,0.001396,448888.0,0.001397,2922724.0,0.0013965000000000002,7.160759040457685
1787023707685,0.001396,166523.0,0.001397,2922724.0,0.0013965000000000002,7.160759040457685
1787023707686,0.001396,64233.0,0.001397,2922724.0,0.0013965000000000002,7.160759040457685
1787023707687,0.001396,37319.0,0.001397,2922724.0,0.0013965000000000002,7.160759040457685
1787023707688,0.001395,1328237.0,0.001396,254051.0,0.0013955,7.165890361878414
1787023707689,0.001395,1304605.0,0.001396,408360.0,0.0013955,7.165890361878414
1787023707690,0.001395,1447922.0,0.001396,265094.0,0.0013955,7.165890361878414
1787023707692,0.001395,1447922.0,0.001396,339057.0,0.0013955,7.165890361878414
1787023707700,0.001395,1447922.0,0.001396,387534.0,0.0013955,7.165890361878414
1787023707701,0.001395,1447922.0,0.001396,459167.0,0.0013955,7.165890361878414
1787023707715,0.001395,1441875.0,0.001396,459167.0,0.0013955,7.165890361878414
1787023707718,0.001395,1441875.0,0.001396,255428.0,0.0013955,7.165890361878414
1787023707719,0.001395,1441875.0,0.001396,183795.0,0.0013955,7.165890361878414
1787023707791,0.001395,1441875.0,0.001396,160012.0,0.0013955,7.165890361878414
1787023707792,0.001395,1453699.0,0.001396,171836.0,0.0013955,7.165890361878414
1787023707820,0.001395,2252960.0,0.001396,171836.0,0.0013955,7.165890361878414
1787023707821,0.001395,2252960.0,0.001396,891879.0,0.0013955,7.165890361878414
1787023707822,0.001395,2252960.0,0.001396,880055.0,0.0013955,7.165890361878414
1787023707823,0.001395,2252960.0,0.001396,1023321.0,0.0013955,7.165890361878414
1787023707824,0.001395,2252960.0,0.001396,1094954.0,0.0013955,7.165890361878414
1787023707840,0.001395,2252960.0,0.001396,1089471.0,0.0013955,7.165890361878414
1787023707844,0.001395,2252960.0,0.001396,1015508.0,0.0013955,7.165890361878414
1787023707903,0.001395,2252960.0,0.001396,1027332.0,0.0013955,7.165890361878414
1787023707921,0.001395,2272057.0,0.001396,1027332.0,0.0013955,7.165890361878414
1787023707949,0.001395,2272057.0,0.001396,280760.0,0.0013955,7.165890361878414
1787023707950,0.001395,2272057.0,0.001396,160650.0,0.0013955,7.165890361878414
1787023707951,0.001395,2272057.0,0.001396,17384.0,0.0013955,7.165890361878414
1787023707952,0.001395,2272057.0,0.001396,5560.0,0.0013955,7.165890361878414
1787023708141,0.001395,2272057.0,0.001397,1771741.0,0.001396,14.32664756447026
1787023708142,0.001395,2272057.0,0.001397,2011823.0,0.001396,14.32664756447026
1787023708143,0.001396,848477.0,0.001397,2011823.0,0.0013965000000000002,7.160759040457685
1787023708144,0.001396,860293.0,0.001397,1870431.0,0.0013965000000000002,7.160759040457685
1787023708149,0.001396,1667206.0,0.001397,2670995.0,0.0013965000000000002,7.160759040457685
1787023708150,0.001396,1655390.0,0.001397,2670995.0,0.0013965000000000002,7.160759040457685
1787023708154,0.001396,1662046.0,0.001397,2670995.0,0.0013965000000000002,7.160759040457685
1787023708159,0.001396,1665986.0,0.001397,2670995.0,0.0013965000000000002,7.160759040457685
1787023708165,0.001396,859073.0,0.001397,2670995.0,0.0013965000000000002,7.160759040457685
1787023708168,0.001396,859073.0,0.001397,2659924.0,0.0013965000000000002,7.160759040457685
1787023708262,0.001396,870889.0,0.001397,2659924.0,0.0013965000000000002,7.160759040457685
1787023708355,0.001396,870889.0,0.001397,2655985.0,0.0013965000000000002,7.160759040457685
1787023708399,0.001396,866767.0,0.001397,2655985.0,0.0013965000000000002,7.160759040457685
1787023708401,0.001396,70889.0,0.001397,2655985.0,0.0013965000000000002,7.160759040457685
1787023708444,0.001395,2283392.0,0.001396,466682.0,0.0013955,7.165890361878414
1787023708445,0.001394,4286856.0,0.001395,760988.0,0.0013945,7.171029042667021
1787023708446,0.001394,3294150.0,0.001395,742608.0,0.0013945,7.171029042667021
1787023708447,0.001394,3294150.0,0.001395,993719.0,0.0013945,7.171029042667021
1787023708448,0.001394,1640360.0,0.001395,1837870.0,0.0013945,7.171029042667021
1787023708449,0.001394,1177710.0,0.001395,2037870.0,0.0013945,7.171029042667021
1787023708451,0.001394,1177710.0,0.001395,2310695.0,0.0013945,7.171029042667021
1787023708452,0.001394,1070067.0,0.001395,2783520.0,0.0013945,7.171029042667021
1787023708455,0.001394,1314365.0,0.001396,3560580.0,0.001395,14.336917562724363
1787023708456,0.001395,472825.0,0.001396,2942342.0,0.0013955,7.165890361878414
1787023708457,0.001395,461572.0,0.001396,2139398.0,0.0013955,7.165890361878414
1787023708458,0.001395,510049.0,0.001396,1678360.0,0.0013955,7.165890361878414
1787023708459,0.001395,653419.0,0.001396,1678360.0,0.0013955,7.165890361878414
1787023708460,0.001395,653419.0,0.001396,1415417.0,0.0013955,7.165890361878414
1787023708463,0.001395,653419.0,0.001396,1228895.0,0.0013955,7.165890361878414
1787023708464,0.001395,653419.0,0.001396,1112063.0,0.0013955,7.165890361878414
1787023708471,0.001395,653419.0,0.001396,1040430.0,0.0013955,7.165890361878414
1787023708472,0.001395,653419.0,0.001396,1044030.0,0.0013955,7.165890361878414
1787023708475,0.001395,653419.0,0.001396,1001034.0,0.0013955,7.165890361878414
1787023708481,0.001395,653419.0,0.001396,951034.0,0.0013955,7.165890361878414
1787023708499,0.001395,653419.0,0.001396,879401.0,0.0013955,7.165890361878414
1787023708525,0.001395,653419.0,0.001397,3042964.0,0.001396,14.32664756447026
1787023708526,0.001396,423826.0,0.001397,2392908.0,0.0013965000000000002,7.160759040457685
1787023708528,0.001396,668124.0,0.001397,1787816.0,0.0013965000000000002,7.160759040457685
1787023708529,0.001396,716601.0,0.001397,1787816.0,0.0013965000000000002,7.160759040457685
1787023708551,0.001396,705856.0,0.001397,1787816.0,0.0013965000000000002,7.160759040457685
1787023708606,0.001396,705856.0,0.001397,1799632.0,0.0013965000000000002,7.160759040457685
1787023708630,0.001396,709796.0,0.001397,1799632.0,0.0013965000000000002,7.160759040457685
1787023708664,0.001396,709796.0,0.001397,2537717.0,0.0013965000000000002,7.160759040457685
1787023708665,0.001396,1514220.0,0.001397,2537717.0,0.0013965000000000002,7.160759040457685
1787023708689,0.001396,709796.0,0.001397,2537717.0,0.0013965000000000002,7.160759040457685
1787023708748,0.001396,630745.0,0.001397,2537717.0,0.0013965000000000002,7.160759040457685
1787023708751,0.001396,386447.0,0.001397,2537717.0,0.0013965000000000002,7.160759040457685
1787023708828,0.001396,398263.0,0.001397,2537717.0,0.0013965000000000002,7.160759040457685
1787023708847,0.001396,642561.0,0.001397,2537717.0,0.0013965000000000002,7.160759040457685
1787023708896,0.001396,1420547.0,0.001397,2537717.0,0.0013965000000000002,7.160759040457685
1787023708897,0.001396,1408731.0,0.001397,2537717.0,0.0013965000000000002,7.160759040457685
1787023708923,0.001396,1387807.0,0.001397,2537717.0,0.0013965000000000002,7.160759040457685
1787023708961,0.001396,1399623.0,0.001397,2537717.0,0.0013965000000000002,7.160759040457685
1787023709082,0.001396,1327990.0,0.001397,2537717.0,0.0013965000000000002,7.160759040457685
1787023709439,0.001396,1323520.0,0.001397,2537717.0,0.0013965000000000002,7.160759040457685
1787023709475,0.001396,545534.0,0.001397,2537717.0,0.0013965000000000002,7.160759040457685
1787023709717,0.001396,1317918.0,0.001397,2537717.0,0.0013965000000000002,7.160759040457685
1787023709718,0.001396,1306102.0,0.001397,2537717.0,0.0013965000000000002,7.160759040457685
1787023709812,0.001396,1317918.0,0.001397,2537717.0,0.0013965000000000002,7.160759040457685
1787023709955,0.001396,1296914.0,0.001397,2537717.0,0.0013965000000000002,7.160759040457685
1787023709966,0.001396,1296914.0,0.001397,2324271.0,0.0013965000000000002,7.160759040457685
1787023710418,0.001396,1261254.0,0.001397,2324271.0,0.0013965000000000002,7.160759040457685
1787023710483,0.001396,1257696.0,0.001397,2324271.0,0.0013965000000000002,7.160759040457685
1787023710824,0.001396,485312.0,0.001397,2324271.0,0.0013965000000000002,7.160759040457685
1787023711042,0.001396,1302185.0,0.001397,2324271.0,0.0013965000000000002,7.160759040457685
1787023711043,0.001396,1290369.0,0.001397,2324271.0,0.0013965000000000002,7.160759040457685
1787023711142,0.001396,1302185.0,0.001397,2324271.0,0.0013965000000000002,7.160759040457685
1787023711231,0.001396,1281083.0,0.001397,2324271.0,0.0013965000000000002,7.160759040457685
1787023711394,0.001396,1281083.0,0.001397,1586186.0,0.0013965000000000002,7.160759040457685
1787023711491,0.001396,1275594.0,0.001397,1586186.0,0.0013965000000000002,7.160759040457685
1787023711618,0.001396,1275594.0,0.001397,2486494.0,0.0013965000000000002,7.160759040457685
1787023711619,0.001396,1275594.0,0.001397,2474678.0,0.0013965000000000002,7.160759040457685
1787023711621,0.001396,1275594.0,0.001397,2486494.0,0.0013965000000000002,7.160759040457685
1787023711699,0.001396,1275594.0,0.001397,2479477.0,0.0013965000000000002,7.160759040457685
1787023711925,0.001396,1275594.0,0.001397,1357291.0,0.0013965000000000002,7.160759040457685
1787023711941,0.001396,1290594.0,0.001397,1357291.0,0.0013965000000000002,7.160759040457685
1787023711999,0.001396,1290594.0,0.001397,1353708.0,0.0013965000000000002,7.160759040457685
1787023712000,0.001396,1890594.0,0.001397,1353708.0,0.0013965000000000002,7.160759040457685
1787023712001,0.001396,1290594.0,0.001397,1353708.0,0.0013965000000000002,7.160759040457685
1787023712034,0.001396,1290594.0,0.001397,1346650.0,0.0013965000000000002,7.160759040457685
1787023712035,0.001396,1290594.0,0.001397,1325476.0,0.0013965000000000002,7.160759040457685
1787023712036,0.001396,1290594.0,0.001397,1304302.0,0.0013965000000000002,7.160759040457685
1787023712087,0.001396,1290594.0,0.001397,1375883.0,0.0013965000000000002,7.160759040457685
1787023712091,0.001396,1275498.0,0.001397,1375883.0,0.0013965000000000002,7.160759040457685
1787023712092,0.001396,458625.0,0.001397,1375883.0,0.0013965000000000002,7.160759040457685
1787023712093,0.001396,458625.0,0.001397,1375883.0,0.0013965000000000002,7.160759040457685
1787023712312,0.001396,458625.0,0.001397,1340220.0,0.0013965000000000002,7.160759040457685
1787023712313,0.001396,1258625.0,0.001397,2234591.0,0.0013965000000000002,7.160759040457685
1787023712314,0.001396,2113069.0,0.001397,2234591.0,0.0013965000000000002,7.160759040457685
1787023712315,0.001396,1313069.0,0.001397,2234591.0,0.0013965000000000002,7.160759040457685
1787023712316,0.001396,1301253.0,0.001397,2234591.0,0.0013965000000000002,7.160759040457685
1787023712400,0.001396,1352812.0,0.001397,2234591.0,0.0013965000000000002,7.160759040457685
1787023712455,0.001396,1331616.0,0.001397,2234591.0,0.0013965000000000002,7.160759040457685
1787023712457,0.001396,488988.0,0.001397,2234591.0,0.0013965000000000002,7.160759040457685
1787023712500,0.001396,437429.0,0.001397,2234591.0,0.0013965000000000002,7.160759040457685
1787023712525,0.001396,193131.0,0.001397,2234591.0,0.0013965000000000002,7.160759040457685
1787023712530,0.001393,3682205.0,0.001397,2438330.0,0.001395,28.673835125448726
1787023712531,0.001393,3203569.0,0.001394,244298.0,0.0013935,7.17617509867336
1787023712532,0.001393,3013878.0,0.001394,244298.0,0.0013935,7.17617509867336
1787023712533,0.001393,3013878.0,0.001395,792504.0,0.0013939999999999998,14.347202295552718
1787023712534,0.001394,388562.0,0.001395,701450.0,0.0013945,7.171029042667021
1787023712535,0.001394,388562.0,0.001395,697511.0,0.0013945,7.171029042667021
1787023712536,0.001394,460298.0,0.001395,625826.0,0.0013945,7.171029042667021
1787023712537,0.001394,603770.0,0.001395,625826.0,0.0013945,7.171029042667021
1787023712538,0.001394,675506.0,0.001395,625826.0,0.0013945,7.171029042667021
1787023712539,0.001394,675506.0,0.001395,551473.0,0.0013945,7.171029042667021
1787023712553,0.001394,603770.0,0.001395,528265.0,0.0013945,7.171029042667021
1787023712555,0.001394,603770.0,0.001395,601458.0,0.0013945,7.171029042667021
1787023712576,0.001394,568107.0,0.001395,601458.0,0.0013945,7.171029042667021
1787023712578,0.001394,568107.0,0.001395,616493.0,0.0013945,7.171029042667021
1787023712579,0.001394,562434.0,0.001395,616493.0,0.0013945,7.171029042667021
1787023712580,0.001394,490698.0,0.001395,688178.0,0.0013945,7.171029042667021
1787023712582,0.001394,539175.0,0.001395,688178.0,0.0013945,7.171029042667021
1787023712583,0.001394,539175.0,0.001395,759863.0,0.0013945,7.171029042667021
1787023712596,0.001394,395445.0,0.001395,759863.0,0.0013945,7.171029042667021
1787023712599,0.001394,323709.0,0.001395,759863.0,0.0013945,7.171029042667021
1787023712600,0.001394,275232.0,0.001395,1505284.0,0.0013945,7.171029042667021
1787023712602,0.001394,203496.0,0.001395,1505284.0,0.0013945,7.171029042667021
1787023712622,0.001394,203496.0,0.001395,1191230.0,0.0013945,7.171029042667021
1787023712623,0.001394,251973.0,0.001395,1191230.0,0.0013945,7.171029042667021
1787023712624,0.001394,1051973.0,0.001395,1191230.0,0.0013945,7.171029042667021
1787023712625,0.001394,1121556.0,0.001395,1118037.0,0.0013945,7.171029042667021
1787023712626,0.001394,1121556.0,0.001395,966726.0,0.0013945,7.171029042667021
1787023712665,0.001394,1133389.0,0.001395,978559.0,0.0013945,7.171029042667021
1787023712672,0.001394,1133389.0,0.001395,974529.0,0.0013945,7.171029042667021
1787023712693,0.001394,1063806.0,0.001395,974529.0,0.0013945,7.171029042667021
1787023712699,0.001394,1063806.0,0.001395,229108.0,0.0013945,7.171029042667021
1787023712700,0.001394,1063806.0,0.001395,157423.0,0.0013945,7.171029042667021
1787023712701,0.001394,1063806.0,0.001395,85738.0,0.0013945,7.171029042667021
1787023712702,0.001394,1135542.0,0.001395,158287.0,0.0013945,7.171029042667021
1787023712703,0.001394,1207278.0,0.001395,158287.0,0.0013945,7.171029042667021
1787023712706,0.001394,1195445.0,0.001395,158287.0,0.0013945,7.171029042667021
1787023712748,0.001394,1981966.0,0.001395,158287.0,0.0013945,7.171029042667021
1787023712749,0.001394,1981966.0,0.001395,85738.0,0.0013945,7.171029042667021
1787023712750,0.001394,1981966.0,0.001395,73905.0,0.0013945,7.171029042667021
1787023712766,0.001394,1993799.0,0.001395,85738.0,0.0013945,7.171029042667021
1787023712771,0.001394,1993799.0,0.001395,97147.0,0.0013945,7.171029042667021
1787023712822,0.001394,1193799.0,0.001395,97147.0,0.0013945,7.171029042667021
1787023712824,0.001394,1193799.0,0.001395,981608.0,0.0013945,7.171029042667021
1787023712825,0.001394,1193799.0,0.001395,969775.0,0.0013945,7.171029042667021
1787023712850,0.001394,1193799.0,0.001395,1113145.0,0.0013945,7.171029042667021
1787023712938,0.001394,1203925.0,0.001395,1113145.0,0.0013945,7.171029042667021
1787023712977,0.001394,1203925.0,0.001395,228684.0,0.0013945,7.171029042667021
1787023712979,0.001394,1203925.0,0.001395,85314.0,0.0013945,7.171029042667021
1787023712981,0.001394,1203925.0,0.001395,73905.0,0.0013945,7.171029042667021
1787023712997,0.001394,1203925.0,0.001395,85738.0,0.0013945,7.171029042667021
1787023713002,0.001394,1207871.0,0.001395,85738.0,0.0013945,7.171029042667021
1787023713004,0.001394,1207871.0,0.001395,89681.0,0.0013945,7.171029042667021
1787023713044,0.001394,1207871.0,0.001396,3147936.0,0.001395,14.336917562724363
1787023713045,0.001395,151277.0,0.001396,2557614.0,0.0013955,7.165890361878414
1787023713046,0.001395,151277.0,0.001396,2142275.0,0.0013955,7.165890361878414
1787023713047,0.001395,444052.0,0.001396,2229641.0,0.0013955,7.165890361878414
1787023713048,0.001395,444052.0,0.001396,2050347.0,0.0013955,7.165890361878414
1787023713049,0.001395,444052.0,0.001396,1568398.0,0.0013955,7.165890361878414
1787023713050,0.001395,444052.0,0.001396,1364659.0,0.0013955,7.165890361878414
1787023713052,0.001395,515737.0,0.001396,1364659.0,0.0013955,7.165890361878414
1787023713068,0.001394,110818.0,0.001396,1364659.0,0.001395,14.336917562724363
1787023713070,0.001394,15434.0,0.001395,990075.0,0.0013945,7.171029042667021
1787023713071,0.001393,3465007.0,0.001394,382503.0,0.0013935,7.17617509867336
1787023713072,0.001393,3262811.0,0.001394,26564.0,0.0013935,7.17617509867336
1787023713073,0.001394,10760.0,0.001395,1480490.0,0.0013945,7.171029042667021
1787023713074,0.001394,10760.0,0.001395,1492474.0,0.0013945,7.171029042667021
1787023713092,0.001394,5664.0,0.001395,1492474.0,0.0013945,7.171029042667021
1787023713096,0.001393,3330478.0,0.001395,1492474.0,0.0013939999999999998,14.347202295552718
1787023713097,0.001393,3330478.0,0.001394,13722.0,0.0013935,7.17617509867336
1787023713098,0.001393,3262811.0,0.001394,86329.0,0.0013935,7.17617509867336
1787023713099,0.001393,3262811.0,0.001394,13304.0,0.0013935,7.17617509867336
1787023713100,0.001394,38529.0,0.001395,1838979.0,0.0013945,7.171029042667021
1787023713101,0.001394,36631.0,0.001395,1779214.0,0.0013945,7.171029042667021
1787023713102,0.001394,23788.0,0.001395,1779214.0,0.0013945,7.171029042667021
1787023713103,0.001393,3306812.0,0.001395,1707529.0,0.0013939999999999998,14.347202295552718
1787023713104,0.001393,3262811.0,0.001394,423841.0,0.0013935,7.17617509867336
1787023713105,0.001393,3262811.0,0.001394,132633.0,0.0013935,7.17617509867336
1787023713106,0.001393,3262811.0,0.001394,61047.0,0.0013935,7.17617509867336
1787023713107,0.001393,3262811.0,0.001394,61047.0,0.0013935,7.17617509867336
1787023713109,0.001393,3262811.0,0.001394,109524.0,0.0013935,7.17617509867336
1787023713110,0.001393,3262811.0,0.001394,48477.0,0.0013935,7.17617509867336
1787023713111,0.001394,23788.0,0.001395,1930033.0,0.0013945,7.171029042667021
1787023713112,0.001394,375822.0,0.001395,1707529.0,0.0013945,7.171029042667021
1787023713113,0.001394,375822.0,0.001395,1635844.0,0.0013945,7.171029042667021
1787023713114,0.001394,447558.0,0.001395,1635844.0,0.0013945,7.171029042667021
1787023713130,0.001394,447558.0,0.001395,1491870.0,0.0013945,7.171029042667021
1787023713131,0.001394,496035.0,0.001395,1420185.0,0.0013945,7.171029042667021
1787023713132,0.001394,496035.0,0.001395,1276815.0,0.0013945,7.171029042667021
1787023713133,0.001394,424299.0,0.001395,1276815.0,0.0013945,7.171029042667021
1787023713137,0.001394,324299.0,0.001395,1276815.0,0.0013945,7.171029042667021
1787023713138,0.001394,275822.0,0.001395,1276815.0,0.0013945,7.171029042667021
1787023713144,0.001394,168179.0,0.001395,1276815.0,0.0013945,7.171029042667021
1787023713145,0.001394,168179.0,0.001395,1439554.0,0.0013945,7.171029042667021
1787023713146,0.001394,111442.0,0.001395,1583528.0,0.0013945,7.171029042667021
1787023713148,0.001394,24449.0,0.001395,1583528.0,0.0013945,7.171029042667021
1787023713149,0.001394,24449.0,0.001395,2183528.0,0.0013945,7.171029042667021
1787023713151,0.001394,24449.0,0.001395,1583528.0,0.0013945,7.171029042667021
1787023713178,0.001394,24449.0,0.001395,2448130.0,0.0013945,7.171029042667021
1787023713309,0.001394,24449.0,0.001395,2459963.0,0.0013945,7.171029042667021
1787023713349,0.001394,28394.0,0.001395,2459963.0,0.0013945,7.171029042667021
1787023713350,0.001394,24449.0,0.001395,2459963.0,0.0013945,7.171029042667021
1787023713354,0.001394,24449.0,0.001395,2463908.0,0.0013945,7.171029042667021
1787023713355,0.001394,24449.0,0.001395,2459963.0,0.0013945,7.171029042667021
1787023713417,0.001394,776780.0,0.001395,2459963.0,0.0013945,7.171029042667021
1787023713418,0.001394,1008837.0,0.001395,2459963.0,0.0013945,7.171029042667021
1787023713441,0.001394,987555.0,0.001395,2388278.0,0.0013945,7.171029042667021
1787023713463,0.001394,987555.0,0.001395,2371332.0,0.0013945,7.171029042667021
1787023713472,0.001394,991501.0,0.001395,2371332.0,0.0013945,7.171029042667021
1787023713475,0.001394,991501.0,0.001395,2375275.0,0.0013945,7.171029042667021
1787023713571,0.001394,1003334.0,0.001395,2375275.0,0.0013945,7.171029042667021
1787023713607,0.001394,996166.0,0.001395,2375275.0,0.0013945,7.171029042667021
1787023713793,0.001394,996166.0,0.001395,2379122.0,0.0013945,7.171029042667021
1787023713821,0.001394,993620.0,0.001395,2379122.0,0.0013945,7.171029042667021
1787023713869,0.001394,993620.0,0.001395,2372197.0,0.0013945,7.171029042667021
1787023714294,0.001394,1393806.0,0.001395,2372197.0,0.0013945,7.171029042667021
1787023714403,0.001394,1447085.0,0.001395,2372197.0,0.0013945,7.171029042667021
1787023714500,0.001394,1393806.0,0.001395,2372197.0,0.0013945,7.171029042667021
1787023714597,0.001394,1372425.0,0.001395,2372197.0,0.0013945,7.171029042667021
1787023714801,0.001394,648022.0,0.001395,2372197.0,0.0013945,7.171029042667021
1787023714802,0.001394,648022.0,0.001395,2372197.0,0.0013945,7.171029042667021
1787023714861,0.001394,626857.0,0.001395,2372197.0,0.0013945,7.171029042667021
1787023714864,0.001394,616205.0,0.001395,2372197.0,0.0013945,7.171029042667021
1787023714866,0.001394,415965.0,0.001395,2372197.0,0.0013945,7.171029042667021
1787023714889,0.001394,409429.0,0.001395,2372197.0,0.0013945,7.171029042667021
1787023714891,0.001394,413375.0,0.001395,2372197.0,0.0013945,7.171029042667021
1787023715040,0.001394,413375.0,0.001395,2372207.0,0.0013945,7.171029042667021
1787023715118,0.001394,1205496.0,0.001395,2372207.0,0.0013945,7.171029042667021
1787023715119,0.001394,1486030.0,0.001395,2372207.0,0.0013945,7.171029042667021
1787023715123,0.001394,1486030.0,0.001395,2443891.0,0.0013945,7.171029042667021
1787023715124,0.001394,1486030.0,0.001395,2372206.0,0.0013945,7.171029042667021
1787023715215,0.001394,1486030.0,0.001395,2365281.0,0.0013945,7.171029042667021
1787023715283,0.001394,1540048.0,0.001395,2365281.0,0.0013945,7.171029042667021
1787023715300,0.001394,1593258.0,0.001395,2365281.0,0.0013945,7.171029042667021
1787023715301,0.001394,1646468.0,0.001395,2365281.0,0.0013945,7.171029042667021
1787023715342,0.001394,1646468.0,0.001395,2144214.0,0.0013945,7.171029042667021
1787023715344,0.001394,1646468.0,0.001395,1981475.0,0.0013945,7.171029042667021
1787023715345,0.001394,1646468.0,0.001395,1909790.0,0.0013945,7.171029042667021
1787023715418,0.001394,1646468.0,0.001395,1854084.0,0.0013945,7.171029042667021
1787023715419,0.001394,1646468.0,0.001395,1782399.0,0.0013945,7.171029042667021
1787023715422,0.001394,1646468.0,0.001395,917797.0,0.0013945,7.171029042667021
1787023715430,0.001394,1646468.0,0.001395,909912.0,0.0013945,7.171029042667021
1787023715653,0.001394,1624999.0,0.001395,909912.0,0.0013945,7.171029042667021
1787023715654,0.001394,1624999.0,0.001395,1704091.0,0.0013945,7.171029042667021
1787023715655,0.001394,1624999.0,0.001395,1704091.0,0.0013945,7.171029042667021
1787023715672,0.001394,1618952.0,0.001395,1704091.0,0.0013945,7.171029042667021
1787023715701,0.001394,1672206.0,0.001395,1704091.0,0.0013945,7.171029042667021
1787023715763,0.001394,1666160.0,0.001395,1704091.0,0.0013945,7.171029042667021
1787023715764,0.001394,1644295.0,0.001395,1704091.0,0.0013945,7.171029042667021
1787023715800,0.001394,1591041.0,0.001395,1704091.0,0.0013945,7.171029042667021
1787023715812,0.001394,1583878.0,0.001395,1704091.0,0.0013945,7.171029042667021
1787023715981,0.001394,1529860.0,0.001395,1704091.0,0.0013945,7.171029042667021
1787023715997,0.001394,1525690.0,0.001395,1704091.0,0.0013945,7.171029042667021
1787023716005,0.001394,733569.0,0.001395,1704091.0,0.0013945,7.171029042667021
1787023716006,0.001394,733569.0,0.001395,1923083.0,0.0013945,7.171029042667021
1787023716098,0.001394,913283.0,0.001395,1923083.0,0.0013945,7.171029042667021
1787023716099,0.001394,806863.0,0.001395,1923083.0,0.0013945,7.171029042667021
1787023716141,0.001394,806863.0,0.001395,1851399.0,0.0013945,7.171029042667021
1787023716191,0.001394,806863.0,0.001395,825163.0,0.0013945,7.171029042667021
1787023716192,0.001394,806863.0,0.001395,297800.0,0.0013945,7.171029042667021
1787023716193,0.001395,26544.0,0.001396,2290082.0,0.0013955,7.165890361878414
1787023716194,0.001395,719223.0,0.001396,2286456.0,0.0013955,7.165890361878414
1787023716195,0.001395,771929.0,0.001396,1455705.0,0.0013955,7.165890361878414
1787023716196,0.001395,820406.0,0.001396,2049164.0,0.0013955,7.165890361878414
1787023716197,0.001395,796668.0,0.001396,1869831.0,0.0013955,7.165890361878414
1787023716200,0.001395,849787.0,0.001396,1869831.0,0.0013955,7.165890361878414
1787023716218,0.001395,849787.0,0.001396,2149708.0,0.0013955,7.165890361878414
1787023716222,0.001395,518318.0,0.001396,2149708.0,0.0013955,7.165890361878414
1787023716223,0.001394,2058507.0,0.001396,2149708.0,0.001395,14.336917562724363
1787023716224,0.001395,71685.0,0.001396,2149708.0,0.0013955,7.165890361878414
1787023716225,0.001394,2054850.0,0.001395,72351.0,0.0013945,7.171029042667021
1787023716226,0.001394,2104894.0,0.001395,563912.0,0.0013945,7.171029042667021
1787023716227,0.001394,2033158.0,0.001395,98114.0,0.0013945,7.171029042667021
1787023716228,0.001394,2033158.0,0.001395,375321.0,0.0013945,7.171029042667021
1787023716230,0.001394,2033158.0,0.001395,518691.0,0.0013945,7.171029042667021
1787023716231,0.001394,1701028.0,0.001395,143370.0,0.0013945,7.171029042667021
1787023716232,0.001395,15788.0,0.001396,2577267.0,0.0013955,7.165890361878414
1787023716234,0.001395,1120060.0,0.001396,1800334.0,0.0013955,7.165890361878414
1787023716235,0.001395,1120060.0,0.001396,1856352.0,0.0013955,7.165890361878414
1787023716236,0.001395,1096322.0,0.001396,1800334.0,0.0013955,7.165890361878414
1787023716238,0.001395,740974.0,0.001396,1800334.0,0.0013955,7.165890361878414
1787023716240,0.001395,812659.0,0.001396,1800334.0,0.0013955,7.165890361878414
1787023716259,0.001395,1212659.0,0.001396,1800334.0,0.0013955,7.165890361878414
1787023716276,0.001395,867639.0,0.001396,1800334.0,0.0013955,7.165890361878414
1787023716290,0.001395,531048.0,0.001396,1800334.0,0.0013955,7.165890361878414
1787023716291,0.001395,471685.0,0.001396,1800334.0,0.0013955,7.165890361878414
1787023716302,0.001395,520162.0,0.001396,1800334.0,0.0013955,7.165890361878414
1787023716349,0.001395,520162.0,0.001396,1805307.0,0.0013955,7.165890361878414
1787023716369,0.001395,520162.0,0.001396,1801362.0,0.0013955,7.165890361878414
1787023716378,0.001395,531986.0,0.001396,1592119.0,0.0013955,7.165890361878414
1787023716379,0.001395,985110.0,0.001396,1592119.0,0.0013955,7.165890361878414
1787023716396,0.001395,1758649.0,0.001396,2333711.0,0.0013955,7.165890361878414
1787023716397,0.001395,1746825.0,0.001396,2333711.0,0.0013955,7.165890361878414
1787023716398,0.001395,1675140.0,0.001396,2333711.0,0.0013955,7.165890361878414
1787023716498,0.001395,1686964.0,0.001396,2333711.0,0.0013955,7.165890361878414
1787023716499,0.001395,1740634.0,0.001396,2333711.0,0.0013955,7.165890361878414
1787023716518,0.001395,2640749.0,0.001396,2333711.0,0.0013955,7.165890361878414
1787023716599,0.001395,2587079.0,0.001396,2333711.0,0.0013955,7.165890361878414
1787023716666,0.001395,2591022.0,0.001396,2333711.0,0.0013955,7.165890361878414
1787023716705,0.001395,2591022.0,0.001396,1796270.0,0.0013955,7.165890361878414
1787023716707,0.001395,2591022.0,0.001396,1054678.0,0.0013955,7.165890361878414
1787023716708,0.001395,2591022.0,0.001396,1054678.0,0.0013955,7.165890361878414
1787023716709,0.001395,2591022.0,0.001396,1126311.0,0.0013955,7.165890361878414
1787023716733,0.001395,2569528.0,0.001396,1126311.0,0.0013955,7.165890361878414
1787023716798,0.001395,2623188.0,0.001396,1126311.0,0.0013955,7.165890361878414
1787023716799,0.001395,2676848.0,0.001396,1126311.0,0.0013955,7.165890361878414
1787023716902,0.001395,2623188.0,0.001396,1126311.0,0.0013955,7.165890361878414
1787023716941,0.001395,2623188.0,0.001396,2025298.0,0.0013955,7.165890361878414
1787023716946,0.001395,2244682.0,0.001396,2025298.0,0.0013955,7.165890361878414
1787023716947,0.001395,1471143.0,0.001396,2025298.0,0.0013955,7.165890361878414
1787023716948,0.001395,1459319.0,0.001396,2025298.0,0.0013955,7.165890361878414
1787023716953,0.001395,1006195.0,0.001396,2025298.0,0.0013955,7.165890361878414
1787023717001,0.001395,1059855.0,0.001396,2025298.0,0.0013955,7.165890361878414
1787023717092,0.001395,1144432.0,0.001396,2025298.0,0.0013955,7.165890361878414
1787023717099,0.001395,1037112.0,0.001396,2025298.0,0.0013955,7.165890361878414
1787023717102,0.001395,1029949.0,0.001396,2025298.0,0.0013955,7.165890361878414
1787023717132,0.001395,1041773.0,0.001396,2025298.0,0.0013955,7.165890361878414
1787023717159,0.001395,1037507.0,0.001396,2025298.0,0.0013955,7.165890361878414
1787023717168,0.001395,1269564.0,0.001396,1796247.0,0.0013955,7.165890361878414
1787023717169,0.001395,2290631.0,0.001396,1784423.0,0.0013955,7.165890361878414
1787023717170,0.001395,2290631.0,0.001396,608385.0,0.0013955,7.165890361878414
1787023717171,0.001396,267085.0,0.001397,2485448.0,0.0013965000000000002,7.160759040457685
1787023717172,0.001396,278648.0,0.001397,1730811.0,0.0013965000000000002,7.160759040457685
1787023717173,0.001396,503082.0,0.001397,1780860.0,0.0013965000000000002,7.160759040457685
1787023717174,0.001396,694774.0,0.001397,1780860.0,0.0013965000000000002,7.160759040457685
1787023717175,0.001396,694774.0,0.001397,1673292.0,0.0013965000000000002,7.160759040457685
1787023717184,0.001396,694774.0,0.001397,1744873.0,0.0013965000000000002,7.160759040457685
1787023717271,0.001396,706590.0,0.001397,1756689.0,0.0013965000000000002,7.160759040457685
1787023717275,0.001396,682860.0,0.001397,1756689.0,0.0013965000000000002,7.160759040457685
1787023717347,0.001396,671044.0,0.001397,1756689.0,0.0013965000000000002,7.160759040457685
1787023717360,0.001396,671044.0,0.001397,1752750.0,0.0013965000000000002,7.160759040457685
1787023717385,0.001396,649552.0,0.001397,1752750.0,0.0013965000000000002,7.160759040457685
1787023717386,0.001396,649552.0,0.001397,2650136.0,0.0013965000000000002,7.160759040457685
1787023717417,0.001396,661368.0,0.001397,2650136.0,0.0013965000000000002,7.160759040457685
1787023717454,0.001396,1497802.0,0.001397,2650136.0,0.0013965000000000002,7.160759040457685
1787023717455,0.001396,1485986.0,0.001397,2650136.0,0.0013965000000000002,7.160759040457685
1787023717643,0.001396,1464347.0,0.001397,2650136.0,0.0013965000000000002,7.160759040457685
1787023717680,0.001396,1464347.0,0.001397,2968187.0,0.0013965000000000002,7.160759040457685
1787023717957,0.001396,1460046.0,0.001397,2968187.0,0.0013965000000000002,7.160759040457685
1787023718185,0.001396,1316831.0,0.001397,2968187.0,0.0013965000000000002,7.160759040457685
1787023718219,0.001396,1316831.0,0.001397,2747120.0,0.0013965000000000002,7.160759040457685
1787023718283,0.001396,1312675.0,0.001397,2747120.0,0.0013965000000000002,7.160759040457685
1787023718327,0.001396,838546.0,0.001397,2747120.0,0.0013965000000000002,7.160759040457685
1787023718328,0.001396,2112.0,0.001397,2747120.0,0.0013965000000000002,7.160759040457685
1787023718329,0.001396,6052.0,0.001397,2747120.0,0.0013965000000000002,7.160759040457685
1787023718355,0.001396,2102.0,0.001397,2747120.0,0.0013965000000000002,7.160759040457685
1787023718357,0.001396,50579.0,0.001397,2747120.0,0.0013965000000000002,7.160759040457685
1787023718482,0.001396,62395.0,0.001397,2747120.0,0.0013965000000000002,7.160759040457685
1787023718511,0.001396,62395.0,0.001397,2726067.0,0.0013965000000000002,7.160759040457685
1787023718513,0.001396,862395.0,0.001397,2726067.0,0.0013965000000000002,7.160759040457685
1787023718514,0.001396,1082636.0,0.001397,2726067.0,0.0013965000000000002,7.160759040457685
1787023718535,0.001396,1979241.0,0.001397,2726067.0,0.0013965000000000002,7.160759040457685
1787023718584,0.001396,1991057.0,0.001397,2726067.0,0.0013965000000000002,7.160759040457685
1787023718686,0.001396,2212124.0,0.001397,2582847.0,0.0013965000000000002,7.160759040457685
1787023718687,0.001396,2212124.0,0.001397,1400135.0,0.0013965000000000002,7.160759040457685
1787023718688,0.001396,2212124.0,0.001397,920489.0,0.0013965000000000002,7.160759040457685
1787023718689,0.001397,334612.0,0.001398,2620846.0,0.0013974999999999999,7.155635062611206
1787023718690,0.001397,342230.0,0.001398,820398.0,0.0013974999999999999,7.155635062611206
1787023718691,0.001397,1265962.0,0.001398,496691.0,0.0013974999999999999,7.155635062611206
1787023718692,0.001397,1409074.0,0.001398,425790.0,0.0013974999999999999,7.155635062611206
1787023718698,0.001397,1409074.0,0.001398,474267.0,0.0013974999999999999,7.155635062611206
1787023718705,0.001397,1409074.0,0.001398,545797.0,0.0013974999999999999,7.155635062611206
1787023718707,0.001397,1333819.0,0.001398,545797.0,0.0013974999999999999,7.155635062611206
1787023718718,0.001397,975522.0,0.001398,545797.0,0.0013974999999999999,7.155635062611206
1787023718719,0.001397,975522.0,0.001398,542220.0,0.0013974999999999999,7.155635062611206
1787023718721,0.001397,975522.0,0.001398,470690.0,0.0013974999999999999,7.155635062611206
1787023718732,0.001397,943860.0,0.001398,470690.0,0.0013974999999999999,7.155635062611206
1787023718739,0.001397,922128.0,0.001398,470690.0,0.0013974999999999999,7.155635062611206
1787023718770,0.001397,724388.0,0.001398,470690.0,0.0013974999999999999,7.155635062611206
1787023718771,0.001396,2490182.0,0.001397,117672.0,0.0013965000000000002,7.160759040457685
1787023718772,0.001396,2216054.0,0.001397,117672.0,0.0013965000000000002,7.160759040457685
1787023718773,0.001396,1303703.0,0.001397,409838.0,0.0013965000000000002,7.160759040457685
1787023718776,0.001396,1082636.0,0.001397,727889.0,0.0013965000000000002,7.160759040457685
1787023718777,0.001396,850579.0,0.001397,727889.0,0.0013965000000000002,7.160759040457685
1787023718778,0.001396,850579.0,0.001397,847948.0,0.0013965000000000002,7.160759040457685
1787023718779,0.001396,850579.0,0.001397,799471.0,0.0013965000000000002,7.160759040457685
1787023718781,0.001396,850579.0,0.001397,847948.0,0.0013965000000000002,7.160759040457685
1787023718788,0.001396,862395.0,0.001397,859764.0,0.0013965000000000002,7.160759040457685
1787023718790,0.001396,862395.0,0.001397,811287.0,0.0013965000000000002,7.160759040457685
1787023718794,0.001396,862395.0,0.001397,859764.0,0.0013965000000000002,7.160759040457685
1787023718818,0.001396,862395.0,0.001397,811287.0,0.0013965000000000002,7.160759040457685
1787023718897,0.001396,854505.0,0.001397,811287.0,0.0013965000000000002,7.160759040457685
1787023718898,0.001396,858445.0,0.001397,811287.0,0.0013965000000000002,7.160759040457685
1787023718914,0.001396,858445.0,0.001397,799672.0,0.0013965000000000002,7.160759040457685
1787023718916,0.001396,858445.0,0.001397,871254.0,0.0013965000000000002,7.160759040457685
1787023718933,0.001396,870060.0,0.001397,871254.0,0.0013965000000000002,7.160759040457685
1787023718981,0.001396,1773801.0,0.001397,1743114.0,0.0013965000000000002,7.160759040457685
1787023718982,0.001396,1773801.0,0.001397,1743114.0,0.0013965000000000002,7.160759040457685
1787023719157,0.001396,1773801.0,0.001397,1747052.0,0.0013965000000000002,7.160759040457685
1787023719379,0.001396,1773801.0,0.001397,1750899.0,0.0013965000000000002,7.160759040457685
1787023719428,0.001396,1773801.0,0.001397,1862559.0,0.0013965000000000002,7.160759040457685
1787023719429,0.001396,870060.0,0.001397,1862559.0,0.0013965000000000002,7.160759040457685
1787023719430,0.001396,870060.0,0.001397,1790977.0,0.0013965000000000002,7.160759040457685
1787023719431,0.001395,2096491.0,0.001396,26523.0,0.0013955,7.165890361878414
1787023719432,0.001393,2430103.0,0.001395,2340132.0,0.0013939999999999998,14.347202295552718
1787023719433,0.001393,748950.0,0.001395,755199.0,0.0013939999999999998,14.347202295552718
1787023719434,0.001394,71736.0,0.001395,1006061.0,0.0013945,7.171029042667021
1787023719435,0.001393,733716.0,0.001394,514278.0,0.0013935,7.17617509867336
1787023719436,0.001393,908760.0,0.001394,23718.0,0.0013935,7.17617509867336
1787023719437,0.001393,1052336.0,0.001394,52768.0,0.0013935,7.17617509867336
1787023719438,0.001393,1124124.0,0.001394,52768.0,0.0013935,7.17617509867336
1787023719439,0.001393,1198248.0,0.001394,280935.0,0.0013935,7.17617509867336
1787023719440,0.001394,239448.0,0.001395,789835.0,0.0013945,7.171029042667021
1787023719441,0.001394,386398.0,0.001395,18722.0,0.0013945,7.171029042667021
1787023719442,0.001394,445127.0,0.001395,26328.0,0.0013945,7.171029042667021
1787023719443,0.001394,518790.0,0.001395,26328.0,0.0013945,7.171029042667021
1787023719444,0.001394,567267.0,0.001395,26328.0,0.0013945,7.171029042667021
1787023719448,0.001394,567267.0,0.001395,74805.0,0.0013945,7.171029042667021
1787023719451,0.001394,279543.0,0.001395,74805.0,0.0013945,7.171029042667021
1787023719452,0.001394,279543.0,0.001395,67199.0,0.0013945,7.171029042667021
1787023719453,0.001394,207807.0,0.001395,74805.0,0.0013945,7.171029042667021
1787023719454,0.001394,207807.0,0.001395,149551.0,0.0013945,7.171029042667021
1787023719499,0.001394,159330.0,0.001395,149551.0,0.0013945,7.171029042667021
1787023719500,0.001394,87594.0,0.001395,149551.0,0.0013945,7.171029042667021
1787023719501,0.001394,73663.0,0.001395,373378.0,0.0013945,7.171029042667021
1787023719503,0.001394,73663.0,0.001395,1396918.0,0.0013945,7.171029042667021
1787023719504,0.001394,73663.0,0.001395,921277.0,0.0013945,7.171029042667021
1787023719505,0.001394,297490.0,0.001395,146490.0,0.0013945,7.171029042667021
1787023719507,0.001394,297232.0,0.001395,74805.0,0.0013945,7.171029042667021
1787023719508,0.001394,273973.0,0.001395,150312.0,0.0013945,7.171029042667021
1787023719511,0.001394,271263.0,0.001395,150312.0,0.0013945,7.171029042667021
1787023719539,0.001394,502603.0,0.001395,150312.0,0.0013945,7.171029042667021
1787023719541,0.001394,574339.0,0.001395,150312.0,0.0013945,7.171029042667021
1787023719597,0.001394,586172.0,0.001395,162145.0,0.0013945,7.171029042667021
1787023719627,0.001394,586172.0,0.001395,166088.0,0.0013945,7.171029042667021
1787023719639,0.001394,1401166.0,0.001395,999064.0,0.0013945,7.171029042667021
1787023719640,0.001394,1317597.0,0.001395,1131366.0,0.0013945,7.171029042667021
1787023719704,0.001394,1329430.0,0.001395,1143199.0,0.0013945,7.171029042667021
1787023719733,0.001394,1307607.0,0.001395,1143199.0,0.0013945,7.171029042667021
1787023719736,0.001394,1307607.0,0.001395,1254453.0,0.0013945,7.171029042667021
1787023719739,0.001394,1307607.0,0.001395,1457080.0,0.0013945,7.171029042667021
1787023719791,0.001394,1235871.0,0.001395,1457080.0,0.0013945,7.171029042667021
1787023719859,0.001394,1211881.0,0.001395,1457080.0,0.0013945,7.171029042667021
1787023719898,0.001394,1266627.0,0.001395,1457080.0,0.0013945,7.171029042667021
1787023719906,0.001394,1270573.0,0.001395,1457080.0,0.0013945,7.171029042667021
1787023719919,0.001394,1270573.0,0.001395,1775131.0,0.0013945,7.171029042667021
1787023719999,0.001394,1215827.0,0.001395,1775131.0,0.0013945,7.171029042667021
1787023720441,0.001394,1142230.0,0.001395,1775131.0,0.0013945,7.171029042667021
1787023720443,0.001394,1093753.0,0.001395,1775131.0,0.0013945,7.171029042667021
1787023720444,0.001394,278759.0,0.001395,1775131.0,0.0013945,7.171029042667021
1787023720445,0.001394,247119.0,0.001395,1775131.0,0.0013945,7.171029042667021
1787023720446,0.001393,1688887.0,0.001394,521119.0,0.0013935,7.17617509867336
1787023720447,0.001393,1635718.0,0.001394,45409.0,0.0013935,7.17617509867336
1787023720448,0.001393,1561594.0,0.001394,45409.0,0.0013935,7.17617509867336
1787023720449,0.001393,1705117.0,0.001394,256080.0,0.0013935,7.17617509867336
1787023720453,0.001393,1705117.0,0.001394,304557.0,0.0013935,7.17617509867336
1787023720457,0.001393,1705117.0,0.001394,312163.0,0.0013935,7.17617509867336
1787023720519,0.001393,1699843.0,0.001394,312163.0,0.0013935,7.17617509867336
1787023720546,0.001393,1699843.0,0.001394,324004.0,0.0013935,7.17617509867336
1787023720547,0.001393,1711684.0,0.001394,324004.0,0.0013935,7.17617509867336
1787023720571,0.001393,1711684.0,0.001394,327950.0,0.0013935,7.17617509867336
1787023720639,0.001393,1711684.0,0.001394,399686.0,0.0013935,7.17617509867336
1787023720655,0.001393,2507894.0,0.001394,399686.0,0.0013935,7.17617509867336
1787023720656,0.001393,2436106.0,0.001394,399686.0,0.0013935,7.17617509867336
1787023720679,0.001393,2468866.0,0.001394,399686.0,0.0013935,7.17617509867336
1787023720748,0.001393,2536645.0,0.001394,399686.0,0.0013935,7.17617509867336
1787023720839,0.001393,2564180.0,0.001394,399686.0,0.0013935,7.17617509867336
1787023721039,0.001393,2536645.0,0.001394,399686.0,0.0013935,7.17617509867336
1787023721079,0.001393,2590184.0,0.001394,399686.0,0.0013935,7.17617509867336
1787023721099,0.001393,2644234.0,0.001394,399686.0,0.0013935,7.17617509867336
1787023721107,0.001393,2644234.0,0.001394,385350.0,0.0013935,7.17617509867336
1787023721135,0.001393,2644234.0,0.001394,313614.0,0.0013935,7.17617509867336
1787023721137,0.001393,2644234.0,0.001394,297835.0,0.0013935,7.17617509867336
1787023721170,0.001393,2780451.0,0.001394,297835.0,0.0013935,7.17617509867336
1787023721301,0.001393,2834489.0,0.001394,297835.0,0.0013935,7.17617509867336
1787023721399,0.001393,2834489.0,0.001394,20588921.0,0.0013935,7.17617509867336
1787023721400,0.001393,2610662.0,0.001394,20588921.0,0.0013935,7.17617509867336
1787023721401,0.001392,2649237.0,0.001393,23885.0,0.0013925,7.181328545780365
1787023721402,0.001392,946072.0,0.001393,40164.0,0.0013925,7.181328545780365
1787023721403,0.001392,819825.0,0.001393,166957.0,0.0013925,7.181328545780365
1787023721404,0.001392,674707.0,0.001393,415319.0,0.0013925,7.181328545780365
1787023721405,0.001392,956954.0,0.001393,395557.0,0.0013925,7.181328545780365
1787023721479,0.001392,1010794.0,0.001393,395557.0,0.0013925,7.181328545780365
1787023721498,0.001392,1119420.0,0.001393,395557.0,0.0013925,7.181328545780365
1787023721500,0.001392,1119420.0,0.001393,324673.0,0.0013925,7.181328545780365
1787023721502,0.001392,1119420.0,0.001393,317067.0,0.0013925,7.181328545780365
1787023721515,0.001392,1119420.0,0.001393,328482.0,0.0013925,7.181328545780365
1787023721572,0.001392,1131270.0,0.001393,340332.0,0.0013925,7.181328545780365
1787023721573,0.001392,1131270.0,0.001393,874841.0,0.0013925,7.181328545780365
1787023721574,0.001392,1131270.0,0.001393,862991.0,0.0013925,7.181328545780365
1787023721599,0.001392,1127206.0,0.001393,862991.0,0.0013925,7.181328545780365
1787023721613,0.001392,1127206.0,0.001393,910071.0,0.0013925,7.181328545780365
1787023721614,0.001392,1055367.0,0.001393,910071.0,0.0013925,7.181328545780365
1787023721615,0.001392,1841791.0,0.001393,1683248.0,0.0013925,7.181328545780365
1787023721699,0.001392,1787462.0,0.001393,1683248.0,0.0013925,7.181328545780365
1787023721700,0.001392,1787462.0,0.001393,1695098.0,0.0013925,7.181328545780365
1787023721898,0.001392,1733165.0,0.001393,1695098.0,0.0013925,7.181328545780365
1787023721955,0.001392,1733165.0,0.001393,1652638.0,0.0013925,7.181328545780365
1787023721957,0.001392,2533165.0,0.001393,1652638.0,0.0013925,7.181328545780365
1787023721958,0.001392,2521315.0,0.001393,1652638.0,0.0013925,7.181328545780365
1787023721959,0.001392,2533165.0,0.001393,1652638.0,0.0013925,7.181328545780365
1787023721983,0.001392,2479325.0,0.001393,1652638.0,0.0013925,7.181328545780365
1787023722170,0.001392,2615542.0,0.001393,1652638.0,0.0013925,7.181328545780365
1787023722176,0.001392,2615542.0,0.001393,648404.0,0.0013925,7.181328545780365
1787023722183,0.001392,2669398.0,0.001393,648404.0,0.0013925,7.181328545780365
1787023722187,0.001392,2669398.0,0.001393,626108.0,0.0013925,7.181328545780365
1787023722429,0.001392,2669398.0,0.001393,612448.0,0.0013925,7.181328545780365
1787023722469,0.001392,2602466.0,0.001393,612448.0,0.0013925,7.181328545780365
1787023722477,0.001392,2602466.0,0.001393,1389909.0,0.0013925,7.181328545780365
1787023722478,0.001392,2602466.0,0.001393,1389909.0,0.0013925,7.181328545780365
1787023722486,0.001392,2602466.0,0.001393,1266205.0,0.0013925,7.181328545780365
1787023722488,0.001392,2602466.0,0.001393,488744.0,0.0013925,7.181328545780365
1787023722489,0.001392,2602466.0,0.001393,492693.0,0.0013925,7.181328545780365
1787023722506,0.001392,2602466.0,0.001394,21026605.0,0.0013930000000000001,14.357501794688071
1787023722507,0.001393,964390.0,0.001394,20649259.0,0.0013935,7.17617509867336
1787023722508,0.001393,968339.0,0.001394,20649259.0,0.0013935,7.17617509867336
1787023722509,0.001393,1016816.0,0.001394,20649259.0,0.0013935,7.17617509867336
1787023722511,0.001393,1016816.0,0.001394,20625559.0,0.0013935,7.17617509867336
1787023722530,0.001393,1001969.0,0.001394,20625559.0,0.0013935,7.17617509867336
1787023722561,0.001393,637349.0,0.001394,20625559.0,0.0013935,7.17617509867336
1787023722562,0.001393,413522.0,0.001394,20791579.0,0.0013935,7.17617509867336
1787023722563,0.001393,365045.0,0.001394,20791579.0,0.0013935,7.17617509867336
1787023722581,0.001393,362377.0,0.001394,20791579.0,0.0013935,7.17617509867336
1787023722600,0.001393,416738.0,0.001394,20791579.0,0.0013935,7.17617509867336
1787023722607,0.001393,465215.0,0.001394,20791579.0,0.0013935,7.17617509867336
1787023722616,0.001393,477056.0,0.001394,20803420.0,0.0013935,7.17617509867336
1787023722624,0.001393,477056.0,0.001394,20826960.0,0.0013935,7.17617509867336
1787023722633,0.001393,428579.0,0.001394,20826960.0,0.0013935,7.17617509867336
1787023722688,0.001393,1187134.0,0.001394,21728079.0,0.0013935,7.17617509867336
1787023722689,0.001393,1175293.0,0.001394,21728079.0,0.0013935,7.17617509867336
1787023722699,0.001393,1120932.0,0.001394,21728079.0,0.0013935,7.17617509867336
1787023722726,0.001393,1132773.0,0.001394,21728079.0,0.0013935,7.17617509867336
1787023722857,0.001393,1110690.0,0.001394,21728079.0,0.0013935,7.17617509867336
1787023722898,0.001393,1219582.0,0.001394,21728079.0,0.0013935,7.17617509867336
1787023723098,0.001393,1165136.0,0.001394,21728079.0,0.0013935,7.17617509867336
1787023723099,0.001393,1110690.0,0.001394,21728079.0,0.0013935,7.17617509867336
1787023723181,0.001393,1710690.0,0.001394,21728079.0,0.0013935,7.17617509867336
1787023723183,0.001393,1813012.0,0.001394,21728079.0,0.0013935,7.17617509867336
1787023723219,0.001393,1213012.0,0.001394,21728079.0,0.0013935,7.17617509867336
1787023723222,0.001393,1201171.0,0.001394,21728079.0,0.0013935,7.17617509867336
1787023723223,0.001393,1213012.0,0.001394,21728079.0,0.0013935,7.17617509867336
1787023723695,0.001393,1210597.0,0.001394,21728079.0,0.0013935,7.17617509867336
1787023723883,0.001393,1188432.0,0.001394,21728079.0,0.0013935,7.17617509867336
1787023723884,0.001393,1139955.0,0.001394,21728079.0,0.0013935,7.17617509867336
1787023723885,0.001393,1086110.0,0.001394,21728079.0,0.0013935,7.17617509867336
1787023724082,0.001393,1139973.0,0.001394,21728079.0,0.0013935,7.17617509867336
1787023724378,0.001393,1144290.0,0.001394,21728079.0,0.0013935,7.17617509867336
1787023724420,0.001393,385735.0,0.001394,21728079.0,0.0013935,7.17617509867336
1787023724422,0.001393,73970.0,0.001394,21728079.0,0.0013935,7.17617509867336
1787023724423,0.001392,1671059.0,0.001393,461103.0,0.0013925,7.181328545780365
1787023724424,0.001392,1639764.0,0.001393,35640.0,0.0013925,7.181328545780365
1787023724425,0.001392,1831816.0,0.001393,53249.0,0.0013925,7.181328545780365
1787023724426,0.001392,1831816.0,0.001393,104362.0,0.0013925,7.181328545780365
1787023724427,0.001392,1831816.0,0.001393,104041.0,0.0013925,7.181328545780365
1787023724436,0.001392,1831816.0,0.001393,152518.0,0.0013925,7.181328545780365
1787023724523,0.001392,1843666.0,0.001393,164368.0,0.0013925,7.181328545780365
1787023724582,0.001392,1897529.0,0.001393,164368.0,0.0013925,7.181328545780365
1787023724635,0.001392,2717700.0,0.001393,164368.0,0.0013925,7.181328545780365
1787023724636,0.001392,2717700.0,0.001393,89351.0,0.0013925,7.181328545780365
1787023724640,0.001392,2745311.0,0.001393,89351.0,0.0013925,7.181328545780365
1787023724693,0.001392,2741482.0,0.001393,89351.0,0.0013925,7.181328545780365
1787023724697,0.001392,2741482.0,0.001393,827103.0,0.0013925,7.181328545780365
1787023724698,0.001392,2741482.0,0.001393,815253.0,0.0013925,7.181328545780365
1787023724699,0.001392,2741482.0,0.001393,827103.0,0.0013925,7.181328545780365
1787023724718,0.001392,2741482.0,0.001393,89351.0,0.0013925,7.181328545780365
1787023725098,0.001392,2794698.0,0.001393,89351.0,0.0013925,7.181328545780365
1787023725139,0.001392,2767087.0,0.001393,89351.0,0.0013925,7.181328545780365
1787023725192,0.001392,2767087.0,0.001393,950668.0,0.0013925,7.181328545780365
1787023725193,0.001392,2767087.0,0.001393,950668.0,0.0013925,7.181328545780365
1787023725199,0.001392,2713871.0,0.001393,950668.0,0.0013925,7.181328545780365
1787023725281,0.001392,1848735.0,0.001393,950668.0,0.0013925,7.181328545780365
1787023725283,0.001392,1852687.0,0.001393,1617367.0,0.0013925,7.181328545780365
1787023725300,0.001392,1959119.0,0.001393,1617367.0,0.0013925,7.181328545780365
1787023725399,0.001392,1852687.0,0.001393,1617367.0,0.0013925,7.181328545780365
1787023725432,0.001392,1709112.0,0.001393,1617367.0,0.0013925,7.181328545780365
1787023725472,0.001392,1709112.0,0.001393,1603707.0,0.0013925,7.181328545780365
1787023725491,0.001392,2151984.0,0.001393,1603707.0,0.0013925,7.181328545780365
1787023725498,0.001392,2205276.0,0.001393,1603707.0,0.0013925,7.181328545780365
1787023725595,0.001392,2205276.0,0.001393,742390.0,0.0013925,7.181328545780365
1787023725596,0.001392,2205276.0,0.001393,742390.0,0.0013925,7.181328545780365
1787023725599,0.001392,2258583.0,0.001393,742390.0,0.0013925,7.181328545780365
1787023725638,0.001392,2286199.0,0.001393,742390.0,0.0013925,7.181328545780365
1787023725789,0.001392,2282511.0,0.001393,742390.0,0.0013925,7.181328545780365
1787023725796,0.001392,2282511.0,0.001393,1600578.0,0.0013925,7.181328545780365
1787023725797,0.001392,2282511.0,0.001393,1600578.0,0.0013925,7.181328545780365
1787023725826,0.001392,2282511.0,0.001393,1624118.0,0.0013925,7.181328545780365
1787023725887,0.001392,2260975.0,0.001393,1624118.0,0.0013925,7.181328545780365
1787023726098,0.001392,2154376.0,0.001393,1624118.0,0.0013925,7.181328545780365
1787023726141,0.001392,2126760.0,0.001393,1624118.0,0.0013925,7.181328545780365
1787023726217,0.001392,2126760.0,0.001393,765930.0,0.0013925,7.181328545780365
1787023726260,0.001391,7245639.0,0.001393,969669.0,0.001392,14.367816091952815
1787023726261,0.001392,3952.0,0.001393,3873200.0,0.0013925,7.181328545780365
1787023726262,0.001391,6626206.0,0.001393,1011888.0,0.001392,14.367816091952815
1787023726263,0.001391,6359713.0,0.001392,35652.0,0.0013915,7.186489399927531
1787023726264,0.001391,6410973.0,0.001392,595030.0,0.0013915,7.186489399927531
1787023726266,0.001391,6410973.0,0.001392,528503.0,0.0013915,7.186489399927531
1787023726267,0.001391,6410973.0,0.001392,757577.0,0.0013915,7.186489399927531
1787023726275,0.001391,6410973.0,0.001392,806054.0,0.0013915,7.186489399927531
1787023726280,0.001391,5299862.0,0.001392,806054.0,0.0013915,7.186489399927531
1787023726281,0.001391,5107719.0,0.001392,1029881.0,0.0013915,7.186489399927531
1787023726282,0.001391,5107719.0,0.001392,1098829.0,0.0013915,7.186489399927531
1787023726283,0.001391,5056459.0,0.001392,1098829.0,0.0013915,7.186489399927531
1787023726284,0.001391,5056459.0,0.001392,1208310.0,0.0013915,7.186489399927531
1787023726285,0.001391,5056459.0,0.001392,1265781.0,0.0013915,7.186489399927531
1787023726287,0.001391,4948740.0,0.001392,1118627.0,0.0013915,7.186489399927531
1787023726288,0.001391,4948740.0,0.001392,1190466.0,0.0013915,7.186489399927531
1787023726289,0.001392,166860.0,0.001393,4503061.0,0.0013925,7.181328545780365
1787023726290,0.001392,181718.0,0.001393,1150649.0,0.0013925,7.181328545780365
1787023726291,0.001392,907657.0,0.001393,54700.0,0.0013925,7.181328545780365
1787023726292,0.001392,1131484.0,0.001393,109403.0,0.0013925,7.181328545780365
1787023726293,0.001392,1131484.0,0.001393,179617.0,0.0013925,7.181328545780365
1787023726297,0.001392,1131484.0,0.001393,70214.0,0.0013925,7.181328545780365
1787023726299,0.001392,1184445.0,0.001393,70214.0,0.0013925,7.181328545780365
1787023726300,0.001392,1237406.0,0.001393,70214.0,0.0013925,7.181328545780365
1787023726304,0.001392,1237406.0,0.001393,356113.0,0.0013925,7.181328545780365
1787023726314,0.001392,1237406.0,0.001393,70214.0,0.0013925,7.181328545780365
1787023726349,0.001392,1013579.0,0.001393,118691.0,0.0013925,7.181328545780365
1787023726350,0.001392,1013579.0,0.001393,357538.0,0.0013925,7.181328545780365
1787023726356,0.001392,1013579.0,0.001394,20455502.0,0.0013930000000000001,14.357501794688071
1787023726357,0.001393,320251.0,0.001394,19945601.0,0.0013935,7.17617509867336
1787023726358,0.001393,368728.0,0.001394,19779581.0,0.0013935,7.17617509867336
1787023726359,0.001393,1168728.0,0.001394,19779581.0,0.0013935,7.17617509867336
1787023726360,0.001393,800000.0,0.001394,19834244.0,0.0013935,7.17617509867336
1787023726361,0.001392,1509904.0,0.001393,15447.0,0.0013925,7.181328545780365
1787023726362,0.001392,1509904.0,0.001393,210234.0,0.0013925,7.181328545780365
1787023726363,0.001392,1509904.0,0.001393,87811.0,0.0013925,7.181328545780365
1787023726364,0.001392,1903529.0,0.001393,142243.0,0.0013925,7.181328545780365
1787023726365,0.001392,1831690.0,0.001393,118356.0,0.0013925,7.181328545780365
1787023726366,0.001392,1759851.0,0.001393,118356.0,0.0013925,7.181328545780365
1787023726374,0.001392,1759851.0,0.001393,122306.0,0.0013925,7.181328545780365
1787023726375,0.001392,1759851.0,0.001393,118356.0,0.0013925,7.181328545780365
1787023726424,0.001392,2603244.0,0.001393,118356.0,0.0013925,7.181328545780365
1787023726425,0.001392,2603244.0,0.001393,987875.0,0.0013925,7.181328545780365
1787023726426,0.001392,2531405.0,0.001393,987875.0,0.0013925,7.181328545780365
1787023726427,0.001392,2531405.0,0.001393,917996.0,0.0013925,7.181328545780365
1787023726454,0.001392,2531405.0,0.001393,1407013.0,0.0013925,7.181328545780365
1787023726500,0.001392,2478444.0,0.001393,1407013.0,0.0013925,7.181328545780365
1787023726581,0.001392,2490294.0,0.001393,1418863.0,0.0013925,7.181328545780365
1787023726584,0.001392,2544306.0,0.001393,1418863.0,0.0013925,7.181328545780365
1787023726699,0.001392,2598807.0,0.001393,1418863.0,0.0013925,7.181328545780365
1787023726717,0.001392,2014611.0,0.001393,1418863.0,0.0013925,7.181328545780365
1787023726718,0.001392,1790784.0,0.001393,1418863.0,0.0013925,7.181328545780365
1787023726720,0.001392,481927.0,0.001393,1598761.0,0.0013925,7.181328545780365
1787023726729,0.001392,587756.0,0.001393,1598761.0,0.0013925,7.181328545780365
1787023726731,0.001392,587756.0,0.001393,1598777.0,0.0013925,7.181328545780365
1787023726732,0.001392,591708.0,0.001393,1598777.0,0.0013925,7.181328545780365
1787023726736,0.001392,591708.0,0.001393,1602728.0,0.0013925,7.181328545780365
1787023726737,0.001392,591708.0,0.001393,1606677.0,0.0013925,7.181328545780365
1787023726765,0.001392,570170.0,0.001393,1606677.0,0.0013925,7.181328545780365
1787023726801,0.001392,515669.0,0.001393,1606677.0,0.0013925,7.181328545780365
1787023726827,0.001392,515669.0,0.001393,1618447.0,0.0013925,7.181328545780365
1787023726829,0.001392,513251.0,0.001393,1618447.0,0.0013925,7.181328545780365
1787023726885,0.001392,459239.0,0.001393,1618447.0,0.0013925,7.181328545780365
1787023726899,0.001392,513899.0,0.001393,1618447.0,0.0013925,7.181328545780365
1787023726900,0.001392,502049.0,0.001393,1618447.0,0.0013925,7.181328545780365
1787023726935,0.001392,513899.0,0.001393,1618447.0,0.0013925,7.181328545780365
1787023726942,0.001392,513899.0,0.001393,1547952.0,0.0013925,7.181328545780365
1787023726981,0.001392,567883.0,0.001393,1547952.0,0.0013925,7.181328545780365
1787023726987,0.001392,1413254.0,0.001393,1547952.0,0.0013925,7.181328545780365
1787023726988,0.001392,1401404.0,0.001393,1547952.0,0.0013925,7.181328545780365
1787023727000,0.001392,1456081.0,0.001393,1547952.0,0.0013925,7.181328545780365
1787023727056,0.001392,1433660.0,0.001393,1547952.0,0.0013925,7.181328545780365
1787023727057,0.001392,1445510.0,0.001393,1547952.0,0.0013925,7.181328545780365
1787023727071,0.001392,1581727.0,0.001393,1547952.0,0.0013925,7.181328545780365
1787023727100,0.001392,1419429.0,0.001393,1547952.0,0.0013925,7.181328545780365
1787023727203,0.001392,1339857.0,0.001393,1547952.0,0.0013925,7.181328545780365
1787023727289,0.001392,1325490.0,0.001393,1547952.0,0.0013925,7.181328545780365
1787023727372,0.001392,1325490.0,0.001393,1468268.0,0.0013925,7.181328545780365
1787023727373,0.001392,1925490.0,0.001393,1468268.0,0.0013925,7.181328545780365
1787023727374,0.001392,1925490.0,0.001393,1413568.0,0.0013925,7.181328545780365
1787023727375,0.001392,1925490.0,0.001393,1358865.0,0.0013925,7.181328545780365
1787023727381,0.001392,1925490.0,0.001393,520553.0,0.0013925,7.181328545780365
1787023727382,0.001392,2414507.0,0.001393,520553.0,0.0013925,7.181328545780365
1787023727383,0.001392,2414507.0,0.001393,569030.0,0.0013925,7.181328545780365
1787023727387,0.001392,1792979.0,0.001393,569030.0,0.0013925,7.181328545780365
1787023727399,0.001392,1847640.0,0.001393,569030.0,0.0013925,7.181328545780365
1787023727408,0.001391,4131527.0,0.001393,569030.0,0.001392,14.367816091952815
1787023727409,0.001392,48477.0,0.001393,3881687.0,0.0013925,7.181328545780365
1787023727410,0.001391,4218118.0,0.001392,1268517.0,0.0013915,7.186489399927531
1787023727411,0.001391,3538657.0,0.001392,973937.0,0.0013915,7.186489399927531
1787023727412,0.001391,3538657.0,0.001392,1166092.0,0.0013915,7.186489399927531
1787023727413,0.001391,3538657.0,0.001392,1237931.0,0.0013915,7.186489399927531
1787023727414,0.001391,3538657.0,0.001392,1309770.0,0.0013915,7.186489399927531
1787023727462,0.001391,3538657.0,0.001392,1261293.0,0.0013915,7.186489399927531
1787023727499,0.001391,3594149.0,0.001392,1261293.0,0.0013915,7.186489399927531
1787023727500,0.001391,3573096.0,0.001392,1261293.0,0.0013915,7.186489399927531
1787023727507,0.001391,3562245.0,0.001392,1261293.0,0.0013915,7.186489399927531
1787023727602,0.001391,4383670.0,0.001392,1996443.0,0.0013915,7.186489399927531
1787023727681,0.001391,4383670.0,0.001392,2000395.0,0.0013915,7.186489399927531
1787023727683,0.001391,4395528.0,0.001392,2012253.0,0.0013915,7.186489399927531
1787023727699,0.001391,4340036.0,0.001392,2012253.0,0.0013915,7.186489399927531
1787023727738,0.001391,4340036.0,0.001392,2006506.0,0.0013915,7.186489399927531
1787023727744,0.001391,4288295.0,0.001392,2006506.0,0.0013915,7.186489399927531
1787023727754,0.001391,4288295.0,0.001392,1271356.0,0.0013915,7.186489399927531
1787023727783,0.001391,4342275.0,0.001392,1271356.0,0.0013915,7.186489399927531
1787023727879,0.001391,4346229.0,0.001392,1271356.0,0.0013915,7.186489399927531
1787023728013,0.001391,4339592.0,0.001392,1271356.0,0.0013915,7.186489399927531
1787023728042,0.001391,4339592.0,0.001392,2073428.0,0.0013915,7.186489399927531
1787023728056,0.001391,4311297.0,0.001392,2073428.0,0.0013915,7.186489399927531
1787023728059,0.001391,4311297.0,0.001393,3924704.0,0.001392,14.367816091952815
1787023728060,0.001392,603736.0,0.001393,3756771.0,0.0013925,7.181328545780365
1787023728061,0.001392,1076853.0,0.001393,751845.0,0.0013925,7.181328545780365
1787023728062,0.001392,1113480.0,0.001393,758537.0,0.0013925,7.181328545780365
1787023728063,0.001392,1113480.0,0.001393,832610.0,0.0013925,7.181328545780365
1787023728070,0.001392,1113480.0,0.001393,828643.0,0.0013925,7.181328545780365
1787023728074,0.001392,1113480.0,0.001393,1114542.0,0.0013925,7.181328545780365
1787023728076,0.001392,1113480.0,0.001393,1040469.0,0.0013925,7.181328545780365
1787023728081,0.001392,1167462.0,0.001393,1040469.0,0.0013925,7.181328545780365
1787023728082,0.001392,1156312.0,0.001393,1040469.0,0.0013925,7.181328545780365
1787023728083,0.001392,1156312.0,0.001393,754570.0,0.0013925,7.181328545780365
1787023728084,0.001392,1156312.0,0.001393,742720.0,0.0013925,7.181328545780365
1787023728114,0.001392,1156312.0,0.001393,686825.0,0.0013925,7.181328545780365
1787023728125,0.001392,1956312.0,0.001393,686825.0,0.0013925,7.181328545780365
1787023728126,0.001393,379898.0,0.001394,20815719.0,0.0013935,7.17617509867336
1787023728127,0.001393,379898.0,0.001394,20871573.0,0.0013935,7.17617509867336
1787023728128,0.001393,500163.0,0.001394,19927302.0,0.0013935,7.17617509867336
1787023728129,0.001393,643686.0,0.001394,19927302.0,0.0013935,7.17617509867336
1787023728140,0.001393,643686.0,0.001394,19939073.0,0.0013935,7.17617509867336
1787023728142,0.001393,607741.0,0.001394,19939073.0,0.0013935,7.17617509867336
1787023728147,0.001393,548125.0,0.001394,19939073.0,0.0013935,7.17617509867336
1787023728159,0.001393,548125.0,0.001394,20218950.0,0.0013935,7.17617509867336
1787023728161,0.001393,548125.0,0.001394,20385165.0,0.0013935,7.17617509867336
1787023728164,0.001392,1323673.0,0.001394,20385165.0,0.0013930000000000001,14.357501794688071
1787023728165,0.001392,1299990.0,0.001393,1012566.0,0.0013925,7.181328545780365
1787023728166,0.001392,1076163.0,0.001393,1061043.0,0.0013925,7.181328545780365
1787023728167,0.001392,1128755.0,0.001393,1064992.0,0.0013925,7.181328545780365
1787023728179,0.001392,1128755.0,0.001393,1120887.0,0.0013925,7.181328545780365
1787023728180,0.001392,1129296.0,0.001393,1120887.0,0.0013925,7.181328545780365
1787023728194,0.001392,1129296.0,0.001393,1105440.0,0.0013925,7.181328545780365
1787023728195,0.001392,1057457.0,0.001393,1105440.0,0.0013925,7.181328545780365
1787023728197,0.001392,1057457.0,0.001393,1049545.0,0.0013925,7.181328545780365
1787023728198,0.001392,1113485.0,0.001393,1049545.0,0.0013925,7.181328545780365
1787023728206,0.001392,1113485.0,0.001393,12362908.0,0.0013925,7.181328545780365
1787023728208,0.001392,527787.0,0.001393,12532665.0,0.0013925,7.181328545780365
1787023728232,0.001391,4265418.0,0.001393,12532665.0,0.001392,14.367816091952815
1787023728233,0.001391,4265418.0,0.001392,408496.0,0.0013915,7.186489399927531
1787023728234,0.001391,4237998.0,0.001392,652363.0,0.0013915,7.186489399927531
1787023728235,0.001391,4237998.0,0.001392,700840.0,0.0013915,7.186489399927531
1787023728236,0.001391,4237998.0,0.001392,737235.0,0.0013915,7.186489399927531
1787023728237,0.001391,4130355.0,0.001392,737235.0,0.0013915,7.186489399927531
1787023728238,0.001391,4148308.0,0.001392,737235.0,0.0013915,7.186489399927531
1787023728239,0.001391,4148308.0,0.001392,1251094.0,0.0013915,7.186489399927531
1787023728261,0.001391,4148308.0,0.001392,2087293.0,0.0013915,7.186489399927531
1787023728318,0.001391,4130355.0,0.001392,2087293.0,0.0013915,7.186489399927531
1787023728347,0.001391,4142213.0,0.001392,2087293.0,0.0013915,7.186489399927531
1787023728349,0.001391,4146163.0,0.001392,2087293.0,0.0013915,7.186489399927531
1787023728354,0.001391,4150116.0,0.001392,2087293.0,0.0013915,7.186489399927531
1787023728367,0.001391,4150116.0,0.001392,2099151.0,0.0013915,7.186489399927531
1787023728372,0.001391,4146163.0,0.001392,2099151.0,0.0013915,7.186489399927531
1787023728582,0.001391,4200686.0,0.001392,2099151.0,0.0013915,7.186489399927531
1787023728637,0.001391,4200686.0,0.001392,2103103.0,0.0013915,7.186489399927531
1787023728651,0.001391,4200686.0,0.001392,2022385.0,0.0013915,7.186489399927531
1787023728715,0.001391,3798574.0,0.001392,2022385.0,0.0013915,7.186489399927531
1787023728717,0.001391,2511685.0,0.001392,2022385.0,0.0013915,7.186489399927531
1787023728718,0.001391,943847.0,0.001392,2078320.0,0.0013915,7.186489399927531
1787023728719,0.00139,3894633.0,0.001391,504710.0,0.0013905,7.191657677095526
1787023728720,0.00139,3270665.0,0.001391,1269268.0,0.0013905,7.191657677095526
1787023728721,0.00139,2827793.0,0.001391,451480.0,0.0013905,7.191657677095526
1787023728722,0.00139,2971626.0,0.001391,1197124.0,0.0013905,7.191657677095526
1787023728724,0.00139,2971626.0,0.001391,1310154.0,0.0013905,7.191657677095526
1787023728785,0.00139,3026903.0,0.001391,1310154.0,0.0013905,7.191657677095526
1787023728787,0.00139,3026903.0,0.001391,1236415.0,0.0013905,7.191657677095526
1787023728789,0.00139,3566495.0,0.001392,2795258.0,0.0013909999999999999,14.378145219267065
1787023728790,0.001391,1944959.0,0.001392,1781629.0,0.0013915,7.186489399927531
1787023728791,0.001391,1097031.0,0.001392,1009713.0,0.0013915,7.186489399927531
1787023728792,0.001391,1081876.0,0.001392,1009713.0,0.0013915,7.186489399927531
1787023728794,0.001391,1081876.0,0.001392,954171.0,0.0013915,7.186489399927531
1787023728804,0.001391,1081876.0,0.001392,1239088.0,0.0013915,7.186489399927531
1787023728816,0.001391,1081876.0,0.001392,954171.0,0.0013915,7.186489399927531
1787023728823,0.001391,1085830.0,0.001392,954171.0,0.0013915,7.186489399927531
1787023728855,0.001391,1085830.0,0.001392,367370.0,0.0013915,7.186489399927531
1787023728856,0.001391,1685830.0,0.001392,363700.0,0.0013915,7.186489399927531
1787023728857,0.001391,1685830.0,0.001392,3952.0,0.0013915,7.186489399927531
1787023728858,0.001392,176964.0,0.001393,15836952.0,0.0013925,7.181328545780365
1787023728859,0.001392,74614.0,0.001393,12625866.0,0.0013925,7.181328545780365
1787023728860,0.001392,123091.0,0.001393,12847172.0,0.0013925,7.181328545780365
1787023728861,0.001392,92799.0,0.001393,12847172.0,0.0013925,7.181328545780365
1787023728862,0.001392,92799.0,0.001393,12791670.0,0.0013925,7.181328545780365
1787023728863,0.001392,92799.0,0.001393,12777312.0,0.0013925,7.181328545780365
1787023728869,0.001392,78442.0,0.001393,12777312.0,0.0013925,7.181328545780365
1787023728877,0.001392,78442.0,0.001393,12563866.0,0.0013925,7.181328545780365
1787023728879,0.001392,78442.0,0.001393,12843743.0,0.0013925,7.181328545780365
1787023728953,0.001392,76142.0,0.001393,12843743.0,0.0013925,7.181328545780365
1787023728970,0.001392,76142.0,0.001393,12855593.0,0.0013925,7.181328545780365
1787023728971,0.001392,87992.0,0.001393,12855593.0,0.0013925,7.181328545780365
1787023729018,0.001392,87992.0,0.001393,13667336.0,0.0013925,7.181328545780365
1787023729097,0.001392,65399.0,0.001393,13667336.0,0.0013925,7.181328545780365
1787023729294,0.001392,69351.0,0.001393,13667336.0,0.0013925,7.181328545780365
1787023729370,0.001392,69351.0,0.001393,13653020.0,0.0013925,7.181328545780365
1787023729376,0.001392,905250.0,0.001393,13653020.0,0.0013925,7.181328545780365
1787023729377,0.001392,893400.0,0.001393,13653020.0,0.0013925,7.181328545780365
1787023729378,0.001392,1460701.0,0.001393,13653020.0,0.0013925,7.181328545780365
1787023729383,0.001392,1460701.0,0.001393,13373143.0,0.0013925,7.181328545780365
1787023729486,0.001392,1460701.0,0.001393,13562874.0,0.0013925,7.181328545780365
1787023729491,0.001392,1446344.0,0.001393,13562874.0,0.0013925,7.181328545780365
1787023729678,0.001392,1458194.0,0.001393,13562874.0,0.0013925,7.181328545780365
1787023729681,0.001392,1458194.0,0.001393,13880925.0,0.0013925,7.181328545780365
1787023729684,0.001392,1513453.0,0.001393,13880925.0,0.0013925,7.181328545780365
1787023729711,0.001392,71061.0,0.001393,13880925.0,0.0013925,7.181328545780365
1787023729712,0.001392,59211.0,0.001393,13950865.0,0.0013925,7.181328545780365
1787023729713,0.001391,1234566.0,0.001392,492544.0,0.0013915,7.186489399927531
1787023729714,0.001391,709441.0,0.001392,1198046.0,0.0013915,7.186489399927531
1787023729715,0.001391,853119.0,0.001392,1201998.0,0.0013915,7.186489399927531
1787023729716,0.001391,853119.0,0.001392,720913.0,0.0013915,7.186489399927531
1787023729717,0.001391,1224555.0,0.001392,626506.0,0.0013915,7.186489399927531
1787023729719,0.001391,1224555.0,0.001392,615047.0,0.0013915,7.186489399927531
1787023729736,0.001391,1224555.0,0.001392,619778.0,0.0013915,7.186489399927531
1787023729744,0.001391,1224555.0,0.001392,57160.0,0.0013915,7.186489399927531
1787023729746,0.001391,1224555.0,0.001392,130058.0,0.0013915,7.186489399927531
1787023729841,0.001391,1236413.0,0.001392,141916.0,0.0013915,7.186489399927531
1787023729978,0.001391,2029857.0,0.001392,1000476.0,0.0013915,7.186489399927531
1787023729980,0.001391,1957966.0,0.001392,927578.0,0.0013915,7.186489399927531
1787023729983,0.001391,2013225.0,0.001392,927578.0,0.0013915,7.186489399927531
1787023730035,0.001391,2007021.0,0.001392,927578.0,0.0013915,7.186489399927531
1787023730136,0.001391,2007021.0,0.001392,69018.0,0.0013915,7.186489399927531
1787023730313,0.001391,2007021.0,0.001392,72870.0,0.0013915,7.186489399927531
1787023730355,0.001391,2007021.0,0.001392,145635.0,0.0013915,7.186489399927531
1787023730356,0.001391,2007021.0,0.001392,133777.0,0.0013915,7.186489399927531
1787023730357,0.001391,2007021.0,0.001392,145635.0,0.0013915,7.186489399927531
1787023730428,0.001391,2007021.0,0.001392,916169.0,0.0013915,7.186489399927531
1787023730429,0.001391,2007021.0,0.001392,904311.0,0.0013915,7.186489399927531
1787023730430,0.001391,2007021.0,0.001392,831546.0,0.0013915,7.186489399927531
1787023730504,0.001391,2063516.0,0.001392,831546.0,0.0013915,7.186489399927531
1787023730507,0.001391,2063516.0,0.001392,843404.0,0.0013915,7.186489399927531
1787023730598,0.001391,2338045.0,0.001392,843404.0,0.0013915,7.186489399927531
1787023730599,0.001391,2394167.0,0.001392,843404.0,0.0013915,7.186489399927531
1787023730600,0.001391,2406025.0,0.001392,72870.0,0.0013915,7.186489399927531
1787023730628,0.001391,2406025.0,0.001392,76722.0,0.0013915,7.186489399927531
1787023730634,0.001391,2455837.0,0.001392,76722.0,0.0013915,7.186489399927531
1787023730671,0.001391,2385881.0,0.001392,76722.0,0.0013915,7.186489399927531
1787023730687,0.001391,1592437.0,0.001392,644023.0,0.0013915,7.186489399927531
1787023730688,0.001391,1592437.0,0.001392,632165.0,0.0013915,7.186489399927531
1787023730696,0.001391,1524457.0,0.001392,632165.0,0.0013915,7.186489399927531
1787023730757,0.001391,1524457.0,0.001392,644023.0,0.0013915,7.186489399927531
1787023730771,0.001391,1380779.0,0.001392,644023.0,0.0013915,7.186489399927531
1787023730802,0.001391,1437310.0,0.001392,644023.0,0.0013915,7.186489399927531
1787023730933,0.001391,1387498.0,0.001392,644023.0,0.0013915,7.186489399927531
1787023730935,0.001391,2250676.0,0.001392,1498425.0,0.0013915,7.186489399927531
1787023730936,0.001391,2250676.0,0.001392,1498425.0,0.0013915,7.186489399927531
1787023730999,0.001391,2194145.0,0.001392,1498425.0,0.0013915,7.186489399927531
1787023731034,0.001391,2194145.0,0.001392,1493694.0,0.0013915,7.186489399927531
1787023731099,0.001391,2137650.0,0.001392,1493694.0,0.0013915,7.186489399927531
1787023731103,0.001391,2114924.0,0.001392,1493694.0,0.0013915,7.186489399927531
1787023731193,0.001391,2110797.0,0.001392,1493694.0,0.0013915,7.186489399927531
1787023731303,0.001391,2166065.0,0.001392,1493694.0,0.0013915,7.186489399927531
1787023731330,0.001391,2166065.0,0.001392,1505465.0,0.0013915,7.186489399927531
1787023731508,0.001391,2166065.0,0.001392,1344539.0,0.0013915,7.186489399927531
1787023731509,0.001391,2166065.0,0.001392,1348491.0,0.0013915,7.186489399927531
1787023731510,0.001391,2166065.0,0.001392,494089.0,0.0013915,7.186489399927531
1787023731512,0.001391,2166065.0,0.001392,542566.0,0.0013915,7.186489399927531
1787023731519,0.001391,3282719.0,0.001392,542566.0,0.0013915,7.186489399927531
1787023731520,0.001391,3270861.0,0.001392,542566.0,0.0013915,7.186489399927531
1787023731521,0.001391,3282719.0,0.001392,542566.0,0.0013915,7.186489399927531
1787023731551,0.001391,3243909.0,0.001392,542566.0,0.0013915,7.186489399927531
1787023731558,0.001391,2380731.0,0.001392,542566.0,0.0013915,7.186489399927531
1787023731560,0.001391,2332254.0,0.001392,542566.0,0.0013915,7.186489399927531
1787023731581,0.001391,2386615.0,0.001392,542566.0,0.0013915,7.186489399927531
1787023731596,0.001391,2386615.0,0.001392,829144.0,0.0013915,7.186489399927531
1787023731600,0.001391,2441890.0,0.001392,829144.0,0.0013915,7.186489399927531
1787023731601,0.001391,2577804.0,0.001392,829144.0,0.0013915,7.186489399927531
1787023731734,0.001391,2627636.0,0.001392,829144.0,0.0013915,7.186489399927531
1787023731759,0.001391,3452473.0,0.001392,1632359.0,0.0013915,7.186489399927531
1787023731760,0.001391,3452473.0,0.001392,1632359.0,0.0013915,7.186489399927531
1787023731765,0.001391,3438095.0,0.001392,1632359.0,0.0013915,7.186489399927531
1787023731778,0.001391,3691855.0,0.001392,1632359.0,0.0013915,7.186489399927531
1787023731783,0.001391,3637494.0,0.001392,1632359.0,0.0013915,7.186489399927531
1787023731801,0.001391,3569537.0,0.001392,1632359.0,0.0013915,7.186489399927531
1787023731931,0.001391,3519705.0,0.001392,1632359.0,0.0013915,7.186489399927531
1787023731937,0.001391,3549939.0,0.001392,1632359.0,0.0013915,7.186489399927531
1787023732080,0.001392,803215.0,0.001393,16427997.0,0.0013925,7.181328545780365
1787023732081,0.001392,15146.0,0.001393,13303444.0,0.0013925,7.181328545780365
1787023732082,0.001392,1258238.0,0.001393,13235298.0,0.0013925,7.181328545780365
1787023732083,0.001392,1632262.0,0.001393,13261522.0,0.0013925,7.181328545780365
1787023732084,0.001392,1583785.0,0.001393,12328166.0,0.0013925,7.181328545780365
1787023732085,0.001392,1783785.0,0.001393,789726.0,0.0013925,7.181328545780365
1787023732086,0.001392,2003216.0,0.001394,20571422.0,0.0013930000000000001,14.357501794688071
1787023732087,0.001393,150821.0,0.001394,20571422.0,0.0013935,7.17617509867336
1787023732088,0.001393,37912.0,0.001394,19605140.0,0.0013935,7.17617509867336
1787023732089,0.001393,739072.0,0.001394,19706678.0,0.0013935,7.17617509867336
1787023732090,0.001393,1049482.0,0.001394,19706678.0,0.0013935,7.17617509867336
1787023732091,0.001393,1121270.0,0.001394,19706678.0,0.0013935,7.17617509867336
1787023732093,0.001393,1420385.0,0.001394,19706678.0,0.0013935,7.17617509867336
1787023732096,0.001393,1412749.0,0.001394,19706678.0,0.0013935,7.17617509867336
1787023732105,0.001393,1412749.0,0.001394,19749719.0,0.0013935,7.17617509867336
1787023732106,0.001393,1364272.0,0.001394,19749719.0,0.0013935,7.17617509867336
1787023732108,0.001393,1412749.0,0.001394,19749719.0,0.0013935,7.17617509867336
1787023732109,0.001393,1364272.0,0.001394,19749719.0,0.0013935,7.17617509867336
1787023732117,0.001393,1412749.0,0.001394,19648181.0,0.0013935,7.17617509867336
1787023732118,0.001393,1412749.0,0.001394,19605140.0,0.0013935,7.17617509867336
1787023732119,0.001393,1412749.0,0.001394,19754953.0,0.0013935,7.17617509867336
1787023732147,0.001393,1412749.0,0.001394,19067119.0,0.0013935,7.17617509867336
1787023732148,0.001393,2212749.0,0.001394,19067119.0,0.0013935,7.17617509867336
1787023732149,0.001393,2140961.0,0.001394,19067119.0,0.0013935,7.17617509867336
1787023732193,0.001393,2138271.0,0.001394,19067119.0,0.0013935,7.17617509867336
1787023732195,0.001393,1338271.0,0.001394,19067119.0,0.0013935,7.17617509867336
1787023732198,0.001393,1356716.0,0.001394,19067119.0,0.0013935,7.17617509867336
1787023732199,0.001393,1416265.0,0.001394,19067119.0,0.0013935,7.17617509867336
1787023732200,0.001393,1475814.0,0.001394,19067119.0,0.0013935,7.17617509867336
1787023732249,0.001393,1453005.0,0.001394,19067119.0,0.0013935,7.17617509867336
1787023732258,0.001393,1464846.0,0.001394,19078960.0,0.0013935,7.17617509867336
1787023732287,0.001393,1464846.0,0.001394,19932545.0,0.0013935,7.17617509867336
1787023732288,0.001393,2278016.0,0.001394,19932545.0,0.0013935,7.17617509867336
1787023732290,0.001393,2206228.0,0.001394,19932545.0,0.0013935,7.17617509867336
1787023732293,0.001393,2206228.0,0.001394,19701076.0,0.0013935,7.17617509867336
1787023732295,0.001393,2187783.0,0.001394,19701076.0,0.0013935,7.17617509867336
1787023732296,0.001393,3609347.0,0.001394,19701076.0,0.0013935,7.17617509867336
1787023732297,0.001393,3597506.0,0.001394,18847491.0,0.0013935,7.17617509867336
1787023732299,0.001393,3656791.0,0.001394,18847491.0,0.0013935,7.17617509867336
1787023732350,0.001393,3656791.0,0.001394,18843538.0,0.0013935,7.17617509867336
1787023732370,0.001393,3668632.0,0.001394,18843538.0,0.0013935,7.17617509867336
1787023732372,0.001393,3672582.0,0.001394,18843538.0,0.0013935,7.17617509867336
1787023732382,0.001393,3731441.0,0.001394,18843538.0,0.0013935,7.17617509867336
1787023732395,0.001393,3748718.0,0.001394,18843538.0,0.0013935,7.17617509867336
1787023732399,0.001393,3689433.0,0.001394,18843538.0,0.0013935,7.17617509867336
1787023732498,0.001393,3747835.0,0.001394,18843538.0,0.0013935,7.17617509867336
1787023732500,0.001393,3747835.0,0.001394,19581143.0,0.0013935,7.17617509867336
1787023732508,0.001393,3747835.0,0.001394,19529402.0,0.0013935,7.17617509867336
1787023732553,0.001393,3751784.0,0.001394,19529402.0,0.0013935,7.17617509867336
1787023732592,0.001393,3700845.0,0.001394,19529402.0,0.0013935,7.17617509867336
1787023732593,0.001393,152229.0,0.001394,19529402.0,0.0013935,7.17617509867336
1787023732594,0.001393,152229.0,0.001394,19679579.0,0.0013935,7.17617509867336
1787023732595,0.001392,1981018.0,0.001394,19529402.0,0.0013930000000000001,14.357501794688071
1787023732596,0.001392,1981018.0,0.001393,460966.0,0.0013925,7.181328545780365
1787023732597,0.001392,1864187.0,0.001393,190789.0,0.0013925,7.181328545780365
1787023732598,0.001392,2026593.0,0.001393,15398.0,0.0013925,7.181328545780365
1787023732599,0.001392,2075070.0,0.001393,3949.0,0.0013925,7.181328545780365
1787023732600,0.001392,2191616.0,0.001393,3949.0,0.0013925,7.181328545780365
1787023732630,0.001392,2280811.0,0.001393,3949.0,0.0013925,7.181328545780365
1787023732633,0.001392,2336214.0,0.001393,3949.0,0.0013925,7.181328545780365
1787023732652,0.001392,2336214.0,0.001393,322000.0,0.0013925,7.181328545780365
1787023732689,0.001392,2336214.0,0.001393,370477.0,0.0013925,7.181328545780365
1787023732698,0.001392,2355644.0,0.001393,370477.0,0.0013925,7.181328545780365
1787023732699,0.001392,2571323.0,0.001393,382327.0,0.0013925,7.181328545780365
1787023732704,0.001392,2571323.0,0.001393,333850.0,0.0013925,7.181328545780365
1787023732798,0.001392,3361320.0,0.001393,333850.0,0.0013925,7.181328545780365
1787023732883,0.001392,3420179.0,0.001393,333850.0,0.0013925,7.181328545780365
1787023732999,0.001392,3492488.0,0.001393,333850.0,0.0013925,7.181328545780365
1787023733096,0.001392,3420179.0,0.001393,333850.0,0.0013925,7.181328545780365
1787023733097,0.001392,3459757.0,0.001393,333850.0,0.0013925,7.181328545780365
1787023733098,0.001392,3642961.0,0.001393,333850.0,0.0013925,7.181328545780365
1787023733099,0.001392,3525477.0,0.001393,333850.0,0.0013925,7.181328545780365
1787023733119,0.001392,3525477.0,0.001394,20083461.0,0.0013930000000000001,14.357501794688071
1787023733120,0.001392,3525477.0,0.001393,3949.0,0.0013925,7.181328545780365
1787023733122,0.001392,3579857.0,0.001393,3949.0,0.0013925,7.181328545780365
1787023733123,0.001393,290908.0,0.001394,19457657.0,0.0013935,7.17617509867336
1787023733124,0.001393,1474246.0,0.001394,19408823.0,0.0013935,7.17617509867336
1787023733125,0.001393,1459236.0,0.001394,18647154.0,0.0013935,7.17617509867336
1787023733126,0.001393,1606503.0,0.001394,18647154.0,0.0013935,7.17617509867336
1787023733127,0.001393,1654980.0,0.001394,18647154.0,0.0013935,7.17617509867336
1787023733140,0.001393,1654980.0,0.001394,18718889.0,0.0013935,7.17617509867336
1787023733141,0.001393,1654980.0,0.001394,18733236.0,0.0013935,7.17617509867336
1787023733183,0.001393,1632105.0,0.001394,18733236.0,0.0013935,7.17617509867336
1787023733189,0.001393,1632105.0,0.001394,18442485.0,0.0013935,7.17617509867336
1787023733190,0.001393,1632105.0,0.001394,18058622.0,0.0013935,7.17617509867336
1787023733191,0.001393,1632105.0,0.001394,18039553.0,0.0013935,7.17617509867336
1787023733195,0.001393,1632105.0,0.001394,18020484.0,0.0013935,7.17617509867336
1787023733199,0.001393,1691298.0,0.001394,18020484.0,0.0013935,7.17617509867336
1787023733200,0.001393,1750491.0,0.001394,18020484.0,0.0013935,7.17617509867336
1787023733205,0.001393,1750491.0,0.001394,17847770.0,0.0013935,7.17617509867336
1787023733206,0.001393,1750491.0,0.001394,17833423.0,0.0013935,7.17617509867336
1787023733207,0.001393,1709544.0,0.001394,17833423.0,0.0013935,7.17617509867336
1787023733222,0.001393,2366857.0,0.001394,17833423.0,0.0013935,7.17617509867336
1787023733262,0.001393,2366857.0,0.001394,17616002.0,0.0013935,7.17617509867336
1787023733264,0.001393,2366857.0,0.001394,17210334.0,0.0013935,7.17617509867336
1787023733281,0.001393,2426025.0,0.001394,17210334.0,0.0013935,7.17617509867336
1787023733300,0.001393,2485365.0,0.001394,17210334.0,0.0013935,7.17617509867336
1787023733309,0.001393,2479367.0,0.001394,17210334.0,0.0013935,7.17617509867336
1787023733327,0.001393,3273593.0,0.001394,17965500.0,0.0013935,7.17617509867336
1787023733330,0.001393,3273593.0,0.001394,16448320.0,0.0013935,7.17617509867336
1787023733331,0.001393,3273593.0,0.001394,16086713.0,0.0013935,7.17617509867336
1787023733333,0.001393,3273593.0,0.001394,16062059.0,0.0013935,7.17617509867336
1787023733334,0.001393,3273593.0,0.001394,15657812.0,0.0013935,7.17617509867336
1787023733353,0.001393,3273593.0,0.001394,15653859.0,0.0013935,7.17617509867336
1787023733381,0.001393,3274191.0,0.001394,15653859.0,0.0013935,7.17617509867336
1787023733401,0.001393,3214998.0,0.001394,15653859.0,0.0013935,7.17617509867336
1787023733431,0.001393,3271264.0,0.001394,15653859.0,0.0013935,7.17617509867336
1787023733433,0.001393,3283105.0,0.001394,15653859.0,0.0013935,7.17617509867336
1787023733535,0.001393,3283105.0,0.001394,15553859.0,0.0013935,7.17617509867336
1787023733562,0.001393,3283105.0,0.001394,15565700.0,0.0013935,7.17617509867336
1787023733598,0.001393,3569006.0,0.001394,15565700.0,0.0013935,7.17617509867336
1787023733599,0.001393,3714282.0,0.001394,15565700.0,0.0013935,7.17617509867336
1787023733680,0.001393,3714282.0,0.001394,15675715.0,0.0013935,7.17617509867336
1787023733745,0.001393,3091556.0,0.001394,15675715.0,0.0013935,7.17617509867336
1787023733748,0.001393,3091556.0,0.001394,16542858.0,0.0013935,7.17617509867336
1787023733799,0.001393,2946280.0,0.001394,16542858.0,0.0013935,7.17617509867336
1787023733801,0.001393,3006036.0,0.001394,16542858.0,0.0013935,7.17617509867336
1787023733921,0.001393,3102011.0,0.001394,16542858.0,0.0013935,7.17617509867336
1787023733931,0.001393,3045745.0,0.001394,16542858.0,0.0013935,7.17617509867336
1787023734065,0.001393,2826314.0,0.001394,16542858.0,0.0013935,7.17617509867336
1787023734067,0.001392,2218941.0,0.001393,11451.0,0.0013925,7.181328545780365
1787023734068,0.001392,1808646.0,0.001393,1274835.0,0.0013925,7.181328545780365
1787023734069,0.001392,1938571.0,0.001393,1957837.0,0.0013925,7.181328545780365
1787023734070,0.001392,1938571.0,0.001393,1778497.0,0.0013925,7.181328545780365
1787023734071,0.001392,1371270.0,0.001393,1822770.0,0.0013925,7.181328545780365
1787023734072,0.001392,1443109.0,0.001393,1822770.0,0.0013925,7.181328545780365
1787023734074,0.001392,843109.0,0.001393,2352269.0,0.0013925,7.181328545780365
1787023734076,0.001392,986787.0,0.001393,2400746.0,0.0013925,7.181328545780365
1787023734080,0.001392,986787.0,0.001393,1885605.0,0.0013925,7.181328545780365
1787023734081,0.001392,986787.0,0.001393,1666174.0,0.0013925,7.181328545780365
1787023734082,0.001392,1677291.0,0.001393,1680532.0,0.0013925,7.181328545780365
1787023734098,0.001392,1494087.0,0.001393,1680532.0,0.0013925,7.181328545780365
1787023734100,0.001392,1310883.0,0.001393,1680532.0,0.0013925,7.181328545780365
1787023734102,0.001392,1370363.0,0.001393,1680532.0,0.0013925,7.181328545780365
1787023734156,0.001392,1370363.0,0.001393,1400710.0,0.0013925,7.181328545780365
1787023734158,0.001392,1370363.0,0.001393,896218.0,0.0013925,7.181328545780365
1787023734171,0.001392,1226788.0,0.001393,896218.0,0.0013925,7.181328545780365
1787023734175,0.001392,1203836.0,0.001393,896218.0,0.0013925,7.181328545780365
1787023734178,0.001392,1215686.0,0.001393,908068.0,0.0013925,7.181328545780365
1787023734270,0.001392,1215686.0,0.001393,1769970.0,0.0013925,7.181328545780365
1787023734284,0.001392,1335112.0,0.001393,1769970.0,0.0013925,7.181328545780365
1787023734324,0.001392,2211142.0,0.001393,1769970.0,0.0013925,7.181328545780365
1787023734326,0.001392,2139303.0,0.001393,1769970.0,0.0013925,7.181328545780365
1787023734327,0.001392,1995625.0,0.001393,1769970.0,0.0013925,7.181328545780365
1787023734347,0.001392,1991675.0,0.001393,1769970.0,0.0013925,7.181328545780365
1787023734372,0.001392,1991675.0,0.001393,1734025.0,0.0013925,7.181328545780365
1787023734374,0.001392,2591675.0,0.001393,1734025.0,0.0013925,7.181328545780365
1787023734375,0.001392,1979825.0,0.001393,1734025.0,0.0013925,7.181328545780365
1787023734376,0.001392,1991675.0,0.001393,1734025.0,0.0013925,7.181328545780365
1787023734380,0.001392,1931962.0,0.001393,1734025.0,0.0013925,7.181328545780365
1787023734400,0.001392,2004648.0,0.001393,1734025.0,0.0013925,7.181328545780365
1787023734500,0.001392,2064356.0,0.001393,1734025.0,0.0013925,7.181328545780365
1787023734538,0.001392,2068308.0,0.001393,1734025.0,0.0013925,7.181328545780365
1787023734579,0.001392,2063496.0,0.001393,1734025.0,0.0013925,7.181328545780365
1787023734595,0.001392,2044066.0,0.001393,1734025.0,0.0013925,7.181328545780365
1787023734596,0.001392,2155528.0,0.001393,1734025.0,0.0013925,7.181328545780365
1787023734629,0.001392,2155528.0,0.001393,1699906.0,0.0013925,7.181328545780365
1787023734630,0.001392,2155528.0,0.001393,1699906.0,0.0013925,7.181328545780365
1787023734688,0.001392,2155528.0,0.001393,1714264.0,0.0013925,7.181328545780365
1787023734732,0.001392,2211346.0,0.001393,1714264.0,0.0013925,7.181328545780365
1787023734841,0.001387,1146775.0,0.001388,994276.0,0.0013874999999999998,7.2072072072066025
1787023734842,0.001388,286838.0,0.001389,3725664.0,0.0013885,7.202016564639054
1787023734843,0.001388,21120.0,0.001389,2463723.0,0.0013885,7.202016564639054
1787023734844,0.001387,72098.0,0.001388,10807.0,0.0013874999999999998,7.2072072072066025
1787023734845,0.001387,516325.0,0.001388,21614.0,0.0013874999999999998,7.2072072072066025
1787023734846,0.001387,296462.0,0.001388,1078715.0,0.0013874999999999998,7.2072072072066025
1787023734847,0.001387,830836.0,0.001388,1115568.0,0.0013874999999999998,7.2072072072066025
1787023734848,0.001387,830836.0,0.001388,1281873.0,0.0013874999999999998,7.2072072072066025
1787023734849,0.001387,511115.0,0.001388,1137068.0,0.0013874999999999998,7.2072072072066025
1787023734850,0.001375,15203511.0,0.001388,813210.0,0.0013815,94.10061527325365
1787023734851,0.001383,211096.0,0.001384,22613.0,0.0013835,7.228044813878806
1787023734852,0.001383,173810.0,0.001384,644905.0,0.0013835,7.228044813878806
1787023734853,0.001378,106723.0,0.001383,432877.0,0.0013805,36.21876131836144
1787023734854,0.001381,358357.0,0.001382,91779.0,0.0013815,7.238508867172754
1787023734855,0.001381,2004.0,0.001382,219431.0,0.0013815,7.238508867172754
1787023734856,0.001376,3947.0,0.001382,59849.0,0.001379,43.50978970268259
1787023734857,0.001377,672642.0,0.001382,800910.0,0.0013795,36.245016310257434
1787023734858,0.001381,201086.0,0.001382,1441378.0,0.0013815,7.238508867172754
1787023734859,0.001381,55448.0,0.001382,970058.0,0.0013815,7.238508867172754
1787023734860,0.00138,3947.0,0.001381,15375.0,0.0013805,7.243752263673544
1787023734861,0.001379,7573.0,0.001381,260000.0,0.0013800000000000002,14.492753623188758
1787023734862,0.001379,3626.0,0.00138,413081.0,0.0013795,7.2490032620508575
1787023734863,0.001379,35898.0,0.001381,904817.0,0.0013800000000000002,14.492753623188758
1787023734864,0.001379,255329.0,0.001381,610978.0,0.0013800000000000002,14.492753623188758
1787023734865,0.001379,255329.0,0.001381,434079.0,0.0013800000000000002,14.492753623188758
1787023734866,0.00138,69946.0,0.001381,251257.0,0.0013805,7.243752263673544
1787023734867,0.00138,69946.0,0.001381,270197.0,0.0013805,7.243752263673544
1787023734868,0.00138,69946.0,0.001381,253329.0,0.0013805,7.243752263673544
1787023734869,0.00138,869946.0,0.001381,571027.0,0.0013805,7.243752263673544
1787023734870,0.00138,869946.0,0.001381,619532.0,0.0013805,7.243752263673544
1787023734871,0.00138,69946.0,0.001381,625561.0,0.0013805,7.243752263673544
1787023734873,0.00138,69946.0,0.001381,365561.0,0.0013805,7.243752263673544
1787023734875,0.00138,601247.0,0.001381,365561.0,0.0013805,7.243752263673544
1787023734876,0.001379,474528.0,0.001382,1403390.0,0.0013805,21.73125679101749
1787023734877,0.00138,875303.0,0.001382,1327084.0,0.0013809999999999998,14.482259232440615
1787023734878,0.00138,2253252.0,0.001381,48477.0,0.0013805,7.243752263673544
1787023734880,0.00138,2253252.0,0.001381,34537.0,0.0013805,7.243752263673544
1787023734881,0.00138,1453252.0,0.001381,34537.0,0.0013805,7.243752263673544
1787023734884,0.00138,1429247.0,0.001381,34537.0,0.0013805,7.243752263673544
1787023734886,0.00138,1429247.0,0.001381,2572608.0,0.0013805,7.243752263673544
1787023734888,0.00138,1377949.0,0.001381,2572608.0,0.0013805,7.243752263673544
1787023734892,0.001379,92622.0,0.001381,2572608.0,0.0013800000000000002,14.492753623188758
1787023734893,0.001379,92622.0,0.00138,219431.0,0.0013795,7.2490032620508575
1787023734894,0.001379,61965.0,0.00138,219431.0,0.0013795,7.2490032620508575
1787023734895,0.001379,171252.0,0.00138,304940.0,0.0013795,7.2490032620508575
1787023734896,0.001379,219729.0,0.00138,304940.0,0.0013795,7.2490032620508575
1787023734897,0.001379,1571584.0,0.00138,304940.0,0.0013795,7.2490032620508575
1787023734898,0.001379,1171584.0,0.00138,71569.0,0.0013795,7.2490032620508575
1787023734899,0.001379,1192345.0,0.00138,411439.0,0.0013795,7.2490032620508575
1787023734900,0.001379,1360915.0,0.00138,26724.0,0.0013795,7.2490032620508575
1787023734901,0.00138,10870.0,0.001381,2738270.0,0.0013805,7.243752263673544
1787023734902,0.00138,500249.0,0.001381,2589736.0,0.0013805,7.243752263673544
1787023734903,0.00138,548726.0,0.001381,2589736.0,0.0013805,7.243752263673544
1787023734904,0.00138,548726.0,0.001381,2563012.0,0.0013805,7.243752263673544
1787023734905,0.00138,472428.0,0.001381,2533652.0,0.0013805,7.243752263673544
1787023734908,0.00138,472428.0,0.001381,2495077.0,0.0013805,7.243752263673544
1787023734909,0.00138,497798.0,0.001381,2497544.0,0.0013805,7.243752263673544
1787023734910,0.00138,577360.0,0.001381,2497544.0,0.0013805,7.243752263673544
1787023734912,0.00138,653562.0,0.001381,2352624.0,0.0013805,7.243752263673544
1787023734913,0.00138,935413.0,0.001382,903761.0,0.0013809999999999998,14.482259232440615
1787023734914,0.001381,632512.0,0.001382,478873.0,0.0013815,7.238508867172754
1787023734915,0.001381,701813.0,0.001382,234082.0,0.0013815,7.238508867172754
1787023734917,0.001381,701813.0,0.001382,290078.0,0.0013815,7.238508867172754
1787023734920,0.001381,263981.0,0.001382,290078.0,0.0013815,7.238508867172754
1787023734921,0.001381,117778.0,0.001382,1261032.0,0.0013815,7.238508867172754
1787023734922,0.001381,130971.0,0.001382,1309509.0,0.0013815,7.238508867172754
1787023734926,0.001381,82494.0,0.001382,1309509.0,0.0013815,7.238508867172754
1787023734927,0.00138,1263061.0,0.001381,17818.0,0.0013805,7.243752263673544
1787023734928,0.00138,508206.0,0.001381,17818.0,0.0013805,7.243752263673544
1787023734929,0.00138,508206.0,0.001381,66295.0,0.0013805,7.243752263673544
1787023734930,0.00138,508206.0,0.001381,139760.0,0.0013805,7.243752263673544
1787023734932,0.00138,508206.0,0.001381,409334.0,0.0013805,7.243752263673544
1787023734933,0.00138,580775.0,0.001381,409334.0,0.0013805,7.243752263673544
1787023734936,0.001379,808770.0,0.001381,409334.0,0.0013800000000000002,14.492753623188758
1787023734937,0.001379,808770.0,0.00138,339870.0,0.0013795,7.2490032620508575
1787023734938,0.00138,285944.0,0.001381,611304.0,0.0013805,7.243752263673544
1787023734939,0.00138,296814.0,0.001381,615251.0,0.0013805,7.243752263673544
1787023734940,0.00138,710447.0,0.001381,943417.0,0.0013805,7.243752263673544
1787023734941,0.00138,710447.0,0.001381,845217.0,0.0013805,7.243752263673544
1787023734942,0.00138,710447.0,0.001381,659424.0,0.0013805,7.243752263673544
1787023734943,0.00138,710447.0,0.001381,688388.0,0.0013805,7.243752263673544
1787023734944,0.00138,636684.0,0.001381,702870.0,0.0013805,7.243752263673544
1787023734945,0.00138,636684.0,0.001381,717352.0,0.0013805,7.243752263673544
1787023734946,0.00138,1047267.0,0.001381,731834.0,0.0013805,7.243752263673544
1787023734947,0.00138,1047267.0,0.001381,702870.0,0.0013805,7.243752263673544
1787023734948,0.00138,1047267.0,0.001381,659424.0,0.0013805,7.243752263673544
1787023734949,0.00138,1047267.0,0.001381,585959.0,0.0013805,7.243752263673544
1787023734951,0.00138,1047267.0,0.001381,996542.0,0.0013805,7.243752263673544
1787023734952,0.00138,1047267.0,0.001381,982065.0,0.0013805,7.243752263673544
1787023734953,0.00138,1047267.0,0.001381,989259.0,0.0013805,7.243752263673544
1787023734954,0.00138,1047267.0,0.001381,927044.0,0.0013805,7.243752263673544
1787023734956,0.00138,1047267.0,0.001381,516461.0,0.0013805,7.243752263673544
1787023734958,0.00138,1040037.0,0.001381,516461.0,0.0013805,7.243752263673544
1787023734962,0.001379,1067205.0,0.001381,454440.0,0.0013800000000000002,14.492753623188758
1787023734963,0.00138,137693.0,0.001381,1138225.0,0.0013805,7.243752263673544
1787023734964,0.00138,137693.0,0.001381,1156709.0,0.0013805,7.243752263673544
1787023734965,0.00138,210973.0,0.001381,1156709.0,0.0013805,7.243752263673544
1787023734967,0.00138,210973.0,0.001381,1237305.0,0.0013805,7.243752263673544
1787023734970,0.00138,210973.0,0.001381,1017874.0,0.0013805,7.243752263673544
1787023734971,0.00138,430404.0,0.001381,1017874.0,0.0013805,7.243752263673544
1787023734973,0.00138,746910.0,0.001381,1017874.0,0.0013805,7.243752263673544
1787023734974,0.00138,746910.0,0.001381,304549.0,0.0013805,7.243752263673544
1787023734975,0.001381,10862.0,0.001382,2572501.0,0.0013815,7.238508867172754
1787023734976,0.001381,234750.0,0.001382,1302145.0,0.0013815,7.238508867172754
1787023734977,0.001381,223888.0,0.001382,1280437.0,0.0013815,7.238508867172754
1787023734978,0.001381,223888.0,0.001382,1561987.0,0.0013815,7.238508867172754
1787023734979,0.001381,223888.0,0.001382,1583695.0,0.0013815,7.238508867172754
1787023734980,0.001381,148555.0,0.001382,1561987.0,0.0013815,7.238508867172754
1787023734982,0.001381,362997.0,0.001382,1561987.0,0.0013815,7.238508867172754
1787023734983,0.00138,1719475.0,0.001381,26822.0,0.0013805,7.243752263673544
1787023734984,0.00138,1543806.0,0.001381,94875.0,0.0013805,7.243752263673544
1787023734985,0.00138,1398878.0,0.001381,94875.0,0.0013805,7.243752263673544
1787023734986,0.00138,1388025.0,0.001381,68053.0,0.0013805,7.243752263673544
1787023734992,0.001381,1675410.0,0.001382,2919150.0,0.0013815,7.238508867172754
1787023734993,0.001381,1671785.0,0.001382,2231014.0,0.0013815,7.238508867172754
1787023734994,0.001381,1671785.0,0.001383,5814392.0,0.001382,14.471780028942343
1787023734995,0.001381,1762353.0,0.001383,5814392.0,0.001382,14.471780028942343
1787023734996,0.001382,87061.0,0.001383,5659459.0,0.0013825,7.233273056057258
1787023734997,0.001382,87061.0,0.001383,4924563.0,0.0013825,7.233273056057258
1787023734998,0.001382,87061.0,0.001383,4902843.0,0.0013825,7.233273056057258
1787023734999,0.001382,69055.0,0.001383,4902843.0,0.0013825,7.233273056057258
1787023735005,0.001382,69055.0,0.001383,4689397.0,0.0013825,7.233273056057258
1787023735007,0.001382,69055.0,0.001383,4675923.0,0.0013825,7.233273056057258
1787023735027,0.001382,69055.0,0.001383,4497503.0,0.0013825,7.233273056057258
1787023735028,0.001382,69055.0,0.001383,4643837.0,0.0013825,7.233273056057258
1787023735033,0.001382,69055.0,0.001383,4409977.0,0.0013825,7.233273056057258
1787023735043,0.001382,69055.0,0.001383,3672345.0,0.0013825,7.233273056057258
1787023735044,0.001382,979697.0,0.001383,3672345.0,0.0013825,7.233273056057258
1787023735045,0.001382,979697.0,0.001384,2671627.0,0.0013830000000000001,14.46131597975451
1787023735046,0.001383,75332.0,0.001384,1634022.0,0.0013835,7.228044813878806
1787023735047,0.001382,771948.0,0.001384,915172.0,0.0013830000000000001,14.46131597975451
1787023735048,0.001383,18252.0,0.001384,310594.0,0.0013835,7.228044813878806
1787023735049,0.001383,18252.0,0.001384,680785.0,0.0013835,7.228044813878806
1787023735050,0.001383,18252.0,0.001384,729262.0,0.0013835,7.228044813878806
1787023735051,0.001383,90995.0,0.001384,729262.0,0.0013835,7.228044813878806
1787023735053,0.001383,90995.0,0.001384,720416.0,0.0013835,7.228044813878806
1787023735060,0.001381,1931195.0,0.001382,2249249.0,0.0013815,7.238508867172754
1787023735061,0.001381,1837653.0,0.001383,436585.0,0.001382,14.471780028942343
1787023735062,0.001381,1823153.0,0.001383,328008.0,0.001382,14.471780028942343
1787023735063,0.001382,675634.0,0.001383,219431.0,0.0013825,7.233273056057258
1787023735064,0.001382,147993.0,0.001383,271571.0,0.0013825,7.233273056057258
1787023735065,0.001382,147993.0,0.001383,132541.0,0.0013825,7.233273056057258
1787023735066,0.001382,147993.0,0.001384,1812743.0,0.0013830000000000001,14.46131597975451
1787023735067,0.001382,147993.0,0.001384,1917603.0,0.0013830000000000001,14.46131597975451
1787023735068,0.001383,10846.0,0.001384,1773095.0,0.0013835,7.228044813878806
1787023735069,0.001382,161203.0,0.001383,487501.0,0.0013825,7.233273056057258
1787023735070,0.001382,305921.0,0.001383,975002.0,0.0013825,7.233273056057258
1787023735071,0.001382,305921.0,0.001384,1839809.0,0.0013830000000000001,14.46131597975451
1787023735072,0.001382,161203.0,0.001384,1622811.0,0.0013830000000000001,14.46131597975451
1787023735073,0.001383,70411.0,0.001384,1622811.0,0.0013835,7.228044813878806
1787023735074,0.001382,88844.0,0.001383,370517.0,0.0013825,7.233273056057258
1787023735075,0.001382,233562.0,0.001383,424083.0,0.0013825,7.233273056057258
1787023735076,0.001382,233562.0,0.001383,53566.0,0.0013825,7.233273056057258
1787023735077,0.001382,88844.0,0.001383,26783.0,0.0013825,7.233273056057258
1787023735079,0.001382,88844.0,0.001383,246214.0,0.0013825,7.233273056057258
1787023735080,0.001382,237864.0,0.001383,294691.0,0.0013825,7.233273056057258
1787023735081,0.001382,312374.0,0.001383,342978.0,0.0013825,7.233273056057258
1787023735082,0.001382,384733.0,0.001383,294501.0,0.0013825,7.233273056057258
1787023735091,0.001382,380746.0,0.001383,294501.0,0.0013825,7.233273056057258
1787023735093,0.001382,380746.0,0.001383,342978.0,0.0013825,7.233273056057258
1787023735100,0.001382,432487.0,0.001383,342978.0,0.0013825,7.233273056057258
1787023735101,0.001382,629605.0,0.001383,342978.0,0.0013825,7.233273056057258
1787023735102,0.001382,629605.0,0.001383,123547.0,0.0013825,7.233273056057258
1787023735103,0.001382,629605.0,0.001383,75070.0,0.0013825,7.233273056057258
1787023735104,0.001382,629605.0,0.001383,48287.0,0.0013825,7.233273056057258
1787023735105,0.001382,629605.0,0.001384,945363.0,0.0013830000000000001,14.46131597975451
1787023735106,0.001383,10846.0,0.001384,873109.0,0.0013835,7.228044813878806
1787023735107,0.001383,84779.0,0.001384,586063.0,0.0013835,7.228044813878806
1787023735109,0.001383,84779.0,0.001384,417191.0,0.0013835,7.228044813878806
1787023735114,0.001383,84779.0,0.001384,317191.0,0.0013835,7.228044813878806
1787023735115,0.001383,304210.0,0.001384,317191.0,0.0013835,7.228044813878806
1787023735128,0.001383,304210.0,0.001384,465478.0,0.0013835,7.228044813878806
1787023735134,0.001383,304210.0,0.001384,365478.0,0.0013835,7.228044813878806
1787023735142,0.001383,304210.0,0.001384,369166.0,0.0013835,7.228044813878806
1787023735147,0.001383,230277.0,0.001384,369166.0,0.0013835,7.228044813878806
1787023735148,0.001383,302747.0,0.001384,369166.0,0.0013835,7.228044813878806
1787023735155,0.001383,199775.0,0.001384,369166.0,0.0013835,7.228044813878806
1787023735156,0.001383,274541.0,0.001384,369166.0,0.0013835,7.228044813878806
1787023735157,0.001383,274541.0,0.001384,376520.0,0.0013835,7.228044813878806
1787023735168,0.001383,199775.0,0.001384,376520.0,0.0013835,7.228044813878806
1787023735176,0.001383,199775.0,0.001384,184452.0,0.0013835,7.228044813878806
1787023735177,0.001383,251713.0,0.001384,196379.0,0.0013835,7.228044813878806
1787023735178,0.001383,325943.0,0.001384,196379.0,0.0013835,7.228044813878806
1787023735179,0.001383,325943.0,0.001385,2793468.0,0.0013839999999999998,14.450867052023474
1787023735180,0.001384,21676.0,0.001385,2793468.0,0.0013844999999999999,7.222824124231968
1787023735181,0.001384,304130.0,0.001385,959629.0,0.0013844999999999999,7.222824124231968
1787023735182,0.001384,304130.0,0.001385,937966.0,0.0013844999999999999,7.222824124231968
1787023735183,0.001384,244187.0,0.001385,945187.0,0.0013844999999999999,7.222824124231968
1787023735184,0.001384,285941.0,0.001385,945187.0,0.0013844999999999999,7.222824124231968
1787023735185,0.001384,285941.0,0.001385,937966.0,0.0013844999999999999,7.222824124231968
1787023735186,0.001384,285941.0,0.001385,838464.0,0.0013844999999999999,7.222824124231968
1787023735187,0.001384,285941.0,0.001385,731741.0,0.0013844999999999999,7.222824124231968
1787023735188,0.001384,285941.0,0.001385,724520.0,0.0013844999999999999,7.222824124231968
1787023735189,0.001384,285941.0,0.001385,651132.0,0.0013844999999999999,7.222824124231968
1787023735190,0.001384,277435.0,0.001385,651132.0,0.0013844999999999999,7.222824124231968
1787023735198,0.001384,384183.0,0.001385,651132.0,0.0013844999999999999,7.222824124231968
1787023735200,0.001383,68927.0,0.001384,266415.0,0.0013835,7.228044813878806
1787023735201,0.001383,275957.0,0.001384,266415.0,0.0013835,7.228044813878806
1787023735202,0.001383,438427.0,0.001384,192935.0,0.0013835,7.228044813878806
1787023735203,0.001383,451638.0,0.001384,192935.0,0.0013835,7.228044813878806
1787023735204,0.001383,465556.0,0.001384,207097.0,0.0013835,7.228044813878806
1787023735205,0.001383,537863.0,0.001384,207097.0,0.0013835,7.228044813878806
1787023735206,0.001383,512298.0,0.001384,207097.0,0.0013835,7.228044813878806
1787023735208,0.001383,278438.0,0.001384,207097.0,0.0013835,7.228044813878806
1787023735210,0.001383,133824.0,0.001384,207097.0,0.0013835,7.228044813878806
1787023735211,0.001383,208658.0,0.001384,207097.0,0.0013835,7.228044813878806
1787023735212,0.001383,208658.0,0.001384,255574.0,0.0013835,7.228044813878806
1787023735213,0.001383,208658.0,0.001384,207097.0,0.0013835,7.228044813878806
1787023735214,0.001383,208658.0,0.001384,228810.0,0.0013835,7.228044813878806
1787023735222,0.001383,133824.0,0.001384,228810.0,0.0013835,7.228044813878806
1787023735226,0.001383,56146.0,0.001384,277097.0,0.0013835,7.228044813878806
1787023735232,0.001383,56146.0,0.001384,496528.0,0.0013835,7.228044813878806
1787023735233,0.001383,56146.0,0.001384,569657.0,0.0013835,7.228044813878806
1787023735234,0.001383,129544.0,0.001384,569657.0,0.0013835,7.228044813878806
1787023735243,0.001383,129544.0,0.001384,577015.0,0.0013835,7.228044813878806
1787023735247,0.001383,942083.0,0.001384,1463985.0,0.0013835,7.228044813878806
1787023735248,0.001383,942083.0,0.001384,455599.0,0.0013835,7.228044813878806
1787023735249,0.001383,942083.0,0.001384,236168.0,0.0013835,7.228044813878806
1787023735280,0.001383,942083.0,0.001384,284455.0,0.0013835,7.228044813878806
1787023735292,0.001383,942083.0,0.001384,236168.0,0.0013835,7.228044813878806
1787023735300,0.001383,1046704.0,0.001384,236168.0,0.0013835,7.228044813878806
1787023735301,0.001383,1298419.0,0.001384,236168.0,0.0013835,7.228044813878806
1787023735303,0.001383,1376693.0,0.001384,236168.0,0.0013835,7.228044813878806
1787023735318,0.001383,1388620.0,0.001384,248095.0,0.0013835,7.228044813878806
1787023735343,0.001383,1388620.0,0.001384,252074.0,0.0013835,7.228044813878806
1787023735347,0.001383,1388620.0,0.001384,248095.0,0.0013835,7.228044813878806
1787023735351,0.001383,1388620.0,0.001384,248095.0,0.0013835,7.228044813878806
1787023735355,0.001383,1388620.0,0.001384,252074.0,0.0013835,7.228044813878806
1787023735356,0.001383,1388620.0,0.001384,248095.0,0.0013835,7.228044813878806
1787023735362,0.001383,1388620.0,0.001384,240737.0,0.0013835,7.228044813878806
1787023735365,0.001383,1392599.0,0.001384,240737.0,0.0013835,7.228044813878806
1787023735366,0.001383,1388620.0,0.001384,240737.0,0.0013835,7.228044813878806
1787023735367,0.001383,1381262.0,0.001384,192260.0,0.0013835,7.228044813878806
1787023735370,0.001383,1385209.0,0.001384,240737.0,0.0013835,7.228044813878806
1787023735371,0.001383,1385209.0,0.001384,192260.0,0.0013835,7.228044813878806
1787023735374,0.001383,1385209.0,0.001384,240737.0,0.0013835,7.228044813878806
1787023735381,0.001383,1385209.0,0.001384,192260.0,0.0013835,7.228044813878806
1787023735382,0.001383,1385209.0,0.001384,180333.0,0.0013835,7.228044813878806
1787023735391,0.001383,1391360.0,0.001384,180333.0,0.0013835,7.228044813878806
1787023735392,0.001384,10838.0,0.001385,2862284.0,0.0013844999999999999,7.222824124231968
1787023735393,0.001384,10838.0,0.001385,2367789.0,0.0013844999999999999,7.222824124231968
1787023735394,0.001384,1102689.0,0.001385,471919.0,0.0013844999999999999,7.222824124231968
1787023735395,0.001384,1102689.0,0.001385,912472.0,0.0013844999999999999,7.222824124231968
1787023735396,0.001384,1106636.0,0.001385,912472.0,0.0013844999999999999,7.222824124231968
1787023735400,0.001384,1120837.0,0.001385,912472.0,0.0013844999999999999,7.222824124231968
1787023735414,0.001384,1126988.0,0.001385,912472.0,0.0013844999999999999,7.222824124231968
1787023735415,0.001384,1126988.0,0.001385,898037.0,0.0013844999999999999,7.222824124231968
1787023735426,0.001384,1112273.0,0.001385,898037.0,0.0013844999999999999,7.222824124231968
1787023735452,0.001384,1924228.0,0.001385,898037.0,0.0013844999999999999,7.222824124231968
1787023735459,0.001384,1924228.0,0.001385,882115.0,0.0013844999999999999,7.222824124231968
1787023735479,0.001384,1928202.0,0.001385,882115.0,0.0013844999999999999,7.222824124231968
1787023735501,0.001384,2083094.0,0.001385,882115.0,0.0013844999999999999,7.222824124231968
1787023735502,0.001382,764834.0,0.001385,882115.0,0.0013835,21.684134441633283
1787023735503,0.001383,71409.0,0.001384,3979.0,0.0013835,7.228044813878806
1787023735504,0.001383,261689.0,0.001384,55954.0,0.0013835,7.228044813878806
1787023735505,0.001383,343022.0,0.001384,55954.0,0.0013835,7.228044813878806
1787023735506,0.001383,286093.0,0.001384,55954.0,0.0013835,7.228044813878806
1787023735507,0.001383,278853.0,0.001384,55954.0,0.0013835,7.228044813878806
1787023735509,0.001383,286093.0,0.001384,55954.0,0.0013835,7.228044813878806
1787023735510,0.001383,171936.0,0.001384,55954.0,0.0013835,7.228044813878806
1787023735514,0.001383,178978.0,0.001384,55954.0,0.0013835,7.228044813878806
1787023735545,0.001382,1051205.0,0.001384,55954.0,0.0013830000000000001,14.46131597975451
1787023735546,0.001382,1036948.0,0.001384,124933.0,0.0013830000000000001,14.46131597975451
1787023735547,0.001382,870510.0,0.001384,124933.0,0.0013830000000000001,14.46131597975451
1787023735548,0.001382,725792.0,0.001384,124933.0,0.0013830000000000001,14.46131597975451
1787023735549,0.001382,747512.0,0.001384,124933.0,0.0013830000000000001,14.46131597975451
1787023735550,0.001382,733032.0,0.001384,124933.0,0.0013830000000000001,14.46131597975451
1787023735551,0.001382,733032.0,0.001384,124933.0,0.0013830000000000001,14.46131597975451
1787023735552,0.001382,733032.0,0.001384,124933.0,0.0013830000000000001,14.46131597975451
1787023735553,0.001382,725792.0,0.001384,124933.0,0.0013830000000000001,14.46131597975451
1787023735554,0.001382,733032.0,0.001384,124933.0,0.0013830000000000001,14.46131597975451
1787023735555,0.001382,725792.0,0.001384,551217.0,0.0013830000000000001,14.46131597975451
1787023735556,0.001383,74586.0,0.001384,551217.0,0.0013835,7.228044813878806
1787023735557,0.001383,74586.0,0.001384,55954.0,0.0013835,7.228044813878806
1787023735558,0.001383,74586.0,0.001384,55956.0,0.0013835,7.228044813878806
1787023735568,0.001382,865800.0,0.001384,55956.0,0.0013830000000000001,14.46131597975451
1787023735569,0.001382,789104.0,0.001384,551695.0,0.0013830000000000001,14.46131597975451
1787023735570,0.001382,689427.0,0.001384,1399839.0,0.0013830000000000001,14.46131597975451
1787023735571,0.001382,545066.0,0.001384,1399839.0,0.0013830000000000001,14.46131597975451
1787023735572,0.001382,541433.0,0.001384,1399839.0,0.0013830000000000001,14.46131597975451
1787023735581,0.001382,469074.0,0.001384,1399839.0,0.0013830000000000001,14.46131597975451
1787023735588,0.001382,463663.0,0.001384,1399839.0,0.0013830000000000001,14.46131597975451
1787023735595,0.001382,561057.0,0.001384,1399839.0,0.0013830000000000001,14.46131597975451
1787023735596,0.001382,742296.0,0.001384,1034993.0,0.0013830000000000001,14.46131597975451
1787023735597,0.001382,826141.0,0.001384,1301361.0,0.0013830000000000001,14.46131597975451
1787023735598,0.001382,909986.0,0.001384,744902.0,0.0013830000000000001,14.46131597975451
1787023735599,0.001382,909986.0,0.001384,672648.0,0.0013830000000000001,14.46131597975451
1787023735600,0.001382,987719.0,0.001384,672648.0,0.0013830000000000001,14.46131597975451
1787023735601,0.001382,1065452.0,0.001384,672648.0,0.0013830000000000001,14.46131597975451
1787023735603,0.001382,1065452.0,0.001384,600394.0,0.0013830000000000001,14.46131597975451
1787023735607,0.001382,992784.0,0.001384,600394.0,0.0013830000000000001,14.46131597975451
1787023735623,0.001382,926891.0,0.001384,600394.0,0.0013830000000000001,14.46131597975451
1787023735633,0.001382,1000227.0,0.001384,672648.0,0.0013830000000000001,14.46131597975451
1787023735634,0.001382,1000227.0,0.001384,605608.0,0.0013830000000000001,14.46131597975451
1787023735637,0.001382,1038057.0,0.001384,605608.0,0.0013830000000000001,14.46131597975451
1787023735638,0.001382,1113717.0,0.001384,605608.0,0.0013830000000000001,14.46131597975451
1787023735639,0.001382,1187954.0,0.001384,605608.0,0.0013830000000000001,14.46131597975451
1787023735640,0.001382,1187954.0,0.001384,386177.0,0.0013830000000000001,14.46131597975451
1787023735641,0.001382,1187954.0,0.001384,313923.0,0.0013830000000000001,14.46131597975451
1787023735642,0.001382,1187954.0,0.001384,241669.0,0.0013830000000000001,14.46131597975451
1787023735648,0.001382,684584.0,0.001384,241669.0,0.0013830000000000001,14.46131597975451
1787023735649,0.001382,904015.0,0.001384,241669.0,0.0013830000000000001,14.46131597975451
1787023735650,0.001382,976836.0,0.001384,314370.0,0.0013830000000000001,14.46131597975451
1787023735651,0.001382,1073173.0,0.001384,314370.0,0.0013830000000000001,14.46131597975451
1787023735652,0.001382,1073173.0,0.001384,458878.0,0.0013830000000000001,14.46131597975451
1787023735654,0.001382,998936.0,0.001384,458878.0,0.0013830000000000001,14.46131597975451
1787023735661,0.001382,998936.0,0.001384,616169.0,0.0013830000000000001,14.46131597975451
1787023735679,0.001382,1006176.0,0.001384,616169.0,0.0013830000000000001,14.46131597975451
1787023735680,0.001382,1013416.0,0.001384,616169.0,0.0013830000000000001,14.46131597975451
1787023735681,0.001382,998936.0,0.001384,688423.0,0.0013830000000000001,14.46131597975451
1787023735682,0.001382,1229163.0,0.001384,688423.0,0.0013830000000000001,14.46131597975451
1787023735683,0.001382,1236403.0,0.001384,688423.0,0.0013830000000000001,14.46131597975451
1787023735684,0.001382,1221923.0,0.001384,688423.0,0.0013830000000000001,14.46131597975451
1787023735685,0.001382,1221923.0,0.001384,688423.0,0.0013830000000000001,14.46131597975451
1787023735686,0.001382,1229163.0,0.001384,688423.0,0.0013830000000000001,14.46131597975451
1787023735687,0.001382,1229163.0,0.001384,760677.0,0.0013830000000000001,14.46131597975451
1787023735688,0.001382,1229163.0,0.001384,760677.0,0.0013830000000000001,14.46131597975451
1787023735689,0.001382,1229163.0,0.001384,760677.0,0.0013830000000000001,14.46131597975451
1787023735690,0.001382,1221923.0,0.001384,760677.0,0.0013830000000000001,14.46131597975451
1787023735691,0.001382,1221923.0,0.001384,832931.0,0.0013830000000000001,14.46131597975451
1787023735692,0.001382,1236403.0,0.001384,832931.0,0.0013830000000000001,14.46131597975451
1787023735693,0.001382,1221923.0,0.001384,832931.0,0.0013830000000000001,14.46131597975451
1787023735694,0.001382,1221923.0,0.001384,832931.0,0.0013830000000000001,14.46131597975451
1787023735695,0.001382,1236403.0,0.001384,832931.0,0.0013830000000000001,14.46131597975451
1787023735696,0.001383,189238.0,0.001384,832931.0,0.0013835,7.228044813878806
1787023735697,0.001383,189238.0,0.001384,687976.0,0.0013835,7.228044813878806
1787023735699,0.001383,189238.0,0.001384,615722.0,0.0013835,7.228044813878806
1787023735700,0.001382,1361502.0,0.001384,396737.0,0.0013830000000000001,14.46131597975451
1787023735701,0.001382,1361502.0,0.001383,26783.0,0.0013825,7.233273056057258
1787023735702,0.001382,1306883.0,0.001383,26783.0,0.0013825,7.233273056057258
1787023735703,0.001382,1140445.0,0.001384,1307650.0,0.0013830000000000001,14.46131597975451
1787023735704,0.001383,21692.0,0.001384,500971.0,0.0013835,7.228044813878806
1787023735705,0.001383,10846.0,0.001384,354454.0,0.0013835,7.228044813878806
1787023735706,0.001383,86104.0,0.001384,261870.0,0.0013835,7.228044813878806
1787023735707,0.001383,86104.0,0.001384,147079.0,0.0013835,7.228044813878806
1787023735708,0.001383,86104.0,0.001384,71161.0,0.0013835,7.228044813878806
1787023735709,0.001383,86104.0,0.001384,67551.0,0.0013835,7.228044813878806
1787023735711,0.001383,44001.0,0.001384,67551.0,0.0013835,7.228044813878806
1787023735723,0.001383,263432.0,0.001384,67551.0,0.0013835,7.228044813878806
1787023735726,0.001383,335739.0,0.001384,67551.0,0.0013835,7.228044813878806
1787023735741,0.001383,330244.0,0.001384,67551.0,0.0013835,7.228044813878806
1787023735757,0.001383,330244.0,0.001384,1474156.0,0.0013835,7.228044813878806
1787023735759,0.001383,219431.0,0.001384,1474156.0,0.0013835,7.228044813878806
1787023735762,0.001383,219431.0,0.001384,1546410.0,0.0013835,7.228044813878806
1787023735784,0.001383,219431.0,0.001384,1550384.0,0.0013835,7.228044813878806
1787023735796,0.001383,310800.0,0.001384,1550384.0,0.0013835,7.228044813878806
1787023735797,0.001383,414096.0,0.001384,1550384.0,0.0013835,7.228044813878806
1787023735798,0.001383,414096.0,0.001384,1562311.0,0.0013835,7.228044813878806
1787023735803,0.001383,414096.0,0.001384,1361191.0,0.0013835,7.228044813878806
1787023735804,0.001383,414096.0,0.001384,1433445.0,0.0013835,7.228044813878806
1787023735806,0.001383,414096.0,0.001384,1505699.0,0.0013835,7.228044813878806
1787023735851,0.001383,400669.0,0.001384,1505699.0,0.0013835,7.228044813878806
1787023735853,0.001383,400669.0,0.001384,1750025.0,0.0013835,7.228044813878806
1787023735866,0.001383,364773.0,0.001384,1750025.0,0.0013835,7.228044813878806
1787023735872,0.001383,328799.0,0.001384,1754381.0,0.0013835,7.228044813878806
1787023735874,0.001383,292877.0,0.001384,1754381.0,0.0013835,7.228044813878806
1787023735875,0.001383,194665.0,0.001384,1754381.0,0.0013835,7.228044813878806
1787023735897,0.001383,194665.0,0.001384,1758069.0,0.0013835,7.228044813878806
1787023735898,0.001383,103296.0,0.001384,1758069.0,0.0013835,7.228044813878806
1787023735899,0.001383,91369.0,0.001384,1758069.0,0.0013835,7.228044813878806
1787023735900,0.001383,103296.0,0.001384,1758069.0,0.0013835,7.228044813878806
1787023735906,0.001383,978852.0,0.001384,1758069.0,0.0013835,7.228044813878806
1787023735907,0.001383,978852.0,0.001384,2524771.0,0.0013835,7.228044813878806
1787023735908,0.001383,966925.0,0.001384,1758069.0,0.0013835,7.228044813878806
1787023735909,0.001383,1015402.0,0.001384,1746142.0,0.0013835,7.228044813878806
1787023735914,0.001383,139846.0,0.001384,1746142.0,0.0013835,7.228044813878806
1787023735915,0.001382,925483.0,0.001384,1746142.0,0.0013830000000000001,14.46131597975451
1787023735916,0.001382,797972.0,0.001383,483521.0,0.0013825,7.233273056057258
1787023735917,0.001382,721890.0,0.001383,124475.0,0.0013825,7.233273056057258
1787023735918,0.001382,1133888.0,0.001383,393104.0,0.0013825,7.233273056057258
1787023735919,0.001382,1086228.0,0.001383,320797.0,0.0013825,7.233273056057258
1787023735920,0.001382,995178.0,0.001383,248490.0,0.0013825,7.233273056057258
1787023735944,0.001382,984425.0,0.001383,248490.0,0.0013825,7.233273056057258
1787023735946,0.001382,984425.0,0.001383,480446.0,0.0013825,7.233273056057258
1787023735948,0.001382,984425.0,0.001383,552753.0,0.0013825,7.233273056057258
1787023735949,0.001382,984425.0,0.001383,625060.0,0.0013825,7.233273056057258
1787023735961,0.001382,775747.0,0.001383,625060.0,0.0013825,7.233273056057258
1787023735981,0.001382,998524.0,0.001383,625060.0,0.0013825,7.233273056057258
1787023735998,0.001382,1083304.0,0.001383,625060.0,0.0013825,7.233273056057258
1787023736003,0.001382,1315939.0,0.001383,625060.0,0.0013825,7.233273056057258
1787023736036,0.001382,1315939.0,0.001383,1425060.0,0.0013825,7.233273056057258
1787023736054,0.001382,1307312.0,0.001383,625060.0,0.0013825,7.233273056057258
1787023736096,0.001382,1307312.0,0.001383,844491.0,0.0013825,7.233273056057258
1787023736099,0.001382,1307312.0,0.001383,916798.0,0.0013825,7.233273056057258
1787023736102,0.001382,1152222.0,0.001383,916798.0,0.0013825,7.233273056057258
1787023736103,0.001382,1074677.0,0.001383,812345.0,0.0013825,7.233273056057258
1787023736104,0.001382,1074677.0,0.001383,884652.0,0.0013825,7.233273056057258
1787023736105,0.001382,1074677.0,0.001383,956959.0,0.0013825,7.233273056057258
1787023736115,0.001382,1897542.0,0.001383,956959.0,0.0013825,7.233273056057258
1787023736121,0.001382,1909477.0,0.001383,968894.0,0.0013825,7.233273056057258
1787023736134,0.001382,1909477.0,0.001383,896587.0,0.0013825,7.233273056057258
1787023736175,0.001382,1909477.0,0.001383,664631.0,0.0013825,7.233273056057258
1787023736176,0.001382,1909477.0,0.001383,37664.0,0.0013825,7.233273056057258
1787023736177,0.001382,1909477.0,0.001383,11935.0,0.0013825,7.233273056057258
1787023736178,0.001382,1909477.0,0.001383,48477.0,0.0013825,7.233273056057258
1787023736181,0.001382,2295648.0,0.001384,2324414.0,0.0013830000000000001,14.46131597975451
1787023736182,0.001382,2187848.0,0.001384,2324414.0,0.0013830000000000001,14.46131597975451
1787023736183,0.001383,38647.0,0.001384,2174280.0,0.0013835,7.228044813878806
1787023736184,0.001383,87124.0,0.001384,1685185.0,0.0013835,7.228044813878806
1787023736185,0.001383,87124.0,0.001384,1612931.0,0.0013835,7.228044813878806
1787023736190,0.001383,94222.0,0.001384,1612931.0,0.0013835,7.228044813878806
1787023736197,0.001383,101325.0,0.001384,1612931.0,0.0013835,7.228044813878806
1787023736200,0.001383,90479.0,0.001384,1612931.0,0.0013835,7.228044813878806
1787023736207,0.001383,103672.0,0.001384,1612931.0,0.0013835,7.228044813878806
1787023736263,0.001383,103672.0,0.001385,3309535.0,0.0013839999999999998,14.450867052023474
1787023736264,0.001383,323103.0,0.001385,3088976.0,0.0013839999999999998,14.450867052023474
1787023736265,0.001384,48477.0,0.001385,2438801.0,0.0013844999999999999,7.222824124231968
1787023736266,0.001384,48477.0,0.001385,905258.0,0.0013844999999999999,7.222824124231968
1787023736273,0.001384,55575.0,0.001385,905258.0,0.0013844999999999999,7.222824124231968
1787023736275,0.001384,32224.0,0.001385,905258.0,0.0013844999999999999,7.222824124231968
1787023736276,0.001383,1404884.0,0.001385,905258.0,0.0013839999999999998,14.450867052023474
1787023736277,0.001383,1391691.0,0.001384,439844.0,0.0013835,7.228044813878806
1787023736278,0.001384,10838.0,0.001385,2282422.0,0.0013844999999999999,7.222824124231968
1787023736279,0.001384,821676.0,0.001385,1192252.0,0.0013844999999999999,7.222824124231968
1787023736280,0.001384,913463.0,0.001385,905258.0,0.0013844999999999999,7.222824124231968
1787023736281,0.001384,877168.0,0.001385,905258.0,0.0013844999999999999,7.222824124231968
1787023736282,0.001384,802355.0,0.001385,905258.0,0.0013844999999999999,7.222824124231968
1787023736301,0.001384,886237.0,0.001385,905258.0,0.0013844999999999999,7.222824124231968
1787023736302,0.001384,963629.0,0.001385,905258.0,0.0013844999999999999,7.222824124231968
1787023736304,0.001384,1118765.0,0.001385,905258.0,0.0013844999999999999,7.222824124231968
1787023736308,0.001384,1125868.0,0.001385,905258.0,0.0013844999999999999,7.222824124231968
1787023736329,0.001384,1125868.0,0.001385,685827.0,0.0013844999999999999,7.222824124231968
1787023736350,0.001384,1121357.0,0.001385,685827.0,0.0013844999999999999,7.222824124231968
1787023736366,0.001384,1121357.0,0.001385,681848.0,0.0013844999999999999,7.222824124231968
1787023736371,0.001384,1125336.0,0.001385,681848.0,0.0013844999999999999,7.222824124231968
1787023736381,0.001384,1125336.0,0.001385,1525727.0,0.0013844999999999999,7.222824124231968
1787023736382,0.001384,2011312.0,0.001385,1525727.0,0.0013844999999999999,7.222824124231968
1787023736396,0.001384,2095159.0,0.001385,1525727.0,0.0013844999999999999,7.222824124231968
1787023736399,0.001384,2095159.0,0.001385,934752.0,0.0013844999999999999,7.222824124231968
1787023736400,0.001384,2095159.0,0.001385,3972.0,0.0013844999999999999,7.222824124231968
1787023736401,0.001385,314937.0,0.001386,8783591.0,0.0013855,7.217610970769633
1787023736402,0.001385,353597.0,0.001386,8411222.0,0.0013855,7.217610970769633
1787023736403,0.001385,406053.0,0.001386,8557637.0,0.0013855,7.217610970769633
1787023736404,0.001385,367393.0,0.001386,8557637.0,0.0013855,7.217610970769633
1787023736406,0.001385,367393.0,0.001386,8789593.0,0.0013855,7.217610970769633
1787023736409,0.001385,367393.0,0.001386,8785985.0,0.0013855,7.217610970769633
1787023736411,0.001385,326019.0,0.001386,8785985.0,0.0013855,7.217610970769633
1787023736415,0.001385,339212.0,0.001386,8785985.0,0.0013855,7.217610970769633
1787023736420,0.001385,343184.0,0.001386,8785985.0,0.0013855,7.217610970769633
1787023736432,0.001385,323613.0,0.001386,8785985.0,0.0013855,7.217610970769633
1787023736440,0.001385,323613.0,0.001386,8620103.0,0.0013855,7.217610970769633
1787023736443,0.001385,372090.0,0.001386,8388147.0,0.0013855,7.217610970769633
1787023736494,0.001385,372090.0,0.001386,8186882.0,0.0013855,7.217610970769633
1787023736496,0.001385,1172090.0,0.001386,8186882.0,0.0013855,7.217610970769633
1787023736499,0.001385,1249786.0,0.001386,8186882.0,0.0013855,7.217610970769633
1787023736539,0.001385,1240919.0,0.001386,8186882.0,0.0013855,7.217610970769633
1787023736584,0.001385,1252829.0,0.001386,8198792.0,0.0013855,7.217610970769633
1787023736598,0.001385,1382519.0,0.001386,8198792.0,0.0013855,7.217610970769633
1787023736601,0.001385,2358649.0,0.001386,8198792.0,0.0013855,7.217610970769633
1787023736610,0.001385,2358649.0,0.001386,7983536.0,0.0013855,7.217610970769633
1787023736611,0.001386,408179.0,0.001387,2317885.0,0.0013865000000000001,7.212405337179342
1787023736612,0.001385,2370394.0,0.001387,1552365.0,0.001386,14.43001443001478
1787023736613,0.001386,1573192.0,0.001387,972661.0,0.0013865000000000001,7.212405337179342
1787023736614,0.001386,1549913.0,0.001387,862542.0,0.0013865000000000001,7.212405337179342
1787023736615,0.001386,1549913.0,0.001387,1216675.0,0.0013865000000000001,7.212405337179342
1787023736616,0.001386,1549913.0,0.001387,1288773.0,0.0013865000000000001,7.212405337179342
1787023736617,0.001386,1351550.0,0.001387,1288773.0,0.0013865000000000001,7.212405337179342
1787023736623,0.001386,1341202.0,0.001387,1288773.0,0.0013865000000000001,7.212405337179342
1787023736625,0.001386,1326757.0,0.001387,1288773.0,0.0013865000000000001,7.212405337179342
1787023736626,0.001386,1319437.0,0.001387,1288773.0,0.0013865000000000001,7.212405337179342
1787023736627,0.001386,1312201.0,0.001387,1288773.0,0.0013865000000000001,7.212405337179342
1787023736629,0.001386,1332497.0,0.001387,1288773.0,0.0013865000000000001,7.212405337179342
1787023736681,0.001386,1332497.0,0.001387,1045020.0,0.0013865000000000001,7.212405337179342
1787023736683,0.001386,1332497.0,0.001387,1288773.0,0.0013865000000000001,7.212405337179342
1787023736695,0.001386,1407968.0,0.001387,1288773.0,0.0013865000000000001,7.212405337179342
1787023736698,0.001386,1378199.0,0.001387,1288773.0,0.0013865000000000001,7.212405337179342
1787023736719,0.001386,1308464.0,0.001387,1288773.0,0.0013865000000000001,7.212405337179342
1787023736728,0.001386,1308464.0,0.001387,1292739.0,0.0013865000000000001,7.212405337179342
1787023736768,0.001386,1286805.0,0.001387,1292739.0,0.0013865000000000001,7.212405337179342
1787023736784,0.001386,1360918.0,0.001387,1292739.0,0.0013865000000000001,7.212405337179342
1787023736803,0.001386,1524483.0,0.001387,1292739.0,0.0013865000000000001,7.212405337179342
1787023736804,0.001386,1616126.0,0.001387,1292739.0,0.0013865000000000001,7.212405337179342
1787023736805,0.001386,1616126.0,0.001387,1304640.0,0.0013865000000000001,7.212405337179342
1787023736806,0.001386,1699949.0,0.001387,1304640.0,0.0013865000000000001,7.212405337179342
1787023736815,0.001386,2602830.0,0.001387,1304640.0,0.0013865000000000001,7.212405337179342
1787023736849,0.001386,2602830.0,0.001387,1102911.0,0.0013865000000000001,7.212405337179342
1787023736851,0.001386,3002830.0,0.001387,1102911.0,0.0013865000000000001,7.212405337179342
1787023736852,0.001386,3002830.0,0.001387,859158.0,0.0013865000000000001,7.212405337179342
1787023736854,0.001386,3002830.0,0.001387,642864.0,0.0013865000000000001,7.212405337179342
1787023736857,0.001386,2997072.0,0.001387,642864.0,0.0013865000000000001,7.212405337179342
1787023736858,0.001386,2597072.0,0.001387,642864.0,0.0013865000000000001,7.212405337179342
1787023736859,0.001386,2585171.0,0.001387,642864.0,0.0013865000000000001,7.212405337179342
1787023736863,0.001386,2585171.0,0.001387,886617.0,0.0013865000000000001,7.212405337179342
1787023736864,0.001386,2585171.0,0.001387,944285.0,0.0013865000000000001,7.212405337179342
1787023736865,0.001386,2985171.0,0.001387,944285.0,0.0013865000000000001,7.212405337179342
1787023736870,0.001386,2985171.0,0.001387,1687738.0,0.0013865000000000001,7.212405337179342
1787023736871,0.001386,2985171.0,0.001387,1675837.0,0.0013865000000000001,7.212405337179342
1787023736879,0.001386,3133367.0,0.001387,1675837.0,0.0013865000000000001,7.212405337179342
1787023736898,0.001386,2965721.0,0.001387,1675837.0,0.0013865000000000001,7.212405337179342
1787023736912,0.001386,2965721.0,0.001387,1687738.0,0.0013865000000000001,7.212405337179342
1787023736913,0.001386,2977622.0,0.001387,1687738.0,0.0013865000000000001,7.212405337179342
1787023736941,0.001386,2977622.0,0.001387,1653361.0,0.0013865000000000001,7.212405337179342
1787023737001,0.001386,2897880.0,0.001387,1653361.0,0.0013865000000000001,7.212405337179342
1787023737031,0.001386,2647880.0,0.001387,1653361.0,0.0013865000000000001,7.212405337179342
1787023737032,0.001386,2247880.0,0.001387,1653361.0,0.0013865000000000001,7.212405337179342
1787023737033,0.001386,1344999.0,0.001387,2457351.0,0.0013865000000000001,7.212405337179342
1787023737064,0.001386,1339400.0,0.001387,2457351.0,0.0013865000000000001,7.212405337179342
1787023737098,0.001386,1737358.0,0.001387,2457351.0,0.0013865000000000001,7.212405337179342
1787023737099,0.001386,1817013.0,0.001387,2457351.0,0.0013865000000000001,7.212405337179342
1787023737100,0.001386,1637245.0,0.001387,2457351.0,0.0013865000000000001,7.212405337179342
1787023737186,0.001386,1635073.0,0.001387,2457351.0,0.0013865000000000001,7.212405337179342
1787023737243,0.001386,1635073.0,0.001387,2991860.0,0.0013865000000000001,7.212405337179342
1787023737244,0.001386,2473408.0,0.001387,2919762.0,0.0013865000000000001,7.212405337179342
1787023737245,0.001386,2473408.0,0.001387,2847664.0,0.0013865000000000001,7.212405337179342
1787023737267,0.001386,2461029.0,0.001387,2847664.0,0.0013865000000000001,7.212405337179342
1787023737299,0.001386,2540643.0,0.001387,2847664.0,0.0013865000000000001,7.212405337179342
1787023737310,0.001386,2526803.0,0.001387,2847664.0,0.0013865000000000001,7.212405337179342
1787023737319,0.001386,2526803.0,0.001387,2775566.0,0.0013865000000000001,7.212405337179342
1787023737347,0.001386,1688468.0,0.001387,2775566.0,0.0013865000000000001,7.212405337179342
1787023737351,0.001386,1688468.0,0.001387,2779339.0,0.0013865000000000001,7.212405337179342
1787023737362,0.001386,1692437.0,0.001387,2779339.0,0.0013865000000000001,7.212405337179342
1787023737397,0.001386,1644066.0,0.001387,2779339.0,0.0013865000000000001,7.212405337179342
1787023737420,0.001386,1644066.0,0.001387,2564389.0,0.0013865000000000001,7.212405337179342
1787023737421,0.001386,2444066.0,0.001387,2552488.0,0.0013865000000000001,7.212405337179342
1787023737422,0.001386,2444066.0,0.001387,2029880.0,0.0013865000000000001,7.212405337179342
1787023737448,0.001386,2444066.0,0.001387,1225890.0,0.0013865000000000001,7.212405337179342
1787023737575,0.001386,602299.0,0.001387,1225890.0,0.0013865000000000001,7.212405337179342
1787023737576,0.001385,1753715.0,0.001387,1225890.0,0.001386,14.43001443001478
1787023737577,0.001385,1655170.0,0.001387,1406117.0,0.001386,14.43001443001478
1787023737578,0.001385,1962065.0,0.001386,669521.0,0.0013855,7.217610970769633
1787023737579,0.001385,1806185.0,0.001386,683558.0,0.0013855,7.217610970769633
1787023737580,0.001385,2027329.0,0.001386,755708.0,0.0013855,7.217610970769633
1787023737581,0.001385,2249236.0,0.001386,804185.0,0.0013855,7.217610970769633
1787023737582,0.001385,1207151.0,0.001386,804185.0,0.0013855,7.217610970769633
1787023737583,0.001385,1004097.0,0.001386,1169441.0,0.0013855,7.217610970769633
1787023737584,0.001384,1353308.0,0.001386,1169441.0,0.001385,14.44043321299674
1787023737585,0.001384,1353308.0,0.001385,53486.0,0.0013844999999999999,7.222824124231968
1787023737586,0.001384,1019828.0,0.001385,779453.0,0.0013844999999999999,7.222824124231968
1787023737587,0.001384,1263581.0,0.001385,699224.0,0.0013844999999999999,7.222824124231968
1787023737588,0.001384,1317128.0,0.001385,747701.0,0.0013844999999999999,7.222824124231968
1787023737592,0.001384,1317128.0,0.001385,737032.0,0.0013844999999999999,7.222824124231968
1787023737593,0.001384,1517128.0,0.001385,737032.0,0.0013844999999999999,7.222824124231968
1787023737595,0.001384,1444874.0,0.001385,737032.0,0.0013844999999999999,7.222824124231968
1787023737596,0.001384,1498354.0,0.001385,683089.0,0.0013844999999999999,7.222824124231968
1787023737598,0.001384,1665726.0,0.001385,683089.0,0.0013844999999999999,7.222824124231968
1787023737599,0.001384,1749412.0,0.001385,683089.0,0.0013844999999999999,7.222824124231968
1787023737600,0.001384,1749412.0,0.001385,565479.0,0.0013844999999999999,7.222824124231968
1787023737635,0.001384,1822934.0,0.001385,565479.0,0.0013844999999999999,7.222824124231968
1787023737649,0.001384,2652177.0,0.001385,565479.0,0.0013844999999999999,7.222824124231968
1787023737669,0.001384,2649233.0,0.001385,565479.0,0.0013844999999999999,7.222824124231968
1787023737670,0.001384,2371841.0,0.001385,565479.0,0.0013844999999999999,7.222824124231968
1787023737671,0.001384,2371841.0,0.001385,637681.0,0.0013844999999999999,7.222824124231968
1787023737672,0.001384,2371841.0,0.001385,641653.0,0.0013844999999999999,7.222824124231968
1787023737676,0.001384,2371841.0,0.001385,713855.0,0.0013844999999999999,7.222824124231968
1787023737681,0.001384,2594852.0,0.001385,713855.0,0.0013844999999999999,7.222824124231968
1787023737695,0.001384,2650383.0,0.001385,713855.0,0.0013844999999999999,7.222824124231968
1787023737701,0.001384,2810101.0,0.001385,713855.0,0.0013844999999999999,7.222824124231968
1787023737722,0.001384,2810101.0,0.001385,1248364.0,0.0013844999999999999,7.222824124231968
1787023737724,0.001384,2810101.0,0.001385,2054554.0,0.0013844999999999999,7.222824124231968
1787023737730,0.001384,2810101.0,0.001385,1982352.0,0.0013844999999999999,7.222824124231968
1787023737739,0.001384,2847757.0,0.001385,1176162.0,0.0013844999999999999,7.222824124231968
1787023737832,0.001384,2851731.0,0.001385,1176162.0,0.0013844999999999999,7.222824124231968
1787023737842,0.001384,2863649.0,0.001385,1176162.0,0.0013844999999999999,7.222824124231968
1787023737900,0.001384,2943487.0,0.001385,1176162.0,0.0013844999999999999,7.222824124231968
1787023737901,0.001384,2943487.0,0.001385,1188080.0,0.0013844999999999999,7.222824124231968
1787023737909,0.001384,1508858.0,0.001385,1188080.0,0.0013844999999999999,7.222824124231968
1787023737910,0.001384,679615.0,0.001385,1402872.0,0.0013844999999999999,7.222824124231968
1787023737911,0.001384,679615.0,0.001385,1188080.0,0.0013844999999999999,7.222824124231968
1787023737916,0.001384,679615.0,0.001385,1121089.0,0.0013844999999999999,7.222824124231968
1787023737925,0.001384,679615.0,0.001385,1340133.0,0.0013844999999999999,7.222824124231968
1787023737937,0.001384,675533.0,0.001385,1340133.0,0.0013844999999999999,7.222824124231968
1787023737997,0.001384,726276.0,0.001385,1340133.0,0.0013844999999999999,7.222824124231968
1787023738001,0.001384,646438.0,0.001385,1340133.0,0.0013844999999999999,7.222824124231968
1787023738054,0.001384,646438.0,0.001385,1412335.0,0.0013844999999999999,7.222824124231968
1787023738071,0.001384,646438.0,0.001385,1211360.0,0.0013844999999999999,7.222824124231968
1787023738072,0.001384,1446438.0,0.001385,1211360.0,0.0013844999999999999,7.222824124231968
1787023738073,0.001384,1434520.0,0.001385,1211360.0,0.0013844999999999999,7.222824124231968
1787023738074,0.001384,1434520.0,0.001385,1157600.0,0.0013844999999999999,7.222824124231968
1787023738075,0.001384,1678273.0,0.001385,1157600.0,0.0013844999999999999,7.222824124231968
1787023738076,0.001384,1690191.0,0.001385,1157600.0,0.0013844999999999999,7.222824124231968
1787023738097,0.001384,1889969.0,0.001385,1157600.0,0.0013844999999999999,7.222824124231968
1787023738098,0.001384,2256837.0,0.001385,1157600.0,0.0013844999999999999,7.222824124231968
1787023738113,0.001384,2233667.0,0.001385,1157600.0,0.0013844999999999999,7.222824124231968
1787023738114,0.001384,3099896.0,0.001385,1980433.0,0.0013844999999999999,7.222824124231968
1787023738115,0.001384,3099896.0,0.001385,1968515.0,0.0013844999999999999,7.222824124231968
1787023738116,0.001384,3099896.0,0.001385,1896313.0,0.0013844999999999999,7.222824124231968
1787023738118,0.001384,3099896.0,0.001385,1908231.0,0.0013844999999999999,7.222824124231968
1787023738196,0.001384,3203836.0,0.001385,1908231.0,0.0013844999999999999,7.222824124231968
1787023738199,0.001384,3287694.0,0.001385,1908231.0,0.0013844999999999999,7.222824124231968
1787023738200,0.001384,3371552.0,0.001385,1908231.0,0.0013844999999999999,7.222824124231968
1787023738201,0.001384,3359634.0,0.001385,1908231.0,0.0013844999999999999,7.222824124231968
1787023738202,0.001384,3451491.0,0.001385,1908231.0,0.0013844999999999999,7.222824124231968
1787023738229,0.001384,3539345.0,0.001385,1908231.0,0.0013844999999999999,7.222824124231968
1787023738289,0.001384,2739345.0,0.001385,1908231.0,0.0013844999999999999,7.222824124231968
1787023738341,0.001384,2701689.0,0.001385,1908231.0,0.0013844999999999999,7.222824124231968
1787023738380,0.001384,1591707.0,0.001385,1908231.0,0.0013844999999999999,7.222824124231968
1787023738397,0.001384,1536176.0,0.001385,1908231.0,0.0013844999999999999,7.222824124231968
1787023738399,0.001384,1563406.0,0.001385,1908231.0,0.0013844999999999999,7.222824124231968
1787023738400,0.001384,1483467.0,0.001385,1908231.0,0.0013844999999999999,7.222824124231968
1787023738488,0.001384,1483467.0,0.001385,1841240.0,0.0013844999999999999,7.222824124231968
1787023738489,0.001384,2083467.0,0.001385,1841240.0,0.0013844999999999999,7.222824124231968
1787023738582,0.001384,2079132.0,0.001385,1841240.0,0.0013844999999999999,7.222824124231968
1787023738584,0.001384,2385557.0,0.001385,1841240.0,0.0013844999999999999,7.222824124231968
1787023738585,0.001384,2385557.0,0.001385,1841240.0,0.0013844999999999999,7.222824124231968
1787023738597,0.001384,2425711.0,0.001385,1841240.0,0.0013844999999999999,7.222824124231968
1787023738598,0.001384,2799002.0,0.001385,1841240.0,0.0013844999999999999,7.222824124231968
1787023738599,0.001384,2878938.0,0.001385,1841240.0,0.0013844999999999999,7.222824124231968
1787023738633,0.001384,2805416.0,0.001385,1841240.0,0.0013844999999999999,7.222824124231968
1787023738645,0.001384,2805416.0,0.001385,1640265.0,0.0013844999999999999,7.222824124231968
1787023738646,0.001384,3049169.0,0.001385,817432.0,0.0013844999999999999,7.222824124231968
1787023738648,0.001384,3049169.0,0.001385,961836.0,0.0013844999999999999,7.222824124231968
1787023738686,0.001384,3049169.0,0.001385,1205589.0,0.0013844999999999999,7.222824124231968
1787023738700,0.001384,2969233.0,0.001385,1205589.0,0.0013844999999999999,7.222824124231968
1787023738766,0.001384,2725480.0,0.001385,1205589.0,0.0013844999999999999,7.222824124231968
1787023738799,0.001384,2805419.0,0.001385,1205589.0,0.0013844999999999999,7.222824124231968
1787023738801,0.001384,2805419.0,0.001385,1133387.0,0.0013844999999999999,7.222824124231968
1787023738802,0.001384,2805419.0,0.001385,1121184.0,0.0013844999999999999,7.222824124231968
1787023738841,0.001384,2843066.0,0.001385,1121184.0,0.0013844999999999999,7.222824124231968
1787023738909,0.001384,2843066.0,0.001385,1956160.0,0.0013844999999999999,7.222824124231968
1787023738910,0.001384,2843066.0,0.001385,1956160.0,0.0013844999999999999,7.222824124231968
1787023738929,0.001384,2843066.0,0.001385,1883958.0,0.0013844999999999999,7.222824124231968
1787023738933,0.001384,2916495.0,0.001385,1883958.0,0.0013844999999999999,7.222824124231968
1787023738938,0.001384,2878848.0,0.001385,1883958.0,0.0013844999999999999,7.222824124231968
1787023738983,0.001384,2872396.0,0.001385,1883958.0,0.0013844999999999999,7.222824124231968
1787023738994,0.001384,2861565.0,0.001385,1883958.0,0.0013844999999999999,7.222824124231968
1787023739001,0.001384,2781626.0,0.001385,1883958.0,0.0013844999999999999,7.222824124231968
1787023739063,0.001384,1875201.0,0.001385,1883958.0,0.0013844999999999999,7.222824124231968
1787023739064,0.001383,780268.0,0.001385,1883958.0,0.0013839999999999998,14.450867052023474
1787023739065,0.001383,741798.0,0.001384,807693.0,0.0013835,7.228044813878806
1787023739066,0.001383,586771.0,0.001384,1506084.0,0.0013835,7.228044813878806
1787023739067,0.001383,458331.0,0.001384,1532106.0,0.0013835,7.228044813878806
1787023739071,0.001383,286305.0,0.001384,1532106.0,0.0013835,7.228044813878806
1787023739072,0.001383,213998.0,0.001384,1532106.0,0.0013835,7.228044813878806
1787023739073,0.001383,69384.0,0.001384,1532106.0,0.0013835,7.228044813878806
1787023739074,0.001383,69384.0,0.001384,1631263.0,0.0013835,7.228044813878806
1787023739082,0.001383,69384.0,0.001384,1387510.0,0.0013835,7.228044813878806
1787023739084,0.001383,143700.0,0.001384,1387510.0,0.0013835,7.228044813878806
1787023739085,0.001383,292332.0,0.001384,1387510.0,0.0013835,7.228044813878806
1787023739086,0.001383,364639.0,0.001384,1387510.0,0.0013835,7.228044813878806
1787023739087,0.001383,292332.0,0.001384,1391484.0,0.0013835,7.228044813878806
1787023739098,0.001383,327345.0,0.001384,1391484.0,0.0013835,7.228044813878806
1787023739099,0.001383,495145.0,0.001384,1391484.0,0.0013835,7.228044813878806
1787023739100,0.001383,738769.0,0.001384,1292327.0,0.0013835,7.228044813878806
1787023739101,0.001383,818631.0,0.001384,1292327.0,0.0013835,7.228044813878806
1787023739133,0.001383,892186.0,0.001384,1292327.0,0.0013835,7.228044813878806
1787023739139,0.001383,892186.0,0.001384,1070769.0,0.0013835,7.228044813878806
1787023739166,0.001383,1123681.0,0.001384,1070769.0,0.0013835,7.228044813878806
1787023739170,0.001383,1123681.0,0.001384,1143023.0,0.0013835,7.228044813878806
1787023739186,0.001383,1175422.0,0.001384,1143023.0,0.0013835,7.228044813878806
1787023739222,0.001383,1175422.0,0.001384,942048.0,0.0013835,7.228044813878806
1787023739225,0.001383,1231094.0,0.001384,942048.0,0.0013835,7.228044813878806
1787023739232,0.001383,1243021.0,0.001384,953975.0,0.0013835,7.228044813878806
1787023739265,0.001383,2065013.0,0.001384,953975.0,0.0013835,7.228044813878806
1787023739298,0.001383,2065013.0,0.001384,947079.0,0.0013835,7.228044813878806
1787023739348,0.001383,2061034.0,0.001384,947079.0,0.0013835,7.228044813878806
1787023739400,0.001383,1981172.0,0.001384,947079.0,0.0013835,7.228044813878806
1787023739404,0.001383,1981172.0,0.001384,1166123.0,0.0013835,7.228044813878806
1787023739413,0.001383,2202730.0,0.001385,2456550.0,0.0013839999999999998,14.450867052023474
1787023739414,0.001384,423919.0,0.001385,2122599.0,0.0013844999999999999,7.222824124231968
1787023739415,0.001384,1607556.0,0.001385,492554.0,0.0013844999999999999,7.222824124231968
1787023739416,0.001384,1607556.0,0.001385,248801.0,0.0013844999999999999,7.222824124231968
1787023739418,0.001384,1755145.0,0.001385,248801.0,0.0013844999999999999,7.222824124231968
1787023739419,0.001384,1755145.0,0.001385,297278.0,0.0013844999999999999,7.222824124231968
1787023739425,0.001384,1755145.0,0.001385,369480.0,0.0013844999999999999,7.222824124231968
1787023739452,0.001384,1674427.0,0.001385,369480.0,0.0013844999999999999,7.222824124231968
1787023739454,0.001384,846641.0,0.001385,600975.0,0.0013844999999999999,7.222824124231968
1787023739456,0.001384,699052.0,0.001385,673177.0,0.0013844999999999999,7.222824124231968
1787023739458,0.001384,623173.0,0.001385,673177.0,0.0013844999999999999,7.222824124231968
1787023739474,0.001384,391678.0,0.001385,673177.0,0.0013844999999999999,7.222824124231968
1787023739475,0.001384,380840.0,0.001385,673177.0,0.0013844999999999999,7.222824124231968
1787023739476,0.001384,453094.0,0.001385,673177.0,0.0013844999999999999,7.222824124231968
1787023739482,0.001384,684589.0,0.001385,673177.0,0.0013844999999999999,7.222824124231968
1787023739498,0.001384,715806.0,0.001385,673177.0,0.0013844999999999999,7.222824124231968
1787023739500,0.001384,795955.0,0.001385,673177.0,0.0013844999999999999,7.222824124231968
1787023739502,0.001384,723701.0,0.001385,673177.0,0.0013844999999999999,7.222824124231968
1787023739578,0.001384,723701.0,0.001385,593149.0,0.0013844999999999999,7.222824124231968
1787023739580,0.001384,1523701.0,0.001385,593149.0,0.0013844999999999999,7.222824124231968
1787023739581,0.001384,1535619.0,0.001385,605067.0,0.0013844999999999999,7.222824124231968
1787023739596,0.001384,1901580.0,0.001385,605067.0,0.0013844999999999999,7.222824124231968
1787023739599,0.001384,2061878.0,0.001385,605067.0,0.0013844999999999999,7.222824124231968
1787023739601,0.001384,2061878.0,0.001385,532865.0,0.0013844999999999999,7.222824124231968
1787023739631,0.001384,2135578.0,0.001385,532865.0,0.0013844999999999999,7.222824124231968
1787023739637,0.001384,2135578.0,0.001385,498510.0,0.0013844999999999999,7.222824124231968
1787023739648,0.001384,2135578.0,0.001385,391787.0,0.0013844999999999999,7.222824124231968
1787023739656,0.001384,2967218.0,0.001385,391787.0,0.0013844999999999999,7.222824124231968
1787023739679,0.001384,3041644.0,0.001385,391787.0,0.0013844999999999999,7.222824124231968
1787023739680,0.001384,3190496.0,0.001385,391787.0,0.0013844999999999999,7.222824124231968
1787023739681,0.001384,3178578.0,0.001385,709838.0,0.0013844999999999999,7.222824124231968
1787023739682,0.001384,3190496.0,0.001385,709838.0,0.0013844999999999999,7.222824124231968
1787023739700,0.001384,3442418.0,0.001385,709838.0,0.0013844999999999999,7.222824124231968
1787023739717,0.001384,3446392.0,0.001385,709838.0,0.0013844999999999999,7.222824124231968
1787023739740,0.001384,3484168.0,0.001385,1479883.0,0.0013844999999999999,7.222824124231968
1787023739742,0.001384,3484168.0,0.001385,1479883.0,0.0013844999999999999,7.222824124231968
1787023739756,0.001384,3484168.0,0.001385,1454476.0,0.0013844999999999999,7.222824124231968
1787023739757,0.001384,3484168.0,0.001385,1452188.0,0.0013844999999999999,7.222824124231968
1787023739774,0.001384,3484168.0,0.001385,1202188.0,0.0013844999999999999,7.222824124231968
1787023739775,0.001384,3484168.0,0.001385,432143.0,0.0013844999999999999,7.222824124231968
1787023739789,0.001384,3484168.0,0.001385,365152.0,0.0013844999999999999,7.222824124231968
1787023739802,0.001384,3484168.0,0.001385,413629.0,0.0013844999999999999,7.222824124231968
1787023739833,0.001384,3857797.0,0.001385,413629.0,0.0013844999999999999,7.222824124231968
1787023739837,0.001384,3895549.0,0.001385,413629.0,0.0013844999999999999,7.222824124231968
1787023739937,0.001384,3857797.0,0.001385,413629.0,0.0013844999999999999,7.222824124231968
1787023739941,0.001384,3857797.0,0.001385,405761.0,0.0013844999999999999,7.222824124231968
1787023739943,0.001384,3857797.0,0.001385,204786.0,0.0013844999999999999,7.222824124231968
1787023739954,0.001384,3857797.0,0.001385,156309.0,0.0013844999999999999,7.222824124231968
1787023740029,0.001384,3857797.0,0.001385,160281.0,0.0013844999999999999,7.222824124231968
1787023740033,0.001384,3866290.0,0.001385,160281.0,0.0013844999999999999,7.222824124231968
1787023740098,0.001384,4066041.0,0.001385,160281.0,0.0013844999999999999,7.222824124231968
1787023740099,0.001384,3905743.0,0.001385,160281.0,0.0013844999999999999,7.222824124231968
1787023740124,0.001384,3905743.0,0.001385,148363.0,0.0013844999999999999,7.222824124231968
1787023740125,0.001385,409811.0,0.001386,1121289.0,0.0013855,7.217610970769633
1787023740126,0.001385,2405558.0,0.001387,2499032.0,0.001386,14.43001443001478
1787023740127,0.001386,10823.0,0.001387,2390768.0,0.0013865000000000001,7.212405337179342
1787023740128,0.001386,641528.0,0.001387,1247320.0,0.0013865000000000001,7.212405337179342
1787023740129,0.001386,721399.0,0.001387,1247320.0,0.0013865000000000001,7.212405337179342
1787023740130,0.001386,952894.0,0.001387,1003567.0,0.0013865000000000001,7.212405337179342
1787023740132,0.001386,952894.0,0.001387,790121.0,0.0013865000000000001,7.212405337179342
1787023740135,0.001386,952894.0,0.001387,786516.0,0.0013865000000000001,7.212405337179342
1787023740179,0.001386,952894.0,0.001388,1887712.0,0.001387,14.419610670510684
1787023740180,0.001387,488747.0,0.001388,1831990.0,0.0013874999999999998,7.2072072072066025
1787023740181,0.001387,537224.0,0.001388,885790.0,0.0013874999999999998,7.2072072072066025
1787023740182,0.001387,537224.0,0.001389,2913238.0,0.001388,14.409221902017642
1787023740183,0.001388,486805.0,0.001389,2457266.0,0.0013885,7.202016564639054
1787023740184,0.001388,486805.0,0.001389,82987.0,0.0013885,7.202016564639054
1787023740185,0.001388,221558.0,0.00139,2620926.0,0.001389,14.398848092152976
1787023740186,0.001389,32397.0,0.00139,2568778.0,0.0013895000000000001,7.196833393306339
1787023740187,0.001389,10799.0,0.00139,1197200.0,0.0013895000000000001,7.196833393306339
1787023740188,0.001388,820343.0,0.001389,493195.0,0.0013885,7.202016564639054
1787023740189,0.001388,597145.0,0.001389,493195.0,0.0013885,7.202016564639054
1787023740190,0.001388,525099.0,0.001389,493195.0,0.0013885,7.202016564639054
1787023740198,0.001388,549985.0,0.001389,493195.0,0.0013885,7.202016564639054
1787023740199,0.001388,630154.0,0.001389,493195.0,0.0013885,7.202016564639054
1787023740201,0.001388,630154.0,0.001389,541672.0,0.0013885,7.202016564639054
1787023740203,0.001388,630154.0,0.001389,613666.0,0.0013885,7.202016564639054
1787023740207,0.001388,630154.0,0.001389,541672.0,0.0013885,7.202016564639054
1787023740208,0.001388,630154.0,0.001389,401322.0,0.0013885,7.202016564639054
1787023740230,0.001388,630154.0,0.001389,453063.0,0.0013885,7.202016564639054
1787023740251,0.001388,630154.0,0.001389,461946.0,0.0013885,7.202016564639054
1787023740252,0.001388,630154.0,0.001389,473281.0,0.0013885,7.202016564639054
1787023740255,0.001388,630154.0,0.001389,125184.0,0.0013885,7.202016564639054
1787023740256,0.001388,777842.0,0.001389,125184.0,0.0013885,7.202016564639054
1787023740257,0.001388,915160.0,0.001389,114010.0,0.0013885,7.202016564639054
1787023740259,0.001388,843114.0,0.001389,114010.0,0.0013885,7.202016564639054
1787023740299,0.001388,898799.0,0.001389,114010.0,0.0013885,7.202016564639054
1787023740300,0.001388,818630.0,0.001389,114010.0,0.0013885,7.202016564639054
1787023740301,0.001388,746584.0,0.001389,114010.0,0.0013885,7.202016564639054
1787023740302,0.001388,759777.0,0.001389,114010.0,0.0013885,7.202016564639054
1787023740306,0.001388,771661.0,0.001389,125894.0,0.0013885,7.202016564639054
1787023740320,0.001388,771661.0,0.001389,108128.0,0.0013885,7.202016564639054
1787023740322,0.001388,771661.0,0.001389,100928.0,0.0013885,7.202016564639054
1787023740338,0.001388,588414.0,0.001389,100928.0,0.0013885,7.202016564639054
1787023740339,0.001388,356919.0,0.001389,900928.0,0.0013885,7.202016564639054
1787023740340,0.001388,209231.0,0.001389,889044.0,0.0013885,7.202016564639054
1787023740341,0.001388,228490.0,0.001389,889044.0,0.0013885,7.202016564639054
1787023740342,0.001388,349013.0,0.001389,889044.0,0.0013885,7.202016564639054
1787023740343,0.001388,276967.0,0.001389,961038.0,0.0013885,7.202016564639054
1787023740344,0.001388,265083.0,0.001389,961038.0,0.0013885,7.202016564639054
1787023740345,0.001388,265083.0,0.001389,965011.0,0.0013885,7.202016564639054
1787023740346,0.001388,265083.0,0.001389,969165.0,0.0013885,7.202016564639054
1787023740361,0.001388,265083.0,0.001389,965011.0,0.0013885,7.202016564639054
1787023740366,0.001388,265083.0,0.001389,961038.0,0.0013885,7.202016564639054
1787023740368,0.001388,269056.0,0.001389,961045.0,0.0013885,7.202016564639054
1787023740369,0.001388,265083.0,0.001389,961045.0,0.0013885,7.202016564639054
1787023740372,0.001388,289277.0,0.001389,961045.0,0.0013885,7.202016564639054
1787023740374,0.001387,999928.0,0.001388,360238.0,0.0013874999999999998,7.2072072072066025
1787023740375,0.001387,984372.0,0.001388,1619177.0,0.0013874999999999998,7.2072072072066025
1787023740376,0.001387,840176.0,0.001388,1487669.0,0.0013874999999999998,7.2072072072066025
1787023740377,0.001387,536583.0,0.001388,1274932.0,0.0013874999999999998,7.2072072072066025
1787023740378,0.001387,447528.0,0.001388,1274932.0,0.0013874999999999998,7.2072072072066025
1787023740379,0.001387,388209.0,0.001388,1274932.0,0.0013874999999999998,7.2072072072066025
1787023740381,0.001387,463086.0,0.001388,1274932.0,0.0013874999999999998,7.2072072072066025
1787023740382,0.001387,612840.0,0.001388,1274932.0,0.0013874999999999998,7.2072072072066025
1787023740385,0.001387,608867.0,0.001388,2060955.0,0.0013874999999999998,7.2072072072066025
1787023740395,0.001387,636680.0,0.001388,2060955.0,0.0013874999999999998,7.2072072072066025
1787023740399,0.001387,797800.0,0.001388,2060955.0,0.0013874999999999998,7.2072072072066025
1787023740405,0.001387,797800.0,0.001389,2592134.0,0.001388,14.409221902017642
1787023740406,0.001388,75733.0,0.001389,2043697.0,0.0013885,7.202016564639054
1787023740407,0.001388,124210.0,0.001389,2043697.0,0.0013885,7.202016564639054
1787023740409,0.001388,124210.0,0.001389,1899709.0,0.0013885,7.202016564639054
1787023740410,0.001388,124210.0,0.001389,1827715.0,0.0013885,7.202016564639054
1787023740411,0.001388,124210.0,0.001389,1755721.0,0.0013885,7.202016564639054
1787023740422,0.001388,124210.0,0.001389,1755714.0,0.0013885,7.202016564639054
1787023740428,0.001388,124210.0,0.001389,1219576.0,0.0013885,7.202016564639054
1787023740437,0.001387,1211341.0,0.001389,1219576.0,0.001388,14.409221902017642
1787023740438,0.001387,1996420.0,0.001388,413081.0,0.0013874999999999998,7.2072072072066025
1787023740439,0.001387,1700563.0,0.001388,1213081.0,0.0013874999999999998,7.2072072072066025
1787023740440,0.001387,759403.0,0.001388,1213081.0,0.0013874999999999998,7.2072072072066025
1787023740441,0.001387,615207.0,0.001388,1261558.0,0.0013874999999999998,7.2072072072066025
1787023740442,0.001387,543109.0,0.001388,1261558.0,0.0013874999999999998,7.2072072072066025
1787023740443,0.001387,543109.0,0.001388,1189356.0,0.0013874999999999998,7.2072072072066025
1787023740462,0.001387,543109.0,0.001388,973061.0,0.0013874999999999998,7.2072072072066025
1787023740471,0.001387,436185.0,0.001388,973061.0,0.0013874999999999998,7.2072072072066025
1787023740472,0.001387,508283.0,0.001388,973061.0,0.0013874999999999998,7.2072072072066025
1787023740498,0.001387,508283.0,0.001388,551678.0,0.0013874999999999998,7.2072072072066025
1787023740500,0.001387,508283.0,0.001388,555641.0,0.0013874999999999998,7.2072072072066025
1787023740511,0.001387,508283.0,0.001388,161028.0,0.0013874999999999998,7.2072072072066025
1787023740513,0.001387,580620.0,0.001388,161028.0,0.0013874999999999998,7.2072072072066025
1787023740514,0.001387,789485.0,0.001388,161028.0,0.0013874999999999998,7.2072072072066025
1787023740522,0.001387,789485.0,0.001388,137921.0,0.0013874999999999998,7.2072072072066025
1787023740524,0.001388,18461.0,0.001389,2374690.0,0.0013885,7.202016564639054
1787023740526,0.001388,89126.0,0.001389,1194012.0,0.0013885,7.202016564639054
1787023740527,0.001388,137603.0,0.001389,753261.0,0.0013885,7.202016564639054
1787023740529,0.001388,137603.0,0.001389,825255.0,0.0013885,7.202016564639054
1787023740530,0.001388,137603.0,0.001389,897249.0,0.0013885,7.202016564639054
1787023740543,0.001388,66938.0,0.001389,897249.0,0.0013885,7.202016564639054
1787023740544,0.001388,75610.0,0.001389,924510.0,0.0013885,7.202016564639054
1787023740545,0.001388,75610.0,0.001389,825255.0,0.0013885,7.202016564639054
1787023740548,0.001388,75610.0,0.001389,820529.0,0.0013885,7.202016564639054
1787023740553,0.001388,124087.0,0.001389,820529.0,0.0013885,7.202016564639054
1787023740554,0.001388,48477.0,0.001389,820529.0,0.0013885,7.202016564639054
1787023740555,0.001388,48477.0,0.001389,919784.0,0.0013885,7.202016564639054
1787023740556,0.001388,124024.0,0.001389,847790.0,0.0013885,7.202016564639054
1787023740566,0.001387,1080355.0,0.001389,847790.0,0.001388,14.409221902017642
1787023740567,0.001387,1080355.0,0.001388,10807.0,0.0013874999999999998,7.2072072072066025
1787023740568,0.001387,1297939.0,0.001388,10807.0,0.0013874999999999998,7.2072072072066025
1787023740569,0.001387,1152677.0,0.001388,10807.0,0.0013874999999999998,7.2072072072066025
1787023740570,0.001387,1080579.0,0.001388,10807.0,0.0013874999999999998,7.2072072072066025
1787023740572,0.001387,1080579.0,0.00139,1510610.0,0.0013885,21.606049693914038
1787023740573,0.001388,679245.0,0.00139,1481720.0,0.001389,14.398848092152976
1787023740574,0.001389,413081.0,0.00139,1337836.0,0.0013895000000000001,7.196833393306339
1787023740575,0.001389,483842.0,0.00139,1193952.0,0.0013895000000000001,7.196833393306339
1787023740576,0.001389,413081.0,0.00139,546311.0,0.0013895000000000001,7.196833393306339
1787023740579,0.001389,555630.0,0.00139,546311.0,0.0013895000000000001,7.196833393306339
1787023740598,0.001389,589289.0,0.00139,546311.0,0.0013895000000000001,7.196833393306339
1787023740599,0.001389,517295.0,0.00139,546311.0,0.0013895000000000001,7.196833393306339
1787023740601,0.001389,521268.0,0.00139,546311.0,0.0013895000000000001,7.196833393306339
1787023740622,0.001389,450713.0,0.00139,546311.0,0.0013895000000000001,7.196833393306339
1787023740623,0.001389,525456.0,0.00139,575087.0,0.0013895000000000001,7.196833393306339
1787023740624,0.001389,525456.0,0.00139,632123.0,0.0013895000000000001,7.196833393306339
1787023740625,0.001389,450713.0,0.00139,632123.0,0.0013895000000000001,7.196833393306339
1787023740647,0.001389,450713.0,0.00139,583646.0,0.0013895000000000001,7.196833393306339
1787023740658,0.001389,454673.0,0.00139,583646.0,0.0013895000000000001,7.196833393306339
1787023740664,0.001389,362983.0,0.00139,583646.0,0.0013895000000000001,7.196833393306339
1787023740665,0.001389,362983.0,0.00139,382526.0,0.0013895000000000001,7.196833393306339
1787023740666,0.001389,434977.0,0.00139,1131807.0,0.0013895000000000001,7.196833393306339
1787023740667,0.001389,507194.0,0.00139,1180284.0,0.0013895000000000001,7.196833393306339
1787023740668,0.001389,362983.0,0.00139,380284.0,0.0013895000000000001,7.196833393306339
1787023740670,0.001389,434977.0,0.00139,380284.0,0.0013895000000000001,7.196833393306339
1787023740677,0.001389,434977.0,0.00139,331807.0,0.0013895000000000001,7.196833393306339
1787023740678,0.001389,434977.0,0.00139,343682.0,0.0013895000000000001,7.196833393306339
1787023740679,0.001389,446852.0,0.00139,343682.0,0.0013895000000000001,7.196833393306339
1787023740699,0.001389,608780.0,0.00139,343682.0,0.0013895000000000001,7.196833393306339
1787023740701,0.001389,606837.0,0.00139,343682.0,0.0013895000000000001,7.196833393306339
1787023740715,0.001389,536786.0,0.00139,415622.0,0.0013895000000000001,7.196833393306339
1787023740716,0.001389,536786.0,0.00139,487562.0,0.0013895000000000001,7.196833393306339
1787023740717,0.001389,536786.0,0.00139,536039.0,0.0013895000000000001,7.196833393306339
1787023740729,0.001389,536786.0,0.00139,1345013.0,0.0013895000000000001,7.196833393306339
1787023740730,0.001389,536786.0,0.00139,1333138.0,0.0013895000000000001,7.196833393306339
1787023740797,0.001389,536786.0,0.00139,1345013.0,0.0013895000000000001,7.196833393306339
1787023740799,0.001389,536786.0,0.00139,1296536.0,0.0013895000000000001,7.196833393306339
1787023740846,0.001389,536786.0,0.00139,1280055.0,0.0013895000000000001,7.196833393306339
1787023740848,0.001389,1331628.0,0.00139,1280055.0,0.0013895000000000001,7.196833393306339
1787023740849,0.001389,1319753.0,0.00139,1280055.0,0.0013895000000000001,7.196833393306339
1787023740850,0.001389,1331628.0,0.00139,1280055.0,0.0013895000000000001,7.196833393306339
1787023740854,0.001389,536786.0,0.00139,1280055.0,0.0013895000000000001,7.196833393306339
1787023740859,0.001388,1076837.0,0.001389,486011.0,0.0013885,7.202016564639054
1787023740860,0.001388,1069191.0,0.001389,1835972.0,0.0013885,7.202016564639054
1787023740861,0.001388,287296.0,0.001389,1513583.0,0.0013885,7.202016564639054
1787023740862,0.001388,498386.0,0.001389,1322928.0,0.0013885,7.202016564639054
1787023740891,0.001388,498386.0,0.001389,947569.0,0.0013885,7.202016564639054
1787023740893,0.001388,498386.0,0.001389,1019563.0,0.0013885,7.202016564639054
1787023740897,0.001388,529071.0,0.001389,1019563.0,0.0013885,7.202016564639054
1787023740898,0.001388,610031.0,0.001389,1031447.0,0.0013885,7.202016564639054
1787023740904,0.001388,610031.0,0.001389,545436.0,0.0013885,7.202016564639054
1787023740928,0.001388,610031.0,0.001389,1071704.0,0.0013885,7.202016564639054
1787023740953,0.001388,610031.0,0.001389,545436.0,0.0013885,7.202016564639054
1787023740954,0.001388,610031.0,0.001389,533552.0,0.0013885,7.202016564639054
1787023740964,0.001388,610031.0,0.001389,459276.0,0.0013885,7.202016564639054
1787023740966,0.001388,610031.0,0.001389,387282.0,0.0013885,7.202016564639054
1787023740971,0.001388,610031.0,0.001389,391242.0,0.0013885,7.202016564639054
1787023740980,0.001388,610031.0,0.001389,991242.0,0.0013885,7.202016564639054
1787023740988,0.001388,610031.0,0.001389,391242.0,0.0013885,7.202016564639054
1787023741027,0.001388,598156.0,0.001389,391242.0,0.0013885,7.202016564639054
1787023741041,0.001388,598156.0,0.001389,380340.0,0.0013885,7.202016564639054
1787023741060,0.001388,1419432.0,0.001389,1268489.0,0.0013885,7.202016564639054
1787023741061,0.001388,598156.0,0.001389,1268489.0,0.0013885,7.202016564639054
1787023741070,0.001388,610040.0,0.001389,1280373.0,0.0013885,7.202016564639054
1787023741089,0.001388,610040.0,0.001389,1268489.0,0.0013885,7.202016564639054
1787023741098,0.001388,810793.0,0.001389,1268489.0,0.0013885,7.202016564639054
1787023741128,0.001388,814756.0,0.001389,1268489.0,0.0013885,7.202016564639054
1787023741157,0.001388,814756.0,0.001389,1456898.0,0.0013885,7.202016564639054
1787023741182,0.001388,889826.0,0.001389,1456898.0,0.0013885,7.202016564639054
1787023741184,0.001388,964896.0,0.001389,1456898.0,0.0013885,7.202016564639054
1787023741197,0.001388,964896.0,0.001389,1468782.0,0.0013885,7.202016564639054
1787023741200,0.001388,1045828.0,0.001389,1468782.0,0.0013885,7.202016564639054
1787023741300,0.001388,1015143.0,0.001389,1468782.0,0.0013885,7.202016564639054
1787023741301,0.001388,934183.0,0.001389,1468782.0,0.0013885,7.202016564639054
1787023741302,0.001388,853251.0,0.001389,1468782.0,0.0013885,7.202016564639054
1787023741303,0.001388,841367.0,0.001389,1468782.0,0.0013885,7.202016564639054
1787023741304,0.001388,853251.0,0.001389,1468782.0,0.0013885,7.202016564639054
1787023741324,0.001388,849625.0,0.001389,1468782.0,0.0013885,7.202016564639054
1787023741332,0.001388,849625.0,0.001389,1743996.0,0.0013885,7.202016564639054
1787023741339,0.001388,849625.0,0.001389,1887106.0,0.0013885,7.202016564639054
1787023741340,0.001388,849625.0,0.001389,1985603.0,0.0013885,7.202016564639054
1787023741341,0.001388,628067.0,0.001389,1985603.0,0.0013885,7.202016564639054
1787023741348,0.001388,628067.0,0.001389,1812430.0,0.0013885,7.202016564639054
1787023741350,0.001388,1580122.0,0.001389,1812430.0,0.0013885,7.202016564639054
1787023741351,0.001388,1568238.0,0.001389,1812430.0,0.0013885,7.202016564639054
1787023741398,0.001388,1593603.0,0.001389,1812430.0,0.0013885,7.202016564639054
1787023741405,0.001388,1605487.0,0.001389,1812430.0,0.0013885,7.202016564639054
1787023741431,0.001388,1605487.0,0.001389,1537216.0,0.0013885,7.202016564639054
1787023741485,0.001388,841841.0,0.001389,1537216.0,0.0013885,7.202016564639054
1787023741487,0.001388,653432.0,0.001389,1537216.0,0.0013885,7.202016564639054
1787023741500,0.001388,734281.0,0.001389,1537216.0,0.0013885,7.202016564639054
1787023741538,0.001388,734281.0,0.001389,1394106.0,0.0013885,7.202016564639054
1787023741539,0.001388,734281.0,0.001389,1295609.0,0.0013885,7.202016564639054
1787023741583,0.001388,659211.0,0.001389,1295609.0,0.0013885,7.202016564639054
1787023741601,0.001388,740073.0,0.001389,1295609.0,0.0013885,7.202016564639054
1787023741688,0.001388,732838.0,0.001389,1295609.0,0.0013885,7.202016564639054
1787023741690,0.001388,921247.0,0.001389,1295609.0,0.0013885,7.202016564639054
1787023741700,0.001388,759536.0,0.001389,1295609.0,0.0013885,7.202016564639054
1787023741737,0.001388,1577993.0,0.001389,1295609.0,0.0013885,7.202016564639054
1787023741738,0.001388,1566109.0,0.001389,1295609.0,0.0013885,7.202016564639054
1787023741739,0.001389,26664.0,0.00139,2376148.0,0.0013895000000000001,7.196833393306339
1787023741740,0.001389,56045.0,0.00139,1714102.0,0.0013895000000000001,7.196833393306339
1787023741741,0.001389,517603.0,0.00139,51581.0,0.0013895000000000001,7.196833393306339
1787023741742,0.00139,26644.0,0.001391,2262027.0,0.0013905,7.191657677095526
1787023741743,0.00139,26644.0,0.001391,717131.0,0.0013905,7.191657677095526
1787023741744,0.00139,286945.0,0.001391,717131.0,0.0013905,7.191657677095526
1787023741745,0.00139,335422.0,0.001391,717131.0,0.0013905,7.191657677095526
1787023741746,0.00139,407364.0,0.001391,768674.0,0.0013905,7.191657677095526
1787023741754,0.00139,407364.0,0.001391,817151.0,0.0013905,7.191657677095526
1787023741755,0.00139,335472.0,0.001391,817151.0,0.0013905,7.191657677095526
1787023741760,0.00139,335472.0,0.001391,868892.0,0.0013905,7.191657677095526
1787023741762,0.00139,335472.0,0.001391,1041428.0,0.0013905,7.191657677095526
1787023741763,0.00139,335472.0,0.001391,1055806.0,0.0013905,7.191657677095526
1787023741774,0.00139,335472.0,0.001391,1041428.0,0.0013905,7.191657677095526
1787023741775,0.00139,335472.0,0.001391,868892.0,0.0013905,7.191657677095526
1787023741779,0.00139,335472.0,0.001391,817349.0,0.0013905,7.191657677095526
1787023741780,0.00139,418624.0,0.001391,817349.0,0.0013905,7.191657677095526
1787023741800,0.00139,442060.0,0.001391,817349.0,0.0013905,7.191657677095526
1787023741811,0.00139,442060.0,0.001391,595791.0,0.0013905,7.191657677095526
1787023741819,0.00139,442060.0,0.001391,547314.0,0.0013905,7.191657677095526
1787023741820,0.00139,442060.0,0.001391,595791.0,0.0013905,7.191657677095526
1787023741840,0.00139,442060.0,0.001391,510910.0,0.0013905,7.191657677095526
1787023741881,0.00139,517401.0,0.001391,510910.0,0.0013905,7.191657677095526
1787023741884,0.001391,26625.0,0.001392,1745618.0,0.0013915,7.186489399927531
1787023741885,0.001391,414972.0,0.001392,929335.0,0.0013915,7.186489399927531
1787023741886,0.001391,573562.0,0.001392,1219497.0,0.0013915,7.186489399927531
1787023741887,0.00139,854406.0,0.001392,1146027.0,0.0013909999999999999,14.378145219267065
1787023741888,0.00139,850739.0,0.001391,38190.0,0.0013905,7.191657677095526
1787023741889,0.00139,629163.0,0.001391,238858.0,0.0013905,7.191657677095526
1787023741890,0.00139,623742.0,0.001391,59261.0,0.0013905,7.191657677095526
1787023741891,0.00139,616514.0,0.001391,48477.0,0.0013905,7.191657677095526
1787023741892,0.00139,616514.0,0.001391,696954.0,0.0013905,7.191657677095526
1787023741897,0.00139,616514.0,0.001391,875883.0,0.0013905,7.191657677095526
1787023741898,0.00139,593078.0,0.001391,875883.0,0.0013905,7.191657677095526
1787023741899,0.00139,593078.0,0.001391,893114.0,0.0013905,7.191657677095526
1787023741901,0.00139,674143.0,0.001391,893114.0,0.0013905,7.191657677095526
1787023741911,0.00139,674143.0,0.001391,897068.0,0.0013905,7.191657677095526
1787023741917,0.00139,686010.0,0.001391,908935.0,0.0013905,7.191657677095526
1787023742000,0.00139,604945.0,0.001391,908935.0,0.0013905,7.191657677095526
1787023742015,0.00139,53217.0,0.001391,1345285.0,0.0013905,7.191657677095526
1787023742016,0.00139,53217.0,0.001391,1330493.0,0.0013905,7.191657677095526
1787023742017,0.001389,1882178.0,0.00139,634616.0,0.0013895000000000001,7.196833393306339
1787023742018,0.001389,900291.0,0.00139,1613545.0,0.0013895000000000001,7.196833393306339
1787023742019,0.001389,942865.0,0.00139,1130335.0,0.0013895000000000001,7.196833393306339
1787023742020,0.001389,942865.0,0.00139,330335.0,0.0013895000000000001,7.196833393306339
1787023742021,0.001389,942865.0,0.00139,388564.0,0.0013895000000000001,7.196833393306339
1787023742036,0.001389,1016961.0,0.00139,388564.0,0.0013895000000000001,7.196833393306339
1787023742037,0.001389,1016961.0,0.00139,316622.0,0.0013895000000000001,7.196833393306339
1787023742070,0.001389,1020921.0,0.00139,316622.0,0.0013895000000000001,7.196833393306339
1787023742071,0.001389,1020921.0,0.00139,386993.0,0.0013895000000000001,7.196833393306339
1787023742082,0.001389,1032796.0,0.00139,398868.0,0.0013895000000000001,7.196833393306339
1787023742086,0.001389,844387.0,0.00139,1177332.0,0.0013895000000000001,7.196833393306339
1787023742087,0.001389,844387.0,0.00139,1165457.0,0.0013895000000000001,7.196833393306339
1787023742088,0.001389,431306.0,0.00139,1165457.0,0.0013895000000000001,7.196833393306339
1787023742099,0.001389,795536.0,0.00139,1165457.0,0.0013895000000000001,7.196833393306339
1787023742100,0.001389,957522.0,0.00139,1165457.0,0.0013895000000000001,7.196833393306339
1787023742101,0.001389,945647.0,0.00139,1165457.0,0.0013895000000000001,7.196833393306339
1787023742103,0.001389,945647.0,0.00139,1095086.0,0.0013895000000000001,7.196833393306339
1787023742107,0.001389,1124576.0,0.00139,1095086.0,0.0013895000000000001,7.196833393306339
1787023742131,0.001389,1050480.0,0.00139,1095086.0,0.0013895000000000001,7.196833393306339
1787023742140,0.001389,1898180.0,0.00139,1095086.0,0.0013895000000000001,7.196833393306339
1787023742186,0.001389,1910055.0,0.00139,1106961.0,0.0013895000000000001,7.196833393306339
1787023742262,0.001389,1710055.0,0.00139,1106961.0,0.0013895000000000001,7.196833393306339
1787023742263,0.001389,792320.0,0.00139,1106961.0,0.0013895000000000001,7.196833393306339
1787023742273,0.001389,785131.0,0.00139,1106961.0,0.0013895000000000001,7.196833393306339
1787023742300,0.001389,704138.0,0.00139,1106961.0,0.0013895000000000001,7.196833393306339
1787023742345,0.001389,708094.0,0.00139,1106961.0,0.0013895000000000001,7.196833393306339
1787023742346,0.001389,704138.0,0.00139,1106961.0,0.0013895000000000001,7.196833393306339
1787023742375,0.001389,704138.0,0.00139,1110923.0,0.0013895000000000001,7.196833393306339
1787023742382,0.001389,704138.0,0.00139,1114880.0,0.0013895000000000001,7.196833393306339
1787023742383,0.001389,701032.0,0.00139,1114880.0,0.0013895000000000001,7.196833393306339
1787023742384,0.001389,691677.0,0.00139,1329672.0,0.0013895000000000001,7.196833393306339
1787023742385,0.001389,691677.0,0.00139,1114880.0,0.0013895000000000001,7.196833393306339
1787023742482,0.001389,766978.0,0.00139,1114880.0,0.0013895000000000001,7.196833393306339
1787023742483,0.001389,1505310.0,0.00139,1114880.0,0.0013895000000000001,7.196833393306339
1787023742484,0.001389,1493435.0,0.00139,1114880.0,0.0013895000000000001,7.196833393306339
1787023742485,0.001389,1505310.0,0.00139,1114880.0,0.0013895000000000001,7.196833393306339
1787023742502,0.001389,1586242.0,0.00139,1114880.0,0.0013895000000000001,7.196833393306339
1787023742516,0.001389,1586242.0,0.00139,145612.0,0.0013895000000000001,7.196833393306339
1787023742517,0.00139,12931.0,0.001391,2071918.0,0.0013905,7.191657677095526
1787023742518,0.00139,683010.0,0.001391,1542389.0,0.0013905,7.191657677095526
1787023742519,0.00139,683010.0,0.001391,1538433.0,0.0013905,7.191657677095526
1787023742520,0.00139,725584.0,0.001391,1313407.0,0.0013905,7.191657677095526
1787023742521,0.00139,695992.0,0.001391,1313407.0,0.0013905,7.191657677095526
1787023742540,0.00139,699949.0,0.001391,1313407.0,0.0013905,7.191657677095526
1787023742557,0.00139,699949.0,0.001391,713407.0,0.0013905,7.191657677095526
1787023742588,0.00139,699949.0,0.001391,534478.0,0.0013905,7.191657677095526
1787023742589,0.00139,699949.0,0.001391,312920.0,0.0013905,7.191657677095526
1787023742591,0.00139,869478.0,0.001391,312920.0,0.0013905,7.191657677095526
1787023742660,0.00139,844780.0,0.001391,312920.0,0.0013905,7.191657677095526
1787023742699,0.00139,1018501.0,0.001391,324787.0,0.0013905,7.191657677095526
1787023742718,0.00139,1018501.0,0.001391,1130253.0,0.0013905,7.191657677095526
1787023742719,0.00139,1728754.0,0.001391,1118386.0,0.0013905,7.191657677095526
1787023742720,0.00139,837105.0,0.001391,1118386.0,0.0013905,7.191657677095526
1787023742721,0.00139,837105.0,0.001391,1297315.0,0.0013905,7.191657677095526
1787023742821,0.00139,848972.0,0.001391,1309182.0,0.0013905,7.191657677095526
1787023742898,0.00139,768045.0,0.001391,1309182.0,0.0013905,7.191657677095526
1787023742923,0.00139,930012.0,0.001391,1309182.0,0.0013905,7.191657677095526
1787023742982,0.00139,1005379.0,0.001391,1309182.0,0.0013905,7.191657677095526
1787023742985,0.00139,1871942.0,0.001391,1309182.0,0.0013905,7.191657677095526
1787023742986,0.00139,1871942.0,0.001391,1309182.0,0.0013905,7.191657677095526
1787023743051,0.00139,1871942.0,0.001391,1164827.0,0.0013905,7.191657677095526
1787023743052,0.00139,1871942.0,0.001391,1168781.0,0.0013905,7.191657677095526
1787023743054,0.001389,484789.0,0.001391,1168781.0,0.0013900000000000002,14.388489208633441
1787023743055,0.001389,472921.0,0.00139,554354.0,0.0013895000000000001,7.196833393306339
1787023743056,0.001389,472921.0,0.00139,1533283.0,0.0013895000000000001,7.196833393306339
1787023743057,0.001389,679097.0,0.00139,805225.0,0.0013895000000000001,7.196833393306339
1787023743058,0.001389,675497.0,0.00139,733283.0,0.0013895000000000001,7.196833393306339
1787023743060,0.001389,675497.0,0.00139,740345.0,0.0013895000000000001,7.196833393306339
1787023743062,0.001389,675497.0,0.00139,561416.0,0.0013895000000000001,7.196833393306339
1787023743093,0.001389,675497.0,0.00139,554942.0,0.0013895000000000001,7.196833393306339
1787023743094,0.001389,1475497.0,0.001391,2513332.0,0.0013900000000000002,14.388489208633441
1787023743095,0.00139,10791.0,0.001391,2310579.0,0.0013905,7.191657677095526
1787023743096,0.00139,10791.0,0.001391,1146539.0,0.0013905,7.191657677095526
1787023743097,0.00139,38038.0,0.001391,1146539.0,0.0013905,7.191657677095526
1787023743098,0.00139,286974.0,0.001391,1146539.0,0.0013905,7.191657677095526
1787023743099,0.00139,448782.0,0.001391,1146539.0,0.0013905,7.191657677095526
1787023743131,0.00139,448782.0,0.001391,1142207.0,0.0013905,7.191657677095526
1787023743132,0.00139,400305.0,0.001391,1142207.0,0.0013905,7.191657677095526
1787023743134,0.00139,400305.0,0.001391,1124128.0,0.0013905,7.191657677095526
1787023743137,0.00139,414688.0,0.001391,1124128.0,0.0013905,7.191657677095526
1787023743139,0.00139,414688.0,0.001391,565303.0,0.0013905,7.191657677095526
1787023743140,0.00139,414688.0,0.001391,613780.0,0.0013905,7.191657677095526
1787023743141,0.00139,593617.0,0.001391,613780.0,0.0013905,7.191657677095526
1787023743183,0.00139,669178.0,0.001391,613780.0,0.0013905,7.191657677095526
1787023743198,0.00139,681045.0,0.001391,625647.0,0.0013905,7.191657677095526
1787023743259,0.00139,783202.0,0.001391,625647.0,0.0013905,7.191657677095526
1787023743260,0.00139,852669.0,0.001391,625647.0,0.0013905,7.191657677095526
1787023743294,0.00139,852669.0,0.001391,355612.0,0.0013905,7.191657677095526
1787023743295,0.00139,1022198.0,0.001391,176683.0,0.0013905,7.191657677095526
1787023743297,0.00139,1823366.0,0.001391,176683.0,0.0013905,7.191657677095526
1787023743298,0.00139,1811499.0,0.001391,225160.0,0.0013905,7.191657677095526
1787023743300,0.00139,1892567.0,0.001391,225160.0,0.0013905,7.191657677095526
1787023743345,0.00139,1892567.0,0.001391,229116.0,0.0013905,7.191657677095526
1787023743350,0.00139,1892567.0,0.001391,233072.0,0.0013905,7.191657677095526
1787023743351,0.00139,1892567.0,0.001391,229116.0,0.0013905,7.191657677095526
1787023743354,0.00139,1892567.0,0.001391,1059812.0,0.0013905,7.191657677095526
1787023743356,0.00139,1892567.0,0.001391,1047945.0,0.0013905,7.191657677095526
1787023743400,0.00139,1811663.0,0.001391,1047945.0,0.0013905,7.191657677095526
1787023743419,0.00139,1823530.0,0.001391,1059812.0,0.0013905,7.191657677095526
1787023743424,0.00139,1823530.0,0.001391,229116.0,0.0013905,7.191657677095526
1787023743425,0.00139,1823530.0,0.001391,112774.0,0.0013905,7.191657677095526
1787023743445,0.00139,1818764.0,0.001391,112774.0,0.0013905,7.191657677095526
1787023743482,0.00139,1822721.0,0.001391,112774.0,0.0013905,7.191657677095526
1787023743595,0.00139,1837449.0,0.001391,112774.0,0.0013905,7.191657677095526
1787023743633,0.00139,1911884.0,0.001391,112774.0,0.0013905,7.191657677095526
1787023743654,0.00139,1911884.0,0.001391,108445.0,0.0013905,7.191657677095526
1787023743669,0.00139,1911884.0,0.001391,59968.0,0.0013905,7.191657677095526
1787023743670,0.00139,1911884.0,0.001391,108445.0,0.0013905,7.191657677095526
1787023743679,0.00139,1911884.0,0.001391,878752.0,0.0013905,7.191657677095526
1787023743680,0.00139,1911884.0,0.001391,866885.0,0.0013905,7.191657677095526
1787023743698,0.00139,1897156.0,0.001391,866885.0,0.0013905,7.191657677095526
1787023743717,0.00139,1897156.0,0.001391,878752.0,0.0013905,7.191657677095526
1787023743757,0.00139,1095988.0,0.001391,878752.0,0.0013905,7.191657677095526
1787023743758,0.00139,926459.0,0.001391,1057681.0,0.0013905,7.191657677095526
1787023743770,0.00139,1108875.0,0.001391,1057681.0,0.0013905,7.191657677095526
1787023743833,0.00139,1034440.0,0.001391,1057681.0,0.0013905,7.191657677095526
1787023743868,0.00139,1034440.0,0.001391,1033931.0,0.0013905,7.191657677095526
1787023743900,0.00139,1114656.0,0.001391,1033931.0,0.0013905,7.191657677095526
1787023743922,0.00139,1285853.0,0.001391,1033931.0,0.0013905,7.191657677095526
1787023743948,0.00139,1285853.0,0.001391,703472.0,0.0013905,7.191657677095526
1787023743949,0.00139,1285853.0,0.001391,707426.0,0.0013905,7.191657677095526
1787023743950,0.001391,10784.0,0.001392,2550747.0,0.0013915,7.186489399927531
1787023743951,0.001391,207738.0,0.001392,1472901.0,0.0013915,7.186489399927531
1787023743952,0.001391,200908.0,0.001392,1465267.0,0.0013915,7.186489399927531
1787023743953,0.001391,414769.0,0.001392,665267.0,0.0013915,7.186489399927531
1787023743954,0.001391,414769.0,0.001392,771087.0,0.0013915,7.186489399927531
1787023743955,0.001391,414769.0,0.001392,819564.0,0.0013915,7.186489399927531
1787023743956,0.001391,429141.0,0.001392,819564.0,0.0013915,7.186489399927531
1787023743964,0.001391,459135.0,0.001392,819564.0,0.0013915,7.186489399927531
1787023743967,0.001391,429141.0,0.001392,819564.0,0.0013915,7.186489399927531
1787023743998,0.001391,429141.0,0.001392,836021.0,0.0013915,7.186489399927531
1787023744041,0.001391,250212.0,0.001392,836021.0,0.0013915,7.186489399927531
1787023744097,0.001391,450703.0,0.001392,836021.0,0.0013915,7.186489399927531
1787023744099,0.001391,611105.0,0.001392,836021.0,0.0013915,7.186489399927531
1787023744161,0.001391,611105.0,0.001392,1713157.0,0.0013915,7.186489399927531
1787023744174,0.001391,622963.0,0.001392,1725015.0,0.0013915,7.186489399927531
1787023744281,0.001391,698486.0,0.001392,1725015.0,0.0013915,7.186489399927531
1787023744285,0.001391,1579821.0,0.001392,1725015.0,0.0013915,7.186489399927531
1787023744286,0.001391,1579821.0,0.001392,1725015.0,0.0013915,7.186489399927531
1787023744300,0.001391,1499620.0,0.001392,1725015.0,0.0013915,7.186489399927531
1787023744400,0.001391,618285.0,0.001392,1725015.0,0.0013915,7.186489399927531
1787023744499,0.001391,538084.0,0.001392,1725015.0,0.0013915,7.186489399927531
1787023744559,0.001391,106430.0,0.001392,1725015.0,0.0013915,7.186489399927531
1787023744560,0.001391,21798.0,0.001392,1725015.0,0.0013915,7.186489399927531
1787023744561,0.001391,21798.0,0.001392,1781107.0,0.0013915,7.186489399927531
1787023744562,0.001391,70275.0,0.001392,2027780.0,0.0013915,7.186489399927531
1787023744564,0.00139,1285466.0,0.001391,26623.0,0.0013905,7.191657677095526
1787023744565,0.00139,1269654.0,0.001391,26623.0,0.0013905,7.191657677095526
1787023744566,0.00139,1287092.0,0.001391,207787.0,0.0013905,7.191657677095526
1787023744567,0.00139,687092.0,0.001391,639576.0,0.0013905,7.191657677095526
1787023744568,0.00139,687092.0,0.001391,688053.0,0.0013905,7.191657677095526
1787023744577,0.00139,698959.0,0.001391,699920.0,0.0013905,7.191657677095526
1787023744595,0.00139,698959.0,0.001391,651443.0,0.0013905,7.191657677095526
1787023744607,0.00139,1552880.0,0.001391,1403638.0,0.0013905,7.191657677095526
1787023744608,0.00139,1541013.0,0.001391,1463662.0,0.0013905,7.191657677095526
1787023744613,0.00139,1537471.0,0.001391,1463662.0,0.0013905,7.191657677095526
1787023744712,0.00139,1529356.0,0.001391,1463662.0,0.0013905,7.191657677095526
1787023744714,0.00139,1541223.0,0.001391,1475529.0,0.0013905,7.191657677095526
1787023744715,0.00139,1541223.0,0.001393,4186113.0,0.0013915,21.559468199784153
1787023744716,0.001391,227406.0,0.001392,882348.0,0.0013915,7.186489399927531
1787023744717,0.001392,178929.0,0.001393,4276680.0,0.0013925,7.181328545780365
1787023744718,0.001392,191300.0,0.001393,3283653.0,0.0013925,7.181328545780365
1787023744719,0.001392,257215.0,0.001393,1087612.0,0.0013925,7.181328545780365
1787023744720,0.001391,1843055.0,0.001392,14233.0,0.0013915,7.186489399927531
1787023744721,0.001391,1839102.0,0.001392,193701.0,0.0013915,7.186489399927531
1787023744722,0.001391,1853053.0,0.001392,14233.0,0.0013915,7.186489399927531
1787023744723,0.001391,1853053.0,0.001392,62710.0,0.0013915,7.186489399927531
1787023744725,0.001391,1853053.0,0.001392,181833.0,0.0013915,7.186489399927531
1787023744726,0.001391,1853053.0,0.001392,167600.0,0.0013915,7.186489399927531
1787023744728,0.001391,1853053.0,0.001392,119123.0,0.0013915,7.186489399927531
1787023744746,0.001391,1853053.0,0.001392,119123.0,0.0013915,7.186489399927531
1787023744747,0.001391,1853053.0,0.001392,70646.0,0.0013915,7.186489399927531
1787023744767,0.001391,1853053.0,0.001392,119123.0,0.0013915,7.186489399927531
1787023744768,0.001391,1853053.0,0.001392,167600.0,0.0013915,7.186489399927531
1787023744777,0.001391,2131011.0,0.001392,167600.0,0.0013915,7.186489399927531
1787023744783,0.001391,2131011.0,0.001392,119123.0,0.0013915,7.186489399927531
1787023744802,0.001391,2211223.0,0.001392,119123.0,0.0013915,7.186489399927531
1787023744812,0.001391,2211223.0,0.001392,114370.0,0.0013915,7.186489399927531
1787023744813,0.001392,413081.0,0.001393,3543111.0,0.0013925,7.181328545780365
1787023744814,0.001392,423857.0,0.001393,3543110.0,0.0013925,7.181328545780365
1787023744815,0.001392,472334.0,0.001393,817562.0,0.0013925,7.181328545780365
1787023744816,0.001392,490238.0,0.001393,817562.0,0.0013925,7.181328545780365
1787023744824,0.001392,711796.0,0.001393,817562.0,0.0013925,7.181328545780365
1787023744827,0.001392,909709.0,0.001393,817562.0,0.0013925,7.181328545780365
1787023744828,0.001392,898933.0,0.001393,604116.0,0.0013925,7.181328545780365
1787023744840,0.001392,701020.0,0.001393,604116.0,0.0013925,7.181328545780365
1787023744854,0.001392,701020.0,0.001393,578924.0,0.0013925,7.181328545780365
1787023744856,0.001392,701020.0,0.001393,569565.0,0.0013925,7.181328545780365
1787023744863,0.001392,664919.0,0.001393,569565.0,0.0013925,7.181328545780365
1787023744864,0.001392,664919.0,0.001393,1369565.0,0.0013925,7.181328545780365
1787023744865,0.001392,664919.0,0.001393,1232513.0,0.0013925,7.181328545780365
1787023744894,0.001392,668871.0,0.001393,1232513.0,0.0013925,7.181328545780365
1787023744924,0.001392,809332.0,0.001393,1232513.0,0.0013925,7.181328545780365
1787023744925,0.001392,809332.0,0.001393,2022851.0,0.0013925,7.181328545780365
1787023744926,0.001392,821182.0,0.001393,2034701.0,0.0013925,7.181328545780365
1787023744928,0.001392,809332.0,0.001393,2034701.0,0.0013925,7.181328545780365
1787023744944,0.001392,1017210.0,0.001393,2034701.0,0.0013925,7.181328545780365
1787023744984,0.001392,809332.0,0.001393,2034701.0,0.0013925,7.181328545780365
1787023744985,0.001392,805144.0,0.001393,2034701.0,0.0013925,7.181328545780365
1787023744999,0.001392,885389.0,0.001393,2034701.0,0.0013925,7.181328545780365
1787023745098,0.001392,1086005.0,0.001393,2034701.0,0.0013925,7.181328545780365
1787023745099,0.001392,1086005.0,0.001393,1234701.0,0.0013925,7.181328545780365
1787023745100,0.001392,1858940.0,0.001393,1222851.0,0.0013925,7.181328545780365
1787023745102,0.001392,2077581.0,0.001393,1222851.0,0.0013925,7.181328545780365
1787023745104,0.001392,2089431.0,0.001393,1234701.0,0.0013925,7.181328545780365
1787023745192,0.001392,1097855.0,0.001393,1234701.0,0.0013925,7.181328545780365
1787023745366,0.001392,1097855.0,0.001393,1182960.0,0.0013925,7.181328545780365
1787023745400,0.001392,1017610.0,0.001393,1182960.0,0.0013925,7.181328545780365
1787023745488,0.001392,1922278.0,0.001393,1182960.0,0.0013925,7.181328545780365
1787023745489,0.001392,1922278.0,0.001394,16090634.0,0.0013930000000000001,14.357501794688071
1787023745490,0.001393,232326.0,0.001394,16160976.0,0.0013935,7.17617509867336
1787023745491,0.001393,288500.0,0.001394,15542825.0,0.0013935,7.17617509867336
1787023745492,0.001393,306404.0,0.001394,15440031.0,0.0013935,7.17617509867336
1787023745496,0.001393,547726.0,0.001394,15440031.0,0.0013935,7.17617509867336
1787023745497,0.001393,536958.0,0.001394,15440031.0,0.0013935,7.17617509867336
1787023745498,0.001393,536958.0,0.001394,15456014.0,0.0013935,7.17617509867336
1787023745548,0.001393,536958.0,0.001394,15452135.0,0.0013935,7.17617509867336
1787023745549,0.001393,1336958.0,0.001394,15452135.0,0.0013935,7.17617509867336
1787023745550,0.001393,1336958.0,0.001394,15434056.0,0.0013935,7.17617509867336
1787023745599,0.001393,1417101.0,0.001394,15434056.0,0.0013935,7.17617509867336
1787023745601,0.001393,1413168.0,0.001394,15434056.0,0.0013935,7.17617509867336
1787023745656,0.001393,1425009.0,0.001394,15445897.0,0.0013935,7.17617509867336
1787023745694,0.001393,2270283.0,0.001394,16313634.0,0.0013935,7.17617509867336
1787023745699,0.001393,2190140.0,0.001394,16313634.0,0.0013935,7.17617509867336
1787023745704,0.001393,2125844.0,0.001394,16313634.0,0.0013935,7.17617509867336
1787023745798,0.001393,3060110.0,0.001394,16313634.0,0.0013935,7.17617509867336
1787023745799,0.001393,3048269.0,0.001394,16313634.0,0.0013935,7.17617509867336
1787023745800,0.001393,3060110.0,0.001394,16313634.0,0.0013935,7.17617509867336
1787023745802,0.001393,3140233.0,0.001394,16313634.0,0.0013935,7.17617509867336
1787023745834,0.001393,3144182.0,0.001394,16313634.0,0.0013935,7.17617509867336
1787023745898,0.001393,3224290.0,0.001394,16313634.0,0.0013935,7.17617509867336
1787023745922,0.001393,3413810.0,0.001394,16313634.0,0.0013935,7.17617509867336
1787023745943,0.001393,3413810.0,0.001394,16299333.0,0.0013935,7.17617509867336
1787023745946,0.001393,3413810.0,0.001394,16222927.0,0.0013935,7.17617509867336
1787023745947,0.001393,3413810.0,0.001394,16148706.0,0.0013935,7.17617509867336
1787023745948,0.001393,3413810.0,0.001394,15242424.0,0.0013935,7.17617509867336
1787023745949,0.001393,3413810.0,0.001394,15147190.0,0.0013935,7.17617509867336
1787023745951,0.001393,3413810.0,0.001394,15118737.0,0.0013935,7.17617509867336
1787023745952,0.001393,3413810.0,0.001394,15091352.0,0.0013935,7.17617509867336
1787023745953,0.001393,3413810.0,0.001394,15007064.0,0.0013935,7.17617509867336
1787023745956,0.001393,3413810.0,0.001394,14986941.0,0.0013935,7.17617509867336
1787023745999,0.001393,3333702.0,0.001394,14986941.0,0.0013935,7.17617509867336
1787023746049,0.001393,3333702.0,0.001394,14955902.0,0.0013935,7.17617509867336
1787023746098,0.001393,3534041.0,0.001394,14955902.0,0.0013935,7.17617509867336
1787023746149,0.001393,3534041.0,0.001394,15724671.0,0.0013935,7.17617509867336
1787023746154,0.001393,3524922.0,0.001394,15724671.0,0.0013935,7.17617509867336
1787023746157,0.001393,3524922.0,0.001394,15654594.0,0.0013935,7.17617509867336
1787023746173,0.001393,3476445.0,0.001394,15654594.0,0.0013935,7.17617509867336
1787023746174,0.001393,2631171.0,0.001394,15654594.0,0.0013935,7.17617509867336
1787023746181,0.001393,2634761.0,0.001394,15654594.0,0.0013935,7.17617509867336
1787023746256,0.001393,2634761.0,0.001394,15512782.0,0.0013935,7.17617509867336
1787023746277,0.001393,2634761.0,0.001394,15453327.0,0.0013935,7.17617509867336
1787023746290,0.001393,2613217.0,0.001394,15453327.0,0.0013935,7.17617509867336
1787023746326,0.001393,2722688.0,0.001394,15453327.0,0.0013935,7.17617509867336
1787023746379,0.001393,3592568.0,0.001394,15453327.0,0.0013935,7.17617509867336
1787023746634,0.001393,2722688.0,0.001394,15453327.0,0.0013935,7.17617509867336
1787023746636,0.001393,2710847.0,0.001394,15453327.0,0.0013935,7.17617509867336
1787023746637,0.001393,2722688.0,0.001394,15453327.0,0.0013935,7.17617509867336
1787023746654,0.001393,2992472.0,0.001394,15453327.0,0.0013935,7.17617509867336
1787023746673,0.001393,2996119.0,0.001394,15453327.0,0.0013935,7.17617509867336
1787023746753,0.001393,2989651.0,0.001394,15453327.0,0.0013935,7.17617509867336
1787023746769,0.001393,2968105.0,0.001394,15453327.0,0.0013935,7.17617509867336
1787023747014,0.001393,3737440.0,0.001394,15453327.0,0.0013935,7.17617509867336
1787023747095,0.001393,3737440.0,0.001394,15206016.0,0.0013935,7.17617509867336
1787023747098,0.001393,3537101.0,0.001394,15206016.0,0.0013935,7.17617509867336
1787023747099,0.001393,3456978.0,0.001394,15206016.0,0.0013935,7.17617509867336
1787023747300,0.001393,3537054.0,0.001394,15206016.0,0.0013935,7.17617509867336
1787023747410,0.001393,3537054.0,0.001394,15193283.0,0.0013935,7.17617509867336
1787023747499,0.001393,3456978.0,0.001394,15193283.0,0.0013935,7.17617509867336
1787023747598,0.001393,3537037.0,0.001394,15193283.0,0.0013935,7.17617509867336
1787023747652,0.001393,3427566.0,0.001394,15193283.0,0.0013935,7.17617509867336
1787023747658,0.001393,3452460.0,0.001394,15193283.0,0.0013935,7.17617509867336
1787023747667,0.001393,3456050.0,0.001394,15193283.0,0.0013935,7.17617509867336
1787023747714,0.001393,3305062.0,0.001394,15193283.0,0.0013935,7.17617509867336
1787023747715,0.001393,3316222.0,0.001394,15193283.0,0.0013935,7.17617509867336
1787023747716,0.001393,2546887.0,0.001394,15193283.0,0.0013935,7.17617509867336
1787023747800,0.001393,2466828.0,0.001394,15193283.0,0.0013935,7.17617509867336
1787023747801,0.001393,2454987.0,0.001394,15193283.0,0.0013935,7.17617509867336
1787023747811,0.001393,2452367.0,0.001394,15193283.0,0.0013935,7.17617509867336
1787023747921,0.001393,2262847.0,0.001394,15193283.0,0.0013935,7.17617509867336
1787023747923,0.001393,2311324.0,0.001394,15193283.0,0.0013935,7.17617509867336
1787023747924,0.001393,2275008.0,0.001394,15193283.0,0.0013935,7.17617509867336
1787023747980,0.001393,3163451.0,0.001394,15193283.0,0.0013935,7.17617509867336
1787023747984,0.001393,3175292.0,0.001394,15193283.0,0.0013935,7.17617509867336
1787023747997,0.001393,3103090.0,0.001394,15193283.0,0.0013935,7.17617509867336
1787023748021,0.001393,2214647.0,0.001394,15193283.0,0.0013935,7.17617509867336
1787023748145,0.001393,2208762.0,0.001394,15193283.0,0.0013935,7.17617509867336
1787023748210,0.001393,2208762.0,0.001394,15177131.0,0.0013935,7.17617509867336
1787023748224,0.001393,3063416.0,0.001394,15177131.0,0.0013935,7.17617509867336
1787023748399,0.001393,3063416.0,0.001394,15164129.0,0.0013935,7.17617509867336
1787023748530,0.001393,3048544.0,0.001394,15164129.0,0.0013935,7.17617509867336
1787023748568,0.001393,3120331.0,0.001394,15164129.0,0.0013935,7.17617509867336
1787023748628,0.001393,2265677.0,0.001394,15164129.0,0.0013935,7.17617509867336
1787023748639,0.001393,2186985.0,0.001394,15164129.0,0.0013935,7.17617509867336
1787023748698,0.001393,2186985.0,0.001394,15178618.0,0.0013935,7.17617509867336
1787023748800,0.001393,2186985.0,0.001394,15164129.0,0.0013935,7.17617509867336
1787023748899,0.001393,2186985.0,0.001394,15178522.0,0.0013935,7.17617509867336
1787023748922,0.001393,2230858.0,0.001394,15178522.0,0.0013935,7.17617509867336
1787023748924,0.001393,2317574.0,0.001394,15178522.0,0.0013935,7.17617509867336
1787023748991,0.001393,2312653.0,0.001394,15178522.0,0.0013935,7.17617509867336
1787023748992,0.001393,1517574.0,0.001394,15178522.0,0.0013935,7.17617509867336
1787023748993,0.001393,1505733.0,0.001394,15178522.0,0.0013935,7.17617509867336
1787023748998,0.001393,1505733.0,0.001394,15164129.0,0.0013935,7.17617509867336
1787023749004,0.001393,1517574.0,0.001394,15164129.0,0.0013935,7.17617509867336
1787023749055,0.001393,1491503.0,0.001394,15164129.0,0.0013935,7.17617509867336
1787023749138,0.001393,1443026.0,0.001394,15164129.0,0.0013935,7.17617509867336
1787023749437,0.001393,1491503.0,0.001394,15164129.0,0.0013935,7.17617509867336
1787023749469,0.001393,2334465.0,0.001394,15164129.0,0.0013935,7.17617509867336
1787023749595,0.001393,2334465.0,0.001394,15178485.0,0.0013935,7.17617509867336
1787023749796,0.001393,2334465.0,0.001394,15164129.0,0.0013935,7.17617509867336
1787023749884,0.001393,2733898.0,0.001394,15164129.0,0.0013935,7.17617509867336
1787023749898,0.001393,2733898.0,0.001394,15178485.0,0.0013935,7.17617509867336
1787023749921,0.001393,2690025.0,0.001394,15178485.0,0.0013935,7.17617509867336
1787023750095,0.001393,2690025.0,0.001394,15164129.0,0.0013935,7.17617509867336
1787023750123,0.001393,2683729.0,0.001394,15164129.0,0.0013935,7.17617509867336
1787023750129,0.001393,2220052.0,0.001394,15164129.0,0.0013935,7.17617509867336
1787023750130,0.001393,2208211.0,0.001394,15164129.0,0.0013935,7.17617509867336
1787023750131,0.001393,917339.0,0.001394,15164129.0,0.0013935,7.17617509867336
1787023750132,0.001392,972315.0,0.001393,835308.0,0.0013925,7.181328545780365
1787023750133,0.001392,956812.0,0.001393,559014.0,0.0013925,7.181328545780365
1787023750134,0.001392,956812.0,0.001393,1059350.0,0.0013925,7.181328545780365
1787023750135,0.001392,1100437.0,0.001393,880010.0,0.0013925,7.181328545780365
1787023750136,0.001392,1100437.0,0.001393,856300.0,0.0013925,7.181328545780365
1787023750139,0.001392,870623.0,0.001393,856300.0,0.0013925,7.181328545780365
1787023750144,0.001392,863405.0,0.001393,856300.0,0.0013925,7.181328545780365
1787023750199,0.001392,863405.0,0.001394,15251077.0,0.0013930000000000001,14.357501794688071
1787023750201,0.001392,1311315.0,0.001394,15277443.0,0.0013930000000000001,14.357501794688071
1787023750202,0.001392,1311315.0,0.001393,48477.0,0.0013925,7.181328545780365
1787023750203,0.001392,1311315.0,0.001393,122570.0,0.0013925,7.181328545780365
1787023750204,0.001392,1311315.0,0.001393,171047.0,0.0013925,7.181328545780365
1787023750279,0.001393,423849.0,0.001394,15223380.0,0.0013935,7.17617509867336
1787023750280,0.001393,423849.0,0.001394,14347424.0,0.0013935,7.17617509867336
1787023750281,0.001393,520803.0,0.001394,14347424.0,0.0013935,7.17617509867336
1787023750282,0.001393,520803.0,0.001394,14293361.0,0.0013935,7.17617509867336
1787023750283,0.001393,520803.0,0.001394,14239819.0,0.0013935,7.17617509867336
1787023750299,0.001393,510035.0,0.001394,14254176.0,0.0013935,7.17617509867336
1787023750305,0.001393,929602.0,0.001394,14254176.0,0.0013935,7.17617509867336
1787023750339,0.001393,881125.0,0.001394,14254176.0,0.0013935,7.17617509867336
1787023750354,0.001393,929602.0,0.001394,14254176.0,0.0013935,7.17617509867336
1787023750358,0.001393,1143557.0,0.001394,14254176.0,0.0013935,7.17617509867336
1787023750368,0.001393,1143557.0,0.001394,14258123.0,0.0013935,7.17617509867336
1787023750369,0.001393,1143557.0,0.001394,14254176.0,0.0013935,7.17617509867336
1787023750371,0.001393,1143557.0,0.001394,14258123.0,0.0013935,7.17617509867336
1787023750373,0.001393,1143557.0,0.001394,14254176.0,0.0013935,7.17617509867336
1787023750389,0.001393,1155398.0,0.001394,14266017.0,0.0013935,7.17617509867336
1787023750398,0.001393,1155398.0,0.001394,14251660.0,0.0013935,7.17617509867336
1787023750490,0.001393,1908793.0,0.001394,15157889.0,0.0013935,7.17617509867336
1787023750546,0.001393,1030599.0,0.001394,15157889.0,0.0013935,7.17617509867336
1787023750547,0.001393,265363.0,0.001394,15157889.0,0.0013935,7.17617509867336
1787023750548,0.001393,262432.0,0.001394,15157889.0,0.0013935,7.17617509867336
1787023750549,0.001392,1287096.0,0.001393,266027.0,0.0013925,7.181328545780365
1787023750550,0.001392,1267645.0,0.001393,1252133.0,0.0013925,7.181328545780365
1787023750551,0.001392,1267645.0,0.001393,1616011.0,0.0013925,7.181328545780365
1787023750552,0.001392,1267645.0,0.001393,1664488.0,0.0013925,7.181328545780365
1787023750553,0.001392,902071.0,0.001393,1664488.0,0.0013925,7.181328545780365
1787023750580,0.001392,902071.0,0.001393,857722.0,0.0013925,7.181328545780365
1787023750605,0.001392,902071.0,0.001393,861671.0,0.0013925,7.181328545780365
1787023750672,0.001392,913921.0,0.001393,873521.0,0.0013925,7.181328545780365
1787023750674,0.001392,913921.0,0.001393,687008.0,0.0013925,7.181328545780365
1787023750676,0.001392,1513921.0,0.001393,687008.0,0.0013925,7.181328545780365
1787023750677,0.001392,1562398.0,0.001393,687008.0,0.0013925,7.181328545780365
1787023750679,0.001392,1562398.0,0.001393,611834.0,0.0013925,7.181328545780365
1787023750680,0.001392,1562398.0,0.001393,588124.0,0.0013925,7.181328545780365
1787023750683,0.001392,962398.0,0.001393,588124.0,0.0013925,7.181328545780365
1787023750684,0.001392,950548.0,0.001393,588124.0,0.0013925,7.181328545780365
1787023750755,0.001392,1796872.0,0.001393,588124.0,0.0013925,7.181328545780365
1787023750767,0.001392,1685119.0,0.001393,588124.0,0.0013925,7.181328545780365
1787023750768,0.001392,1733596.0,0.001393,1404191.0,0.0013925,7.181328545780365
1787023750769,0.001392,1733596.0,0.001393,1392341.0,0.0013925,7.181328545780365
1787023750776,0.001392,1745446.0,0.001393,1404191.0,0.0013925,7.181328545780365
1787023750917,0.001392,1745446.0,0.001393,1377128.0,0.0013925,7.181328545780365
1787023751081,0.001392,1741238.0,0.001393,1377128.0,0.0013925,7.181328545780365
1787023751176,0.001392,1597612.0,0.001393,1377128.0,0.0013925,7.181328545780365
1787023751203,0.001392,1597612.0,0.001393,561061.0,0.0013925,7.181328545780365
1787023751404,0.001392,1597612.0,0.001393,406008.0,0.0013925,7.181328545780365
1787023751405,0.001392,1597612.0,0.001393,454485.0,0.0013925,7.181328545780365
1787023751406,0.001393,423849.0,0.001394,15388918.0,0.0013935,7.17617509867336
1787023751407,0.001393,504876.0,0.001394,15251534.0,0.0013935,7.17617509867336
1787023751408,0.001393,508825.0,0.001394,15540104.0,0.0013935,7.17617509867336
1787023751410,0.001393,1216710.0,0.001394,15391957.0,0.0013935,7.17617509867336
1787023751411,0.001393,1205942.0,0.001394,15363263.0,0.0013935,7.17617509867336
1787023751412,0.001393,1205942.0,0.001394,15370437.0,0.0013935,7.17617509867336
1787023751413,0.001393,1254419.0,0.001394,15363263.0,0.0013935,7.17617509867336
1787023751428,0.001393,3949.0,0.001394,15363263.0,0.0013935,7.17617509867336
1787023751429,0.001392,1298574.0,0.001393,179340.0,0.0013925,7.181328545780365
1787023751430,0.001392,1290961.0,0.001393,1102816.0,0.0013925,7.181328545780365
1787023751431,0.001392,1290961.0,0.001393,1151293.0,0.0013925,7.181328545780365
1787023751432,0.001392,1290961.0,0.001393,1077260.0,0.0013925,7.181328545780365
1787023751460,0.001392,1290961.0,0.001393,862468.0,0.0013925,7.181328545780365
1787023751461,0.001392,1290961.0,0.001393,300004.0,0.0013925,7.181328545780365
1787023751477,0.001392,1339438.0,0.001393,300004.0,0.0013925,7.181328545780365
1787023751537,0.001392,1351288.0,0.001393,311854.0,0.0013925,7.181328545780365
1787023751538,0.001392,1351288.0,0.001393,288144.0,0.0013925,7.181328545780365
1787023751549,0.001392,1302811.0,0.001393,832797.0,0.0013925,7.181328545780365
1787023751550,0.001392,702811.0,0.001393,1261759.0,0.0013925,7.181328545780365
1787023751622,0.001392,690970.0,0.001393,1261759.0,0.0013925,7.181328545780365
1787023751637,0.001392,690970.0,0.001393,2041421.0,0.0013925,7.181328545780365
1787023751639,0.001392,642493.0,0.001393,2053271.0,0.0013925,7.181328545780365
1787023751693,0.001392,1441665.0,0.001393,2053271.0,0.0013925,7.181328545780365
1787023751694,0.001392,1429815.0,0.001393,2053271.0,0.0013925,7.181328545780365
1787023751695,0.001392,1478292.0,0.001393,2053271.0,0.0013925,7.181328545780365
1787023751708,0.001392,1478292.0,0.001393,2120884.0,0.0013925,7.181328545780365
1787023751709,0.001392,1478292.0,0.001393,2316390.0,0.0013925,7.181328545780365
1787023751710,0.001392,1478292.0,0.001393,2330748.0,0.0013925,7.181328545780365
1787023751711,0.001392,679120.0,0.001393,2330748.0,0.0013925,7.181328545780365
1787023751713,0.001392,630643.0,0.001393,2330748.0,0.0013925,7.181328545780365
1787023751718,0.001392,476569.0,0.001393,2330748.0,0.0013925,7.181328545780365
1787023751781,0.001392,485497.0,0.001393,2330748.0,0.0013925,7.181328545780365
1787023751878,0.001392,485497.0,0.001393,2334697.0,0.0013925,7.181328545780365
1787023751897,0.001392,485497.0,0.001393,1794995.0,0.0013925,7.181328545780365
1787023751899,0.001392,533974.0,0.001393,1843472.0,0.0013925,7.181328545780365
1787023751916,0.001392,1350115.0,0.001393,1843472.0,0.0013925,7.181328545780365
1787023751917,0.001392,1361965.0,0.001393,1843472.0,0.0013925,7.181328545780365
1787023751966,0.001392,1361965.0,0.001393,1562227.0,0.0013925,7.181328545780365
1787023752133,0.001392,1356462.0,0.001393,1562227.0,0.0013925,7.181328545780365
1787023752134,0.001392,1360414.0,0.001393,2211484.0,0.0013925,7.181328545780365
1787023752136,0.001392,1360414.0,0.001393,1611484.0,0.0013925,7.181328545780365
1787023752137,0.001392,1360414.0,0.001393,1611484.0,0.0013925,7.181328545780365
1787023752211,0.001392,1308673.0,0.001393,1611484.0,0.0013925,7.181328545780365
1787023752295,0.001392,1308673.0,0.001393,1625847.0,0.0013925,7.181328545780365
1787023752309,0.001392,1281943.0,0.001393,1625847.0,0.0013925,7.181328545780365
1787023752310,0.001392,1281943.0,0.001393,2425847.0,0.0013925,7.181328545780365
1787023752388,0.001392,1281943.0,0.001393,1625847.0,0.0013925,7.181328545780365
1787023752389,0.001392,1281943.0,0.001393,1625847.0,0.0013925,7.181328545780365
1787023752395,0.001392,1281943.0,0.001393,1611484.0,0.0013925,7.181328545780365
1787023752432,0.001392,1322467.0,0.001393,1611484.0,0.0013925,7.181328545780365
1787023752498,0.001392,1322467.0,0.001393,1625847.0,0.0013925,7.181328545780365
1787023752592,0.001392,1370944.0,0.001393,1625847.0,0.0013925,7.181328545780365
1787023752595,0.001392,1370944.0,0.001393,1611484.0,0.0013925,7.181328545780365
1787023752695,0.001392,1370944.0,0.001393,1625847.0,0.0013925,7.181328545780365
1787023752752,0.001392,554803.0,0.001393,1625847.0,0.0013925,7.181328545780365
1787023752795,0.001392,554803.0,0.001393,1611484.0,0.0013925,7.181328545780365
1787023752857,0.001392,506326.0,0.001393,1611484.0,0.0013925,7.181328545780365
1787023752898,0.001392,506326.0,0.001393,1625849.0,0.0013925,7.181328545780365
1787023752900,0.001392,457849.0,0.001393,1625849.0,0.0013925,7.181328545780365
1787023753016,0.001392,457849.0,0.001393,1625856.0,0.0013925,7.181328545780365
1787023753096,0.001392,457849.0,0.001393,1611491.0,0.0013925,7.181328545780365
1787023753098,0.001392,506326.0,0.001393,1611491.0,0.0013925,7.181328545780365
1787023753114,0.001392,1317686.0,0.001393,1611491.0,0.0013925,7.181328545780365
1787023753115,0.001392,1305836.0,0.001393,1611491.0,0.0013925,7.181328545780365
1787023753125,0.001392,1302050.0,0.001393,1611491.0,0.0013925,7.181328545780365
1787023753127,0.001392,1302050.0,0.001393,2411491.0,0.0013925,7.181328545780365
1787023753128,0.001392,490690.0,0.001393,2411491.0,0.0013925,7.181328545780365
1787023753129,0.001392,490690.0,0.001393,1611491.0,0.0013925,7.181328545780365
1787023753130,0.001392,490690.0,0.001393,1611491.0,0.0013925,7.181328545780365
1787023753197,0.001392,490690.0,0.001393,1625856.0,0.0013925,7.181328545780365
1787023753222,0.001392,505177.0,0.001393,1625856.0,0.0013925,7.181328545780365
1787023753240,0.001392,505177.0,0.001393,1768966.0,0.0013925,7.181328545780365
1787023753305,0.001392,478249.0,0.001393,1768966.0,0.0013925,7.181328545780365
1787023753306,0.001392,478249.0,0.001393,2568966.0,0.0013925,7.181328545780365
1787023753324,0.001392,429772.0,0.001393,2568966.0,0.0013925,7.181328545780365
1787023753325,0.001392,106613.0,0.001393,2568966.0,0.0013925,7.181328545780365
1787023753326,0.001392,76648.0,0.001393,2568966.0,0.0013925,7.181328545780365
1787023753327,0.001392,76648.0,0.001393,3053667.0,0.0013925,7.181328545780365
1787023753328,0.001391,1890123.0,0.001392,477827.0,0.0013915,7.186489399927531
1787023753329,0.001391,2774693.0,0.001392,367432.0,0.0013915,7.186489399927531
1787023753330,0.001391,1981836.0,0.001392,1407030.0,0.0013915,7.186489399927531
1787023753331,0.001391,1981836.0,0.001392,1302867.0,0.0013915,7.186489399927531
1787023753332,0.001391,1093478.0,0.001392,1309724.0,0.0013915,7.186489399927531
1787023753333,0.001391,908516.0,0.001392,1953911.0,0.0013915,7.186489399927531
1787023753334,0.001391,686958.0,0.001392,1953911.0,0.0013915,7.186489399927531
1787023753335,0.001391,508029.0,0.001392,2004001.0,0.0013915,7.186489399927531
1787023753372,0.001391,504076.0,0.001392,2004001.0,0.0013915,7.186489399927531
1787023753374,0.001391,552553.0,0.001392,2004001.0,0.0013915,7.186489399927531
1787023753398,0.001391,552553.0,0.001392,2018377.0,0.0013915,7.186489399927531
1787023753434,0.001391,552553.0,0.001392,2030235.0,0.0013915,7.186489399927531
1787023753435,0.001391,564411.0,0.001392,2030235.0,0.0013915,7.186489399927531
1787023753483,0.001391,564411.0,0.001392,1973866.0,0.0013915,7.186489399927531
1787023753495,0.001391,564411.0,0.001392,1988242.0,0.0013915,7.186489399927531
1787023753501,0.001391,564411.0,0.001392,3528472.0,0.0013915,7.186489399927531
1787023753506,0.001391,564411.0,0.001392,3472103.0,0.0013915,7.186489399927531
1787023753521,0.001391,550039.0,0.001392,3472103.0,0.0013915,7.186489399927531
1787023753537,0.001391,538189.0,0.001392,3592689.0,0.0013915,7.186489399927531
1787023753545,0.001391,538189.0,0.001392,3570164.0,0.0013915,7.186489399927531
1787023753598,0.001391,538189.0,0.001392,2029934.0,0.0013915,7.186489399927531
1787023753600,0.001391,1349195.0,0.001392,2029934.0,0.0013915,7.186489399927531
1787023753601,0.001391,1349195.0,0.001392,2029934.0,0.0013915,7.186489399927531
1787023753657,0.001391,1342172.0,0.001392,2029934.0,0.0013915,7.186489399927531
1787023753694,0.001391,1448786.0,0.001392,2029934.0,0.0013915,7.186489399927531
1787023753774,0.001391,1448786.0,0.001392,1814572.0,0.0013915,7.186489399927531
1787023753778,0.001391,1448786.0,0.001392,1759153.0,0.0013915,7.186489399927531
1787023753791,0.001391,1448786.0,0.001392,1709405.0,0.0013915,7.186489399927531
1787023753800,0.001391,1448786.0,0.001392,1713357.0,0.0013915,7.186489399927531
1787023753824,0.001391,1448786.0,0.001392,1654836.0,0.0013915,7.186489399927531
1787023753842,0.001391,1889598.0,0.001392,960645.0,0.0013915,7.186489399927531
1787023753843,0.001391,1889598.0,0.001392,1032484.0,0.0013915,7.186489399927531
1787023753844,0.001391,1889598.0,0.001392,1080961.0,0.0013915,7.186489399927531
1787023753933,0.001391,1889598.0,0.001392,805747.0,0.0013915,7.186489399927531
1787023753963,0.001391,1889598.0,0.001392,809594.0,0.0013915,7.186489399927531
1787023753969,0.001391,1889598.0,0.001392,758165.0,0.0013915,7.186489399927531
1787023754004,0.001391,1841121.0,0.001392,758165.0,0.0013915,7.186489399927531
1787023754041,0.001391,1841121.0,0.001392,615055.0,0.0013915,7.186489399927531
1787023754043,0.001391,1841121.0,0.001392,1460956.0,0.0013915,7.186489399927531
1787023754044,0.001391,1841121.0,0.001392,1460956.0,0.0013915,7.186489399927531
1787023754070,0.001391,1030115.0,0.001392,1460956.0,0.0013915,7.186489399927531
1787023754071,0.001391,1018257.0,0.001392,1460956.0,0.0013915,7.186489399927531
1787023754099,0.001391,1018257.0,0.001392,2059354.0,0.0013915,7.186489399927531
1787023754100,0.001391,1018257.0,0.001392,2258820.0,0.0013915,7.186489399927531
1787023754101,0.001391,577445.0,0.001392,2258820.0,0.0013915,7.186489399927531
1787023754102,0.001391,164364.0,0.001392,2258820.0,0.0013915,7.186489399927531
1787023754121,0.001391,159072.0,0.001392,2258820.0,0.0013915,7.186489399927531
1787023754123,0.001391,159072.0,0.001392,3058820.0,0.0013915,7.186489399927531
1787023754124,0.001391,159072.0,0.001392,2975123.0,0.0013915,7.186489399927531
1787023754148,0.00139,523514.0,0.001391,135465.0,0.0013905,7.191657677095526
1787023754149,0.00139,523514.0,0.001391,637052.0,0.0013905,7.191657677095526
1787023754150,0.00139,611537.0,0.001391,553881.0,0.0013905,7.191657677095526
1787023754151,0.00139,539595.0,0.001391,1153908.0,0.0013905,7.191657677095526
1787023754152,0.00139,539595.0,0.001391,1225799.0,0.0013905,7.191657677095526
1787023754175,0.00139,539595.0,0.001391,1153908.0,0.0013905,7.191657677095526
1787023754180,0.00139,539595.0,0.001391,939116.0,0.0013905,7.191657677095526
1787023754182,0.00139,539595.0,0.001391,867225.0,0.0013905,7.191657677095526
1787023754200,0.00139,539595.0,0.001391,795334.0,0.0013905,7.191657677095526
1787023754201,0.00139,539595.0,0.001391,2335564.0,0.0013905,7.191657677095526
1787023754202,0.00139,318037.0,0.001391,2335564.0,0.0013905,7.191657677095526
1787023754229,0.00139,294883.0,0.001391,2335564.0,0.0013905,7.191657677095526
1787023754231,0.00139,294883.0,0.001392,4376324.0,0.0013909999999999999,14.378145219267065
1787023754232,0.00139,514977.0,0.001392,4182897.0,0.0013909999999999999,14.378145219267065
1787023754233,0.00139,514977.0,0.001391,568497.0,0.0013905,7.191657677095526
1787023754234,0.00139,503110.0,0.001391,640775.0,0.0013905,7.191657677095526
1787023754235,0.00139,503110.0,0.001391,114643.0,0.0013905,7.191657677095526
1787023754236,0.00139,503110.0,0.001391,163120.0,0.0013905,7.191657677095526
1787023754237,0.00139,503110.0,0.001391,14932.0,0.0013905,7.191657677095526
1787023754238,0.00139,1103110.0,0.001391,14932.0,0.0013905,7.191657677095526
1787023754240,0.00139,1103110.0,0.001391,256539.0,0.0013905,7.191657677095526
1787023754256,0.00139,1103110.0,0.001391,305016.0,0.0013905,7.191657677095526
1787023754271,0.00139,1103110.0,0.001391,308970.0,0.0013905,7.191657677095526
1787023754278,0.00139,1913589.0,0.001391,308970.0,0.0013905,7.191657677095526
1787023754282,0.00139,1913589.0,0.001391,260493.0,0.0013905,7.191657677095526
1787023754299,0.00139,1913589.0,0.001391,245561.0,0.0013905,7.191657677095526
1787023754310,0.00139,1313589.0,0.001391,245561.0,0.0013905,7.191657677095526
1787023754312,0.00139,1313589.0,0.001391,294038.0,0.0013905,7.191657677095526
1787023754314,0.00139,1313589.0,0.001391,1122182.0,0.0013905,7.191657677095526
1787023754316,0.00139,1313589.0,0.001391,1242550.0,0.0013905,7.191657677095526
1787023754321,0.00139,1325456.0,0.001391,1254417.0,0.0013905,7.191657677095526
1787023754330,0.00139,1331740.0,0.001391,1254417.0,0.0013905,7.191657677095526
1787023754338,0.00139,1331740.0,0.001391,1012810.0,0.0013905,7.191657677095526
1787023754339,0.00139,1331740.0,0.001391,1084701.0,0.0013905,7.191657677095526
1787023754340,0.00139,1331740.0,0.001391,256557.0,0.0013905,7.191657677095526
1787023754341,0.00139,1331740.0,0.001391,306777.0,0.0013905,7.191657677095526
1787023754342,0.00139,1331740.0,0.001391,112775.0,0.0013905,7.191657677095526
1787023754343,0.00139,1331740.0,0.001391,100908.0,0.0013905,7.191657677095526
1787023754344,0.00139,1331740.0,0.001391,52431.0,0.0013905,7.191657677095526
1787023754346,0.00139,1331740.0,0.001391,123504.0,0.0013905,7.191657677095526
1787023754361,0.00139,1327787.0,0.001391,123504.0,0.0013905,7.191657677095526
1787023754444,0.00139,1327787.0,0.001391,171981.0,0.0013905,7.191657677095526
1787023754455,0.00139,1327787.0,0.001391,183848.0,0.0013905,7.191657677095526
1787023754473,0.00139,1327787.0,0.001391,169547.0,0.0013905,7.191657677095526
1787023754608,0.00139,1327787.0,0.001391,1065992.0,0.0013905,7.191657677095526
1787023754609,0.00139,1327787.0,0.001391,1065992.0,0.0013905,7.191657677095526
1787023754652,0.00139,1327787.0,0.001391,1052464.0,0.0013905,7.191657677095526
1787023754673,0.00139,1327787.0,0.001391,156019.0,0.0013905,7.191657677095526
1787023754679,0.001391,442171.0,0.001392,2934483.0,0.0013915,7.186489399927531
1787023754680,0.001391,524580.0,0.001392,1428584.0,0.0013915,7.186489399927531
1787023754681,0.001391,907669.0,0.001392,1358431.0,0.0013915,7.186489399927531
1787023754683,0.00139,1531394.0,0.001391,179597.0,0.0013905,7.191657677095526
1787023754684,0.00139,1310206.0,0.001391,604769.0,0.0013905,7.191657677095526
1787023754685,0.00139,1090112.0,0.001391,868670.0,0.0013905,7.191657677095526
1787023754686,0.00139,1090112.0,0.001391,940561.0,0.0013905,7.191657677095526
1787023754687,0.00139,1090112.0,0.001391,1305845.0,0.0013905,7.191657677095526
1787023754692,0.00139,1090112.0,0.001391,1354322.0,0.0013905,7.191657677095526
1787023754698,0.00139,1090112.0,0.001391,1343273.0,0.0013905,7.191657677095526
1787023754704,0.00139,1090112.0,0.001391,1415164.0,0.0013905,7.191657677095526
1787023754713,0.00139,1090112.0,0.001391,1401584.0,0.0013905,7.191657677095526
1787023754725,0.001387,405834.0,0.001388,661977.0,0.0013874999999999998,7.2072072072066025
1787023754726,0.001386,892051.0,0.001387,605609.0,0.0013865000000000001,7.212405337179342
1787023754727,0.001385,1999441.0,0.001386,141644.0,0.0013855,7.217610970769633
1787023754728,0.001386,10823.0,0.001387,476198.0,0.0013865000000000001,7.212405337179342
1787023754729,0.001385,200436.0,0.001386,413081.0,0.0013855,7.217610970769633
1787023754730,0.001384,3577351.0,0.001386,1213081.0,0.001385,14.44043321299674
1787023754731,0.001385,17052.0,0.001386,1225908.0,0.0013855,7.217610970769633
1787023754732,0.001385,65529.0,0.001386,1818957.0,0.0013855,7.217610970769633
1787023754733,0.001384,2436770.0,0.001386,245320.0,0.001385,14.44043321299674
1787023754734,0.001384,2432817.0,0.001385,10830.0,0.0013844999999999999,7.222824124231968
1787023754735,0.001384,2541997.0,0.001385,543563.0,0.0013844999999999999,7.222824124231968
1787023754736,0.001385,1037587.0,0.001386,72150.0,0.0013855,7.217610970769633
1787023754737,0.001385,1102221.0,0.001386,3838.0,0.0013855,7.217610970769633
1787023754738,0.001385,1102221.0,0.001386,28870.0,0.0013855,7.217610970769633
1787023754739,0.001386,635675.0,0.001387,415493.0,0.0013865000000000001,7.212405337179342
1787023754740,0.001386,669308.0,0.001387,415493.0,0.0013865000000000001,7.212405337179342
1787023754741,0.001386,660365.0,0.001387,217642.0,0.0013865000000000001,7.212405337179342
1787023754742,0.001386,626732.0,0.001387,135799.0,0.0013865000000000001,7.212405337179342
1787023754751,0.001386,626732.0,0.001387,150212.0,0.0013865000000000001,7.212405337179342
1787023754758,0.001386,626732.0,0.001387,101735.0,0.0013865000000000001,7.212405337179342
1787023754759,0.001386,626732.0,0.001387,113600.0,0.0013865000000000001,7.212405337179342
1787023754768,0.001386,626732.0,0.001387,100473.0,0.0013865000000000001,7.212405337179342
1787023754769,0.001386,826732.0,0.001387,100473.0,0.0013865000000000001,7.212405337179342
1787023754780,0.001386,826732.0,0.001387,89485.0,0.0013865000000000001,7.212405337179342
1787023754785,0.001386,826732.0,0.001387,75144.0,0.0013865000000000001,7.212405337179342
1787023754786,0.001386,916492.0,0.001387,75144.0,0.0013865000000000001,7.212405337179342
1787023754792,0.001386,916492.0,0.001387,123621.0,0.0013865000000000001,7.212405337179342
1787023754795,0.001386,555325.0,0.001387,123621.0,0.0013865000000000001,7.212405337179342
1787023754796,0.001386,571475.0,0.001387,123621.0,0.0013865000000000001,7.212405337179342
1787023754797,0.001386,371475.0,0.001387,142726.0,0.0013865000000000001,7.212405337179342
1787023754798,0.001386,16150.0,0.001387,142726.0,0.0013865000000000001,7.212405337179342
1787023754799,0.001386,16150.0,0.001387,142726.0,0.0013865000000000001,7.212405337179342
1787023754801,0.001386,236244.0,0.001387,142726.0,0.0013865000000000001,7.212405337179342
1787023754803,0.001386,236244.0,0.001387,359020.0,0.0013865000000000001,7.212405337179342
1787023754804,0.001386,236244.0,0.001387,142726.0,0.0013865000000000001,7.212405337179342
1787023754805,0.001386,236244.0,0.001387,214824.0,0.0013865000000000001,7.212405337179342
1787023754806,0.001386,236244.0,0.001387,142726.0,0.0013865000000000001,7.212405337179342
1787023754811,0.001386,287985.0,0.001387,142726.0,0.0013865000000000001,7.212405337179342
1787023754898,0.001386,271835.0,0.001387,142726.0,0.0013865000000000001,7.212405337179342
1787023754911,0.001386,283736.0,0.001387,154627.0,0.0013865000000000001,7.212405337179342
1787023754916,0.001386,283736.0,0.001387,421432.0,0.0013865000000000001,7.212405337179342
1787023754917,0.001386,283736.0,0.001387,481629.0,0.0013865000000000001,7.212405337179342
1787023754918,0.001386,63642.0,0.001387,481629.0,0.0013865000000000001,7.212405337179342
1787023754919,0.001386,63642.0,0.001387,891262.0,0.0013865000000000001,7.212405337179342
1787023754920,0.001386,63642.0,0.001387,963360.0,0.0013865000000000001,7.212405337179342
1787023754921,0.001386,63642.0,0.001387,1107556.0,0.0013865000000000001,7.212405337179342
1787023754922,0.001386,63642.0,0.001387,1179654.0,0.0013865000000000001,7.212405337179342
1787023754927,0.001386,63642.0,0.001387,2007972.0,0.0013865000000000001,7.212405337179342
1787023755012,0.001386,63642.0,0.001387,2019873.0,0.0013865000000000001,7.212405337179342
1787023755013,0.001386,63642.0,0.001387,2118899.0,0.0013865000000000001,7.212405337179342
1787023755018,0.001385,1952308.0,0.001386,12585.0,0.0013855,7.217610970769633
1787023755019,0.001385,1952307.0,0.001386,424151.0,0.0013855,7.217610970769633
1787023755020,0.001385,1078993.0,0.001386,535569.0,0.0013855,7.217610970769633
1787023755021,0.001385,1223293.0,0.001386,535569.0,0.0013855,7.217610970769633
1787023755091,0.001385,1227265.0,0.001386,535569.0,0.0013855,7.217610970769633
1787023755112,0.001385,1227265.0,0.001386,547479.0,0.0013855,7.217610970769633
1787023755119,0.001385,460383.0,0.001386,547479.0,0.0013855,7.217610970769633
1787023755181,0.001385,536317.0,0.001386,547479.0,0.0013855,7.217610970769633
1787023755189,0.001385,509018.0,0.001386,547479.0,0.0013855,7.217610970769633
1787023755190,0.001385,509018.0,0.001386,1347479.0,0.0013855,7.217610970769633
1787023755192,0.001385,509018.0,0.001386,1335569.0,0.0013855,7.217610970769633
1787023755199,0.001385,509018.0,0.001386,1350007.0,0.0013855,7.217610970769633
1787023755212,0.001385,509018.0,0.001386,1353976.0,0.0013855,7.217610970769633
1787023755213,0.001385,509018.0,0.001386,1365886.0,0.0013855,7.217610970769633
1787023755221,0.001385,1372198.0,0.001386,2225248.0,0.0013855,7.217610970769633
1787023755223,0.001385,1372198.0,0.001386,2225248.0,0.0013855,7.217610970769633
1787023755229,0.001385,1365793.0,0.001386,2225248.0,0.0013855,7.217610970769633
1787023755238,0.001385,1365793.0,0.001386,2368358.0,0.0013855,7.217610970769633
1787023755254,0.001385,1365793.0,0.001386,708996.0,0.0013855,7.217610970769633
1787023755255,0.001385,1365793.0,0.001386,298105.0,0.0013855,7.217610970769633
1787023755256,0.001386,28292.0,0.001387,1264555.0,0.0013865000000000001,7.212405337179342
1787023755257,0.001386,165939.0,0.001387,1306844.0,0.0013865000000000001,7.212405337179342
1787023755258,0.001386,165939.0,0.001387,1567064.0,0.0013865000000000001,7.212405337179342
1787023755262,0.001386,165939.0,0.001387,1251620.0,0.0013865000000000001,7.212405337179342
1787023755277,0.001386,165939.0,0.001387,967024.0,0.0013865000000000001,7.212405337179342
1787023755278,0.001386,151793.0,0.001387,967024.0,0.0013865000000000001,7.212405337179342
1787023755279,0.001386,200270.0,0.001387,967024.0,0.0013865000000000001,7.212405337179342
1787023755297,0.001386,200270.0,0.001387,981452.0,0.0013865000000000001,7.212405337179342
1787023755309,0.001386,204978.0,0.001387,981452.0,0.0013865000000000001,7.212405337179342
1787023755320,0.001386,204978.0,0.001387,1296825.0,0.0013865000000000001,7.212405337179342
1787023755321,0.001386,204978.0,0.001387,1455445.0,0.0013865000000000001,7.212405337179342
1787023755322,0.001386,156501.0,0.001387,1455445.0,0.0013865000000000001,7.212405337179342
1787023755334,0.001385,1365784.0,0.001386,900723.0,0.0013855,7.217610970769633
1787023755335,0.001385,490703.0,0.001386,1619558.0,0.0013855,7.217610970769633
1787023755336,0.001385,490703.0,0.001386,1142739.0,0.0013855,7.217610970769633
1787023755338,0.001385,490703.0,0.001386,1867875.0,0.0013855,7.217610970769633
1787023755339,0.001384,3201729.0,0.001385,197220.0,0.0013844999999999999,7.222824124231968
1787023755340,0.001384,2930971.0,0.001385,21660.0,0.0013844999999999999,7.222824124231968
1787023755341,0.001384,2208830.0,0.001385,84601.0,0.0013844999999999999,7.222824124231968
1787023755342,0.001384,2208830.0,0.001385,99014.0,0.0013844999999999999,7.222824124231968
1787023755343,0.001384,2208830.0,0.001385,88184.0,0.0013844999999999999,7.222824124231968
1787023755378,0.001384,2204877.0,0.001385,88184.0,0.0013844999999999999,7.222824124231968
1787023755387,0.001384,2209211.0,0.001385,104002.0,0.0013844999999999999,7.222824124231968
1787023755408,0.001384,2209211.0,0.001385,152479.0,0.0013844999999999999,7.222824124231968
1787023755417,0.001384,2209211.0,0.001385,175416.0,0.0013844999999999999,7.222824124231968
1787023755418,0.001384,2209211.0,0.001385,187334.0,0.0013844999999999999,7.222824124231968
1787023755419,0.001384,2221129.0,0.001385,187334.0,0.0013844999999999999,7.222824124231968
1787023755483,0.001384,2297081.0,0.001385,187334.0,0.0013844999999999999,7.222824124231968
1787023755505,0.001384,2297081.0,0.001385,179392.0,0.0013844999999999999,7.222824124231968
1787023755538,0.001384,3109261.0,0.001385,179392.0,0.0013844999999999999,7.222824124231968
1787023755539,0.001384,3109261.0,0.001385,113563.0,0.0013844999999999999,7.222824124231968
1787023755541,0.001384,3109261.0,0.001385,75329.0,0.0013844999999999999,7.222824124231968
1787023755545,0.001384,3109261.0,0.001385,98266.0,0.0013844999999999999,7.222824124231968
1787023755549,0.001384,3109261.0,0.001385,49789.0,0.0013844999999999999,7.222824124231968
1787023755550,0.001385,19721.0,0.001386,2531746.0,0.0013855,7.217610970769633
1787023755551,0.001385,19721.0,0.001386,2487815.0,0.0013855,7.217610970769633
1787023755552,0.001385,19721.0,0.001386,2704265.0,0.0013855,7.217610970769633
1787023755553,0.001385,53598.0,0.001386,2632115.0,0.0013855,7.217610970769633
1787023755559,0.001385,19721.0,0.001386,2632115.0,0.0013855,7.217610970769633
1787023755560,0.001385,19721.0,0.001386,2781885.0,0.0013855,7.217610970769633
1787023755561,0.001385,23693.0,0.001386,2781885.0,0.0013855,7.217610970769633
1787023755573,0.001385,3972.0,0.001386,2781885.0,0.0013855,7.217610970769633
1787023755674,0.001384,2893593.0,0.001386,2781885.0,0.001385,14.44043321299674
1787023755675,0.001384,2893592.0,0.001385,627873.0,0.0013844999999999999,7.222824124231968
1787023755676,0.001384,2796186.0,0.001385,714344.0,0.0013844999999999999,7.222824124231968
1787023755677,0.001384,2796186.0,0.001385,1592804.0,0.0013844999999999999,7.222824124231968
1787023755678,0.001384,2576092.0,0.001385,1629363.0,0.0013844999999999999,7.222824124231968
1787023755683,0.001384,2576092.0,0.001385,1633335.0,0.0013844999999999999,7.222824124231968
1787023755700,0.001384,2576092.0,0.001385,754875.0,0.0013844999999999999,7.222824124231968
1787023755705,0.001384,2576092.0,0.001385,540083.0,0.0013844999999999999,7.222824124231968
1787023755707,0.001384,2576092.0,0.001385,465530.0,0.0013844999999999999,7.222824124231968
1787023755709,0.001384,2576092.0,0.001385,191958.0,0.0013844999999999999,7.222824124231968
1787023755711,0.001385,19720.0,0.001386,1726549.0,0.0013855,7.217610970769633
1787023755712,0.001385,431043.0,0.001386,1863392.0,0.0013855,7.217610970769633
1787023755713,0.001385,33924.0,0.001386,1863392.0,0.0013855,7.217610970769633
1787023755719,0.001384,2564174.0,0.001385,14532.0,0.0013844999999999999,7.222824124231968
1787023755720,0.001384,2564174.0,0.001385,259974.0,0.0013844999999999999,7.222824124231968
1787023755721,0.001384,2564174.0,0.001385,259974.0,0.0013844999999999999,7.222824124231968
1787023755725,0.001384,2564174.0,0.001385,308451.0,0.0013844999999999999,7.222824124231968
1787023755750,0.001384,2564174.0,0.001385,123975.0,0.0013844999999999999,7.222824124231968
1787023755778,0.001384,2576092.0,0.001385,123975.0,0.0013844999999999999,7.222824124231968
1787023755779,0.001384,2576092.0,0.001385,135893.0,0.0013844999999999999,7.222824124231968
1787023755801,0.001384,2655779.0,0.001385,135893.0,0.0013844999999999999,7.222824124231968
1787023755813,0.001384,2655779.0,0.001385,935893.0,0.0013844999999999999,7.222824124231968
1787023755814,0.001384,2655779.0,0.001385,923975.0,0.0013844999999999999,7.222824124231968
1787023755819,0.001384,2655779.0,0.001385,975716.0,0.0013844999999999999,7.222824124231968
1787023755830,0.001384,2282150.0,0.001385,975716.0,0.0013844999999999999,7.222824124231968
1787023755832,0.001384,2282150.0,0.001385,1047918.0,0.0013844999999999999,7.222824124231968
1787023755862,0.001384,2469711.0,0.001385,1047918.0,0.0013844999999999999,7.222824124231968
1787023755899,0.001384,2390024.0,0.001385,1047918.0,0.0013844999999999999,7.222824124231968
1787023755900,0.001384,2390024.0,0.001385,1059836.0,0.0013844999999999999,7.222824124231968
1787023756029,0.001384,2390024.0,0.001385,259836.0,0.0013844999999999999,7.222824124231968
1787023756030,0.001384,2390024.0,0.001385,187634.0,0.0013844999999999999,7.222824124231968
1787023756153,0.001384,2390024.0,0.001385,191606.0,0.0013844999999999999,7.222824124231968
1787023756180,0.001384,2301534.0,0.001385,191606.0,0.0013844999999999999,7.222824124231968
1787023756181,0.001384,2301534.0,0.001385,991606.0,0.0013844999999999999,7.222824124231968
1787023756182,0.001384,2301534.0,0.001385,1839380.0,0.0013844999999999999,7.222824124231968
1787023756184,0.001384,1489354.0,0.001385,1839380.0,0.0013844999999999999,7.222824124231968
1787023756196,0.001384,1489354.0,0.001385,1853826.0,0.0013844999999999999,7.222824124231968
1787023756231,0.001384,1482300.0,0.001385,1853826.0,0.0013844999999999999,7.222824124231968
1787023756256,0.001384,1454789.0,0.001385,1853826.0,0.0013844999999999999,7.222824124231968
1787023756295,0.001384,1433109.0,0.001385,1853826.0,0.0013844999999999999,7.222824124231968
1787023756350,0.001384,1433109.0,0.001385,1794626.0,0.0013844999999999999,7.222824124231968
1787023756352,0.001384,1433109.0,0.001385,994626.0,0.0013844999999999999,7.222824124231968
1787023756353,0.001384,1433109.0,0.001385,219054.0,0.0013844999999999999,7.222824124231968
1787023756354,0.001384,1433109.0,0.001385,291256.0,0.0013844999999999999,7.222824124231968
1787023756355,0.001384,1433109.0,0.001385,146852.0,0.0013844999999999999,7.222824124231968
1787023756356,0.001384,1433109.0,0.001385,134934.0,0.0013844999999999999,7.222824124231968
1787023756460,0.001384,1433109.0,0.001385,146852.0,0.0013844999999999999,7.222824124231968
1787023756463,0.001385,64327.0,0.001386,2636603.0,0.0013855,7.217610970769633
1787023756464,0.001385,98467.0,0.001386,1870688.0,0.0013855,7.217610970769633
1787023756465,0.001385,360900.0,0.001386,1663988.0,0.0013855,7.217610970769633
1787023756466,0.001385,326760.0,0.001386,1708820.0,0.0013855,7.217610970769633
1787023756469,0.001385,326760.0,0.001386,1610943.0,0.0013855,7.217610970769633
1787023756499,0.001385,326760.0,0.001386,1625382.0,0.0013855,7.217610970769633
1787023756504,0.001385,330732.0,0.001386,1625382.0,0.0013855,7.217610970769633
1787023756556,0.001385,1214731.0,0.001386,1625382.0,0.0013855,7.217610970769633
1787023756557,0.001385,1214731.0,0.001386,2507181.0,0.0013855,7.217610970769633
1787023756558,0.001385,1226641.0,0.001386,2507181.0,0.0013855,7.217610970769633
1787023756574,0.001385,1226641.0,0.001386,2519091.0,0.0013855,7.217610970769633
1787023756624,0.001385,1226641.0,0.001386,2523060.0,0.0013855,7.217610970769633
1787023756630,0.001385,1226641.0,0.001386,2342164.0,0.0013855,7.217610970769633
1787023756632,0.001385,1226641.0,0.001386,1460365.0,0.0013855,7.217610970769633
1787023756634,0.001385,1226641.0,0.001386,1532515.0,0.0013855,7.217610970769633
1787023756721,0.001385,1226641.0,0.001386,932515.0,0.0013855,7.217610970769633
1787023756722,0.001385,1226641.0,0.001386,1004665.0,0.0013855,7.217610970769633
1787023756723,0.001385,1226641.0,0.001386,1076815.0,0.0013855,7.217610970769633
1787023756769,0.001385,1204963.0,0.001386,1076815.0,0.0013855,7.217610970769633
1787023756771,0.001385,1204963.0,0.001386,1676815.0,0.0013855,7.217610970769633
1787023756772,0.001385,1204963.0,0.001386,1076815.0,0.0013855,7.217610970769633
1787023756773,0.001385,1204963.0,0.001386,1076815.0,0.0013855,7.217610970769633
1787023756774,0.001385,1204963.0,0.001386,1148965.0,0.0013855,7.217610970769633
1787023756784,0.001385,1279837.0,0.001386,1148965.0,0.0013855,7.217610970769633
1787023756835,0.001385,1279837.0,0.001386,2036062.0,0.0013855,7.217610970769633
1787023756862,0.001385,1440268.0,0.001386,2036062.0,0.0013855,7.217610970769633
1787023756889,0.001385,1440268.0,0.001386,1963912.0,0.0013855,7.217610970769633
1787023757082,0.001385,1365394.0,0.001386,1963912.0,0.0013855,7.217610970769633
1787023757229,0.001385,1361535.0,0.001386,1963912.0,0.0013855,7.217610970769633
1787023757455,0.001385,1333786.0,0.001386,1963912.0,0.0013855,7.217610970769633
1787023757483,0.001385,1408660.0,0.001386,1963912.0,0.0013855,7.217610970769633
1787023757597,0.001385,524661.0,0.001386,1963912.0,0.0013855,7.217610970769633
1787023757598,0.001384,4902339.0,0.001385,22951.0,0.0013844999999999999,7.222824124231968
1787023757599,0.001384,4882772.0,0.001385,620342.0,0.0013844999999999999,7.222824124231968
1787023757600,0.001384,4882772.0,0.001385,476664.0,0.0013844999999999999,7.222824124231968
1787023757601,0.001384,5027228.0,0.001385,461558.0,0.0013844999999999999,7.222824124231968
1787023757603,0.001384,5027228.0,0.001385,538813.0,0.0013844999999999999,7.222824124231968
1787023757682,0.001384,5102189.0,0.001385,538813.0,0.0013844999999999999,7.222824124231968
1787023757728,0.001384,5114107.0,0.001385,550731.0,0.0013844999999999999,7.222824124231968
1787023757791,0.001384,5114107.0,0.001385,1350731.0,0.0013844999999999999,7.222824124231968
1787023757792,0.001384,5114107.0,0.001385,538813.0,0.0013844999999999999,7.222824124231968
1787023757800,0.001384,5192636.0,0.001385,538813.0,0.0013844999999999999,7.222824124231968
1787023757803,0.001384,5999710.0,0.001385,538813.0,0.0013844999999999999,7.222824124231968
1787023757805,0.001384,5999710.0,0.001385,1335127.0,0.0013844999999999999,7.222824124231968
1787023757840,0.001384,5929007.0,0.001385,1335127.0,0.0013844999999999999,7.222824124231968
1787023757841,0.001384,5929007.0,0.001385,1347045.0,0.0013844999999999999,7.222824124231968
1787023757847,0.001384,5929007.0,0.001385,1419247.0,0.0013844999999999999,7.222824124231968
1787023757898,0.001384,5850478.0,0.001385,1419247.0,0.0013844999999999999,7.222824124231968
1787023757900,0.001384,5850478.0,0.001385,1389247.0,0.0013844999999999999,7.222824124231968
1787023758035,0.001384,5850478.0,0.001385,1393219.0,0.0013844999999999999,7.222824124231968
1787023758191,0.001384,5850478.0,0.001385,1317747.0,0.0013844999999999999,7.222824124231968
1787023758311,0.001384,5843571.0,0.001385,1317747.0,0.0013844999999999999,7.222824124231968
1787023758312,0.001384,5843571.0,0.001385,1917747.0,0.0013844999999999999,7.222824124231968
1787023758314,0.001384,5843571.0,0.001385,1245545.0,0.0013844999999999999,7.222824124231968
1787023758315,0.001384,5843571.0,0.001385,1233627.0,0.0013844999999999999,7.222824124231968
1787023758316,0.001384,5843571.0,0.001385,1245545.0,0.0013844999999999999,7.222824124231968
1787023758533,0.001384,5815611.0,0.001385,1245545.0,0.0013844999999999999,7.222824124231968
1787023758535,0.001384,5815611.0,0.001385,2045545.0,0.0013844999999999999,7.222824124231968
1787023758536,0.001384,5008537.0,0.001385,2045545.0,0.0013844999999999999,7.222824124231968
1787023758583,0.001384,5008537.0,0.001385,1911423.0,0.0013844999999999999,7.222824124231968
1787023758611,0.001384,4864081.0,0.001385,1911423.0,0.0013844999999999999,7.222824124231968
1787023758795,0.001384,5662683.0,0.001385,1911423.0,0.0013844999999999999,7.222824124231968
1787023758803,0.001384,5662683.0,0.001385,1111423.0,0.0013844999999999999,7.222824124231968
1787023758804,0.001384,5662683.0,0.001385,1099505.0,0.0013844999999999999,7.222824124231968
1787023758805,0.001384,5662683.0,0.001385,1111423.0,0.0013844999999999999,7.222824124231968
1787023758883,0.001384,5587722.0,0.001385,1111423.0,0.0013844999999999999,7.222824124231968
1787023758981,0.001384,5662741.0,0.001385,1111423.0,0.0013844999999999999,7.222824124231968
1787023759182,0.001384,5587722.0,0.001385,1111423.0,0.0013844999999999999,7.222824124231968
1787023759383,0.001384,5662767.0,0.001385,1111423.0,0.0013844999999999999,7.222824124231968
1787023759467,0.001384,5659152.0,0.001385,1111423.0,0.0013844999999999999,7.222824124231968
1787023759469,0.001384,5659152.0,0.001385,1911423.0,0.0013844999999999999,7.222824124231968
1787023759470,0.001384,4860550.0,0.001385,1911423.0,0.0013844999999999999,7.222824124231968
1787023759583,0.001384,4785505.0,0.001385,1911423.0,0.0013844999999999999,7.222824124231968
1787023759611,0.001384,4757336.0,0.001385,1911423.0,0.0013844999999999999,7.222824124231968
1787023759735,0.001384,4757336.0,0.001385,1915270.0,0.0013844999999999999,7.222824124231968
1787023759823,0.001384,4757336.0,0.001385,1115270.0,0.0013844999999999999,7.222824124231968
1787023759824,0.001384,5571254.0,0.001385,1103352.0,0.0013844999999999999,7.222824124231968
1787023759825,0.001384,5571254.0,0.001385,1115270.0,0.0013844999999999999,7.222824124231968
1787023759840,0.001384,4757336.0,0.001385,1115270.0,0.0013844999999999999,7.222824124231968
1787023759841,0.001384,4757336.0,0.001385,1115270.0,0.0013844999999999999,7.222824124231968
1787023759876,0.001384,4757336.0,0.001385,1104664.0,0.0013844999999999999,7.222824124231968
1787023759923,0.001384,4765797.0,0.001385,1104664.0,0.0013844999999999999,7.222824124231968
1787023759994,0.001384,4765797.0,0.001385,720468.0,0.0013844999999999999,7.222824124231968
1787023759996,0.001384,4765797.0,0.001385,68214.0,0.0013844999999999999,7.222824124231968
1787023759997,0.001384,4765797.0,0.001385,56296.0,0.0013844999999999999,7.222824124231968
1787023760198,0.001384,5638615.0,0.001385,56296.0,0.0013844999999999999,7.222824124231968
1787023760199,0.001384,5638615.0,0.001385,68214.0,0.0013844999999999999,7.222824124231968
1787023760282,0.001384,5713640.0,0.001385,68214.0,0.0013844999999999999,7.222824124231968
1787023760537,0.001384,5705762.0,0.001385,68214.0,0.0013844999999999999,7.222824124231968
1787023760539,0.001384,5705762.0,0.001385,800000.0,0.0013844999999999999,7.222824124231968
1787023760540,0.001384,5705762.0,0.001385,819878.0,0.0013844999999999999,7.222824124231968
1787023760541,0.001384,5705762.0,0.001385,1706659.0,0.0013844999999999999,7.222824124231968
1787023760542,0.001384,5705762.0,0.001385,1622539.0,0.0013844999999999999,7.222824124231968
1787023760663,0.001384,5677403.0,0.001385,1622539.0,0.0013844999999999999,7.222824124231968
1787023760664,0.001384,5677403.0,0.001385,1634457.0,0.0013844999999999999,7.222824124231968
1787023760665,0.001384,4804585.0,0.001385,1634457.0,0.0013844999999999999,7.222824124231968
1787023760880,0.001384,4729560.0,0.001385,1634457.0,0.0013844999999999999,7.222824124231968
1787023760975,0.001384,5499868.0,0.001385,1634457.0,0.0013844999999999999,7.222824124231968
1787023761182,0.001384,5574828.0,0.001385,1634457.0,0.0013844999999999999,7.222824124231968
1787023761222,0.001384,5604571.0,0.001385,1634457.0,0.0013844999999999999,7.222824124231968
1787023761231,0.001384,5614970.0,0.001385,1634457.0,0.0013844999999999999,7.222824124231968
1787023761325,0.001384,5614970.0,0.001385,1606143.0,0.0013844999999999999,7.222824124231968
1787023761381,0.001384,5614970.0,0.001386,1187441.0,0.001385,14.44043321299674
1787023761382,0.001385,745833.0,0.001386,1123721.0,0.0013855,7.217610970769633
1787023761383,0.001385,1014602.0,0.001386,168337.0,0.0013855,7.217610970769633
1787023761384,0.001385,1855015.0,0.001386,196597.0,0.0013855,7.217610970769633
1787023761385,0.001385,1855015.0,0.001386,261643.0,0.0013855,7.217610970769633
1787023761386,0.001385,1945364.0,0.001386,261643.0,0.0013855,7.217610970769633
1787023761440,0.001385,1958088.0,0.001386,261643.0,0.0013855,7.217610970769633
1787023761445,0.001385,859898.0,0.001386,261643.0,0.0013855,7.217610970769633
1787023761447,0.001385,769549.0,0.001386,261643.0,0.0013855,7.217610970769633
1787023761449,0.001385,769549.0,0.001386,333793.0,0.0013855,7.217610970769633
1787023761450,0.001385,769549.0,0.001386,261643.0,0.0013855,7.217610970769633
1787023761452,0.001385,769549.0,0.001386,333793.0,0.0013855,7.217610970769633
1787023761453,0.001385,769549.0,0.001386,261643.0,0.0013855,7.217610970769633
1787023761455,0.001385,769549.0,0.001386,333793.0,0.0013855,7.217610970769633
1787023761456,0.001385,769549.0,0.001386,261643.0,0.0013855,7.217610970769633
1787023761458,0.001385,769549.0,0.001386,333793.0,0.0013855,7.217610970769633
1787023761460,0.001385,769549.0,0.001386,261643.0,0.0013855,7.217610970769633
1787023761461,0.001385,769549.0,0.001386,333793.0,0.0013855,7.217610970769633
1787023761463,0.001385,769549.0,0.001386,261643.0,0.0013855,7.217610970769633
1787023761464,0.001385,769549.0,0.001386,333793.0,0.0013855,7.217610970769633
1787023761466,0.001385,769549.0,0.001386,261643.0,0.0013855,7.217610970769633
1787023761467,0.001385,769549.0,0.001386,333793.0,0.0013855,7.217610970769633
1787023761469,0.001385,769549.0,0.001386,261643.0,0.0013855,7.217610970769633
1787023761497,0.001385,1031298.0,0.001386,261643.0,0.0013855,7.217610970769633
1787023761527,0.001385,1031298.0,0.001386,273131.0,0.0013855,7.217610970769633
1787023761594,0.001385,1043208.0,0.001386,273131.0,0.0013855,7.217610970769633
1787023761595,0.001385,1043208.0,0.001386,285041.0,0.0013855,7.217610970769633
1787023761617,0.001385,1039541.0,0.001386,285041.0,0.0013855,7.217610970769633
1787023761619,0.001385,1039541.0,0.001386,1157191.0,0.0013855,7.217610970769633
1787023761620,0.001385,777792.0,0.001386,1217431.0,0.0013855,7.217610970769633
1787023761679,0.001385,777792.0,0.001386,1986949.0,0.0013855,7.217610970769633
1787023761704,0.001385,777792.0,0.001386,1998859.0,0.0013855,7.217610970769633
1787023761705,0.001385,749246.0,0.001386,1998859.0,0.0013855,7.217610970769633
1787023761707,0.001385,528954.0,0.001386,1998859.0,0.0013855,7.217610970769633
1787023761708,0.001385,457951.0,0.001386,1998859.0,0.0013855,7.217610970769633
1787023761876,0.001385,409474.0,0.001386,1998859.0,0.0013855,7.217610970769633
1787023761944,0.001385,457951.0,0.001386,1998859.0,0.0013855,7.217610970769633
1787023761986,0.001385,487681.0,0.001386,1998859.0,0.0013855,7.217610970769633
1787023762020,0.001385,487681.0,0.001386,1892036.0,0.0013855,7.217610970769633
1787023762022,0.001385,487681.0,0.001386,1896005.0,0.0013855,7.217610970769633
1787023762023,0.001385,1589243.0,0.001386,1896005.0,0.0013855,7.217610970769633
1787023762024,0.001385,1589243.0,0.001386,1896005.0,0.0013855,7.217610970769633
1787023762036,0.001385,1589243.0,0.001386,1823855.0,0.0013855,7.217610970769633
1787023762102,0.001385,1589243.0,0.001386,1023855.0,0.0013855,7.217610970769633
1787023762385,0.001385,1664178.0,0.001386,1023855.0,0.0013855,7.217610970769633
1787023762541,0.001385,1664178.0,0.001386,1019878.0,0.0013855,7.217610970769633
1787023762569,0.001385,1658539.0,0.001386,1019878.0,0.0013855,7.217610970769633
1787023762635,0.001385,1658539.0,0.001386,829901.0,0.0013855,7.217610970769633
1787023762664,0.001385,1658539.0,0.001386,833729.0,0.0013855,7.217610970769633
1787023762833,0.001385,1629791.0,0.001386,833729.0,0.0013855,7.217610970769633
1787023762834,0.001385,1629791.0,0.001386,1633729.0,0.0013855,7.217610970769633
1787023762838,0.001385,1629791.0,0.001386,833729.0,0.0013855,7.217610970769633
1787023762839,0.001385,1629791.0,0.001386,821819.0,0.0013855,7.217610970769633
1787023762840,0.001385,1629791.0,0.001386,833729.0,0.0013855,7.217610970769633
1787023762924,0.001385,1764895.0,0.001386,833729.0,0.0013855,7.217610970769633
1787023763092,0.001385,1764895.0,0.001386,64211.0,0.0013855,7.217610970769633
1787023763094,0.001386,413081.0,0.001387,2291864.0,0.0013865000000000001,7.212405337179342
1787023763095,0.001386,686462.0,0.001387,2047903.0,0.0013865000000000001,7.212405337179342
1787023763096,0.001386,734939.0,0.001387,1104017.0,0.0013865000000000001,7.212405337179342
1787023763097,0.001386,738908.0,0.001387,1255480.0,0.0013865000000000001,7.212405337179342
1787023763114,0.001386,738908.0,0.001387,1269900.0,0.0013865000000000001,7.212405337179342
1787023763115,0.001386,738908.0,0.001387,1298740.0,0.0013865000000000001,7.212405337179342
1787023763116,0.001386,727276.0,0.001387,1313160.0,0.0013865000000000001,7.212405337179342
1787023763138,0.001386,739177.0,0.001387,1325061.0,0.0013865000000000001,7.212405337179342
1787023763147,0.001386,744587.0,0.001387,1325061.0,0.0013865000000000001,7.212405337179342
1787023763239,0.001386,744587.0,0.001387,1310760.0,0.0013865000000000001,7.212405337179342
1787023763240,0.001386,744587.0,0.001387,1314726.0,0.0013865000000000001,7.212405337179342
1787023763319,0.001386,744587.0,0.001387,1262985.0,0.0013865000000000001,7.212405337179342
1787023763322,0.001386,1550951.0,0.001387,1262985.0,0.0013865000000000001,7.212405337179342
1787023763323,0.001386,1550951.0,0.001387,2000293.0,0.0013865000000000001,7.212405337179342
1787023763324,0.001386,1550951.0,0.001387,2000293.0,0.0013865000000000001,7.212405337179342
1787023763348,0.001386,1550951.0,0.001387,1996326.0,0.0013865000000000001,7.212405337179342
1787023763581,0.001386,1625848.0,0.001387,1996326.0,0.0013865000000000001,7.212405337179342
1787023763613,0.001386,1625848.0,0.001387,1881871.0,0.0013865000000000001,7.212405337179342
1787023763739,0.001386,1625848.0,0.001387,1876085.0,0.0013865000000000001,7.212405337179342
1787023763751,0.001386,1621466.0,0.001387,1876085.0,0.0013865000000000001,7.212405337179342
1787023763771,0.001386,1443841.0,0.001387,1876085.0,0.0013865000000000001,7.212405337179342
1787023763773,0.001386,637477.0,0.001387,1876085.0,0.0013865000000000001,7.212405337179342
1787023763776,0.001386,637477.0,0.001387,1803987.0,0.0013865000000000001,7.212405337179342
1787023763835,0.001386,608550.0,0.001387,1803987.0,0.0013865000000000001,7.212405337179342
1787023763883,0.001386,533653.0,0.001387,1803987.0,0.0013865000000000001,7.212405337179342
1787023763921,0.001386,626770.0,0.001387,1803987.0,0.0013865000000000001,7.212405337179342
1787023763998,0.001386,1385812.0,0.001387,1803987.0,0.0013865000000000001,7.212405337179342
1787023764000,0.001386,1385812.0,0.001387,1803987.0,0.0013865000000000001,7.212405337179342
1787023764001,0.001386,1385812.0,0.001387,1852337.0,0.0013865000000000001,7.212405337179342
1787023764054,0.001386,1385812.0,0.001387,1874732.0,0.0013865000000000001,7.212405337179342
1787023764086,0.001386,389781.0,0.001387,1874732.0,0.0013865000000000001,7.212405337179342
1787023764087,0.001386,15870.0,0.001387,1874732.0,0.0013865000000000001,7.212405337179342
1787023764088,0.001386,52446.0,0.001387,1874732.0,0.0013865000000000001,7.212405337179342
1787023764089,0.001386,52446.0,0.001387,2524224.0,0.0013865000000000001,7.212405337179342
1787023764090,0.001386,52446.0,0.001387,2512323.0,0.0013865000000000001,7.212405337179342
1787023764091,0.001386,52446.0,0.001387,2524224.0,0.0013865000000000001,7.212405337179342
1787023764112,0.001385,2004166.0,0.001386,197452.0,0.0013855,7.217610970769633
1787023764114,0.001385,1204174.0,0.001386,431311.0,0.0013855,7.217610970769633
1787023764115,0.001385,1059874.0,0.001386,523073.0,0.0013855,7.217610970769633
1787023764116,0.001385,1059874.0,0.001386,643700.0,0.0013855,7.217610970769633
1787023764127,0.001385,1089604.0,0.001386,643700.0,0.0013855,7.217610970769633
1787023764144,0.001385,1089604.0,0.001386,231456.0,0.0013855,7.217610970769633
1787023764146,0.001385,1089604.0,0.001386,87156.0,0.0013855,7.217610970769633
1787023764147,0.001385,1089604.0,0.001386,72058.0,0.0013855,7.217610970769633
1787023764225,0.001385,1089604.0,0.001386,83968.0,0.0013855,7.217610970769633
1787023764293,0.001385,1854969.0,0.001386,83968.0,0.0013855,7.217610970769633
1787023764349,0.001385,1850999.0,0.001386,83968.0,0.0013855,7.217610970769633
1787023764383,0.001385,1925906.0,0.001386,83968.0,0.0013855,7.217610970769633
1787023764566,0.001385,1925906.0,0.001388,2755218.0,0.0013865,21.637216011539596
1787023764567,0.001386,76632.0,0.001388,2646084.0,0.001387,14.419610670510684
1787023764568,0.001387,289904.0,0.001388,2653294.0,0.0013874999999999998,7.2072072072066025
1787023764569,0.001387,289904.0,0.001388,1805777.0,0.0013874999999999998,7.2072072072066025
1787023764570,0.001386,1425135.0,0.001388,1812987.0,0.001387,14.419610670510684
1787023764571,0.001386,1425424.0,0.001387,195204.0,0.0013865000000000001,7.212405337179342
1787023764572,0.001386,1201165.0,0.001387,158269.0,0.0013865000000000001,7.212405337179342
1787023764573,0.001386,1201165.0,0.001387,350815.0,0.0013865000000000001,7.212405337179342
1787023764574,0.001386,1201165.0,0.001387,206619.0,0.0013865000000000001,7.212405337179342
1787023764575,0.001386,1201165.0,0.001387,278717.0,0.0013865000000000001,7.212405337179342
1787023764576,0.001386,1201165.0,0.001387,206619.0,0.0013865000000000001,7.212405337179342
1787023764587,0.001386,1201165.0,0.001387,210585.0,0.0013865000000000001,7.212405337179342
1787023764593,0.001386,1201165.0,0.001387,138487.0,0.0013865000000000001,7.212405337179342
1787023764602,0.001386,1178281.0,0.001387,138487.0,0.0013865000000000001,7.212405337179342
1787023764604,0.001386,1178281.0,0.001387,938487.0,0.0013865000000000001,7.212405337179342
1787023764606,0.001386,1178281.0,0.001387,1131160.0,0.0013865000000000001,7.212405337179342
1787023764607,0.001386,136989.0,0.001387,1203258.0,0.0013865000000000001,7.212405337179342
1787023764608,0.001386,61684.0,0.001387,1203258.0,0.0013865000000000001,7.212405337179342
1787023764619,0.001386,17537.0,0.001387,1203258.0,0.0013865000000000001,7.212405337179342
1787023764620,0.001386,12266.0,0.001387,1203258.0,0.0013865000000000001,7.212405337179342
1787023764621,0.001386,60743.0,0.001387,1203258.0,0.0013865000000000001,7.212405337179342
1787023764635,0.001386,309250.0,0.001387,1203258.0,0.0013865000000000001,7.212405337179342
1787023764636,0.001386,316926.0,0.001387,1203258.0,0.0013865000000000001,7.212405337179342
1787023764662,0.001386,320535.0,0.001387,1203258.0,0.0013865000000000001,7.212405337179342
1787023764671,0.001386,317771.0,0.001387,1203258.0,0.0013865000000000001,7.212405337179342
1787023764672,0.001386,316568.0,0.001387,1203258.0,0.0013865000000000001,7.212405337179342
1787023764699,0.001386,395461.0,0.001387,1203258.0,0.0013865000000000001,7.212405337179342
1787023764704,0.001386,479052.0,0.001387,1203258.0,0.0013865000000000001,7.212405337179342
1787023764710,0.001386,490953.0,0.001387,1215159.0,0.0013865000000000001,7.212405337179342
1787023764715,0.001386,483277.0,0.001387,1215159.0,0.0013865000000000001,7.212405337179342
1787023764728,0.001386,399687.0,0.001387,1215159.0,0.0013865000000000001,7.212405337179342
1787023764730,0.001386,448164.0,0.001387,1215159.0,0.0013865000000000001,7.212405337179342
1787023764757,0.001385,1063214.0,0.001386,30194.0,0.0013855,7.217610970769633
1787023764758,0.001385,953515.0,0.001386,843002.0,0.0013855,7.217610970769633
1787023764759,0.001385,953515.0,0.001386,1084164.0,0.0013855,7.217610970769633
1787023764760,0.001385,953515.0,0.001386,976069.0,0.0013855,7.217610970769633
1787023764761,0.001385,691766.0,0.001386,976069.0,0.0013855,7.217610970769633
1787023764768,0.001385,691766.0,0.001386,1828528.0,0.0013855,7.217610970769633
1787023764772,0.001385,643289.0,0.001386,1828528.0,0.0013855,7.217610970769633
1787023764773,0.001385,673019.0,0.001386,1828528.0,0.0013855,7.217610970769633
1787023764779,0.001385,658584.0,0.001386,1828528.0,0.0013855,7.217610970769633
1787023764780,0.001385,658584.0,0.001386,2628528.0,0.0013855,7.217610970769633
1787023764782,0.001385,340973.0,0.001387,3594581.0,0.001386,14.43001443001478
1787023764783,0.001385,561265.0,0.001386,261597.0,0.0013855,7.217610970769633
1787023764784,0.001385,865925.0,0.001386,380924.0,0.0013855,7.217610970769633
1787023764785,0.001385,865925.0,0.001386,184114.0,0.0013855,7.217610970769633
1787023764786,0.001385,865925.0,0.001386,184114.0,0.0013855,7.217610970769633
1787023764796,0.001385,865925.0,0.001386,119327.0,0.0013855,7.217610970769633
1787023764810,0.001385,1767977.0,0.001386,119327.0,0.0013855,7.217610970769633
1787023764811,0.001385,1767977.0,0.001386,48477.0,0.0013855,7.217610970769633
1787023764863,0.001386,413081.0,0.001387,3177426.0,0.0013865000000000001,7.212405337179342
1787023764864,0.001386,461558.0,0.001387,4186616.0,0.0013865000000000001,7.212405337179342
1787023764865,0.001386,533708.0,0.001387,7727611.0,0.0013865000000000001,7.212405337179342
1787023764866,0.001386,533708.0,0.001387,8348295.0,0.0013865000000000001,7.212405337179342
1787023764867,0.001385,1764269.0,0.001387,7623395.0,0.001386,14.43001443001478
1787023764868,0.001385,1764269.0,0.001386,665589.0,0.0013855,7.217610970769633
1787023764869,0.001385,1760301.0,0.001386,1939740.0,0.0013855,7.217610970769633
1787023764870,0.001385,1760301.0,0.001386,1882794.0,0.0013855,7.217610970769633
1787023764871,0.001385,1760301.0,0.001386,1082794.0,0.0013855,7.217610970769633
1787023764875,0.001385,1772211.0,0.001386,1094704.0,0.0013855,7.217610970769633
1787023764876,0.001385,1772211.0,0.001386,1019882.0,0.0013855,7.217610970769633
1787023764882,0.001385,1742481.0,0.001386,1019882.0,0.0013855,7.217610970769633
1787023764891,0.001385,1742481.0,0.001386,1164182.0,0.0013855,7.217610970769633
1787023764899,0.001385,1821613.0,0.001386,629068.0,0.0013855,7.217610970769633
1787023764901,0.001385,1804384.0,0.001386,629068.0,0.0013855,7.217610970769633
1787023764902,0.001385,1804384.0,0.001386,1429068.0,0.0013855,7.217610970769633
1787023764903,0.001385,1804384.0,0.001386,1417158.0,0.0013855,7.217610970769633
1787023764937,0.001385,1584092.0,0.001386,1417158.0,0.0013855,7.217610970769633
1787023764945,0.001385,1554957.0,0.001386,1417158.0,0.0013855,7.217610970769633
1787023764946,0.001385,1554957.0,0.001386,1631950.0,0.0013855,7.217610970769633
1787023764947,0.001385,1554957.0,0.001386,1417158.0,0.0013855,7.217610970769633
1787023764999,0.001385,1554957.0,0.001386,617158.0,0.0013855,7.217610970769633
1787023765039,0.001385,1558929.0,0.001386,617158.0,0.0013855,7.217610970769633
1787023765058,0.001385,1558929.0,0.001386,621127.0,0.0013855,7.217610970769633
1787023765059,0.001385,1558929.0,0.001386,633037.0,0.0013855,7.217610970769633
1787023765071,0.001385,1558929.0,0.001386,1455295.0,0.0013855,7.217610970769633
1787023765072,0.001385,1558929.0,0.001386,1443385.0,0.0013855,7.217610970769633
1787023765075,0.001385,1558929.0,0.001386,621127.0,0.0013855,7.217610970769633
1787023765098,0.001385,1479797.0,0.001386,621127.0,0.0013855,7.217610970769633
1787023765182,0.001385,1554787.0,0.001386,621127.0,0.0013855,7.217610970769633
1787023765183,0.001385,1554787.0,0.001386,633037.0,0.0013855,7.217610970769633
1787023765202,0.001385,1550380.0,0.001386,633037.0,0.0013855,7.217610970769633
1787023765204,0.001385,1550380.0,0.001386,1433037.0,0.0013855,7.217610970769633
1787023765205,0.001385,1550380.0,0.001386,1421127.0,0.0013855,7.217610970769633
1787023765302,0.001385,1550380.0,0.001386,1433037.0,0.0013855,7.217610970769633
1787023765347,0.001385,1550380.0,0.001386,1408726.0,0.0013855,7.217610970769633
1787023765348,0.001385,1550380.0,0.001386,608726.0,0.0013855,7.217610970769633
1787023765350,0.001385,1550380.0,0.001386,464426.0,0.0013855,7.217610970769633
1787023765351,0.001386,645683.0,0.001387,3026933.0,0.0013865000000000001,7.212405337179342
1787023765352,0.001386,645683.0,0.001387,2846492.0,0.0013865000000000001,7.212405337179342
1787023765353,0.001386,1889178.0,0.001387,1647822.0,0.0013865000000000001,7.212405337179342
1787023765354,0.001386,1889178.0,0.001387,1555968.0,0.0013865000000000001,7.212405337179342
1787023765355,0.001386,1889178.0,0.001387,779601.0,0.0013865000000000001,7.212405337179342
1787023765356,0.001386,1889178.0,0.001387,642243.0,0.0013865000000000001,7.212405337179342
1787023765357,0.001386,1889178.0,0.001387,714339.0,0.0013865000000000001,7.212405337179342
1787023765358,0.001386,1852471.0,0.001387,643257.0,0.0013865000000000001,7.212405337179342
1787023765368,0.001386,1882188.0,0.001387,643257.0,0.0013865000000000001,7.212405337179342
1787023765369,0.001386,1856592.0,0.001387,643257.0,0.0013865000000000001,7.212405337179342
1787023765371,0.001386,1856592.0,0.001387,639290.0,0.0013865000000000001,7.212405337179342
1787023765376,0.001386,1856592.0,0.001387,691031.0,0.0013865000000000001,7.212405337179342
1787023765389,0.001386,1862002.0,0.001387,691031.0,0.0013865000000000001,7.212405337179342
1787023765408,0.001386,1302236.0,0.001387,691031.0,0.0013865000000000001,7.212405337179342
1787023765467,0.001386,1305847.0,0.001387,691031.0,0.0013865000000000001,7.212405337179342
1787023765487,0.001386,3123679.0,0.001387,691031.0,0.0013865000000000001,7.212405337179342
1787023765498,0.001386,3135580.0,0.001387,702932.0,0.0013865000000000001,7.212405337179342
1787023765510,0.001386,3139549.0,0.001387,702932.0,0.0013865000000000001,7.212405337179342
1787023765549,0.001386,3139549.0,0.001387,630834.0,0.0013865000000000001,7.212405337179342
1787023765582,0.001386,3214505.0,0.001387,630834.0,0.0013865000000000001,7.212405337179342
1787023765617,0.001386,3238816.0,0.001387,630834.0,0.0013865000000000001,7.212405337179342
1787023765664,0.001386,3238816.0,0.001387,558736.0,0.0013865000000000001,7.212405337179342
1787023765700,0.001386,3397096.0,0.001387,558736.0,0.0013865000000000001,7.212405337179342
1787023765721,0.001386,3389490.0,0.001387,558736.0,0.0013865000000000001,7.212405337179342
1787023765723,0.001386,3389490.0,0.001387,1299912.0,0.0013865000000000001,7.212405337179342
1787023765725,0.001386,3389490.0,0.001387,1288011.0,0.0013865000000000001,7.212405337179342
1787023765726,0.001386,3389490.0,0.001387,1299912.0,0.0013865000000000001,7.212405337179342
1787023765863,0.001386,1709938.0,0.001387,1299912.0,0.0013865000000000001,7.212405337179342
1787023765864,0.001386,1709938.0,0.001387,1548419.0,0.0013865000000000001,7.212405337179342
1787023765865,0.001386,1698037.0,0.001387,1548419.0,0.0013865000000000001,7.212405337179342
1787023765866,0.001385,660543.0,0.001386,297687.0,0.0013855,7.217610970769633
1787023765867,0.001385,660543.0,0.001386,1248985.0,0.0013855,7.217610970769633
1787023765868,0.001385,652892.0,0.001386,1451004.0,0.0013855,7.217610970769633
1787023765869,0.001385,649281.0,0.001386,1537596.0,0.0013855,7.217610970769633
1787023765870,0.001385,793633.0,0.001386,1556994.0,0.0013855,7.217610970769633
1787023765871,0.001385,793633.0,0.001386,1560602.0,0.0013855,7.217610970769633
1787023765899,0.001385,872774.0,0.001386,1560602.0,0.0013855,7.217610970769633
1787023765904,0.001385,872774.0,0.001386,760602.0,0.0013855,7.217610970769633
1787023765905,0.001385,872774.0,0.001386,607309.0,0.0013855,7.217610970769633
1787023765924,0.001385,880623.0,0.001386,607309.0,0.0013855,7.217610970769633
1787023765982,0.001385,956049.0,0.001386,607309.0,0.0013855,7.217610970769633
1787023765999,0.001385,876908.0,0.001386,607309.0,0.0013855,7.217610970769633
1787023766038,0.001385,888818.0,0.001386,619219.0,0.0013855,7.217610970769633
1787023766067,0.001385,1677774.0,0.001386,619219.0,0.0013855,7.217610970769633
1787023766069,0.001385,1677774.0,0.001386,543791.0,0.0013855,7.217610970769633
1787023766176,0.001385,1677774.0,0.001386,18724.0,0.0013855,7.217610970769633
1787023766177,0.001385,1677774.0,0.001386,55291.0,0.0013855,7.217610970769633
1787023766197,0.001385,1677774.0,0.001386,48477.0,0.0013855,7.217610970769633
1787023766252,0.001385,1677774.0,0.001386,582986.0,0.0013855,7.217610970769633
1787023766254,0.001385,1677774.0,0.001386,1490861.0,0.0013855,7.217610970769633
1787023766288,0.001385,1677774.0,0.001386,1502771.0,0.0013855,7.217610970769633
1787023766298,0.001385,1656109.0,0.001386,1502771.0,0.0013855,7.217610970769633
1787023766339,0.001385,1656109.0,0.001386,1506740.0,0.0013855,7.217610970769633
1787023766386,0.001385,1656109.0,0.001386,1349538.0,0.0013855,7.217610970769633
1787023766387,0.001385,1656109.0,0.001386,585963.0,0.0013855,7.217610970769633
1787023766497,0.001385,1656109.0,0.001386,513813.0,0.0013855,7.217610970769633
1787023766655,0.001385,1656109.0,0.001386,1342707.0,0.0013855,7.217610970769633
1787023766656,0.001385,1656109.0,0.001386,1330797.0,0.0013855,7.217610970769633
1787023766771,0.001385,1634435.0,0.001386,1330797.0,0.0013855,7.217610970769633
1787023766840,0.001385,1634435.0,0.001386,1287366.0,0.0013855,7.217610970769633
1787023766867,0.001385,1629046.0,0.001386,1287366.0,0.0013855,7.217610970769633
1787023766869,0.001385,1629046.0,0.001386,2087366.0,0.0013855,7.217610970769633
1787023766874,0.001385,1629046.0,0.001386,1287366.0,0.0013855,7.217610970769633
1787023766893,0.001385,1484694.0,0.001386,1287366.0,0.0013855,7.217610970769633
1787023766894,0.001385,1472784.0,0.001386,1287366.0,0.0013855,7.217610970769633
1787023766906,0.001385,1484694.0,0.001386,1299276.0,0.0013855,7.217610970769633
1787023766984,0.001385,1484694.0,0.001386,1547783.0,0.0013855,7.217610970769633
1787023767049,0.001385,1264402.0,0.001386,1547783.0,0.0013855,7.217610970769633
1787023767083,0.001385,1188976.0,0.001386,1547783.0,0.0013855,7.217610970769633
1787023767142,0.001385,400020.0,0.001386,1547783.0,0.0013855,7.217610970769633
1787023767144,0.001385,151513.0,0.001386,1547783.0,0.0013855,7.217610970769633
1787023767171,0.001385,287730.0,0.001386,1547783.0,0.0013855,7.217610970769633
1787023767172,0.001385,287730.0,0.001386,1475633.0,0.0013855,7.217610970769633
1787023767190,0.001385,282457.0,0.001386,1475633.0,0.0013855,7.217610970769633
1787023767192,0.001385,282457.0,0.001386,2275633.0,0.0013855,7.217610970769633
1787023767219,0.001385,377022.0,0.001386,2275633.0,0.0013855,7.217610970769633
1787023767221,0.001385,365112.0,0.001386,2275633.0,0.0013855,7.217610970769633
1787023767285,0.001385,440463.0,0.001386,2275633.0,0.0013855,7.217610970769633
1787023767385,0.001385,452373.0,0.001386,2275633.0,0.0013855,7.217610970769633
1787023767491,0.001385,645075.0,0.001386,2275633.0,0.0013855,7.217610970769633
1787023767552,0.001385,645075.0,0.001386,1475633.0,0.0013855,7.217610970769633
1787023767554,0.001385,645075.0,0.001386,1463723.0,0.0013855,7.217610970769633
1787023767555,0.001385,1385024.0,0.001386,1463723.0,0.0013855,7.217610970769633
1787023767557,0.001385,1373114.0,0.001386,1463723.0,0.0013855,7.217610970769633
1787023767668,0.001385,1385024.0,0.001386,1475633.0,0.0013855,7.217610970769633
1787023767671,0.001385,645075.0,0.001386,1475633.0,0.0013855,7.217610970769633
1787023767689,0.001385,452373.0,0.001386,1475633.0,0.0013855,7.217610970769633
1787023767702,0.001385,645075.0,0.001386,1475633.0,0.0013855,7.217610970769633
1787023767772,0.001385,645075.0,0.001386,1480615.0,0.0013855,7.217610970769633
1787023767807,0.001385,645075.0,0.001386,369504.0,0.0013855,7.217610970769633
1787023767808,0.001385,1113874.0,0.001386,20861.0,0.0013855,7.217610970769633
1787023767809,0.001385,1101964.0,0.001386,57428.0,0.0013855,7.217610970769633
1787023767933,0.001385,1097054.0,0.001386,57428.0,0.0013855,7.217610970769633
1787023767934,0.001385,1108964.0,0.001386,69338.0,0.0013855,7.217610970769633
1787023768016,0.001385,1958380.0,0.001386,827178.0,0.0013855,7.217610970769633
1787023768018,0.001385,1958380.0,0.001386,815268.0,0.0013855,7.217610970769633
1787023768023,0.001385,1954426.0,0.001386,815268.0,0.0013855,7.217610970769633
1787023768051,0.001385,1954426.0,0.001386,827178.0,0.0013855,7.217610970769633
1787023768082,0.001385,1879075.0,0.001386,827178.0,0.0013855,7.217610970769633
1787023768125,0.001385,1897126.0,0.001386,827178.0,0.0013855,7.217610970769633
1787023768284,0.001385,1972693.0,0.001386,827178.0,0.0013855,7.217610970769633
1787023768921,0.001385,2010736.0,0.001386,827178.0,0.0013855,7.217610970769633
1787023769085,0.001385,2006239.0,0.001386,827178.0,0.0013855,7.217610970769633
1787023769115,0.001385,2006239.0,0.001386,1197893.0,0.0013855,7.217610970769633
1787023769116,0.001385,2006239.0,0.001386,1450865.0,0.0013855,7.217610970769633
1787023769117,0.001385,1785947.0,0.001386,1670404.0,0.0013855,7.217610970769633
1787023769118,0.001385,1797857.0,0.001386,1699264.0,0.0013855,7.217610970769633
1787023769119,0.001385,1785947.0,0.001386,1713694.0,0.0013855,7.217610970769633
1787023769185,0.001385,936531.0,0.001386,1713694.0,0.0013855,7.217610970769633
1787023769187,0.001385,906613.0,0.001386,1713694.0,0.0013855,7.217610970769633
1787023769188,0.001385,658106.0,0.001386,1713694.0,0.0013855,7.217610970769633
1787023769189,0.001385,658106.0,0.001386,2513694.0,0.0013855,7.217610970769633
1787023769190,0.001385,609629.0,0.001386,2501784.0,0.0013855,7.217610970769633
1787023769215,0.001385,609629.0,0.001386,2516214.0,0.0013855,7.217610970769633
1787023769216,0.001385,609629.0,0.001386,2578550.0,0.0013855,7.217610970769633
1787023769217,0.001385,609629.0,0.001386,3467046.0,0.0013855,7.217610970769633
1787023769218,0.001384,4733372.0,0.001385,637527.0,0.0013844999999999999,7.222824124231968
1787023769219,0.001384,4400110.0,0.001385,376326.0,0.0013844999999999999,7.222824124231968
1787023769220,0.001384,4556432.0,0.001385,424803.0,0.0013844999999999999,7.222824124231968
1787023769221,0.001384,4556432.0,0.001385,428775.0,0.0013844999999999999,7.222824124231968
1787023769229,0.001384,4556432.0,0.001385,425108.0,0.0013844999999999999,7.222824124231968
1787023769231,0.001384,4556432.0,0.001385,700322.0,0.0013844999999999999,7.222824124231968
1787023769249,0.001384,4556432.0,0.001385,485530.0,0.0013844999999999999,7.222824124231968
1787023769284,0.001384,4631887.0,0.001385,485530.0,0.0013844999999999999,7.222824124231968
1787023769325,0.001384,4631887.0,0.001385,497448.0,0.0013844999999999999,7.222824124231968
1787023769327,0.001384,4631887.0,0.001385,810668.0,0.0013844999999999999,7.222824124231968
1787023769328,0.001384,4631887.0,0.001385,825108.0,0.0013844999999999999,7.222824124231968
1787023769330,0.001384,4631887.0,0.001385,920692.0,0.0013844999999999999,7.222824124231968
1787023769331,0.001384,4631887.0,0.001385,674370.0,0.0013844999999999999,7.222824124231968
1787023769332,0.001384,4631887.0,0.001385,662452.0,0.0013844999999999999,7.222824124231968
1787023769335,0.001384,4631887.0,0.001385,6010707.0,0.0013844999999999999,7.222824124231968
1787023769338,0.001384,4631887.0,0.001385,6025153.0,0.0013844999999999999,7.222824124231968
1787023769339,0.001384,4306978.0,0.001385,6025153.0,0.0013844999999999999,7.222824124231968
1787023769340,0.001384,62291.0,0.001385,6639012.0,0.0013844999999999999,7.222824124231968
1787023769341,0.001384,3974.0,0.001385,6286337.0,0.0013844999999999999,7.222824124231968
1787023769342,0.001383,534121.0,0.001384,1112336.0,0.0013835,7.228044813878806
1787023769343,0.001383,291697.0,0.001384,1553424.0,0.0013835,7.228044813878806
1787023769344,0.001383,291697.0,0.001384,2382750.0,0.0013835,7.228044813878806
1787023769345,0.001383,303624.0,0.001384,2685360.0,0.0013835,7.228044813878806
1787023769346,0.001383,352101.0,0.001384,2685360.0,0.0013835,7.228044813878806
1787023769371,0.001383,348148.0,0.001384,2685360.0,0.0013835,7.228044813878806
1787023769373,0.001383,348148.0,0.001384,2219171.0,0.0013835,7.228044813878806
1787023769381,0.001383,352484.0,0.001384,2219171.0,0.0013835,7.228044813878806
1787023769386,0.001383,1110459.0,0.001384,3053919.0,0.0013835,7.228044813878806
1787023769388,0.001383,1098532.0,0.001384,3053919.0,0.0013835,7.228044813878806
1787023769396,0.001383,1098532.0,0.001384,3068378.0,0.0013835,7.228044813878806
1787023769425,0.001383,1098532.0,0.001384,2233630.0,0.0013835,7.228044813878806
1787023769436,0.001383,1094221.0,0.001384,2233630.0,0.0013835,7.228044813878806
1787023769481,0.001383,1169638.0,0.001384,2233630.0,0.0013835,7.228044813878806
1787023769510,0.001383,1181565.0,0.001384,2245557.0,0.0013835,7.228044813878806
1787023769529,0.001383,1181565.0,0.001384,2178517.0,0.0013835,7.228044813878806
1787023769627,0.001383,1181565.0,0.001384,3014763.0,0.0013835,7.228044813878806
1787023769692,0.001383,1181565.0,0.001384,3018737.0,0.0013835,7.228044813878806
1787023769693,0.001383,1181565.0,0.001384,2817617.0,0.0013835,7.228044813878806
1787023769694,0.001383,1181565.0,0.001384,1241738.0,0.0013835,7.228044813878806
1787023769695,0.001383,1181565.0,0.001384,1253665.0,0.0013835,7.228044813878806
1787023769696,0.001383,1181565.0,0.001384,1241738.0,0.0013835,7.228044813878806
1787023769783,0.001382,918859.0,0.001384,2680049.0,0.0013830000000000001,14.46131597975451
1787023769784,0.001382,72469.0,0.001383,3044393.0,0.0013825,7.233273056057258
1787023769785,0.001381,1183637.0,0.001382,385057.0,0.0013815,7.238508867172754
1787023769786,0.001382,170212.0,0.001383,351587.0,0.0013825,7.233273056057258
1787023769787,0.001383,1813349.0,0.001384,2271812.0,0.0013835,7.228044813878806
1787023769788,0.001383,34016.0,0.001384,1609545.0,0.0013835,7.228044813878806
1787023769789,0.001383,34016.0,0.001384,1720120.0,0.0013835,7.228044813878806
1787023769790,0.001383,383770.0,0.001384,1712890.0,0.0013835,7.228044813878806
1787023769792,0.001383,383770.0,0.001384,1720120.0,0.0013835,7.228044813878806
1787023769793,0.001383,383770.0,0.001384,1712890.0,0.0013835,7.228044813878806
1787023769807,0.001383,383770.0,0.001384,1727341.0,0.0013835,7.228044813878806
1787023769808,0.001383,383770.0,0.001384,1857400.0,0.0013835,7.228044813878806
1787023769811,0.001383,387747.0,0.001384,1857400.0,0.0013835,7.228044813878806
1787023769835,0.001383,436224.0,0.001384,1610667.0,0.0013835,7.228044813878806
1787023769836,0.001383,440194.0,0.001384,1503352.0,0.0013835,7.228044813878806
1787023769837,0.001383,666171.0,0.001384,1503352.0,0.0013835,7.228044813878806
1787023769851,0.001383,617694.0,0.001384,1503352.0,0.0013835,7.228044813878806
1787023769854,0.001383,666171.0,0.001384,1503352.0,0.0013835,7.228044813878806
1787023769885,0.001383,914164.0,0.001384,1503352.0,0.0013835,7.228044813878806
1787023769958,0.001383,926091.0,0.001384,1515279.0,0.0013835,7.228044813878806
1787023769987,0.001383,1788192.0,0.001384,2271464.0,0.0013835,7.228044813878806
1787023769988,0.001383,1739715.0,0.001384,2222987.0,0.0013835,7.228044813878806
1787023769989,0.001383,1739715.0,0.001384,1466802.0,0.0013835,7.228044813878806
1787023769990,0.001383,1739715.0,0.001384,1454875.0,0.0013835,7.228044813878806
1787023770106,0.001383,1739715.0,0.001384,1466802.0,0.0013835,7.228044813878806
1787023770120,0.001383,1739715.0,0.001384,1399762.0,0.0013835,7.228044813878806
1787023770150,0.001383,1739715.0,0.001385,2666779.0,0.0013839999999999998,14.450867052023474
1787023770151,0.001384,413081.0,0.001385,2158179.0,0.0013844999999999999,7.222824124231968
1787023770152,0.001384,709551.0,0.001385,1524216.0,0.0013844999999999999,7.222824124231968
1787023770153,0.001384,709551.0,0.001385,463032.0,0.0013844999999999999,7.222824124231968
1787023770168,0.001384,930106.0,0.001386,3305033.0,0.001385,14.44043321299674
1787023770169,0.001385,26744.0,0.001386,3305033.0,0.0013855,7.217610970769633
1787023770170,0.001385,466569.0,0.001386,2501361.0,0.0013855,7.217610970769633
1787023770171,0.001385,425396.0,0.001386,7920018.0,0.0013855,7.217610970769633
1787023770172,0.001385,473873.0,0.001386,7963323.0,0.0013855,7.217610970769633
1787023770173,0.001385,317327.0,0.001386,6612871.0,0.0013855,7.217610970769633
1787023770174,0.001385,365804.0,0.001386,6540696.0,0.0013855,7.217610970769633
1787023770175,0.001385,317327.0,0.001386,5998593.0,0.0013855,7.217610970769633
1787023770177,0.001385,365804.0,0.001386,6027463.0,0.0013855,7.217610970769633
1787023770178,0.001385,365804.0,0.001386,6041898.0,0.0013855,7.217610970769633
1787023770179,0.001385,365804.0,0.001386,4932875.0,0.0013855,7.217610970769633
1787023770180,0.001385,365804.0,0.001386,3306567.0,0.0013855,7.217610970769633
1787023770187,0.001385,369415.0,0.001386,3306567.0,0.0013855,7.217610970769633
1787023770189,0.001385,1115359.0,0.001386,3306567.0,0.0013855,7.217610970769633
1787023770190,0.001385,1115359.0,0.001386,4144083.0,0.0013855,7.217610970769633
1787023770192,0.001385,1115359.0,0.001386,4100778.0,0.0013855,7.217610970769633
1787023770195,0.001385,1115359.0,0.001386,3558675.0,0.0013855,7.217610970769633
1787023770197,0.001385,1120773.0,0.001386,3558675.0,0.0013855,7.217610970769633
1787023770198,0.001385,1120773.0,0.001386,3573113.0,0.0013855,7.217610970769633
1787023770238,0.001385,1120773.0,0.001386,3598795.0,0.0013855,7.217610970769633
1787023770239,0.001385,1120773.0,0.001386,3608335.0,0.0013855,7.217610970769633
1787023770251,0.001385,1085232.0,0.001386,3608335.0,0.0013855,7.217610970769633
1787023770256,0.001385,339288.0,0.001386,3608335.0,0.0013855,7.217610970769633
1787023770258,0.001385,57502.0,0.001386,3608335.0,0.0013855,7.217610970769633
1787023770260,0.001385,9025.0,0.001386,3715848.0,0.0013855,7.217610970769633
1787023770275,0.001385,9025.0,0.001386,3514728.0,0.0013855,7.217610970769633
1787023770276,0.001385,57502.0,0.001386,3518697.0,0.0013855,7.217610970769633
1787023770282,0.001385,61474.0,0.001386,3518697.0,0.0013855,7.217610970769633
1787023770307,0.001385,61474.0,0.001386,3493015.0,0.0013855,7.217610970769633
1787023770309,0.001385,61474.0,0.001386,3483475.0,0.0013855,7.217610970769633
1787023770318,0.001385,309467.0,0.001386,3483475.0,0.0013855,7.217610970769633
1787023770345,0.001385,309467.0,0.001386,3535216.0,0.0013855,7.217610970769633
1787023770346,0.001385,309467.0,0.001386,3561556.0,0.0013855,7.217610970769633
1787023770347,0.001385,309467.0,0.001386,3691426.0,0.0013855,7.217610970769633
1787023770348,0.001385,309467.0,0.001386,3705856.0,0.0013855,7.217610970769633
1787023770355,0.001385,309467.0,0.001386,3701886.0,0.0013855,7.217610970769633
1787023770409,0.001385,317407.0,0.001386,3701886.0,0.0013855,7.217610970769633
1787023770458,0.001385,1085683.0,0.001386,3701886.0,0.0013855,7.217610970769633
1787023770459,0.001385,1085683.0,0.001386,3481331.0,0.0013855,7.217610970769633
1787023770476,0.001385,1085683.0,0.001386,2681331.0,0.0013855,7.217610970769633
1787023770477,0.001385,1097593.0,0.001386,2573818.0,0.0013855,7.217610970769633
1787023770497,0.001385,1097593.0,0.001386,226358.0,0.0013855,7.217610970769633
1787023770498,0.001386,613962.0,0.001387,2677540.0,0.0013865000000000001,7.212405337179342
1787023770499,0.001386,1050878.0,0.001387,4685554.0,0.0013865000000000001,7.212405337179342
1787023770500,0.001386,1313166.0,0.001387,4677954.0,0.0013865000000000001,7.212405337179342
1787023770501,0.001386,1513831.0,0.001387,2513065.0,0.0013865000000000001,7.212405337179342
1787023770502,0.001386,1451866.0,0.001387,2264558.0,0.0013865000000000001,7.212405337179342
1787023770515,0.001386,1451866.0,0.001387,640598.0,0.0013865000000000001,7.212405337179342
1787023770519,0.001386,1451866.0,0.001387,655018.0,0.0013865000000000001,7.212405337179342
1787023770522,0.001386,1451866.0,0.001387,434463.0,0.0013865000000000001,7.212405337179342
1787023770524,0.001386,1451866.0,0.001387,430858.0,0.0013865000000000001,7.212405337179342
1787023770551,0.001386,1451866.0,0.001387,437383.0,0.0013865000000000001,7.212405337179342
1787023770605,0.001386,1463767.0,0.001387,449284.0,0.0013865000000000001,7.212405337179342
1787023770607,0.001386,1463767.0,0.001387,497761.0,0.0013865000000000001,7.212405337179342
1787023770657,0.001386,873640.0,0.001387,497761.0,0.0013865000000000001,7.212405337179342
1787023770659,0.001386,873640.0,0.001387,861114.0,0.0013865000000000001,7.212405337179342
1787023770697,0.001386,873640.0,0.001387,794074.0,0.0013865000000000001,7.212405337179342
1787023770698,0.001386,1715992.0,0.001387,1614545.0,0.0013865000000000001,7.212405337179342
1787023770699,0.001386,2515992.0,0.001387,1628965.0,0.0013865000000000001,7.212405337179342
1787023770700,0.001386,1704091.0,0.001387,796593.0,0.0013865000000000001,7.212405337179342
1787023770710,0.001386,1715992.0,0.001387,808494.0,0.0013865000000000001,7.212405337179342
1787023770755,0.001386,1715992.0,0.001387,812460.0,0.0013865000000000001,7.212405337179342
1787023770766,0.001386,1719961.0,0.001387,812460.0,0.0013865000000000001,7.212405337179342
1787023770799,0.001386,1719961.0,0.001387,819672.0,0.0013865000000000001,7.212405337179342
1787023770836,0.001386,1336185.0,0.001387,819672.0,0.0013865000000000001,7.212405337179342
1787023770838,0.001386,493833.0,0.001387,819672.0,0.0013865000000000001,7.212405337179342
1787023770847,0.001386,493833.0,0.001387,823277.0,0.0013865000000000001,7.212405337179342
1787023770852,0.001386,493833.0,0.001387,622157.0,0.0013865000000000001,7.212405337179342
1787023770854,0.001386,1293833.0,0.001387,622157.0,0.0013865000000000001,7.212405337179342
1787023770855,0.001386,1281932.0,0.001387,622157.0,0.0013865000000000001,7.212405337179342
1787023770858,0.001386,1293833.0,0.001387,622157.0,0.0013865000000000001,7.212405337179342
1787023770941,0.001386,1293833.0,0.001387,636577.0,0.0013865000000000001,7.212405337179342
1787023771056,0.001386,2188078.0,0.001387,636577.0,0.0013865000000000001,7.212405337179342
1787023771255,0.001386,2157764.0,0.001387,636577.0,0.0013865000000000001,7.212405337179342
1787023771257,0.001386,2157764.0,0.001387,1494697.0,0.0013865000000000001,7.212405337179342
1787023771258,0.001386,2157764.0,0.001387,1482796.0,0.0013865000000000001,7.212405337179342
1787023771259,0.001386,2157764.0,0.001387,1494697.0,0.0013865000000000001,7.212405337179342
1787023771298,0.001386,2157764.0,0.001387,1487485.0,0.0013865000000000001,7.212405337179342
1787023771357,0.001386,2157764.0,0.001387,1501905.0,0.0013865000000000001,7.212405337179342
1787023771370,0.001386,2157764.0,0.001387,1450164.0,0.0013865000000000001,7.212405337179342
1787023771428,0.001386,463519.0,0.001387,1450164.0,0.0013865000000000001,7.212405337179342
1787023771429,0.001386,451618.0,0.001387,1450164.0,0.0013865000000000001,7.212405337179342
1787023771475,0.001386,446174.0,0.001387,1450164.0,0.0013865000000000001,7.212405337179342
1787023771558,0.001386,301926.0,0.001387,1450164.0,0.0013865000000000001,7.212405337179342
1787023771560,0.001386,253449.0,0.001387,1450164.0,0.0013865000000000001,7.212405337179342
1787023771563,0.001386,301926.0,0.001387,1450164.0,0.0013865000000000001,7.212405337179342
1787023771645,0.001386,301926.0,0.001387,1435863.0,0.0013865000000000001,7.212405337179342
1787023771741,0.001386,301926.0,0.001387,1439715.0,0.0013865000000000001,7.212405337179342
1787023771757,0.001386,313827.0,0.001387,1439715.0,0.0013865000000000001,7.212405337179342
1787023771758,0.001386,1213924.0,0.001387,1439715.0,0.0013865000000000001,7.212405337179342
1787023771759,0.001386,1202023.0,0.001387,1439715.0,0.0013865000000000001,7.212405337179342
1787023771845,0.001386,301926.0,0.001387,1439715.0,0.0013865000000000001,7.212405337179342
1787023771846,0.001386,60386.0,0.001387,1439715.0,0.0013865000000000001,7.212405337179342
1787023771848,0.001386,11909.0,0.001387,1439715.0,0.0013865000000000001,7.212405337179342
1787023771849,0.001386,11909.0,0.001387,1898567.0,0.0013865000000000001,7.212405337179342
1787023771852,0.001385,713789.0,0.001386,186872.0,0.0013855,7.217610970769633
1787023771853,0.001385,713789.0,0.001386,584211.0,0.0013855,7.217610970769633
1787023771854,0.001385,694231.0,0.001386,794619.0,0.0013855,7.217610970769633
1787023771855,0.001385,694231.0,0.001386,843096.0,0.0013855,7.217610970769633
1787023771856,0.001385,838583.0,0.001386,869927.0,0.0013855,7.217610970769633
1787023771857,0.001385,838583.0,0.001386,1095345.0,0.0013855,7.217610970769633
1787023771859,0.001385,1139425.0,0.001386,1095345.0,0.0013855,7.217610970769633
1787023771860,0.001385,1067223.0,0.001386,1095345.0,0.0013855,7.217610970769633
1787023771884,0.001385,1067223.0,0.001386,907387.0,0.0013855,7.217610970769633
1787023771895,0.001385,1067223.0,0.001386,936257.0,0.0013855,7.217610970769633
1787023771917,0.001385,1079133.0,0.001386,948167.0,0.0013855,7.217610970769633
1787023771918,0.001385,1006931.0,0.001386,948167.0,0.0013855,7.217610970769633
1787023772056,0.001385,1907577.0,0.001386,948167.0,0.0013855,7.217610970769633
1787023772097,0.001385,1907577.0,0.001386,933732.0,0.0013855,7.217610970769633
1787023772184,0.001385,1907577.0,0.001386,757683.0,0.0013855,7.217610970769633
1787023772469,0.001385,1907577.0,0.001386,1614261.0,0.0013855,7.217610970769633
1787023772470,0.001385,1907577.0,0.001386,1602351.0,0.0013855,7.217610970769633
1787023772471,0.001385,1907577.0,0.001386,1614261.0,0.0013855,7.217610970769633
1787023772498,0.001385,1907577.0,0.001386,1628696.0,0.0013855,7.217610970769633
1787023772595,0.001385,1907577.0,0.001386,1614261.0,0.0013855,7.217610970769633
1787023772677,0.001385,1901792.0,0.001386,1614261.0,0.0013855,7.217610970769633
1787023772694,0.001385,1901792.0,0.001386,1628696.0,0.0013855,7.217610970769633
1787023772872,0.001385,1757440.0,0.001386,1628696.0,0.0013855,7.217610970769633
1787023772873,0.001385,1745530.0,0.001386,1628696.0,0.0013855,7.217610970769633
1787023772875,0.001385,1757440.0,0.001386,1628696.0,0.0013855,7.217610970769633
1787023772901,0.001385,1837396.0,0.001386,1628696.0,0.0013855,7.217610970769633
1787023773001,0.001385,1757440.0,0.001386,1628696.0,0.0013855,7.217610970769633
1787023773287,0.001385,1761908.0,0.001386,1628696.0,0.0013855,7.217610970769633
1787023773298,0.001385,1761908.0,0.001386,1614261.0,0.0013855,7.217610970769633
1787023773395,0.001385,1761908.0,0.001386,1628696.0,0.0013855,7.217610970769633
1787023773402,0.001385,1841897.0,0.001386,1628696.0,0.0013855,7.217610970769633
1787023773431,0.001385,1841897.0,0.001386,772118.0,0.0013855,7.217610970769633
1787023773432,0.001385,1841897.0,0.001386,536549.0,0.0013855,7.217610970769633
1787023773434,0.001385,1841897.0,0.001386,541797.0,0.0013855,7.217610970769633
1787023773449,0.001385,1841897.0,0.001386,545585.0,0.0013855,7.217610970769633
1787023773636,0.001385,1841897.0,0.001386,1286309.0,0.0013855,7.217610970769633
1787023773637,0.001385,1841897.0,0.001386,1286309.0,0.0013855,7.217610970769633
1787023773655,0.001385,1841897.0,0.001386,1521878.0,0.0013855,7.217610970769633
1787023773656,0.001385,1621342.0,0.001386,1521878.0,0.0013855,7.217610970769633
1787023773658,0.001385,14629.0,0.001386,2367158.0,0.0013855,7.217610970769633
1787023773659,0.001385,14629.0,0.001386,2689068.0,0.0013855,7.217610970769633
1787023773660,0.001385,3972.0,0.001386,2732375.0,0.0013855,7.217610970769633
1787023773661,0.001385,3972.0,0.001386,2785004.0,0.0013855,7.217610970769633
1787023773664,0.001384,1177192.0,0.001385,499204.0,0.0013844999999999999,7.222824124231968
1787023773665,0.001384,1012171.0,0.001385,626292.0,0.0013844999999999999,7.222824124231968
1787023773666,0.001384,1156627.0,0.001385,98826.0,0.0013844999999999999,7.222824124231968
1787023773667,0.001384,1156627.0,0.001385,382872.0,0.0013844999999999999,7.222824124231968
1787023773668,0.001384,1156627.0,0.001385,189422.0,0.0013844999999999999,7.222824124231968
1787023773669,0.001384,1156627.0,0.001385,62156.0,0.0013844999999999999,7.222824124231968
1787023773671,0.001385,65754.0,0.001386,2839546.0,0.0013855,7.217610970769633
1787023773672,0.001385,267666.0,0.001386,2439288.0,0.0013855,7.217610970769633
1787023773673,0.001385,267666.0,0.001386,1594008.0,0.0013855,7.217610970769633
1787023773674,0.001385,339868.0,0.001386,1594008.0,0.0013855,7.217610970769633
1787023773693,0.001385,336630.0,0.001386,1594008.0,0.0013855,7.217610970769633
1787023773696,0.001385,336630.0,0.001386,1579573.0,0.0013855,7.217610970769633
1787023773699,0.001385,416619.0,0.001386,1579573.0,0.0013855,7.217610970769633
1787023773794,0.001385,524922.0,0.001386,1579573.0,0.0013855,7.217610970769633
1787023773799,0.001385,524922.0,0.001386,1594011.0,0.0013855,7.217610970769633
1787023773800,0.001385,444933.0,0.001386,1594011.0,0.0013855,7.217610970769633
1787023773847,0.001385,444933.0,0.001386,1605921.0,0.0013855,7.217610970769633
1787023773899,0.001385,524698.0,0.001386,1605921.0,0.0013855,7.217610970769633
1787023773960,0.001385,516034.0,0.001386,1605921.0,0.0013855,7.217610970769633
1787023773961,0.001385,516034.0,0.001386,2405921.0,0.0013855,7.217610970769633
1787023773962,0.001385,467557.0,0.001386,2405921.0,0.0013855,7.217610970769633
1787023773979,0.001385,467557.0,0.001386,1605921.0,0.0013855,7.217610970769633
1787023773995,0.001385,467557.0,0.001386,1591483.0,0.0013855,7.217610970769633
1787023773996,0.001385,467557.0,0.001386,1579573.0,0.0013855,7.217610970769633
1787023773997,0.001385,467557.0,0.001386,1591483.0,0.0013855,7.217610970769633
1787023774100,0.001385,387792.0,0.001386,1591483.0,0.0013855,7.217610970769633
1787023774130,0.001385,391764.0,0.001386,1591483.0,0.0013855,7.217610970769633
1787023774131,0.001385,440241.0,0.001386,1591483.0,0.0013855,7.217610970769633
1787023774163,0.001385,440241.0,0.001386,1435335.0,0.0013855,7.217610970769633
1787023774165,0.001385,1499049.0,0.001386,1435335.0,0.0013855,7.217610970769633
1787023774167,0.001385,1438757.0,0.001386,1435335.0,0.0013855,7.217610970769633
1787023774375,0.001385,1343747.0,0.001386,1435335.0,0.0013855,7.217610970769633
1787023774376,0.001385,1343747.0,0.001386,2235335.0,0.0013855,7.217610970769633
1787023774388,0.001385,1343747.0,0.001386,1435335.0,0.0013855,7.217610970769633
1787023774389,0.001385,1343747.0,0.001386,1435335.0,0.0013855,7.217610970769633
1787023774451,0.001385,1312841.0,0.001386,1435335.0,0.0013855,7.217610970769633
1787023774452,0.001385,1312841.0,0.001386,2235335.0,0.0013855,7.217610970769633
1787023774495,0.001385,1312841.0,0.001386,2249772.0,0.0013855,7.217610970769633
1787023774560,0.001385,1312841.0,0.001386,1449772.0,0.0013855,7.217610970769633
1787023774561,0.001385,1312841.0,0.001386,1437862.0,0.0013855,7.217610970769633
1787023774562,0.001385,1312841.0,0.001386,1449772.0,0.0013855,7.217610970769633
1787023774601,0.001385,1312841.0,0.001386,2049772.0,0.0013855,7.217610970769633
1787023774635,0.001385,1312841.0,0.001386,1449772.0,0.0013855,7.217610970769633
1787023774654,0.001385,1312841.0,0.001386,1377570.0,0.0013855,7.217610970769633
1787023774663,0.001385,1306117.0,0.001386,1377570.0,0.0013855,7.217610970769633
1787023774686,0.001385,1306117.0,0.001386,1271382.0,0.0013855,7.217610970769633
1787023774688,0.001385,1306117.0,0.001386,530658.0,0.0013855,7.217610970769633
1787023774689,0.001385,1306117.0,0.001386,295089.0,0.0013855,7.217610970769633
1787023774692,0.001385,1306117.0,0.001386,295089.0,0.0013855,7.217610970769633
1787023774839,0.001383,1417754.0,0.001384,3161087.0,0.0013835,7.228044813878806
1787023774840,0.001381,907798.0,0.001382,2069762.0,0.0013815,7.238508867172754
1787023774841,0.00138,428143.0,0.001382,2046077.0,0.0013809999999999998,14.482259232440615
1787023774842,0.001379,2670595.0,0.001381,451704.0,0.0013800000000000002,14.492753623188758
1787023774843,0.001379,1964986.0,0.00138,361973.0,0.0013795,7.2490032620508575
1787023774844,0.00138,477837.0,0.001381,304797.0,0.0013805,7.243752263673544
1787023774845,0.00138,247567.0,0.001381,889438.0,0.0013805,7.243752263673544
1787023774846,0.001379,2965439.0,0.001381,967789.0,0.0013800000000000002,14.492753623188758
1787023774847,0.001379,2161465.0,0.00138,42655.0,0.0013795,7.2490032620508575
1787023774848,0.001379,1715260.0,0.00138,42655.0,0.0013795,7.2490032620508575
1787023774849,0.001379,1715260.0,0.00138,16120.0,0.0013795,7.2490032620508575
1787023774852,0.001379,1722512.0,0.00138,16120.0,0.0013795,7.2490032620508575
1787023774853,0.001379,1715260.0,0.00138,16120.0,0.0013795,7.2490032620508575
1787023774854,0.00138,157166.0,0.001381,1453319.0,0.0013805,7.243752263673544
1787023774855,0.00138,24282.0,0.001381,1483193.0,0.0013805,7.243752263673544
1787023774856,0.00138,16528.0,0.001381,1483193.0,0.0013805,7.243752263673544
1787023774860,0.00138,16528.0,0.001381,683193.0,0.0013805,7.243752263673544
1787023774861,0.00138,65005.0,0.001381,683193.0,0.0013805,7.243752263673544
1787023774862,0.00138,65005.0,0.001381,678558.0,0.0013805,7.243752263673544
1787023774863,0.00138,865005.0,0.001381,678558.0,0.0013805,7.243752263673544
1787023774865,0.00138,865005.0,0.001381,454894.0,0.0013805,7.243752263673544
1787023774869,0.00138,865005.0,0.001381,348639.0,0.0013805,7.243752263673544
1787023774870,0.00138,865005.0,0.001381,368492.0,0.0013805,7.243752263673544
1787023774871,0.00138,870438.0,0.001381,354032.0,0.0013805,7.243752263673544
1787023774872,0.00138,870438.0,0.001381,305555.0,0.0013805,7.243752263673544
1787023774877,0.00138,870438.0,0.001381,289272.0,0.0013805,7.243752263673544
1787023774878,0.00138,870438.0,0.001381,269564.0,0.0013805,7.243752263673544
1787023774879,0.00138,870438.0,0.001381,186769.0,0.0013805,7.243752263673544
1787023774880,0.00138,870438.0,0.001381,183197.0,0.0013805,7.243752263673544
1787023774881,0.00138,870438.0,0.001381,263471.0,0.0013805,7.243752263673544
1787023774895,0.00138,870438.0,0.001381,100127.0,0.0013805,7.243752263673544
1787023774907,0.001381,413081.0,0.001384,2277575.0,0.0013825,21.699819168173338
1787023774908,0.001382,1578449.0,0.001384,2095411.0,0.0013830000000000001,14.46131597975451
1787023774909,0.001381,828651.0,0.001383,96692.0,0.001382,14.471780028942343
1787023774910,0.001381,1377511.0,0.001382,59701.0,0.0013815,7.238508867172754
1787023774911,0.001382,278845.0,0.001383,144243.0,0.0013825,7.233273056057258
1787023774912,0.001382,215839.0,0.001383,176700.0,0.0013825,7.233273056057258
1787023774913,0.001382,1367212.0,0.001383,276474.0,0.0013825,7.233273056057258
1787023774914,0.001382,567212.0,0.001383,101714.0,0.0013825,7.233273056057258
1787023774915,0.001382,567212.0,0.001383,3781.0,0.0013825,7.233273056057258
1787023774916,0.001382,800000.0,0.001384,871755.0,0.0013830000000000001,14.46131597975451
1787023774917,0.001379,72516.0,0.001383,1459380.0,0.0013809999999999998,28.964518464879657
1787023774918,0.00138,30318.0,0.001382,829916.0,0.0013809999999999998,14.482259232440615
1787023774919,0.001379,39866.0,0.00138,26838.0,0.0013795,7.2490032620508575
1787023774920,0.001379,35896.0,0.00138,853676.0,0.0013795,7.2490032620508575
1787023774921,0.001379,28645.0,0.00138,834084.0,0.0013795,7.2490032620508575
1787023774922,0.001379,35905.0,0.00138,232999.0,0.0013795,7.2490032620508575
1787023774923,0.001379,32279.0,0.00138,121957.0,0.0013795,7.2490032620508575
1787023774924,0.001379,80756.0,0.00138,273081.0,0.0013795,7.2490032620508575
1787023774925,0.001379,32279.0,0.00138,231372.0,0.0013795,7.2490032620508575
1787023774926,0.001379,32279.0,0.00138,157894.0,0.0013795,7.2490032620508575
1787023774927,0.001379,80756.0,0.00138,40935.0,0.0013795,7.2490032620508575
1787023774928,0.001379,32279.0,0.00138,78044.0,0.0013795,7.2490032620508575
1787023774929,0.001379,80756.0,0.00138,91951.0,0.0013795,7.2490032620508575
1787023774930,0.001379,80756.0,0.00138,14974.0,0.0013795,7.2490032620508575
1787023774931,0.00138,11315.0,0.001381,843399.0,0.0013805,7.243752263673544
1787023774932,0.00138,11315.0,0.001381,609243.0,0.0013805,7.243752263673544
1787023774933,0.001379,77466.0,0.00138,10592.0,0.0013795,7.2490032620508575
1787023774934,0.001379,142486.0,0.001381,888460.0,0.0013800000000000002,14.492753623188758
1787023774935,0.001379,73496.0,0.001381,667783.0,0.0013800000000000002,14.492753623188758
1787023774936,0.001379,73496.0,0.001381,573785.0,0.0013800000000000002,14.492753623188758
1787023774937,0.001379,294051.0,0.001381,639437.0,0.0013800000000000002,14.492753623188758
1787023774938,0.001379,294051.0,0.00138,20260.0,0.0013795,7.2490032620508575
1787023774939,0.001379,294051.0,0.00138,73132.0,0.0013795,7.2490032620508575
1787023774940,0.001379,596202.0,0.00138,122956.0,0.0013795,7.2490032620508575
1787023774942,0.001379,1396202.0,0.00138,122956.0,0.0013795,7.2490032620508575
1787023774948,0.001379,1396202.0,0.00138,142987.0,0.0013795,7.2490032620508575
1787023774949,0.001379,1400551.0,0.00138,142987.0,0.0013795,7.2490032620508575
1787023774950,0.001379,1564326.0,0.00138,142987.0,0.0013795,7.2490032620508575
1787023774960,0.001379,764326.0,0.00138,142987.0,0.0013795,7.2490032620508575
1787023774969,0.001379,764326.0,0.00138,36732.0,0.0013795,7.2490032620508575
1787023774970,0.00138,25900.0,0.001381,1280905.0,0.0013805,7.243752263673544
1787023774971,0.00138,74377.0,0.001381,557856.0,0.0013805,7.243752263673544
1787023774972,0.00138,61427.0,0.001381,611239.0,0.0013805,7.243752263673544
1787023774973,0.001379,1612771.0,0.001381,611239.0,0.0013800000000000002,14.492753623188758
1787023774974,0.001379,1612771.0,0.00138,13888.0,0.0013795,7.2490032620508575
1787023774975,0.001379,767952.0,0.00138,90669.0,0.0013795,7.2490032620508575
1787023774983,0.001379,843155.0,0.00138,90669.0,0.0013795,7.2490032620508575
1787023774986,0.001379,843155.0,0.00138,94474.0,0.0013795,7.2490032620508575
1787023774990,0.001379,843155.0,0.00138,80880.0,0.0013795,7.2490032620508575
1787023774991,0.001379,843155.0,0.00138,38487.0,0.0013795,7.2490032620508575
1787023774992,0.001379,1643155.0,0.00138,9351.0,0.0013795,7.2490032620508575
1787023774994,0.001379,1643155.0,0.00138,73555.0,0.0013795,7.2490032620508575
1787023774995,0.001379,1674059.0,0.00138,73555.0,0.0013795,7.2490032620508575
1787023774996,0.001379,1674059.0,0.00138,73146.0,0.0013795,7.2490032620508575
1787023775006,0.001379,1677777.0,0.00138,73146.0,0.0013795,7.2490032620508575
1787023775015,0.001379,1689738.0,0.00138,85107.0,0.0013795,7.2490032620508575
1787023775029,0.001379,889738.0,0.00138,85107.0,0.0013795,7.2490032620508575
1787023775037,0.001379,1079742.0,0.00138,85107.0,0.0013795,7.2490032620508575
1787023775041,0.001379,1907964.0,0.00138,85107.0,0.0013795,7.2490032620508575
1787023775042,0.001379,1896003.0,0.00138,85107.0,0.0013795,7.2490032620508575
1787023775043,0.001379,1896003.0,0.00138,11961.0,0.0013795,7.2490032620508575
1787023775044,0.001379,1896003.0,0.001381,1287000.0,0.0013800000000000002,14.492753623188758
1787023775045,0.001379,1896003.0,0.001381,1110052.0,0.0013800000000000002,14.492753623188758
1787023775046,0.00138,461558.0,0.001381,1110052.0,0.0013805,7.243752263673544
1787023775047,0.00138,461558.0,0.001381,1162685.0,0.0013805,7.243752263673544
1787023775065,0.00138,461558.0,0.001381,1220613.0,0.0013805,7.243752263673544
1787023775097,0.00138,461558.0,0.001381,1380598.0,0.0013805,7.243752263673544
1787023775109,0.00138,461558.0,0.001381,1370201.0,0.0013805,7.243752263673544
1787023775112,0.00138,1305595.0,0.001381,1370201.0,0.0013805,7.243752263673544
1787023775113,0.00138,1305595.0,0.001381,1210216.0,0.0013805,7.243752263673544
1787023775114,0.00138,1305595.0,0.001381,254193.0,0.0013805,7.243752263673544
1787023775115,0.00138,1305595.0,0.001381,266146.0,0.0013805,7.243752263673544
1787023775139,0.00138,1317548.0,0.001381,266146.0,0.0013805,7.243752263673544
1787023775140,0.00138,1317548.0,0.001381,309592.0,0.0013805,7.243752263673544
1787023775144,0.00138,1369289.0,0.001381,309592.0,0.0013805,7.243752263673544
1787023775180,0.00138,1369289.0,0.001381,242407.0,0.0013805,7.243752263673544
1787023775183,0.001381,426226.0,0.001382,1299613.0,0.0013815,7.238508867172754
1787023775184,0.001381,474703.0,0.001382,789386.0,0.0013815,7.238508867172754
1787023775185,0.001381,474703.0,0.001382,516142.0,0.0013815,7.238508867172754
1787023775186,0.001381,474703.0,0.001382,337260.0,0.0013815,7.238508867172754
1787023775187,0.001381,474703.0,0.001382,443706.0,0.0013815,7.238508867172754
1787023775188,0.001381,474703.0,0.001382,337260.0,0.0013815,7.238508867172754
1787023775196,0.001381,474703.0,0.001382,351736.0,0.0013815,7.238508867172754
1787023775202,0.001381,461558.0,0.001382,351736.0,0.0013815,7.238508867172754
1787023775218,0.001381,461558.0,0.001382,363680.0,0.0013815,7.238508867172754
1787023775219,0.001381,466987.0,0.001382,363680.0,0.0013815,7.238508867172754
1787023775245,0.001381,611506.0,0.001382,363680.0,0.0013815,7.238508867172754
1787023775248,0.001381,607866.0,0.001382,363680.0,0.0013815,7.238508867172754
1787023775249,0.001381,607866.0,0.001382,1163680.0,0.0013815,7.238508867172754
1787023775251,0.001381,607866.0,0.001382,1151736.0,0.0013815,7.238508867172754
1787023775295,0.001381,619810.0,0.001382,1151736.0,0.0013815,7.238508867172754
1787023775300,0.001381,647620.0,0.001382,1151736.0,0.0013815,7.238508867172754
1787023775302,0.001381,726339.0,0.001382,1151736.0,0.0013815,7.238508867172754
1787023775311,0.001381,730322.0,0.001382,1155716.0,0.0013815,7.238508867172754
1787023775314,0.001381,1473163.0,0.001382,1155716.0,0.0013815,7.238508867172754
1787023775315,0.001381,1461219.0,0.001382,1948805.0,0.0013815,7.238508867172754
1787023775327,0.001381,1461219.0,0.001382,1960749.0,0.0013815,7.238508867172754
1787023775334,0.001381,1461219.0,0.001382,1759192.0,0.0013815,7.238508867172754
1787023775337,0.001381,1461219.0,0.001382,966103.0,0.0013815,7.238508867172754
1787023775358,0.001381,1461219.0,0.001382,962133.0,0.0013815,7.238508867172754
1787023775370,0.001381,1465189.0,0.001382,962133.0,0.0013815,7.238508867172754
1787023775415,0.001381,1477133.0,0.001382,962133.0,0.0013815,7.238508867172754
1787023775463,0.001381,1477133.0,0.001382,954196.0,0.0013815,7.238508867172754
1787023775484,0.001381,4909569.0,0.001382,954196.0,0.0013815,7.238508867172754
1787023775485,0.001381,4897625.0,0.001382,588108.0,0.0013815,7.238508867172754
1787023775487,0.001381,1465189.0,0.001382,588108.0,0.0013815,7.238508867172754
1787023775490,0.001381,1465189.0,0.001382,799260.0,0.0013815,7.238508867172754
1787023775498,0.001381,1465189.0,0.001382,813735.0,0.0013815,7.238508867172754
1787023775499,0.001381,1437379.0,0.001382,813735.0,0.0013815,7.238508867172754
1787023775555,0.001381,1406238.0,0.001382,813735.0,0.0013815,7.238508867172754
1787023775557,0.001381,1406238.0,0.001382,1213735.0,0.0013815,7.238508867172754
1787023775558,0.001381,1406238.0,0.001382,1201791.0,0.0013815,7.238508867172754
1787023775575,0.001381,1418182.0,0.001382,1213735.0,0.0013815,7.238508867172754
1787023775584,0.001381,4850276.0,0.001382,1213735.0,0.0013815,7.238508867172754
1787023775585,0.001382,413081.0,0.001383,2415818.0,0.0013825,7.233273056057258
1787023775586,0.001382,426216.0,0.001383,1506388.0,0.0013825,7.233273056057258
1787023775587,0.001382,474693.0,0.001383,1506388.0,0.0013825,7.233273056057258
1787023775588,0.001382,553291.0,0.001383,1584197.0,0.0013825,7.233273056057258
1787023775589,0.001382,553291.0,0.001383,1314052.0,0.0013825,7.233273056057258
1787023775596,0.001382,553291.0,0.001383,1328521.0,0.0013825,7.233273056057258
1787023775603,0.001382,540156.0,0.001383,1328521.0,0.0013825,7.233273056057258
1787023775639,0.001382,536748.0,0.001383,1328521.0,0.0013825,7.233273056057258
1787023775641,0.001382,560664.0,0.001383,1328521.0,0.0013825,7.233273056057258
1787023775738,0.001382,572599.0,0.001383,1340456.0,0.0013825,7.233273056057258
1787023775764,0.001382,572599.0,0.001383,1273319.0,0.0013825,7.233273056057258
1787023775765,0.001382,793154.0,0.001383,1273319.0,0.0013825,7.233273056057258
1787023775782,0.001382,797134.0,0.001383,1277296.0,0.0013825,7.233273056057258
1787023775787,0.001382,797134.0,0.001383,1134998.0,0.0013825,7.233273056057258
1787023775789,0.001382,4228297.0,0.001383,1207305.0,0.0013825,7.233273056057258
1787023775790,0.001382,4976723.0,0.001383,1065007.0,0.0013825,7.233273056057258
1787023775797,0.001382,4948409.0,0.001383,1065007.0,0.0013825,7.233273056057258
1787023775799,0.001382,4873781.0,0.001383,1065007.0,0.0013825,7.233273056057258
1787023775815,0.001382,4873781.0,0.001383,1060242.0,0.0013825,7.233273056057258
1787023775817,0.001382,4873781.0,0.001383,2503342.0,0.0013825,7.233273056057258
1787023775818,0.001382,4873781.0,0.001383,2419100.0,0.0013825,7.233273056057258
1787023775819,0.001382,4873781.0,0.001383,2395178.0,0.0013825,7.233273056057258
1787023775829,0.001382,4653226.0,0.001383,2395178.0,0.0013825,7.233273056057258
1787023775835,0.001382,4653226.0,0.001383,2501548.0,0.0013825,7.233273056057258
1787023775836,0.001382,4653226.0,0.001383,2660619.0,0.0013825,7.233273056057258
1787023775855,0.001382,4653226.0,0.001383,3562460.0,0.0013825,7.233273056057258
1787023775858,0.001382,4665161.0,0.001383,3574395.0,0.0013825,7.233273056057258
1787023775875,0.001382,4665161.0,0.001383,2797820.0,0.0013825,7.233273056057258
1787023775877,0.001382,4665161.0,0.001383,1895979.0,0.0013825,7.233273056057258
1787023775902,0.001382,4743893.0,0.001383,1895979.0,0.0013825,7.233273056057258
1787023775920,0.001382,4743893.0,0.001383,1694568.0,0.0013825,7.233273056057258
1787023775923,0.001382,4743893.0,0.001383,1640755.0,0.0013825,7.233273056057258
1787023775924,0.001382,4743893.0,0.001383,1481684.0,0.0013825,7.233273056057258
1787023775925,0.001382,4743893.0,0.001383,1429127.0,0.0013825,7.233273056057258
1787023775926,0.001382,4916065.0,0.001383,1429127.0,0.0013825,7.233273056057258
1787023776000,0.001382,4994708.0,0.001383,1429127.0,0.0013825,7.233273056057258
1787023776100,0.001382,4837333.0,0.001383,1429127.0,0.0013825,7.233273056057258
1787023776241,0.001382,4837333.0,0.001383,2219190.0,0.0013825,7.233273056057258
1787023776242,0.001382,1233998.0,0.001383,2219190.0,0.0013825,7.233273056057258
1787023776243,0.001382,852639.0,0.001383,2219190.0,0.0013825,7.233273056057258
1787023776244,0.001382,852639.0,0.001383,2274017.0,0.0013825,7.233273056057258
1787023776245,0.001382,92278.0,0.001383,2418627.0,0.0013825,7.233273056057258
1787023776246,0.001382,80343.0,0.001383,2418627.0,0.0013825,7.233273056057258
1787023776247,0.001382,80343.0,0.001383,2599588.0,0.0013825,7.233273056057258
1787023776252,0.001382,80343.0,0.001383,2603565.0,0.0013825,7.233273056057258
1787023776260,0.001381,1574497.0,0.001382,177410.0,0.0013815,7.238508867172754
1787023776261,0.001381,1570806.0,0.001382,257577.0,0.0013815,7.238508867172754
1787023776262,0.001381,1604510.0,0.001382,1272369.0,0.0013815,7.238508867172754
1787023776263,0.001381,1604510.0,0.001382,1320846.0,0.0013815,7.238508867172754
1787023776264,0.001381,1383955.0,0.001382,1334726.0,0.0013815,7.238508867172754
1787023776281,0.001381,1338315.0,0.001382,1334726.0,0.0013815,7.238508867172754
1787023776292,0.001381,1338315.0,0.001382,1119934.0,0.0013815,7.238508867172754
1787023776299,0.001381,1358675.0,0.001382,1119934.0,0.0013815,7.238508867172754
1787023776339,0.001381,1358675.0,0.001382,1052846.0,0.0013815,7.238508867172754
1787023776371,0.001381,1354688.0,0.001382,1052846.0,0.0013815,7.238508867172754
1787023776403,0.001381,1366632.0,0.001382,1064790.0,0.0013815,7.238508867172754
1787023776458,0.001381,2176643.0,0.001382,1064790.0,0.0013815,7.238508867172754
1787023776469,0.001381,2164708.0,0.001382,1949488.0,0.0013815,7.238508867172754
1787023776477,0.001381,2164708.0,0.001382,1064790.0,0.0013815,7.238508867172754
1787023776478,0.001381,2164708.0,0.001382,1052846.0,0.0013815,7.238508867172754
1787023776497,0.001381,2164708.0,0.001382,851581.0,0.0013815,7.238508867172754
1787023776499,0.001381,2144348.0,0.001382,851581.0,0.0013815,7.238508867172754
1787023776528,0.001381,5576614.0,0.001382,851581.0,0.0013815,7.238508867172754
1787023776529,0.001381,5564670.0,0.001382,645820.0,0.0013815,7.238508867172754
1787023776565,0.001381,5564670.0,0.001383,2309479.0,0.001382,14.471780028942343
1787023776566,0.001382,430377.0,0.001383,2203768.0,0.0013825,7.233273056057258
1787023776567,0.001382,731580.0,0.001383,1179531.0,0.0013825,7.233273056057258
1787023776568,0.001382,731580.0,0.001383,1291627.0,0.0013825,7.233273056057258
1787023776575,0.001382,731580.0,0.001383,471056.0,0.0013825,7.233273056057258
1787023776576,0.001382,952135.0,0.001383,464666.0,0.0013825,7.233273056057258
1787023776577,0.001382,952135.0,0.001383,341534.0,0.0013825,7.233273056057258
1787023776579,0.001382,952135.0,0.001383,1141534.0,0.0013825,7.233273056057258
1787023776580,0.001382,952135.0,0.001383,1213841.0,0.0013825,7.233273056057258
1787023776585,0.001382,934839.0,0.001383,1213841.0,0.0013825,7.233273056057258
1787023776609,0.001382,934839.0,0.001383,413841.0,0.0013825,7.233273056057258
1787023776611,0.001382,934839.0,0.001383,365364.0,0.0013825,7.233273056057258
1787023776612,0.001382,934839.0,0.001383,293057.0,0.0013825,7.233273056057258
1787023776616,0.001382,934839.0,0.001383,341534.0,0.0013825,7.233273056057258
1787023776637,0.001382,927866.0,0.001383,341534.0,0.0013825,7.233273056057258
1787023776638,0.001382,927866.0,0.001383,1141534.0,0.0013825,7.233273056057258
1787023776678,0.001382,1703435.0,0.001383,1939735.0,0.0013825,7.233273056057258
1787023776680,0.001382,1703435.0,0.001383,1561479.0,0.0013825,7.233273056057258
1787023776682,0.001382,1703435.0,0.001383,763278.0,0.0013825,7.233273056057258
1787023776689,0.001382,5135462.0,0.001383,763278.0,0.0013825,7.233273056057258
1787023776690,0.001383,430370.0,0.001384,1753668.0,0.0013835,7.228044813878806
1787023776691,0.001383,447659.0,0.001384,1059879.0,0.0013835,7.228044813878806
1787023776692,0.001383,669049.0,0.001384,1591178.0,0.0013835,7.228044813878806
1787023776693,0.001383,669049.0,0.001384,7147485.0,0.0013835,7.228044813878806
1787023776694,0.001383,669049.0,0.001384,5638446.0,0.0013835,7.228044813878806
1787023776695,0.001383,642998.0,0.001384,3237626.0,0.0013835,7.228044813878806
1787023776696,0.001383,642998.0,0.001384,510132.0,0.0013835,7.228044813878806
1787023776697,0.001383,642998.0,0.001384,367594.0,0.0013835,7.228044813878806
1787023776698,0.001383,642998.0,0.001384,367594.0,0.0013835,7.228044813878806
1787023776699,0.001383,642998.0,0.001384,416071.0,0.0013835,7.228044813878806
1787023776719,0.001383,648420.0,0.001384,416071.0,0.0013835,7.228044813878806
1787023776722,0.001383,652397.0,0.001384,420045.0,0.0013835,7.228044813878806
1787023776771,0.001383,630695.0,0.001384,420045.0,0.0013835,7.228044813878806
1787023776773,0.001383,630695.0,0.001384,1220045.0,0.0013835,7.228044813878806
1787023776799,0.001383,630695.0,0.001384,1292299.0,0.0013835,7.228044813878806
1787023776842,0.001383,642622.0,0.001384,1304226.0,0.0013835,7.228044813878806
1787023776906,0.001383,1476946.0,0.001384,2188539.0,0.0013835,7.228044813878806
1787023776907,0.001383,642622.0,0.001384,2188539.0,0.0013835,7.228044813878806
1787023776908,0.001383,630695.0,0.001384,2188539.0,0.0013835,7.228044813878806
1787023776912,0.001383,630695.0,0.001384,2121451.0,0.0013835,7.228044813878806
1787023776953,0.001383,642622.0,0.001384,2121451.0,0.0013835,7.228044813878806
1787023776981,0.001383,642622.0,0.001384,1321451.0,0.0013835,7.228044813878806
1787023776983,0.001383,642622.0,0.001384,1321451.0,0.0013835,7.228044813878806
1787023776988,0.001383,4073365.0,0.001384,1321451.0,0.0013835,7.228044813878806
1787023776989,0.001383,4061438.0,0.001384,437138.0,0.0013835,7.228044813878806
1787023776991,0.001383,4061438.0,0.001384,164596.0,0.0013835,7.228044813878806
1787023776994,0.001383,4061438.0,0.001384,8230.0,0.0013835,7.228044813878806
1787023776995,0.001384,425079.0,0.001385,3373619.0,0.0013844999999999999,7.222824124231968
1787023776996,0.001384,510019.0,0.001385,2561126.0,0.0013844999999999999,7.222824124231968
1787023776997,0.001384,546498.0,0.001385,2585568.0,0.0013844999999999999,7.222824124231968
1787023776998,0.001384,522033.0,0.001385,2585568.0,0.0013844999999999999,7.222824124231968
1787023776999,0.001383,4110247.0,0.001385,2585568.0,0.0013839999999999998,14.450867052023474
1787023777001,0.001383,4065417.0,0.001384,666801.0,0.0013835,7.228044813878806
1787023777002,0.001383,4065417.0,0.001384,959615.0,0.0013835,7.228044813878806
1787023777003,0.001383,4065417.0,0.001384,1008092.0,0.0013835,7.228044813878806
1787023777004,0.001383,4065417.0,0.001384,1065584.0,0.0013835,7.228044813878806
1787023777031,0.001383,4065417.0,0.001384,850792.0,0.0013835,7.228044813878806
1787023777033,0.001383,4065417.0,0.001384,778538.0,0.0013835,7.228044813878806
1787023777060,0.001383,4065417.0,0.001384,730061.0,0.0013835,7.228044813878806
1787023777067,0.001383,4065417.0,0.001384,528796.0,0.0013835,7.228044813878806
1787023777105,0.001383,4065417.0,0.001384,308236.0,0.0013835,7.228044813878806
1787023777106,0.001383,4065417.0,0.001384,235982.0,0.0013835,7.228044813878806
1787023777119,0.001383,3755630.0,0.001384,235982.0,0.0013835,7.228044813878806
1787023777121,0.001383,3755630.0,0.001384,1035982.0,0.0013835,7.228044813878806
1787023777123,0.001383,3755630.0,0.001384,1305019.0,0.0013835,7.228044813878806
1787023777140,0.001383,3767557.0,0.001384,1316946.0,0.0013835,7.228044813878806
1787023777191,0.001383,3767557.0,0.001384,2111711.0,0.0013835,7.228044813878806
1787023777192,0.001383,3767557.0,0.001384,2115685.0,0.0013835,7.228044813878806
1787023777208,0.001383,3767557.0,0.001384,2766000.0,0.0013835,7.228044813878806
1787023777209,0.001383,3767557.0,0.001384,2754073.0,0.0013835,7.228044813878806
1787023777214,0.001383,3767557.0,0.001384,2898583.0,0.0013835,7.228044813878806
1787023777215,0.001382,1918178.0,0.001384,2898583.0,0.0013830000000000001,14.46131597975451
1787023777216,0.001382,1918178.0,0.001384,3269112.0,0.0013830000000000001,14.46131597975451
1787023777217,0.001382,1640862.0,0.001383,1729076.0,0.0013825,7.233273056057258
1787023777218,0.001382,1262433.0,0.001383,1850214.0,0.0013825,7.233273056057258
1787023777219,0.001382,1081472.0,0.001383,1826030.0,0.0013825,7.233273056057258
1787023777220,0.001382,1081472.0,0.001383,1880208.0,0.0013825,7.233273056057258
1787023777286,0.001382,1093407.0,0.001383,1892143.0,0.0013825,7.233273056057258
1787023777321,0.001382,1097284.0,0.001383,1892143.0,0.0013825,7.233273056057258
1787023777356,0.001382,1088158.0,0.001383,1892143.0,0.0013825,7.233273056057258
1787023777357,0.001382,1088158.0,0.001383,1906604.0,0.0013825,7.233273056057258
1787023777370,0.001382,1084179.0,0.001383,1906604.0,0.0013825,7.233273056057258
1787023777378,0.001382,1084179.0,0.001383,1910583.0,0.0013825,7.233273056057258
1787023777393,0.001381,908743.0,0.001383,1910583.0,0.001382,14.471780028942343
1787023777394,0.001381,836956.0,0.001382,658328.0,0.0013815,7.238508867172754
1787023777395,0.001381,909367.0,0.001382,777416.0,0.0013815,7.238508867172754
1787023777396,0.001381,981778.0,0.001382,777416.0,0.0013815,7.238508867172754
1787023777406,0.001381,981778.0,0.001382,720880.0,0.0013815,7.238508867172754
1787023777407,0.001381,981778.0,0.001382,650269.0,0.0013815,7.238508867172754
1787023777415,0.001381,981778.0,0.001382,654248.0,0.0013815,7.238508867172754
1787023777422,0.001381,1789480.0,0.001382,1404570.0,0.0013815,7.238508867172754
1787023777423,0.001381,1717069.0,0.001382,1404570.0,0.0013815,7.238508867172754
1787023777424,0.001381,1644658.0,0.001382,1404570.0,0.0013815,7.238508867172754
1787023777463,0.001381,1656602.0,0.001382,1416514.0,0.0013815,7.238508867172754
1787023777480,0.001381,1656602.0,0.001382,1349426.0,0.0013815,7.238508867172754
1787023777490,0.001381,1656602.0,0.001382,378544.0,0.0013815,7.238508867172754
1787023777492,0.001381,1656602.0,0.001382,64400.0,0.0013815,7.238508867172754
1787023777498,0.001381,1656602.0,0.001382,140017.0,0.0013815,7.238508867172754
1787023777499,0.001381,1656602.0,0.001382,128073.0,0.0013815,7.238508867172754
1787023777553,0.001381,1531802.0,0.001382,128073.0,0.0013815,7.238508867172754
1787023777556,0.001381,1531802.0,0.001382,348633.0,0.0013815,7.238508867172754
1787023777568,0.001381,1531802.0,0.001382,1148633.0,0.0013815,7.238508867172754
1787023777569,0.001381,1531802.0,0.001382,284960.0,0.0013815,7.238508867172754
1787023777664,0.001381,1531802.0,0.001382,288940.0,0.0013815,7.238508867172754
1787023777671,0.001381,1524241.0,0.001382,288940.0,0.0013815,7.238508867172754
1787023777672,0.001381,1524241.0,0.001382,1088940.0,0.0013815,7.238508867172754
1787023777673,0.001381,1524241.0,0.001382,1076996.0,0.0013815,7.238508867172754
1787023777676,0.001381,1524241.0,0.001382,1088940.0,0.0013815,7.238508867172754
1787023777699,0.001381,1492635.0,0.001382,1088940.0,0.0013815,7.238508867172754
1787023777701,0.001381,1492635.0,0.001382,1959709.0,0.0013815,7.238508867172754
1787023777740,0.00138,1230646.0,0.001382,1959709.0,0.0013809999999999998,14.482259232440615
1787023777741,0.00138,1166082.0,0.001381,709003.0,0.0013805,7.243752263673544
1787023777742,0.00138,791220.0,0.001381,757084.0,0.0013805,7.243752263673544
1787023777743,0.00138,780013.0,0.001381,770983.0,0.0013805,7.243752263673544
1787023777744,0.00138,780013.0,0.001381,843701.0,0.0013805,7.243752263673544
1787023777745,0.00138,780013.0,0.001381,2255914.0,0.0013805,7.243752263673544
1787023777746,0.00138,512964.0,0.001381,2469768.0,0.0013805,7.243752263673544
1787023777747,0.001379,1693089.0,0.00138,12129.0,0.0013795,7.2490032620508575
1787023777748,0.001379,1681613.0,0.00138,1304433.0,0.0013795,7.2490032620508575
1787023777749,0.00138,14708.0,0.001381,1739453.0,0.0013805,7.243752263673544
1787023777750,0.00138,235268.0,0.001381,976440.0,0.0013805,7.243752263673544
1787023777751,0.00138,307732.0,0.001381,446088.0,0.0013805,7.243752263673544
1787023777752,0.00138,528287.0,0.001381,315750.0,0.0013805,7.243752263673544
1787023777753,0.00138,602050.0,0.001381,44214.0,0.0013805,7.243752263673544
1787023777754,0.00138,602050.0,0.001381,88992.0,0.0013805,7.243752263673544
1787023777755,0.00138,602050.0,0.001381,48477.0,0.0013805,7.243752263673544
1787023777769,0.00138,602050.0,0.001382,3006075.0,0.0013809999999999998,14.482259232440615
1787023777771,0.00138,602050.0,0.001381,413081.0,0.0013805,7.243752263673544
1787023777772,0.00138,528287.0,0.001381,413081.0,0.0013805,7.243752263673544
1787023777773,0.00138,600751.0,0.001381,413081.0,0.0013805,7.243752263673544
1787023777775,0.00138,600751.0,0.001381,461558.0,0.0013805,7.243752263673544
1787023777776,0.00138,600751.0,0.001381,533969.0,0.0013805,7.243752263673544
1787023777803,0.00138,600751.0,0.001381,461558.0,0.0013805,7.243752263673544
1787023777808,0.00138,595984.0,0.001381,461558.0,0.0013805,7.243752263673544
1787023777812,0.00138,595984.0,0.001381,396895.0,0.0013805,7.243752263673544
1787023777898,0.00138,619307.0,0.001381,396895.0,0.0013805,7.243752263673544
1787023777934,0.00138,614683.0,0.001381,396895.0,0.0013805,7.243752263673544
1787023777935,0.00138,626636.0,0.001381,1208848.0,0.0013805,7.243752263673544
1787023777937,0.00138,554172.0,0.001381,1196895.0,0.0013805,7.243752263673544
1787023777943,0.00138,1359643.0,0.001381,1935702.0,0.0013805,7.243752263673544
1787023777944,0.00138,1275226.0,0.001381,1935702.0,0.0013805,7.243752263673544
1787023778052,0.00138,1287179.0,0.001381,1947655.0,0.0013805,7.243752263673544
1787023778068,0.00138,1166368.0,0.001381,1947655.0,0.0013805,7.243752263673544
1787023778070,0.00138,1166368.0,0.001381,2157097.0,0.0013805,7.243752263673544
1787023778133,0.00138,1170354.0,0.001381,2157097.0,0.0013805,7.243752263673544
1787023778137,0.00138,1170354.0,0.001381,2161080.0,0.0013805,7.243752263673544
1787023778139,0.00138,916133.0,0.001381,2161080.0,0.0013805,7.243752263673544
1787023778140,0.00138,844733.0,0.001381,2161080.0,0.0013805,7.243752263673544
1787023778141,0.00138,39262.0,0.001381,2161080.0,0.0013805,7.243752263673544
1787023778142,0.00138,87739.0,0.001381,2161080.0,0.0013805,7.243752263673544
1787023778144,0.00138,75786.0,0.001381,2161080.0,0.0013805,7.243752263673544
1787023778159,0.00138,87739.0,0.001381,2161080.0,0.0013805,7.243752263673544
1787023778200,0.00138,87739.0,0.001381,2093992.0,0.0013805,7.243752263673544
1787023778212,0.001379,1292041.0,0.00138,131519.0,0.0013795,7.2490032620508575
1787023778214,0.001379,1280087.0,0.00138,156454.0,0.0013795,7.2490032620508575
1787023778216,0.001379,4088028.0,0.00138,365896.0,0.0013795,7.2490032620508575
1787023778217,0.001379,4088028.0,0.00138,222416.0,0.0013795,7.2490032620508575
1787023778219,0.001379,4088028.0,0.00138,154354.0,0.0013795,7.2490032620508575
1787023778220,0.001379,4088028.0,0.001381,2304383.0,0.0013800000000000002,14.492753623188758
1787023778221,0.00138,24711.0,0.001381,2358295.0,0.0013805,7.243752263673544
1787023778222,0.00138,148837.0,0.001381,2201431.0,0.0013805,7.243752263673544
1787023778233,0.00138,148837.0,0.001381,2476645.0,0.0013805,7.243752263673544
1787023778275,0.00138,148837.0,0.001381,2520091.0,0.0013805,7.243752263673544
1787023778276,0.00138,160790.0,0.001381,2520091.0,0.0013805,7.243752263673544
1787023778296,0.00138,181232.0,0.001381,2451697.0,0.0013805,7.243752263673544
1787023778297,0.00138,181232.0,0.001381,2364805.0,0.0013805,7.243752263673544
1787023778317,0.00138,2989173.0,0.001381,2376758.0,0.0013805,7.243752263673544
1787023778319,0.00138,2977220.0,0.001381,2167316.0,0.0013805,7.243752263673544
1787023778342,0.00138,3850663.0,0.001381,2167316.0,0.0013805,7.243752263673544
1787023778354,0.00138,3850663.0,0.001381,1966051.0,0.0013805,7.243752263673544
1787023778356,0.00138,4060105.0,0.001381,1227244.0,0.0013805,7.243752263673544
1787023778357,0.00138,4060105.0,0.001381,1098702.0,0.0013805,7.243752263673544
1787023778378,0.00138,4072058.0,0.001381,1098702.0,0.0013805,7.243752263673544
1787023778488,0.00138,3994084.0,0.001381,1098702.0,0.0013805,7.243752263673544
1787023778489,0.00138,3994084.0,0.001381,1171113.0,0.0013805,7.243752263673544
1787023778533,0.00138,3994084.0,0.001381,895899.0,0.0013805,7.243752263673544
1787023778604,0.00138,3998070.0,0.001381,895899.0,0.0013805,7.243752263673544
1787023778624,0.00138,3998070.0,0.001381,899754.0,0.0013805,7.243752263673544
1787023778643,0.00138,3998070.0,0.001381,1792496.0,0.0013805,7.243752263673544
1787023778645,0.00138,3998070.0,0.001381,1780543.0,0.0013805,7.243752263673544
1787023778646,0.00138,3998070.0,0.001381,1792496.0,0.0013805,7.243752263673544
1787023778657,0.00138,833879.0,0.001381,1792496.0,0.0013805,7.243752263673544
1787023778658,0.001379,1529301.0,0.001381,1792496.0,0.0013800000000000002,14.492753623188758
1787023778659,0.001379,1529301.0,0.00138,830580.0,0.0013795,7.2490032620508575
1787023778660,0.001379,1272488.0,0.00138,1097849.0,0.0013795,7.2490032620508575
1787023778661,0.001379,1272488.0,0.00138,1452452.0,0.0013795,7.2490032620508575
1787023778662,0.001379,1272488.0,0.00138,1378554.0,0.0013795,7.2490032620508575
1787023778663,0.001379,1272488.0,0.00138,1354334.0,0.0013795,7.2490032620508575
1787023778683,0.001379,1264443.0,0.00138,1354334.0,0.0013795,7.2490032620508575
1787023778685,0.001379,1264443.0,0.00138,1554334.0,0.0013795,7.2490032620508575
1787023778686,0.001379,1264443.0,0.00138,1629950.0,0.0013795,7.2490032620508575
1787023778698,0.001379,1286040.0,0.00138,1629950.0,0.0013795,7.2490032620508575
1787023778699,0.001379,1286040.0,0.00138,1554334.0,0.0013795,7.2490032620508575
1787023778789,0.001379,1298001.0,0.00138,1566295.0,0.0013795,7.2490032620508575
1787023778794,0.001379,1298001.0,0.00138,1499158.0,0.0013795,7.2490032620508575
1787023778797,0.001379,1298001.0,0.00138,1289716.0,0.0013795,7.2490032620508575
1787023778841,0.001379,1271793.0,0.00138,1289716.0,0.0013795,7.2490032620508575
1787023778853,0.001379,1264450.0,0.00138,1289716.0,0.0013795,7.2490032620508575
1787023778854,0.001379,1043895.0,0.00138,1289716.0,0.0013795,7.2490032620508575
1787023778855,0.001379,1043895.0,0.00138,1339907.0,0.0013795,7.2490032620508575
1787023778856,0.001379,1043895.0,0.00138,1719342.0,0.0013795,7.2490032620508575
1787023778857,0.001379,1043895.0,0.00138,1588905.0,0.0013795,7.2490032620508575
1787023778858,0.001379,1043895.0,0.00138,2336237.0,0.0013795,7.2490032620508575
1787023778859,0.001379,1852399.0,0.00138,2336237.0,0.0013795,7.2490032620508575
1787023778860,0.001379,1852399.0,0.00138,2324276.0,0.0013795,7.2490032620508575
1787023778904,0.001379,1852399.0,0.00138,2336237.0,0.0013795,7.2490032620508575
1787023778911,0.001379,1852399.0,0.00138,2321936.0,0.0013795,7.2490032620508575
1787023778946,0.001379,1852399.0,0.00138,2120525.0,0.0013795,7.2490032620508575
1787023778948,0.001379,1852399.0,0.00138,1911083.0,0.0013795,7.2490032620508575
1787023778949,0.001379,1852399.0,0.00138,1074004.0,0.0013795,7.2490032620508575
1787023778981,0.001379,1927817.0,0.00138,1074004.0,0.0013795,7.2490032620508575
1787023778982,0.001379,2003235.0,0.00138,1074004.0,0.0013795,7.2490032620508575
1787023779037,0.001379,2080077.0,0.00138,1074004.0,0.0013795,7.2490032620508575
1787023779080,0.001379,2080077.0,0.00138,1077990.0,0.0013795,7.2490032620508575
1787023779083,0.001379,2024371.0,0.00138,1077990.0,0.0013795,7.2490032620508575
1787023779084,0.001379,2012410.0,0.00138,1077990.0,0.0013795,7.2490032620508575
1787023779085,0.001379,2024371.0,0.00138,1005526.0,0.0013795,7.2490032620508575
1787023779138,0.001379,1985950.0,0.00138,1005526.0,0.0013795,7.2490032620508575
1787023779216,0.001379,1985950.0,0.00138,1858310.0,0.0013795,7.2490032620508575
1787023779291,0.001379,1985950.0,0.00138,1725332.0,0.0013795,7.2490032620508575
1787023779298,0.001379,2057937.0,0.00138,1725332.0,0.0013795,7.2490032620508575
1787023779376,0.001379,2057937.0,0.00138,805363.0,0.0013795,7.2490032620508575
1787023779377,0.001379,2057937.0,0.00138,805363.0,0.0013795,7.2490032620508575
1787023779441,0.001379,2019516.0,0.00138,805363.0,0.0013795,7.2490032620508575
1787023779498,0.001379,2262012.0,0.00138,805363.0,0.0013795,7.2490032620508575
1787023779500,0.001379,2190025.0,0.00138,805363.0,0.0013795,7.2490032620508575
1787023779532,0.001379,2190025.0,0.00138,603806.0,0.0013795,7.2490032620508575
1787023779545,0.001379,2190025.0,0.00138,1003806.0,0.0013795,7.2490032620508575
1787023779586,0.001379,2114607.0,0.00138,1003806.0,0.0013795,7.2490032620508575
1787023779599,0.001379,2033775.0,0.00138,1003806.0,0.0013795,7.2490032620508575
1787023779643,0.001379,2033775.0,0.00138,603806.0,0.0013795,7.2490032620508575
1787023779644,0.001379,2033775.0,0.00138,1370850.0,0.0013795,7.2490032620508575
1787023779645,0.001379,2033775.0,0.00138,1370850.0,0.0013795,7.2490032620508575
1787023779655,0.001379,2033775.0,0.00138,1355265.0,0.0013795,7.2490032620508575
1787023779689,0.001379,2028089.0,0.00138,1355265.0,0.0013795,7.2490032620508575
1787023779693,0.001379,2028089.0,0.00138,1564707.0,0.0013795,7.2490032620508575
1787023779737,0.001379,2104967.0,0.00138,1564707.0,0.0013795,7.2490032620508575
1787023779765,0.001379,2104967.0,0.00138,1553954.0,0.0013795,7.2490032620508575
1787023779812,0.001379,2104967.0,0.00138,1565915.0,0.0013795,7.2490032620508575
1787023779832,0.001379,2136380.0,0.00138,1565915.0,0.0013795,7.2490032620508575
1787023779837,0.001379,2097941.0,0.00138,1565915.0,0.0013795,7.2490032620508575
1787023779855,0.001379,2065849.0,0.00138,1565915.0,0.0013795,7.2490032620508575
1787023779862,0.001379,2197937.0,0.00138,1565915.0,0.0013795,7.2490032620508575
1787023779897,0.001379,2176340.0,0.00138,1565915.0,0.0013795,7.2490032620508575
1787023779953,0.001379,2176340.0,0.00138,1498730.0,0.0013795,7.2490032620508575
1787023779981,0.001379,2251796.0,0.00138,1498730.0,0.0013795,7.2490032620508575
1787023780037,0.001379,1481647.0,0.00138,1498730.0,0.0013795,7.2490032620508575
1787023780099,0.001379,1400815.0,0.00138,1498730.0,0.0013795,7.2490032620508575
1787023780100,0.001379,1319983.0,0.00138,1498730.0,0.0013795,7.2490032620508575
1787023780101,0.001379,1308022.0,0.00138,1498730.0,0.0013795,7.2490032620508575
1787023780104,0.001379,1308022.0,0.00138,1297173.0,0.0013795,7.2490032620508575
1787023780107,0.001379,1308022.0,0.00138,518168.0,0.0013795,7.2490032620508575
1787023780108,0.001379,1308022.0,0.00138,566645.0,0.0013795,7.2490032620508575
1787023780120,0.001379,1319983.0,0.00138,566645.0,0.0013795,7.2490032620508575
1787023780137,0.001379,1281628.0,0.00138,566645.0,0.0013795,7.2490032620508575
1787023780138,0.001379,1243189.0,0.00138,566645.0,0.0013795,7.2490032620508575
1787023780179,0.001379,1243189.0,0.00138,518168.0,0.0013795,7.2490032620508575
1787023780238,0.001379,1243189.0,0.00138,372318.0,0.0013795,7.2490032620508575
1787023780240,0.001379,1243189.0,0.00138,420795.0,0.0013795,7.2490032620508575
1787023780300,0.001379,1324126.0,0.00138,420795.0,0.0013795,7.2490032620508575
1787023780301,0.001379,1468022.0,0.00138,420795.0,0.0013795,7.2490032620508575
1787023780311,0.001379,2316261.0,0.00138,1206308.0,0.0013795,7.2490032620508575
1787023780312,0.001379,2316261.0,0.00138,1206308.0,0.0013795,7.2490032620508575
1787023780379,0.001379,2240805.0,0.00138,1206308.0,0.0013795,7.2490032620508575
1787023780397,0.001379,2240805.0,0.001384,3738906.0,0.0013815,36.19254433586691
1787023780398,0.00138,219752.0,0.001384,3734740.0,0.001382,28.943560057887826
1787023780399,0.001381,209442.0,0.001384,2217149.0,0.0013825,21.699819168173338
1787023780400,0.001382,282505.0,0.001384,3220446.0,0.0013830000000000001,14.46131597975451
1787023780401,0.001383,413081.0,0.001384,5636674.0,0.0013835,7.228044813878806
1787023780402,0.001382,278817.0,0.001384,5712378.0,0.0013830000000000001,14.46131597975451
1787023780403,0.001382,331281.0,0.001383,471587.0,0.0013825,7.233273056057258
1787023780404,0.001382,265149.0,0.001383,1452222.0,0.0013825,7.233273056057258
1787023780405,0.001382,265149.0,0.001383,1442269.0,0.0013825,7.233273056057258
1787023780406,0.001382,156729.0,0.001383,1432242.0,0.0013825,7.233273056057258
1787023780407,0.001382,7230.0,0.001383,1409116.0,0.0013825,7.233273056057258
1787023780410,0.001382,3590.0,0.001383,1409116.0,0.0013825,7.233273056057258
1787023780433,0.001382,9015.0,0.001383,1409116.0,0.0013825,7.233273056057258
1787023780434,0.001382,20946.0,0.001383,1568187.0,0.0013825,7.233273056057258
1787023780435,0.001382,20946.0,0.001383,1597109.0,0.0013825,7.233273056057258
1787023780459,0.001382,6480.0,0.001383,1597109.0,0.0013825,7.233273056057258
1787023780462,0.001382,18033.0,0.001383,1597109.0,0.0013825,7.233273056057258
1787023780465,0.001382,18033.0,0.001383,1664301.0,0.0013825,7.233273056057258
1787023780467,0.001382,18033.0,0.001383,1664301.0,0.0013825,7.233273056057258
1787023780468,0.001382,18033.0,0.001383,1615824.0,0.0013825,7.233273056057258
1787023780483,0.001382,6480.0,0.001383,1615824.0,0.0013825,7.233273056057258
1787023780485,0.001381,454341.0,0.001382,460741.0,0.0013815,7.238508867172754
1787023780486,0.001381,450545.0,0.001382,907808.0,0.0013815,7.238508867172754
1787023780487,0.001381,438610.0,0.001382,907808.0,0.0013815,7.238508867172754
1787023780498,0.001381,398619.0,0.001382,907808.0,0.0013815,7.238508867172754
1787023780499,0.001381,398619.0,0.001382,859331.0,0.0013815,7.238508867172754
1787023780505,0.001381,410563.0,0.001382,871275.0,0.0013815,7.238508867172754
1787023780507,0.001381,410563.0,0.001382,919752.0,0.0013815,7.238508867172754
1787023780514,0.001381,410563.0,0.001382,957768.0,0.0013815,7.238508867172754
1787023780515,0.001381,338152.0,0.001382,957768.0,0.0013815,7.238508867172754
1787023780517,0.001381,386629.0,0.001382,1167210.0,0.0013815,7.238508867172754
1787023780520,0.001381,386629.0,0.001382,1099976.0,0.0013815,7.238508867172754
1787023780535,0.001381,470528.0,0.001382,1099976.0,0.0013815,7.238508867172754
1787023780536,0.001381,922444.0,0.001382,599583.0,0.0013815,7.238508867172754
1787023780537,0.001381,838089.0,0.001382,671942.0,0.0013815,7.238508867172754
1787023780538,0.001381,838089.0,0.001382,659998.0,0.0013815,7.238508867172754
1787023780539,0.001381,843518.0,0.001382,659998.0,0.0013815,7.238508867172754
1787023780542,0.001381,843518.0,0.001382,627695.0,0.0013815,7.238508867172754
1787023780543,0.001381,843518.0,0.001382,555336.0,0.0013815,7.238508867172754
1787023780552,0.001381,340331.0,0.001382,555336.0,0.0013815,7.238508867172754
1787023780553,0.001381,472772.0,0.001382,555336.0,0.0013815,7.238508867172754
1787023780554,0.001381,617594.0,0.001382,555336.0,0.0013815,7.238508867172754
1787023780555,0.001381,617594.0,0.001382,627695.0,0.0013815,7.238508867172754
1787023780556,0.001381,617594.0,0.001382,700054.0,0.0013815,7.238508867172754
1787023780557,0.001381,545183.0,0.001382,700054.0,0.0013815,7.238508867172754
1787023780558,0.001381,545183.0,0.001382,748531.0,0.0013815,7.238508867172754
1787023780568,0.001381,545183.0,0.001382,780834.0,0.0013815,7.238508867172754
1787023780576,0.001381,545183.0,0.001382,732357.0,0.0013815,7.238508867172754
1787023780586,0.001381,210281.0,0.001382,732357.0,0.0013815,7.238508867172754
1787023780587,0.001381,137870.0,0.001382,732357.0,0.0013815,7.238508867172754
1787023780588,0.001381,400361.0,0.001382,732357.0,0.0013815,7.238508867172754
1787023780589,0.001381,472772.0,0.001382,853193.0,0.0013815,7.238508867172754
1787023780590,0.001381,545183.0,0.001382,804716.0,0.0013815,7.238508867172754
1787023780595,0.001381,577339.0,0.001382,804716.0,0.0013815,7.238508867172754
1787023780598,0.001381,661439.0,0.001382,804716.0,0.0013815,7.238508867172754
1787023780605,0.001381,1535903.0,0.001382,1700792.0,0.0013815,7.238508867172754
1787023780606,0.001381,1535903.0,0.001382,1628433.0,0.0013815,7.238508867172754
1787023780607,0.001381,1391081.0,0.001382,1628433.0,0.0013815,7.238508867172754
1787023780625,0.001381,1391081.0,0.001382,1336729.0,0.0013815,7.238508867172754
1787023780660,0.001381,1356018.0,0.001382,1336729.0,0.0013815,7.238508867172754
1787023780675,0.001381,1356018.0,0.001382,1135026.0,0.0013815,7.238508867172754
1787023780676,0.001381,1356018.0,0.001382,238950.0,0.0013815,7.238508867172754
1787023780677,0.001381,1554978.0,0.001382,238950.0,0.0013815,7.238508867172754
1787023780678,0.001381,1554978.0,0.001382,94232.0,0.0013815,7.238508867172754
1787023780715,0.001381,481554.0,0.001382,142709.0,0.0013815,7.238508867172754
1787023780716,0.001381,553965.0,0.001382,191186.0,0.0013815,7.238508867172754
1787023780717,0.001381,698787.0,0.001382,191186.0,0.0013815,7.238508867172754
1787023780720,0.001381,687964.0,0.001382,191186.0,0.0013815,7.238508867172754
1787023780722,0.001381,687964.0,0.001382,991186.0,0.0013815,7.238508867172754
1787023780723,0.001381,615553.0,0.001382,991186.0,0.0013815,7.238508867172754
1787023780743,0.001381,610100.0,0.001382,991186.0,0.0013815,7.238508867172754
1787023780745,0.001381,610100.0,0.001382,191186.0,0.0013815,7.238508867172754
1787023780792,0.001381,610100.0,0.001382,628505.0,0.0013815,7.238508867172754
1787023780793,0.001381,610100.0,0.001382,700864.0,0.0013815,7.238508867172754
1787023780799,0.001381,577944.0,0.001382,700864.0,0.0013815,7.238508867172754
1787023780816,0.001381,589888.0,0.001382,712808.0,0.0013815,7.238508867172754
1787023780851,0.001381,577944.0,0.001382,712808.0,0.0013815,7.238508867172754
1787023780852,0.00138,1357577.0,0.001381,1441711.0,0.0013805,7.243752263673544
1787023780853,0.001379,1530077.0,0.001381,2030517.0,0.0013800000000000002,14.492753623188758
1787023780854,0.001379,1380292.0,0.00138,785357.0,0.0013795,7.2490032620508575
1787023780855,0.001379,1285046.0,0.00138,796590.0,0.0013795,7.2490032620508575
1787023780856,0.001379,1285046.0,0.00138,555074.0,0.0013795,7.2490032620508575
1787023780857,0.001379,2284006.0,0.001381,811046.0,0.0013800000000000002,14.492753623188758
1787023780858,0.00138,26835.0,0.001381,859958.0,0.0013805,7.243752263673544
1787023780859,0.00138,26835.0,0.001381,859958.0,0.0013805,7.243752263673544
1787023780860,0.00138,225795.0,0.001381,859958.0,0.0013805,7.243752263673544
1787023780861,0.00138,370723.0,0.001381,660998.0,0.0013805,7.243752263673544
1787023780868,0.00138,370723.0,0.001381,664981.0,0.0013805,7.243752263673544
1787023780880,0.00138,268916.0,0.001381,563174.0,0.0013805,7.243752263673544
1787023780881,0.00138,172465.0,0.001381,563174.0,0.0013805,7.243752263673544
1787023780882,0.00138,225795.0,0.001381,752118.0,0.0013805,7.243752263673544
1787023780883,0.00138,249782.0,0.001381,752118.0,0.0013805,7.243752263673544
1787023780884,0.00138,370723.0,0.001381,752118.0,0.0013805,7.243752263673544
1787023780893,0.00138,338374.0,0.001381,752118.0,0.0013805,7.243752263673544
1787023780896,0.00138,369606.0,0.001381,752118.0,0.0013805,7.243752263673544
1787023780900,0.00138,453626.0,0.001381,752118.0,0.0013805,7.243752263673544
1787023780917,0.00138,1182967.0,0.001381,1633226.0,0.0013805,7.243752263673544
1787023780918,0.00138,1057173.0,0.001381,1633226.0,0.0013805,7.243752263673544
1787023780942,0.00138,1057173.0,0.001381,1662190.0,0.0013805,7.243752263673544
1787023780943,0.00138,984709.0,0.001381,1662190.0,0.0013805,7.243752263673544
1787023780957,0.00138,988695.0,0.001381,1662190.0,0.0013805,7.243752263673544
1787023780958,0.00138,988695.0,0.001381,1674143.0,0.0013805,7.243752263673544
1787023780960,0.00138,988695.0,0.001381,1886507.0,0.0013805,7.243752263673544
1787023780962,0.001379,2211852.0,0.001381,2350235.0,0.0013800000000000002,14.492753623188758
1787023780963,0.001379,1407864.0,0.00138,474598.0,0.0013795,7.2490032620508575
1787023780964,0.001378,923456.0,0.001379,463728.0,0.0013785,7.254261878853217
1787023780965,0.001378,789467.0,0.001379,214792.0,0.0013785,7.254261878853217
1787023780966,0.001378,1041148.0,0.001379,250339.0,0.0013785,7.254261878853217
1787023780967,0.001378,1171772.0,0.001379,250339.0,0.0013785,7.254261878853217
1787023780968,0.001378,1125537.0,0.00138,495882.0,0.001379,14.50326323422648
1787023780969,0.001379,871352.0,0.00138,691225.0,0.0013795,7.2490032620508575
1787023780970,0.001379,21013.0,0.00138,536036.0,0.0013795,7.2490032620508575
1787023780971,0.001379,21013.0,0.00138,463572.0,0.0013795,7.2490032620508575
1787023780972,0.001379,93349.0,0.00138,463572.0,0.0013795,7.2490032620508575
1787023780974,0.001379,141826.0,0.00138,463572.0,0.0013795,7.2490032620508575
1787023780981,0.001379,141826.0,0.00138,243820.0,0.0013795,7.2490032620508575
1787023780983,0.001379,214342.0,0.00138,171356.0,0.0013795,7.2490032620508575
1787023780984,0.001379,226303.0,0.00138,171356.0,0.0013795,7.2490032620508575
1787023780986,0.001379,405798.0,0.00138,171356.0,0.0013795,7.2490032620508575
1787023780988,0.00138,434090.0,0.001381,2759943.0,0.0013805,7.243752263673544
1787023780989,0.00138,455099.0,0.001381,2759943.0,0.0013805,7.243752263673544
1787023780990,0.00138,482567.0,0.001381,2244172.0,0.0013805,7.243752263673544
1787023780995,0.00138,515950.0,0.001381,2244172.0,0.0013805,7.243752263673544
1787023780996,0.00138,591880.0,0.001381,2244172.0,0.0013805,7.243752263673544
1787023780998,0.00138,675917.0,0.001381,2244172.0,0.0013805,7.243752263673544
1787023780999,0.00138,654908.0,0.001381,2244172.0,0.0013805,7.243752263673544
1787023781058,0.00138,654908.0,0.001381,2277851.0,0.0013805,7.243752263673544
1787023781059,0.00138,654908.0,0.001381,2292333.0,0.0013805,7.243752263673544
1787023781098,0.00138,666861.0,0.001381,2292333.0,0.0013805,7.243752263673544
1787023781099,0.00138,582824.0,0.001381,2292333.0,0.0013805,7.243752263673544
1787023781106,0.00138,582824.0,0.001381,2225099.0,0.0013805,7.243752263673544
1787023781108,0.00138,582824.0,0.001381,1343991.0,0.0013805,7.243752263673544
1787023781127,0.00138,582824.0,0.001381,1329507.0,0.0013805,7.243752263673544
1787023781128,0.00138,582824.0,0.001381,1322265.0,0.0013805,7.243752263673544
1787023781174,0.00138,582824.0,0.001381,913569.0,0.0013805,7.243752263673544
1787023781200,0.00138,506894.0,0.001381,913569.0,0.0013805,7.243752263673544
1787023781312,0.00138,1301412.0,0.001381,913569.0,0.0013805,7.243752263673544
1787023781313,0.00138,1301412.0,0.001382,2207201.0,0.0013809999999999998,14.482259232440615
1787023781314,0.001381,434086.0,0.001382,1407117.0,0.0013815,7.238508867172754
1787023781315,0.001381,558158.0,0.001382,672161.0,0.0013815,7.238508867172754
1787023781316,0.001381,630569.0,0.001382,429488.0,0.0013815,7.238508867172754
1787023781317,0.001381,630569.0,0.001382,284770.0,0.0013815,7.238508867172754
1787023781321,0.001381,702980.0,0.001382,284770.0,0.0013815,7.238508867172754
1787023781325,0.001381,702980.0,0.001382,252467.0,0.0013815,7.238508867172754
1787023781339,0.001381,702980.0,0.001382,256447.0,0.0013815,7.238508867172754
1787023781341,0.001381,627385.0,0.001382,256447.0,0.0013815,7.238508867172754
1787023781350,0.001381,627385.0,0.001382,207514.0,0.0013815,7.238508867172754
1787023781351,0.001381,627385.0,0.001382,158076.0,0.0013815,7.238508867172754
1787023781352,0.001381,627385.0,0.001382,146132.0,0.0013815,7.238508867172754
1787023781369,0.001381,627385.0,0.001382,142145.0,0.0013815,7.238508867172754
1787023781398,0.001381,656816.0,0.001382,142145.0,0.0013815,7.238508867172754
1787023781403,0.001381,740803.0,0.001382,142145.0,0.0013815,7.238508867172754
1787023781414,0.001381,752747.0,0.001382,142145.0,0.0013815,7.238508867172754
1787023781415,0.001381,752747.0,0.001382,154089.0,0.0013815,7.238508867172754
1787023781428,0.001381,756730.0,0.001382,154089.0,0.0013815,7.238508867172754
1787023781429,0.001381,756730.0,0.001382,202566.0,0.0013815,7.238508867172754
1787023781498,0.001381,672743.0,0.001382,202566.0,0.0013815,7.238508867172754
1787023781512,0.001381,765994.0,0.001382,202566.0,0.0013815,7.238508867172754
1787023781523,0.001381,765994.0,0.001382,1002566.0,0.0013815,7.238508867172754
1787023781524,0.001381,1524759.0,0.001382,1809367.0,0.0013815,7.238508867172754
1787023781525,0.001381,693583.0,0.001382,1809367.0,0.0013815,7.238508867172754
1787023781526,0.001381,621172.0,0.001382,1809367.0,0.0013815,7.238508867172754
1787023781527,0.001381,621172.0,0.001382,1760890.0,0.0013815,7.238508867172754
1787023781528,0.001381,693583.0,0.001382,1760890.0,0.0013815,7.238508867172754
1787023781599,0.001381,777584.0,0.001382,1760890.0,0.0013815,7.238508867172754
1787023781600,0.001381,705173.0,0.001382,1760890.0,0.0013815,7.238508867172754
1787023781700,0.001381,789228.0,0.001382,1760890.0,0.0013815,7.238508867172754
1787023781731,0.001381,789228.0,0.001382,1693753.0,0.0013815,7.238508867172754
1787023781732,0.001381,789228.0,0.001382,893753.0,0.0013815,7.238508867172754
1787023781733,0.001381,1769984.0,0.001382,893753.0,0.0013815,7.238508867172754
1787023781734,0.001381,1769984.0,0.001383,2832254.0,0.001382,14.471780028942343
1787023781735,0.001382,1348836.0,0.001383,2026736.0,0.0013825,7.233273056057258
1787023781736,0.001382,548929.0,0.001383,1420750.0,0.0013825,7.233273056057258
1787023781737,0.001382,576405.0,0.001383,620750.0,0.0013825,7.233273056057258
1787023781738,0.001382,624179.0,0.001383,620750.0,0.0013825,7.233273056057258
1787023781739,0.001382,624179.0,0.001383,669227.0,0.0013825,7.233273056057258
1787023781749,0.001382,624179.0,0.001383,384631.0,0.0013825,7.233273056057258
1787023781751,0.001382,624179.0,0.001383,456938.0,0.0013825,7.233273056057258
1787023781755,0.001382,624179.0,0.001383,587087.0,0.0013825,7.233273056057258
1787023781756,0.001382,554918.0,0.001383,630470.0,0.0013825,7.233273056057258
1787023781758,0.001382,627277.0,0.001383,630470.0,0.0013825,7.233273056057258
1787023781804,0.001382,627277.0,0.001383,652163.0,0.0013825,7.233273056057258
1787023781811,0.001382,627277.0,0.001383,656140.0,0.0013825,7.233273056057258
1787023781826,0.001382,1046563.0,0.001383,656140.0,0.0013825,7.233273056057258
1787023781828,0.001382,974204.0,0.001383,656140.0,0.0013825,7.233273056057258
1787023781836,0.001382,986139.0,0.001383,668075.0,0.0013825,7.233273056057258
1787023781869,0.001382,980035.0,0.001383,668075.0,0.0013825,7.233273056057258
1787023781873,0.001382,980035.0,0.001383,653613.0,0.0013825,7.233273056057258
1787023781874,0.001382,980035.0,0.001383,646382.0,0.0013825,7.233273056057258
1787023781882,0.001382,1159530.0,0.001383,646382.0,0.0013825,7.233273056057258
1787023781884,0.001382,1087171.0,0.001383,646382.0,0.0013825,7.233273056057258
1787023781898,0.001382,1091151.0,0.001383,646382.0,0.0013825,7.233273056057258
1787023781900,0.001382,1175234.0,0.001383,646382.0,0.0013825,7.233273056057258
1787023781913,0.001382,1175234.0,0.001383,660843.0,0.0013825,7.233273056057258
1787023781935,0.001382,1990809.0,0.001383,1411743.0,0.0013825,7.233273056057258
1787023781936,0.001382,1990809.0,0.001383,1411743.0,0.0013825,7.233273056057258
1787023781942,0.001382,1964526.0,0.001383,1411743.0,0.0013825,7.233273056057258
1787023781957,0.001382,1931910.0,0.001383,1411743.0,0.0013825,7.233273056057258
1787023782036,0.001382,1931910.0,0.001383,1946252.0,0.0013825,7.233273056057258
1787023782038,0.001382,1931910.0,0.001383,1873945.0,0.0013825,7.233273056057258
1787023782099,0.001382,1847827.0,0.001383,1873945.0,0.0013825,7.233273056057258
1787023782163,0.001382,1847827.0,0.001383,1672534.0,0.0013825,7.233273056057258
1787023782165,0.001382,2647827.0,0.001383,1138025.0,0.0013825,7.233273056057258
1787023782166,0.001382,2647827.0,0.001383,387125.0,0.0013825,7.233273056057258
1787023782168,0.001382,2647827.0,0.001383,375190.0,0.0013825,7.233273056057258
1787023782185,0.001382,1847827.0,0.001383,375190.0,0.0013825,7.233273056057258
1787023782250,0.001382,1847827.0,0.001383,387125.0,0.0013825,7.233273056057258
1787023782264,0.001382,1835892.0,0.001383,387125.0,0.0013825,7.233273056057258
1787023782265,0.001382,840822.0,0.001383,1153927.0,0.0013825,7.233273056057258
1787023782266,0.001381,1386010.0,0.001382,465336.0,0.0013815,7.238508867172754
1787023782267,0.001381,401602.0,0.001382,1405465.0,0.0013815,7.238508867172754
1787023782268,0.001381,401602.0,0.001382,891825.0,0.0013815,7.238508867172754
1787023782269,0.001381,366929.0,0.001382,891825.0,0.0013815,7.238508867172754
1787023782270,0.001381,294518.0,0.001382,915707.0,0.0013815,7.238508867172754
1787023782271,0.001381,222107.0,0.001382,915707.0,0.0013815,7.238508867172754
1787023782274,0.001381,233660.0,0.001382,915707.0,0.0013815,7.238508867172754
1787023782280,0.001381,233660.0,0.001382,951890.0,0.0013815,7.238508867172754
1787023782281,0.001381,233660.0,0.001382,955870.0,0.0013815,7.238508867172754
1787023782370,0.001381,229675.0,0.001382,955870.0,0.0013815,7.238508867172754
1787023782372,0.001381,409170.0,0.001382,955870.0,0.0013815,7.238508867172754
1787023782389,0.001381,409170.0,0.001382,1104248.0,0.0013815,7.238508867172754
1787023782395,0.001381,430676.0,0.001382,1104248.0,0.0013815,7.238508867172754
1787023782398,0.001381,442620.0,0.001382,1116192.0,0.0013815,7.238508867172754
1787023782465,0.001381,442620.0,0.001382,1650701.0,0.0013815,7.238508867172754
1787023782466,0.001381,442620.0,0.001382,2380650.0,0.0013815,7.238508867172754
1787023782467,0.001381,1327915.0,0.001382,2368706.0,0.0013815,7.238508867172754
1787023782468,0.001381,1243560.0,0.001382,2368706.0,0.0013815,7.238508867172754
1787023782538,0.001381,1243560.0,0.001382,2380650.0,0.0013815,7.238508867172754
1787023782539,0.001381,1255504.0,0.001382,2380650.0,0.0013815,7.238508867172754
1787023782588,0.001381,1255504.0,0.001382,2313465.0,0.0013815,7.238508867172754
1787023782589,0.001381,1255504.0,0.001382,1511157.0,0.0013815,7.238508867172754
1787023782738,0.001381,1255504.0,0.001382,1309600.0,0.0013815,7.238508867172754
1787023782739,0.001381,2055504.0,0.001382,1309600.0,0.0013815,7.238508867172754
1787023782740,0.001381,1255504.0,0.001382,1309600.0,0.0013815,7.238508867172754
1787023782741,0.001381,1243560.0,0.001382,1309600.0,0.0013815,7.238508867172754
1787023782742,0.001381,1255504.0,0.001382,1309600.0,0.0013815,7.238508867172754
1787023782767,0.001381,1255504.0,0.001382,1273417.0,0.0013815,7.238508867172754
1787023782800,0.001381,1233998.0,0.001382,1273417.0,0.0013815,7.238508867172754
1787023782801,0.001381,1233998.0,0.001382,2057724.0,0.0013815,7.238508867172754
1787023782939,0.001381,1228135.0,0.001382,2057724.0,0.0013815,7.238508867172754
1787023783039,0.001381,1219761.0,0.001382,2057724.0,0.0013815,7.238508867172754
1787023783067,0.001381,1186867.0,0.001382,2057724.0,0.0013815,7.238508867172754
1787023783165,0.001381,1186867.0,0.001382,1990636.0,0.0013815,7.238508867172754
1787023783167,0.001381,1986867.0,0.001382,1990636.0,0.0013815,7.238508867172754
1787023783168,0.001381,1986867.0,0.001382,1206329.0,0.0013815,7.238508867172754
1787023783195,0.001381,2002811.0,0.001382,1206329.0,0.0013815,7.238508867172754
1787023783202,0.001381,2002811.0,0.001382,1121198.0,0.0013815,7.238508867172754
1787023783204,0.001381,2002811.0,0.001382,1072721.0,0.0013815,7.238508867172754
1787023783295,0.001381,1986867.0,0.001382,1072721.0,0.0013815,7.238508867172754
1787023783396,0.001381,2001585.0,0.001382,1072721.0,0.0013815,7.238508867172754
1787023783420,0.001381,2001585.0,0.001382,1140786.0,0.0013815,7.238508867172754
1787023783457,0.001381,2001585.0,0.001382,939521.0,0.0013815,7.238508867172754
1787023783497,0.001381,1986867.0,0.001382,939521.0,0.0013815,7.238508867172754
1787023783523,0.001381,1986867.0,0.001382,306248.0,0.0013815,7.238508867172754
1787023783524,0.001381,2114117.0,0.001382,306248.0,0.0013815,7.238508867172754
1787023783526,0.001381,2114117.0,0.001382,83989.0,0.0013815,7.238508867172754
1787023783527,0.001381,2114117.0,0.001382,72045.0,0.0013815,7.238508867172754
1787023783539,0.001381,2151816.0,0.001382,72045.0,0.0013815,7.238508867172754
1787023783637,0.001381,2189515.0,0.001382,72045.0,0.0013815,7.238508867172754
1787023783638,0.001381,2189515.0,0.001382,83989.0,0.0013815,7.238508867172754
1787023783672,0.001381,2189515.0,0.001382,42889.0,0.0013815,7.238508867172754
1787023783673,0.001381,2189515.0,0.001383,1531222.0,0.001382,14.471780028942343
1787023783674,0.001382,436891.0,0.001383,1523447.0,0.0013825,7.233273056057258
1787023783675,0.001382,755605.0,0.001383,1395184.0,0.0013825,7.233273056057258
1787023783676,0.001382,1683094.0,0.001383,1395184.0,0.0013825,7.233273056057258
1787023783677,0.001382,1610735.0,0.001383,1395184.0,0.0013825,7.233273056057258
1787023783711,0.001382,1622670.0,0.001383,1395184.0,0.0013825,7.233273056057258
1787023783739,0.001382,1622670.0,0.001383,1407119.0,0.0013825,7.233273056057258
1787023783781,0.001382,1626650.0,0.001383,1407119.0,0.0013825,7.233273056057258
1787023783799,0.001382,1710215.0,0.001383,1407119.0,0.0013825,7.233273056057258
1787023783800,0.001382,1793780.0,0.001383,1407119.0,0.0013825,7.233273056057258
1787023783801,0.001382,1877345.0,0.001383,1407119.0,0.0013825,7.233273056057258
1787023783881,0.001382,1877345.0,0.001383,1339982.0,0.0013825,7.233273056057258
1787023783883,0.001382,1877345.0,0.001383,1120230.0,0.0013825,7.233273056057258
1787023783884,0.001382,1877345.0,0.001383,295395.0,0.0013825,7.233273056057258
1787023783885,0.001382,1877345.0,0.001383,167695.0,0.0013825,7.233273056057258
1787023783886,0.001382,1877345.0,0.001383,143865.0,0.0013825,7.233273056057258
1787023783898,0.001382,1793780.0,0.001383,143865.0,0.0013825,7.233273056057258
1787023783921,0.001382,1945322.0,0.001383,143865.0,0.0013825,7.233273056057258
1787023783937,0.001382,1982991.0,0.001383,143865.0,0.0013825,7.233273056057258
1787023784036,0.001383,425327.0,0.001384,1402954.0,0.0013835,7.228044813878806
1787023784037,0.001383,548035.0,0.001384,957631.0,0.0013835,7.228044813878806
1787023784038,0.001383,718543.0,0.001384,896349.0,0.0013835,7.228044813878806
1787023784039,0.001383,644312.0,0.001384,676597.0,0.0013835,7.228044813878806
1787023784040,0.001383,644312.0,0.001384,748851.0,0.0013835,7.228044813878806
1787023784041,0.001383,644312.0,0.001384,760778.0,0.0013835,7.228044813878806
1787023784057,0.001383,632066.0,0.001384,833033.0,0.0013835,7.228044813878806
1787023784058,0.001383,632066.0,0.001384,905288.0,0.0013835,7.228044813878806
1787023784064,0.001383,779431.0,0.001384,905288.0,0.0013835,7.228044813878806
1787023784085,0.001383,779431.0,0.001384,1664774.0,0.0013835,7.228044813878806
1787023784086,0.001383,1647053.0,0.001384,1681749.0,0.0013835,7.228044813878806
1787023784087,0.001383,1647053.0,0.001384,1609495.0,0.0013835,7.228044813878806
1787023784093,0.001383,1613902.0,0.001384,1609495.0,0.0013835,7.228044813878806
1787023784095,0.001383,1625829.0,0.001384,1609495.0,0.0013835,7.228044813878806
1787023784096,0.001383,758207.0,0.001384,1609495.0,0.0013835,7.228044813878806
1787023784097,0.001383,587699.0,0.001384,1609495.0,0.0013835,7.228044813878806
1787023784098,0.001383,207769.0,0.001384,1609495.0,0.0013835,7.228044813878806
1787023784106,0.001383,223169.0,0.001384,1609495.0,0.0013835,7.228044813878806
1787023784146,0.001383,223169.0,0.001384,1621422.0,0.0013835,7.228044813878806
1787023784198,0.001383,306609.0,0.001384,1621422.0,0.0013835,7.228044813878806
1787023784217,0.001383,299230.0,0.001384,1621422.0,0.0013835,7.228044813878806
1787023784251,0.001383,303207.0,0.001384,1621422.0,0.0013835,7.228044813878806
1787023784353,0.001383,303207.0,0.001384,1617435.0,0.0013835,7.228044813878806
1787023784356,0.001383,1123198.0,0.001384,1617435.0,0.0013835,7.228044813878806
1787023784357,0.001383,1123198.0,0.001384,1617435.0,0.0013835,7.228044813878806
1787023784358,0.001383,1293706.0,0.001384,1617435.0,0.0013835,7.228044813878806
1787023784461,0.001383,1293706.0,0.001384,1550298.0,0.0013835,7.228044813878806
1787023784463,0.001383,2093706.0,0.001384,1550298.0,0.0013835,7.228044813878806
1787023784479,0.001383,1293706.0,0.001384,1550298.0,0.0013835,7.228044813878806
1787023784480,0.001383,1293706.0,0.001384,1550298.0,0.0013835,7.228044813878806
1787023784490,0.001383,2093706.0,0.001384,1550298.0,0.0013835,7.228044813878806
1787023784518,0.001383,1293706.0,0.001384,1550298.0,0.0013835,7.228044813878806
1787023784520,0.001383,1281779.0,0.001384,1550298.0,0.0013835,7.228044813878806
1787023784600,0.001383,1365083.0,0.001384,1550298.0,0.0013835,7.228044813878806
1787023784601,0.001383,1377010.0,0.001384,1550298.0,0.0013835,7.228044813878806
1787023784615,0.001383,1377010.0,0.001384,1348887.0,0.0013835,7.228044813878806
1787023784616,0.001383,2177010.0,0.001384,589401.0,0.0013835,7.228044813878806
1787023784617,0.001383,2181235.0,0.001384,637878.0,0.0013835,7.228044813878806
1787023784739,0.001383,2218616.0,0.001384,637878.0,0.0013835,7.228044813878806
1787023784744,0.001383,1418616.0,0.001384,637878.0,0.0013835,7.228044813878806
1787023784745,0.001383,1406689.0,0.001384,637878.0,0.0013835,7.228044813878806
1787023784747,0.001383,1418616.0,0.001384,637878.0,0.0013835,7.228044813878806
1787023784752,0.001383,1244618.0,0.001384,1072244.0,0.0013835,7.228044813878806
1787023784753,0.001383,238719.0,0.001384,1072244.0,0.0013835,7.228044813878806
1787023784754,0.001382,1333342.0,0.001383,478193.0,0.0013825,7.233273056057258
1787023784755,0.001382,1165735.0,0.001383,100133.0,0.0013825,7.233273056057258
1787023784756,0.001382,1382759.0,0.001383,85605.0,0.0013825,7.233273056057258
1787023784759,0.001382,1794906.0,0.001383,85605.0,0.0013825,7.233273056057258
1787023784760,0.001382,1722547.0,0.001383,85605.0,0.0013825,7.233273056057258
1787023784779,0.001382,1722547.0,0.001383,71149.0,0.0013825,7.233273056057258
1787023784780,0.001382,2322547.0,0.001383,71149.0,0.0013825,7.233273056057258
1787023784782,0.001382,1722547.0,0.001383,71149.0,0.0013825,7.233273056057258
1787023784784,0.001382,1655767.0,0.001383,71149.0,0.0013825,7.233273056057258
1787023784791,0.001382,1789674.0,0.001383,71149.0,0.0013825,7.233273056057258
1787023784799,0.001382,1872928.0,0.001383,71149.0,0.0013825,7.233273056057258
1787023784826,0.001382,1851334.0,0.001383,71149.0,0.0013825,7.233273056057258
1787023784827,0.001382,1851334.0,0.001383,119626.0,0.0013825,7.233273056057258
1787023784828,0.001382,1851334.0,0.001383,71149.0,0.0013825,7.233273056057258
1787023784829,0.001382,1764507.0,0.001383,71149.0,0.0013825,7.233273056057258
1787023784830,0.001382,1764507.0,0.001383,119626.0,0.0013825,7.233273056057258
1787023784831,0.001382,2132574.0,0.001383,119626.0,0.0013825,7.233273056057258
1787023784832,0.001382,2132574.0,0.001383,71149.0,0.0013825,7.233273056057258
1787023784839,0.001382,2169886.0,0.001383,71149.0,0.0013825,7.233273056057258
1787023784849,0.001382,2181821.0,0.001383,71149.0,0.0013825,7.233273056057258
1787023784862,0.001382,2181821.0,0.001383,83084.0,0.0013825,7.233273056057258
1787023784976,0.001382,3026606.0,0.001383,840620.0,0.0013825,7.233273056057258
1787023784977,0.001382,3026606.0,0.001383,985234.0,0.0013825,7.233273056057258
1787023785037,0.001382,3063913.0,0.001383,985234.0,0.0013825,7.233273056057258
1787023785055,0.001382,3030520.0,0.001383,985234.0,0.0013825,7.233273056057258
1787023785085,0.001382,2185735.0,0.001383,985234.0,0.0013825,7.233273056057258
1787023785101,0.001382,2268852.0,0.001383,985234.0,0.0013825,7.233273056057258
1787023785137,0.001382,2231545.0,0.001383,985234.0,0.0013825,7.233273056057258
1787023785200,0.001382,2148428.0,0.001383,985234.0,0.0013825,7.233273056057258
1787023785238,0.001382,2111116.0,0.001383,985234.0,0.0013825,7.233273056057258
1787023785279,0.001382,1269468.0,0.001383,985234.0,0.0013825,7.233273056057258
1787023785280,0.001382,1165902.0,0.001383,985234.0,0.0013825,7.233273056057258
1787023785281,0.001382,1169882.0,0.001383,985234.0,0.0013825,7.233273056057258
1787023785282,0.001382,1169882.0,0.001383,1081359.0,0.0013825,7.233273056057258
1787023785283,0.001382,1169882.0,0.001383,1293601.0,0.0013825,7.233273056057258
1787023785307,0.001382,1165068.0,0.001383,1293601.0,0.0013825,7.233273056057258
1787023785308,0.001382,1157955.0,0.001383,1488880.0,0.0013825,7.233273056057258
1787023785309,0.001382,1157955.0,0.001383,1293601.0,0.0013825,7.233273056057258
1787023785310,0.001382,1157955.0,0.001383,1323668.0,0.0013825,7.233273056057258
1787023785347,0.001382,2013332.0,0.001383,1323668.0,0.0013825,7.233273056057258
1787023785348,0.001382,2013332.0,0.001383,1335603.0,0.0013825,7.233273056057258
1787023785524,0.001382,2013332.0,0.001383,1870112.0,0.0013825,7.233273056057258
1787023785627,0.001382,2013332.0,0.001383,1797805.0,0.0013825,7.233273056057258
1787023785640,0.001382,2050684.0,0.001383,1797805.0,0.0013825,7.233273056057258
1787023785784,0.001382,1638537.0,0.001383,1797805.0,0.0013825,7.233273056057258
1787023785785,0.001382,1626602.0,0.001383,1797805.0,0.0013825,7.233273056057258
1787023785787,0.001382,1638537.0,0.001383,1797805.0,0.0013825,7.233273056057258
1787023785809,0.001382,1493872.0,0.001383,1797805.0,0.0013825,7.233273056057258
1787023785811,0.001382,1493872.0,0.001383,1725498.0,0.0013825,7.233273056057258
1787023785833,0.001382,1125805.0,0.001383,1725498.0,0.0013825,7.233273056057258
1787023785937,0.001382,1088453.0,0.001383,1725498.0,0.0013825,7.233273056057258
1787023786005,0.001382,1088453.0,0.001383,1711197.0,0.0013825,7.233273056057258
1787023786033,0.001382,1054815.0,0.001383,1711197.0,0.0013825,7.233273056057258
1787023786037,0.001382,199438.0,0.001383,1711197.0,0.0013825,7.233273056057258
1787023786038,0.001382,296392.0,0.001383,1850654.0,0.0013825,7.233273056057258
1787023786098,0.001382,213138.0,0.001383,1850654.0,0.0013825,7.233273056057258
1787023786158,0.001382,228544.0,0.001383,1850654.0,0.0013825,7.233273056057258
1787023786353,0.001382,223654.0,0.001383,1850654.0,0.0013825,7.233273056057258
1787023786354,0.001382,211719.0,0.001383,1850654.0,0.0013825,7.233273056057258
1787023786355,0.001382,970356.0,0.001383,1850654.0,0.0013825,7.233273056057258
1787023786356,0.001382,982291.0,0.001383,1711197.0,0.0013825,7.233273056057258
1787023786357,0.001382,1140864.0,0.001383,1711197.0,0.0013825,7.233273056057258
1787023786499,0.001382,1280207.0,0.001383,1711197.0,0.0013825,7.233273056057258
1787023786500,0.001382,1292142.0,0.001383,1711197.0,0.0013825,7.233273056057258
1787023786737,0.001382,1292142.0,0.001383,1718427.0,0.0013825,7.233273056057258
1787023786921,0.001382,1350303.0,0.001383,1718427.0,0.0013825,7.233273056057258
1787023787069,0.001382,1316415.0,0.001383,1718427.0,0.0013825,7.233273056057258
1787023787100,0.001382,1233388.0,0.001383,1718427.0,0.0013825,7.233273056057258
1787023787141,0.001382,1270737.0,0.001383,1718427.0,0.0013825,7.233273056057258
1787023787299,0.001382,1353858.0,0.001383,1718427.0,0.0013825,7.233273056057258
1787023787332,0.001382,1353858.0,0.001383,1692204.0,0.0013825,7.233273056057258
1787023787340,0.001382,1316509.0,0.001383,1692204.0,0.0013825,7.233273056057258
1787023787359,0.001382,1313064.0,0.001383,1692204.0,0.0013825,7.233273056057258
1787023787392,0.001382,1313064.0,0.001383,1679064.0,0.0013825,7.233273056057258
1787023787608,0.001382,1313064.0,0.001383,1586156.0,0.0013825,7.233273056057258
1787023787609,0.001382,1313064.0,0.001383,904043.0,0.0013825,7.233273056057258
1787023787610,0.001382,1313064.0,0.001383,908020.0,0.0013825,7.233273056057258
1787023787612,0.001382,1313064.0,0.001383,956497.0,0.0013825,7.233273056057258
1787023787652,0.001382,1313064.0,0.001383,791918.0,0.0013825,7.233273056057258
1787023787676,0.001382,1313064.0,0.001383,743441.0,0.0013825,7.233273056057258
1787023787677,0.001382,1313064.0,0.001383,841551.0,0.0013825,7.233273056057258
1787023787682,0.001382,1313064.0,0.001383,750480.0,0.0013825,7.233273056057258
1787023787683,0.001383,27651.0,0.001384,1227166.0,0.0013835,7.228044813878806
1787023787684,0.001383,833956.0,0.001384,1038570.0,0.0013835,7.228044813878806
1787023787685,0.001383,299090.0,0.001384,1038570.0,0.0013835,7.228044813878806
1787023787686,0.001383,927806.0,0.001384,1087576.0,0.0013835,7.228044813878806
1787023787687,0.001383,927806.0,0.001384,454596.0,0.0013835,7.228044813878806
1787023787688,0.001383,855499.0,0.001384,255400.0,0.0013835,7.228044813878806
1787023787689,0.001383,855499.0,0.001384,231622.0,0.0013835,7.228044813878806
1787023787701,0.001383,938535.0,0.001384,231622.0,0.0013835,7.228044813878806
1787023787798,0.001383,950462.0,0.001384,243549.0,0.0013835,7.228044813878806
1787023787799,0.001383,1033537.0,0.001384,243549.0,0.0013835,7.228044813878806
1787023787810,0.001383,1892578.0,0.001384,243549.0,0.0013835,7.228044813878806
1787023787811,0.001383,2020125.0,0.001384,195072.0,0.0013835,7.228044813878806
1787023787812,0.001383,2008198.0,0.001384,195072.0,0.0013835,7.228044813878806
1787023787862,0.001383,2205046.0,0.001384,195072.0,0.0013835,7.228044813878806
1787023787865,0.001383,2205046.0,0.001384,964639.0,0.0013835,7.228044813878806
1787023787866,0.001383,2077499.0,0.001384,1001189.0,0.0013835,7.228044813878806
1787023787921,0.001383,2274161.0,0.001384,1001189.0,0.0013835,7.228044813878806
1787023787922,0.001383,2286088.0,0.001384,1013116.0,0.0013835,7.228044813878806
1787023787999,0.001383,2203052.0,0.001384,1013116.0,0.0013835,7.228044813878806
1787023788096,0.001383,2412153.0,0.001384,1013116.0,0.0013835,7.228044813878806
1787023788118,0.001383,2412153.0,0.001384,961375.0,0.0013835,7.228044813878806
1787023788273,0.001383,2377985.0,0.001384,961375.0,0.0013835,7.228044813878806
1787023788275,0.001383,1518944.0,0.001384,961375.0,0.0013835,7.228044813878806
1787023788445,0.001383,2318944.0,0.001384,961375.0,0.0013835,7.228044813878806
1787023788447,0.001383,1518944.0,0.001384,961375.0,0.0013835,7.228044813878806
1787023788448,0.001383,1518944.0,0.001384,961375.0,0.0013835,7.228044813878806
1787023788459,0.001383,1510615.0,0.001384,961375.0,0.0013835,7.228044813878806
1787023788569,0.001383,2357979.0,0.001384,961375.0,0.0013835,7.228044813878806
1787023788634,0.001383,2432374.0,0.001384,961375.0,0.0013835,7.228044813878806
1787023788660,0.001383,1429348.0,0.001384,961375.0,0.0013835,7.228044813878806
1787023788661,0.001383,1417421.0,0.001384,961375.0,0.0013835,7.228044813878806
1787023788720,0.001383,1272861.0,0.001384,961375.0,0.0013835,7.228044813878806
1787023788731,0.001383,1198466.0,0.001384,961375.0,0.0013835,7.228044813878806
1787023788736,0.001383,786617.0,0.001384,961375.0,0.0013835,7.228044813878806
1787023788764,0.001383,798544.0,0.001384,961375.0,0.0013835,7.228044813878806
1787023788797,0.001383,794712.0,0.001384,975832.0,0.0013835,7.228044813878806
1787023788862,0.001383,597864.0,0.001384,975832.0,0.0013835,7.228044813878806
1787023788898,0.001383,597864.0,0.001384,961375.0,0.0013835,7.228044813878806
1787023789015,0.001383,597864.0,0.001384,933040.0,0.0013835,7.228044813878806
1787023789016,0.001383,1397864.0,0.001384,933040.0,0.0013835,7.228044813878806
1787023789017,0.001383,1397864.0,0.001384,933040.0,0.0013835,7.228044813878806
1787023789018,0.001383,2247148.0,0.001384,933040.0,0.0013835,7.228044813878806
1787023789030,0.001383,2247148.0,0.001384,982801.0,0.0013835,7.228044813878806
1787023789037,0.001383,2247148.0,0.001384,986414.0,0.0013835,7.228044813878806
1787023789255,0.001383,2212757.0,0.001384,986414.0,0.0013835,7.228044813878806
1787023789257,0.001383,563473.0,0.001384,986414.0,0.0013835,7.228044813878806
1787023789258,0.001383,563473.0,0.001384,986414.0,0.0013835,7.228044813878806
1787023789259,0.001383,635780.0,0.001384,986414.0,0.0013835,7.228044813878806
1787023789425,0.001383,806288.0,0.001384,986414.0,0.0013835,7.228044813878806
1787023789426,0.001383,733981.0,0.001384,986414.0,0.0013835,7.228044813878806
1787023789459,0.001383,1612746.0,0.001384,986414.0,0.0013835,7.228044813878806
1787023789460,0.001383,1612746.0,0.001384,986414.0,0.0013835,7.228044813878806
1787023789606,0.001383,1612746.0,0.001384,972497.0,0.0013835,7.228044813878806
1787023789607,0.001383,1604143.0,0.001384,972497.0,0.0013835,7.228044813878806
1787023789684,0.001383,1604143.0,0.001384,1507006.0,0.0013835,7.228044813878806
1787023789687,0.001383,725378.0,0.001384,1507006.0,0.0013835,7.228044813878806
1787023789689,0.001383,725378.0,0.001384,1556428.0,0.0013835,7.228044813878806
1787023789690,0.001383,725378.0,0.001384,1744291.0,0.0013835,7.228044813878806
1787023789800,0.001383,725378.0,0.001384,1758749.0,0.0013835,7.228044813878806
1787023789897,0.001383,1540866.0,0.001384,1758749.0,0.0013835,7.228044813878806
1787023789898,0.001383,1528939.0,0.001384,1758749.0,0.0013835,7.228044813878806
1787023789899,0.001383,1611056.0,0.001384,1758749.0,0.0013835,7.228044813878806
1787023789915,0.001383,1622983.0,0.001384,1758749.0,0.0013835,7.228044813878806
1787023789998,0.001383,1622983.0,0.001384,1744291.0,0.0013835,7.228044813878806
1787023790053,0.001383,1622983.0,0.001384,1659299.0,0.0013835,7.228044813878806
1787023790054,0.001383,1622983.0,0.001384,1647186.0,0.0013835,7.228044813878806
1787023790061,0.001383,1622983.0,0.001384,1659113.0,0.0013835,7.228044813878806
1787023790100,0.001383,1413882.0,0.001384,1659113.0,0.0013835,7.228044813878806
1787023790102,0.001383,1248690.0,0.001384,1659113.0,0.0013835,7.228044813878806
1787023790199,0.001383,1330745.0,0.001384,1659113.0,0.0013835,7.228044813878806
1787023790207,0.001383,1296138.0,0.001384,1659113.0,0.0013835,7.228044813878806
1787023790208,0.001383,480650.0,0.001384,1659113.0,0.0013835,7.228044813878806
1787023790209,0.001383,552957.0,0.001384,1659113.0,0.0013835,7.228044813878806
1787023790210,0.001383,601434.0,0.001384,1659113.0,0.0013835,7.228044813878806
1787023790235,0.001383,601434.0,0.001384,1673564.0,0.0013835,7.228044813878806
1787023790487,0.001383,1462689.0,0.001384,1673564.0,0.0013835,7.228044813878806
1787023790489,0.001383,1378455.0,0.001384,1673564.0,0.0013835,7.228044813878806
1787023790490,0.001383,1390382.0,0.001384,1673564.0,0.0013835,7.228044813878806
1787023790563,0.001383,1384636.0,0.001384,1673564.0,0.0013835,7.228044813878806
1787023790572,0.001383,1364752.0,0.001384,1673564.0,0.0013835,7.228044813878806
1787023790631,0.001383,1339696.0,0.001384,1673564.0,0.0013835,7.228044813878806
1787023790633,0.001383,1324075.0,0.001384,1673564.0,0.0013835,7.228044813878806
1787023790634,0.001383,462820.0,0.001384,1673564.0,0.0013835,7.228044813878806
1787023790838,0.001383,1362917.0,0.001384,1673564.0,0.0013835,7.228044813878806
1787023790839,0.001383,1362917.0,0.001384,1673564.0,0.0013835,7.228044813878806
1787023790898,0.001383,1362917.0,0.001384,1688021.0,0.0013835,7.228044813878806
1787023790997,0.001383,1362917.0,0.001384,1673564.0,0.0013835,7.228044813878806
1787023791095,0.001383,1362917.0,0.001384,1688021.0,0.0013835,7.228044813878806
1787023791096,0.001383,1362917.0,0.001384,1786167.0,0.0013835,7.228044813878806
1787023791099,0.001383,1280862.0,0.001384,1786167.0,0.0013835,7.228044813878806
1787023791185,0.001383,1246034.0,0.001384,1786167.0,0.0013835,7.228044813878806
1787023791195,0.001383,1246034.0,0.001384,1771710.0,0.0013835,7.228044813878806
1787023791259,0.001383,1125073.0,0.001384,1988977.0,0.0013835,7.228044813878806
1787023791260,0.001383,155621.0,0.001384,1988977.0,0.0013835,7.228044813878806
1787023791261,0.001382,202182.0,0.001383,1060464.0,0.0013825,7.233273056057258
1787023791262,0.001382,186566.0,0.001383,1739289.0,0.0013825,7.233273056057258
1787023791263,0.001382,803609.0,0.001383,1787766.0,0.0013825,7.233273056057258
1787023791264,0.001382,731250.0,0.001383,1865688.0,0.0013825,7.233273056057258
1787023791265,0.001382,779727.0,0.001383,1865688.0,0.0013825,7.233273056057258
1787023791267,0.001382,677376.0,0.001383,1865688.0,0.0013825,7.233273056057258
1787023791268,0.001382,753715.0,0.001383,2665688.0,0.0013825,7.233273056057258
1787023791269,0.001382,753715.0,0.001384,3847880.0,0.0013830000000000001,14.46131597975451
1787023791270,0.001382,753715.0,0.001383,217267.0,0.0013825,7.233273056057258
1787023791271,0.001382,1218707.0,0.001383,48477.0,0.0013825,7.233273056057258
1787023791272,0.001382,1269961.0,0.001383,898217.0,0.0013825,7.233273056057258
1787023791273,0.001382,1125243.0,0.001383,898217.0,0.0013825,7.233273056057258
1787023791274,0.001382,1001787.0,0.001383,898217.0,0.0013825,7.233273056057258
1787023791275,0.001382,1001787.0,0.001383,946694.0,0.0013825,7.233273056057258
1787023791297,0.001382,1001787.0,0.001383,961155.0,0.0013825,7.233273056057258
1787023791299,0.001382,1001787.0,0.001383,1033462.0,0.0013825,7.233273056057258
1787023791300,0.001382,927080.0,0.001383,1033462.0,0.0013825,7.233273056057258
1787023791321,0.001382,927080.0,0.001383,233462.0,0.0013825,7.233273056057258
1787023791324,0.001382,927080.0,0.001383,161155.0,0.0013825,7.233273056057258
1787023791338,0.001382,927080.0,0.001383,112678.0,0.0013825,7.233273056057258
1787023791344,0.001382,927080.0,0.001383,64201.0,0.0013825,7.233273056057258
1787023791351,0.001382,931056.0,0.001383,64201.0,0.0013825,7.233273056057258
1787023791363,0.001382,927080.0,0.001383,64201.0,0.0013825,7.233273056057258
1787023791365,0.001382,927080.0,0.001383,112678.0,0.0013825,7.233273056057258
1787023791382,0.001382,939015.0,0.001383,124613.0,0.0013825,7.233273056057258
1787023791384,0.001382,939015.0,0.001383,177069.0,0.0013825,7.233273056057258
1787023791402,0.001382,1020297.0,0.001383,177069.0,0.0013825,7.233273056057258
1787023791412,0.001382,1820297.0,0.001383,177069.0,0.0013825,7.233273056057258
1787023791414,0.001382,1820297.0,0.001383,128592.0,0.0013825,7.233273056057258
1787023791484,0.001382,1020297.0,0.001383,128592.0,0.0013825,7.233273056057258
1787023791485,0.001382,1032232.0,0.001383,128592.0,0.0013825,7.233273056057258
1787023791486,0.001382,1930581.0,0.001383,128592.0,0.0013825,7.233273056057258
1787023791499,0.001382,2011863.0,0.001383,128592.0,0.0013825,7.233273056057258
1787023791533,0.001382,2086655.0,0.001383,128592.0,0.0013825,7.233273056057258
1787023791534,0.001382,2074720.0,0.001383,128592.0,0.0013825,7.233273056057258
1787023791591,0.001382,2086655.0,0.001383,128592.0,0.0013825,7.233273056057258
1787023791734,0.001382,2086655.0,0.001383,132569.0,0.0013825,7.233273056057258
1787023791763,0.001382,2079263.0,0.001383,132569.0,0.0013825,7.233273056057258
1787023791878,0.001382,2079263.0,0.001383,84092.0,0.0013825,7.233273056057258
1787023791879,0.001382,2079263.0,0.001383,72157.0,0.0013825,7.233273056057258
1787023791880,0.001382,2079263.0,0.001383,84092.0,0.0013825,7.233273056057258
1787023791998,0.001382,1997981.0,0.001383,84092.0,0.0013825,7.233273056057258
1787023792157,0.001382,1997981.0,0.001383,181046.0,0.0013825,7.233273056057258
1787023792158,0.001382,1997981.0,0.001383,169111.0,0.0013825,7.233273056057258
1787023792159,0.001382,1997981.0,0.001383,181046.0,0.0013825,7.233273056057258
1787023792162,0.001382,1997981.0,0.001383,945050.0,0.0013825,7.233273056057258
1787023792163,0.001382,1997981.0,0.001383,933115.0,0.0013825,7.233273056057258
1787023792228,0.001382,1997981.0,0.001383,169111.0,0.0013825,7.233273056057258
1787023792229,0.001382,1997981.0,0.001383,72157.0,0.0013825,7.233273056057258
1787023792231,0.001382,1923189.0,0.001383,72157.0,0.0013825,7.233273056057258
1787023792278,0.001382,1923189.0,0.001383,84092.0,0.0013825,7.233273056057258
1787023792280,0.001382,1923189.0,0.001383,132569.0,0.0013825,7.233273056057258
1787023792287,0.001382,1888127.0,0.001383,132569.0,0.0013825,7.233273056057258
1787023792300,0.001382,1476129.0,0.001383,132569.0,0.0013825,7.233273056057258
1787023792302,0.001382,1476129.0,0.001383,181046.0,0.0013825,7.233273056057258
1787023792303,0.001382,1476129.0,0.001383,169111.0,0.0013825,7.233273056057258
1787023792304,0.001382,1452313.0,0.001383,169111.0,0.0013825,7.233273056057258
1787023792400,0.001382,1533095.0,0.001383,169111.0,0.0013825,7.233273056057258
1787023792401,0.001382,1533095.0,0.001383,181046.0,0.0013825,7.233273056057258
1787023792433,0.001382,1607910.0,0.001383,181046.0,0.0013825,7.233273056057258
1787023792517,0.001382,1607910.0,0.001383,962688.0,0.0013825,7.233273056057258
1787023792519,0.001382,1607910.0,0.001383,962688.0,0.0013825,7.233273056057258
1787023792532,0.001382,1533095.0,0.001383,962688.0,0.0013825,7.233273056057258
1787023792599,0.001382,1452313.0,0.001383,962688.0,0.0013825,7.233273056057258
1787023792631,0.001382,1527053.0,0.001383,962688.0,0.0013825,7.233273056057258
1787023792733,0.001382,1452313.0,0.001383,962688.0,0.0013825,7.233273056057258
1787023792891,0.001382,1310601.0,0.001383,962688.0,0.0013825,7.233273056057258
1787023792892,0.001382,1314581.0,0.001383,962688.0,0.0013825,7.233273056057258
1787023792893,0.001382,404297.0,0.001383,962688.0,0.0013825,7.233273056057258
1787023792894,0.001382,392362.0,0.001383,962688.0,0.0013825,7.233273056057258
1787023792895,0.001382,525133.0,0.001383,962688.0,0.0013825,7.233273056057258
1787023792897,0.001382,525133.0,0.001383,977156.0,0.0013825,7.233273056057258
1787023792919,0.001382,519107.0,0.001383,977156.0,0.0013825,7.233273056057258
1787023792975,0.001382,301840.0,0.001383,977156.0,0.0013825,7.233273056057258
1787023792976,0.001382,229481.0,0.001383,977156.0,0.0013825,7.233273056057258
1787023792977,0.001382,266023.0,0.001383,977156.0,0.0013825,7.233273056057258
1787023792979,0.001382,338382.0,0.001383,977156.0,0.0013825,7.233273056057258
1787023792995,0.001382,338382.0,0.001383,962688.0,0.0013825,7.233273056057258
1787023792996,0.001382,350317.0,0.001383,962688.0,0.0013825,7.233273056057258
1787023793057,0.001382,494448.0,0.001383,962688.0,0.0013825,7.233273056057258
1787023793058,0.001382,494448.0,0.001383,914211.0,0.0013825,7.233273056057258
1787023793060,0.001382,566807.0,0.001383,914211.0,0.0013825,7.233273056057258
1787023793099,0.001382,485525.0,0.001383,914211.0,0.0013825,7.233273056057258
1787023793102,0.001382,1275851.0,0.001383,914211.0,0.0013825,7.233273056057258
1787023793109,0.001382,1275851.0,0.001383,914211.0,0.0013825,7.233273056057258
1787023793261,0.001382,1275851.0,0.001383,705493.0,0.0013825,7.233273056057258
1787023793262,0.001382,1275851.0,0.001383,596180.0,0.0013825,7.233273056057258
1787023793263,0.001382,1875851.0,0.001383,637100.0,0.0013825,7.233273056057258
1787023793264,0.001382,1803492.0,0.001383,649035.0,0.0013825,7.233273056057258
1787023793265,0.001382,1131133.0,0.001383,697512.0,0.0013825,7.233273056057258
1787023793266,0.001382,1131133.0,0.001383,697512.0,0.0013825,7.233273056057258
1787023793267,0.001382,1131133.0,0.001383,745989.0,0.0013825,7.233273056057258
1787023793317,0.001382,1095859.0,0.001383,745989.0,0.0013825,7.233273056057258
1787023793318,0.001382,1095859.0,0.001383,697512.0,0.0013825,7.233273056057258
1787023793379,0.001382,1313126.0,0.001384,1484320.0,0.0013830000000000001,14.46131597975451
1787023793380,0.001383,423927.0,0.001384,1337294.0,0.0013835,7.228044813878806
1787023793381,0.001383,775390.0,0.001384,662262.0,0.0013835,7.228044813878806
1787023793382,0.001383,847697.0,0.001384,3344128.0,0.0013835,7.228044813878806
1787023793383,0.001383,847697.0,0.001384,6055816.0,0.0013835,7.228044813878806
1787023793384,0.001383,775390.0,0.001384,6583462.0,0.0013835,7.228044813878806
1787023793385,0.001383,775390.0,0.001384,6569006.0,0.0013835,7.228044813878806
1787023793387,0.001383,775390.0,0.001384,3994171.0,0.0013835,7.228044813878806
1787023793388,0.001383,775390.0,0.001384,3330582.0,0.0013835,7.228044813878806
1787023793395,0.001383,775390.0,0.001384,2245985.0,0.0013835,7.228044813878806
1787023793399,0.001383,856128.0,0.001384,2245985.0,0.0013835,7.228044813878806
1787023793409,0.001383,856128.0,0.001384,2192611.0,0.0013835,7.228044813878806
1787023793464,0.001383,856128.0,0.001384,2943319.0,0.0013835,7.228044813878806
1787023793465,0.001383,1593149.0,0.001384,2943319.0,0.0013835,7.228044813878806
1787023793478,0.001383,1605076.0,0.001384,2955246.0,0.0013835,7.228044813878806
1787023793480,0.001383,1605076.0,0.001384,2856632.0,0.0013835,7.228044813878806
1787023793481,0.001383,1605076.0,0.001384,2654318.0,0.0013835,7.228044813878806
1787023793598,0.001383,1685871.0,0.001384,2654318.0,0.0013835,7.228044813878806
1787023793698,0.001383,1605076.0,0.001384,2654318.0,0.0013835,7.228044813878806
1787023793779,0.001383,965344.0,0.001384,2654318.0,0.0013835,7.228044813878806
1787023793780,0.001383,228323.0,0.001384,2654318.0,0.0013835,7.228044813878806
1787023793781,0.001383,228323.0,0.001384,2752508.0,0.0013835,7.228044813878806
1787023793782,0.001383,228323.0,0.001384,3128524.0,0.0013835,7.228044813878806
1787023793851,0.001383,232300.0,0.001384,3128524.0,0.0013835,7.228044813878806
1787023793899,0.001383,313132.0,0.001384,3128524.0,0.0013835,7.228044813878806
1787023793900,0.001383,301205.0,0.001384,3128524.0,0.0013835,7.228044813878806
1787023793901,0.001383,313132.0,0.001384,3128524.0,0.0013835,7.228044813878806
1787023793999,0.001383,232300.0,0.001384,3128524.0,0.0013835,7.228044813878806
1787023794033,0.001383,225311.0,0.001384,3128524.0,0.0013835,7.228044813878806
1787023794034,0.001383,1112313.0,0.001384,3128524.0,0.0013835,7.228044813878806
1787023794035,0.001383,1112313.0,0.001384,2940371.0,0.0013835,7.228044813878806
1787023794099,0.001383,1031575.0,0.001384,2940371.0,0.0013835,7.228044813878806
1787023794473,0.001383,996069.0,0.001384,2940371.0,0.0013835,7.228044813878806
1787023794485,0.001383,109067.0,0.001384,2940371.0,0.0013835,7.228044813878806
1787023794487,0.001383,109067.0,0.001384,3128524.0,0.0013835,7.228044813878806
1787023794498,0.001383,109067.0,0.001384,3142985.0,0.0013835,7.228044813878806
1787023794598,0.001383,109067.0,0.001384,3128524.0,0.0013835,7.228044813878806
1787023794901,0.001383,189972.0,0.001384,3128524.0,0.0013835,7.228044813878806
1787023794998,0.001383,109067.0,0.001384,3128524.0,0.0013835,7.228044813878806
1787023794999,0.001383,97140.0,0.001384,3128524.0,0.0013835,7.228044813878806
1787023795001,0.001383,109067.0,0.001384,3128524.0,0.0013835,7.228044813878806
1787023795075,0.001383,109067.0,0.001384,3132371.0,0.0013835,7.228044813878806
1787023795181,0.001383,103465.0,0.001384,3132371.0,0.0013835,7.228044813878806
1787023795367,0.001383,903465.0,0.001384,3132371.0,0.0013835,7.228044813878806
1787023795368,0.001383,903465.0,0.001384,3132371.0,0.0013835,7.228044813878806
1787023795369,0.001383,1711767.0,0.001384,3132371.0,0.0013835,7.228044813878806
1787023795370,0.001383,1711767.0,0.001384,2944218.0,0.0013835,7.228044813878806
1787023795395,0.001383,1676187.0,0.001384,2944218.0,0.0013835,7.228044813878806
1787023795432,0.001383,1750370.0,0.001384,2944218.0,0.0013835,7.228044813878806
1787023795434,0.001383,1738443.0,0.001384,2944218.0,0.0013835,7.228044813878806
1787023795485,0.001383,851770.0,0.001384,2944218.0,0.0013835,7.228044813878806
1787023795486,0.001383,863697.0,0.001384,2944218.0,0.0013835,7.228044813878806
1787023795487,0.001383,90087.0,0.001384,2944218.0,0.0013835,7.228044813878806
1787023795488,0.001382,784838.0,0.001383,904894.0,0.0013825,7.233273056057258
1787023795489,0.001382,567570.0,0.001383,678612.0,0.0013825,7.233273056057258
1787023795490,0.001382,336872.0,0.001383,682589.0,0.0013825,7.233273056057258
1787023795491,0.001382,893684.0,0.001383,655822.0,0.0013825,7.233273056057258
1787023795492,0.001382,893684.0,0.001383,631850.0,0.0013825,7.233273056057258
1787023795493,0.001382,893684.0,0.001383,680327.0,0.0013825,7.233273056057258
1787023795499,0.001382,893684.0,0.001383,868480.0,0.0013825,7.233273056057258
1787023795500,0.001382,971021.0,0.001383,868480.0,0.0013825,7.233273056057258
1787023795501,0.001382,898662.0,0.001383,868480.0,0.0013825,7.233273056057258
1787023795519,0.001382,898662.0,0.001383,653688.0,0.0013825,7.233273056057258
1787023795634,0.001382,972988.0,0.001383,653688.0,0.0013825,7.233273056057258
1787023795672,0.001382,984923.0,0.001383,665623.0,0.0013825,7.233273056057258
1787023795687,0.001382,1753114.0,0.001383,1555065.0,0.0013825,7.233273056057258
1787023795690,0.001382,1753114.0,0.001383,1543130.0,0.0013825,7.233273056057258
1787023795812,0.001382,1753114.0,0.001383,1555065.0,0.0013825,7.233273056057258
1787023795892,0.001382,1753114.0,0.001383,665623.0,0.0013825,7.233273056057258
1787023795893,0.001382,1753114.0,0.001383,477470.0,0.0013825,7.233273056057258
1787023795934,0.001382,1678788.0,0.001383,477470.0,0.0013825,7.233273056057258
1787023796102,0.001382,1601451.0,0.001383,477470.0,0.0013825,7.233273056057258
1787023796106,0.001382,1601451.0,0.001383,1301568.0,0.0013825,7.233273056057258
1787023796107,0.001382,1601451.0,0.001383,1289633.0,0.0013825,7.233273056057258
1787023796127,0.001382,1601451.0,0.001383,1301568.0,0.0013825,7.233273056057258
1787023796129,0.001382,1593056.0,0.001383,1301568.0,0.0013825,7.233273056057258
1787023796196,0.001382,1593056.0,0.001383,477470.0,0.0013825,7.233273056057258
1787023796198,0.001382,1593056.0,0.001383,276954.0,0.0013825,7.233273056057258
1787023796199,0.001383,423927.0,0.001384,1299151.0,0.0013835,7.228044813878806
1787023796200,0.001383,701936.0,0.001384,1122461.0,0.0013835,7.228044813878806
1787023796201,0.001383,691090.0,0.001384,2026297.0,0.0013835,7.228044813878806
1787023796202,0.001383,691090.0,0.001384,2074774.0,0.0013835,7.228044813878806
1787023796203,0.001383,664534.0,0.001384,2074774.0,0.0013835,7.228044813878806
1787023796205,0.001383,664534.0,0.001384,2081299.0,0.0013835,7.228044813878806
1787023796308,0.001383,642834.0,0.001384,2081299.0,0.0013835,7.228044813878806
1787023796309,0.001383,654761.0,0.001384,2093226.0,0.0013835,7.228044813878806
1787023796310,0.001383,466608.0,0.001384,2093226.0,0.0013835,7.228044813878806
1787023796331,0.001383,430962.0,0.001384,2093226.0,0.0013835,7.228044813878806
1787023796354,0.001383,430962.0,0.001384,2089250.0,0.0013835,7.228044813878806
1787023796384,0.001383,505382.0,0.001384,2089250.0,0.0013835,7.228044813878806
1787023796402,0.001383,505382.0,0.001384,2921778.0,0.0013835,7.228044813878806
1787023796412,0.001383,505382.0,0.001384,2926625.0,0.0013835,7.228044813878806
1787023796434,0.001383,143850.0,0.001384,2926625.0,0.0013835,7.228044813878806
1787023796435,0.001383,126874.0,0.001384,2926625.0,0.0013835,7.228044813878806
1787023796436,0.001383,78397.0,0.001384,2926625.0,0.0013835,7.228044813878806
1787023796447,0.001383,90324.0,0.001384,2926625.0,0.0013835,7.228044813878806
1787023796563,0.001382,1258696.0,0.001383,211339.0,0.0013825,7.233273056057258
1787023796564,0.001382,1024309.0,0.001383,584184.0,0.0013825,7.233273056057258
1787023796565,0.001382,1180909.0,0.001383,1350132.0,0.0013825,7.233273056057258
1787023796566,0.001382,1180909.0,0.001383,1267322.0,0.0013825,7.233273056057258
1787023796594,0.001382,1180909.0,0.001383,904531.0,0.0013825,7.233273056057258
1787023796595,0.001382,1180909.0,0.001383,908505.0,0.0013825,7.233273056057258
1787023796633,0.001382,1255245.0,0.001383,908505.0,0.0013825,7.233273056057258
1787023796660,0.001382,1362672.0,0.001383,908505.0,0.0013825,7.233273056057258
1787023796670,0.001382,1362672.0,0.001383,912482.0,0.0013825,7.233273056057258
1787023796672,0.001382,1362672.0,0.001383,924417.0,0.0013825,7.233273056057258
1787023796681,0.001382,1437074.0,0.001383,924417.0,0.0013825,7.233273056057258
1787023796777,0.001382,1415360.0,0.001383,924417.0,0.0013825,7.233273056057258
1787023796779,0.001382,1233531.0,0.001383,924417.0,0.0013825,7.233273056057258
1787023796805,0.001382,1233531.0,0.001383,938878.0,0.0013825,7.233273056057258
1787023796834,0.001382,1159195.0,0.001383,938878.0,0.0013825,7.233273056057258
1787023796835,0.001382,1159195.0,0.001383,1127031.0,0.0013825,7.233273056057258
1787023797081,0.001382,1266622.0,0.001383,1127031.0,0.0013825,7.233273056057258
1787023797082,0.001382,1266622.0,0.001383,1220941.0,0.0013825,7.233273056057258
1787023797101,0.001382,1207092.0,0.001383,1220941.0,0.0013825,7.233273056057258
1787023797102,0.001382,1103645.0,0.001383,1220941.0,0.0013825,7.233273056057258
1787023797103,0.001382,335454.0,0.001383,1220941.0,0.0013825,7.233273056057258
1787023797104,0.001382,323519.0,0.001383,1220941.0,0.0013825,7.233273056057258
1787023797105,0.001382,335454.0,0.001383,1220941.0,0.0013825,7.233273056057258
1787023797167,0.001382,329800.0,0.001383,1220941.0,0.0013825,7.233273056057258
1787023797304,0.001382,329800.0,0.001383,1401880.0,0.0013825,7.233273056057258
1787023797306,0.001382,1204068.0,0.001383,1401880.0,0.0013825,7.233273056057258
1787023797307,0.001382,1204068.0,0.001383,1401880.0,0.0013825,7.233273056057258
1787023797308,0.001382,1392221.0,0.001383,1401880.0,0.0013825,7.233273056057258
1787023797384,0.001382,1466623.0,0.001383,1401880.0,0.0013825,7.233273056057258
1787023797401,0.001382,1430914.0,0.001383,1401880.0,0.0013825,7.233273056057258
1787023797479,0.001382,1356512.0,0.001383,1401880.0,0.0013825,7.233273056057258
1787023797581,0.001382,1211847.0,0.001383,1401880.0,0.0013825,7.233273056057258
1787023797922,0.001382,1211847.0,0.001383,635932.0,0.0013825,7.233273056057258
1787023797923,0.001382,1211847.0,0.001383,435844.0,0.0013825,7.233273056057258
1787023797924,0.001382,1211847.0,0.001383,409078.0,0.0013825,7.233273056057258
1787023797930,0.001382,1211847.0,0.001383,421013.0,0.0013825,7.233273056057258
1787023797981,0.001382,1286220.0,0.001383,421013.0,0.0013825,7.233273056057258
1787023797999,0.001382,1349019.0,0.001383,421013.0,0.0013825,7.233273056057258
1787023798079,0.001382,1274646.0,0.001383,421013.0,0.0013825,7.233273056057258
1787023798099,0.001382,1211847.0,0.001383,421013.0,0.0013825,7.233273056057258
1787023798111,0.001382,1211847.0,0.001383,353699.0,0.0013825,7.233273056057258
1787023798184,0.001382,1211847.0,0.001383,349545.0,0.0013825,7.233273056057258
1787023798274,0.001382,1211847.0,0.001383,1150944.0,0.0013825,7.233273056057258
1787023798275,0.001382,1211847.0,0.001383,1139009.0,0.0013825,7.233273056057258
1787023798293,0.001382,1206689.0,0.001383,1139009.0,0.0013825,7.233273056057258
1787023798368,0.001382,1206689.0,0.001383,1150944.0,0.0013825,7.233273056057258
1787023798382,0.001382,1281044.0,0.001383,1150944.0,0.0013825,7.233273056057258
1787023798500,0.001382,1341541.0,0.001383,1150944.0,0.0013825,7.233273056057258
1787023798537,0.001382,1305772.0,0.001383,1150944.0,0.0013825,7.233273056057258
1787023798659,0.001382,1305772.0,0.001383,1129693.0,0.0013825,7.233273056057258
1787023798661,0.001382,2105772.0,0.001383,1129693.0,0.0013825,7.233273056057258
1787023798662,0.001382,2105772.0,0.001383,1129693.0,0.0013825,7.233273056057258
1787023798792,0.001382,1305772.0,0.001383,1129693.0,0.0013825,7.233273056057258
1787023798901,0.001382,1309390.0,0.001383,1129693.0,0.0013825,7.233273056057258
1787023798972,0.001382,1309390.0,0.001383,1118236.0,0.0013825,7.233273056057258
1787023798975,0.001382,1309390.0,0.001383,316837.0,0.0013825,7.233273056057258
1787023798999,0.001382,1248893.0,0.001383,316837.0,0.0013825,7.233273056057258
1787023799098,0.001382,1456340.0,0.001383,316837.0,0.0013825,7.233273056057258
1787023799099,0.001382,1575964.0,0.001383,316837.0,0.0013825,7.233273056057258
1787023799183,0.001382,1501609.0,0.001383,316837.0,0.0013825,7.233273056057258
1787023799299,0.001382,1441797.0,0.001383,316837.0,0.0013825,7.233273056057258
1787023799380,0.001382,1515768.0,0.001383,316837.0,0.0013825,7.233273056057258
1787023799381,0.001382,1589739.0,0.001383,316837.0,0.0013825,7.233273056057258
1787023799480,0.001382,1515768.0,0.001383,316837.0,0.0013825,7.233273056057258
1787023799481,0.001382,1441797.0,0.001383,316837.0,0.0013825,7.233273056057258
1787023799509,0.001382,1436811.0,0.001383,316837.0,0.0013825,7.233273056057258
1787023799511,0.001382,1436811.0,0.001383,1112612.0,0.0013825,7.233273056057258
1787023799512,0.001382,1436811.0,0.001383,1112612.0,0.0013825,7.233273056057258
1787023799536,0.001382,1509924.0,0.001383,1112612.0,0.0013825,7.233273056057258
1787023799615,0.001382,1509924.0,0.001383,1100135.0,0.0013825,7.233273056057258
1787023799624,0.001382,1509924.0,0.001383,304360.0,0.0013825,7.233273056057258
1787023799626,0.001382,1509924.0,0.001383,352837.0,0.0013825,7.233273056057258
1787023799659,0.001382,1625998.0,0.001383,352837.0,0.0013825,7.233273056057258
1787023799681,0.001382,1773870.0,0.001383,352837.0,0.0013825,7.233273056057258
1787023799687,0.001382,1738045.0,0.001383,352837.0,0.0013825,7.233273056057258
1787023799689,0.001382,1621971.0,0.001383,352837.0,0.0013825,7.233273056057258
1787023799690,0.001382,1610036.0,0.001383,352837.0,0.0013825,7.233273056057258
1787023799691,0.001382,1621971.0,0.001383,352837.0,0.0013825,7.233273056057258
1787023799732,0.001382,1621971.0,0.001383,328085.0,0.0013825,7.233273056057258
1787023799733,0.001382,2221971.0,0.001383,328085.0,0.0013825,7.233273056057258
1787023799734,0.001382,2221971.0,0.001383,332062.0,0.0013825,7.233273056057258
1787023799898,0.001382,2279461.0,0.001383,332062.0,0.0013825,7.233273056057258
1787023799900,0.001382,1679461.0,0.001383,332062.0,0.0013825,7.233273056057258
1787023799901,0.001382,1679461.0,0.001383,1228227.0,0.0013825,7.233273056057258
1787023799903,0.001382,1679461.0,0.001383,1228227.0,0.0013825,7.233273056057258
1787023800020,0.001382,1679461.0,0.001383,1199698.0,0.0013825,7.233273056057258
1787023800022,0.001382,2279461.0,0.001383,1247572.0,0.0013825,7.233273056057258
1787023800023,0.001382,1667526.0,0.001383,1247572.0,0.0013825,7.233273056057258
1787023800024,0.001382,1679461.0,0.001383,1247572.0,0.0013825,7.233273056057258
1787023800082,0.001382,1531589.0,0.001383,1247572.0,0.0013825,7.233273056057258
1787023800144,0.001382,1498328.0,0.001383,1247572.0,0.0013825,7.233273056057258
1787023800145,0.001382,1483867.0,0.001383,1247572.0,0.0013825,7.233273056057258
1787023800146,0.001382,1374981.0,0.001383,1462364.0,0.0013825,7.233273056057258
1787023800147,0.001382,558185.0,0.001383,1435725.0,0.0013825,7.233273056057258
1787023800148,0.001382,547704.0,0.001383,1435725.0,0.0013825,7.233273056057258
1787023800149,0.001382,460937.0,0.001383,1435725.0,0.0013825,7.233273056057258
1787023800152,0.001382,432015.0,0.001383,1435725.0,0.0013825,7.233273056057258
1787023800153,0.001382,274387.0,0.001383,1435725.0,0.0013825,7.233273056057258
1787023800154,0.001382,259926.0,0.001383,1435725.0,0.0013825,7.233273056057258
1787023800155,0.001382,308403.0,0.001383,1435725.0,0.0013825,7.233273056057258
1787023800156,0.001382,383306.0,0.001383,1435725.0,0.0013825,7.233273056057258
1787023800157,0.001382,571459.0,0.001384,2453860.0,0.0013830000000000001,14.46131597975451
1787023800158,0.001383,384024.0,0.001385,5713254.0,0.0013839999999999998,14.450867052023474
1787023800159,0.001383,622758.0,0.001384,662675.0,0.0013835,7.228044813878806
1787023800160,0.001383,639779.0,0.001384,3907048.0,0.0013835,7.228044813878806
1787023800161,0.001383,592057.0,0.001384,894309.0,0.0013835,7.228044813878806
1787023800162,0.001383,507824.0,0.001384,598654.0,0.0013835,7.228044813878806
1787023800163,0.001383,507824.0,0.001384,656844.0,0.0013835,7.228044813878806
1787023800164,0.001383,507824.0,0.001384,49888.0,0.0013835,7.228044813878806
1787023800165,0.001383,580131.0,0.001384,10351.0,0.0013835,7.228044813878806
1787023800167,0.001384,38126.0,0.001385,2241503.0,0.0013844999999999999,7.222824124231968
1787023800168,0.001384,48964.0,0.001385,1711254.0,0.0013844999999999999,7.222824124231968
1787023800169,0.001384,123244.0,0.001385,1326809.0,0.0013844999999999999,7.222824124231968
1787023800170,0.001384,171721.0,0.001385,1319588.0,0.0013844999999999999,7.222824124231968
1787023800171,0.001384,171721.0,0.001385,1326809.0,0.0013844999999999999,7.222824124231968
1787023800172,0.001384,171721.0,0.001385,1319588.0,0.0013844999999999999,7.222824124231968
1787023800188,0.001384,142799.0,0.001385,1319588.0,0.0013844999999999999,7.222824124231968
1787023800190,0.001384,142799.0,0.001385,2119588.0,0.0013844999999999999,7.222824124231968
1787023800191,0.001384,131961.0,0.001385,2119588.0,0.0013844999999999999,7.222824124231968
1787023800200,0.001384,95808.0,0.001385,2119588.0,0.0013844999999999999,7.222824124231968
1787023800201,0.001384,126209.0,0.001385,2119588.0,0.0013844999999999999,7.222824124231968
1787023800203,0.001384,97287.0,0.001385,2119588.0,0.0013844999999999999,7.222824124231968
1787023800210,0.001384,48810.0,0.001385,2119588.0,0.0013844999999999999,7.222824124231968
1787023800213,0.001384,333.0,0.001385,2119588.0,0.0013844999999999999,7.222824124231968
1787023800217,0.001384,333.0,0.001385,2651245.0,0.0013844999999999999,7.222824124231968
1787023800218,0.001384,333.0,0.001385,2727436.0,0.0013844999999999999,7.222824124231968
1787023800219,0.001383,614212.0,0.001384,490958.0,0.0013835,7.228044813878806
1787023800220,0.001383,599751.0,0.001384,490958.0,0.0013835,7.228044813878806
1787023800221,0.001383,493363.0,0.001384,123698.0,0.0013835,7.228044813878806
1787023800222,0.001383,349787.0,0.001384,923698.0,0.0013835,7.228044813878806
1787023800223,0.001383,349787.0,0.001384,886877.0,0.0013835,7.228044813878806
1787023800227,0.001383,349787.0,0.001384,882101.0,0.0013835,7.228044813878806
1787023800229,0.001383,349787.0,0.001384,874419.0,0.0013835,7.228044813878806
1787023800246,0.001383,349787.0,0.001384,74419.0,0.0013835,7.228044813878806
1787023800248,0.001383,335326.0,0.001384,150485.0,0.0013835,7.228044813878806
1787023800250,0.001383,320865.0,0.001384,150485.0,0.0013835,7.228044813878806
1787023800253,0.001383,234098.0,0.001384,150485.0,0.0013835,7.228044813878806
1787023800255,0.001383,219637.0,0.001384,158167.0,0.0013835,7.228044813878806
1787023800256,0.001383,219637.0,0.001384,232273.0,0.0013835,7.228044813878806
1787023800257,0.001383,205176.0,0.001384,232273.0,0.0013835,7.228044813878806
1787023800258,0.001383,169023.0,0.001384,232273.0,0.0013835,7.228044813878806
1787023800259,0.001383,140101.0,0.001384,832273.0,0.0013835,7.228044813878806
1787023800261,0.001383,140101.0,0.001384,232273.0,0.0013835,7.228044813878806
1787023800262,0.001383,125640.0,0.001384,232273.0,0.0013835,7.228044813878806
1787023800264,0.001383,111179.0,0.001384,832273.0,0.0013835,7.228044813878806
1787023800265,0.001383,159656.0,0.001384,429996.0,0.0013835,7.228044813878806
1787023800266,0.001383,159656.0,0.001384,355890.0,0.0013835,7.228044813878806
1787023800271,0.001383,171583.0,0.001384,367817.0,0.0013835,7.228044813878806
1787023800272,0.001383,357379.0,0.001384,367817.0,0.0013835,7.228044813878806
1787023800282,0.001383,125998.0,0.001384,367817.0,0.0013835,7.228044813878806
1787023800285,0.001383,134938.0,0.001384,1167817.0,0.0013835,7.228044813878806
1787023800286,0.001383,134938.0,0.001384,1278162.0,0.0013835,7.228044813878806
1787023800290,0.001383,134938.0,0.001384,478162.0,0.0013835,7.228044813878806
1787023800291,0.001383,134938.0,0.001384,697341.0,0.0013835,7.228044813878806
1787023800292,0.001383,134938.0,0.001384,745818.0,0.0013835,7.228044813878806
1787023800299,0.001383,259253.0,0.001384,745818.0,0.0013835,7.228044813878806
1787023800305,0.001383,241144.0,0.001384,745818.0,0.0013835,7.228044813878806
1787023800311,0.001383,241144.0,0.001384,1545818.0,0.0013835,7.228044813878806
1787023800322,0.001383,226683.0,0.001384,1545818.0,0.0013835,7.228044813878806
1787023800324,0.001383,226683.0,0.001384,1471385.0,0.0013835,7.228044813878806
1787023800341,0.001383,226683.0,0.001384,1569882.0,0.0013835,7.228044813878806
1787023800348,0.001383,226683.0,0.001384,2401514.0,0.0013835,7.228044813878806
1787023800351,0.001383,212222.0,0.001384,2401514.0,0.0013835,7.228044813878806
1787023800352,0.001383,163745.0,0.001384,2401514.0,0.0013835,7.228044813878806
1787023800354,0.001383,119549.0,0.001384,2401514.0,0.0013835,7.228044813878806
1787023800357,0.001383,119549.0,0.001384,2415965.0,0.0013835,7.228044813878806
1787023800358,0.001383,105088.0,0.001384,2430416.0,0.0013835,7.228044813878806
1787023800359,0.001383,105088.0,0.001384,2444867.0,0.0013835,7.228044813878806
1787023800360,0.001383,105088.0,0.001384,2459318.0,0.0013835,7.228044813878806
1787023800365,0.001383,105088.0,0.001384,2455339.0,0.0013835,7.228044813878806
1787023800368,0.001383,90627.0,0.001384,2455339.0,0.0013835,7.228044813878806
1787023800369,0.001383,94606.0,0.001384,2455339.0,0.0013835,7.228044813878806
1787023800372,0.001383,90627.0,0.001384,2455339.0,0.0013835,7.228044813878806
1787023800375,0.001383,94606.0,0.001384,2455339.0,0.0013835,7.228044813878806
1787023800385,0.001383,143083.0,0.001384,2455339.0,0.0013835,7.228044813878806
1787023800401,0.001383,128622.0,0.001384,2455339.0,0.0013835,7.228044813878806
1787023800402,0.001383,99700.0,0.001384,2506493.0,0.0013835,7.228044813878806
1787023800406,0.001383,1153605.0,0.001384,2506493.0,0.0013835,7.228044813878806
1787023800407,0.001383,1153605.0,0.001384,2458016.0,0.0013835,7.228044813878806
1787023800408,0.001383,1153605.0,0.001384,2450334.0,0.0013835,7.228044813878806
1787023800409,0.001383,1165532.0,0.001384,2462261.0,0.0013835,7.228044813878806
1787023800410,0.001383,1153605.0,0.001384,2462261.0,0.0013835,7.228044813878806
1787023800413,0.001383,1135529.0,0.001384,2462261.0,0.0013835,7.228044813878806
1787023800420,0.001383,279347.0,0.001384,2462261.0,0.0013835,7.228044813878806
1787023800421,0.001383,279347.0,0.001384,2491163.0,0.0013835,7.228044813878806
1787023800422,0.001383,81624.0,0.001384,2548967.0,0.0013835,7.228044813878806
1787023800423,0.001383,81624.0,0.001384,2563418.0,0.0013835,7.228044813878806
1787023800424,0.001383,67163.0,0.001384,2563418.0,0.0013835,7.228044813878806
1787023800455,0.001383,67163.0,0.001384,2577869.0,0.0013835,7.228044813878806
1787023800511,0.001383,79090.0,0.001384,2577869.0,0.0013835,7.228044813878806
1787023800517,0.001383,64629.0,0.001384,2577869.0,0.0013835,7.228044813878806
1787023800519,0.001383,64629.0,0.001384,2758677.0,0.0013835,7.228044813878806
1787023800521,0.001383,50168.0,0.001384,2758677.0,0.0013835,7.228044813878806
1787023800535,0.001383,35707.0,0.001384,2758677.0,0.0013835,7.228044813878806
1787023800537,0.001383,23780.0,0.001384,2758677.0,0.0013835,7.228044813878806
1787023800540,0.001383,23780.0,0.001384,2660180.0,0.0013835,7.228044813878806
1787023800541,0.001383,23780.0,0.001384,2697561.0,0.0013835,7.228044813878806
1787023800583,0.001383,97510.0,0.001384,2697561.0,0.0013835,7.228044813878806
1787023800589,0.001383,97510.0,0.001384,1426879.0,0.0013835,7.228044813878806
1787023800590,0.001383,97510.0,0.001384,1282335.0,0.0013835,7.228044813878806
1787023800591,0.001383,295233.0,0.001384,502521.0,0.0013835,7.228044813878806
1787023800592,0.001383,366154.0,0.001384,502521.0,0.0013835,7.228044813878806
1787023800598,0.001383,366154.0,0.001384,489058.0,0.0013835,7.228044813878806
1787023800600,0.001383,423011.0,0.001384,489058.0,0.0013835,7.228044813878806
1787023800618,0.001383,426988.0,0.001384,489058.0,0.0013835,7.228044813878806
1787023800623,0.001383,421203.0,0.001384,489058.0,0.0013835,7.228044813878806
1787023800631,0.001383,421203.0,0.001384,364816.0,0.0013835,7.228044813878806
1787023800632,0.001383,421203.0,0.001384,372498.0,0.0013835,7.228044813878806
1787023800634,0.001383,421203.0,0.001384,647712.0,0.0013835,7.228044813878806
1787023800635,0.001383,421203.0,0.001384,635785.0,0.0013835,7.228044813878806
1787023800643,0.001383,421203.0,0.001384,534527.0,0.0013835,7.228044813878806
1787023800644,0.001383,421203.0,0.001384,583004.0,0.0013835,7.228044813878806
1787023800677,0.001383,385335.0,0.001384,583004.0,0.0013835,7.228044813878806
1787023800694,0.001383,385335.0,0.001384,586978.0,0.0013835,7.228044813878806
1787023800695,0.001383,397262.0,0.001384,598905.0,0.0013835,7.228044813878806
1787023800696,0.001383,397262.0,0.001384,550428.0,0.0013835,7.228044813878806
1787023800698,0.001383,397262.0,0.001384,598905.0,0.0013835,7.228044813878806
1787023800721,0.001383,397262.0,0.001384,627807.0,0.0013835,7.228044813878806
1787023800729,0.001383,321771.0,0.001384,627807.0,0.0013835,7.228044813878806
1787023800738,0.001383,321771.0,0.001385,264377.0,0.0013839999999999998,14.450867052023474
1787023800739,0.001383,661541.0,0.001385,259049.0,0.0013839999999999998,14.450867052023474
1787023800740,0.001384,723731.0,0.001385,895653.0,0.0013844999999999999,7.222824124231968
1787023800741,0.001384,723731.0,0.001385,720731.0,0.0013844999999999999,7.222824124231968
1787023800742,0.001384,717351.0,0.001385,769208.0,0.0013844999999999999,7.222824124231968
1787023800744,0.001384,717351.0,0.001385,957032.0,0.0013844999999999999,7.222824124231968
1787023800757,0.001384,717351.0,0.001385,885084.0,0.0013844999999999999,7.222824124231968
1787023800783,0.001384,791110.0,0.001385,885084.0,0.0013844999999999999,7.222824124231968
1787023800787,0.001384,791110.0,0.001385,867314.0,0.0013844999999999999,7.222824124231968
1787023800792,0.001384,1550186.0,0.001385,1697166.0,0.0013844999999999999,7.222824124231968
1787023800793,0.001384,791110.0,0.001385,1697166.0,0.0013844999999999999,7.222824124231968
1787023800795,0.001384,791110.0,0.001385,1711606.0,0.0013844999999999999,7.222824124231968
1787023800802,0.001384,847919.0,0.001385,1711606.0,0.0013844999999999999,7.222824124231968
1787023800804,0.001384,847919.0,0.001385,1726052.0,0.0013844999999999999,7.222824124231968
1787023800832,0.001384,847919.0,0.001385,1671822.0,0.0013844999999999999,7.222824124231968
1787023800834,0.001384,847919.0,0.001385,1715142.0,0.0013844999999999999,7.222824124231968
1787023800836,0.001384,847919.0,0.001385,1729582.0,0.0013844999999999999,7.222824124231968
1787023800837,0.001384,847919.0,0.001385,1744022.0,0.0013844999999999999,7.222824124231968
1787023800840,0.001384,847919.0,0.001385,1758462.0,0.0013844999999999999,7.222824124231968
1787023800842,0.001384,847919.0,0.001385,1801782.0,0.0013844999999999999,7.222824124231968
1787023800879,0.001384,921640.0,0.001385,1801782.0,0.0013844999999999999,7.222824124231968
1787023800898,0.001384,921640.0,0.001385,1813700.0,0.0013844999999999999,7.222824124231968
1787023800899,0.001384,933496.0,0.001385,1813700.0,0.0013844999999999999,7.222824124231968
1787023800909,0.001384,919035.0,0.001385,1813700.0,0.0013844999999999999,7.222824124231968
1787023800913,0.001384,616649.0,0.001385,1813700.0,0.0013844999999999999,7.222824124231968
1787023800914,0.001384,332591.0,0.001385,2413700.0,0.0013844999999999999,7.222824124231968
1787023800915,0.001384,284114.0,0.001385,2413700.0,0.0013844999999999999,7.222824124231968
1787023800917,0.001383,912888.0,0.001384,482717.0,0.0013835,7.228044813878806
1787023800918,0.001383,909202.0,0.001384,40207.0,0.0013835,7.228044813878806
1787023800919,0.001383,738751.0,0.001384,206411.0,0.0013835,7.228044813878806
1787023800920,0.001383,512341.0,0.001384,350717.0,0.0013835,7.228044813878806
1787023800921,0.001383,519572.0,0.001384,399194.0,0.0013835,7.228044813878806
1787023800922,0.001383,512341.0,0.001384,399194.0,0.0013835,7.228044813878806
1787023800924,0.001383,406603.0,0.001384,399194.0,0.0013835,7.228044813878806
1787023800927,0.001383,406603.0,0.001384,375323.0,0.0013835,7.228044813878806
1787023800942,0.001383,392142.0,0.001384,375323.0,0.0013835,7.228044813878806
1787023800989,0.001383,208880.0,0.001384,375323.0,0.0013835,7.228044813878806
1787023800991,0.001383,257357.0,0.001384,375323.0,0.0013835,7.228044813878806
1787023800992,0.001383,257357.0,0.001384,482268.0,0.0013835,7.228044813878806
1787023800993,0.001383,257357.0,0.001384,1306223.0,0.0013835,7.228044813878806
1787023800996,0.001383,257357.0,0.001384,1236973.0,0.0013835,7.228044813878806
1787023800998,0.001383,226122.0,0.001384,1236973.0,0.0013835,7.228044813878806
1787023801030,0.001383,226122.0,0.001384,1188496.0,0.0013835,7.228044813878806
1787023801031,0.001383,413946.0,0.001384,1188496.0,0.0013835,7.228044813878806
1787023801032,0.001383,413946.0,0.001384,1463710.0,0.0013835,7.228044813878806
1787023801046,0.001383,1231711.0,0.001384,1463710.0,0.0013835,7.228044813878806
1787023801084,0.001383,413946.0,0.001384,1463710.0,0.0013835,7.228044813878806
1787023801089,0.001383,417923.0,0.001384,1463710.0,0.0013835,7.228044813878806
1787023801090,0.001383,429850.0,0.001384,1475637.0,0.0013835,7.228044813878806
1787023801095,0.001383,429850.0,0.001384,1656445.0,0.0013835,7.228044813878806
1787023801102,0.001383,373082.0,0.001384,1656445.0,0.0013835,7.228044813878806
1787023801106,0.001383,316314.0,0.001384,1656445.0,0.0013835,7.228044813878806
1787023801164,0.001383,316314.0,0.001384,1660419.0,0.0013835,7.228044813878806
1787023801224,0.001383,316314.0,0.001384,1674870.0,0.0013835,7.228044813878806
1787023801242,0.001383,316314.0,0.001384,1810748.0,0.0013835,7.228044813878806
1787023801300,0.001383,316314.0,0.001384,1814595.0,0.0013835,7.228044813878806
1787023801302,0.001383,316314.0,0.001384,2150269.0,0.0013835,7.228044813878806
1787023801340,0.001383,1093547.0,0.001384,2145566.0,0.0013835,7.228044813878806
1787023801341,0.001383,1093547.0,0.001384,2145566.0,0.0013835,7.228044813878806
1787023801350,0.001383,1093547.0,0.001384,2128200.0,0.0013835,7.228044813878806
1787023801381,0.001383,1166774.0,0.001384,2128200.0,0.0013835,7.228044813878806
1787023801396,0.001383,1166774.0,0.001384,1792526.0,0.0013835,7.228044813878806
1787023801427,0.001383,1166774.0,0.001384,1831905.0,0.0013835,7.228044813878806
1787023801433,0.001383,1166774.0,0.001384,1556691.0,0.0013835,7.228044813878806
1787023801449,0.001383,1166774.0,0.001384,1533175.0,0.0013835,7.228044813878806
1787023801461,0.001383,1326842.0,0.001384,1533175.0,0.0013835,7.228044813878806
1787023801482,0.001383,1253615.0,0.001384,1533175.0,0.0013835,7.228044813878806
1787023801495,0.001383,513705.0,0.001384,1533175.0,0.0013835,7.228044813878806
1787023801496,0.001383,171995.0,0.001384,1747967.0,0.0013835,7.228044813878806
1787023801497,0.001383,160068.0,0.001384,1736040.0,0.0013835,7.228044813878806
1787023801498,0.001383,160068.0,0.001384,1521248.0,0.0013835,7.228044813878806
1787023801499,0.001383,208545.0,0.001384,1521248.0,0.0013835,7.228044813878806
1787023801541,0.001383,208545.0,0.001384,1385370.0,0.0013835,7.228044813878806
1787023801561,0.001383,212522.0,0.001384,1385370.0,0.0013835,7.228044813878806
1787023801568,0.001383,768073.0,0.001384,1385370.0,0.0013835,7.228044813878806
1787023801569,0.001383,780000.0,0.001384,1397297.0,0.0013835,7.228044813878806
1787023801581,0.001383,853306.0,0.001384,1397297.0,0.0013835,7.228044813878806
1787023801662,0.001383,804829.0,0.001384,1397297.0,0.0013835,7.228044813878806
1787023801663,0.001383,542645.0,0.001384,1397297.0,0.0013835,7.228044813878806
1787023801664,0.001382,1902068.0,0.001383,888505.0,0.0013825,7.233273056057258
1787023801665,0.001382,1108116.0,0.001383,570165.0,0.0013825,7.233273056057258
1787023801666,0.001382,1252781.0,0.001383,642497.0,0.0013825,7.233273056057258
1787023801667,0.001382,1252781.0,0.001383,623227.0,0.0013825,7.233273056057258
1787023801698,0.001382,2092499.0,0.001383,1363605.0,0.0013825,7.233273056057258
1787023801700,0.001382,2092499.0,0.001383,1290678.0,0.0013825,7.233273056057258
1787023801736,0.001382,1292499.0,0.001383,1290678.0,0.0013825,7.233273056057258
1787023801740,0.001382,1147728.0,0.001383,1290678.0,0.0013825,7.233273056057258
1787023801741,0.001382,308010.0,0.001383,1290678.0,0.0013825,7.233273056057258
1787023801766,0.001382,308010.0,0.001383,1478502.0,0.0013825,7.233273056057258
1787023801773,0.001382,199432.0,0.001383,1478502.0,0.0013825,7.233273056057258
1787023801778,0.001382,199432.0,0.001383,1659441.0,0.0013825,7.233273056057258
1787023801814,0.001382,192219.0,0.001383,1659441.0,0.0013825,7.233273056057258
1787023801838,0.001382,192219.0,0.001383,1639912.0,0.0013825,7.233273056057258
1787023801840,0.001382,192219.0,0.001383,2174421.0,0.0013825,7.233273056057258
1787023801900,0.001382,192219.0,0.001383,2510095.0,0.0013825,7.233273056057258
1787023801901,0.001382,204154.0,0.001383,2522030.0,0.0013825,7.233273056057258
1787023801905,0.001382,204154.0,0.001383,2511379.0,0.0013825,7.233273056057258
1787023801914,0.001382,204154.0,0.001383,2294459.0,0.0013825,7.233273056057258
1787023801916,0.001382,391978.0,0.001383,2294459.0,0.0013825,7.233273056057258
1787023801917,0.001382,440455.0,0.001383,2294459.0,0.0013825,7.233273056057258
1787023801918,0.001382,428520.0,0.001383,2294459.0,0.0013825,7.233273056057258
1787023801946,0.001382,1300310.0,0.001383,2294459.0,0.0013825,7.233273056057258
1787023802032,0.001382,1304290.0,0.001383,2294459.0,0.0013825,7.233273056057258
1787023802033,0.001382,1316225.0,0.001383,2294459.0,0.0013825,7.233273056057258
1787023802050,0.001382,1316225.0,0.001383,1910212.0,0.0013825,7.233273056057258
1787023802052,0.001382,1316225.0,0.001383,1063057.0,0.0013825,7.233273056057258
1787023802053,0.001382,1316225.0,0.001383,882118.0,0.0013825,7.233273056057258
1787023802096,0.001382,1316225.0,0.001383,546444.0,0.0013825,7.233273056057258
1787023802105,0.001382,1316225.0,0.001383,550421.0,0.0013825,7.233273056057258
1787023802159,0.001382,1316225.0,0.001383,521527.0,0.0013825,7.233273056057258
1787023802242,0.001382,1316225.0,0.001383,558908.0,0.0013825,7.233273056057258
1787023802258,0.001382,1316225.0,0.001383,1307238.0,0.0013825,7.233273056057258
1787023802259,0.001382,1316225.0,0.001383,1295303.0,0.0013825,7.233273056057258
1787023802260,0.001382,1316225.0,0.001383,1307238.0,0.0013825,7.233273056057258
1787023802349,0.001382,1316225.0,0.001383,593341.0,0.0013825,7.233273056057258
1787023802350,0.001382,1316225.0,0.001383,11935.0,0.0013825,7.233273056057258
1787023802351,0.001382,1427505.0,0.001383,11935.0,0.0013825,7.233273056057258
1787023802352,0.001382,1427505.0,0.001383,48477.0,0.0013825,7.233273056057258
1787023802353,0.001382,555715.0,0.001383,48477.0,0.0013825,7.233273056057258
1787023802354,0.001382,543780.0,0.001383,48477.0,0.0013825,7.233273056057258
1787023802357,0.001382,543780.0,0.001383,25496.0,0.0013825,7.233273056057258
1787023802359,0.001382,1343780.0,0.001383,25496.0,0.0013825,7.233273056057258
1787023802389,0.001383,157177.0,0.001384,1526013.0,0.0013835,7.228044813878806
1787023802390,0.001383,428040.0,0.001384,811315.0,0.0013835,7.228044813878806
1787023802391,0.001383,428040.0,0.001384,1344623.0,0.0013835,7.228044813878806
1787023802392,0.001383,428040.0,0.001384,811315.0,0.0013835,7.228044813878806
1787023802393,0.001383,476517.0,0.001384,811315.0,0.0013835,7.228044813878806
1787023802412,0.001383,461558.0,0.001384,811315.0,0.0013835,7.228044813878806
1787023802460,0.001383,359967.0,0.001384,811315.0,0.0013835,7.228044813878806
1787023802503,0.001383,363944.0,0.001384,811315.0,0.0013835,7.228044813878806
1787023802541,0.001383,363944.0,0.001384,592136.0,0.0013835,7.228044813878806
1787023802543,0.001383,551768.0,0.001384,121195.0,0.0013835,7.228044813878806
1787023802544,0.001383,937239.0,0.001384,121195.0,0.0013835,7.228044813878806
1787023802545,0.001383,937239.0,0.001384,48479.0,0.0013835,7.228044813878806
1787023802553,0.001383,937239.0,0.001384,96956.0,0.0013835,7.228044813878806
1787023802554,0.001383,1745206.0,0.001384,96956.0,0.0013835,7.228044813878806
1787023802558,0.001383,1745206.0,0.001384,89893.0,0.0013835,7.228044813878806
1787023802576,0.001383,1745206.0,0.001384,93867.0,0.0013835,7.228044813878806
1787023802581,0.001383,1745206.0,0.001385,1382692.0,0.0013839999999999998,14.450867052023474
1787023802582,0.001383,1959998.0,0.001385,1382692.0,0.0013839999999999998,14.450867052023474
1787023802583,0.001384,692502.0,0.001385,1423396.0,0.0013844999999999999,7.222824124231968
1787023802584,0.001384,692502.0,0.001385,709148.0,0.0013844999999999999,7.222824124231968
1787023802585,0.001384,836958.0,0.001385,399676.0,0.0013844999999999999,7.222824124231968
1787023802586,0.001384,836958.0,0.001385,448153.0,0.0013844999999999999,7.222824124231968
1787023802670,0.001384,764648.0,0.001385,448153.0,0.0013844999999999999,7.222824124231968
1787023802672,0.001384,764648.0,0.001385,1435977.0,0.0013844999999999999,7.222824124231968
1787023802685,0.001384,764648.0,0.001385,1387498.0,0.0013844999999999999,7.222824124231968
1787023802686,0.001384,776566.0,0.001385,1399416.0,0.0013844999999999999,7.222824124231968
1787023802755,0.001384,740607.0,0.001385,1399416.0,0.0013844999999999999,7.222824124231968
1787023802781,0.001384,813807.0,0.001385,1399416.0,0.0013844999999999999,7.222824124231968
1787023802787,0.001384,1629416.0,0.001385,2172486.0,0.0013844999999999999,7.222824124231968
1787023802788,0.001384,813807.0,0.001385,2172486.0,0.0013844999999999999,7.222824124231968
1787023802800,0.001384,870495.0,0.001385,2179708.0,0.0013844999999999999,7.222824124231968
1787023802808,0.001384,870495.0,0.001385,1379708.0,0.0013844999999999999,7.222824124231968
1787023802809,0.001384,870495.0,0.001385,1367790.0,0.0013844999999999999,7.222824124231968
1787023802834,0.001384,317522.0,0.001385,1367790.0,0.0013844999999999999,7.222824124231968
1787023802835,0.001384,286262.0,0.001385,1367790.0,0.0013844999999999999,7.222824124231968
1787023802836,0.001384,334739.0,0.001385,1367790.0,0.0013844999999999999,7.222824124231968
1787023802866,0.001384,334739.0,0.001385,868935.0,0.0013844999999999999,7.222824124231968
1787023802868,0.001384,571040.0,0.001385,868935.0,0.0013844999999999999,7.222824124231968
1787023802869,0.001384,559122.0,0.001385,95865.0,0.0013844999999999999,7.222824124231968
1787023802870,0.001384,559122.0,0.001385,144342.0,0.0013844999999999999,7.222824124231968
1787023802871,0.001384,559122.0,0.001385,192819.0,0.0013844999999999999,7.222824124231968
1787023802887,0.001384,559122.0,0.001385,170696.0,0.0013844999999999999,7.222824124231968
1787023802899,0.001384,615856.0,0.001385,170696.0,0.0013844999999999999,7.222824124231968
1787023802936,0.001384,615856.0,0.001385,284853.0,0.0013844999999999999,7.222824124231968
1787023802938,0.001384,615856.0,0.001385,104176.0,0.0013844999999999999,7.222824124231968
1787023802939,0.001384,835035.0,0.001385,55699.0,0.0013844999999999999,7.222824124231968
1787023802940,0.001384,835035.0,0.001385,7222.0,0.0013844999999999999,7.222824124231968
1787023802941,0.001385,303001.0,0.001386,1910171.0,0.0013855,7.217610970769633
1787023802942,0.001385,29882.0,0.001386,1579437.0,0.0013855,7.217610970769633
1787023802943,0.001385,126836.0,0.001386,1132889.0,0.0013855,7.217610970769633
1787023802944,0.001385,111895.0,0.001386,1132889.0,0.0013855,7.217610970769633
1787023802949,0.001385,111895.0,0.001386,845842.0,0.0013855,7.217610970769633
1787023802962,0.001385,111895.0,0.001386,961282.0,0.0013855,7.217610970769633
1787023802963,0.001385,183676.0,0.001386,1004572.0,0.0013855,7.217610970769633
1787023802964,0.001385,183676.0,0.001386,1047862.0,0.0013855,7.217610970769633
1787023802965,0.001385,362034.0,0.001386,546531.0,0.0013855,7.217610970769633
1787023802966,0.001385,588916.0,0.001387,1503210.0,0.001386,14.43001443001478
1787023802967,0.001386,183922.0,0.001387,1495732.0,0.0013865000000000001,7.212405337179342
1787023802968,0.001386,310747.0,0.001387,559779.0,0.0013865000000000001,7.212405337179342
1787023802969,0.001387,624228.0,0.001388,1982436.0,0.0013874999999999998,7.2072072072066025
1787023802970,0.001386,462790.0,0.001387,6632.0,0.0013865000000000001,7.212405337179342
1787023802971,0.001386,514945.0,0.001387,237650.0,0.0013865000000000001,7.212405337179342
1787023802972,0.001386,559744.0,0.001387,237650.0,0.0013865000000000001,7.212405337179342
1787023802973,0.001386,563713.0,0.001387,469630.0,0.0013865000000000001,7.212405337179342
1787023802974,0.001386,563713.0,0.001388,1913360.0,0.001387,14.419610670510684
1787023802975,0.001387,25372.0,0.001388,1985406.0,0.0013874999999999998,7.2072072072066025
1787023802976,0.001387,134139.0,0.001388,810374.0,0.0013874999999999998,7.2072072072066025
1787023802977,0.001387,134139.0,0.001388,595582.0,0.0013874999999999998,7.2072072072066025
1787023802978,0.001387,134139.0,0.001389,3096289.0,0.001388,14.409221902017642
1787023802979,0.001387,360988.0,0.001388,48477.0,0.0013874999999999998,7.2072072072066025
1787023802980,0.001387,409465.0,0.001388,96954.0,0.0013874999999999998,7.2072072072066025
1787023802981,0.001388,14689.0,0.001389,713534.0,0.0013885,7.202016564639054
1787023802982,0.001388,40880.0,0.001389,962641.0,0.0013885,7.202016564639054
1787023802983,0.001388,26191.0,0.001389,1011697.0,0.0013885,7.202016564639054
1787023802984,0.001387,368379.0,0.001388,420829.0,0.0013874999999999998,7.2072072072066025
1787023802985,0.001387,352516.0,0.001389,989573.0,0.001388,14.409221902017642
1787023802986,0.001388,219605.0,0.001389,1066251.0,0.0013885,7.202016564639054
1787023802987,0.001388,219605.0,0.001389,925663.0,0.0013885,7.202016564639054
1787023802988,0.001388,219605.0,0.00139,2493809.0,0.001389,14.398848092152976
1787023802989,0.001388,487261.0,0.001389,340678.0,0.0013885,7.202016564639054
1787023802990,0.001388,385444.0,0.001389,93483.0,0.0013885,7.202016564639054
1787023802991,0.001388,336967.0,0.001389,635574.0,0.0013885,7.202016564639054
1787023803007,0.001388,385444.0,0.001389,635574.0,0.0013885,7.202016564639054
1787023803012,0.001388,303684.0,0.001389,635574.0,0.0013885,7.202016564639054
1787023803013,0.001388,377803.0,0.001389,835574.0,0.0013885,7.202016564639054
1787023803015,0.001387,1183115.0,0.001389,835574.0,0.001388,14.409221902017642
1787023803016,0.001387,1183114.0,0.001388,21614.0,0.0013874999999999998,7.2072072072066025
1787023803017,0.001387,374359.0,0.001388,10807.0,0.0013874999999999998,7.2072072072066025
1787023803018,0.001387,374359.0,0.001388,826863.0,0.0013874999999999998,7.2072072072066025
1787023803019,0.001387,446457.0,0.001388,816056.0,0.0013874999999999998,7.2072072072066025
1787023803020,0.001387,374359.0,0.001388,534843.0,0.0013874999999999998,7.2072072072066025
1787023803022,0.001387,374359.0,0.001388,583320.0,0.0013874999999999998,7.2072072072066025
1787023803028,0.001387,374359.0,0.001388,631797.0,0.0013874999999999998,7.2072072072066025
1787023803046,0.001387,374359.0,0.001388,635760.0,0.0013874999999999998,7.2072072072066025
1787023803047,0.001387,374359.0,0.001389,1679750.0,0.001388,14.409221902017642
1787023803049,0.001388,119355.0,0.001389,1463533.0,0.0013885,7.202016564639054
1787023803056,0.001388,119355.0,0.001389,862958.0,0.0013885,7.202016564639054
1787023803057,0.001388,338534.0,0.001389,862958.0,0.0013885,7.202016564639054
1787023803059,0.001388,387011.0,0.001389,862958.0,0.0013885,7.202016564639054
1787023803061,0.001388,3783.0,0.001389,70315.0,0.0013885,7.202016564639054
1787023803062,0.001388,273170.0,0.001389,70315.0,0.0013885,7.202016564639054
1787023803063,0.001388,342969.0,0.001389,167269.0,0.0013885,7.202016564639054
1787023803064,0.001388,391446.0,0.001389,167269.0,0.0013885,7.202016564639054
1787023803065,0.001388,463492.0,0.001389,167269.0,0.0013885,7.202016564639054
1787023803068,0.001388,391446.0,0.001389,167269.0,0.0013885,7.202016564639054
1787023803069,0.001388,391446.0,0.001389,1075897.0,0.0013885,7.202016564639054
1787023803084,0.001388,342969.0,0.001389,1075897.0,0.0013885,7.202016564639054
1787023803096,0.001388,342969.0,0.001389,1090304.0,0.0013885,7.202016564639054
1787023803119,0.001388,415015.0,0.001389,1090304.0,0.0013885,7.202016564639054
1787023803129,0.001388,463492.0,0.001389,1090304.0,0.0013885,7.202016564639054
1787023803141,0.001388,1368358.0,0.001389,1090304.0,0.0013885,7.202016564639054
1787023803142,0.001388,1296312.0,0.001389,1090304.0,0.0013885,7.202016564639054
1787023803149,0.001388,391446.0,0.001389,1090304.0,0.0013885,7.202016564639054
1787023803151,0.001388,44945.0,0.001389,1090304.0,0.0013885,7.202016564639054
1787023803152,0.001387,736882.0,0.001388,899369.0,0.0013874999999999998,7.2072072072066025
1787023803153,0.001387,362475.0,0.001388,700827.0,0.0013874999999999998,7.2072072072066025
1787023803155,0.001387,313998.0,0.001388,617536.0,0.0013874999999999998,7.2072072072066025
1787023803156,0.001387,313998.0,0.001388,520842.0,0.0013874999999999998,7.2072072072066025
1787023803157,0.001387,474919.0,0.001388,520842.0,0.0013874999999999998,7.2072072072066025
1787023803173,0.001387,523396.0,0.001388,520842.0,0.0013874999999999998,7.2072072072066025
1787023803177,0.001387,450420.0,0.001388,520842.0,0.0013874999999999998,7.2072072072066025
1787023803178,0.001387,401943.0,0.001388,520842.0,0.0013874999999999998,7.2072072072066025
1787023803227,0.001387,413835.0,0.001388,532734.0,0.0013874999999999998,7.2072072072066025
1787023803242,0.001387,413835.0,0.001388,431143.0,0.0013874999999999998,7.2072072072066025
1787023803243,0.001387,401943.0,0.001388,431143.0,0.0013874999999999998,7.2072072072066025
1787023803334,0.001387,413835.0,0.001388,431143.0,0.0013874999999999998,7.2072072072066025
1787023803350,0.001387,409856.0,0.001388,431143.0,0.0013874999999999998,7.2072072072066025
1787023803352,0.001386,1131876.0,0.001388,649451.0,0.001387,14.419610670510684
1787023803353,0.001387,90784.0,0.001388,1812890.0,0.0013874999999999998,7.2072072072066025
1787023803354,0.001387,90784.0,0.001388,1594582.0,0.0013874999999999998,7.2072072072066025
1787023803355,0.001387,90784.0,0.001388,1367898.0,0.0013874999999999998,7.2072072072066025
1787023803360,0.001387,94746.0,0.001388,1367898.0,0.0013874999999999998,7.2072072072066025
1787023803361,0.001387,778391.0,0.001388,1367898.0,0.0013874999999999998,7.2072072072066025
1787023803362,0.001387,778391.0,0.001388,1379790.0,0.0013874999999999998,7.2072072072066025
1787023803363,0.001387,826868.0,0.001388,1379790.0,0.0013874999999999998,7.2072072072066025
1787023803369,0.001387,822906.0,0.001388,1379790.0,0.0013874999999999998,7.2072072072066025
1787023803383,0.001387,896367.0,0.001388,1379790.0,0.0013874999999999998,7.2072072072066025
1787023803404,0.001387,892031.0,0.001388,1379790.0,0.0013874999999999998,7.2072072072066025
1787023803406,0.001386,1581394.0,0.001387,10815.0,0.0013865000000000001,7.212405337179342
1787023803407,0.001386,1363471.0,0.001387,10815.0,0.0013865000000000001,7.212405337179342
1787023803408,0.001386,1363470.0,0.001387,893758.0,0.0013865000000000001,7.212405337179342
1787023803409,0.001386,1466839.0,0.001387,893758.0,0.0013865000000000001,7.212405337179342
1787023803420,0.001386,682801.0,0.001387,893758.0,0.0013865000000000001,7.212405337179342
1787023803465,0.001386,545813.0,0.001387,893758.0,0.0013865000000000001,7.212405337179342
1787023803475,0.001386,442444.0,0.001387,893758.0,0.0013865000000000001,7.212405337179342
1787023803478,0.001386,454345.0,0.001387,905659.0,0.0013865000000000001,7.212405337179342
1787023803482,0.001386,527952.0,0.001387,905659.0,0.0013865000000000001,7.212405337179342
1787023803517,0.001386,527952.0,0.001387,909625.0,0.0013865000000000001,7.212405337179342
1787023803582,0.001386,601557.0,0.001387,909625.0,0.0013865000000000001,7.212405337179342
1787023803660,0.001386,704926.0,0.001387,909625.0,0.0013865000000000001,7.212405337179342
1787023803662,0.001386,1587586.0,0.001387,909625.0,0.0013865000000000001,7.212405337179342
1787023803663,0.001386,1587586.0,0.001387,909625.0,0.0013865000000000001,7.212405337179342
1787023803832,0.001386,1971885.0,0.001387,909625.0,0.0013865000000000001,7.212405337179342
1787023803833,0.001386,2044855.0,0.001387,909625.0,0.0013865000000000001,7.212405337179342
1787023803835,0.001386,2044855.0,0.001387,75159.0,0.0013865000000000001,7.212405337179342
1787023803837,0.001386,2044855.0,0.001387,64344.0,0.0013865000000000001,7.212405337179342
1787023803838,0.001387,335183.0,0.001388,1498064.0,0.0013874999999999998,7.2072072072066025
1787023803839,0.001387,881008.0,0.001388,914085.0,0.0013874999999999998,7.2072072072066025
1787023803840,0.001387,375173.0,0.001388,1193653.0,0.0013874999999999998,7.2072072072066025
1787023803841,0.001387,336598.0,0.001388,1097460.0,0.0013874999999999998,7.2072072072066025
1787023803842,0.001387,308755.0,0.001388,1309755.0,0.0013874999999999998,7.2072072072066025
1787023803844,0.001387,236657.0,0.001388,1297863.0,0.0013874999999999998,7.2072072072066025
1787023803863,0.001387,200636.0,0.001388,1297863.0,0.0013874999999999998,7.2072072072066025
1787023803865,0.001387,200636.0,0.001388,1897863.0,0.0013874999999999998,7.2072072072066025
1787023803866,0.001387,124900.0,0.001388,1897863.0,0.0013874999999999998,7.2072072072066025
1787023803867,0.001386,2267278.0,0.001387,423896.0,0.0013865000000000001,7.212405337179342
1787023803868,0.001386,2263600.0,0.001387,423896.0,0.0013865000000000001,7.212405337179342
1787023803869,0.001386,1150294.0,0.001387,423896.0,0.0013865000000000001,7.212405337179342
1787023803870,0.001386,1150294.0,0.001388,1936307.0,0.001387,14.419610670510684
1787023803871,0.001387,439764.0,0.001388,1936307.0,0.0013874999999999998,7.2072072072066025
1787023803872,0.001387,600685.0,0.001388,1932345.0,0.0013874999999999998,7.2072072072066025
1787023803873,0.001387,649162.0,0.001388,1093751.0,0.0013874999999999998,7.2072072072066025
1787023803881,0.001387,649162.0,0.001388,1088042.0,0.0013874999999999998,7.2072072072066025
1787023803894,0.001387,622479.0,0.001388,1088042.0,0.0013874999999999998,7.2072072072066025
1787023803900,0.001387,678979.0,0.001388,1088042.0,0.0013874999999999998,7.2072072072066025
1787023803901,0.001387,735479.0,0.001388,1088042.0,0.0013874999999999998,7.2072072072066025
1787023803911,0.001387,898685.0,0.001388,1088042.0,0.0013874999999999998,7.2072072072066025
1787023803914,0.001387,902651.0,0.001388,1088042.0,0.0013874999999999998,7.2072072072066025
1787023803936,0.001387,902651.0,0.001388,1070287.0,0.0013874999999999998,7.2072072072066025
1787023803987,0.001387,902651.0,0.001388,1074250.0,0.0013874999999999998,7.2072072072066025
1787023803999,0.001387,789651.0,0.001388,1074250.0,0.0013874999999999998,7.2072072072066025
1787023804071,0.001387,1527211.0,0.001388,1965043.0,0.0013874999999999998,7.2072072072066025
1787023804099,0.001387,1630522.0,0.001388,1965043.0,0.0013874999999999998,7.2072072072066025
1787023804104,0.001387,1527211.0,0.001388,1965043.0,0.0013874999999999998,7.2072072072066025
1787023804127,0.001387,1517686.0,0.001388,1965043.0,0.0013874999999999998,7.2072072072066025
1787023804160,0.001387,1529578.0,0.001388,1965043.0,0.0013874999999999998,7.2072072072066025
1787023804161,0.001387,1529578.0,0.001388,1976935.0,0.0013874999999999998,7.2072072072066025
1787023804275,0.001387,10610.0,0.001388,1976935.0,0.0013874999999999998,7.2072072072066025
1787023804276,0.001386,1061068.0,0.001388,2690907.0,0.001387,14.419610670510684
1787023804277,0.001386,1160667.0,0.001387,1091461.0,0.0013865000000000001,7.212405337179342
1787023804278,0.001386,933982.0,0.001387,675284.0,0.0013865000000000001,7.212405337179342
1787023804279,0.001386,885505.0,0.001387,723761.0,0.0013865000000000001,7.212405337179342
1787023804280,0.001386,885505.0,0.001387,712946.0,0.0013865000000000001,7.212405337179342
1787023804281,0.001386,782228.0,0.001387,712946.0,0.0013865000000000001,7.212405337179342
1787023804346,0.001386,794129.0,0.001387,724847.0,0.0013865000000000001,7.212405337179342
1787023804359,0.001386,817247.0,0.001387,724847.0,0.0013865000000000001,7.212405337179342
1787023804373,0.001386,813285.0,0.001387,724847.0,0.0013865000000000001,7.212405337179342
1787023804380,0.001386,813285.0,0.001387,702051.0,0.0013865000000000001,7.212405337179342
1787023804415,0.001386,935278.0,0.001387,702051.0,0.0013865000000000001,7.212405337179342
1787023804445,0.001386,1039832.0,0.001387,702051.0,0.0013865000000000001,7.212405337179342
1787023804446,0.001386,935278.0,0.001387,702051.0,0.0013865000000000001,7.212405337179342
1787023804458,0.001386,935278.0,0.001387,706017.0,0.0013865000000000001,7.212405337179342
1787023804467,0.001386,935278.0,0.001388,2613101.0,0.001387,14.419610670510684
1787023804468,0.001387,413081.0,0.001388,2664586.0,0.0013874999999999998,7.2072072072066025
1787023804469,0.001387,574002.0,0.001388,1059821.0,0.0013874999999999998,7.2072072072066025
1787023804470,0.001387,622479.0,0.001388,1183275.0,0.0013874999999999998,7.2072072072066025
1787023804482,0.001387,696094.0,0.001388,1183275.0,0.0013874999999999998,7.2072072072066025
1787023804530,0.001387,534868.0,0.001388,1183275.0,0.0013874999999999998,7.2072072072066025
1787023804537,0.001387,546760.0,0.001388,1195167.0,0.0013874999999999998,7.2072072072066025
1787023804600,0.001387,570328.0,0.001388,1195167.0,0.0013874999999999998,7.2072072072066025
1787023804609,0.001387,591533.0,0.001388,1195167.0,0.0013874999999999998,7.2072072072066025
1787023804624,0.001387,611671.0,0.001388,1195167.0,0.0013874999999999998,7.2072072072066025
1787023804692,0.001387,1373882.0,0.001388,1195167.0,0.0013874999999999998,7.2072072072066025
1787023804693,0.001387,1373882.0,0.001388,2079997.0,0.0013874999999999998,7.2072072072066025
1787023804752,0.001387,1373882.0,0.001388,2072767.0,0.0013874999999999998,7.2072072072066025
1787023804772,0.001387,1380325.0,0.001388,2072767.0,0.0013874999999999998,7.2072072072066025
1787023804844,0.001387,1378779.0,0.001388,2072767.0,0.0013874999999999998,7.2072072072066025
1787023804855,0.001387,1382745.0,0.001388,2072767.0,0.0013874999999999998,7.2072072072066025
1787023804858,0.001387,1382745.0,0.001388,2112146.0,0.0013874999999999998,7.2072072072066025
1787023804877,0.001387,1382745.0,0.001388,1725871.0,0.0013874999999999998,7.2072072072066025
1787023804878,0.001387,1382745.0,0.001388,1713979.0,0.0013874999999999998,7.2072072072066025
1787023804879,0.001387,1382745.0,0.001388,1725871.0,0.0013874999999999998,7.2072072072066025
1787023804895,0.001387,1382745.0,0.001388,1740286.0,0.0013874999999999998,7.2072072072066025
1787023804900,0.001387,816569.0,0.001388,1740286.0,0.0013874999999999998,7.2072072072066025
1787023804901,0.001387,54358.0,0.001388,1740286.0,0.0013874999999999998,7.2072072072066025
1787023804902,0.001387,54358.0,0.001388,1901207.0,0.0013874999999999998,7.2072072072066025
1787023804905,0.001387,40106.0,0.001388,1901207.0,0.0013874999999999998,7.2072072072066025
1787023804947,0.001387,203294.0,0.001388,1901207.0,0.0013874999999999998,7.2072072072066025
1787023804948,0.001387,191402.0,0.001388,1901207.0,0.0013874999999999998,7.2072072072066025
1787023804950,0.001387,239879.0,0.001388,1901207.0,0.0013874999999999998,7.2072072072066025
1787023804955,0.001387,203799.0,0.001388,1901207.0,0.0013874999999999998,7.2072072072066025
1787023804969,0.001387,155322.0,0.001388,1901207.0,0.0013874999999999998,7.2072072072066025
1787023804982,0.001386,1140674.0,0.001387,32897.0,0.0013865000000000001,7.212405337179342
1787023804983,0.001386,1140674.0,0.001387,43712.0,0.0013865000000000001,7.212405337179342
1787023804984,0.001386,906347.0,0.001387,152567.0,0.0013865000000000001,7.212405337179342
1787023804985,0.001386,906347.0,0.001387,719287.0,0.0013865000000000001,7.212405337179342
1787023804986,0.001386,906347.0,0.001387,699765.0,0.0013865000000000001,7.212405337179342
1787023805014,0.001386,906347.0,0.001387,511546.0,0.0013865000000000001,7.212405337179342
1787023805045,0.001386,902008.0,0.001387,511546.0,0.0013865000000000001,7.212405337179342
1787023805046,0.001386,797045.0,0.001387,511546.0,0.0013865000000000001,7.212405337179342
1787023805048,0.001386,845522.0,0.001387,511546.0,0.0013865000000000001,7.212405337179342
1787023805090,0.001386,857423.0,0.001387,523447.0,0.0013865000000000001,7.212405337179342
1787023805112,0.001386,857423.0,0.001387,523447.0,0.0013865000000000001,7.212405337179342
1787023805113,0.001386,1594851.0,0.001387,511546.0,0.0013865000000000001,7.212405337179342
1787023805133,0.001386,1585189.0,0.001387,511546.0,0.0013865000000000001,7.212405337179342
1787023805191,0.001386,1585189.0,0.001387,523447.0,0.0013865000000000001,7.212405337179342
1787023805239,0.001386,1585189.0,0.001387,497470.0,0.0013865000000000001,7.212405337179342
1787023805355,0.001386,1690142.0,0.001387,497470.0,0.0013865000000000001,7.212405337179342
1787023805362,0.001386,1690142.0,0.001387,1269361.0,0.0013865000000000001,7.212405337179342
1787023805363,0.001386,1690142.0,0.001387,1269361.0,0.0013865000000000001,7.212405337179342
1787023805381,0.001386,1763796.0,0.001387,1269361.0,0.0013865000000000001,7.212405337179342
1787023805382,0.001386,1751895.0,0.001387,1269361.0,0.0013865000000000001,7.212405337179342
1787023805383,0.001386,1763796.0,0.001387,1269361.0,0.0013865000000000001,7.212405337179342
1787023805396,0.001386,1763796.0,0.001387,497470.0,0.0013865000000000001,7.212405337179342
1787023805398,0.001386,1763796.0,0.001387,501436.0,0.0013865000000000001,7.212405337179342
1787023805446,0.001386,2028365.0,0.001387,501436.0,0.0013865000000000001,7.212405337179342
1787023805700,0.001386,2141579.0,0.001387,501436.0,0.0013865000000000001,7.212405337179342
1787023805722,0.001387,762855.0,0.001388,2320624.0,0.0013874999999999998,7.2072072072066025
1787023805723,0.001387,1337945.0,0.001388,2014003.0,0.0013874999999999998,7.2072072072066025
1787023805724,0.001387,1472184.0,0.001388,1635334.0,0.0013874999999999998,7.2072072072066025
1787023805725,0.001387,1443898.0,0.001388,1515426.0,0.0013874999999999998,7.2072072072066025
1787023805730,0.001387,1443898.0,0.001388,1611532.0,0.0013874999999999998,7.2072072072066025
1787023805731,0.001387,674922.0,0.001388,1515426.0,0.0013874999999999998,7.2072072072066025
1787023805796,0.001387,674922.0,0.001388,1529842.0,0.0013874999999999998,7.2072072072066025
1787023805800,0.001386,1704065.0,0.001387,313169.0,0.0013865000000000001,7.212405337179342
1787023805801,0.001386,1480748.0,0.001387,808231.0,0.0013865000000000001,7.212405337179342
1787023805802,0.001386,1205382.0,0.001387,443627.0,0.0013865000000000001,7.212405337179342
1787023805815,0.001386,1205382.0,0.001387,420938.0,0.0013865000000000001,7.212405337179342
1787023805816,0.001386,1205382.0,0.001387,410123.0,0.0013865000000000001,7.212405337179342
1787023805835,0.001386,821083.0,0.001387,410123.0,0.0013865000000000001,7.212405337179342
1787023805860,0.001386,716130.0,0.001387,410123.0,0.0013865000000000001,7.212405337179342
1787023805869,0.001386,716130.0,0.001387,414089.0,0.0013865000000000001,7.212405337179342
1787023805900,0.001386,772523.0,0.001387,414089.0,0.0013865000000000001,7.212405337179342
1787023805901,0.001386,784424.0,0.001387,425990.0,0.0013865000000000001,7.212405337179342
1787023805938,0.001386,1548365.0,0.001387,425990.0,0.0013865000000000001,7.212405337179342
1787023805991,0.001386,1548365.0,0.001387,1260201.0,0.0013865000000000001,7.212405337179342
1787023805992,0.001386,1548365.0,0.001387,1248300.0,0.0013865000000000001,7.212405337179342
1787023806005,0.001386,1548365.0,0.001387,1260201.0,0.0013865000000000001,7.212405337179342
1787023806021,0.001386,1653338.0,0.001387,1260201.0,0.0013865000000000001,7.212405337179342
1787023806022,0.001386,1641437.0,0.001387,1260201.0,0.0013865000000000001,7.212405337179342
1787023806023,0.001386,1653338.0,0.001387,1260201.0,0.0013865000000000001,7.212405337179342
1787023806035,0.001386,1653338.0,0.001387,1239335.0,0.0013865000000000001,7.212405337179342
1787023806089,0.001386,1653338.0,0.001387,405124.0,0.0013865000000000001,7.212405337179342
1787023806099,0.001386,1596945.0,0.001387,405124.0,0.0013865000000000001,7.212405337179342
1787023806127,0.001386,1590044.0,0.001387,405124.0,0.0013865000000000001,7.212405337179342
1787023806219,0.001386,1623733.0,0.001387,405124.0,0.0013865000000000001,7.212405337179342
1787023806220,0.001386,1648464.0,0.001387,405124.0,0.0013865000000000001,7.212405337179342
1787023806282,0.001386,1722213.0,0.001387,405124.0,0.0013865000000000001,7.212405337179342
1787023806302,0.001386,1778596.0,0.001387,405124.0,0.0013865000000000001,7.212405337179342
1787023806384,0.001386,1778596.0,0.001387,444186.0,0.0013865000000000001,7.212405337179342
1787023806400,0.001386,1722213.0,0.001387,444186.0,0.0013865000000000001,7.212405337179342
1787023806482,0.001386,1648464.0,0.001387,444186.0,0.0013865000000000001,7.212405337179342
1787023806494,0.001386,1577813.0,0.001387,444186.0,0.0013865000000000001,7.212405337179342
1787023806496,0.001386,1472840.0,0.001387,1216014.0,0.0013865000000000001,7.212405337179342
1787023806498,0.001386,1472840.0,0.001387,1216014.0,0.0013865000000000001,7.212405337179342
1787023806553,0.001386,1472840.0,0.001387,1038900.0,0.0013865000000000001,7.212405337179342
1787023806555,0.001386,1472840.0,0.001387,267072.0,0.0013865000000000001,7.212405337179342
1787023806563,0.001386,1472840.0,0.001387,218595.0,0.0013865000000000001,7.212405337179342
1787023806700,0.001386,1529308.0,0.001387,218595.0,0.0013865000000000001,7.212405337179342
1787023806781,0.001386,1581414.0,0.001387,218595.0,0.0013865000000000001,7.212405337179342
1787023806783,0.001386,1742335.0,0.001387,218595.0,0.0013865000000000001,7.212405337179342
1787023806900,0.001386,1798776.0,0.001387,218595.0,0.0013865000000000001,7.212405337179342
1787023806942,0.001386,1798776.0,0.001388,2101268.0,0.001387,14.419610670510684
1787023806943,0.001387,164374.0,0.001388,2101268.0,0.0013874999999999998,7.2072072072066025
1787023806944,0.001387,440645.0,0.001388,1886925.0,0.0013874999999999998,7.2072072072066025
1787023806945,0.001387,1392244.0,0.001388,1742833.0,0.0013874999999999998,7.2072072072066025
1787023806946,0.001387,1363678.0,0.001388,1704294.0,0.0013874999999999998,7.2072072072066025
1787023807035,0.001387,1327483.0,0.001388,1704294.0,0.0013874999999999998,7.2072072072066025
1787023807037,0.001387,464912.0,0.001388,1704294.0,0.0013874999999999998,7.2072072072066025
1787023807038,0.001386,1160146.0,0.001387,180115.0,0.0013865000000000001,7.212405337179342
1787023807039,0.001386,1160146.0,0.001387,604011.0,0.0013865000000000001,7.212405337179342
1787023807040,0.001386,762332.0,0.001387,923957.0,0.0013865000000000001,7.212405337179342
1787023807041,0.001386,762332.0,0.001387,1000021.0,0.0013865000000000001,7.212405337179342
1787023807042,0.001386,762332.0,0.001387,989206.0,0.0013865000000000001,7.212405337179342
1787023807048,0.001386,870365.0,0.001387,989206.0,0.0013865000000000001,7.212405337179342
1787023807070,0.001386,870365.0,0.001387,838312.0,0.0013865000000000001,7.212405337179342
1787023807071,0.001386,870365.0,0.001387,766214.0,0.0013865000000000001,7.212405337179342
1787023807084,0.001386,870365.0,0.001387,748110.0,0.0013865000000000001,7.212405337179342
1787023807102,0.001386,882266.0,0.001387,760011.0,0.0013865000000000001,7.212405337179342
1787023807106,0.001386,774233.0,0.001387,760011.0,0.0013865000000000001,7.212405337179342
1787023807157,0.001386,778038.0,0.001387,760011.0,0.0013865000000000001,7.212405337179342
1787023807181,0.001386,704271.0,0.001387,760011.0,0.0013865000000000001,7.212405337179342
1787023807205,0.001386,591362.0,0.001387,760011.0,0.0013865000000000001,7.212405337179342
1787023807206,0.001386,378774.0,0.001387,760011.0,0.0013865000000000001,7.212405337179342
1787023807233,0.001386,369984.0,0.001387,760011.0,0.0013865000000000001,7.212405337179342
1787023807255,0.001386,1139769.0,0.001387,1668564.0,0.0013865000000000001,7.212405337179342
1787023807256,0.001386,781686.0,0.001387,1668564.0,0.0013865000000000001,7.212405337179342
1787023807257,0.001386,11901.0,0.001387,1883356.0,0.0013865000000000001,7.212405337179342
1787023807258,0.001386,48477.0,0.001387,1837585.0,0.0013865000000000001,7.212405337179342
1787023807260,0.001385,2170532.0,0.001386,156106.0,0.0013855,7.217610970769633
1787023807261,0.001385,1773760.0,0.001386,156106.0,0.0013855,7.217610970769633
1787023807262,0.001385,1770080.0,0.001386,253060.0,0.0013855,7.217610970769633
1787023807263,0.001385,1770080.0,0.001386,269155.0,0.0013855,7.217610970769633
1787023807264,0.001385,1770080.0,0.001386,341305.0,0.0013855,7.217610970769633
1787023807267,0.001385,1485484.0,0.001386,341305.0,0.0013855,7.217610970769633
1787023807290,0.001385,1485484.0,0.001386,269155.0,0.0013855,7.217610970769633
1787023807291,0.001385,1485484.0,0.001386,128057.0,0.0013855,7.217610970769633
1787023807315,0.001385,1485484.0,0.001386,200715.0,0.0013855,7.217610970769633
1787023807364,0.001385,1485484.0,0.001386,178053.0,0.0013855,7.217610970769633
1787023807365,0.001385,1497394.0,0.001386,189963.0,0.0013855,7.217610970769633
1787023807366,0.001385,1112550.0,0.001386,189963.0,0.0013855,7.217610970769633
1787023807367,0.001384,2305858.0,0.001385,1497394.0,0.0013844999999999999,7.222824124231968
1787023807368,0.001384,788040.0,0.001385,252092.0,0.0013844999999999999,7.222824124231968
1787023807369,0.001384,137406.0,0.001385,549422.0,0.0013844999999999999,7.222824124231968
1787023807370,0.001384,91768.0,0.001385,718443.0,0.0013844999999999999,7.222824124231968
1787023807371,0.001384,140245.0,0.001385,910738.0,0.0013844999999999999,7.222824124231968
1787023807372,0.001384,309266.0,0.001385,982940.0,0.0013844999999999999,7.222824124231968
1787023807373,0.001384,309266.0,0.001385,1055142.0,0.0013844999999999999,7.222824124231968
1787023807385,0.001384,309266.0,0.001385,886121.0,0.0013844999999999999,7.222824124231968
1787023807388,0.001384,309266.0,0.001385,871864.0,0.0013844999999999999,7.222824124231968
1787023807391,0.001384,305287.0,0.001385,871864.0,0.0013844999999999999,7.222824124231968
1787023807393,0.001384,305287.0,0.001385,929624.0,0.0013844999999999999,7.222824124231968
1787023807433,0.001384,305287.0,0.001385,633281.0,0.0013844999999999999,7.222824124231968
1787023807434,0.001384,305287.0,0.001385,583467.0,0.0013844999999999999,7.222824124231968
1787023807435,0.001384,305287.0,0.001385,511265.0,0.0013844999999999999,7.222824124231968
1787023807452,0.001384,305287.0,0.001385,439063.0,0.0013844999999999999,7.222824124231968
1787023807458,0.001384,1035215.0,0.001385,1251000.0,0.0013844999999999999,7.222824124231968
1787023807459,0.001384,1083692.0,0.001385,1251000.0,0.0013844999999999999,7.222824124231968
1787023807471,0.001384,1095610.0,0.001385,1262918.0,0.0013844999999999999,7.222824124231968
1787023807501,0.001384,1095610.0,0.001385,1810229.0,0.0013844999999999999,7.222824124231968
1787023807503,0.001384,1095610.0,0.001385,1738027.0,0.0013844999999999999,7.222824124231968
1787023807509,0.001384,1285048.0,0.001385,1738027.0,0.0013844999999999999,7.222824124231968
1787023807511,0.001384,1285048.0,0.001385,1741999.0,0.0013844999999999999,7.222824124231968
1787023807519,0.001384,1285048.0,0.001385,1756439.0,0.0013844999999999999,7.222824124231968
1787023807520,0.001384,1285048.0,0.001385,1828639.0,0.0013844999999999999,7.222824124231968
1787023807535,0.001384,1285048.0,0.001385,1843079.0,0.0013844999999999999,7.222824124231968
1787023807674,0.001384,1285048.0,0.001385,1857519.0,0.0013844999999999999,7.222824124231968
1787023807676,0.001384,1277833.0,0.001385,1857519.0,0.0013844999999999999,7.222824124231968
1787023807695,0.001384,1277833.0,0.001385,1929719.0,0.0013844999999999999,7.222824124231968
1787023807697,0.001384,1229356.0,0.001385,1929719.0,0.0013844999999999999,7.222824124231968
1787023807762,0.001384,1177615.0,0.001385,1981460.0,0.0013844999999999999,7.222824124231968
1787023807773,0.001384,1177615.0,0.001385,1940964.0,0.0013844999999999999,7.222824124231968
1787023807818,0.001384,1166440.0,0.001385,1940964.0,0.0013844999999999999,7.222824124231968
1787023807819,0.001384,1165449.0,0.001385,2155756.0,0.0013844999999999999,7.222824124231968
1787023807820,0.001384,1165449.0,0.001385,1940964.0,0.0013844999999999999,7.222824124231968
1787023807821,0.001384,1165449.0,0.001385,1940964.0,0.0013844999999999999,7.222824124231968
1787023808000,0.001384,1165449.0,0.001385,1393653.0,0.0013844999999999999,7.222824124231968
1787023808075,0.001384,1165449.0,0.001385,1408093.0,0.0013844999999999999,7.222824124231968
1787023808113,0.001384,1165449.0,0.001385,1467542.0,0.0013844999999999999,7.222824124231968
1787023808115,0.001383,1501640.0,0.001385,1682334.0,0.0013839999999999998,14.450867052023474
1787023808116,0.001383,1097164.0,0.001384,531031.0,0.0013835,7.228044813878806
1787023808117,0.001382,2368795.0,0.001384,531031.0,0.0013830000000000001,14.46131597975451
1787023808118,0.001383,75234.0,0.001384,1319923.0,0.0013835,7.228044813878806
1787023808119,0.001383,21720.0,0.001384,1115907.0,0.0013835,7.228044813878806
1787023808120,0.001382,1629680.0,0.001383,83556.0,0.0013825,7.233273056057258
1787023808121,0.001382,1098626.0,0.001383,72710.0,0.0013825,7.233273056057258
1787023808122,0.001382,1098626.0,0.001383,37704.0,0.0013825,7.233273056057258
1787023808123,0.001382,1098626.0,0.001383,56860.0,0.0013825,7.233273056057258
1787023808124,0.001382,1098626.0,0.001383,56860.0,0.0013825,7.233273056057258
1787023808125,0.001382,1098626.0,0.001383,129961.0,0.0013825,7.233273056057258
1787023808133,0.001382,1098626.0,0.001383,105564.0,0.0013825,7.233273056057258
1787023808182,0.001382,1105996.0,0.001383,105564.0,0.0013825,7.233273056057258
1787023808189,0.001382,978799.0,0.001383,105564.0,0.0013825,7.233273056057258
1787023808194,0.001382,834028.0,0.001383,105564.0,0.0013825,7.233273056057258
1787023808221,0.001382,834028.0,0.001383,274585.0,0.0013825,7.233273056057258
1787023808222,0.001382,1034028.0,0.001383,346892.0,0.0013825,7.233273056057258
1787023808317,0.001382,1899662.0,0.001383,1156118.0,0.0013825,7.233273056057258
1787023808318,0.001382,1045963.0,0.001383,1168053.0,0.0013825,7.233273056057258
1787023808337,0.001382,1040363.0,0.001383,1168053.0,0.0013825,7.233273056057258
1787023808349,0.001382,1062827.0,0.001383,1168053.0,0.0013825,7.233273056057258
1787023808367,0.001382,1058865.0,0.001383,1168053.0,0.0013825,7.233273056057258
1787023808368,0.001382,1062838.0,0.001383,1168053.0,0.0013825,7.233273056057258
1787023808369,0.001382,1058865.0,0.001383,1168053.0,0.0013825,7.233273056057258
1787023808395,0.001382,1058865.0,0.001383,1179978.0,0.0013825,7.233273056057258
1787023808399,0.001382,1058865.0,0.001383,1174219.0,0.0013825,7.233273056057258
1787023808452,0.001382,1058865.0,0.001383,1178196.0,0.0013825,7.233273056057258
1787023808466,0.001382,1036401.0,0.001383,1178196.0,0.0013825,7.233273056057258
1787023808468,0.001382,1036401.0,0.001383,1192657.0,0.0013825,7.233273056057258
1787023808469,0.001382,836401.0,0.001383,1192657.0,0.0013825,7.233273056057258
1787023808470,0.001381,2387080.0,0.001382,389623.0,0.0013815,7.238508867172754
1787023808471,0.001381,2208222.0,0.001382,59331.0,0.0013815,7.238508867172754
1787023808472,0.001381,1821092.0,0.001382,144814.0,0.0013815,7.238508867172754
1787023808473,0.001381,1606300.0,0.001382,37006.0,0.0013815,7.238508867172754
1787023808474,0.001381,1606300.0,0.001382,38077.0,0.0013815,7.238508867172754
1787023808475,0.001381,1606300.0,0.001382,207098.0,0.0013815,7.238508867172754
1787023808476,0.001381,1606300.0,0.001382,264986.0,0.0013815,7.238508867172754
1787023808477,0.001381,1321704.0,0.001382,255575.0,0.0013815,7.238508867172754
1787023808479,0.001381,1321704.0,0.001382,327934.0,0.0013815,7.238508867172754
1787023808486,0.001381,1321704.0,0.001382,158913.0,0.0013815,7.238508867172754
1787023808488,0.001381,1321704.0,0.001382,86554.0,0.0013815,7.238508867172754
1787023808521,0.001381,2146134.0,0.001382,86554.0,0.0013815,7.238508867172754
1787023808523,0.001381,2344390.0,0.001382,86554.0,0.0013815,7.238508867172754
1787023808537,0.001381,2344390.0,0.001382,887200.0,0.0013815,7.238508867172754
1787023808540,0.001381,2344390.0,0.001382,959559.0,0.0013815,7.238508867172754
1787023808607,0.001381,2344390.0,0.001382,998938.0,0.0013815,7.238508867172754
1787023808663,0.001381,2351637.0,0.001382,998938.0,0.0013815,7.238508867172754
1787023808709,0.001382,410566.0,0.001383,1441961.0,0.0013825,7.233273056057258
1787023808710,0.001382,26776.0,0.001383,770720.0,0.0013825,7.233273056057258
1787023808711,0.001382,75253.0,0.001383,676293.0,0.0013825,7.233273056057258
1787023808712,0.001382,79233.0,0.001383,488296.0,0.0013825,7.233273056057258
1787023808713,0.001382,248254.0,0.001383,415989.0,0.0013825,7.233273056057258
1787023808716,0.001382,248254.0,0.001383,343682.0,0.0013825,7.233273056057258
1787023808723,0.001382,248254.0,0.001383,488296.0,0.0013825,7.233273056057258
1787023808796,0.001382,248254.0,0.001383,495529.0,0.0013825,7.233273056057258
1787023808798,0.001382,248254.0,0.001383,831203.0,0.0013825,7.233273056057258
1787023808800,0.001382,248254.0,0.001383,903510.0,0.0013825,7.233273056057258
1787023808899,0.001382,248254.0,0.001383,1155326.0,0.0013825,7.233273056057258
1787023808937,0.001382,1096921.0,0.001383,1155326.0,0.0013825,7.233273056057258
1787023808938,0.001382,1096921.0,0.001383,1897910.0,0.0013825,7.233273056057258
1787023808939,0.001382,1096921.0,0.001383,1825603.0,0.0013825,7.233273056057258
1787023808940,0.001382,1096921.0,0.001383,1753296.0,0.0013825,7.233273056057258
1787023808968,0.001382,1096921.0,0.001383,678101.0,0.0013825,7.233273056057258
1787023808969,0.001383,26756.0,0.001384,2351176.0,0.0013835,7.228044813878806
1787023808970,0.001383,26756.0,0.001384,1162026.0,0.0013835,7.228044813878806
1787023808971,0.001383,55857.0,0.001384,1270039.0,0.0013835,7.228044813878806
1787023808972,0.001383,200417.0,0.001384,1270039.0,0.0013835,7.228044813878806
1787023808973,0.001383,144560.0,0.001384,1089212.0,0.0013835,7.228044813878806
1787023808974,0.001382,1077806.0,0.001384,1089212.0,0.0013830000000000001,14.46131597975451
1787023808975,0.001382,1292598.0,0.001383,218795.0,0.0013825,7.233273056057258
1787023808976,0.001382,245332.0,0.001383,38160.0,0.0013825,7.233273056057258
1787023808977,0.001382,233405.0,0.001383,283294.0,0.0013825,7.233273056057258
1787023808995,0.001382,233405.0,0.001383,404078.0,0.0013825,7.233273056057258
1787023809012,0.001382,233405.0,0.001383,327965.0,0.0013825,7.233273056057258
1787023809037,0.001382,233405.0,0.001383,158944.0,0.0013825,7.233273056057258
1787023809039,0.001382,233405.0,0.001383,86637.0,0.0013825,7.233273056057258
1787023809040,0.001382,233405.0,0.001383,162704.0,0.0013825,7.233273056057258
1787023809049,0.001382,233405.0,0.001383,331725.0,0.0013825,7.233273056057258
1787023809050,0.001382,233405.0,0.001383,404032.0,0.0013825,7.233273056057258
1787023809095,0.001382,233405.0,0.001384,405399.0,0.0013830000000000001,14.46131597975451
1787023809096,0.001383,101733.0,0.001384,188401.0,0.0013835,7.228044813878806
1787023809097,0.001383,101733.0,0.001384,167261.0,0.0013835,7.228044813878806
1787023809098,0.001383,319231.0,0.001384,434176.0,0.0013835,7.228044813878806
1787023809099,0.001383,319231.0,0.001384,651674.0,0.0013835,7.228044813878806
1787023809113,0.001383,319231.0,0.001384,722989.0,0.0013835,7.228044813878806
1787023809114,0.001383,319231.0,0.001384,795243.0,0.0013835,7.228044813878806
1787023809115,0.001383,319231.0,0.001384,866819.0,0.0013835,7.228044813878806
1787023809116,0.001383,319231.0,0.001384,895721.0,0.0013835,7.228044813878806
1787023809117,0.001383,319231.0,0.001384,1054682.0,0.0013835,7.228044813878806
1787023809134,0.001383,319231.0,0.001384,1329896.0,0.0013835,7.228044813878806
1787023809176,0.001383,1216791.0,0.001384,2137003.0,0.0013835,7.228044813878806
1787023809177,0.001383,789140.0,0.001384,2064749.0,0.0013835,7.228044813878806
1787023809178,0.001382,743137.0,0.001383,430300.0,0.0013825,7.233273056057258
1787023809179,0.001382,506901.0,0.001383,472404.0,0.0013825,7.233273056057258
1787023809180,0.001382,362183.0,0.001383,785299.0,0.0013825,7.233273056057258
1787023809181,0.001382,289824.0,0.001383,785299.0,0.0013825,7.233273056057258
1787023809183,0.001382,289824.0,0.001383,877185.0,0.0013825,7.233273056057258
1787023809185,0.001382,289824.0,0.001383,900940.0,0.0013825,7.233273056057258
1787023809186,0.001382,289824.0,0.001383,880813.0,0.0013825,7.233273056057258
1787023809195,0.001382,289824.0,0.001383,895274.0,0.0013825,7.233273056057258
1787023809198,0.001382,289824.0,0.001383,967581.0,0.0013825,7.233273056057258
1787023809202,0.001382,289824.0,0.001383,943826.0,0.0013825,7.233273056057258
1787023809218,0.001382,301759.0,0.001383,955761.0,0.0013825,7.233273056057258
1787023809283,0.001382,292324.0,0.001383,955761.0,0.0013825,7.233273056057258
1787023809340,0.001382,292324.0,0.001383,970222.0,0.0013825,7.233273056057258
1787023809353,0.001382,296297.0,0.001383,970222.0,0.0013825,7.233273056057258
1787023809366,0.001382,300276.0,0.001383,970222.0,0.0013825,7.233273056057258
1787023809373,0.001382,296297.0,0.001383,970222.0,0.0013825,7.233273056057258
1787023809387,0.001382,1132013.0,0.001383,970222.0,0.0013825,7.233273056057258
1787023809388,0.001382,1132013.0,0.001383,1721052.0,0.0013825,7.233273056057258
1787023809393,0.001382,1132013.0,0.001383,1653462.0,0.0013825,7.233273056057258
1787023809394,0.001382,1132013.0,0.001383,1581155.0,0.0013825,7.233273056057258
1787023809531,0.001382,1369186.0,0.001383,1581155.0,0.0013825,7.233273056057258
1787023809538,0.001382,1369186.0,0.001383,1577155.0,0.0013825,7.233273056057258
1787023809541,0.001382,1369186.0,0.001383,826325.0,0.0013825,7.233273056057258
1787023809542,0.001382,1369186.0,0.001383,814390.0,0.0013825,7.233273056057258
1787023809547,0.001382,1369186.0,0.001383,742083.0,0.0013825,7.233273056057258
1787023809548,0.001382,1369186.0,0.001383,573062.0,0.0013825,7.233273056057258
1787023809557,0.001382,1369186.0,0.001383,584997.0,0.0013825,7.233273056057258
1787023809630,0.001382,1369186.0,0.001383,478650.0,0.0013825,7.233273056057258
1787023809632,0.001382,1369186.0,0.001383,464189.0,0.0013825,7.233273056057258
1787023809716,0.001382,1369186.0,0.001384,1320648.0,0.0013830000000000001,14.46131597975451
1787023809717,0.001383,656844.0,0.001384,1320648.0,0.0013835,7.228044813878806
1787023809718,0.001383,697448.0,0.001384,1307201.0,0.0013835,7.228044813878806
1787023809719,0.001383,701425.0,0.001384,969748.0,0.0013835,7.228044813878806
1787023809720,0.001383,655196.0,0.001384,1111496.0,0.0013835,7.228044813878806
1787023809738,0.001383,655196.0,0.001384,1125947.0,0.0013835,7.228044813878806
1787023809756,0.001383,655196.0,0.001384,1999653.0,0.0013835,7.228044813878806
1787023809757,0.001383,1468967.0,0.001384,1987726.0,0.0013835,7.228044813878806
1787023809759,0.001383,1457040.0,0.001384,1987726.0,0.0013835,7.228044813878806
1787023809835,0.001383,1468967.0,0.001384,1999653.0,0.0013835,7.228044813878806
1787023809836,0.001383,1468967.0,0.001384,1927399.0,0.0013835,7.228044813878806
1787023809864,0.001383,1468967.0,0.001384,1931373.0,0.0013835,7.228044813878806
1787023809895,0.001383,1468967.0,0.001384,1945824.0,0.0013835,7.228044813878806
1787023809991,0.001383,1468967.0,0.001384,1938327.0,0.0013835,7.228044813878806
1787023810060,0.001383,1522543.0,0.001384,1938327.0,0.0013835,7.228044813878806
1787023810141,0.001383,1543869.0,0.001384,1938327.0,0.0013835,7.228044813878806
1787023810158,0.001383,1522543.0,0.001384,1938327.0,0.0013835,7.228044813878806
1787023810234,0.001383,1522543.0,0.001384,1918546.0,0.0013835,7.228044813878806
1787023810260,0.001383,1522543.0,0.001384,1846292.0,0.0013835,7.228044813878806
1787023810326,0.001383,1512812.0,0.001384,1846292.0,0.0013835,7.228044813878806
1787023810353,0.001383,1476406.0,0.001384,1846292.0,0.0013835,7.228044813878806
1787023810423,0.001383,1637234.0,0.001384,1846292.0,0.0013835,7.228044813878806
1787023810551,0.001383,1860602.0,0.001384,1846292.0,0.0013835,7.228044813878806
1787023810575,0.001383,1860602.0,0.001384,1652950.0,0.0013835,7.228044813878806
1787023810576,0.001383,1860602.0,0.001384,779244.0,0.0013835,7.228044813878806
1787023810578,0.001383,1860602.0,0.001384,851498.0,0.0013835,7.228044813878806
1787023810582,0.001383,2026795.0,0.001384,851498.0,0.0013835,7.228044813878806
1787023810790,0.001383,2026795.0,0.001384,1756601.0,0.0013835,7.228044813878806
1787023810791,0.001383,1860602.0,0.001384,1744674.0,0.0013835,7.228044813878806
1787023810793,0.001383,1860602.0,0.001384,1756601.0,0.0013835,7.228044813878806
1787023810896,0.001383,1860602.0,0.001384,1771057.0,0.0013835,7.228044813878806
1787023810998,0.001383,1860602.0,0.001384,1756601.0,0.0013835,7.228044813878806
1787023811008,0.001383,1860602.0,0.001384,1816050.0,0.0013835,7.228044813878806
1787023811009,0.001383,1860602.0,0.001384,1743796.0,0.0013835,7.228044813878806
1787023811140,0.001383,1879945.0,0.001384,1743796.0,0.0013835,7.228044813878806
1787023811145,0.001383,1896919.0,0.001384,1743796.0,0.0013835,7.228044813878806
1787023811172,0.001383,1913180.0,0.001384,1743796.0,0.0013835,7.228044813878806
1787023811286,0.001383,1913180.0,0.001384,1720591.0,0.0013835,7.228044813878806
1787023811340,0.001383,1894348.0,0.001384,1720591.0,0.0013835,7.228044813878806
1787023811355,0.001383,1857880.0,0.001384,1720591.0,0.0013835,7.228044813878806
1787023811358,0.001383,1044109.0,0.001384,1720591.0,0.0013835,7.228044813878806
1787023811359,0.001383,1044109.0,0.001384,1720591.0,0.0013835,7.228044813878806
1787023811361,0.001383,875088.0,0.001384,1720591.0,0.0013835,7.228044813878806
1787023811499,0.001383,866112.0,0.001384,1720591.0,0.0013835,7.228044813878806
1787023811796,0.001383,1647814.0,0.001384,1720591.0,0.0013835,7.228044813878806
1787023811897,0.001383,1647814.0,0.001384,1735047.0,0.0013835,7.228044813878806
1787023811945,0.001383,1640535.0,0.001384,1735047.0,0.0013835,7.228044813878806
1787023811995,0.001383,1640535.0,0.001384,1720591.0,0.0013835,7.228044813878806
1787023812001,0.001383,1640535.0,0.001384,1463558.0,0.0013835,7.228044813878806
1787023812002,0.001383,1640535.0,0.001384,558455.0,0.0013835,7.228044813878806
1787023812003,0.001383,1640535.0,0.001384,606313.0,0.0013835,7.228044813878806
1787023812004,0.001383,1809556.0,0.001384,606313.0,0.0013835,7.228044813878806
1787023812005,0.001383,1797629.0,0.001384,606313.0,0.0013835,7.228044813878806
1787023812007,0.001383,1797629.0,0.001384,678567.0,0.0013835,7.228044813878806
1787023812035,0.001383,1963822.0,0.001384,678567.0,0.0013835,7.228044813878806
1787023812055,0.001383,1975749.0,0.001384,678567.0,0.0013835,7.228044813878806
1787023812070,0.001383,1979546.0,0.001384,678567.0,0.0013835,7.228044813878806
1787023812208,0.001383,1979546.0,0.001384,1494054.0,0.0013835,7.228044813878806
1787023812209,0.001383,1813353.0,0.001384,1537407.0,0.0013835,7.228044813878806
1787023812210,0.001383,1813353.0,0.001384,1551858.0,0.0013835,7.228044813878806
1787023812324,0.001383,1813353.0,0.001384,1555710.0,0.0013835,7.228044813878806
1787023812335,0.001383,1813353.0,0.001384,1533812.0,0.0013835,7.228044813878806
1787023812437,0.001383,1776818.0,0.001384,1533812.0,0.0013835,7.228044813878806
1787023812549,0.001383,1773477.0,0.001384,1533812.0,0.0013835,7.228044813878806
1787023812551,0.001383,1773477.0,0.001384,1548263.0,0.0013835,7.228044813878806
1787023812562,0.001383,1773477.0,0.001384,1552115.0,0.0013835,7.228044813878806
1787023812626,0.001383,1755222.0,0.001384,1552115.0,0.0013835,7.228044813878806
1787023812830,0.001383,1813228.0,0.001384,1552115.0,0.0013835,7.228044813878806
1787023813384,0.001383,1813228.0,0.001384,1528144.0,0.0013835,7.228044813878806
1787023813393,0.001383,1813228.0,0.001384,712657.0,0.0013835,7.228044813878806
1787023813394,0.001383,1979421.0,0.001384,712657.0,0.0013835,7.228044813878806
1787023813497,0.001383,1979421.0,0.001384,893040.0,0.0013835,7.228044813878806
1787023813550,0.001383,1999356.0,0.001384,893040.0,0.0013835,7.228044813878806
1787023813599,0.001383,1999356.0,0.001384,921942.0,0.0013835,7.228044813878806
1787023813603,0.001383,1962749.0,0.001384,921942.0,0.0013835,7.228044813878806
1787023813667,0.001383,1962749.0,0.001384,1799316.0,0.0013835,7.228044813878806
1787023813669,0.001383,1796556.0,0.001384,1715135.0,0.0013835,7.228044813878806
1787023813671,0.001383,1796556.0,0.001384,1727062.0,0.0013835,7.228044813878806
1787023813695,0.001383,1819521.0,0.001384,1727062.0,0.0013835,7.228044813878806
1787023813803,0.001383,1819521.0,0.001384,1741518.0,0.0013835,7.228044813878806
1787023813811,0.001383,1819521.0,0.001384,1715667.0,0.0013835,7.228044813878806
1787023813996,0.001383,1819521.0,0.001384,1701211.0,0.0013835,7.228044813878806
1787023814099,0.001383,1819521.0,0.001384,1730113.0,0.0013835,7.228044813878806
1787023814175,0.001383,1650500.0,0.001384,1730113.0,0.0013835,7.228044813878806
1787023814176,0.001383,868798.0,0.001384,1907638.0,0.0013835,7.228044813878806
1787023814198,0.001383,868798.0,0.001384,1922096.0,0.0013835,7.228044813878806
1787023814243,0.001383,451742.0,0.001384,1922096.0,0.0013835,7.228044813878806
1787023814244,0.001383,439815.0,0.001384,1922096.0,0.0013835,7.228044813878806
1787023814245,0.001382,1630162.0,0.001383,423927.0,0.0013825,7.233273056057258
1787023814246,0.001382,1264337.0,0.001383,648767.0,0.0013825,7.233273056057258
1787023814247,0.001382,1031790.0,0.001383,641898.0,0.0013825,7.233273056057258
1787023814248,0.001382,1031790.0,0.001383,952400.0,0.0013825,7.233273056057258
1787023814249,0.001382,1031790.0,0.001383,987745.0,0.0013825,7.233273056057258
1787023814254,0.001382,1031790.0,0.001383,1165270.0,0.0013825,7.233273056057258
1787023814255,0.001382,1043725.0,0.001383,1177205.0,0.0013825,7.233273056057258
1787023814274,0.001382,1218516.0,0.001383,1177205.0,0.0013825,7.233273056057258
1787023814275,0.001382,1218516.0,0.001383,999680.0,0.0013825,7.233273056057258
1787023814277,0.001382,1218516.0,0.001383,809392.0,0.0013825,7.233273056057258
1787023814378,0.001382,2042940.0,0.001383,809392.0,0.0013825,7.233273056057258
1787023814389,0.001382,2038961.0,0.001383,809392.0,0.0013825,7.233273056057258
1787023814435,0.001382,2038961.0,0.001383,789352.0,0.0013825,7.233273056057258
1787023814438,0.001382,2126017.0,0.001383,789352.0,0.0013825,7.233273056057258
1787023814439,0.001382,2114082.0,0.001383,789352.0,0.0013825,7.233273056057258
1787023814440,0.001382,2126017.0,0.001383,789352.0,0.0013825,7.233273056057258
1787023814442,0.001382,2214305.0,0.001383,789352.0,0.0013825,7.233273056057258
1787023814645,0.001382,2177637.0,0.001383,789352.0,0.0013825,7.233273056057258
1787023814647,0.001382,2177637.0,0.001383,1629923.0,0.0013825,7.233273056057258
1787023814648,0.001382,2177637.0,0.001383,1629923.0,0.0013825,7.233273056057258
1787023814673,0.001382,2170328.0,0.001383,1629923.0,0.0013825,7.233273056057258
1787023814716,0.001382,2174308.0,0.001383,1629923.0,0.0013825,7.233273056057258
1787023814720,0.001382,1349884.0,0.001383,1807448.0,0.0013825,7.233273056057258
1787023814745,0.001382,1349884.0,0.001383,1570083.0,0.0013825,7.233273056057258
1787023814775,0.001382,1410605.0,0.001383,1570083.0,0.0013825,7.233273056057258
1787023814800,0.001382,1410605.0,0.001383,1584550.0,0.0013825,7.233273056057258
1787023814936,0.001382,2310029.0,0.001383,1584550.0,0.0013825,7.233273056057258
1787023814996,0.001382,2310029.0,0.001383,1570083.0,0.0013825,7.233273056057258
1787023815031,0.001382,2310029.0,0.001383,823404.0,0.0013825,7.233273056057258
1787023815075,0.001382,2313828.0,0.001383,823404.0,0.0013825,7.233273056057258
1787023815228,0.001382,2304657.0,0.001383,823404.0,0.0013825,7.233273056057258
1787023815235,0.001382,2304657.0,0.001383,1668588.0,0.0013825,7.233273056057258
1787023815236,0.001382,2304657.0,0.001383,1596281.0,0.0013825,7.233273056057258
1787023815238,0.001382,2304657.0,0.001383,1601198.0,0.0013825,7.233273056057258
1787023815266,0.001382,2304657.0,0.001383,1660647.0,0.0013825,7.233273056057258
1787023815290,0.001382,2414844.0,0.001383,1660647.0,0.0013825,7.233273056057258
1787023815291,0.001382,2433506.0,0.001383,1660647.0,0.0013825,7.233273056057258
1787023815294,0.001382,2452971.0,0.001383,1660647.0,0.0013825,7.233273056057258
1787023815306,0.001382,2462164.0,0.001383,1660647.0,0.0013825,7.233273056057258
1787023815351,0.001382,2457347.0,0.001383,1660647.0,0.0013825,7.233273056057258
1787023815486,0.001382,2457347.0,0.001383,1638389.0,0.0013825,7.233273056057258
1787023815681,0.001382,2457347.0,0.001383,793205.0,0.0013825,7.233273056057258
1787023815689,0.001382,2451179.0,0.001383,793205.0,0.0013825,7.233273056057258
1787023815694,0.001382,2459138.0,0.001383,793205.0,0.0013825,7.233273056057258
1787023815726,0.001382,2459138.0,0.001383,64311.0,0.0013825,7.233273056057258
1787023815728,0.001382,2459138.0,0.001383,68288.0,0.0013825,7.233273056057258
1787023815729,0.001382,2459138.0,0.001383,90098.0,0.0013825,7.233273056057258
1787023815730,0.001382,2459138.0,0.001383,140629.0,0.0013825,7.233273056057258
1787023815740,0.001382,2459138.0,0.001383,48477.0,0.0013825,7.233273056057258
1787023815755,0.001382,2422421.0,0.001383,48477.0,0.0013825,7.233273056057258
1787023815756,0.001382,2410486.0,0.001383,48477.0,0.0013825,7.233273056057258
1787023815958,0.001382,2422421.0,0.001383,60412.0,0.0013825,7.233273056057258
1787023816001,0.001382,2422421.0,0.001383,888736.0,0.0013825,7.233273056057258
1787023816003,0.001382,2422421.0,0.001383,876801.0,0.0013825,7.233273056057258
1787023816063,0.001382,2422421.0,0.001383,48477.0,0.0013825,7.233273056057258
1787023816065,0.001382,2422421.0,0.001383,60412.0,0.0013825,7.233273056057258
1787023816068,0.001382,2422421.0,0.001383,110943.0,0.0013825,7.233273056057258
1787023816090,0.001382,2422421.0,0.001383,152779.0,0.0013825,7.233273056057258
1787023816091,0.001382,2422421.0,0.001383,140844.0,0.0013825,7.233273056057258
1787023816181,0.001382,2422421.0,0.001383,152779.0,0.0013825,7.233273056057258
1787023816198,0.001382,2422421.0,0.001383,156756.0,0.0013825,7.233273056057258
1787023816277,0.001382,2422421.0,0.001383,975595.0,0.0013825,7.233273056057258
1787023816278,0.001382,2422421.0,0.001383,963660.0,0.0013825,7.233273056057258
1787023816442,0.001382,2422421.0,0.001383,1012137.0,0.0013825,7.233273056057258
1787023816443,0.001382,2422421.0,0.001383,1189662.0,0.0013825,7.233273056057258
1787023816535,0.001382,2422421.0,0.001383,1169356.0,0.0013825,7.233273056057258
1787023816753,0.001382,2414831.0,0.001383,1169356.0,0.0013825,7.233273056057258
1787023816755,0.001382,1614831.0,0.001383,1169356.0,0.0013825,7.233273056057258
1787023816820,0.001382,1614831.0,0.001383,172992.0,0.0013825,7.233273056057258
1787023816821,0.001382,1614831.0,0.001383,124515.0,0.0013825,7.233273056057258
1787023816822,0.001382,1614831.0,0.001383,136450.0,0.0013825,7.233273056057258
1787023816845,0.001382,1698647.0,0.001383,136450.0,0.0013825,7.233273056057258
1787023816955,0.001382,1661879.0,0.001383,136450.0,0.0013825,7.233273056057258
1787023816996,0.001383,26265.0,0.001384,219763.0,0.0013835,7.228044813878806
1787023816997,0.001383,439346.0,0.001384,192295.0,0.0013835,7.228044813878806
1787023816998,0.001383,847543.0,0.001384,92481.0,0.0013835,7.228044813878806
1787023816999,0.001383,685228.0,0.001384,270006.0,0.0013835,7.228044813878806
1787023817000,0.001383,721778.0,0.001384,392242.0,0.0013835,7.228044813878806
1787023817001,0.001383,721778.0,0.001384,372015.0,0.0013835,7.228044813878806
1787023817002,0.001383,721778.0,0.001384,323538.0,0.0013835,7.228044813878806
1787023817003,0.001383,721778.0,0.001384,251284.0,0.0013835,7.228044813878806
1787023817004,0.001383,747411.0,0.001384,251284.0,0.0013835,7.228044813878806
1787023817005,0.001383,747411.0,0.001384,275061.0,0.0013835,7.228044813878806
1787023817006,0.001383,1299124.0,0.001384,275061.0,0.0013835,7.228044813878806
1787023817007,0.001383,1299124.0,0.001384,202807.0,0.0013835,7.228044813878806
1787023817008,0.001383,1465416.0,0.001384,25282.0,0.0013835,7.228044813878806
1787023817010,0.001383,1465416.0,0.001384,97961.0,0.0013835,7.228044813878806
1787023817020,0.001383,1465416.0,0.001384,146438.0,0.0013835,7.228044813878806
1787023817021,0.001383,2335669.0,0.001384,194915.0,0.0013835,7.228044813878806
1787023817023,0.001383,2335669.0,0.001384,122236.0,0.0013835,7.228044813878806
1787023817029,0.001383,2262267.0,0.001384,122236.0,0.0013835,7.228044813878806
1787023817030,0.001383,2262267.0,0.001384,192892.0,0.0013835,7.228044813878806
1787023817033,0.001383,2262267.0,0.001384,370417.0,0.0013835,7.228044813878806
1787023817037,0.001383,1710554.0,0.001384,370417.0,0.0013835,7.228044813878806
1787023817078,0.001383,1710554.0,0.001384,1178578.0,0.0013835,7.228044813878806
1787023817085,0.001383,1710554.0,0.001384,1107922.0,0.0013835,7.228044813878806
1787023817112,0.001383,1722481.0,0.001384,1107922.0,0.0013835,7.228044813878806
1787023817113,0.001383,1722481.0,0.001384,1119849.0,0.0013835,7.228044813878806
1787023817262,0.001383,826595.0,0.001384,1119849.0,0.0013835,7.228044813878806
1787023817263,0.001383,660303.0,0.001384,1119849.0,0.0013835,7.228044813878806
1787023817267,0.001383,660303.0,0.001384,1284551.0,0.0013835,7.228044813878806
1787023817268,0.001383,660303.0,0.001384,1371257.0,0.0013835,7.228044813878806
1787023817269,0.001383,660303.0,0.001384,1385708.0,0.0013835,7.228044813878806
1787023817467,0.001383,660303.0,0.001384,1389682.0,0.0013835,7.228044813878806
1787023817514,0.001383,1477273.0,0.001384,1389682.0,0.0013835,7.228044813878806
1787023817515,0.001383,1477273.0,0.001384,1389682.0,0.0013835,7.228044813878806
1787023817586,0.001383,1477273.0,0.001384,1378732.0,0.0013835,7.228044813878806
1787023817775,0.001383,1477273.0,0.001384,1393183.0,0.0013835,7.228044813878806
1787023817776,0.001383,2468696.0,0.001384,1393183.0,0.0013835,7.228044813878806
1787023817801,0.001383,2522854.0,0.001384,1393183.0,0.0013835,7.228044813878806
1787023817869,0.001383,2517679.0,0.001384,1393183.0,0.0013835,7.228044813878806
1787023817875,0.001383,2517679.0,0.001384,1407634.0,0.0013835,7.228044813878806
1787023817900,0.001383,2463521.0,0.001384,1407634.0,0.0013835,7.228044813878806
1787023817986,0.001383,2815225.0,0.001384,1407634.0,0.0013835,7.228044813878806
1787023818081,0.001383,2815225.0,0.001384,599473.0,0.0013835,7.228044813878806
1787023818091,0.001383,2815225.0,0.001384,199442.0,0.0013835,7.228044813878806
1787023818092,0.001383,2815225.0,0.001384,66783.0,0.0013835,7.228044813878806
1787023818093,0.001383,2981517.0,0.001384,230868.0,0.0013835,7.228044813878806
1787023818094,0.001383,2969590.0,0.001384,317574.0,0.0013835,7.228044813878806
1787023818126,0.001383,2988252.0,0.001384,317574.0,0.0013835,7.228044813878806
1787023818137,0.001383,3007717.0,0.001384,317574.0,0.0013835,7.228044813878806
1787023818138,0.001383,3016910.0,0.001384,317574.0,0.0013835,7.228044813878806
1787023818147,0.001383,2980089.0,0.001384,317574.0,0.0013835,7.228044813878806
1787023818178,0.001383,2175046.0,0.001384,329501.0,0.0013835,7.228044813878806
1787023818214,0.001383,2175046.0,0.001384,507026.0,0.0013835,7.228044813878806
1787023818299,0.001383,2229317.0,0.001384,507026.0,0.0013835,7.228044813878806
1787023818383,0.001383,3099440.0,0.001384,1347981.0,0.0013835,7.228044813878806
1787023818384,0.001383,3099440.0,0.001384,1347981.0,0.0013835,7.228044813878806
1787023818500,0.001383,3153753.0,0.001384,1347981.0,0.0013835,7.228044813878806
1787023818621,0.001383,3171830.0,0.001384,1347981.0,0.0013835,7.228044813878806
1787023818669,0.001383,3187990.0,0.001384,1347981.0,0.0013835,7.228044813878806
1787023818722,0.001383,3177145.0,0.001384,1347981.0,0.0013835,7.228044813878806
1787023818723,0.001383,3160985.0,0.001384,1347981.0,0.0013835,7.228044813878806
1787023818846,0.001383,3160985.0,0.001384,1311854.0,0.0013835,7.228044813878806
1787023818853,0.001383,3177145.0,0.001384,1311854.0,0.0013835,7.228044813878806
1787023818910,0.001383,3173105.0,0.001384,1311854.0,0.0013835,7.228044813878806
1787023819035,0.001383,3173105.0,0.001384,1326305.0,0.0013835,7.228044813878806
1787023819042,0.001383,3173105.0,0.001384,1327228.0,0.0013835,7.228044813878806
1787023819053,0.001383,3173105.0,0.001384,486273.0,0.0013835,7.228044813878806
1787023819100,0.001383,3381324.0,0.001384,486273.0,0.0013835,7.228044813878806
1787023819134,0.001383,3381324.0,0.001384,308748.0,0.0013835,7.228044813878806
1787023819263,0.001383,3381324.0,0.001384,1182130.0,0.0013835,7.228044813878806
1787023819264,0.001383,3381324.0,0.001384,1170203.0,0.0013835,7.228044813878806
1787023819265,0.001383,3381324.0,0.001384,1182130.0,0.0013835,7.228044813878806
1787023819291,0.001383,3344453.0,0.001384,1182130.0,0.0013835,7.228044813878806
1787023819292,0.001383,3328293.0,0.001384,1182130.0,0.0013835,7.228044813878806
1787023819398,0.001383,3328293.0,0.001384,999564.0,0.0013835,7.228044813878806
1787023819399,0.001383,3328293.0,0.001384,126182.0,0.0013835,7.228044813878806
1787023819400,0.001383,3328293.0,0.001384,178633.0,0.0013835,7.228044813878806
1787023819401,0.001383,3328293.0,0.001384,227110.0,0.0013835,7.228044813878806
1787023819558,0.001384,1215882.0,0.001385,1672781.0,0.0013844999999999999,7.222824124231968
1787023819559,0.001384,296054.0,0.001385,1018354.0,0.0013844999999999999,7.222824124231968
1787023819560,0.001384,685526.0,0.001385,1135193.0,0.0013844999999999999,7.222824124231968
1787023819561,0.001384,685526.0,0.001385,1843719.0,0.0013844999999999999,7.222824124231968
1787023819562,0.001384,685526.0,0.001385,1125890.0,0.0013844999999999999,7.222824124231968
1787023819563,0.001384,659317.0,0.001385,1125890.0,0.0013844999999999999,7.222824124231968
1787023819569,0.001384,659317.0,0.001385,945124.0,0.0013844999999999999,7.222824124231968
1787023819588,0.001384,659489.0,0.001385,945124.0,0.0013844999999999999,7.222824124231968
1787023819595,0.001384,659489.0,0.001385,988444.0,0.0013844999999999999,7.222824124231968
1787023819596,0.001384,659489.0,0.001385,1002884.0,0.0013844999999999999,7.222824124231968
1787023819597,0.001384,659489.0,0.001385,1031764.0,0.0013844999999999999,7.222824124231968
1787023819607,0.001384,1502678.0,0.001385,1919086.0,0.0013844999999999999,7.222824124231968
1787023819642,0.001384,1514596.0,0.001385,1931004.0,0.0013844999999999999,7.222824124231968
1787023819699,0.001384,1568602.0,0.001385,1931004.0,0.0013844999999999999,7.222824124231968
1787023819835,0.001384,1568602.0,0.001385,2046524.0,0.0013844999999999999,7.222824124231968
1787023819880,0.001384,1520125.0,0.001385,2046524.0,0.0013844999999999999,7.222824124231968
1787023819999,0.001384,1574119.0,0.001385,2046524.0,0.0013844999999999999,7.222824124231968
1787023820034,0.001384,1574119.0,0.001385,2040186.0,0.0013844999999999999,7.222824124231968
1787023820035,0.001384,1574119.0,0.001385,2033028.0,0.0013844999999999999,7.222824124231968
1787023820068,0.001384,730930.0,0.001385,2033028.0,0.0013844999999999999,7.222824124231968
1787023820099,0.001384,938840.0,0.001385,2033028.0,0.0013844999999999999,7.222824124231968
1787023820110,0.001384,938840.0,0.001385,2213705.0,0.0013844999999999999,7.222824124231968
1787023820115,0.001384,938840.0,0.001385,2228145.0,0.0013844999999999999,7.222824124231968
1787023820146,0.001384,934931.0,0.001385,2228145.0,0.0013844999999999999,7.222824124231968
1787023820172,0.001384,973058.0,0.001385,2228145.0,0.0013844999999999999,7.222824124231968
1787023820173,0.001384,982251.0,0.001385,2228145.0,0.0013844999999999999,7.222824124231968
1787023820201,0.001384,928257.0,0.001385,2228145.0,0.0013844999999999999,7.222824124231968
1787023820260,0.001384,928257.0,0.001385,2176404.0,0.0013844999999999999,7.222824124231968
1787023820262,0.001384,928257.0,0.001385,2248606.0,0.0013844999999999999,7.222824124231968
1787023820267,0.001384,923604.0,0.001385,2248606.0,0.0013844999999999999,7.222824124231968
1787023820301,0.001384,869598.0,0.001385,2248606.0,0.0013844999999999999,7.222824124231968
1787023820363,0.001384,832679.0,0.001385,2248606.0,0.0013844999999999999,7.222824124231968
1787023820487,0.001384,814655.0,0.001385,2248606.0,0.0013844999999999999,7.222824124231968
1787023820500,0.001384,814655.0,0.001385,2239922.0,0.0013844999999999999,7.222824124231968
1787023820553,0.001384,1150643.0,0.001385,2239922.0,0.0013844999999999999,7.222824124231968
1787023820554,0.001384,1138725.0,0.001385,2239922.0,0.0013844999999999999,7.222824124231968
1787023820555,0.001384,1187202.0,0.001385,2239922.0,0.0013844999999999999,7.222824124231968
1787023820556,0.001384,1199120.0,0.001385,2239922.0,0.0013844999999999999,7.222824124231968
1787023820664,0.001384,2046038.0,0.001385,2239922.0,0.0013844999999999999,7.222824124231968
1787023821099,0.001384,2099896.0,0.001385,2239922.0,0.0013844999999999999,7.222824124231968
1787023821101,0.001384,2099896.0,0.001385,2321891.0,0.0013844999999999999,7.222824124231968
1787023821149,0.001384,1505114.0,0.001385,2321891.0,0.0013844999999999999,7.222824124231968
1787023821150,0.001384,662170.0,0.001385,2321891.0,0.0013844999999999999,7.222824124231968
1787023821151,0.001384,650252.0,0.001385,2321891.0,0.0013844999999999999,7.222824124231968
1787023821152,0.001384,662170.0,0.001385,2321891.0,0.0013844999999999999,7.222824124231968
1787023821199,0.001384,716028.0,0.001385,2321891.0,0.0013844999999999999,7.222824124231968
1787023821263,0.001384,711266.0,0.001385,2321891.0,0.0013844999999999999,7.222824124231968
1787023821300,0.001384,603550.0,0.001385,2321891.0,0.0013844999999999999,7.222824124231968
1787023821353,0.001384,566587.0,0.001385,2321891.0,0.0013844999999999999,7.222824124231968
1787023821437,0.001384,566587.0,0.001385,2349940.0,0.0013844999999999999,7.222824124231968
1787023821509,0.001384,566587.0,0.001385,2333075.0,0.0013844999999999999,7.222824124231968
1787023821526,0.001384,1452261.0,0.001385,2333075.0,0.0013844999999999999,7.222824124231968
1787023821527,0.001384,1452261.0,0.001385,2333075.0,0.0013844999999999999,7.222824124231968
1787023821698,0.001384,1452261.0,0.001385,2347522.0,0.0013844999999999999,7.222824124231968
1787023821800,0.001384,1452261.0,0.001385,2333075.0,0.0013844999999999999,7.222824124231968
1787023821873,0.001384,1442869.0,0.001385,2333075.0,0.0013844999999999999,7.222824124231968
1787023821898,0.001384,1442869.0,0.001385,2347522.0,0.0013844999999999999,7.222824124231968
1787023821919,0.001384,799558.0,0.001385,2347522.0,0.0013844999999999999,7.222824124231968
1787023821920,0.001384,11918.0,0.001385,2347522.0,0.0013844999999999999,7.222824124231968
1787023821921,0.001384,3974.0,0.001385,2791613.0,0.0013844999999999999,7.222824124231968
1787023821922,0.001383,1932046.0,0.001384,897686.0,0.0013835,7.228044813878806
1787023821923,0.001383,1924384.0,0.001384,1454388.0,0.0013835,7.228044813878806
1787023821924,0.001383,1588242.0,0.001384,587121.0,0.0013835,7.228044813878806
1787023821925,0.001383,1588242.0,0.001384,833027.0,0.0013835,7.228044813878806
1787023821926,0.001383,1588242.0,0.001384,809407.0,0.0013835,7.228044813878806
1787023821927,0.001383,1889519.0,0.001384,809407.0,0.0013835,7.228044813878806
1787023821930,0.001383,1889519.0,0.001384,810330.0,0.0013835,7.228044813878806
1787023821943,0.001383,1889519.0,0.001384,991138.0,0.0013835,7.228044813878806
1787023822007,0.001383,1901446.0,0.001384,1003065.0,0.0013835,7.228044813878806
1787023822122,0.001383,2806464.0,0.001384,1003065.0,0.0013835,7.228044813878806
1787023822123,0.001383,2806464.0,0.001384,1896285.0,0.0013835,7.228044813878806
1787023822169,0.001383,2761344.0,0.001384,1896285.0,0.0013835,7.228044813878806
1787023822170,0.001383,1694517.0,0.001384,1896285.0,0.0013835,7.228044813878806
1787023822171,0.001383,1694517.0,0.001384,2092134.0,0.0013835,7.228044813878806
1787023822172,0.001383,1682590.0,0.001384,2080207.0,0.0013835,7.228044813878806
1787023822263,0.001383,1674460.0,0.001384,2080207.0,0.0013835,7.228044813878806
1787023822287,0.001383,1870309.0,0.001384,2080207.0,0.0013835,7.228044813878806
1787023822288,0.001383,1870309.0,0.001384,1884358.0,0.0013835,7.228044813878806
1787023822289,0.001383,1833307.0,0.001384,1884358.0,0.0013835,7.228044813878806
1787023822367,0.001383,1845234.0,0.001384,1896285.0,0.0013835,7.228044813878806
1787023822385,0.001383,2630761.0,0.001384,1896285.0,0.0013835,7.228044813878806
1787023822386,0.001383,2630761.0,0.001384,1003065.0,0.0013835,7.228044813878806
1787023822387,0.001382,1488682.0,0.001384,1003065.0,0.0013830000000000001,14.46131597975451
1787023822388,0.001382,735453.0,0.001383,537381.0,0.0013825,7.233273056057258
1787023822389,0.001382,350443.0,0.001383,585858.0,0.0013825,7.233273056057258
1787023822390,0.001382,334284.0,0.001383,910028.0,0.0013825,7.233273056057258
1787023822391,0.001382,315926.0,0.001383,910028.0,0.0013825,7.233273056057258
1787023822395,0.001382,315926.0,0.001383,914005.0,0.0013825,7.233273056057258
1787023822396,0.001382,228961.0,0.001383,1255435.0,0.0013825,7.233273056057258
1787023822397,0.001382,228961.0,0.001383,1327742.0,0.0013825,7.233273056057258
1787023822398,0.001382,86557.0,0.001383,1167251.0,0.0013825,7.233273056057258
1787023822399,0.001382,14205.0,0.001383,1167251.0,0.0013825,7.233273056057258
1787023822401,0.001382,18185.0,0.001383,1767251.0,0.0013825,7.233273056057258
1787023822402,0.001382,18185.0,0.001383,1239558.0,0.0013825,7.233273056057258
1787023822403,0.001382,18185.0,0.001383,1167251.0,0.0013825,7.233273056057258
1787023822404,0.001382,18185.0,0.001383,1239558.0,0.0013825,7.233273056057258
1787023822405,0.001382,66662.0,0.001383,1239558.0,0.0013825,7.233273056057258
1787023822417,0.001382,67180.0,0.001383,1239558.0,0.0013825,7.233273056057258
1787023822439,0.001382,488325.0,0.001384,2290435.0,0.0013830000000000001,14.46131597975451
1787023822440,0.001383,140889.0,0.001384,1973168.0,0.0013835,7.228044813878806
1787023822441,0.001383,259535.0,0.001384,413154.0,0.0013835,7.228044813878806
1787023822442,0.001383,1059535.0,0.001384,340900.0,0.0013835,7.228044813878806
1787023822443,0.001383,1059535.0,0.001384,437854.0,0.0013835,7.228044813878806
1787023822444,0.001383,1059535.0,0.001384,358067.0,0.0013835,7.228044813878806
1787023822452,0.001383,259535.0,0.001384,358067.0,0.0013835,7.228044813878806
1787023822460,0.001383,259535.0,0.001384,430321.0,0.0013835,7.228044813878806
1787023822472,0.001383,259535.0,0.001384,418374.0,0.0013835,7.228044813878806
1787023822511,0.001383,259535.0,0.001384,369897.0,0.0013835,7.228044813878806
1787023822519,0.001383,155789.0,0.001384,369897.0,0.0013835,7.228044813878806
1787023822522,0.001383,155789.0,0.001384,418374.0,0.0013835,7.228044813878806
1787023822543,0.001383,351638.0,0.001384,418374.0,0.0013835,7.228044813878806
1787023822573,0.001383,299166.0,0.001384,418374.0,0.0013835,7.228044813878806
1787023822588,0.001383,1114060.0,0.001384,409254.0,0.0013835,7.228044813878806
1787023822589,0.001383,1114060.0,0.001384,940835.0,0.0013835,7.228044813878806
1787023822612,0.001383,1125987.0,0.001384,952762.0,0.0013835,7.228044813878806
1787023822865,0.001383,1125987.0,0.001384,956736.0,0.0013835,7.228044813878806
1787023822872,0.001383,1129964.0,0.001384,956736.0,0.0013835,7.228044813878806
1787023822919,0.001383,1129964.0,0.001384,1108935.0,0.0013835,7.228044813878806
1787023822958,0.001383,1129964.0,0.001384,288924.0,0.0013835,7.228044813878806
1787023822959,0.001383,1129964.0,0.001384,288924.0,0.0013835,7.228044813878806
1787023822960,0.001383,1141353.0,0.001384,288924.0,0.0013835,7.228044813878806
1787023823125,0.001383,1183940.0,0.001384,288924.0,0.0013835,7.228044813878806
1787023823277,0.001383,1172551.0,0.001384,288924.0,0.0013835,7.228044813878806
1787023823278,0.001383,1172551.0,0.001384,252797.0,0.0013835,7.228044813878806
1787023823280,0.001383,1972551.0,0.001384,252797.0,0.0013835,7.228044813878806
1787023823300,0.001383,2027224.0,0.001384,252797.0,0.0013835,7.228044813878806
1787023823336,0.001383,1227224.0,0.001384,252797.0,0.0013835,7.228044813878806
1787023823337,0.001383,1215297.0,0.001384,252797.0,0.0013835,7.228044813878806
1787023823338,0.001383,1227224.0,0.001384,252797.0,0.0013835,7.228044813878806
1787023823385,0.001383,1217781.0,0.001384,252797.0,0.0013835,7.228044813878806
1787023823386,0.001383,1217781.0,0.001384,1039256.0,0.0013835,7.228044813878806
1787023823387,0.001383,1217781.0,0.001384,1039256.0,0.0013835,7.228044813878806
1787023823413,0.001383,1180726.0,0.001384,1039256.0,0.0013835,7.228044813878806
1787023823500,0.001383,1235327.0,0.001384,1039256.0,0.0013835,7.228044813878806
1787023823667,0.001383,1246719.0,0.001384,1039256.0,0.0013835,7.228044813878806
1787023823821,0.001383,1246719.0,0.001384,64378.0,0.0013835,7.228044813878806
1787023823822,0.001383,1246719.0,0.001385,1728417.0,0.0013839999999999998,14.450867052023474
1787023823823,0.001384,423919.0,0.001385,1690716.0,0.0013844999999999999,7.222824124231968
1787023823824,0.001384,427893.0,0.001385,1289966.0,0.0013844999999999999,7.222824124231968
1787023823825,0.001384,484712.0,0.001385,1289966.0,0.0013844999999999999,7.222824124231968
1787023823846,0.001384,473874.0,0.001385,1289966.0,0.0013844999999999999,7.222824124231968
1787023823851,0.001384,473874.0,0.001385,1290889.0,0.0013844999999999999,7.222824124231968
1787023823875,0.001384,483097.0,0.001385,1290889.0,0.0013844999999999999,7.222824124231968
1787023823915,0.001384,495015.0,0.001385,1302807.0,0.0013844999999999999,7.222824124231968
1787023823998,0.001384,604285.0,0.001385,1302807.0,0.0013844999999999999,7.222824124231968
1787023824024,0.001384,1364145.0,0.001385,2124531.0,0.0013844999999999999,7.222824124231968
1787023824026,0.001384,1364145.0,0.001385,2166340.0,0.0013844999999999999,7.222824124231968
1787023824091,0.001384,604285.0,0.001385,2166340.0,0.0013844999999999999,7.222824124231968
1787023824093,0.001384,595943.0,0.001385,2166340.0,0.0013844999999999999,7.222824124231968
1787023824097,0.001384,803666.0,0.001385,2166340.0,0.0013844999999999999,7.222824124231968
1787023824300,0.001384,749031.0,0.001385,2166340.0,0.0013844999999999999,7.222824124231968
1787023824329,0.001384,745453.0,0.001385,2166340.0,0.0013844999999999999,7.222824124231968
1787023824399,0.001384,690818.0,0.001385,2166340.0,0.0013844999999999999,7.222824124231968
1787023824458,0.001384,653715.0,0.001385,2166340.0,0.0013844999999999999,7.222824124231968
1787023824898,0.001384,653715.0,0.001385,2180788.0,0.0013844999999999999,7.222824124231968
1787023825097,0.001384,653715.0,0.001385,2166340.0,0.0013844999999999999,7.222824124231968
1787023825100,0.001384,445992.0,0.001385,2166340.0,0.0013844999999999999,7.222824124231968
1787023825101,0.001384,441518.0,0.001385,2166340.0,0.0013844999999999999,7.222824124231968
1787023825118,0.001384,475414.0,0.001385,2166340.0,0.0013844999999999999,7.222824124231968
1787023825119,0.001384,484105.0,0.001385,2166340.0,0.0013844999999999999,7.222824124231968
1787023825120,0.001384,484105.0,0.001385,2166340.0,0.0013844999999999999,7.222824124231968
1787023825134,0.001384,484105.0,0.001385,650173.0,0.0013844999999999999,7.222824124231968
1787023825135,0.001384,1422243.0,0.001385,654145.0,0.0013844999999999999,7.222824124231968
1787023825136,0.001384,1410325.0,0.001385,283810.0,0.0013844999999999999,7.222824124231968
1787023825137,0.001384,1576420.0,0.001385,332287.0,0.0013844999999999999,7.222824124231968
1787023825140,0.001384,1576420.0,0.001385,545628.0,0.0013844999999999999,7.222824124231968
1787023825142,0.001384,1576420.0,0.001385,594105.0,0.0013844999999999999,7.222824124231968
1787023825161,0.001384,1576420.0,0.001385,595028.0,0.0013844999999999999,7.222824124231968
1787023825197,0.001384,1576420.0,0.001385,609471.0,0.0013844999999999999,7.222824124231968
1787023825211,0.001384,1576420.0,0.001385,805320.0,0.0013844999999999999,7.222824124231968
1787023825219,0.001384,834131.0,0.001385,805320.0,0.0013844999999999999,7.222824124231968
1787023825221,0.001384,668036.0,0.001385,805320.0,0.0013844999999999999,7.222824124231968
1787023825291,0.001384,679954.0,0.001385,537400.0,0.0013844999999999999,7.222824124231968
1787023825294,0.001384,728431.0,0.001385,537400.0,0.0013844999999999999,7.222824124231968
1787023825426,0.001384,1483831.0,0.001385,1546612.0,0.0013844999999999999,7.222824124231968
1787023825427,0.001384,1483831.0,0.001385,1618812.0,0.0013844999999999999,7.222824124231968
1787023825435,0.001384,1483831.0,0.001385,1633252.0,0.0013844999999999999,7.222824124231968
1787023825455,0.001384,1446689.0,0.001385,1633252.0,0.0013844999999999999,7.222824124231968
1787023825495,0.001384,1446689.0,0.001385,1618809.0,0.0013844999999999999,7.222824124231968
1787023825524,0.001384,1439889.0,0.001385,1618809.0,0.0013844999999999999,7.222824124231968
1787023825525,0.001384,684489.0,0.001385,1618809.0,0.0013844999999999999,7.222824124231968
1787023825527,0.001384,636012.0,0.001385,1618809.0,0.0013844999999999999,7.222824124231968
1787023825619,0.001384,636012.0,0.001385,1713768.0,0.0013844999999999999,7.222824124231968
1787023825775,0.001384,1484144.0,0.001385,1713768.0,0.0013844999999999999,7.222824124231968
1787023825776,0.001384,1484144.0,0.001385,1713768.0,0.0013844999999999999,7.222824124231968
1787023825805,0.001384,1484144.0,0.001385,1894482.0,0.0013844999999999999,7.222824124231968
1787023825877,0.001384,1484144.0,0.001385,1884844.0,0.0013844999999999999,7.222824124231968
1787023825878,0.001384,1484144.0,0.001385,1888816.0,0.0013844999999999999,7.222824124231968
1787023825898,0.001384,1484144.0,0.001385,1903262.0,0.0013844999999999999,7.222824124231968
1787023825899,0.001384,636012.0,0.001385,1903262.0,0.0013844999999999999,7.222824124231968
1787023825932,0.001384,636012.0,0.001385,2178476.0,0.0013844999999999999,7.222824124231968
1787023825934,0.001384,636012.0,0.001385,1433120.0,0.0013844999999999999,7.222824124231968
1787023825935,0.001384,1436012.0,0.001385,1433120.0,0.0013844999999999999,7.222824124231968
1787023825936,0.001384,1436012.0,0.001385,1478182.0,0.0013844999999999999,7.222824124231968
1787023825937,0.001384,1436012.0,0.001385,832380.0,0.0013844999999999999,7.222824124231968
1787023825938,0.001384,1436012.0,0.001385,880857.0,0.0013844999999999999,7.222824124231968
1787023826032,0.001384,1436012.0,0.001385,605643.0,0.0013844999999999999,7.222824124231968
1787023826033,0.001384,1602107.0,0.001385,605643.0,0.0013844999999999999,7.222824124231968
1787023826148,0.001384,2475304.0,0.001385,605643.0,0.0013844999999999999,7.222824124231968
1787023826149,0.001384,2475304.0,0.001385,1372923.0,0.0013844999999999999,7.222824124231968
1787023826150,0.001384,2475304.0,0.001385,1372923.0,0.0013844999999999999,7.222824124231968
1787023826199,0.001384,2475304.0,0.001385,1406049.0,0.0013844999999999999,7.222824124231968
1787023826328,0.001384,2491480.0,0.001385,1406049.0,0.0013844999999999999,7.222824124231968
1787023826496,0.001384,2491480.0,0.001385,1391603.0,0.0013844999999999999,7.222824124231968
1787023826501,0.001384,2599738.0,0.001385,1391603.0,0.0013844999999999999,7.222824124231968
1787023826503,0.001384,2599738.0,0.001385,1406043.0,0.0013844999999999999,7.222824124231968
1787023826655,0.001384,2562554.0,0.001385,1406043.0,0.0013844999999999999,7.222824124231968
1787023826656,0.001384,2546378.0,0.001385,1406043.0,0.0013844999999999999,7.222824124231968
1787023826683,0.001384,2538820.0,0.001385,1406043.0,0.0013844999999999999,7.222824124231968
1787023826801,0.001384,2484691.0,0.001385,1406043.0,0.0013844999999999999,7.222824124231968
1787023826900,0.001384,2484691.0,0.001385,1420487.0,0.0013844999999999999,7.222824124231968
1787023827059,0.001384,1684691.0,0.001385,1420487.0,0.0013844999999999999,7.222824124231968
1787023827060,0.001384,1518596.0,0.001385,1520934.0,0.0013844999999999999,7.222824124231968
1787023827084,0.001384,1522390.0,0.001385,1520934.0,0.0013844999999999999,7.222824124231968
1787023827091,0.001384,1522390.0,0.001385,1521858.0,0.0013844999999999999,7.222824124231968
1787023827098,0.001384,1729624.0,0.001385,1521858.0,0.0013844999999999999,7.222824124231968
1787023827199,0.001384,1675495.0,0.001385,1521858.0,0.0013844999999999999,7.222824124231968
1787023827543,0.001384,1675495.0,0.001385,1536298.0,0.0013844999999999999,7.222824124231968
1787023827655,0.001384,1691671.0,0.001385,1523952.0,0.0013844999999999999,7.222824124231968
1787023827755,0.001384,1654448.0,0.001385,1523952.0,0.0013844999999999999,7.222824124231968
1787023827757,0.001384,1638272.0,0.001385,1523952.0,0.0013844999999999999,7.222824124231968
1787023827881,0.001384,1630649.0,0.001385,1523952.0,0.0013844999999999999,7.222824124231968
1787023828018,0.001384,1646825.0,0.001385,1523952.0,0.0013844999999999999,7.222824124231968
1787023828098,0.001384,1439591.0,0.001385,1523952.0,0.0013844999999999999,7.222824124231968
1787023828181,0.001384,1423415.0,0.001385,1523952.0,0.0013844999999999999,7.222824124231968
1787023828265,0.001384,550218.0,0.001385,1719801.0,0.0013844999999999999,7.222824124231968
1787023828319,0.001384,566394.0,0.001385,1719801.0,0.0013844999999999999,7.222824124231968
1787023828467,0.001384,566394.0,0.001385,1748681.0,0.0013844999999999999,7.222824124231968
1787023828469,0.001384,1396496.0,0.001385,1748681.0,0.0013844999999999999,7.222824124231968
1787023828470,0.001384,1396496.0,0.001385,1748681.0,0.0013844999999999999,7.222824124231968
1787023828797,0.001384,1359238.0,0.001385,1748681.0,0.0013844999999999999,7.222824124231968
1787023828798,0.001384,1343062.0,0.001385,1748681.0,0.0013844999999999999,7.222824124231968
1787023828806,0.001384,1343062.0,0.001385,1932796.0,0.0013844999999999999,7.222824124231968
1787023828938,0.001384,1361695.0,0.001385,1932796.0,0.0013844999999999999,7.222824124231968
1787023829032,0.001384,1361695.0,0.001385,2208010.0,0.0013844999999999999,7.222824124231968
1787023829143,0.001384,1358121.0,0.001385,2208010.0,0.0013844999999999999,7.222824124231968
1787023829145,0.001384,1339488.0,0.001385,2208010.0,0.0013844999999999999,7.222824124231968
1787023829333,0.001384,1339488.0,0.001385,1932796.0,0.0013844999999999999,7.222824124231968
1787023829349,0.001384,1358121.0,0.001385,1932796.0,0.0013844999999999999,7.222824124231968
1787023829362,0.001384,1339488.0,0.001385,1932796.0,0.0013844999999999999,7.222824124231968
1787023829633,0.001384,1339488.0,0.001385,2208010.0,0.0013844999999999999,7.222824124231968
1787023829634,0.001384,1339488.0,0.001385,2196092.0,0.0013844999999999999,7.222824124231968
1787023829635,0.001384,1339488.0,0.001385,2208010.0,0.0013844999999999999,7.222824124231968
1787023829869,0.001384,1368389.0,0.001385,2208010.0,0.0013844999999999999,7.222824124231968
1787023829981,0.001384,1331104.0,0.001385,2208010.0,0.0013844999999999999,7.222824124231968
1787023829983,0.001384,501002.0,0.001385,2208010.0,0.0013844999999999999,7.222824124231968
1787023829984,0.001383,1313224.0,0.001384,419241.0,0.0013835,7.228044813878806
1787023829985,0.001383,1078852.0,0.001384,419241.0,0.0013835,7.228044813878806
1787023829986,0.001383,278852.0,0.001384,495214.0,0.0013835,7.228044813878806
1787023829987,0.001383,294247.0,0.001384,642691.0,0.0013835,7.228044813878806
1787023829988,0.001383,294247.0,0.001384,576758.0,0.0013835,7.228044813878806
1787023829989,0.001383,294247.0,0.001384,986378.0,0.0013835,7.228044813878806
1787023829990,0.001383,294247.0,0.001384,1028395.0,0.0013835,7.228044813878806
1787023829991,0.001383,294247.0,0.001384,1281457.0,0.0013835,7.228044813878806
1787023829998,0.001383,294247.0,0.001384,1295916.0,0.0013835,7.228044813878806
1787023830061,0.001383,185630.0,0.001384,1295916.0,0.0013835,7.228044813878806
1787023830062,0.001383,178351.0,0.001384,1295916.0,0.0013835,7.228044813878806
1787023830063,0.001383,89441.0,0.001384,1510708.0,0.0013835,7.228044813878806
1787023830065,0.001383,89441.0,0.001384,1683387.0,0.0013835,7.228044813878806
1787023830066,0.001383,89441.0,0.001384,1438454.0,0.0013835,7.228044813878806
1787023830070,0.001383,89441.0,0.001384,1223662.0,0.0013835,7.228044813878806
1787023830095,0.001383,89441.0,0.001384,1209203.0,0.0013835,7.228044813878806
1787023830096,0.001383,285290.0,0.001384,1209203.0,0.0013835,7.228044813878806
1787023830116,0.001383,285290.0,0.001384,7248921.0,0.0013835,7.228044813878806
1787023830117,0.001383,89441.0,0.001384,7248921.0,0.0013835,7.228044813878806
1787023830118,0.001383,89441.0,0.001384,7131767.0,0.0013835,7.228044813878806
1787023830119,0.001383,19568.0,0.001384,3400474.0,0.0013835,7.228044813878806
1787023830136,0.001383,19568.0,0.001384,2834336.0,0.0013835,7.228044813878806
1787023830138,0.001383,68045.0,0.001384,2834336.0,0.0013835,7.228044813878806
1787023830171,0.001383,73089.0,0.001384,2846263.0,0.0013835,7.228044813878806
1787023830187,0.001383,73089.0,0.001384,3753475.0,0.0013835,7.228044813878806
1787023830188,0.001383,895766.0,0.001384,3753475.0,0.0013835,7.228044813878806
1787023830189,0.001383,883839.0,0.001384,3753475.0,0.0013835,7.228044813878806
1787023830190,0.001383,883839.0,0.001384,3787462.0,0.0013835,7.228044813878806
1787023830196,0.001383,883839.0,0.001384,3801921.0,0.0013835,7.228044813878806
1787023830311,0.001383,1079688.0,0.001384,3801921.0,0.0013835,7.228044813878806
1787023830312,0.001383,1091615.0,0.001384,3801921.0,0.0013835,7.228044813878806
1787023830398,0.001383,1091615.0,0.001384,3787462.0,0.0013835,7.228044813878806
1787023830434,0.001383,1091615.0,0.001384,4062676.0,0.0013835,7.228044813878806
1787023830449,0.001383,1095592.0,0.001384,4062676.0,0.0013835,7.228044813878806
1787023830695,0.001383,1095592.0,0.001384,4077135.0,0.0013835,7.228044813878806
1787023830798,0.001383,1095592.0,0.001384,4062676.0,0.0013835,7.228044813878806
1787023830898,0.001383,1095592.0,0.001384,4077135.0,0.0013835,7.228044813878806
1787023830993,0.001383,884912.0,0.001384,4077135.0,0.0013835,7.228044813878806
1787023830994,0.001383,220095.0,0.001384,4077135.0,0.0013835,7.228044813878806
1787023830995,0.001383,268572.0,0.001384,4077135.0,0.0013835,7.228044813878806
1787023830996,0.001383,268572.0,0.001384,4062676.0,0.0013835,7.228044813878806
1787023831092,0.001383,283665.0,0.001384,4062676.0,0.0013835,7.228044813878806
1787023831093,0.001383,299464.0,0.001384,4062676.0,0.0013835,7.228044813878806
1787023831094,0.001383,306900.0,0.001384,4062676.0,0.0013835,7.228044813878806
1787023831105,0.001383,269595.0,0.001384,4062676.0,0.0013835,7.228044813878806
1787023831147,0.001383,326731.0,0.001384,4062676.0,0.0013835,7.228044813878806
1787023831198,0.001383,326731.0,0.001384,4077137.0,0.0013835,7.228044813878806
1787023831215,0.001383,326731.0,0.001384,2632051.0,0.0013835,7.228044813878806
1787023831216,0.001383,326731.0,0.001384,1724839.0,0.0013835,7.228044813878806
1787023831217,0.001383,1636566.0,0.001384,1728813.0,0.0013835,7.228044813878806
1787023831218,0.001383,1624639.0,0.001384,1716886.0,0.0013835,7.228044813878806
1787023831222,0.001383,1636566.0,0.001384,1606171.0,0.0013835,7.228044813878806
1787023831245,0.001383,1148041.0,0.001384,1606171.0,0.0013835,7.228044813878806
1787023831290,0.001383,1164200.0,0.001384,1606171.0,0.0013835,7.228044813878806
1787023831295,0.001383,1164200.0,0.001384,339563.0,0.0013835,7.228044813878806
1787023831299,0.001383,1155735.0,0.001384,388040.0,0.0013835,7.228044813878806
1787023831300,0.001383,1139576.0,0.001384,388040.0,0.0013835,7.228044813878806
1787023831302,0.001383,1139576.0,0.001384,373579.0,0.0013835,7.228044813878806
1787023831334,0.001383,1139576.0,0.001384,98365.0,0.0013835,7.228044813878806
1787023831643,0.001383,1139576.0,0.001385,807457.0,0.0013839999999999998,14.450867052023474
1787023831644,0.001384,1489016.0,0.001385,807457.0,0.0013844999999999999,7.222824124231968
1787023831645,0.001384,1489016.0,0.001385,992104.0,0.0013844999999999999,7.222824124231968
1787023831646,0.001384,1489016.0,0.001385,1358025.0,0.0013844999999999999,7.222824124231968
1787023831647,0.001384,1492990.0,0.001385,614507.0,0.0013844999999999999,7.222824124231968
1787023831648,0.001384,1492990.0,0.001385,390423.0,0.0013844999999999999,7.222824124231968
1787023831653,0.001384,1492990.0,0.001385,407417.0,0.0013844999999999999,7.222824124231968
1787023831664,0.001384,1492990.0,0.001385,479619.0,0.0013844999999999999,7.222824124231968
1787023831681,0.001384,1492990.0,0.001385,483591.0,0.0013844999999999999,7.222824124231968
1787023831697,0.001384,1503133.0,0.001385,483591.0,0.0013844999999999999,7.222824124231968
1787023831698,0.001384,1503133.0,0.001385,498034.0,0.0013844999999999999,7.222824124231968
1787023831722,0.001384,1503133.0,0.001385,425832.0,0.0013844999999999999,7.222824124231968
1787023831779,0.001384,1782005.0,0.001385,425832.0,0.0013844999999999999,7.222824124231968
1787023831780,0.001384,1812249.0,0.001385,425832.0,0.0013844999999999999,7.222824124231968
1787023831781,0.001384,1812249.0,0.001385,350039.0,0.0013844999999999999,7.222824124231968
1787023831792,0.001384,1728518.0,0.001385,350039.0,0.0013844999999999999,7.222824124231968
1787023831802,0.001384,1780553.0,0.001385,350039.0,0.0013844999999999999,7.222824124231968
1787023831807,0.001384,1792471.0,0.001385,361957.0,0.0013844999999999999,7.222824124231968
1787023831853,0.001384,1792471.0,0.001385,1166897.0,0.0013844999999999999,7.222824124231968
1787023831854,0.001384,1792471.0,0.001385,1154979.0,0.0013844999999999999,7.222824124231968
1787023831955,0.001384,1792471.0,0.001385,1166897.0,0.0013844999999999999,7.222824124231968
1787023832023,0.001384,1792471.0,0.001385,1239280.0,0.0013844999999999999,7.222824124231968
1787023832024,0.001384,1792471.0,0.001385,1354800.0,0.0013844999999999999,7.222824124231968
1787023832025,0.001384,1792471.0,0.001385,1383680.0,0.0013844999999999999,7.222824124231968
1787023832051,0.001384,1755145.0,0.001385,1383680.0,0.0013844999999999999,7.222824124231968
1787023832060,0.001384,1755145.0,0.001385,1564357.0,0.0013844999999999999,7.222824124231968
1787023832104,0.001384,1703110.0,0.001385,1564357.0,0.0013844999999999999,7.222824124231968
1787023832105,0.001384,1654633.0,0.001385,1564357.0,0.0013844999999999999,7.222824124231968
1787023832161,0.001384,1654633.0,0.001385,1578797.0,0.0013844999999999999,7.222824124231968
1787023832335,0.001384,1647779.0,0.001385,1578797.0,0.0013844999999999999,7.222824124231968
1787023832336,0.001384,1647779.0,0.001385,1593237.0,0.0013844999999999999,7.222824124231968
1787023832372,0.001384,1421608.0,0.001385,1593237.0,0.0013844999999999999,7.222824124231968
1787023832373,0.001382,2460233.0,0.001383,530802.0,0.0013825,7.233273056057258
1787023832374,0.001382,1238551.0,0.001383,24748.0,0.0013825,7.233273056057258
1787023832375,0.001381,3286237.0,0.001383,781412.0,0.001382,14.471780028942343
1787023832376,0.001382,100934.0,0.001383,718655.0,0.0013825,7.233273056057258
1787023832377,0.001382,310636.0,0.001383,739182.0,0.0013825,7.233273056057258
1787023832378,0.001382,310636.0,0.001383,787659.0,0.0013825,7.233273056057258
1787023832379,0.001382,306663.0,0.001383,859964.0,0.0013825,7.233273056057258
1787023832380,0.001382,306663.0,0.001383,787659.0,0.0013825,7.233273056057258
1787023832386,0.001382,306663.0,0.001383,581930.0,0.0013825,7.233273056057258
1787023832388,0.001382,306663.0,0.001383,533453.0,0.0013825,7.233273056057258
1787023832389,0.001382,306663.0,0.001383,605760.0,0.0013825,7.233273056057258
1787023832395,0.001382,306663.0,0.001383,620228.0,0.0013825,7.233273056057258
1787023832400,0.001382,306663.0,0.001383,668705.0,0.0013825,7.233273056057258
1787023832403,0.001382,308499.0,0.001383,671012.0,0.0013825,7.233273056057258
1787023832404,0.001382,308499.0,0.001383,678964.0,0.0013825,7.233273056057258
1787023832421,0.001382,308499.0,0.001383,859903.0,0.0013825,7.233273056057258
1787023832425,0.001382,317183.0,0.001383,859903.0,0.0013825,7.233273056057258
1787023832434,0.001382,317183.0,0.001383,678964.0,0.0013825,7.233273056057258
1787023832448,0.001382,172517.0,0.001383,678964.0,0.0013825,7.233273056057258
1787023832450,0.001382,220994.0,0.001383,678964.0,0.0013825,7.233273056057258
1787023832453,0.001382,269471.0,0.001383,678964.0,0.0013825,7.233273056057258
1787023832483,0.001382,269471.0,0.001383,620104.0,0.0013825,7.233273056057258
1787023832484,0.001382,1069471.0,0.001383,620104.0,0.0013825,7.233273056057258
1787023832497,0.001382,1069471.0,0.001383,605636.0,0.0013825,7.233273056057258
1787023832499,0.001382,1069471.0,0.001383,533329.0,0.0013825,7.233273056057258
1787023832597,0.001382,1845021.0,0.001383,1291561.0,0.0013825,7.233273056057258
1787023832598,0.001382,1845021.0,0.001383,533329.0,0.0013825,7.233273056057258
1787023832602,0.001382,1845021.0,0.001383,484852.0,0.0013825,7.233273056057258
1787023832629,0.001382,1845021.0,0.001383,477300.0,0.0013825,7.233273056057258
1787023832683,0.001382,1845021.0,0.001383,525777.0,0.0013825,7.233273056057258
1787023832684,0.001382,1856956.0,0.001383,489235.0,0.0013825,7.233273056057258
1787023832686,0.001382,1856956.0,0.001383,537712.0,0.0013825,7.233273056057258
1787023832688,0.001382,1056956.0,0.001383,537712.0,0.0013825,7.233273056057258
1787023832696,0.001382,1056956.0,0.001383,552177.0,0.0013825,7.233273056057258
1787023832705,0.001382,1056956.0,0.001383,747540.0,0.0013825,7.233273056057258
1787023832760,0.001382,1056956.0,0.001383,863228.0,0.0013825,7.233273056057258
1787023832795,0.001382,1056956.0,0.001383,877689.0,0.0013825,7.233273056057258
1787023832798,0.001382,1056956.0,0.001383,892150.0,0.0013825,7.233273056057258
1787023832799,0.001382,1056956.0,0.001383,880215.0,0.0013825,7.233273056057258
1787023832801,0.001382,1056956.0,0.001383,1750124.0,0.0013825,7.233273056057258
1787023832805,0.001382,1056956.0,0.001383,1931063.0,0.0013825,7.233273056057258
1787023832807,0.001382,1056956.0,0.001383,1942998.0,0.0013825,7.233273056057258
1787023832839,0.001382,1056956.0,0.001383,1946975.0,0.0013825,7.233273056057258
1787023832840,0.001382,1060936.0,0.001383,1946975.0,0.0013825,7.233273056057258
1787023832935,0.001382,1060936.0,0.001383,1961436.0,0.0013825,7.233273056057258
1787023832999,0.001382,1111593.0,0.001383,1961436.0,0.0013825,7.233273056057258
1787023833000,0.001382,1111593.0,0.001383,2002360.0,0.0013825,7.233273056057258
1787023833001,0.001382,1111593.0,0.001383,2003478.0,0.0013825,7.233273056057258
1787023833102,0.001382,1060936.0,0.001383,2003478.0,0.0013825,7.233273056057258
1787023833123,0.001382,1086601.0,0.001383,2003478.0,0.0013825,7.233273056057258
1787023833124,0.001382,1095431.0,0.001383,2003478.0,0.0013825,7.233273056057258
1787023833132,0.001382,1095431.0,0.001383,2278692.0,0.0013825,7.233273056057258
1787023833134,0.001382,319881.0,0.001383,2278692.0,0.0013825,7.233273056057258
1787023833198,0.001382,319881.0,0.001383,2264227.0,0.0013825,7.233273056057258
1787023833203,0.001382,282525.0,0.001383,2264227.0,0.0013825,7.233273056057258
1787023833204,0.001382,234048.0,0.001383,2264227.0,0.0013825,7.233273056057258
1787023833235,0.001382,234048.0,0.001383,2798736.0,0.0013825,7.233273056057258
1787023833285,0.001382,224525.0,0.001383,2798736.0,0.0013825,7.233273056057258
1787023833340,0.001382,224525.0,0.001383,2897233.0,0.0013825,7.233273056057258
1787023833429,0.001382,1013948.0,0.001383,2897233.0,0.0013825,7.233273056057258
1787023833430,0.001382,1062425.0,0.001383,2897233.0,0.0013825,7.233273056057258
1787023833438,0.001382,1062425.0,0.001383,2798736.0,0.0013825,7.233273056057258
1787023833528,0.001382,1062425.0,0.001383,1928827.0,0.0013825,7.233273056057258
1787023833529,0.001382,1062425.0,0.001383,1916892.0,0.0013825,7.233273056057258
1787023833618,0.001382,1062425.0,0.001383,1928827.0,0.0013825,7.233273056057258
1787023833698,0.001382,1062425.0,0.001383,1943295.0,0.0013825,7.233273056057258
1787023833733,0.001382,1062425.0,0.001383,2752645.0,0.0013825,7.233273056057258
1787023833804,0.001382,1062425.0,0.001383,2585196.0,0.0013825,7.233273056057258
1787023833805,0.001382,1062425.0,0.001383,1775846.0,0.0013825,7.233273056057258
1787023833806,0.001382,1062425.0,0.001383,1580483.0,0.0013825,7.233273056057258
1787023833808,0.001382,1062425.0,0.001383,1580483.0,0.0013825,7.233273056057258
1787023833955,0.001382,1062425.0,0.001383,1594944.0,0.0013825,7.233273056057258
1787023833995,0.001382,1062425.0,0.001383,1580476.0,0.0013825,7.233273056057258
1787023834034,0.001382,1062425.0,0.001383,1305262.0,0.0013825,7.233273056057258
1787023834084,0.001382,1062425.0,0.001383,2061957.0,0.0013825,7.233273056057258
1787023834085,0.001381,2616775.0,0.001383,2061957.0,0.001382,14.471780028942343
1787023834086,0.001381,2214335.0,0.001382,357722.0,0.0013815,7.238508867172754
1787023834087,0.001381,2214335.0,0.001382,433223.0,0.0013815,7.238508867172754
1787023834088,0.001381,1654430.0,0.001382,1211572.0,0.0013815,7.238508867172754
1787023834089,0.001381,1512132.0,0.001382,1266224.0,0.0013815,7.238508867172754
1787023834090,0.001381,1516115.0,0.001382,1378831.0,0.0013815,7.238508867172754
1787023834093,0.001381,1516115.0,0.001382,1233264.0,0.0013815,7.238508867172754
1787023834094,0.001381,1516115.0,0.001382,757580.0,0.0013815,7.238508867172754
1787023834095,0.001381,1516115.0,0.001382,148351.0,0.0013815,7.238508867172754
1787023834096,0.001381,1516115.0,0.001382,25022.0,0.0013815,7.238508867172754
1787023834098,0.001381,1516115.0,0.001382,97680.0,0.0013815,7.238508867172754
1787023834111,0.001381,1516115.0,0.001382,146157.0,0.0013815,7.238508867172754
1787023834112,0.001381,1516115.0,0.001382,97680.0,0.0013815,7.238508867172754
1787023834118,0.001381,1516115.0,0.001382,146157.0,0.0013815,7.238508867172754
1787023834137,0.001381,1525108.0,0.001382,146157.0,0.0013815,7.238508867172754
1787023834138,0.001381,1525108.0,0.001382,97680.0,0.0013815,7.238508867172754
1787023834141,0.001381,1525108.0,0.001382,146157.0,0.0013815,7.238508867172754
1787023834156,0.001381,1525108.0,0.001382,341520.0,0.0013815,7.238508867172754
1787023834157,0.001381,1525108.0,0.001382,554713.0,0.0013815,7.238508867172754
1787023834159,0.001381,1525108.0,0.001382,359350.0,0.0013815,7.238508867172754
1787023834160,0.001381,1525108.0,0.001382,218516.0,0.0013815,7.238508867172754
1787023834162,0.001381,1525108.0,0.001382,146157.0,0.0013815,7.238508867172754
1787023834217,0.001381,1487723.0,0.001382,146157.0,0.0013815,7.238508867172754
1787023834258,0.001381,1499667.0,0.001382,146157.0,0.0013815,7.238508867172754
1787023834289,0.001381,2373203.0,0.001382,146157.0,0.0013815,7.238508867172754
1787023834290,0.001381,2373203.0,0.001382,158101.0,0.0013815,7.238508867172754
1787023834352,0.001381,2369230.0,0.001382,158101.0,0.0013815,7.238508867172754
1787023834354,0.001381,2369230.0,0.001382,166053.0,0.0013815,7.238508867172754
1787023834540,0.001381,2369230.0,0.001382,246049.0,0.0013815,7.238508867172754
1787023834542,0.001381,2369230.0,0.001382,386883.0,0.0013815,7.238508867172754
1787023834543,0.001381,2369230.0,0.001382,374939.0,0.0013815,7.238508867172754
1787023834544,0.001381,2369230.0,0.001382,386883.0,0.0013815,7.238508867172754
1787023834556,0.001381,2369230.0,0.001382,1240360.0,0.0013815,7.238508867172754
1787023834557,0.001381,2369230.0,0.001382,1228416.0,0.0013815,7.238508867172754
1787023834567,0.001381,2362006.0,0.001382,1228416.0,0.0013815,7.238508867172754
1787023834576,0.001381,2362006.0,0.001382,1423779.0,0.0013815,7.238508867172754
1787023834604,0.001381,2412488.0,0.001382,1423779.0,0.0013815,7.238508867172754
1787023834641,0.001381,2412488.0,0.001382,1604848.0,0.0013815,7.238508867172754
1787023834658,0.001381,1612488.0,0.001382,1604848.0,0.0013815,7.238508867172754
1787023834659,0.001381,1600544.0,0.001382,1604848.0,0.0013815,7.238508867172754
1787023834660,0.001381,1612488.0,0.001382,1616792.0,0.0013815,7.238508867172754
1787023834696,0.001381,1612488.0,0.001382,1631269.0,0.0013815,7.238508867172754
1787023834795,0.001381,1612488.0,0.001382,1747602.0,0.0013815,7.238508867172754
1787023834801,0.001381,1562006.0,0.001382,1747602.0,0.0013815,7.238508867172754
1787023835001,0.001381,1612500.0,0.001382,1747602.0,0.0013815,7.238508867172754
1787023835100,0.001381,1562006.0,0.001382,1747602.0,0.0013815,7.238508867172754
1787023835245,0.001381,1524628.0,0.001382,1747602.0,0.0013815,7.238508867172754
1787023835248,0.001381,663449.0,0.001382,1747602.0,0.0013815,7.238508867172754
1787023835249,0.001381,682139.0,0.001382,1747602.0,0.0013815,7.238508867172754
1787023835331,0.001381,682139.0,0.001382,2022816.0,0.0013815,7.238508867172754
1787023835398,0.001381,682139.0,0.001382,2008339.0,0.0013815,7.238508867172754
1787023835423,0.001381,682139.0,0.001382,1502559.0,0.0013815,7.238508867172754
1787023835424,0.001381,682139.0,0.001382,584560.0,0.0013815,7.238508867172754
1787023835425,0.001381,682139.0,0.001382,662929.0,0.0013815,7.238508867172754
1787023835426,0.001381,682545.0,0.001382,662929.0,0.0013815,7.238508867172754
1787023835427,0.001381,682545.0,0.001382,666909.0,0.0013815,7.238508867172754
1787023835604,0.001381,682545.0,0.001382,862272.0,0.0013815,7.238508867172754
1787023835608,0.001381,906096.0,0.001382,186871.0,0.0013815,7.238508867172754
1787023835610,0.001382,927607.0,0.001383,1596634.0,0.0013825,7.233273056057258
1787023835611,0.001382,491980.0,0.001383,1514457.0,0.0013825,7.233273056057258
1787023835612,0.001382,515914.0,0.001383,3549729.0,0.0013825,7.233273056057258
1787023835613,0.001382,519894.0,0.001383,5588293.0,0.0013825,7.233273056057258
1787023835614,0.001382,495351.0,0.001383,5588293.0,0.0013825,7.233273056057258
1787023835615,0.001381,895507.0,0.001382,529699.0,0.0013815,7.238508867172754
1787023835616,0.001381,815423.0,0.001382,34348.0,0.0013815,7.238508867172754
1787023835617,0.001381,1172353.0,0.001382,34348.0,0.0013815,7.238508867172754
1787023835618,0.001381,1172353.0,0.001382,156785.0,0.0013815,7.238508867172754
1787023835619,0.001381,1099942.0,0.001382,156785.0,0.0013815,7.238508867172754
1787023835623,0.001381,1099942.0,0.001382,352148.0,0.0013815,7.238508867172754
1787023835625,0.001381,1966506.0,0.001382,1223325.0,0.0013815,7.238508867172754
1787023835626,0.001381,1894095.0,0.001382,1223325.0,0.0013815,7.238508867172754
1787023835675,0.001381,1894095.0,0.001382,352148.0,0.0013815,7.238508867172754
1787023835676,0.001381,1894095.0,0.001382,82825.0,0.0013815,7.238508867172754
1787023835677,0.001381,1894095.0,0.001382,71971.0,0.0013815,7.238508867172754
1787023835680,0.001381,1894095.0,0.001382,23494.0,0.0013815,7.238508867172754
1787023835698,0.001381,1894095.0,0.001382,71971.0,0.0013815,7.238508867172754
1787023835717,0.001381,1894095.0,0.001382,48477.0,0.0013815,7.238508867172754
1787023835725,0.001381,1889485.0,0.001382,48477.0,0.0013815,7.238508867172754
1787023835726,0.001381,1889485.0,0.001382,40535.0,0.0013815,7.238508867172754
1787023835727,0.001381,2689485.0,0.001383,1651531.0,0.001382,14.471780028942343
1787023835728,0.001382,185764.0,0.001383,1561570.0,0.0013825,7.233273056057258
1787023835729,0.001382,185764.0,0.001383,1386240.0,0.0013825,7.233273056057258
1787023835748,0.001382,205934.0,0.001383,1386240.0,0.0013825,7.233273056057258
1787023835750,0.001382,254411.0,0.001383,1386240.0,0.0013825,7.233273056057258
1787023835751,0.001382,229868.0,0.001383,1386240.0,0.0013825,7.233273056057258
1787023835793,0.001382,229868.0,0.001383,1403234.0,0.0013825,7.233273056057258
1787023835796,0.001382,241803.0,0.001383,1415169.0,0.0013825,7.233273056057258
1787023835802,0.001382,292290.0,0.001383,1415169.0,0.0013825,7.233273056057258
1787023835831,0.001382,268762.0,0.001383,1415169.0,0.0013825,7.233273056057258
1787023835902,0.001382,268762.0,0.001383,2316199.0,0.0013825,7.233273056057258
1787023835903,0.001382,268762.0,0.001383,2243892.0,0.0013825,7.233273056057258
1787023835910,0.001382,868762.0,0.001383,2243892.0,0.0013825,7.233273056057258
1787023835911,0.001382,856827.0,0.001383,2243892.0,0.0013825,7.233273056057258
1787023835912,0.001382,1622213.0,0.001383,2243892.0,0.0013825,7.233273056057258
1787023835925,0.001382,1622213.0,0.001383,2225829.0,0.0013825,7.233273056057258
1787023835997,0.001382,1622213.0,0.001383,2240296.0,0.0013825,7.233273056057258
1787023836000,0.001382,1622213.0,0.001383,2282353.0,0.0013825,7.233273056057258
1787023836076,0.001382,1626193.0,0.001383,2282353.0,0.0013825,7.233273056057258
1787023836099,0.001382,1575706.0,0.001383,2282353.0,0.0013825,7.233273056057258
1787023836227,0.001382,1575706.0,0.001383,2816862.0,0.0013825,7.233273056057258
1787023836228,0.001382,1575706.0,0.001383,2804927.0,0.0013825,7.233273056057258
1787023836229,0.001382,1575706.0,0.001383,2816862.0,0.0013825,7.233273056057258
1787023836239,0.001382,1575706.0,0.001383,2915359.0,0.0013825,7.233273056057258
1787023836242,0.001382,1538334.0,0.001383,2915359.0,0.0013825,7.233273056057258
1787023836243,0.001382,784883.0,0.001383,2915359.0,0.0013825,7.233273056057258
1787023836245,0.001382,736406.0,0.001383,2915359.0,0.0013825,7.233273056057258
1787023836379,0.001382,136406.0,0.001383,2915359.0,0.0013825,7.233273056057258
1787023836498,0.001382,136406.0,0.001383,2900892.0,0.0013825,7.233273056057258
1787023836805,0.001382,136406.0,0.001383,3081880.0,0.0013825,7.233273056057258
1787023836891,0.001382,127083.0,0.001383,3081880.0,0.0013825,7.233273056057258
1787023836896,0.001382,127083.0,0.001383,3096351.0,0.0013825,7.233273056057258
1787023836906,0.001382,127083.0,0.001383,3100592.0,0.0013825,7.233273056057258
1787023836922,0.001382,36085.0,0.001383,3100592.0,0.0013825,7.233273056057258
1787023836923,0.001381,1839123.0,0.001382,683694.0,0.0013815,7.238508867172754
1787023836924,0.001381,1678151.0,0.001382,1059163.0,0.0013815,7.238508867172754
1787023836925,0.001381,1822921.0,0.001382,1063143.0,0.0013815,7.238508867172754
1787023836926,0.001381,1822921.0,0.001382,1093229.0,0.0013815,7.238508867172754
1787023836927,0.001381,1859127.0,0.001382,1140674.0,0.0013815,7.238508867172754
1787023836928,0.001381,1895333.0,0.001382,1140674.0,0.0013815,7.238508867172754
1787023836935,0.001381,1095333.0,0.001382,1140674.0,0.0013815,7.238508867172754
1787023836954,0.001381,1095333.0,0.001382,925882.0,0.0013815,7.238508867172754
1787023837027,0.001381,1107277.0,0.001382,937826.0,0.0013815,7.238508867172754
1787023837132,0.001381,1869541.0,0.001382,937826.0,0.0013815,7.238508867172754
