ts,bid,bidq,ask,askq,mid,spread_bp
1787026497142,64063.6,0.775,64063.7,3.099,64063.649999999994,0.015609475888205687
1787026497144,64063.6,0.773,64063.7,3.099,64063.649999999994,0.015609475888205687
1787026497145,64063.6,0.775,64063.7,3.099,64063.649999999994,0.015609475888205687
1787026497147,64063.6,0.571,64063.7,3.454,64063.649999999994,0.015609475888205687
1787026497148,64063.6,0.571,64063.7,3.454,64063.649999999994,0.015609475888205687
1787026497374,64063.6,0.823,64063.7,3.454,64063.649999999994,0.015609475888205687
1787026497442,64063.6,0.823,64063.7,3.099,64063.649999999994,0.015609475888205687
1787026497524,64063.6,0.823,64063.7,3.493,64063.649999999994,0.015609475888205687
1787026497648,64063.6,0.571,64063.7,3.493,64063.649999999994,0.015609475888205687
1787026498230,64063.6,0.776,64063.7,3.493,64063.649999999994,0.015609475888205687
1787026498231,64063.6,0.774,64063.7,3.493,64063.649999999994,0.015609475888205687
1787026498232,64063.6,0.776,64063.7,3.493,64063.649999999994,0.015609475888205687
1787026498508,64063.6,0.776,64063.7,3.5,64063.649999999994,0.015609475888205687
1787026498540,64063.6,0.776,64063.7,3.106,64063.649999999994,0.015609475888205687
1787026498888,64063.6,0.776,64063.7,3.444,64063.649999999994,0.015609475888205687
1787026498937,64063.6,0.571,64063.7,3.444,64063.649999999994,0.015609475888205687
1787026499467,64063.6,0.571,64063.7,3.436,64063.649999999994,0.015609475888205687
1787026499470,64063.6,0.571,64063.7,3.442,64063.649999999994,0.015609475888205687
1787026500287,64063.6,0.602,64063.7,3.442,64063.649999999994,0.015609475888205687
1787026500479,64063.6,0.602,64063.7,3.436,64063.649999999994,0.015609475888205687
1787026500484,64063.6,0.602,64063.7,3.443,64063.649999999994,0.015609475888205687
1787026500487,64063.6,0.602,64063.7,3.446,64063.649999999994,0.015609475888205687
1787026500541,64063.6,0.602,64063.7,3.443,64063.649999999994,0.015609475888205687
1787026501071,64063.6,0.605,64063.7,3.443,64063.649999999994,0.015609475888205687
1787026501549,64063.6,0.605,64063.7,3.448,64063.649999999994,0.015609475888205687
1787026503503,64063.6,0.834,64063.7,3.448,64063.649999999994,0.015609475888205687
1787026503526,64063.6,0.834,64063.7,3.11,64063.649999999994,0.015609475888205687
1787026503666,64063.6,0.834,64063.7,3.472,64063.649999999994,0.015609475888205687
1787026503667,64063.6,0.605,64063.7,3.472,64063.649999999994,0.015609475888205687
1787026503734,64063.6,0.831,64063.7,3.472,64063.649999999994,0.015609475888205687
1787026503736,64063.6,0.829,64063.7,3.472,64063.649999999994,0.015609475888205687
1787026503737,64063.6,0.851,64063.7,3.472,64063.649999999994,0.015609475888205687
1787026503739,64063.6,0.625,64063.7,3.472,64063.649999999994,0.015609475888205687
1787026503839,64063.6,0.871,64063.7,3.472,64063.649999999994,0.015609475888205687
1787026503867,64063.6,0.871,64063.7,3.11,64063.649999999994,0.015609475888205687
1787026503872,64063.6,0.871,64063.7,3.506,64063.649999999994,0.015609475888205687
1787026503912,64063.6,0.871,64063.7,3.11,64063.649999999994,0.015609475888205687
1787026504083,64063.6,0.871,64063.7,3.509,64063.649999999994,0.015609475888205687
1787026504084,64063.6,0.871,64063.7,3.508,64063.649999999994,0.015609475888205687
1787026504085,64063.6,0.871,64063.7,3.111,64063.649999999994,0.015609475888205687
1787026504129,64063.6,0.871,64063.7,3.455,64063.649999999994,0.015609475888205687
1787026504227,64063.6,0.625,64063.7,3.455,64063.649999999994,0.015609475888205687
1787026504509,64063.6,0.625,64063.7,3.46,64063.649999999994,0.015609475888205687
1787026504833,64063.6,0.617,64063.7,3.46,64063.649999999994,0.015609475888205687
1787026505428,64063.6,0.617,64063.7,3.56,64063.649999999994,0.015609475888205687
1787026506293,64063.6,0.586,64063.7,3.56,64063.649999999994,0.015609475888205687
1787026506298,64063.6,0.617,64063.7,3.56,64063.649999999994,0.015609475888205687
1787026506567,64063.6,0.617,64063.7,3.563,64063.649999999994,0.015609475888205687
1787026506598,64063.6,0.617,64063.7,3.56,64063.649999999994,0.015609475888205687
1787026506959,64063.6,0.717,64063.7,2.744,64063.649999999994,0.015609475888205687
1787026506960,64063.6,2.285,64063.7,1.034,64063.649999999994,0.015609475888205687
1787026506961,64064.2,0.225,64065.0,0.003,64064.6,0.12487395535177155
1787026506963,64065.0,1.345,64065.1,0.275,64065.05,0.015609134777627553
1787026506964,64066.5,0.585,64066.6,0.95,64066.55,0.015608769318551539
1787026506965,64066.5,1.468,64066.6,1.033,64066.55,0.015608769318551539
1787026506966,64066.5,3.788,64066.6,2.361,64066.55,0.015608769318551539
1787026506967,64066.5,5.146,64066.6,2.965,64066.55,0.015608769318551539
1787026506968,64066.5,5.708,64066.6,2.52,64066.55,0.015608769318551539
1787026506969,64066.5,3.973,64066.6,2.52,64066.55,0.015608769318551539
1787026506970,64066.5,2.827,64066.6,3.304,64066.55,0.015608769318551539
1787026506971,64066.5,2.239,64066.6,3.831,64066.55,0.015608769318551539
1787026506972,64066.5,1.658,64066.6,2.29,64066.55,0.015608769318551539
1787026506973,64066.5,1.67,64066.6,2.29,64066.55,0.015608769318551539
1787026506974,64066.5,1.038,64066.6,2.29,64066.55,0.015608769318551539
1787026506975,64066.5,0.992,64066.6,2.29,64066.55,0.015608769318551539
1787026506976,64066.5,1.242,64066.6,2.29,64066.55,0.015608769318551539
1787026506977,64066.5,1.038,64066.6,2.29,64066.55,0.015608769318551539
1787026506978,64066.5,0.935,64066.6,2.337,64066.55,0.015608769318551539
1787026506980,64066.5,0.935,64066.6,3.198,64066.55,0.015608769318551539
1787026506981,64066.5,0.925,64066.6,3.198,64066.55,0.015608769318551539
1787026506985,64066.5,0.935,64066.6,3.198,64066.55,0.015608769318551539
1787026506995,64066.5,0.595,64066.6,3.198,64066.55,0.015608769318551539
1787026506996,64066.5,0.585,64066.6,3.198,64066.55,0.015608769318551539
1787026507010,64066.5,0.559,64066.6,3.291,64066.55,0.015608769318551539
1787026507011,64066.5,0.559,64066.6,3.298,64066.55,0.015608769318551539
1787026507026,64066.5,0.559,64066.6,3.299,64066.55,0.015608769318551539
1787026507037,64066.5,0.549,64066.6,3.299,64066.55,0.015608769318551539
1787026507053,64066.5,0.551,64066.6,3.301,64066.55,0.015608769318551539
1787026507264,64066.5,0.546,64066.6,3.301,64066.55,0.015608769318551539
1787026507267,64066.5,0.546,64066.7,1.0,64066.6,0.031217514273754125
1787026507268,64066.6,2.726,64066.7,1.0,64066.649999999994,0.015608744955221604
1787026507269,64066.6,7.637,64066.7,3.171,64066.649999999994,0.015608744955221604
1787026507270,64066.6,4.406,64066.7,3.178,64066.649999999994,0.015608744955221604
1787026507271,64066.6,3.846,64066.7,3.091,64066.649999999994,0.015608744955221604
1787026507276,64066.6,3.846,64066.7,3.092,64066.649999999994,0.015608744955221604
1787026507281,64066.6,3.846,64066.7,3.091,64066.649999999994,0.015608744955221604
1787026507282,64066.6,2.802,64066.7,3.091,64066.649999999994,0.015608744955221604
1787026507283,64066.6,2.764,64066.7,3.091,64066.649999999994,0.015608744955221604
1787026507284,64066.6,2.72,64066.7,3.091,64066.649999999994,0.015608744955221604
1787026507285,64066.6,2.684,64066.7,3.091,64066.649999999994,0.015608744955221604
1787026507286,64066.6,2.412,64066.7,3.091,64066.649999999994,0.015608744955221604
1787026507287,64066.6,2.422,64066.7,3.091,64066.649999999994,0.015608744955221604
1787026507303,64066.6,2.279,64066.7,3.091,64066.649999999994,0.015608744955221604
1787026507304,64066.6,1.223,64066.7,3.091,64066.649999999994,0.015608744955221604
1787026507305,64066.6,1.123,64066.7,3.091,64066.649999999994,0.015608744955221604
1787026507306,64066.6,1.364,64066.7,3.091,64066.649999999994,0.015608744955221604
1787026507307,64066.6,1.374,64066.7,3.091,64066.649999999994,0.015608744955221604
1787026507310,64066.6,1.364,64066.7,3.091,64066.649999999994,0.015608744955221604
1787026507339,64066.6,1.312,64066.7,3.093,64066.649999999994,0.015608744955221604
1787026507432,64066.6,1.071,64066.7,3.093,64066.649999999994,0.015608744955221604
1787026507440,64066.6,1.071,64066.7,3.1,64066.649999999994,0.015608744955221604
1787026507509,64066.6,1.071,64066.7,3.11,64066.649999999994,0.015608744955221604
1787026507771,64066.6,1.071,64066.7,3.103,64066.649999999994,0.015608744955221604
1787026507962,64066.6,1.061,64066.7,3.103,64066.649999999994,0.015608744955221604
1787026507970,64066.6,1.061,64066.7,3.147,64066.649999999994,0.015608744955221604
1787026508257,64066.6,1.056,64066.7,3.147,64066.649999999994,0.015608744955221604
1787026508493,64066.6,0.522,64066.7,3.147,64066.649999999994,0.015608744955221604
1787026508495,64066.6,0.522,64066.7,3.902,64066.649999999994,0.015608744955221604
1787026509257,64066.6,0.517,64066.7,3.902,64066.649999999994,0.015608744955221604
1787026510258,64066.6,0.512,64066.7,3.902,64066.649999999994,0.015608744955221604
1787026510507,64066.6,0.512,64066.7,3.911,64066.649999999994,0.015608744955221604
1787026510962,64066.6,0.512,64066.7,3.917,64066.649999999994,0.015608744955221604
1787026511181,64066.6,0.512,64066.7,3.911,64066.649999999994,0.015608744955221604
1787026511258,64066.6,0.507,64066.7,3.911,64066.649999999994,0.015608744955221604
1787026511626,64066.6,0.002,64066.7,3.911,64066.649999999994,0.015608744955221604
1787026511627,64064.2,0.001,64064.3,0.356,64064.25,0.015609329697268097
1787026511628,64064.2,0.001,64064.3,1.305,64064.25,0.015609329697268097
1787026511629,64064.2,2.243,64064.3,9.568,64064.25,0.015609329697268097
1787026511630,64064.2,2.253,64064.3,4.186,64064.25,0.015609329697268097
1787026511631,64064.2,2.253,64064.3,2.688,64064.25,0.015609329697268097
1787026511632,64064.2,1.99,64064.3,2.688,64064.25,0.015609329697268097
1787026511633,64064.2,2.0,64064.3,2.688,64064.25,0.015609329697268097
1787026511652,64064.2,1.99,64064.3,2.688,64064.25,0.015609329697268097
1787026511670,64064.2,2.0,64064.3,2.688,64064.25,0.015609329697268097
1787026511694,64064.2,2.0,64064.3,2.313,64064.25,0.015609329697268097
1787026511695,64064.2,1.99,64064.3,1.926,64064.25,0.015609329697268097
1787026511696,64064.2,1.99,64064.3,1.826,64064.25,0.015609329697268097
1787026511734,64064.2,1.992,64064.3,1.828,64064.25,0.015609329697268097
1787026511874,64064.2,1.992,64064.3,1.818,64064.25,0.015609329697268097
1787026512258,64064.2,1.987,64064.3,1.818,64064.25,0.015609329697268097
1787026512309,64064.2,2.018,64064.3,1.818,64064.25,0.015609329697268097
1787026512480,64064.2,2.018,64064.3,1.824,64064.25,0.015609329697268097
1787026512875,64064.2,2.021,64064.3,1.824,64064.25,0.015609329697268097
1787026512876,64064.2,2.018,64064.3,1.824,64064.25,0.015609329697268097
1787026512878,64064.2,2.018,64064.3,1.807,64064.25,0.015609329697268097
1787026513021,64064.2,2.329,64064.3,1.807,64064.25,0.015609329697268097
1787026513257,64064.2,2.324,64064.3,1.807,64064.25,0.015609329697268097
1787026513508,64064.2,2.324,64064.3,1.818,64064.25,0.015609329697268097
1787026513890,64064.2,2.324,64064.3,1.675,64064.25,0.015609329697268097
1787026513946,64064.2,2.324,64064.3,1.588,64064.25,0.015609329697268097
1787026513948,64064.2,2.324,64064.3,1.316,64064.25,0.015609329697268097
1787026513949,64064.2,2.324,64064.3,1.306,64064.25,0.015609329697268097
1787026514174,64064.2,2.324,64064.3,0.25,64064.25,0.015609329697268097
1787026514175,64064.2,3.257,64064.3,0.25,64064.25,0.015609329697268097
1787026514257,64064.2,3.252,64064.3,0.25,64064.25,0.015609329697268097
1787026515046,64064.2,3.255,64064.3,0.25,64064.25,0.015609329697268097
1787026515049,64064.2,3.252,64064.3,0.25,64064.25,0.015609329697268097
1787026515976,64064.2,3.252,64064.3,0.251,64064.25,0.015609329697268097
1787026516270,64064.2,3.251,64064.3,0.251,64064.25,0.015609329697268097
1787026516507,64064.2,3.251,64064.3,0.261,64064.25,0.015609329697268097
1787026517141,64064.2,3.251,64064.3,0.254,64064.25,0.015609329697268097
1787026517347,64064.2,3.254,64064.3,0.254,64064.25,0.015609329697268097
1787026517371,64064.2,3.251,64064.3,0.254,64064.25,0.015609329697268097
1787026518313,64064.2,3.22,64064.3,0.254,64064.25,0.015609329697268097
1787026518318,64064.2,3.251,64064.3,0.254,64064.25,0.015609329697268097
1787026518380,64064.2,3.267,64064.3,0.254,64064.25,0.015609329697268097
1787026519418,64064.2,3.267,64064.3,0.161,64064.25,0.015609329697268097
1787026519419,64064.2,4.475,64064.3,0.161,64064.25,0.015609329697268097
1787026519420,64064.2,4.473,64064.3,0.161,64064.25,0.015609329697268097
1787026519421,64066.3,2.345,64066.4,0.156,64066.350000000006,0.015608818045439581
1787026519422,64066.6,5.504,64066.7,1.162,64066.649999999994,0.015608744955221604
1787026519423,64066.6,9.916,64066.7,2.49,64066.649999999994,0.015608744955221604
1787026519424,64066.6,5.866,64066.7,3.818,64066.649999999994,0.015608744955221604
1787026519425,64066.6,4.538,64066.7,2.347,64066.649999999994,0.015608744955221604
1787026519426,64066.6,4.018,64066.7,2.347,64066.649999999994,0.015608744955221604
1787026519439,64066.6,4.018,64066.7,2.49,64066.649999999994,0.015608744955221604
1787026519449,64066.6,4.028,64066.7,2.49,64066.649999999994,0.015608744955221604
1787026519468,64066.6,4.028,64066.7,2.497,64066.649999999994,0.015608744955221604
1787026519470,64066.6,4.028,64066.7,2.59,64066.649999999994,0.015608744955221604
1787026519478,64066.6,3.6,64066.7,2.59,64066.649999999994,0.015608744955221604
1787026519484,64066.6,2.973,64066.7,2.686,64066.649999999994,0.015608744955221604
1787026519485,64066.6,2.932,64066.7,2.686,64066.649999999994,0.015608744955221604
1787026519508,64066.6,2.932,64066.7,2.691,64066.649999999994,0.015608744955221604
1787026519510,64066.6,2.887,64066.7,2.691,64066.649999999994,0.015608744955221604
1787026519538,64066.6,2.889,64066.7,2.693,64066.649999999994,0.015608744955221604
1787026519649,64066.6,2.872,64066.7,2.693,64066.649999999994,0.015608744955221604
1787026519709,64066.6,2.872,64066.7,2.597,64066.649999999994,0.015608744955221604
1787026519711,64066.6,2.872,64066.7,1.541,64066.649999999994,0.015608744955221604
1787026519870,64066.6,2.872,64066.7,1.269,64066.649999999994,0.015608744955221604
1787026520691,64066.6,2.872,64066.7,1.361,64066.649999999994,0.015608744955221604
1787026520810,64066.6,2.872,64066.7,1.269,64066.649999999994,0.015608744955221604
1787026521314,64066.6,2.872,64066.7,1.365,64066.649999999994,0.015608744955221604
1787026521581,64066.6,2.872,64066.7,1.885,64066.649999999994,0.015608744955221604
1787026521582,64066.6,2.742,64066.7,1.885,64066.649999999994,0.015608744955221604
1787026521583,64066.6,2.733,64066.7,1.885,64066.649999999994,0.015608744955221604
1787026521634,64066.6,2.328,64066.7,1.885,64066.649999999994,0.015608744955221604
1787026521919,64066.6,2.104,64066.7,2.26,64066.649999999994,0.015608744955221604
1787026521920,64066.6,1.978,64066.7,2.26,64066.649999999994,0.015608744955221604
1787026521925,64066.6,1.978,64066.7,2.321,64066.649999999994,0.015608744955221604
1787026521973,64066.6,1.978,64066.7,1.946,64066.649999999994,0.015608744955221604
1787026521974,64066.6,1.978,64066.7,1.944,64066.649999999994,0.015608744955221604
1787026521975,64066.6,1.978,64066.7,1.946,64066.649999999994,0.015608744955221604
1787026522122,64066.6,1.978,64066.7,2.29,64066.649999999994,0.015608744955221604
1787026522341,64066.6,1.968,64066.7,2.29,64066.649999999994,0.015608744955221604
1787026522362,64066.6,0.912,64066.7,2.29,64066.649999999994,0.015608744955221604
1787026522363,64066.6,0.876,64066.7,2.95,64066.649999999994,0.015608744955221604
1787026522364,64066.6,0.794,64066.7,2.95,64066.649999999994,0.015608744955221604
1787026522508,64066.6,0.794,64066.7,2.953,64066.649999999994,0.015608744955221604
1787026522831,64066.6,0.765,64066.7,2.953,64066.649999999994,0.015608744955221604
1787026522859,64066.6,0.765,64066.7,3.587,64066.649999999994,0.015608744955221604
1787026524310,64066.6,0.765,64066.7,3.588,64066.649999999994,0.015608744955221604
1787026524327,64066.6,0.796,64066.7,3.588,64066.649999999994,0.015608744955221604
1787026524479,64066.6,0.553,64066.7,3.588,64066.649999999994,0.015608744955221604
1787026525507,64066.6,0.553,64066.7,3.597,64066.649999999994,0.015608744955221604
1787026525831,64066.6,0.522,64066.7,3.597,64066.649999999994,0.015608744955221604
1787026525980,64066.6,0.522,64066.7,3.62,64066.649999999994,0.015608744955221604
1787026526484,64066.6,0.522,64066.7,3.597,64066.649999999994,0.015608744955221604
1787026526487,64066.6,0.522,64066.7,3.623,64066.649999999994,0.015608744955221604
1787026526829,64066.6,0.033,64066.7,3.623,64066.649999999994,0.015608744955221604
1787026526830,64066.6,0.033,64066.7,3.623,64066.649999999994,0.015608744955221604
1787026526833,64066.6,0.009,64066.7,3.623,64066.649999999994,0.015608744955221604
1787026526835,64066.6,0.529,64066.7,3.623,64066.649999999994,0.015608744955221604
1787026526836,64066.6,0.527,64066.7,3.623,64066.649999999994,0.015608744955221604
1787026526943,64066.6,0.529,64066.7,3.623,64066.649999999994,0.015608744955221604
1787026527095,64066.6,0.009,64066.7,3.623,64066.649999999994,0.015608744955221604
1787026527097,64064.2,0.021,64064.3,0.954,64064.25,0.015609329697268097
1787026527098,64064.2,0.02,64064.3,5.179,64064.25,0.015609329697268097
1787026527099,64064.2,0.02,64064.3,9.476,64064.25,0.015609329697268097
1787026527100,64064.2,0.02,64064.3,6.687,64064.25,0.015609329697268097
1787026527101,64064.2,0.02,64064.3,6.534,64064.25,0.015609329697268097
1787026527102,64064.2,0.02,64064.3,7.335,64064.25,0.015609329697268097
1787026527103,64064.2,0.54,64064.3,5.491,64064.25,0.015609329697268097
1787026527104,64064.2,0.55,64064.3,5.591,64064.25,0.015609329697268097
1787026527108,64064.2,0.54,64064.3,5.591,64064.25,0.015609329697268097
1787026527148,64064.2,0.54,64064.3,5.248,64064.25,0.015609329697268097
1787026527152,64064.2,0.542,64064.3,5.25,64064.25,0.015609329697268097
1787026527282,64064.2,0.542,64064.3,5.247,64064.25,0.015609329697268097
1787026527309,64064.2,0.022,64064.3,5.247,64064.25,0.015609329697268097
1787026527620,64064.0,0.078,64064.1,2.615,64064.05,0.01560937842651921
1787026527621,64064.0,0.078,64064.1,10.216,64064.05,0.01560937842651921
1787026527622,64064.0,0.08,64064.1,13.264,64064.05,0.01560937842651921
1787026527623,64064.0,0.08,64064.1,7.854,64064.05,0.01560937842651921
1787026527624,64064.0,0.078,64064.1,7.772,64064.05,0.01560937842651921
1787026527625,64064.0,0.078,64064.1,7.869,64064.05,0.01560937842651921
1787026527672,64064.0,0.078,64064.1,7.52,64064.05,0.01560937842651921
1787026527683,64064.0,0.078,64064.1,7.546,64064.05,0.01560937842651921
1787026527726,64064.0,0.08,64064.1,7.548,64064.05,0.01560937842651921
1787026527831,64064.0,0.323,64064.1,7.548,64064.05,0.01560937842651921
1787026527833,64064.0,0.294,64064.1,7.548,64064.05,0.01560937842651921
1787026527834,64064.0,0.296,64064.1,7.548,64064.05,0.01560937842651921
1787026527835,64064.0,0.053,64064.1,7.548,64064.05,0.01560937842651921
1787026527836,64064.0,0.573,64064.1,7.548,64064.05,0.01560937842651921
1787026527838,64064.0,0.571,64064.1,7.548,64064.05,0.01560937842651921
1787026527990,64064.0,0.573,64064.1,7.548,64064.05,0.01560937842651921
1787026528442,64064.0,0.053,64064.1,7.548,64064.05,0.01560937842651921
1787026528470,64063.6,0.335,64063.7,0.274,64063.649999999994,0.015609475888205687
1787026528471,64063.6,0.335,64063.7,1.719,64063.649999999994,0.015609475888205687
1787026528472,64063.6,0.335,64063.7,4.493,64063.649999999994,0.015609475888205687
1787026528473,64063.6,0.857,64063.7,13.213,64063.649999999994,0.015609475888205687
1787026528474,64063.6,0.855,64063.7,6.341,64063.649999999994,0.015609475888205687
1787026528475,64063.6,1.104,64063.7,6.081,64063.649999999994,0.015609475888205687
1787026528482,64063.6,1.104,64063.7,5.748,64063.649999999994,0.015609475888205687
1787026528498,64063.6,1.114,64063.7,5.748,64063.649999999994,0.015609475888205687
1787026528502,64063.6,1.104,64063.7,5.748,64063.649999999994,0.015609475888205687
1787026528507,64063.6,1.104,64063.7,5.752,64063.649999999994,0.015609475888205687
1787026528583,64063.6,1.106,64063.7,5.754,64063.649999999994,0.015609475888205687
1787026528584,64063.6,0.586,64063.7,5.754,64063.649999999994,0.015609475888205687
1787026528691,64063.6,0.586,64063.7,5.78,64063.649999999994,0.015609475888205687
1787026529430,64063.6,0.586,64063.7,5.754,64063.649999999994,0.015609475888205687
1787026529433,64063.6,0.586,64063.7,5.781,64063.649999999994,0.015609475888205687
1787026530144,64063.6,0.586,64063.7,5.782,64063.649999999994,0.015609475888205687
1787026530879,64063.6,0.829,64063.7,5.782,64063.649999999994,0.015609475888205687
1787026531117,64063.6,0.586,64063.7,5.782,64063.649999999994,0.015609475888205687
1787026531508,64063.6,0.586,64063.7,5.786,64063.649999999994,0.015609475888205687
1787026532968,64063.6,0.586,64063.7,5.79,64063.649999999994,0.015609475888205687
1787026533634,64063.6,0.59,64063.7,5.79,64063.649999999994,0.015609475888205687
1787026534362,64063.6,1.268,64063.7,5.79,64063.649999999994,0.015609475888205687
1787026534363,64063.6,2.462,64063.7,4.434,64063.649999999994,0.015609475888205687
1787026534364,64064.5,0.751,64064.9,0.006,64064.7,0.06243688021663337
1787026534365,64064.5,0.851,64065.0,0.003,64064.75,0.07804603935861765
1787026534366,64064.9,0.296,64065.0,1.059,64064.95,0.015609159142174436
1787026534367,64064.9,2.457,64065.0,1.047,64064.95,0.015609159142174436
1787026534368,64064.9,5.483,64065.0,1.839,64064.95,0.015609159142174436
1787026534369,64064.9,5.426,64065.0,1.838,64064.95,0.015609159142174436
1787026534370,64064.9,4.86,64065.0,3.13,64064.95,0.015609159142174436
1787026534371,64064.9,4.512,64065.0,2.866,64064.95,0.015609159142174436
1787026534372,64064.9,4.376,64065.0,2.074,64064.95,0.015609159142174436
1787026534381,64064.9,4.376,64065.0,1.931,64064.95,0.015609159142174436
1787026534416,64064.9,4.376,64065.0,2.074,64064.95,0.015609159142174436
1787026534462,64064.9,4.376,64065.0,2.076,64064.95,0.015609159142174436
1787026534468,64064.9,4.376,64065.0,2.081,64064.95,0.015609159142174436
1787026534469,64064.9,4.378,64065.0,1.938,64064.95,0.015609159142174436
1787026534491,64064.9,4.378,64065.0,2.081,64064.95,0.015609159142174436
1787026534494,64064.9,3.7,64065.0,2.081,64064.95,0.015609159142174436
1787026534495,64064.9,3.665,64065.0,2.081,64064.95,0.015609159142174436
1787026534507,64064.9,3.665,64065.0,2.085,64064.95,0.015609159142174436
1787026534692,64064.9,3.331,64065.0,2.085,64064.95,0.015609159142174436
1787026535219,64064.9,2.653,64065.0,2.085,64064.95,0.015609159142174436
1787026535220,64064.9,1.879,64065.0,2.3,64064.95,0.015609159142174436
1787026535221,64064.9,1.505,64065.0,2.3,64064.95,0.015609159142174436
1787026535222,64064.9,1.456,64065.0,2.3,64064.95,0.015609159142174436
1787026535912,64064.9,1.383,64065.0,2.3,64064.95,0.015609159142174436
1787026535913,64064.9,1.346,64065.0,2.3,64064.95,0.015609159142174436
1787026536299,64064.9,1.327,64065.0,2.3,64064.95,0.015609159142174436
1787026537508,64064.9,1.327,64065.0,2.309,64064.95,0.015609159142174436
1787026538009,64064.9,1.331,64065.0,2.309,64064.95,0.015609159142174436
1787026539313,64064.9,1.331,64065.0,3.671,64064.95,0.015609159142174436
1787026539314,64063.8,0.02,64063.9,0.695,64063.850000000006,0.015609427157210315
1787026539315,64059.2,0.039,64059.8,1.056,64059.5,0.09366292275241311
1787026539316,64059.2,0.04,64059.8,10.357,64059.5,0.09366292275241311
1787026539317,64059.2,0.04,64059.8,10.457,64059.5,0.09366292275241311
1787026539318,64059.2,0.04,64059.8,12.421,64059.5,0.09366292275241311
1787026539319,64059.2,0.559,64059.3,0.781,64059.25,0.015610548048224225
1787026539320,64059.1,0.014,64059.3,2.637,64059.2,0.03122112046425269
1787026539321,64059.1,0.014,64059.2,1.01,64059.149999999994,0.015610572416047484
1787026539322,64059.1,0.257,64059.2,1.02,64059.149999999994,0.015610572416047484
1787026539323,64059.1,0.257,64059.2,1.292,64059.149999999994,0.015610572416047484
1787026539324,64059.1,0.257,64059.2,1.328,64059.149999999994,0.015610572416047484
1787026539325,64059.1,0.257,64059.2,2.074,64059.149999999994,0.015610572416047484
1787026539326,64059.1,1.313,64059.2,2.004,64059.149999999994,0.015610572416047484
1787026539327,64059.1,1.297,64059.2,2.452,64059.149999999994,0.015610572416047484
1787026539329,64059.1,1.056,64059.2,2.885,64059.149999999994,0.015610572416047484
1787026539330,64059.1,1.056,64059.2,3.759,64059.149999999994,0.015610572416047484
1787026539331,64059.1,1.056,64059.2,4.186,64059.149999999994,0.015610572416047484
1787026539332,64059.1,1.056,64059.2,3.852,64059.149999999994,0.015610572416047484
1787026539333,64059.0,0.001,64059.2,3.48,64059.1,0.0312211692011111
1787026539334,64059.0,0.207,64059.2,4.247,64059.1,0.0312211692011111
1787026539335,64059.0,0.001,64059.1,0.294,64059.05,0.015610596785082639
1787026539336,64059.0,0.521,64059.1,0.304,64059.05,0.015610596785082639
1787026539337,64059.0,0.521,64059.1,0.643,64059.05,0.015610596785082639
1787026539339,64059.0,0.521,64059.1,0.679,64059.05,0.015610596785082639
1787026539340,64059.0,0.521,64059.1,5.869,64059.05,0.015610596785082639
1787026539341,64059.0,0.764,64059.1,7.232,64059.05,0.015610596785082639
1787026539342,64059.0,0.754,64059.1,9.19,64059.05,0.015610596785082639
1787026539343,64059.0,0.511,64059.1,10.137,64059.05,0.015610596785082639
1787026539344,64059.0,1.272,64059.1,11.529,64059.05,0.015610596785082639
1787026539345,64059.0,2.345,64059.1,11.665,64059.05,0.015610596785082639
1787026539346,64059.0,2.345,64059.1,10.469,64059.05,0.015610596785082639
1787026539347,64059.0,2.355,64059.1,9.162,64059.05,0.015610596785082639
1787026539348,64059.0,1.076,64059.1,6.373,64059.05,0.015610596785082639
1787026539349,64059.0,0.573,64059.1,5.711,64059.05,0.015610596785082639
1787026539350,64059.0,0.582,64059.1,3.867,64059.05,0.015610596785082639
1787026539351,64059.0,0.582,64059.1,3.731,64059.05,0.015610596785082639
1787026539352,64059.0,1.122,64059.1,3.595,64059.05,0.015610596785082639
1787026539353,64059.0,1.156,64059.1,3.595,64059.05,0.015610596785082639
1787026539354,64059.0,1.405,64059.1,3.595,64059.05,0.015610596785082639
1787026539355,64059.0,1.422,64059.1,3.572,64059.05,0.015610596785082639
1787026539356,64059.0,1.441,64059.1,3.572,64059.05,0.015610596785082639
1787026539365,64059.0,1.441,64059.1,3.052,64059.05,0.015610596785082639
1787026539366,64059.0,1.451,64059.1,3.052,64059.05,0.015610596785082639
1787026539367,64059.0,1.451,64059.1,3.016,64059.05,0.015610596785082639
1787026539383,64059.0,1.451,64059.1,3.006,64059.05,0.015610596785082639
1787026539403,64059.0,1.38,64059.1,3.006,64059.05,0.015610596785082639
1787026539404,64059.0,1.371,64059.1,3.006,64059.05,0.015610596785082639
1787026539405,64059.0,0.77,64059.1,3.006,64059.05,0.015610596785082639
1787026539406,64059.0,0.76,64059.1,3.006,64059.05,0.015610596785082639
1787026539414,64059.0,0.76,64059.1,3.149,64059.05,0.015610596785082639
1787026539461,64059.0,0.249,64059.1,3.149,64059.05,0.015610596785082639
1787026539462,64059.0,0.249,64059.1,3.155,64059.05,0.015610596785082639
1787026539463,64059.0,0.249,64059.1,3.152,64059.05,0.015610596785082639
1787026539466,64059.0,0.489,64059.1,3.152,64059.05,0.015610596785082639
1787026539467,64059.0,0.489,64059.1,3.541,64059.05,0.015610596785082639
1787026539468,64059.0,0.249,64059.1,3.541,64059.05,0.015610596785082639
1787026539470,64059.0,0.249,64059.1,3.538,64059.05,0.015610596785082639
1787026539480,64059.0,0.249,64059.1,3.54,64059.05,0.015610596785082639
1787026539483,64059.0,0.249,64059.1,3.543,64059.05,0.015610596785082639
1787026539489,64059.0,0.251,64059.1,3.543,64059.05,0.015610596785082639
1787026539511,64059.0,0.251,64059.1,3.54,64059.05,0.015610596785082639
1787026539512,64059.0,0.251,64059.1,3.543,64059.05,0.015610596785082639
1787026539513,64059.0,0.492,64059.1,3.543,64059.05,0.015610596785082639
1787026539514,64059.0,0.492,64059.1,3.54,64059.05,0.015610596785082639
1787026539521,64059.0,0.492,64059.1,3.543,64059.05,0.015610596785082639
1787026539522,64059.0,0.492,64059.1,3.54,64059.05,0.015610596785082639
1787026539622,64059.0,0.492,64059.1,3.151,64059.05,0.015610596785082639
1787026539681,64059.0,0.512,64059.1,3.151,64059.05,0.015610596785082639
1787026539682,64059.0,0.512,64059.1,3.151,64059.05,0.015610596785082639
1787026539689,64059.0,0.521,64059.1,3.151,64059.05,0.015610596785082639
1787026539832,64059.0,0.519,64059.1,3.151,64059.05,0.015610596785082639
1787026539904,64059.0,0.519,64059.1,3.156,64059.05,0.015610596785082639
1787026540112,64059.0,0.52,64059.1,3.156,64059.05,0.015610596785082639
1787026540165,64059.0,0.5,64059.1,3.816,64059.05,0.015610596785082639
1787026540266,64059.0,0.5,64059.1,4.155,64059.05,0.015610596785082639
1787026540267,64059.0,0.259,64059.1,4.155,64059.05,0.015610596785082639
1787026540269,64059.0,0.472,64059.1,4.155,64059.05,0.015610596785082639
1787026540300,64059.0,0.259,64059.1,4.155,64059.05,0.015610596785082639
1787026540301,64059.0,0.257,64059.1,4.155,64059.05,0.015610596785082639
1787026540318,64059.0,0.259,64059.1,4.155,64059.05,0.015610596785082639
1787026540320,64059.0,0.266,64059.1,4.155,64059.05,0.015610596785082639
1787026540324,64059.0,0.481,64059.1,3.816,64059.05,0.015610596785082639
1787026540508,64059.0,0.481,64059.1,3.82,64059.05,0.015610596785082639
1787026540754,64059.0,0.481,64059.1,3.83,64059.05,0.015610596785082639
1787026540829,64059.0,0.481,64059.1,3.832,64059.05,0.015610596785082639
1787026541108,64059.0,0.48,64059.1,3.832,64059.05,0.015610596785082639
1787026541428,64059.0,0.48,64059.1,3.827,64059.05,0.015610596785082639
1787026541432,64059.0,0.48,64059.1,3.833,64059.05,0.015610596785082639
1787026542389,64059.0,0.265,64059.1,4.199,64059.05,0.015610596785082639
1787026542390,64059.0,0.265,64059.1,4.199,64059.05,0.015610596785082639
1787026542416,64059.0,0.285,64059.1,4.199,64059.05,0.015610596785082639
1787026542691,64059.0,0.285,64059.1,4.192,64059.05,0.015610596785082639
1787026542819,64059.0,0.265,64059.1,4.192,64059.05,0.015610596785082639
1787026542820,64059.0,0.285,64059.1,4.192,64059.05,0.015610596785082639
1787026543508,64059.0,0.285,64059.1,4.193,64059.05,0.015610596785082639
1787026543511,64059.0,0.285,64059.1,4.196,64059.05,0.015610596785082639
1787026543512,64059.0,0.285,64059.1,4.203,64059.05,0.015610596785082639
1787026543582,64059.0,0.285,64059.1,4.2,64059.05,0.015610596785082639
1787026544270,64059.0,0.283,64059.1,4.2,64059.05,0.015610596785082639
1787026544272,64059.0,0.285,64059.1,4.2,64059.05,0.015610596785082639
1787026545742,64059.0,0.493,64059.1,3.834,64059.05,0.015610596785082639
1787026545825,64059.0,0.285,64059.1,4.169,64059.05,0.015610596785082639
1787026545826,64059.0,0.283,64059.1,4.169,64059.05,0.015610596785082639
1787026545827,64059.0,0.285,64059.1,4.169,64059.05,0.015610596785082639
1787026546507,64059.0,0.285,64059.1,4.18,64059.05,0.015610596785082639
1787026547356,64059.0,0.285,64059.1,4.179,64059.05,0.015610596785082639
1787026549428,64059.0,0.285,64059.1,4.172,64059.05,0.015610596785082639
1787026549431,64059.0,0.285,64059.1,4.18,64059.05,0.015610596785082639
1787026549508,64059.0,0.285,64059.1,4.182,64059.05,0.015610596785082639
1787026549515,64059.0,0.285,64059.1,4.416,64059.05,0.015610596785082639
1787026551264,64059.0,0.285,64059.1,4.182,64059.05,0.015610596785082639
1787026551271,64059.0,0.494,64059.1,3.847,64059.05,0.015610596785082639
1787026551272,64059.0,0.494,64059.1,3.847,64059.05,0.015610596785082639
1787026551327,64059.0,0.494,64059.1,4.081,64059.05,0.015610596785082639
1787026551369,64059.0,0.285,64059.1,4.081,64059.05,0.015610596785082639
1787026551370,64059.0,0.283,64059.1,4.081,64059.05,0.015610596785082639
1787026551371,64059.0,0.285,64059.1,4.081,64059.05,0.015610596785082639
1787026551709,64059.0,2.815,64059.1,1.147,64059.05,0.015610596785082639
1787026551710,64059.0,2.815,64059.1,0.043,64059.05,0.015610596785082639
1787026551711,64059.7,2.863,64060.9,0.006,64060.3,0.1873235061347458
1787026551712,64059.7,2.893,64061.1,0.002,64060.399999999994,0.2185437493367908
1787026551713,64059.7,4.053,64061.1,0.002,64060.399999999994,0.2185437493367908
1787026551714,64061.0,0.549,64061.1,0.002,64061.05,0.015610109418834816
1787026551715,64061.0,0.549,64062.5,0.001,64061.75,0.23414908272096843
1787026551717,64062.3,3.121,64062.5,0.001,64062.4,0.031219560927640805
1787026551718,64062.3,6.821,64062.5,1.057,64062.4,0.031219560927640805
1787026551719,64062.4,0.103,64062.5,1.329,64062.45,0.015609768280567605
1787026551720,64062.4,2.524,64062.5,1.849,64062.45,0.015609768280567605
1787026551721,64062.4,3.99,64062.5,2.39,64062.45,0.015609768280567605
1787026551722,64062.4,3.087,64062.5,2.389,64062.45,0.015609768280567605
1787026551723,64062.4,1.58,64062.5,3.85,64062.45,0.015609768280567605
1787026551724,64062.4,1.728,64062.5,4.319,64062.45,0.015609768280567605
1787026551725,64062.4,0.704,64062.5,3.015,64062.45,0.015609768280567605
1787026551726,64062.4,0.692,64062.5,2.743,64062.45,0.015609768280567605
1787026551761,64062.4,0.692,64062.5,2.843,64062.45,0.015609768280567605
1787026551770,64062.4,0.549,64062.5,2.843,64062.45,0.015609768280567605
1787026551777,64062.4,0.549,64062.5,3.077,64062.45,0.015609768280567605
1787026551778,64062.4,0.551,64062.5,3.079,64062.45,0.015609768280567605
1787026551782,64062.4,0.694,64062.5,3.079,64062.45,0.015609768280567605
1787026552365,64062.4,0.694,64062.5,3.082,64062.45,0.015609768280567605
1787026552462,64062.4,0.694,64062.5,3.079,64062.45,0.015609768280567605
1787026552508,64062.4,0.694,64062.5,3.082,64062.45,0.015609768280567605
1787026552851,64062.4,0.145,64062.5,3.082,64062.45,0.015609768280567605
1787026552852,64062.4,0.145,64062.5,3.082,64062.45,0.015609768280567605
1787026552853,64062.4,0.417,64062.5,3.082,64062.45,0.015609768280567605
1787026552854,64062.4,1.471,64062.5,3.082,64062.45,0.015609768280567605
1787026552996,64062.4,1.471,64062.5,2.848,64062.45,0.015609768280567605
1787026552997,64062.4,1.473,64062.5,2.848,64062.45,0.015609768280567605
1787026553857,64062.4,1.473,64062.5,2.851,64062.45,0.015609768280567605
1787026553978,64062.4,1.722,64062.5,2.851,64062.45,0.015609768280567605
1787026554081,64062.4,1.722,64062.5,2.858,64062.45,0.015609768280567605
1787026554151,64062.4,1.722,64062.5,2.855,64062.45,0.015609768280567605
1787026554156,64062.4,1.722,64062.5,2.858,64062.45,0.015609768280567605
1787026554305,64062.4,1.722,64062.5,2.855,64062.45,0.015609768280567605
1787026554310,64062.4,1.722,64062.5,2.858,64062.45,0.015609768280567605
1787026554318,64062.4,1.722,64062.5,2.855,64062.45,0.015609768280567605
1787026554320,64062.4,1.722,64062.5,2.855,64062.45,0.015609768280567605
1787026555108,64062.4,1.722,64062.5,2.848,64062.45,0.015609768280567605
1787026555111,64062.4,1.722,64062.5,2.856,64062.45,0.015609768280567605
1787026555404,64062.4,1.722,64062.5,2.859,64062.45,0.015609768280567605
1787026555450,64062.4,1.722,64062.5,2.859,64062.45,0.015609768280567605
1787026555507,64062.4,1.722,64062.5,2.861,64062.45,0.015609768280567605
1787026555909,64062.4,1.738,64062.5,2.861,64062.45,0.015609768280567605
1787026556012,64062.4,1.738,64062.5,2.858,64062.45,0.015609768280567605
1787026556032,64062.4,1.787,64062.5,2.858,64062.45,0.015609768280567605
1787026557985,64062.4,1.787,64062.5,2.861,64062.45,0.015609768280567605
1787026558159,64062.4,1.787,64062.5,2.858,64062.45,0.015609768280567605
1787026558163,64062.4,1.787,64062.5,2.861,64062.45,0.015609768280567605
1787026558223,64062.4,1.787,64062.5,2.858,64062.45,0.015609768280567605
1787026558304,64062.4,1.644,64062.5,2.858,64062.45,0.015609768280567605
1787026558305,64062.4,0.588,64062.5,2.858,64062.45,0.015609768280567605
1787026558306,64062.4,0.588,64062.5,2.858,64062.45,0.015609768280567605
1787026558307,64062.4,0.316,64062.5,2.858,64062.45,0.015609768280567605
1787026558314,64062.4,0.316,64062.5,3.482,64062.45,0.015609768280567605
1787026558507,64062.4,0.316,64062.5,3.484,64062.45,0.015609768280567605
1787026558542,64062.4,0.316,64062.5,4.216,64062.45,0.015609768280567605
1787026558545,64062.4,0.316,64062.5,4.45,64062.45,0.015609768280567605
1787026558618,64059.4,0.001,64061.3,0.573,64060.350000000006,0.2965953198821822
1787026558619,64058.5,0.017,64058.6,2.16,64058.55,0.01561071863139968
1787026558620,64058.5,0.017,64058.6,10.564,64058.55,0.01561071863139968
1787026558621,64058.5,0.017,64058.6,13.382,64058.55,0.01561071863139968
1787026558622,64058.5,0.017,64058.6,10.073,64058.55,0.01561071863139968
1787026558623,64058.5,0.017,64058.6,8.327,64058.55,0.01561071863139968
1787026558624,64058.5,0.057,64058.6,6.543,64058.55,0.01561071863139968
1787026558625,64058.5,0.057,64058.6,6.271,64058.55,0.01561071863139968
1787026558626,64058.5,0.057,64058.6,4.955,64058.55,0.01561071863139968
1787026558627,64058.5,0.057,64058.6,4.819,64058.55,0.01561071863139968
1787026558681,64058.5,0.073,64058.6,4.819,64058.55,0.01561071863139968
1787026558682,64058.5,0.865,64058.6,4.819,64058.55,0.01561071863139968
1787026558683,64058.5,0.909,64058.6,4.819,64058.55,0.01561071863139968
1787026558684,64058.5,0.914,64058.6,4.432,64058.55,0.01561071863139968
1787026558685,64058.5,1.97,64058.6,4.432,64058.55,0.01561071863139968
1787026558686,64058.5,1.97,64058.6,4.415,64058.55,0.01561071863139968
1787026558687,64058.5,1.97,64058.6,4.345,64058.55,0.01561071863139968
1787026558720,64058.5,2.113,64058.6,4.345,64058.55,0.01561071863139968
1787026558721,64058.5,2.115,64058.6,4.347,64058.55,0.01561071863139968
1787026558746,64058.5,2.066,64058.6,4.347,64058.55,0.01561071863139968
1787026558988,64058.5,2.066,64058.6,4.317,64058.55,0.01561071863139968
1787026559125,64058.5,2.066,64058.6,4.321,64058.55,0.01561071863139968
1787026559127,64058.5,2.066,64058.6,4.021,64058.55,0.01561071863139968
1787026559248,64058.5,2.066,64058.6,3.616,64058.55,0.01561071863139968
1787026559357,64058.5,2.066,64058.6,3.624,64058.55,0.01561071863139968
1787026559723,64058.5,2.073,64058.6,3.624,64058.55,0.01561071863139968
1787026560141,64058.5,2.057,64058.6,3.624,64058.55,0.01561071863139968
1787026560254,64058.5,2.057,64058.6,3.965,64058.55,0.01561071863139968
1787026560256,64058.5,1.001,64058.6,3.965,64058.55,0.01561071863139968
1787026560259,64058.5,0.858,64058.6,3.965,64058.55,0.01561071863139968
1787026560417,64058.5,0.066,64058.6,3.965,64058.55,0.01561071863139968
1787026560418,64058.5,0.064,64058.6,3.965,64058.55,0.01561071863139968
1787026560419,64058.5,0.066,64058.6,3.965,64058.55,0.01561071863139968
1787026560520,64058.5,0.586,64058.6,3.965,64058.55,0.01561071863139968
1787026560521,64058.5,0.729,64058.6,3.965,64058.55,0.01561071863139968
1787026560524,64058.5,0.729,64058.6,3.961,64058.55,0.01561071863139968
1787026560525,64058.5,0.729,64058.6,3.62,64058.55,0.01561071863139968
1787026560527,64058.5,0.74,64059.9,0.146,64059.2,0.21854784324522555
1787026560528,64059.8,0.063,64059.9,1.199,64059.850000000006,0.015610401834931677
1787026560529,64059.8,2.849,64059.9,1.948,64059.850000000006,0.015610401834931677
1787026560530,64059.8,4.054,64059.9,2.091,64059.850000000006,0.015610401834931677
1787026560531,64059.8,3.436,64059.9,1.948,64059.850000000006,0.015610401834931677
1787026560532,64059.8,3.439,64059.9,2.091,64059.850000000006,0.015610401834931677
1787026560533,64059.8,3.436,64059.9,2.091,64059.850000000006,0.015610401834931677
1787026560541,64059.8,3.436,64059.9,2.082,64059.850000000006,0.015610401834931677
1787026560543,64059.8,3.439,64059.9,2.082,64059.850000000006,0.015610401834931677
1787026560561,64059.8,3.436,64059.9,2.082,64059.850000000006,0.015610401834931677
1787026560578,64059.8,2.57,64059.9,2.082,64059.850000000006,0.015610401834931677
1787026560581,64059.8,2.57,64059.9,1.559,64059.850000000006,0.015610401834931677
1787026560583,64059.8,2.498,64059.9,1.559,64059.850000000006,0.015610401834931677
1787026560617,64059.8,2.498,64059.9,1.561,64059.850000000006,0.015610401834931677
1787026560645,64059.8,2.5,64059.9,1.561,64059.850000000006,0.015610401834931677
1787026560770,64059.8,3.616,64059.9,1.561,64059.850000000006,0.015610401834931677
1787026560772,64059.8,4.824,64059.9,1.561,64059.850000000006,0.015610401834931677
1787026560773,64059.8,4.824,64059.9,1.554,64059.850000000006,0.015610401834931677
1787026560779,64059.8,4.824,64059.9,1.411,64059.850000000006,0.015610401834931677
1787026561078,64059.8,4.824,64059.9,1.412,64059.850000000006,0.015610401834931677
1787026561126,64059.8,4.824,64059.9,1.555,64059.850000000006,0.015610401834931677
1787026561215,64059.8,4.824,64059.9,1.412,64059.850000000006,0.015610401834931677
1787026561508,64059.8,4.824,64059.9,1.413,64059.850000000006,0.015610401834931677
1787026561680,64059.8,4.824,64059.9,1.621,64059.850000000006,0.015610401834931677
1787026562699,64059.8,4.824,64059.9,1.764,64059.850000000006,0.015610401834931677
1787026562706,64059.8,3.708,64059.9,1.764,64059.850000000006,0.015610401834931677
1787026562707,64059.8,3.708,64059.9,1.764,64059.850000000006,0.015610401834931677
1787026563629,64059.8,3.708,64059.9,1.621,64059.850000000006,0.015610401834931677
1787026564021,64059.8,3.708,64059.9,1.764,64059.850000000006,0.015610401834931677
1787026564507,64059.8,3.708,64059.9,1.765,64059.850000000006,0.015610401834931677
1787026564956,64059.8,3.708,64059.9,1.622,64059.850000000006,0.015610401834931677
1787026565456,64059.8,3.708,64059.9,1.765,64059.850000000006,0.015610401834931677
1787026565875,64060.8,0.047,64060.9,0.001,64060.850000000006,0.01561015815409018
1787026565876,64061.2,1.078,64061.5,0.008,64061.35,0.04683010895070278
1787026565877,64061.4,0.169,64061.5,0.008,64061.45,0.015610011949236993
1787026565878,64061.4,6.336,64061.5,0.008,64061.45,0.015610011949236993
1787026565879,64061.4,9.757,64061.5,0.008,64061.45,0.015610011949236993
1787026565880,64062.0,1.19,64062.1,0.077,64062.05,0.015609865747122486
1787026565881,64062.0,3.123,64062.1,0.074,64062.05,0.015609865747122486
1787026565882,64062.0,3.648,64062.1,0.074,64062.05,0.015609865747122486
1787026565883,64062.0,6.101,64062.1,0.074,64062.05,0.015609865747122486
1787026565884,64062.0,6.798,64062.1,0.074,64062.05,0.015609865747122486
1787026565885,64062.0,6.582,64062.1,0.074,64062.05,0.015609865747122486
1787026565886,64062.0,6.761,64062.1,0.074,64062.05,0.015609865747122486
1787026565887,64062.0,7.545,64062.1,0.074,64062.05,0.015609865747122486
1787026565888,64062.0,9.404,64062.1,0.074,64062.05,0.015609865747122486
1787026565889,64062.0,9.18,64062.1,0.074,64062.05,0.015609865747122486
1787026565892,64062.0,9.869,64062.1,0.074,64062.05,0.015609865747122486
1787026565893,64062.0,9.42,64062.1,0.074,64062.05,0.015609865747122486
1787026565894,64062.0,9.429,64062.1,0.074,64062.05,0.015609865747122486
1787026565895,64062.0,9.776,64062.1,0.074,64062.05,0.015609865747122486
1787026565896,64062.0,10.253,64062.1,0.074,64062.05,0.015609865747122486
1787026565898,64062.4,0.681,64062.5,0.007,64062.45,0.015609768280567605
1787026565899,64063.0,3.49,64063.1,0.017,64063.05,0.015609622083017404
1787026565900,64063.0,5.432,64063.1,0.017,64063.05,0.015609622083017404
1787026565901,64063.0,6.763,64063.1,0.017,64063.05,0.015609622083017404
1787026565902,64063.0,7.052,64063.1,0.017,64063.05,0.015609622083017404
1787026565903,64063.0,7.197,64063.1,0.017,64063.05,0.015609622083017404
1787026565906,64063.0,7.207,64063.1,0.017,64063.05,0.015609622083017404
1787026565907,64063.0,8.03,64063.1,0.017,64063.05,0.015609622083017404
1787026565908,64063.0,10.238,64063.1,0.017,64063.05,0.015609622083017404
1787026565909,64063.0,9.869,64063.1,0.017,64063.05,0.015609622083017404
1787026565910,64063.0,8.782,64063.1,0.017,64063.05,0.015609622083017404
1787026565911,64063.0,8.588,64063.1,0.017,64063.05,0.015609622083017404
1787026565912,64063.0,8.06,64063.1,0.017,64063.05,0.015609622083017404
1787026565913,64063.0,7.409,64063.1,0.017,64063.05,0.015609622083017404
1787026565914,64063.0,7.137,64063.1,0.017,64063.05,0.015609622083017404
1787026565915,64063.0,6.473,64063.1,0.017,64063.05,0.015609622083017404
1787026565917,64063.0,6.609,64063.1,0.289,64063.05,0.015609622083017404
1787026565918,64063.0,6.803,64063.1,0.289,64063.05,0.015609622083017404
1787026565919,64063.0,6.319,64063.1,0.289,64063.05,0.015609622083017404
1787026565920,64063.0,6.999,64063.1,0.289,64063.05,0.015609622083017404
1787026565921,64063.0,6.999,64063.1,0.432,64063.05,0.015609622083017404
1787026565922,64063.0,6.739,64063.1,0.432,64063.05,0.015609622083017404
1787026565923,64063.0,6.221,64063.1,0.432,64063.05,0.015609622083017404
1787026565924,64063.0,6.221,64063.1,1.488,64063.05,0.015609622083017404
1787026565926,64063.0,6.221,64063.1,1.495,64063.05,0.015609622083017404
1787026565927,64063.0,6.221,64063.1,1.588,64063.05,0.015609622083017404
1787026565936,64063.0,5.744,64063.1,1.588,64063.05,0.015609622083017404
1787026565945,64063.0,5.659,64063.1,1.588,64063.05,0.015609622083017404
1787026565950,64063.0,5.65,64063.1,1.588,64063.05,0.015609622083017404
1787026565961,64063.0,5.65,64063.1,1.59,64063.05,0.015609622083017404
1787026565962,64063.0,5.652,64063.1,1.59,64063.05,0.015609622083017404
1787026565972,64063.0,5.594,64063.1,1.59,64063.05,0.015609622083017404
1787026565974,64063.0,5.525,64063.1,1.59,64063.05,0.015609622083017404
1787026566384,64063.0,5.25,64063.1,1.59,64063.05,0.015609622083017404
1787026566386,64063.0,5.25,64063.1,0.534,64063.05,0.015609622083017404
1787026566422,64063.0,5.25,64063.1,0.391,64063.05,0.015609622083017404
1787026566423,64063.0,5.25,64063.1,0.119,64063.05,0.015609622083017404
1787026566909,64063.0,5.25,64063.1,0.191,64063.05,0.015609622083017404
1787026566911,64063.6,0.808,64063.7,0.017,64063.649999999994,0.015609475888205687
1787026566912,64063.6,2.78,64063.7,0.017,64063.649999999994,0.015609475888205687
1787026566913,64064.0,11.495,64064.1,0.441,64064.05,0.01560937842651921
1787026566914,64064.0,13.463,64064.1,0.441,64064.05,0.01560937842651921
1787026566915,64064.0,10.416,64064.1,0.372,64064.05,0.01560937842651921
1787026566916,64064.1,0.789,64064.2,0.093,64064.149999999994,0.01560935406128776
1787026566917,64064.1,2.206,64064.2,0.093,64064.149999999994,0.01560935406128776
1787026566918,64064.1,5.597,64064.2,0.186,64064.149999999994,0.01560935406128776
1787026566919,64064.1,6.976,64064.2,0.193,64064.149999999994,0.01560935406128776
1787026566920,64064.1,6.851,64064.2,0.193,64064.149999999994,0.01560935406128776
1787026566921,64064.1,6.516,64064.2,0.193,64064.149999999994,0.01560935406128776
1787026566922,64064.1,6.516,64064.2,0.465,64064.149999999994,0.01560935406128776
1787026566923,64064.1,7.724,64064.2,0.465,64064.149999999994,0.01560935406128776
1787026566938,64064.1,7.724,64064.2,0.542,64064.149999999994,0.01560935406128776
1787026566939,64064.1,7.724,64064.2,0.685,64064.149999999994,0.01560935406128776
1787026566964,64064.1,7.724,64064.2,0.542,64064.149999999994,0.01560935406128776
1787026566981,64064.1,7.238,64064.2,0.542,64064.149999999994,0.01560935406128776
1787026567026,64064.1,7.24,64064.2,0.544,64064.149999999994,0.01560935406128776
1787026567215,64064.1,7.24,64064.2,1.6,64064.149999999994,0.01560935406128776
1787026567216,64064.1,6.545,64064.2,1.6,64064.149999999994,0.01560935406128776
1787026567507,64064.1,6.545,64064.2,1.602,64064.149999999994,0.01560935406128776
1787026568007,64064.1,6.545,64064.2,1.745,64064.149999999994,0.01560935406128776
1787026568008,64064.1,6.463,64064.2,1.745,64064.149999999994,0.01560935406128776
1787026568009,64064.1,6.4,64064.2,1.745,64064.149999999994,0.01560935406128776
1787026568014,64064.1,6.364,64064.2,1.745,64064.149999999994,0.01560935406128776
1787026568016,64064.1,6.019,64064.2,1.745,64064.149999999994,0.01560935406128776
1787026568017,64064.1,5.916,64064.2,1.745,64064.149999999994,0.01560935406128776
1787026568018,64064.1,4.708,64064.2,2.265,64064.149999999994,0.01560935406128776
1787026568019,64064.1,3.446,64064.2,2.265,64064.149999999994,0.01560935406128776
1787026568020,64064.1,3.365,64064.2,2.265,64064.149999999994,0.01560935406128776
1787026568021,64064.1,3.347,64064.2,2.265,64064.149999999994,0.01560935406128776
1787026568024,64064.1,3.301,64064.2,2.265,64064.149999999994,0.01560935406128776
1787026568067,64064.1,2.752,64064.2,3.265,64064.149999999994,0.01560935406128776
1787026568069,64064.1,2.752,64064.2,3.265,64064.149999999994,0.01560935406128776
1787026568195,64064.1,2.526,64064.2,3.265,64064.149999999994,0.01560935406128776
1787026568196,64064.1,2.471,64064.2,3.265,64064.149999999994,0.01560935406128776
1787026568197,64064.1,2.461,64064.2,3.265,64064.149999999994,0.01560935406128776
1787026568423,64064.1,2.461,64064.2,2.745,64064.149999999994,0.01560935406128776
1787026569363,64064.1,2.463,64064.2,2.745,64064.149999999994,0.01560935406128776
1787026570506,64064.1,2.463,64064.2,2.748,64064.149999999994,0.01560935406128776
1787026570507,64064.1,2.463,64064.2,2.75,64064.149999999994,0.01560935406128776
1787026570681,64064.1,2.491,64064.2,2.75,64064.149999999994,0.01560935406128776
1787026570693,64064.1,2.493,64064.2,2.75,64064.149999999994,0.01560935406128776
1787026570812,64064.1,2.493,64064.2,1.75,64064.149999999994,0.01560935406128776
1787026571980,64064.1,2.497,64064.2,1.75,64064.149999999994,0.01560935406128776
1787026572258,64064.1,2.497,64064.2,1.751,64064.149999999994,0.01560935406128776
1787026572870,64064.1,2.487,64064.2,1.751,64064.149999999994,0.01560935406128776
1787026573244,64064.1,2.487,64064.2,2.608,64064.149999999994,0.01560935406128776
1787026573245,64064.1,2.487,64064.2,2.751,64064.149999999994,0.01560935406128776
1787026573508,64064.1,2.487,64064.2,2.763,64064.149999999994,0.01560935406128776
1787026573878,64064.1,2.491,64064.2,2.763,64064.149999999994,0.01560935406128776
1787026574036,64064.1,2.491,64064.2,2.762,64064.149999999994,0.01560935406128776
1787026575453,64064.1,2.49,64064.2,2.762,64064.149999999994,0.01560935406128776
1787026576509,64064.1,2.49,64064.2,2.773,64064.149999999994,0.01560935406128776
1787026577539,64064.1,2.494,64064.2,2.773,64064.149999999994,0.01560935406128776
1787026577872,64064.1,2.495,64064.2,2.773,64064.149999999994,0.01560935406128776
1787026577873,64064.1,2.496,64064.2,2.773,64064.149999999994,0.01560935406128776
1787026577883,64064.1,2.496,64064.2,1.983,64064.149999999994,0.01560935406128776
1787026577884,64064.1,2.496,64064.2,1.771,64064.149999999994,0.01560935406128776
1787026577885,64064.1,2.496,64064.2,1.773,64064.149999999994,0.01560935406128776
1787026579507,64064.1,2.496,64064.2,1.777,64064.149999999994,0.01560935406128776
1787026580422,64064.1,2.496,64064.2,1.634,64064.149999999994,0.01560935406128776
1787026580449,64064.1,2.496,64064.2,1.777,64064.149999999994,0.01560935406128776
1787026580452,64064.1,2.496,64064.2,1.776,64064.149999999994,0.01560935406128776
1787026580456,64064.1,2.496,64064.2,1.778,64064.149999999994,0.01560935406128776
1787026582508,64064.1,2.496,64064.2,1.782,64064.149999999994,0.01560935406128776
1787026583158,64064.1,2.496,64064.2,1.786,64064.149999999994,0.01560935406128776
1787026583280,64064.1,2.496,64064.2,1.784,64064.149999999994,0.01560935406128776
1787026583283,64064.1,2.496,64064.2,1.787,64064.149999999994,0.01560935406128776
1787026584433,64064.1,2.495,64064.2,1.787,64064.149999999994,0.01560935406128776
1787026585236,64064.1,2.495,64064.2,1.644,64064.149999999994,0.01560935406128776
1787026585317,64064.1,2.495,64064.2,1.689,64064.149999999994,0.01560935406128776
1787026585322,64064.1,2.495,64064.2,1.832,64064.149999999994,0.01560935406128776
1787026585508,64064.1,2.495,64064.2,1.841,64064.149999999994,0.01560935406128776
1787026585652,64064.1,2.495,64064.2,1.842,64064.149999999994,0.01560935406128776
1787026588507,64064.1,2.495,64064.2,1.849,64064.149999999994,0.01560935406128776
1787026589317,64064.1,2.495,64064.2,1.804,64064.149999999994,0.01560935406128776
1787026589374,64064.1,2.495,64064.2,1.802,64064.149999999994,0.01560935406128776
1787026589874,64064.1,2.495,64064.2,2.302,64064.149999999994,0.01560935406128776
1787026590259,64064.1,2.495,64064.2,3.121,64064.149999999994,0.01560935406128776
1787026590260,64064.1,2.495,64064.2,3.302,64064.149999999994,0.01560935406128776
1787026590261,64064.1,2.495,64064.2,3.302,64064.149999999994,0.01560935406128776
1787026590707,64064.1,2.09,64064.2,3.302,64064.149999999994,0.01560935406128776
1787026590708,64064.1,2.039,64064.2,3.302,64064.149999999994,0.01560935406128776
1787026590809,64064.1,1.896,64064.2,3.302,64064.149999999994,0.01560935406128776
1787026590810,64064.1,0.84,64064.2,3.302,64064.149999999994,0.01560935406128776
1787026591163,64064.1,0.568,64064.2,3.302,64064.149999999994,0.01560935406128776
1787026591507,64064.1,0.568,64064.2,3.316,64064.149999999994,0.01560935406128776
1787026592987,64064.1,0.567,64064.2,3.316,64064.149999999994,0.01560935406128776
1787026594036,64064.1,0.567,64064.2,3.309,64064.149999999994,0.01560935406128776
1787026594275,64064.1,0.71,64064.2,3.309,64064.149999999994,0.01560935406128776
1787026594283,64064.1,0.71,64064.2,2.452,64064.149999999994,0.01560935406128776
1787026594284,64064.1,0.71,64064.2,2.309,64064.149999999994,0.01560935406128776
1787026594507,64064.1,0.71,64064.2,2.314,64064.149999999994,0.01560935406128776
1787026594859,64064.1,0.71,64064.2,3.314,64064.149999999994,0.01560935406128776
1787026594919,64064.1,0.567,64064.2,3.314,64064.149999999994,0.01560935406128776
1787026595288,64064.1,0.71,64064.2,3.314,64064.149999999994,0.01560935406128776
1787026595457,64064.1,0.567,64064.2,3.314,64064.149999999994,0.01560935406128776
1787026595458,64064.1,0.565,64064.2,3.314,64064.149999999994,0.01560935406128776
1787026595459,64064.1,0.567,64064.2,3.314,64064.149999999994,0.01560935406128776
1787026596012,64064.1,0.71,64064.2,3.314,64064.149999999994,0.01560935406128776
1787026596512,64064.1,0.567,64064.2,3.314,64064.149999999994,0.01560935406128776
1787026597061,64064.1,0.71,64064.2,3.314,64064.149999999994,0.01560935406128776
1787026597508,64064.1,0.71,64064.2,3.32,64064.149999999994,0.01560935406128776
1787026598445,64064.1,0.567,64064.2,3.32,64064.149999999994,0.01560935406128776
1787026598447,64064.1,0.565,64064.2,3.32,64064.149999999994,0.01560935406128776
1787026598448,64061.3,0.008,64064.1,0.554,64062.7,0.4370718062141674
1787026598449,64061.2,0.32,64061.3,0.861,64061.25,0.015610060685019534
1787026598450,64061.2,2.169,64061.3,12.227,64061.25,0.015610060685019534
1787026598451,64061.2,2.96,64061.3,9.719,64061.25,0.015610060685019534
1787026598452,64061.2,2.168,64061.3,7.407,64061.25,0.015610060685019534
1787026598453,64061.2,2.168,64061.3,6.351,64061.25,0.015610060685019534
1787026598454,64061.2,2.168,64061.3,5.427,64061.25,0.015610060685019534
1787026598455,64061.2,2.168,64061.3,4.738,64061.25,0.015610060685019534
1787026598456,64061.2,2.168,64061.3,4.218,64061.25,0.015610060685019534
1787026598457,64061.2,2.168,64061.3,3.81,64061.25,0.015610060685019534
1787026598458,64061.2,2.311,64061.3,3.887,64061.25,0.015610060685019534
1787026598463,64061.2,2.372,64061.3,3.887,64061.25,0.015610060685019534
1787026598467,64061.2,2.373,64061.3,3.887,64061.25,0.015610060685019534
1787026598499,64061.2,2.373,64061.3,3.852,64061.25,0.015610060685019534
1787026598502,64061.2,2.373,64061.3,3.842,64061.25,0.015610060685019534
1787026598511,64061.2,2.373,64061.3,3.844,64061.25,0.015610060685019534
1787026598524,64061.2,2.312,64061.3,3.844,64061.25,0.015610060685019534
1787026598554,64061.2,2.314,64061.3,3.844,64061.25,0.015610060685019534
1787026598811,64061.2,2.314,64061.3,3.847,64061.25,0.015610060685019534
1787026598875,64061.2,2.314,64061.3,4.347,64061.25,0.015610060685019534
1787026598904,64061.2,2.313,64061.3,4.347,64061.25,0.015610060685019534
1787026598910,64061.2,2.323,64061.3,4.347,64061.25,0.015610060685019534
1787026599870,64061.2,2.323,64061.3,4.317,64061.25,0.015610060685019534
1787026600225,64061.2,2.323,64061.3,4.314,64061.25,0.015610060685019534
1787026600229,64061.2,2.323,64061.3,4.318,64061.25,0.015610060685019534
1787026600364,64061.2,2.323,64061.3,3.798,64061.25,0.015610060685019534
1787026600508,64061.2,2.323,64061.3,3.807,64061.25,0.015610060685019534
1787026600926,64061.2,1.267,64061.3,3.807,64061.25,0.015610060685019534
1787026601023,64061.2,1.124,64061.3,3.807,64061.25,0.015610060685019534
1787026601042,64061.2,0.852,64061.3,3.807,64061.25,0.015610060685019534
1787026601049,64061.2,0.332,64061.3,3.807,64061.25,0.015610060685019534
1787026601073,64061.2,0.332,64061.3,3.811,64061.25,0.015610060685019534
1787026601308,64061.2,0.332,64061.3,4.497,64061.25,0.015610060685019534
1787026601429,64061.2,0.881,64061.3,4.497,64061.25,0.015610060685019534
1787026601430,64061.2,0.881,64066.3,0.002,64063.75,0.7960820276686614
1787026601431,64064.1,0.934,64066.3,0.002,64065.2,0.3434001610865752
1787026601432,64064.1,0.964,64064.2,0.003,64064.149999999994,0.01560935406128776
1787026601433,64064.1,0.964,64069.6,0.696,64066.85,0.858478292595937
1787026601434,64066.6,0.063,64069.6,0.696,64068.1,0.4682517508713385
1787026601435,64066.6,0.734,64069.6,0.272,64068.1,0.4682517508713385
1787026601436,64066.6,2.838,64069.6,0.272,64068.1,0.4682517508713385
1787026601437,64066.6,3.241,64072.6,0.082,64069.6,0.9364815762857893
1787026601438,64066.8,0.01,64072.5,0.003,64069.65,0.8896568031817076
1787026601439,64072.0,1.537,64072.7,0.003,64072.35,0.10925149459901029
1787026601440,64072.0,1.637,64072.7,0.003,64072.35,0.10925149459901029
1787026601441,64072.0,1.897,64072.4,0.24,64072.2,0.06242957163972132
1787026601442,64072.0,2.157,64072.7,0.003,64072.35,0.10925149459901029
1787026601443,64072.0,3.741,64072.7,0.003,64072.35,0.10925149459901029
1787026601444,64072.0,4.269,64072.7,0.003,64072.35,0.10925149459901029
1787026601445,64072.0,4.559,64072.7,0.003,64072.35,0.10925149459901029
1787026601446,64072.0,5.49,64072.7,0.003,64072.35,0.10925149459901029
1787026601448,64072.3,0.003,64072.7,0.003,64072.5,0.06242927933109824
1787026601450,64072.3,0.667,64072.7,0.003,64072.5,0.06242927933109824
1787026601451,64072.5,0.604,64072.7,0.003,64072.6,0.031214590947938686
1787026601452,64072.5,0.876,64072.7,0.003,64072.6,0.031214590947938686
1787026601453,64072.5,1.006,64072.7,0.003,64072.6,0.031214590947938686
1787026601454,64072.5,1.144,64072.7,0.003,64072.6,0.031214590947938686
1787026601455,64072.5,1.28,64072.7,0.003,64072.6,0.031214590947938686
1787026601457,64072.5,1.716,64072.7,0.367,64072.6,0.031214590947938686
1787026601458,64072.5,2.298,64072.7,0.639,64072.6,0.031214590947938686
1787026601459,64072.6,0.566,64072.7,0.639,64072.649999999994,0.015607283294595249
1787026601460,64072.6,2.604,64072.7,0.636,64072.649999999994,0.015607283294595249
1787026601461,64072.6,3.059,64072.7,1.156,64072.649999999994,0.015607283294595249
1787026601462,64072.6,3.467,64072.7,1.156,64072.649999999994,0.015607283294595249
1787026601463,64072.6,4.523,64072.7,1.156,64072.649999999994,0.015607283294595249
1787026601466,64072.6,5.043,64072.7,2.212,64072.649999999994,0.015607283294595249
1787026601467,64072.6,5.592,64072.7,2.212,64072.649999999994,0.015607283294595249
1787026601468,64072.6,6.347,64072.7,2.212,64072.649999999994,0.015607283294595249
1787026601469,64072.6,6.876,64072.7,1.991,64072.649999999994,0.015607283294595249
1787026601470,64072.6,6.867,64072.7,2.36,64072.649999999994,0.015607283294595249
1787026601471,64072.6,7.473,64072.7,3.416,64072.649999999994,0.015607283294595249
1787026601472,64072.6,7.462,64072.7,3.416,64072.649999999994,0.015607283294595249
1787026601474,64072.6,6.389,64072.7,3.416,64072.649999999994,0.015607283294595249
1787026601475,64072.6,6.909,64072.7,3.416,64072.649999999994,0.015607283294595249
1787026601476,64072.6,7.004,64072.7,3.416,64072.649999999994,0.015607283294595249
1787026601477,64072.6,6.484,64072.7,3.416,64072.649999999994,0.015607283294595249
1787026601478,64072.6,6.381,64072.7,3.416,64072.649999999994,0.015607283294595249
1787026601479,64072.6,6.381,64072.7,2.36,64072.649999999994,0.015607283294595249
1787026601480,64072.6,5.535,64072.7,2.36,64072.649999999994,0.015607283294595249
1787026601481,64072.6,5.588,64072.7,2.632,64072.649999999994,0.015607283294595249
1787026601482,64072.6,4.796,64072.7,2.632,64072.649999999994,0.015607283294595249
1787026601483,64072.6,4.021,64072.7,2.618,64072.649999999994,0.015607283294595249
1787026601484,64072.6,3.786,64072.7,2.36,64072.649999999994,0.015607283294595249
1787026601485,64072.6,3.467,64072.7,2.36,64072.649999999994,0.015607283294595249
1787026601486,64072.6,3.962,64072.7,1.898,64072.649999999994,0.015607283294595249
1787026601487,64072.6,3.962,64072.7,1.529,64072.649999999994,0.015607283294595249
1787026601489,64072.6,3.528,64072.7,1.529,64072.649999999994,0.015607283294595249
1787026601490,64072.6,4.195,64072.7,1.907,64072.649999999994,0.015607283294595249
1787026601492,64072.6,3.493,64072.7,2.963,64072.649999999994,0.015607283294595249
1787026601493,64072.6,3.038,64072.7,3.368,64072.649999999994,0.015607283294595249
1787026601495,64072.6,1.982,64072.7,3.368,64072.649999999994,0.015607283294595249
1787026601496,64072.6,1.982,64072.7,2.312,64072.649999999994,0.015607283294595249
1787026601498,64072.6,1.839,64072.7,2.312,64072.649999999994,0.015607283294595249
1787026601499,64072.6,1.839,64072.7,2.679,64072.649999999994,0.015607283294595249
1787026601502,64072.6,1.233,64072.7,2.679,64072.649999999994,0.015607283294595249
1787026601503,64072.6,0.559,64072.7,2.312,64072.649999999994,0.015607283294595249
1787026601507,64072.6,0.559,64072.7,1.934,64072.649999999994,0.015607283294595249
1787026601529,64072.6,0.702,64072.7,1.934,64072.649999999994,0.015607283294595249
1787026601553,64072.6,0.702,64072.7,1.603,64072.649999999994,0.015607283294595249
1787026601562,64072.6,0.702,64072.7,1.198,64072.649999999994,0.015607283294595249
1787026601587,64072.6,0.704,64072.7,1.198,64072.649999999994,0.015607283294595249
1787026601588,64072.6,0.704,64072.7,1.2,64072.649999999994,0.015607283294595249
1787026601803,64072.6,0.704,64072.7,0.914,64072.649999999994,0.015607283294595249
1787026601804,64072.6,0.704,64072.7,1.057,64072.649999999994,0.015607283294595249
1787026601805,64072.6,1.109,64072.7,1.057,64072.649999999994,0.015607283294595249
1787026601806,64072.6,1.109,64072.7,0.914,64072.649999999994,0.015607283294595249
1787026601807,64072.6,1.771,64072.7,0.914,64072.649999999994,0.015607283294595249
1787026601809,64072.6,1.771,64072.7,0.914,64072.649999999994,0.015607283294595249
1787026601815,64072.6,1.771,64072.7,0.002,64072.649999999994,0.015607283294595249
1787026601816,64073.3,2.02,64073.4,0.103,64073.350000000006,0.015607112785353787
1787026601817,64073.4,2.195,64073.5,0.818,64073.45,0.015607088427194856
1787026601818,64073.4,13.183,64073.5,1.09,64073.45,0.015607088427194856
1787026601819,64073.4,7.119,64073.5,0.675,64073.45,0.015607088427194856
1787026601820,64073.4,5.851,64073.5,0.675,64073.45,0.015607088427194856
1787026601821,64073.4,5.059,64073.5,0.675,64073.45,0.015607088427194856
1787026601822,64073.4,4.997,64073.5,0.675,64073.45,0.015607088427194856
1787026601823,64073.4,4.988,64073.5,0.675,64073.45,0.015607088427194856
1787026601830,64073.4,5.04,64073.5,0.675,64073.45,0.015607088427194856
1787026601831,64073.4,5.049,64073.5,0.675,64073.45,0.015607088427194856
1787026601842,64074.3,1.75,64074.4,0.001,64074.350000000006,0.015606869207185839
1787026601845,64074.3,3.606,64074.4,0.001,64074.350000000006,0.015606869207185839
1787026601846,64074.9,1.85,64075.0,0.007,64074.95,0.015606723063934473
1787026601847,64074.9,3.118,64075.0,0.007,64074.95,0.015606723063934473
1787026601848,64074.9,4.173,64075.0,0.007,64074.95,0.015606723063934473
1787026601849,64074.9,8.243,64075.0,0.007,64074.95,0.015606723063934473
1787026601850,64074.9,7.635,64075.0,0.007,64074.95,0.015606723063934473
1787026601851,64074.9,5.787,64075.0,0.007,64074.95,0.015606723063934473
1787026601859,64076.9,0.281,64077.0,0.137,64076.95,0.015606235939529709
1787026601860,64076.9,1.756,64077.0,0.137,64076.95,0.015606235939529709
1787026601861,64077.0,7.941,64077.1,0.614,64077.05,0.015606211584107695
1787026601862,64077.0,8.558,64077.1,1.994,64077.05,0.015606211584107695
1787026601863,64077.0,5.659,64077.1,3.935,64077.05,0.015606211584107695
1787026601864,64077.0,3.801,64077.1,3.143,64077.05,0.015606211584107695
1787026601865,64077.0,3.228,64077.1,2.087,64077.05,0.015606211584107695
1787026601866,64077.0,3.209,64077.1,2.087,64077.05,0.015606211584107695
1787026601884,64077.0,2.804,64077.1,2.087,64077.05,0.015606211584107695
1787026601885,64077.0,2.787,64077.1,2.087,64077.05,0.015606211584107695
1787026601906,64077.0,2.788,64077.1,2.087,64077.05,0.015606211584107695
1787026601907,64077.0,2.336,64077.1,2.096,64077.05,0.015606211584107695
1787026601908,64077.0,2.321,64077.1,2.096,64077.05,0.015606211584107695
1787026601935,64077.0,2.321,64077.1,2.098,64077.05,0.015606211584107695
1787026601966,64077.0,2.321,64077.1,2.598,64077.05,0.015606211584107695
1787026601967,64077.0,2.285,64077.1,2.598,64077.05,0.015606211584107695
1787026602111,64077.0,2.285,64077.1,2.589,64077.05,0.015606211584107695
1787026602271,64077.0,2.145,64077.1,2.589,64077.05,0.015606211584107695
1787026602439,64077.0,2.145,64077.1,2.596,64077.05,0.015606211584107695
1787026602680,64077.0,2.145,64077.1,2.653,64077.05,0.015606211584107695
1787026602812,64077.0,1.999,64077.1,2.653,64077.05,0.015606211584107695
1787026602828,64077.0,1.927,64077.1,2.653,64077.05,0.015606211584107695
1787026602829,64077.0,1.89,64077.1,2.653,64077.05,0.015606211584107695
1787026602982,64077.0,1.88,64077.1,2.653,64077.05,0.015606211584107695
1787026603268,64077.0,1.88,64077.1,2.853,64077.05,0.015606211584107695
1787026603508,64077.0,1.88,64077.1,2.873,64077.05,0.015606211584107695
1787026603514,64077.0,1.88,64077.1,2.883,64077.05,0.015606211584107695
1787026603776,64077.0,1.88,64077.1,2.887,64077.05,0.015606211584107695
1787026603934,64077.0,2.023,64077.1,2.887,64077.05,0.015606211584107695
1787026604463,64077.0,2.023,64077.1,3.087,64077.05,0.015606211584107695
1787026605233,64077.0,4.623,64077.1,3.087,64077.05,0.015606211584107695
1787026605234,64077.0,3.065,64077.1,3.087,64077.05,0.015606211584107695
1787026605235,64077.0,2.543,64077.1,3.087,64077.05,0.015606211584107695
1787026605346,64077.0,2.543,64077.1,2.567,64077.05,0.015606211584107695
1787026605650,64077.0,2.543,64077.1,2.566,64077.05,0.015606211584107695
1787026605740,64077.0,2.542,64077.1,2.566,64077.05,0.015606211584107695
1787026605884,64077.0,2.543,64077.1,2.566,64077.05,0.015606211584107695
1787026606054,64077.0,2.543,64077.1,2.294,64077.05,0.015606211584107695
1787026606482,64077.0,2.542,64077.1,2.294,64077.05,0.015606211584107695
1787026606508,64077.0,2.542,64077.1,2.305,64077.05,0.015606211584107695
1787026606663,64077.0,2.543,64077.1,2.305,64077.05,0.015606211584107695
1787026607106,64077.0,2.544,64077.1,2.305,64077.05,0.015606211584107695
1787026607241,64077.0,2.543,64077.1,2.305,64077.05,0.015606211584107695
1787026607279,64077.0,2.544,64077.1,2.305,64077.05,0.015606211584107695
1787026607387,64077.0,2.544,64077.1,2.303,64077.05,0.015606211584107695
1787026607720,64077.0,2.401,64077.1,2.303,64077.05,0.015606211584107695
1787026607731,64077.0,2.401,64077.1,2.313,64077.05,0.015606211584107695
1787026607733,64077.0,1.873,64077.1,2.313,64077.05,0.015606211584107695
1787026607734,64077.0,1.345,64077.1,2.313,64077.05,0.015606211584107695
1787026607801,64077.0,0.825,64077.1,2.313,64077.05,0.015606211584107695
1787026607802,64077.0,0.825,64077.1,2.313,64077.05,0.015606211584107695
1787026607803,64077.0,0.553,64077.1,2.313,64077.05,0.015606211584107695
1787026608189,64077.0,0.004,64077.1,2.313,64077.05,0.015606211584107695
1787026608191,64074.0,0.006,64076.8,0.751,64075.4,0.43698517683899135
1787026608192,64074.0,0.001,64074.1,1.014,64074.05,0.015606942279837907
1787026608193,64074.0,0.935,64074.1,11.989,64074.05,0.015606942279837907
1787026608194,64074.0,1.991,64074.1,4.526,64074.05,0.015606942279837907
1787026608195,64074.0,0.935,64074.1,4.263,64074.05,0.015606942279837907
1787026608196,64074.0,0.935,64074.1,3.921,64074.05,0.015606942279837907
1787026608239,64074.0,0.935,64074.1,3.921,64074.05,0.015606942279837907
1787026608241,64074.0,0.935,64074.1,3.828,64074.05,0.015606942279837907
1787026608278,64074.0,0.792,64074.1,3.828,64074.05,0.015606942279837907
1787026608298,64074.0,0.794,64074.1,3.828,64074.05,0.015606942279837907
1787026608299,64074.0,0.794,64074.1,3.83,64074.05,0.015606942279837907
1787026608479,64074.0,0.937,64074.1,3.83,64074.05,0.015606942279837907
1787026608515,64074.0,0.937,64074.1,3.84,64074.05,0.015606942279837907
1787026608526,64074.0,0.937,64074.1,3.748,64074.05,0.015606942279837907
1787026608528,64074.0,0.937,64074.2,0.001,64074.1,0.031213860202030094
1787026608529,64074.1,0.734,64074.2,0.001,64074.149999999994,0.01560691792221119
1787026608530,64074.1,6.779,64074.2,0.236,64074.149999999994,0.01560691792221119
1787026608531,64074.1,10.856,64074.2,1.29,64074.149999999994,0.01560691792221119
1787026608532,64074.1,5.948,64074.2,1.147,64074.149999999994,0.01560691792221119
1787026608533,64074.1,4.888,64074.2,1.147,64074.149999999994,0.01560691792221119
1787026608555,64074.1,4.888,64074.2,1.056,64074.149999999994,0.01560691792221119
1787026608556,64074.1,6.096,64074.2,1.056,64074.149999999994,0.01560691792221119
1787026608617,64074.1,6.098,64074.2,1.058,64074.149999999994,0.01560691792221119
1787026608629,64074.1,5.973,64074.2,1.058,64074.149999999994,0.01560691792221119
1787026608798,64074.1,5.973,64074.2,1.12,64074.149999999994,0.01560691792221119
1787026608802,64074.1,5.973,64074.2,1.058,64074.149999999994,0.01560691792221119
1787026608966,64074.1,5.973,64074.2,1.558,64074.149999999994,0.01560691792221119
1787026608967,64074.1,5.87,64074.2,1.83,64074.149999999994,0.01560691792221119
1787026608969,64074.1,5.843,64074.2,1.83,64074.149999999994,0.01560691792221119
1787026609135,64074.1,5.843,64074.2,1.558,64074.149999999994,0.01560691792221119
1787026609137,64074.1,5.843,64074.2,1.556,64074.149999999994,0.01560691792221119
1787026609138,64074.1,5.843,64074.2,1.558,64074.149999999994,0.01560691792221119
1787026609165,64074.1,5.843,64074.2,1.557,64074.149999999994,0.01560691792221119
1787026609206,64074.1,5.843,64074.2,1.465,64074.149999999994,0.01560691792221119
1787026609507,64074.1,5.843,64074.2,1.475,64074.149999999994,0.01560691792221119
1787026610468,64074.1,5.843,64074.2,1.618,64074.149999999994,0.01560691792221119
1787026610825,64074.1,5.142,64074.2,1.618,64074.149999999994,0.01560691792221119
1787026610826,64074.1,5.142,64074.2,1.935,64074.149999999994,0.01560691792221119
1787026610827,64074.1,5.109,64074.2,1.935,64074.149999999994,0.01560691792221119
1787026610828,64074.1,5.009,64074.2,1.935,64074.149999999994,0.01560691792221119
1787026611023,64074.1,5.009,64074.2,1.939,64074.149999999994,0.01560691792221119
1787026611352,64074.1,4.308,64074.2,1.939,64074.149999999994,0.01560691792221119
1787026611353,64074.1,3.1,64074.2,1.939,64074.149999999994,0.01560691792221119
1787026611382,64074.1,2.695,64074.2,1.939,64074.149999999994,0.01560691792221119
1787026612508,64074.1,2.695,64074.2,1.95,64074.149999999994,0.01560691792221119
1787026612961,64074.1,2.695,64074.2,1.954,64074.149999999994,0.01560691792221119
1787026613778,64072.6,0.01,64072.7,0.818,64072.649999999994,0.015607283294595249
1787026613782,64072.6,0.011,64072.7,1.443,64072.649999999994,0.015607283294595249
1787026613783,64072.5,0.009,64072.6,1.034,64072.55,0.015607307653362447
1787026613784,64072.5,0.009,64072.6,2.667,64072.55,0.015607307653362447
1787026613785,64072.5,0.009,64072.6,4.89,64072.55,0.015607307653362447
1787026613786,64072.5,1.585,64072.6,9.07,64072.55,0.015607307653362447
1787026613787,64072.5,1.585,64072.6,8.602,64072.55,0.015607307653362447
1787026613789,64072.5,1.585,64072.6,7.814,64072.55,0.015607307653362447
1787026613790,64072.5,1.585,64072.6,9.323,64072.55,0.015607307653362447
1787026613791,64072.5,1.585,64072.6,7.413,64072.55,0.015607307653362447
1787026613792,64072.5,1.857,64072.6,7.238,64072.55,0.015607307653362447
1787026613793,64072.5,3.433,64072.6,5.433,64072.55,0.015607307653362447
1787026613794,64072.5,3.433,64072.6,5.308,64072.55,0.015607307653362447
1787026613795,64072.5,3.433,64072.6,5.59,64072.55,0.015607307653362447
1787026613796,64072.5,3.433,64072.6,4.767,64072.55,0.015607307653362447
1787026613797,64072.5,3.433,64072.6,4.631,64072.55,0.015607307653362447
1787026613798,64072.5,3.433,64072.6,4.286,64072.55,0.015607307653362447
1787026613799,64072.5,3.576,64072.6,4.286,64072.55,0.015607307653362447
1787026613800,64072.5,2.0,64072.6,4.286,64072.55,0.015607307653362447
1787026613801,64072.5,2.0,64072.6,3.816,64072.55,0.015607307653362447
1787026613802,64072.5,2.0,64072.6,3.544,64072.55,0.015607307653362447
1787026613803,64072.5,2.0,64072.6,2.836,64072.55,0.015607307653362447
1787026613855,64072.5,2.0,64072.6,2.122,64072.55,0.015607307653362447
1787026613877,64072.5,1.857,64072.6,2.122,64072.55,0.015607307653362447
1787026613878,64072.5,1.857,64072.6,3.495,64072.55,0.015607307653362447
1787026613879,64072.5,1.585,64072.6,3.495,64072.55,0.015607307653362447
1787026613880,64072.5,1.587,64072.6,3.497,64072.55,0.015607307653362447
1787026613966,64072.5,1.587,64072.6,3.997,64072.55,0.015607307653362447
1787026614348,64072.5,1.587,64072.6,4.703,64072.55,0.015607307653362447
1787026614349,64072.5,1.067,64072.6,4.703,64072.55,0.015607307653362447
1787026614922,64072.5,1.092,64072.6,4.703,64072.55,0.015607307653362447
1787026614923,64072.5,1.099,64072.6,4.703,64072.55,0.015607307653362447
1787026615121,64072.5,1.074,64072.6,4.703,64072.55,0.015607307653362447
1787026615508,64072.5,1.074,64072.6,4.714,64072.55,0.015607307653362447
1787026615602,64072.5,1.074,64072.6,4.718,64072.55,0.015607307653362447
1787026615681,64072.5,1.074,64072.6,4.771,64072.55,0.015607307653362447
1787026617020,64072.5,1.074,64072.6,4.775,64072.55,0.015607307653362447
1787026618507,64072.5,1.074,64072.6,4.786,64072.55,0.015607307653362447
1787026619436,64072.5,1.217,64072.6,4.786,64072.55,0.015607307653362447
1787026619437,64072.5,1.217,64072.6,4.439,64072.55,0.015607307653362447
1787026619458,64072.5,1.217,64072.6,3.733,64072.55,0.015607307653362447
1787026620019,64072.5,1.074,64072.6,3.733,64072.55,0.015607307653362447
1787026620021,64072.5,0.018,64072.6,3.733,64072.55,0.015607307653362447
1787026620022,64072.5,0.018,64072.6,3.733,64072.55,0.015607307653362447
1787026620023,64072.5,0.018,64072.6,4.375,64072.55,0.015607307653362447
1787026620027,64070.6,0.005,64071.9,0.729,64071.25,0.2028991162187269
1787026620028,64070.6,0.005,64070.7,0.677,64070.649999999994,0.015607770484386349
1787026620029,64070.6,0.005,64070.7,11.986,64070.649999999994,0.015607770484386349
1787026620030,64070.6,1.58,64070.7,5.493,64070.649999999994,0.015607770484386349
1787026620031,64070.6,1.58,64070.7,4.343,64070.649999999994,0.015607770484386349
1787026620032,64070.6,1.58,64070.7,4.083,64070.649999999994,0.015607770484386349
1787026620033,64070.6,1.615,64070.7,4.083,64070.649999999994,0.015607770484386349
1787026620034,64070.6,1.758,64070.7,4.083,64070.649999999994,0.015607770484386349
1787026620036,64070.6,1.758,64070.7,3.376,64070.649999999994,0.015607770484386349
1787026620040,64070.6,1.723,64070.7,3.376,64070.649999999994,0.015607770484386349
1787026620042,64070.6,1.723,64070.7,2.669,64070.649999999994,0.015607770484386349
1787026620043,64070.6,1.767,64070.7,2.666,64070.649999999994,0.015607770484386349
1787026620044,64070.6,2.039,64070.7,2.666,64070.649999999994,0.015607770484386349
1787026620062,64070.6,2.03,64070.7,2.666,64070.649999999994,0.015607770484386349
1787026620085,64070.6,2.056,64070.7,2.666,64070.649999999994,0.015607770484386349
1787026620111,64070.6,2.056,64070.7,2.329,64070.649999999994,0.015607770484386349
1787026620114,64070.6,2.056,64070.7,1.924,64070.649999999994,0.015607770484386349
1787026620129,64070.6,2.065,64070.7,1.924,64070.649999999994,0.015607770484386349
1787026620131,64070.6,2.067,64070.7,1.926,64070.649999999994,0.015607770484386349
1787026620136,64070.6,2.067,64070.7,2.329,64070.649999999994,0.015607770484386349
1787026620137,64070.6,2.006,64070.7,2.329,64070.649999999994,0.015607770484386349
1787026620431,64070.6,2.006,64070.7,2.069,64070.649999999994,0.015607770484386349
1787026620432,64070.6,2.006,64070.7,1.541,64070.649999999994,0.015607770484386349
1787026620433,64070.6,2.006,64070.7,0.913,64070.649999999994,0.015607770484386349
1787026620507,64070.6,2.006,64070.7,0.906,64070.649999999994,0.015607770484386349
1787026620515,64070.6,2.006,64070.7,0.902,64070.649999999994,0.015607770484386349
1787026620526,64070.6,2.008,64070.7,0.902,64070.649999999994,0.015607770484386349
1787026620702,64070.6,2.008,64070.7,1.002,64070.649999999994,0.015607770484386349
1787026620703,64070.6,0.68,64070.7,1.002,64070.649999999994,0.015607770484386349
1787026620704,64070.6,0.537,64070.7,1.3,64070.649999999994,0.015607770484386349
1787026620705,64070.6,0.017,64070.7,2.667,64070.649999999994,0.015607770484386349
1787026620706,64070.6,0.017,64070.7,2.669,64070.649999999994,0.015607770484386349
1787026620707,64070.6,0.017,64070.7,2.671,64070.649999999994,0.015607770484386349
1787026620709,64070.6,0.017,64070.7,2.669,64070.649999999994,0.015607770484386349
1787026620710,64070.6,0.017,64070.7,3.083,64070.649999999994,0.015607770484386349
1787026620711,64068.0,0.001,64068.1,0.335,64068.05,0.015608403876588222
1787026620712,64068.0,0.017,64068.1,0.345,64068.05,0.015608403876588222
1787026620713,64068.0,0.017,64068.1,0.684,64068.05,0.015608403876588222
1787026620714,64068.0,0.017,64068.1,3.265,64068.05,0.015608403876588222
1787026620715,64068.0,0.289,64068.1,8.285,64068.05,0.015608403876588222
1787026620716,64068.0,1.345,64068.1,8.082,64068.05,0.015608403876588222
1787026620717,64068.0,1.861,64068.1,10.657,64068.05,0.015608403876588222
1787026620718,64068.0,2.311,64068.1,10.93,64068.05,0.015608403876588222
1787026620719,64068.0,2.311,64068.1,9.299,64068.05,0.015608403876588222
1787026620720,64068.0,2.311,64068.1,8.635,64068.05,0.015608403876588222
1787026620721,64068.0,2.311,64068.1,5.558,64068.05,0.015608403876588222
1787026620722,64068.0,2.346,64068.1,5.558,64068.05,0.015608403876588222
1787026620723,64068.0,2.372,64068.1,4.77,64068.05,0.015608403876588222
1787026620724,64068.0,2.372,64068.1,4.51,64068.05,0.015608403876588222
1787026620725,64068.0,2.372,64068.1,4.175,64068.05,0.015608403876588222
1787026620726,64068.0,2.372,64068.1,3.778,64068.05,0.015608403876588222
1787026620727,64068.0,2.381,64068.1,3.778,64068.05,0.015608403876588222
1787026620729,64068.0,2.381,64068.1,3.071,64068.05,0.015608403876588222
1787026620730,64068.0,2.381,64068.1,3.068,64068.05,0.015608403876588222
1787026620733,64068.0,2.391,64068.1,3.068,64068.05,0.015608403876588222
1787026620758,64068.0,2.391,64068.1,3.058,64068.05,0.015608403876588222
1787026620759,64068.0,2.391,64068.1,2.915,64068.05,0.015608403876588222
1787026620791,64068.0,2.393,64068.1,2.915,64068.05,0.015608403876588222
1787026620794,64068.0,2.393,64068.1,3.058,64068.05,0.015608403876588222
1787026620815,64068.0,2.393,64068.1,3.06,64068.05,0.015608403876588222
1787026620841,64068.0,2.383,64068.1,3.06,64068.05,0.015608403876588222
1787026620982,64068.0,2.387,64068.1,3.06,64068.05,0.015608403876588222
1787026621030,64068.0,2.394,64068.1,3.06,64068.05,0.015608403876588222
1787026621075,64068.0,2.394,64068.1,2.943,64068.05,0.015608403876588222
1787026621519,64068.0,2.394,64068.1,2.952,64068.05,0.015608403876588222
1787026621878,64068.0,2.324,64068.1,2.952,64068.05,0.015608403876588222
1787026622146,64068.0,2.324,64068.1,2.956,64068.05,0.015608403876588222
1787026622381,64068.0,1.804,64068.1,2.956,64068.05,0.015608403876588222
1787026622383,64068.0,1.532,64068.1,2.956,64068.05,0.015608403876588222
1787026622472,64068.0,0.476,64068.1,2.956,64068.05,0.015608403876588222
1787026622473,64068.0,0.476,64068.1,3.885,64068.05,0.015608403876588222
1787026622474,64068.0,0.333,64068.1,3.885,64068.05,0.015608403876588222
1787026622588,64068.0,0.882,64068.1,3.885,64068.05,0.015608403876588222
1787026622589,64068.0,0.882,64068.1,3.885,64068.05,0.015608403876588222
1787026622590,64068.0,1.025,64068.1,3.885,64068.05,0.015608403876588222
1787026622653,64068.0,1.025,64068.1,3.889,64068.05,0.015608403876588222
1787026622947,64068.0,0.882,64068.1,3.889,64068.05,0.015608403876588222
1787026623099,64068.0,1.025,64068.1,3.889,64068.05,0.015608403876588222
1787026623988,64068.0,0.882,64068.1,3.889,64068.05,0.015608403876588222
1787026624293,64068.0,1.025,64068.1,3.889,64068.05,0.015608403876588222
1787026624509,64068.0,1.025,64068.1,3.898,64068.05,0.015608403876588222
1787026627324,64068.0,1.02,64068.1,3.898,64068.05,0.015608403876588222
1787026627508,64068.0,1.02,64068.1,3.908,64068.05,0.015608403876588222
1787026628257,64068.0,1.02,64068.1,3.765,64068.05,0.015608403876588222
1787026628261,64068.0,1.02,64068.1,3.46,64068.05,0.015608403876588222
1787026628317,64068.0,1.015,64068.1,3.46,64068.05,0.015608403876588222
1787026628876,64068.0,1.42,64068.1,3.46,64068.05,0.015608403876588222
1787026628878,64068.0,1.42,64068.1,3.46,64068.05,0.015608403876588222
1787026629317,64068.0,1.415,64068.1,3.46,64068.05,0.015608403876588222
1787026630141,64068.0,1.01,64068.1,3.46,64068.05,0.015608403876588222
1787026630316,64068.0,1.005,64068.1,3.46,64068.05,0.015608403876588222
1787026630319,64068.0,1.005,64068.1,3.603,64068.05,0.015608403876588222
1787026630507,64068.0,1.005,64068.1,3.612,64068.05,0.015608403876588222
1787026630844,64068.0,1.005,64068.1,3.469,64068.05,0.015608403876588222
1787026631113,64068.0,1.005,64068.1,3.612,64068.05,0.015608403876588222
1787026631317,64068.0,1.0,64068.1,3.612,64068.05,0.015608403876588222
1787026632316,64068.0,0.995,64068.1,3.612,64068.05,0.015608403876588222
1787026633318,64068.0,0.99,64068.1,3.612,64068.05,0.015608403876588222
1787026633508,64068.0,0.99,64068.1,3.622,64068.05,0.015608403876588222
1787026634317,64068.0,0.985,64068.1,3.622,64068.05,0.015608403876588222
1787026634318,64068.0,0.985,64068.1,3.621,64068.05,0.015608403876588222
1787026635479,64068.0,0.985,64068.1,3.62,64068.05,0.015608403876588222
1787026636116,64068.0,0.987,64068.1,3.62,64068.05,0.015608403876588222
1787026636508,64068.0,0.987,64068.1,3.63,64068.05,0.015608403876588222
1787026638852,64068.0,0.987,64068.1,3.49,64068.05,0.015608403876588222
1787026638854,64068.0,0.987,64068.1,2.561,64068.05,0.015608403876588222
1787026639468,64068.0,0.987,64068.1,3.27,64068.05,0.015608403876588222
1787026639470,64068.0,0.987,64068.1,3.268,64068.05,0.015608403876588222
1787026639472,64068.0,0.987,64068.1,3.27,64068.05,0.015608403876588222
1787026639507,64068.0,0.987,64068.1,3.281,64068.05,0.015608403876588222
1787026641121,64068.0,0.987,64068.1,3.749,64068.05,0.015608403876588222
1787026642393,64068.0,0.987,64068.1,3.751,64068.05,0.015608403876588222
1787026642439,64068.0,6.737,64068.1,3.751,64068.05,0.015608403876588222
1787026642440,64068.0,6.735,64068.1,3.042,64068.05,0.015608403876588222
1787026642441,64068.0,6.737,64068.1,3.042,64068.05,0.015608403876588222
1787026642451,64068.0,6.737,64068.1,2.788,64068.05,0.015608403876588222
1787026642454,64068.0,6.737,64068.1,2.645,64068.05,0.015608403876588222
1787026642508,64068.0,6.737,64068.1,2.656,64068.05,0.015608403876588222
1787026642771,64068.0,6.737,64068.1,2.799,64068.05,0.015608403876588222
1787026642784,64068.0,6.737,64068.1,2.656,64068.05,0.015608403876588222
1787026642805,64068.0,6.737,64068.1,2.799,64068.05,0.015608403876588222
1787026643301,64068.0,6.737,64068.1,2.656,64068.05,0.015608403876588222
1787026643643,64068.0,6.737,64068.1,2.799,64068.05,0.015608403876588222
1787026644292,64068.0,6.737,64068.1,2.656,64068.05,0.015608403876588222
1787026644396,64068.0,6.737,64068.1,1.6,64068.05,0.015608403876588222
1787026644397,64068.0,6.737,64068.1,1.6,64068.05,0.015608403876588222
1787026644688,64068.0,6.737,64068.1,1.195,64068.05,0.015608403876588222
1787026644690,64068.0,6.737,64068.2,0.001,64068.1,0.031216783390968304
1787026644691,64070.3,4.237,64070.4,0.078,64070.350000000006,0.015607843565478384
1787026644692,64070.3,13.285,64070.4,0.078,64070.350000000006,0.015607843565478384
1787026644693,64070.3,15.968,64070.4,1.422,64070.350000000006,0.015607843565478384
1787026644694,64070.3,8.503,64070.4,1.421,64070.350000000006,0.015607843565478384
1787026644695,64070.3,6.987,64070.4,1.421,64070.350000000006,0.015607843565478384
1787026644724,64070.3,6.28,64070.4,1.421,64070.350000000006,0.015607843565478384
1787026644726,64070.3,7.488,64070.4,1.421,64070.350000000006,0.015607843565478384
1787026644745,64070.3,6.961,64070.4,1.421,64070.350000000006,0.015607843565478384
1787026644795,64070.3,6.961,64070.4,1.921,64070.350000000006,0.015607843565478384
1787026644812,64070.3,6.961,64070.4,1.923,64070.350000000006,0.015607843565478384
1787026644839,64070.3,6.961,64070.4,2.066,64070.350000000006,0.015607843565478384
1787026644840,64070.3,6.958,64070.4,2.066,64070.350000000006,0.015607843565478384
1787026644977,64070.3,6.958,64070.4,1.923,64070.350000000006,0.015607843565478384
1787026645032,64070.3,6.958,64070.4,2.066,64070.350000000006,0.015607843565478384
1787026645033,64070.3,6.96,64070.4,2.066,64070.350000000006,0.015607843565478384
1787026645039,64070.3,6.555,64070.4,2.066,64070.350000000006,0.015607843565478384
1787026645040,64070.3,6.555,64070.4,2.066,64070.350000000006,0.015607843565478384
1787026645041,64070.3,5.558,64070.4,2.076,64070.350000000006,0.015607843565478384
1787026645045,64070.3,5.215,64070.4,2.076,64070.350000000006,0.015607843565478384
1787026645047,64070.3,5.215,64070.4,2.387,64070.350000000006,0.015607843565478384
1787026645048,64070.3,5.205,64070.4,2.387,64070.350000000006,0.015607843565478384
1787026645089,64070.3,4.98,64070.4,2.387,64070.350000000006,0.015607843565478384
1787026645507,64070.3,4.98,64070.4,2.396,64070.350000000006,0.015607843565478384
1787026646983,64070.3,4.98,64070.4,2.397,64070.350000000006,0.015607843565478384
1787026646985,64070.3,3.755,64070.4,2.397,64070.350000000006,0.015607843565478384
1787026648040,64070.3,3.694,64070.4,2.397,64070.350000000006,0.015607843565478384
1787026648164,64070.3,3.694,64070.4,2.741,64070.350000000006,0.015607843565478384
1787026648195,64070.3,3.551,64070.4,2.741,64070.350000000006,0.015607843565478384
1787026648196,64070.3,1.703,64070.4,2.741,64070.350000000006,0.015607843565478384
1787026648197,64070.3,1.64,64070.4,2.741,64070.350000000006,0.015607843565478384
1787026648198,64070.3,1.594,64070.4,2.741,64070.350000000006,0.015607843565478384
1787026648199,64070.3,1.594,64070.4,2.803,64070.350000000006,0.015607843565478384
1787026648203,64070.3,1.241,64070.4,2.803,64070.350000000006,0.015607843565478384
1787026648204,64070.3,1.194,64070.4,2.803,64070.350000000006,0.015607843565478384
1787026648205,64070.3,0.621,64070.4,2.803,64070.350000000006,0.015607843565478384
1787026648216,64070.3,0.072,64070.4,2.803,64070.350000000006,0.015607843565478384
1787026648217,64070.3,0.004,64070.4,3.83,64070.350000000006,0.015607843565478384
1787026648218,64070.0,0.001,64070.1,1.053,64070.05,0.01560791664725481
1787026648219,64070.0,0.001,64070.1,2.036,64070.05,0.01560791664725481
1787026648220,64070.0,0.001,64070.1,3.2,64070.05,0.01560791664725481
1787026648221,64070.0,0.008,64070.1,12.107,64070.05,0.01560791664725481
1787026648222,64070.0,0.008,64070.1,6.031,64070.05,0.01560791664725481
1787026648223,64070.0,0.008,64070.1,5.771,64070.05,0.01560791664725481
1787026648248,64068.1,0.785,64068.2,0.63,64068.149999999994,0.015608379514399091
1787026648249,64068.1,0.785,64068.2,2.413,64068.149999999994,0.015608379514399091
1787026648250,64068.1,1.994,64068.2,11.604,64068.149999999994,0.015608379514399091
1787026648251,64068.1,2.776,64068.2,5.399,64068.149999999994,0.015608379514399091
1787026648252,64068.1,2.514,64068.2,4.472,64068.149999999994,0.015608379514399091
1787026648253,64068.1,2.514,64068.2,4.212,64068.149999999994,0.015608379514399091
1787026648267,64068.1,2.504,64068.2,4.212,64068.149999999994,0.015608379514399091
1787026648272,64068.1,2.504,64068.2,3.89,64068.149999999994,0.015608379514399091
1787026648276,64068.1,2.514,64068.2,3.89,64068.149999999994,0.015608379514399091
1787026648280,64068.1,2.514,64068.2,3.384,64068.149999999994,0.015608379514399091
1787026648281,64068.1,2.504,64068.2,3.384,64068.149999999994,0.015608379514399091
1787026648303,64068.1,2.504,64068.2,3.707,64068.149999999994,0.015608379514399091
1787026648304,64068.1,2.513,64068.2,3.707,64068.149999999994,0.015608379514399091
1787026648305,64068.1,2.523,64068.2,3.707,64068.149999999994,0.015608379514399091
1787026648330,64068.1,2.506,64068.2,3.709,64068.149999999994,0.015608379514399091
1787026648398,64068.1,2.506,64068.2,3.386,64068.149999999994,0.015608379514399091
1787026648479,64068.1,2.506,64068.2,3.349,64068.149999999994,0.015608379514399091
1787026648508,64068.1,2.506,64068.2,3.359,64068.149999999994,0.015608379514399091
1787026648617,64068.1,2.506,64068.2,3.369,64068.149999999994,0.015608379514399091
1787026648695,64068.1,2.506,64068.2,3.869,64068.149999999994,0.015608379514399091
1787026648810,64068.1,2.506,64068.2,4.259,64068.149999999994,0.015608379514399091
1787026648825,64068.1,2.506,64068.2,3.869,64068.149999999994,0.015608379514399091
1787026648954,64068.1,2.506,64068.2,4.194,64068.149999999994,0.015608379514399091
1787026649258,64068.1,2.513,64068.2,4.194,64068.149999999994,0.015608379514399091
1787026649328,64068.1,1.993,64068.2,4.194,64068.149999999994,0.015608379514399091
1787026649330,64068.1,0.937,64068.2,4.194,64068.149999999994,0.015608379514399091
1787026649605,64068.0,11.402,64068.1,0.752,64068.05,0.015608403876588222
1787026649606,64068.0,8.518,64068.1,9.0,64068.05,0.015608403876588222
1787026649607,64068.0,7.216,64068.1,13.574,64068.05,0.015608403876588222
1787026649608,64067.9,0.008,64068.1,6.301,64068.0,0.031216832115422616
1787026649609,64067.9,0.008,64068.0,1.388,64067.95,0.015608428238853406
1787026649610,64067.1,0.009,64068.0,3.341,64067.55,0.14047673120034326
1787026649611,64065.2,0.008,64067.2,1.286,64066.2,0.312177091820648
1787026649612,64064.7,0.027,64065.0,0.272,64064.85,0.04682755052152786
1787026649613,64064.7,0.027,64064.8,0.035,64064.75,0.015609207872632105
1787026649614,64064.7,0.028,64064.8,0.036,64064.75,0.015609207872632105
1787026649615,64064.7,0.028,64064.8,1.247,64064.75,0.015609207872632105
1787026649616,64064.7,0.028,64064.8,2.201,64064.75,0.015609207872632105
1787026649617,64064.7,0.028,64064.8,5.919,64064.75,0.015609207872632105
1787026649618,64064.7,0.028,64064.8,6.544,64064.75,0.015609207872632105
1787026649619,64064.7,1.084,64064.8,6.739,64064.75,0.015609207872632105
1787026649620,64064.7,1.084,64064.8,7.373,64064.75,0.015609207872632105
1787026649621,64064.7,1.104,64064.8,7.506,64064.75,0.015609207872632105
1787026649622,64064.7,1.246,64064.8,6.492,64064.75,0.015609207872632105
1787026649623,64064.7,1.246,64064.8,5.131,64064.75,0.015609207872632105
1787026649624,64064.7,2.118,64064.8,4.784,64064.75,0.015609207872632105
1787026649625,64064.7,1.336,64064.8,3.092,64064.75,0.015609207872632105
1787026649626,64064.7,1.336,64064.8,2.892,64064.75,0.015609207872632105
1787026649627,64064.7,1.371,64064.8,2.487,64064.75,0.015609207872632105
1787026649628,64064.7,1.387,64064.8,2.487,64064.75,0.015609207872632105
1787026649629,64064.7,1.396,64064.8,1.852,64064.75,0.015609207872632105
1787026649630,64064.7,1.406,64064.8,1.852,64064.75,0.015609207872632105
1787026649631,64064.7,1.371,64064.8,1.852,64064.75,0.015609207872632105
1787026649632,64064.7,1.351,64064.8,1.852,64064.75,0.015609207872632105
1787026649633,64064.7,1.326,64064.8,1.852,64064.75,0.015609207872632105
1787026649654,64064.7,1.335,64064.8,1.852,64064.75,0.015609207872632105
1787026649655,64064.7,1.406,64064.8,1.817,64064.75,0.015609207872632105
1787026649656,64064.7,1.406,64067.9,0.177,64066.3,0.49948256727864193
1787026649657,64067.8,0.02,64067.9,0.177,64067.850000000006,0.015608452601194641
1787026649658,64067.8,6.749,64067.9,2.078,64067.850000000006,0.015608452601194641
1787026649659,64067.8,0.919,64067.9,1.564,64067.850000000006,0.015608452601194641
1787026649660,64067.8,1.429,64067.9,1.564,64067.850000000006,0.015608452601194641
1787026649661,64067.8,1.366,64067.9,1.564,64067.850000000006,0.015608452601194641
1787026649666,64067.8,1.305,64067.9,1.564,64067.850000000006,0.015608452601194641
1787026649685,64067.8,1.033,64067.9,1.564,64067.850000000006,0.015608452601194641
1787026649686,64067.8,1.033,64067.9,1.574,64067.850000000006,0.015608452601194641
1787026649687,64067.8,0.513,64067.9,1.574,64067.850000000006,0.015608452601194641
1787026649690,64067.8,0.513,64067.9,1.979,64067.850000000006,0.015608452601194641
1787026649691,64067.8,0.37,64067.9,1.979,64067.850000000006,0.015608452601194641
1787026649695,64067.8,0.37,64067.9,2.479,64067.850000000006,0.015608452601194641
1787026649709,64067.8,0.37,64067.9,2.541,64067.850000000006,0.015608452601194641
1787026649711,64067.8,0.37,64067.9,2.936,64067.850000000006,0.015608452601194641
1787026649712,64067.8,0.16,64067.9,2.936,64067.850000000006,0.015608452601194641
1787026649713,64067.8,0.16,64067.9,3.808,64067.850000000006,0.015608452601194641
1787026649721,64067.8,0.16,64067.9,4.307,64067.850000000006,0.015608452601194641
1787026649749,64067.8,0.16,64067.9,5.307,64067.850000000006,0.015608452601194641
1787026649817,64067.8,0.162,64067.9,5.309,64067.850000000006,0.015608452601194641
1787026649879,64067.8,0.162,64067.9,5.315,64067.850000000006,0.015608452601194641
1787026650043,64067.8,0.162,64067.9,5.323,64067.850000000006,0.015608452601194641
1787026650097,64067.8,0.162,64067.9,5.317,64067.850000000006,0.015608452601194641
1787026650100,64067.8,0.162,64067.9,5.322,64067.850000000006,0.015608452601194641
1787026650190,64067.8,0.162,64067.9,5.312,64067.850000000006,0.015608452601194641
1787026650193,64067.8,0.162,64067.9,5.35,64067.850000000006,0.015608452601194641
1787026650316,64067.8,0.162,64067.9,5.345,64067.850000000006,0.015608452601194641
1787026650323,64067.8,0.162,64067.9,5.349,64067.850000000006,0.015608452601194641
1787026650539,64067.8,0.162,64067.9,5.345,64067.850000000006,0.015608452601194641
1787026650546,64067.8,0.162,64067.9,5.35,64067.850000000006,0.015608452601194641
1787026650680,64067.8,0.162,64067.9,5.601,64067.850000000006,0.015608452601194641
1787026650681,64067.8,0.162,64067.9,5.648,64067.850000000006,0.015608452601194641
1787026650757,64067.8,0.162,64067.9,5.643,64067.850000000006,0.015608452601194641
1787026651139,64067.8,0.162,64067.9,5.648,64067.850000000006,0.015608452601194641
1787026651233,64067.8,0.162,64067.9,5.586,64067.850000000006,0.015608452601194641
1787026651319,64067.8,0.162,64067.9,5.648,64067.850000000006,0.015608452601194641
1787026651358,64067.8,0.162,64067.9,5.643,64067.850000000006,0.015608452601194641
1787026651508,64067.8,0.162,64067.9,5.654,64067.850000000006,0.015608452601194641
1787026651602,64067.8,0.162,64067.9,5.592,64067.850000000006,0.015608452601194641
1787026651622,64067.8,0.162,64067.9,5.654,64067.850000000006,0.015608452601194641
1787026651934,64067.1,0.015,64067.2,2.331,64067.149999999994,0.015608623139712757
1787026651935,64064.7,0.107,64064.8,0.713,64064.75,0.015609207872632105
1787026651936,64064.7,0.107,64064.8,4.485,64064.75,0.015609207872632105
1787026651937,64064.7,0.027,64064.8,6.119,64064.75,0.015609207872632105
1787026651938,64064.7,0.127,64064.8,6.07,64064.75,0.015609207872632105
1787026651939,64064.7,0.127,64064.8,5.798,64064.75,0.015609207872632105
1787026651941,64064.7,0.127,64064.8,5.449,64064.75,0.015609207872632105
1787026651995,64064.7,0.354,64064.8,5.449,64064.75,0.015609207872632105
1787026651996,64064.7,0.364,64064.8,5.449,64064.75,0.015609207872632105
1787026651997,64064.7,2.083,64064.8,5.449,64064.75,0.015609207872632105
1787026651998,64064.7,2.39,64064.8,5.449,64064.75,0.015609207872632105
1787026651999,64064.7,2.435,64064.8,4.701,64064.75,0.015609207872632105
1787026652000,64064.7,2.435,64064.8,3.788,64064.75,0.015609207872632105
1787026652002,64064.7,2.435,64064.8,3.688,64064.75,0.015609207872632105
1787026652004,64064.7,2.435,64064.8,2.898,64064.75,0.015609207872632105
1787026652005,64064.7,2.435,64064.8,2.339,64064.75,0.015609207872632105
1787026652017,64064.7,2.435,64064.8,1.626,64064.75,0.015609207872632105
1787026652028,64064.7,2.415,64064.8,1.626,64064.75,0.015609207872632105
1787026652115,64064.7,2.395,64064.8,1.626,64064.75,0.015609207872632105
1787026652116,64064.7,2.415,64064.8,1.626,64064.75,0.015609207872632105
1787026652120,64064.7,2.417,64064.8,1.628,64064.75,0.015609207872632105
1787026652223,64064.7,2.417,64064.8,1.667,64064.75,0.015609207872632105
1787026652695,64064.7,2.417,64064.8,2.167,64064.75,0.015609207872632105
1787026653049,64064.7,2.424,64064.8,2.167,64064.75,0.015609207872632105
1787026653115,64064.7,2.404,64064.8,2.167,64064.75,0.015609207872632105
1787026653116,64064.7,2.584,64064.8,2.167,64064.75,0.015609207872632105
1787026654045,64064.7,2.584,64064.8,1.667,64064.75,0.015609207872632105
1787026654211,64064.7,2.584,64064.8,2.172,64064.75,0.015609207872632105
1787026654212,64064.7,2.566,64064.8,1.797,64064.75,0.015609207872632105
1787026654213,64064.7,1.767,64064.8,3.567,64064.75,0.015609207872632105
1787026654215,64064.7,1.587,64064.8,3.567,64064.75,0.015609207872632105
1787026654216,64064.7,1.607,64064.8,3.567,64064.75,0.015609207872632105
1787026654220,64064.7,1.587,64064.8,3.567,64064.75,0.015609207872632105
1787026654221,64064.7,1.607,64064.8,3.567,64064.75,0.015609207872632105
1787026654223,64064.7,1.464,64064.8,3.567,64064.75,0.015609207872632105
1787026654224,64064.7,1.464,64064.8,3.219,64064.75,0.015609207872632105
1787026654225,64064.7,1.464,64064.8,3.217,64064.75,0.015609207872632105
1787026654233,64064.7,1.607,64064.8,3.217,64064.75,0.015609207872632105
1787026654240,64064.7,1.587,64064.8,3.217,64064.75,0.015609207872632105
1787026654241,64064.7,1.607,64064.8,3.217,64064.75,0.015609207872632105
1787026654266,64064.7,1.587,64064.8,3.217,64064.75,0.015609207872632105
1787026654268,64064.7,1.622,64064.8,3.217,64064.75,0.015609207872632105
1787026654270,64064.7,1.587,64064.8,3.217,64064.75,0.015609207872632105
1787026654271,64064.7,1.612,64064.8,3.217,64064.75,0.015609207872632105
1787026654279,64064.7,2.017,64064.8,3.217,64064.75,0.015609207872632105
1787026654280,64064.7,2.017,64064.8,2.506,64064.75,0.015609207872632105
1787026654282,64064.7,2.017,64064.8,1.795,64064.75,0.015609207872632105
1787026654315,64064.7,1.992,64064.8,1.795,64064.75,0.015609207872632105
1787026654316,64064.7,2.072,64064.8,1.797,64064.75,0.015609207872632105
1787026654507,64064.7,2.072,64064.8,1.807,64064.75,0.015609207872632105
1787026654697,64064.7,1.992,64064.8,1.807,64064.75,0.015609207872632105
1787026654699,64064.7,2.052,64064.8,1.807,64064.75,0.015609207872632105
1787026654829,64064.7,2.052,64064.8,2.212,64064.75,0.015609207872632105
1787026654830,64064.7,2.052,64064.8,1.807,64064.75,0.015609207872632105
1787026654834,64064.7,2.052,64064.8,2.212,64064.75,0.015609207872632105
1787026655051,64064.7,2.052,64064.8,1.807,64064.75,0.015609207872632105
1787026655614,64064.7,2.052,64064.8,2.178,64064.75,0.015609207872632105
1787026655615,64064.7,2.052,64064.8,2.176,64064.75,0.015609207872632105
1787026655616,64064.7,2.052,64064.8,2.178,64064.75,0.015609207872632105
1787026655825,64064.7,2.052,64064.8,1.807,64064.75,0.015609207872632105
1787026655901,64064.7,2.052,64064.8,2.212,64064.75,0.015609207872632105
1787026655998,64064.7,2.052,64064.8,2.547,64064.75,0.015609207872632105
1787026655999,64064.7,1.849,64064.8,2.547,64064.75,0.015609207872632105
1787026656000,64064.7,1.867,64064.8,2.547,64064.75,0.015609207872632105
1787026656002,64064.7,1.869,64064.8,3.889,64064.75,0.015609207872632105
1787026656004,64064.7,0.813,64064.8,3.887,64064.75,0.015609207872632105
1787026656005,64064.7,0.541,64064.8,3.887,64064.75,0.015609207872632105
1787026656006,64064.7,0.541,64064.8,3.889,64064.75,0.015609207872632105
1787026656112,64064.7,0.136,64064.8,3.889,64064.75,0.015609207872632105
1787026656114,64064.7,0.408,64064.8,3.889,64064.75,0.015609207872632105
1787026656115,64064.7,0.406,64064.8,3.889,64064.75,0.015609207872632105
1787026656116,64064.7,0.408,64064.8,3.889,64064.75,0.015609207872632105
1787026656125,64064.7,0.136,64064.8,3.889,64064.75,0.015609207872632105
1787026656126,64064.7,0.129,64064.8,3.889,64064.75,0.015609207872632105
1787026656127,64064.7,0.128,64064.8,3.889,64064.75,0.015609207872632105
1787026656132,64064.7,1.184,64064.8,3.889,64064.75,0.015609207872632105
1787026656139,64064.7,1.182,64064.8,3.889,64064.75,0.015609207872632105
1787026656191,64064.7,1.182,64064.8,3.484,64064.75,0.015609207872632105
1787026656222,64064.7,1.184,64064.8,3.484,64064.75,0.015609207872632105
1787026656240,64064.7,1.327,64064.8,3.484,64064.75,0.015609207872632105
1787026656291,64064.7,1.184,64064.8,3.484,64064.75,0.015609207872632105
1787026657507,64064.7,1.184,64064.8,3.493,64064.75,0.015609207872632105
1787026657592,64064.7,1.184,64064.8,2.834,64064.75,0.015609207872632105
1787026657593,64064.7,1.184,64064.8,2.151,64064.75,0.015609207872632105
1787026657595,64064.7,1.327,64064.8,2.151,64064.75,0.015609207872632105
1787026657611,64064.7,1.327,64064.8,2.121,64064.75,0.015609207872632105
1787026657663,64064.7,1.327,64064.8,2.355,64064.75,0.015609207872632105
1787026657664,64064.7,0.271,64064.8,2.355,64064.75,0.015609207872632105
1787026657665,64064.7,0.128,64064.8,2.355,64064.75,0.015609207872632105
1787026658211,64064.7,1.456,64064.8,2.355,64064.75,0.015609207872632105
1787026658212,64064.7,1.456,64064.8,2.355,64064.75,0.015609207872632105
1787026658222,64064.7,1.456,64064.8,2.02,64064.75,0.015609207872632105
1787026658228,64064.7,1.599,64064.8,2.02,64064.75,0.015609207872632105
1787026658245,64064.7,1.599,64064.8,1.786,64064.75,0.015609207872632105
1787026658398,64064.7,1.599,64064.8,2.191,64064.75,0.015609207872632105
1787026658577,64064.7,1.599,64064.8,1.786,64064.75,0.015609207872632105
1787026658647,64064.7,1.599,64064.8,2.191,64064.75,0.015609207872632105
1787026658723,64064.7,1.599,64064.8,2.518,64064.75,0.015609207872632105
1787026658724,64064.7,1.599,64064.8,2.52,64064.75,0.015609207872632105
1787026658725,64064.7,1.599,64064.8,2.518,64064.75,0.015609207872632105
1787026660508,64064.7,1.599,64064.8,2.525,64064.75,0.015609207872632105
1787026660593,64064.7,1.599,64064.8,2.12,64064.75,0.015609207872632105
1787026660626,64064.7,1.599,64064.8,2.349,64064.75,0.015609207872632105
1787026660663,64064.7,1.599,64064.8,2.022,64064.75,0.015609207872632105
1787026660664,64064.7,1.599,64064.8,1.793,64064.75,0.015609207872632105
1787026660823,64064.7,1.599,64064.8,1.693,64064.75,0.015609207872632105
1787026661452,64064.7,2.004,64064.8,1.693,64064.75,0.015609207872632105
1787026661665,64064.7,2.004,64064.8,1.693,64064.75,0.015609207872632105
1787026662437,64064.7,1.924,64064.8,1.693,64064.75,0.015609207872632105
1787026662438,64064.7,1.984,64064.8,1.693,64064.75,0.015609207872632105
1787026662646,64064.7,1.984,64064.8,2.098,64064.75,0.015609207872632105
1787026662648,64064.7,1.579,64064.8,2.098,64064.75,0.015609207872632105
1787026662681,64064.7,1.579,64064.8,2.454,64064.75,0.015609207872632105
1787026662682,64064.7,1.579,64064.8,2.452,64064.75,0.015609207872632105
1787026662688,64064.7,1.579,64064.8,2.454,64064.75,0.015609207872632105
1787026663133,64064.7,1.436,64064.8,2.454,64064.75,0.015609207872632105
1787026663199,64064.7,1.416,64064.8,2.454,64064.75,0.015609207872632105
1787026663200,64064.7,1.144,64064.8,2.454,64064.75,0.015609207872632105
1787026663201,64064.7,0.088,64064.8,2.454,64064.75,0.015609207872632105
1787026663202,64064.7,0.086,64064.8,2.454,64064.75,0.015609207872632105
1787026663203,64064.7,0.088,64064.8,3.876,64064.75,0.015609207872632105
1787026663263,64064.7,1.144,64064.8,3.876,64064.75,0.015609207872632105
1787026663264,64064.7,1.142,64064.8,3.876,64064.75,0.015609207872632105
1787026663314,64064.7,1.144,64064.8,3.876,64064.75,0.015609207872632105
1787026663496,64064.7,1.287,64064.8,3.876,64064.75,0.015609207872632105
1787026663507,64064.7,1.287,64064.8,3.878,64064.75,0.015609207872632105
1787026663993,64064.7,1.447,64064.8,3.167,64064.75,0.015609207872632105
1787026663994,64064.7,1.447,64064.8,2.456,64064.75,0.015609207872632105
1787026663995,64064.7,1.447,64064.8,2.454,64064.75,0.015609207872632105
1787026663996,64064.7,1.447,64064.8,2.456,64064.75,0.015609207872632105
1787026664053,64064.7,1.447,64064.8,2.1,64064.75,0.015609207872632105
1787026664154,64064.7,1.447,64064.8,1.695,64064.75,0.015609207872632105
1787026664156,64064.7,1.447,64064.8,1.964,64064.75,0.015609207872632105
1787026664212,64064.7,1.447,64064.8,2.1,64064.75,0.015609207872632105
1787026664351,64064.7,1.447,64064.8,1.695,64064.75,0.015609207872632105
1787026664367,64064.7,1.447,64064.8,2.1,64064.75,0.015609207872632105
1787026664409,64064.7,1.447,64064.8,2.105,64064.75,0.015609207872632105
1787026664434,64064.7,1.447,64064.8,1.7,64064.75,0.015609207872632105
1787026664508,64064.7,1.447,64064.8,2.105,64064.75,0.015609207872632105
1787026664509,64064.7,1.447,64064.8,2.103,64064.75,0.015609207872632105
1787026664510,64064.7,1.447,64064.8,2.105,64064.75,0.015609207872632105
1787026664513,64064.7,1.447,64064.8,1.7,64064.75,0.015609207872632105
1787026664623,64064.7,1.447,64064.8,1.695,64064.75,0.015609207872632105
1787026664692,64064.7,1.451,64064.8,1.695,64064.75,0.015609207872632105
1787026664962,64064.7,1.451,64064.8,1.7,64064.75,0.015609207872632105
1787026665046,64064.7,1.451,64064.8,2.078,64064.75,0.015609207872632105
1787026665047,64064.7,1.451,64064.8,1.7,64064.75,0.015609207872632105
1787026665164,64064.7,1.451,64064.8,1.695,64064.75,0.015609207872632105
1787026665190,64064.7,1.451,64064.8,2.1,64064.75,0.015609207872632105
1787026665204,64064.7,1.451,64064.8,2.467,64064.75,0.015609207872632105
1787026665374,64064.7,1.451,64064.8,2.1,64064.75,0.015609207872632105
1787026665375,64064.7,1.451,64064.8,2.098,64064.75,0.015609207872632105
1787026665376,64064.7,1.451,64064.8,2.1,64064.75,0.015609207872632105
1787026665422,64064.7,1.451,64064.8,2.461,64064.75,0.015609207872632105
1787026665430,64064.7,1.451,64064.8,2.466,64064.75,0.015609207872632105
1787026665492,64064.7,1.451,64064.8,2.105,64064.75,0.015609207872632105
1787026665648,64064.7,1.451,64064.8,2.1,64064.75,0.015609207872632105
1787026665693,64064.7,1.451,64064.8,1.695,64064.75,0.015609207872632105
1787026665947,64064.7,1.451,64064.8,1.7,64064.75,0.015609207872632105
1787026666347,64064.7,1.451,64064.8,1.695,64064.75,0.015609207872632105
1787026666350,64064.7,1.451,64064.8,1.701,64064.75,0.015609207872632105
1787026666507,64064.7,1.451,64064.8,1.703,64064.75,0.015609207872632105
1787026666571,64064.7,1.451,64064.8,1.697,64064.75,0.015609207872632105
1787026666587,64064.7,1.451,64064.8,1.702,64064.75,0.015609207872632105
1787026666782,64064.7,1.451,64064.8,1.697,64064.75,0.015609207872632105
1787026666784,64064.7,1.451,64064.8,1.703,64064.75,0.015609207872632105
1787026666877,64064.7,1.451,64064.8,2.108,64064.75,0.015609207872632105
1787026667012,64064.7,1.451,64064.8,1.703,64064.75,0.015609207872632105
1787026667021,64064.7,1.451,64064.8,1.697,64064.75,0.015609207872632105
1787026667025,64064.7,1.451,64064.8,1.702,64064.75,0.015609207872632105
1787026667295,64064.7,1.451,64064.8,2.107,64064.75,0.015609207872632105
1787026667296,64064.7,1.451,64064.8,2.105,64064.75,0.015609207872632105
1787026667297,64064.7,1.451,64064.8,2.107,64064.75,0.015609207872632105
1787026668010,64064.7,1.451,64064.8,1.702,64064.75,0.015609207872632105
1787026668250,64064.7,1.451,64064.8,2.107,64064.75,0.015609207872632105
1787026668401,64064.7,1.451,64064.8,2.068,64064.75,0.015609207872632105
1787026668404,64064.7,1.451,64064.8,2.108,64064.75,0.015609207872632105
1787026668623,64064.7,1.455,64064.8,2.108,64064.75,0.015609207872632105
1787026668688,64064.7,1.395,64064.8,2.108,64064.75,0.015609207872632105
1787026668689,64064.7,1.435,64064.8,2.108,64064.75,0.015609207872632105
1787026668723,64064.7,1.435,64064.8,2.446,64064.75,0.015609207872632105
1787026668731,64064.7,1.435,64064.8,2.108,64064.75,0.015609207872632105
1787026668925,64064.7,1.435,64064.8,2.454,64064.75,0.015609207872632105
1787026669376,64064.7,1.435,64064.8,2.449,64064.75,0.015609207872632105
1787026669507,64064.7,1.435,64064.8,2.472,64064.75,0.015609207872632105
1787026669884,64064.7,1.435,64064.8,2.477,64064.75,0.015609207872632105
1787026670097,64064.7,1.435,64064.8,2.472,64064.75,0.015609207872632105
1787026670107,64064.7,1.435,64064.8,2.126,64064.75,0.015609207872632105
1787026670108,64064.7,1.435,64064.8,2.126,64064.75,0.015609207872632105
1787026670331,64064.7,1.435,64064.8,2.131,64064.75,0.015609207872632105
1787026670411,64064.7,1.435,64064.8,2.503,64064.75,0.015609207872632105
1787026670468,64064.7,1.435,64064.8,2.131,64064.75,0.015609207872632105
1787026670476,64064.7,1.435,64064.8,1.726,64064.75,0.015609207872632105
1787026670502,64064.7,1.435,64064.8,1.686,64064.75,0.015609207872632105
1787026670505,64064.7,1.435,64064.8,1.729,64064.75,0.015609207872632105
1787026670523,64064.7,1.435,64064.8,2.134,64064.75,0.015609207872632105
1787026670524,64064.7,1.435,64064.8,2.522,64064.75,0.015609207872632105
1787026670525,64064.7,1.292,64064.8,2.522,64064.75,0.015609207872632105
1787026670526,64064.7,1.132,64064.8,2.522,64064.75,0.015609207872632105
1787026670527,64064.7,1.172,64064.8,2.522,64064.75,0.015609207872632105
1787026670529,64064.7,1.132,64064.8,2.522,64064.75,0.015609207872632105
1787026670640,64064.7,1.132,64064.8,2.517,64064.75,0.015609207872632105
1787026670645,64064.7,1.132,64064.8,2.523,64064.75,0.015609207872632105
1787026670821,64064.7,1.132,64064.8,2.553,64064.75,0.015609207872632105
1787026670867,64064.7,1.132,64064.8,2.547,64064.75,0.015609207872632105
1787026670875,64064.7,1.132,64064.8,2.552,64064.75,0.015609207872632105
1787026671013,64064.7,0.076,64064.8,3.467,64064.75,0.015609207872632105
1787026671014,64064.7,0.076,64064.8,3.465,64064.75,0.015609207872632105
1787026671015,64064.7,0.076,64064.8,3.467,64064.75,0.015609207872632105
1787026671017,64064.7,0.348,64064.8,3.467,64064.75,0.015609207872632105
1787026671019,64064.7,0.346,64064.8,3.467,64064.75,0.015609207872632105
1787026671079,64064.7,0.346,64064.8,3.462,64064.75,0.015609207872632105
1787026671087,64064.7,0.346,64064.8,3.468,64064.75,0.015609207872632105
1787026671089,64064.7,0.074,64064.8,3.468,64064.75,0.015609207872632105
1787026671124,64064.7,0.076,64064.8,3.468,64064.75,0.015609207872632105
1787026671297,64064.7,0.076,64064.8,3.462,64064.75,0.015609207872632105
1787026671299,64064.7,0.348,64064.8,3.462,64064.75,0.015609207872632105
1787026671300,64064.7,1.404,64064.8,3.462,64064.75,0.015609207872632105
1787026671301,64064.7,1.402,64064.8,3.462,64064.75,0.015609207872632105
1787026671414,64064.7,1.404,64064.8,3.462,64064.75,0.015609207872632105
1787026671416,64064.7,0.348,64064.8,3.462,64064.75,0.015609207872632105
1787026671418,64064.7,0.076,64064.8,3.462,64064.75,0.015609207872632105
1787026671523,64064.7,0.076,64064.8,3.467,64064.75,0.015609207872632105
1787026671722,64063.8,0.06,64063.9,3.432,64063.850000000006,0.015609427157210315
1787026671723,64063.8,0.063,64063.9,7.943,64063.850000000006,0.015609427157210315
1787026671724,64063.8,0.062,64063.9,12.356,64063.850000000006,0.015609427157210315
1787026671725,64063.8,0.062,64063.9,7.98,64063.850000000006,0.015609427157210315
1787026671726,64063.8,0.002,64063.9,7.978,64063.850000000006,0.015609427157210315
1787026671727,64063.0,0.013,64063.9,7.978,64063.45,0.14048572157781938
1787026671728,64063.0,0.013,64063.1,1.135,64063.05,0.015609622083017404
1787026671729,64063.0,0.013,64063.1,2.924,64063.05,0.015609622083017404
1787026671730,64062.2,0.009,64062.3,0.558,64062.25,0.015609817014828666
1787026671731,64062.2,0.009,64062.3,3.423,64062.25,0.015609817014828666
1787026671732,64062.2,0.029,64062.3,6.617,64062.25,0.015609817014828666
1787026671733,64062.2,1.135,64062.3,6.617,64062.25,0.015609817014828666
1787026671734,64062.2,1.135,64062.3,6.557,64062.25,0.015609817014828666
1787026671735,64062.2,1.672,64062.3,7.52,64062.25,0.015609817014828666
1787026671736,64062.2,1.152,64062.3,7.52,64062.25,0.015609817014828666
1787026671737,64062.2,1.142,64062.3,7.52,64062.25,0.015609817014828666
1787026671738,64062.2,1.142,64062.3,7.182,64062.25,0.015609817014828666
1787026671739,64062.2,1.414,64062.3,7.182,64062.25,0.015609817014828666
1787026671740,64062.2,1.142,64062.3,7.182,64062.25,0.015609817014828666
1787026671741,64062.2,1.142,64062.3,6.846,64062.25,0.015609817014828666
1787026671774,64062.2,1.092,64062.3,6.132,64062.25,0.015609817014828666
1787026671776,64062.2,1.192,64062.3,6.132,64062.25,0.015609817014828666
1787026671777,64062.2,1.202,64062.3,6.132,64062.25,0.015609817014828666
1787026671783,64062.2,1.345,64062.3,6.132,64062.25,0.015609817014828666
1787026671784,64062.2,1.335,64062.3,6.132,64062.25,0.015609817014828666
1787026671786,64062.2,1.345,64062.3,6.132,64062.25,0.015609817014828666
1787026671812,64062.2,1.335,64062.3,6.132,64062.25,0.015609817014828666
1787026671815,64062.2,1.235,64062.3,6.132,64062.25,0.015609817014828666
1787026671816,64062.2,1.275,64062.3,6.132,64062.25,0.015609817014828666
1787026671831,64062.2,1.277,64062.3,6.134,64062.25,0.015609817014828666
1787026671844,64062.2,1.134,64062.3,6.134,64062.25,0.015609817014828666
1787026671850,64062.2,0.078,64062.3,6.134,64062.25,0.015609817014828666
1787026671973,64062.2,0.221,64062.3,6.134,64062.25,0.015609817014828666
1787026671974,64062.2,0.491,64062.3,6.134,64062.25,0.015609817014828666
1787026671975,64062.2,0.493,64062.3,6.134,64062.25,0.015609817014828666
1787026671976,64062.2,0.491,64062.3,6.134,64062.25,0.015609817014828666
1787026672015,64062.2,0.491,64062.3,6.177,64062.25,0.015609817014828666
1787026672093,64062.2,0.493,64062.3,6.177,64062.25,0.015609817014828666
1787026672217,64062.2,0.453,64062.3,6.177,64062.25,0.015609817014828666
1787026672218,64062.2,0.201,64062.3,6.177,64062.25,0.015609817014828666
1787026672221,64062.2,0.473,64062.3,6.177,64062.25,0.015609817014828666
1787026672222,64062.2,0.471,64062.3,6.177,64062.25,0.015609817014828666
1787026672223,64062.2,0.473,64062.3,6.177,64062.25,0.015609817014828666
1787026672507,64062.2,0.473,64062.3,6.191,64062.25,0.015609817014828666
1787026672509,64062.2,0.201,64062.3,6.191,64062.25,0.015609817014828666
1787026672526,64062.2,0.201,64062.3,6.148,64062.25,0.015609817014828666
1787026672530,64062.2,0.201,64062.3,6.203,64062.25,0.015609817014828666
1787026672875,64062.2,0.201,64062.3,6.233,64062.25,0.015609817014828666
1787026672964,64062.2,0.473,64062.3,6.233,64062.25,0.015609817014828666
1787026672965,64062.2,0.471,64062.3,6.233,64062.25,0.015609817014828666
1787026672966,64062.2,0.473,64062.3,6.233,64062.25,0.015609817014828666
1787026672967,64062.2,0.201,64062.3,6.233,64062.25,0.015609817014828666
1787026672968,64062.2,0.473,64062.3,6.233,64062.25,0.015609817014828666
1787026672969,64062.2,0.471,64062.3,6.233,64062.25,0.015609817014828666
1787026673037,64062.2,0.471,64062.3,6.178,64062.25,0.015609817014828666
1787026673041,64062.2,0.471,64062.3,6.234,64062.25,0.015609817014828666
1787026673072,64062.2,0.473,64062.3,6.234,64062.25,0.015609817014828666
1787026673390,64062.2,0.473,64062.3,5.829,64062.25,0.015609817014828666
1787026673404,64062.2,0.473,64062.3,5.438,64062.25,0.015609817014828666
1787026673420,64062.2,0.473,64062.3,4.727,64062.25,0.015609817014828666
1787026673421,64062.2,0.473,64062.3,4.198,64062.25,0.015609817014828666
1787026673677,64062.2,0.476,64062.3,4.198,64062.25,0.015609817014828666
1787026673715,64062.2,0.473,64062.3,4.198,64062.25,0.015609817014828666
1787026673738,64062.2,0.453,64062.3,4.198,64062.25,0.015609817014828666
1787026674084,64062.2,0.543,64062.3,4.198,64062.25,0.015609817014828666
1787026674088,64062.2,0.453,64062.3,4.198,64062.25,0.015609817014828666
1787026674089,64062.2,0.493,64062.3,4.198,64062.25,0.015609817014828666
1787026674641,64062.2,0.493,64062.3,4.202,64062.25,0.015609817014828666
1787026675508,64062.2,0.493,64062.3,4.214,64062.25,0.015609817014828666
1787026676510,64062.2,0.493,64062.3,4.218,64062.25,0.015609817014828666
