ts,bid,bidq,ask,askq,mid,spread_bp
1787026497125,1892.49,44.031,1892.5,38.935,1892.495,0.05284029812491397
1787026497146,1892.49,44.081,1892.5,38.935,1892.495,0.05284029812491397
1787026497200,1892.49,44.081,1892.5,38.246,1892.495,0.05284029812491397
1787026497203,1892.49,44.081,1892.5,38.934,1892.495,0.05284029812491397
1787026497848,1892.49,46.723,1892.5,38.934,1892.495,0.05284029812491397
1787026498144,1892.49,46.773,1892.5,38.934,1892.495,0.05284029812491397
1787026498210,1892.49,46.773,1892.5,38.246,1892.495,0.05284029812491397
1787026498214,1892.49,46.773,1892.5,39.002,1892.495,0.05284029812491397
1787026498325,1892.49,46.762,1892.5,39.002,1892.495,0.05284029812491397
1787026498482,1892.49,46.762,1892.5,36.1,1892.495,0.05284029812491397
1787026498507,1892.49,46.762,1892.5,36.294,1892.495,0.05284029812491397
1787026498508,1892.49,46.762,1892.5,36.278,1892.495,0.05284029812491397
1787026498509,1892.49,46.762,1892.5,36.294,1892.495,0.05284029812491397
1787026498533,1892.49,46.762,1892.5,25.019,1892.495,0.05284029812491397
1787026498534,1892.49,46.762,1892.5,20.661,1892.495,0.05284029812491397
1787026498556,1892.49,44.12,1892.5,20.661,1892.495,0.05284029812491397
1787026499229,1892.49,44.12,1892.5,19.905,1892.495,0.05284029812491397
1787026499232,1892.49,44.12,1892.5,20.638,1892.495,0.05284029812491397
1787026499848,1892.49,46.762,1892.5,20.638,1892.495,0.05284029812491397
1787026500144,1892.49,46.812,1892.5,20.638,1892.495,0.05284029812491397
1787026500146,1892.49,46.812,1892.5,22.54,1892.495,0.05284029812491397
1787026500237,1892.49,46.812,1892.5,21.807,1892.495,0.05284029812491397
1787026500240,1892.49,46.812,1892.5,22.555,1892.495,0.05284029812491397
1787026500555,1892.49,46.812,1892.5,22.583,1892.495,0.05284029812491397
1787026500739,1892.49,44.17,1892.5,22.583,1892.495,0.05284029812491397
1787026500987,1892.49,44.308,1892.5,22.583,1892.495,0.05284029812491397
1787026501014,1892.49,44.308,1892.5,20.681,1892.495,0.05284029812491397
1787026501072,1892.49,44.308,1892.5,20.898,1892.495,0.05284029812491397
1787026501539,1892.49,44.308,1892.5,21.065,1892.495,0.05284029812491397
1787026502400,1892.49,44.308,1892.5,20.317,1892.495,0.05284029812491397
1787026502404,1892.49,44.308,1892.5,21.066,1892.495,0.05284029812491397
1787026502459,1892.49,44.308,1892.5,38.448,1892.495,0.05284029812491397
1787026502461,1892.49,44.308,1892.5,40.35,1892.495,0.05284029812491397
1787026503066,1892.49,44.321,1892.5,40.35,1892.495,0.05284029812491397
1787026503126,1892.49,44.321,1892.5,38.448,1892.495,0.05284029812491397
1787026503499,1892.49,44.321,1892.5,38.382,1892.495,0.05284029812491397
1787026503549,1892.49,44.321,1892.5,21.0,1892.495,0.05284029812491397
1787026503557,1892.49,46.963,1892.5,21.0,1892.495,0.05284029812491397
1787026503559,1892.49,49.865,1892.5,21.0,1892.495,0.05284029812491397
1787026503560,1892.49,50.079,1892.5,21.0,1892.495,0.05284029812491397
1787026503667,1892.49,50.079,1892.5,4.64,1892.495,0.05284029812491397
1787026503668,1892.49,49.865,1892.5,3.659,1892.495,0.05284029812491397
1787026503669,1892.49,49.865,1892.5,3.643,1892.495,0.05284029812491397
1787026503670,1892.49,49.865,1892.5,3.659,1892.495,0.05284029812491397
1787026503672,1892.49,61.529,1892.54,0.156,1892.5149999999999,0.26419869855697065
1787026503673,1892.55,8.81,1892.56,0.153,1892.5549999999998,0.052838622919761415
1787026503674,1892.55,42.419,1892.56,18.68,1892.5549999999998,0.052838622919761415
1787026503675,1892.55,45.739,1892.56,19.259,1892.5549999999998,0.052838622919761415
1787026503676,1892.55,69.002,1892.56,19.326,1892.5549999999998,0.052838622919761415
1787026503678,1892.55,77.625,1892.56,20.376,1892.5549999999998,0.052838622919761415
1787026503679,1892.55,77.625,1892.56,16.017,1892.5549999999998,0.052838622919761415
1787026503749,1892.55,77.625,1892.56,17.073,1892.5549999999998,0.052838622919761415
1787026503782,1892.55,77.641,1892.56,17.089,1892.5549999999998,0.052838622919761415
1787026503794,1892.55,69.398,1892.56,17.089,1892.5549999999998,0.052838622919761415
1787026503795,1892.55,69.398,1892.56,19.991,1892.5549999999998,0.052838622919761415
1787026504103,1892.55,69.535,1892.56,19.991,1892.5549999999998,0.052838622919761415
1787026504104,1892.55,69.535,1892.56,21.893,1892.5549999999998,0.052838622919761415
1787026504256,1892.55,58.26,1892.56,21.893,1892.5549999999998,0.052838622919761415
1787026504290,1892.55,58.26,1892.56,31.692,1892.5549999999998,0.052838622919761415
1787026504291,1892.55,58.194,1892.56,31.692,1892.5549999999998,0.052838622919761415
1787026504378,1892.55,58.194,1892.56,39.797,1892.5549999999998,0.052838622919761415
1787026504379,1892.55,48.813,1892.56,39.781,1892.5549999999998,0.052838622919761415
1787026504380,1892.55,48.246,1892.56,39.797,1892.5549999999998,0.052838622919761415
1787026504507,1892.55,48.246,1892.56,39.982,1892.5549999999998,0.052838622919761415
1787026504568,1892.55,48.246,1892.56,40.013,1892.5549999999998,0.052838622919761415
1787026505145,1892.55,48.498,1892.56,40.013,1892.5549999999998,0.052838622919761415
1787026505587,1892.55,48.498,1892.56,28.898,1892.5549999999998,0.052838622919761415
1787026505770,1892.55,48.498,1892.56,31.746,1892.5549999999998,0.052838622919761415
1787026505986,1892.55,48.498,1892.56,29.844,1892.5549999999998,0.052838622919761415
1787026506280,1892.55,48.498,1892.56,29.867,1892.5549999999998,0.052838622919761415
1787026506959,1892.55,48.498,1892.56,26.965,1892.5549999999998,0.052838622919761415
1787026506960,1892.56,21.628,1892.57,0.039,1892.565,0.0528383437292294
1787026506961,1892.58,8.83,1892.59,4.732,1892.585,0.05283778535701649
1787026506962,1892.58,19.999,1892.59,4.743,1892.585,0.05283778535701649
1787026506963,1892.58,42.228,1892.59,4.743,1892.585,0.05283778535701649
1787026506964,1892.58,71.995,1892.59,12.512,1892.585,0.05283778535701649
1787026506965,1892.58,89.735,1892.59,7.748,1892.585,0.05283778535701649
1787026506966,1892.58,89.735,1892.59,7.748,1892.585,0.05283778535701649
1787026506967,1892.58,91.947,1892.59,5.422,1892.585,0.05283778535701649
1787026506968,1892.59,5.567,1892.6,12.71,1892.5949999999998,0.05283750617533549
1787026506969,1892.59,25.037,1892.6,12.71,1892.5949999999998,0.05283750617533549
1787026506970,1892.59,52.078,1892.6,17.55,1892.5949999999998,0.05283750617533549
1787026506972,1892.59,60.701,1892.6,22.249,1892.5949999999998,0.05283750617533549
1787026506973,1892.59,77.151,1892.6,26.68,1892.5949999999998,0.05283750617533549
1787026506976,1892.59,79.151,1892.6,27.73,1892.5949999999998,0.05283750617533549
1787026506978,1892.59,77.151,1892.6,32.089,1892.5949999999998,0.05283750617533549
1787026506979,1892.59,77.151,1892.6,32.156,1892.5949999999998,0.05283750617533549
1787026506980,1892.59,68.528,1892.6,32.156,1892.5949999999998,0.05283750617533549
1787026506982,1892.59,68.528,1892.6,35.058,1892.5949999999998,0.05283750617533549
1787026506983,1892.59,61.381,1892.6,35.058,1892.5949999999998,0.05283750617533549
1787026506984,1892.59,60.248,1892.6,35.058,1892.5949999999998,0.05283750617533549
1787026506985,1892.59,59.681,1892.6,35.058,1892.5949999999998,0.05283750617533549
1787026506990,1892.59,48.406,1892.6,35.058,1892.5949999999998,0.05283750617533549
1787026506999,1892.59,40.118,1892.6,35.058,1892.5949999999998,0.05283750617533549
1787026507003,1892.59,40.118,1892.6,36.114,1892.5949999999998,0.05283750617533549
1787026507005,1892.59,40.118,1892.6,38.538,1892.5949999999998,0.05283750617533549
1787026507006,1892.59,51.233,1892.6,38.538,1892.5949999999998,0.05283750617533549
1787026507021,1892.59,51.233,1892.6,49.653,1892.5949999999998,0.05283750617533549
1787026507023,1892.59,51.233,1892.6,51.555,1892.5949999999998,0.05283750617533549
1787026507058,1892.59,51.233,1892.6,49.653,1892.5949999999998,0.05283750617533549
1787026507094,1892.59,51.249,1892.6,49.669,1892.5949999999998,0.05283750617533549
1787026507138,1892.59,51.249,1892.6,49.802,1892.5949999999998,0.05283750617533549
1787026507447,1892.59,40.862,1892.6,49.802,1892.5949999999998,0.05283750617533549
1787026507448,1892.59,35.862,1892.6,49.802,1892.5949999999998,0.05283750617533549
1787026507449,1892.59,35.862,1892.6,58.89,1892.5949999999998,0.05283750617533549
1787026507508,1892.59,35.862,1892.6,57.893,1892.5949999999998,0.05283750617533549
1787026507509,1892.59,35.862,1892.6,58.051,1892.5949999999998,0.05283750617533549
1787026508010,1892.59,35.862,1892.6,46.936,1892.5949999999998,0.05283750617533549
1787026508012,1892.59,35.862,1892.6,44.034,1892.5949999999998,0.05283750617533549
1787026508085,1892.59,35.862,1892.6,55.149,1892.5949999999998,0.05283750617533549
1787026508143,1892.59,36.114,1892.6,55.149,1892.5949999999998,0.05283750617533549
1787026508163,1892.59,36.114,1892.6,55.17,1892.5949999999998,0.05283750617533549
1787026508207,1892.59,36.114,1892.6,54.87,1892.5949999999998,0.05283750617533549
1787026508209,1892.59,36.114,1892.6,43.755,1892.5949999999998,0.05283750617533549
1787026508234,1892.59,36.114,1892.6,43.667,1892.5949999999998,0.05283750617533549
1787026508235,1892.59,36.114,1892.6,34.579,1892.5949999999998,0.05283750617533549
1787026508236,1892.59,36.114,1892.6,34.563,1892.5949999999998,0.05283750617533549
1787026508238,1892.59,36.114,1892.6,34.579,1892.5949999999998,0.05283750617533549
1787026508473,1892.59,36.114,1892.6,36.313,1892.5949999999998,0.05283750617533549
1787026508474,1892.59,36.114,1892.6,36.354,1892.5949999999998,0.05283750617533549
1787026508475,1892.59,36.114,1892.6,38.256,1892.5949999999998,0.05283750617533549
1787026508482,1892.59,36.114,1892.6,49.371,1892.5949999999998,0.05283750617533549
1787026508512,1892.59,33.212,1892.6,49.371,1892.5949999999998,0.05283750617533549
1787026508513,1892.59,33.145,1892.6,49.371,1892.5949999999998,0.05283750617533549
1787026508611,1892.59,33.145,1892.6,49.401,1892.5949999999998,0.05283750617533549
1787026509491,1892.59,33.145,1892.6,47.499,1892.5949999999998,0.05283750617533549
1787026509794,1892.59,33.801,1892.6,47.499,1892.5949999999998,0.05283750617533549
1787026509858,1892.59,33.801,1892.6,36.384,1892.5949999999998,0.05283750617533549
1787026510057,1892.59,33.801,1892.6,36.244,1892.5949999999998,0.05283750617533549
1787026510099,1892.59,33.801,1892.6,40.547,1892.5949999999998,0.05283750617533549
1787026510108,1892.59,33.801,1892.6,47.359,1892.5949999999998,0.05283750617533549
1787026510109,1892.59,33.801,1892.6,47.343,1892.5949999999998,0.05283750617533549
1787026510110,1892.59,33.801,1892.6,47.359,1892.5949999999998,0.05283750617533549
1787026510171,1892.59,33.801,1892.6,36.244,1892.5949999999998,0.05283750617533549
1787026510261,1892.59,33.801,1892.6,40.115,1892.5949999999998,0.05283750617533549
1787026510295,1892.59,33.801,1892.6,47.359,1892.5949999999998,0.05283750617533549
1787026510508,1892.59,33.801,1892.6,47.54,1892.5949999999998,0.05283750617533549
1787026510552,1892.59,33.801,1892.6,47.421,1892.5949999999998,0.05283750617533549
1787026510553,1892.59,33.801,1892.6,40.177,1892.5949999999998,0.05283750617533549
1787026510554,1892.59,33.801,1892.6,36.306,1892.5949999999998,0.05283750617533549
1787026510751,1892.59,33.801,1892.6,39.167,1892.5949999999998,0.05283750617533549
1787026510754,1892.59,33.801,1892.6,47.421,1892.5949999999998,0.05283750617533549
1787026510933,1892.59,33.801,1892.6,36.306,1892.5949999999998,0.05283750617533549
1787026510934,1892.59,33.801,1892.6,36.306,1892.5949999999998,0.05283750617533549
1787026511082,1892.59,33.801,1892.6,47.421,1892.5949999999998,0.05283750617533549
1787026511104,1892.59,33.801,1892.6,47.4,1892.5949999999998,0.05283750617533549
1787026511434,1892.59,17.351,1892.6,47.4,1892.5949999999998,0.05283750617533549
1787026511435,1892.59,12.992,1892.6,56.488,1892.5949999999998,0.05283750617533549
1787026511436,1892.59,12.039,1892.6,56.488,1892.5949999999998,0.05283750617533549
1787026511447,1892.59,12.039,1892.6,58.39,1892.5949999999998,0.05283750617533549
1787026511497,1892.59,0.924,1892.6,58.39,1892.5949999999998,0.05283750617533549
1787026511498,1892.59,0.908,1892.6,58.39,1892.5949999999998,0.05283750617533549
1787026511503,1892.59,0.908,1892.6,63.189,1892.5949999999998,0.05283750617533549
1787026511575,1892.59,0.924,1892.6,63.189,1892.5949999999998,0.05283750617533549
1787026511606,1892.59,0.941,1892.6,63.189,1892.5949999999998,0.05283750617533549
1787026511695,1892.59,0.941,1892.6,63.07,1892.5949999999998,0.05283750617533549
1787026512098,1892.59,0.941,1892.6,63.598,1892.5949999999998,0.05283750617533549
1787026512250,1892.59,0.941,1892.6,61.696,1892.5949999999998,0.05283750617533549
1787026512252,1892.59,5.3,1892.6,61.696,1892.5949999999998,0.05283750617533549
1787026512253,1892.59,5.284,1892.6,61.696,1892.5949999999998,0.05283750617533549
1787026512254,1892.59,5.3,1892.6,61.696,1892.5949999999998,0.05283750617533549
1787026512343,1892.59,16.415,1892.6,61.696,1892.5949999999998,0.05283750617533549
1787026512344,1892.59,16.399,1892.6,61.696,1892.5949999999998,0.05283750617533549
1787026512419,1892.59,16.415,1892.6,61.696,1892.5949999999998,0.05283750617533549
1787026512492,1892.59,12.056,1892.6,61.696,1892.5949999999998,0.05283750617533549
1787026512621,1892.59,0.941,1892.6,61.696,1892.5949999999998,0.05283750617533549
1787026512624,1892.59,0.941,1892.6,62.239,1892.5949999999998,0.05283750617533549
1787026512649,1892.59,0.941,1892.6,64.141,1892.5949999999998,0.05283750617533549
1787026512869,1892.59,12.056,1892.6,64.141,1892.5949999999998,0.05283750617533549
1787026512870,1892.59,23.331,1892.6,64.141,1892.5949999999998,0.05283750617533549
1787026512871,1892.59,23.331,1892.6,64.141,1892.5949999999998,0.05283750617533549
1787026512872,1892.59,23.331,1892.6,62.239,1892.5949999999998,0.05283750617533549
1787026512882,1892.59,23.331,1892.6,64.141,1892.5949999999998,0.05283750617533549
1787026512895,1892.59,23.331,1892.6,62.239,1892.5949999999998,0.05283750617533549
1787026512896,1892.59,23.331,1892.6,62.223,1892.5949999999998,0.05283750617533549
1787026512897,1892.59,23.331,1892.6,62.239,1892.5949999999998,0.05283750617533549
1787026513006,1892.59,23.331,1892.6,64.141,1892.5949999999998,0.05283750617533549
1787026513136,1892.59,23.331,1892.6,63.598,1892.5949999999998,0.05283750617533549
1787026513139,1892.59,23.331,1892.6,64.195,1892.5949999999998,0.05283750617533549
1787026513214,1892.59,23.331,1892.6,62.293,1892.5949999999998,0.05283750617533549
1787026513449,1892.59,23.331,1892.6,51.178,1892.5949999999998,0.05283750617533549
1787026513474,1892.59,23.331,1892.6,62.293,1892.5949999999998,0.05283750617533549
1787026513475,1892.59,23.331,1892.6,51.178,1892.5949999999998,0.05283750617533549
1787026513508,1892.59,23.331,1892.6,51.368,1892.5949999999998,0.05283750617533549
1787026513544,1892.59,23.331,1892.6,53.27,1892.5949999999998,0.05283750617533549
1787026513946,1892.59,28.15,1892.6,53.27,1892.5949999999998,0.05283750617533549
1787026513948,1892.59,28.15,1892.6,53.27,1892.5949999999998,0.05283750617533549
1787026514004,1892.59,28.15,1892.6,48.471,1892.5949999999998,0.05283750617533549
1787026514030,1892.59,28.15,1892.6,46.569,1892.5949999999998,0.05283750617533549
1787026514114,1892.59,28.15,1892.6,37.298,1892.5949999999998,0.05283750617533549
1787026514116,1892.59,28.15,1892.6,23.851,1892.5949999999998,0.05283750617533549
1787026514117,1892.59,28.15,1892.6,23.851,1892.5949999999998,0.05283750617533549
1787026514142,1892.59,28.198,1892.6,23.851,1892.5949999999998,0.05283750617533549
1787026514257,1892.59,28.198,1892.6,23.254,1892.5949999999998,0.05283750617533549
1787026514261,1892.59,28.198,1892.6,23.87,1892.5949999999998,0.05283750617533549
1787026514352,1892.59,28.173,1892.6,23.87,1892.5949999999998,0.05283750617533549
1787026514353,1892.59,28.173,1892.6,25.772,1892.5949999999998,0.05283750617533549
1787026515068,1892.59,28.433,1892.6,25.772,1892.5949999999998,0.05283750617533549
1787026515098,1892.59,28.433,1892.6,25.244,1892.5949999999998,0.05283750617533549
1787026515150,1892.59,28.483,1892.6,25.244,1892.5949999999998,0.05283750617533549
1787026515199,1892.59,28.483,1892.6,25.141,1892.5949999999998,0.05283750617533549
1787026515657,1892.59,28.483,1892.6,24.525,1892.5949999999998,0.05283750617533549
1787026515661,1892.59,28.483,1892.6,25.156,1892.5949999999998,0.05283750617533549
1787026516097,1892.59,28.483,1892.6,25.684,1892.5949999999998,0.05283750617533549
1787026516150,1892.59,28.533,1892.6,25.684,1892.5949999999998,0.05283750617533549
1787026516165,1892.59,28.533,1892.6,25.053,1892.5949999999998,0.05283750617533549
1787026516168,1892.59,28.533,1892.6,25.682,1892.5949999999998,0.05283750617533549
1787026516206,1892.59,28.533,1892.6,34.647,1892.5949999999998,0.05283750617533549
1787026516296,1892.59,28.533,1892.6,40.584,1892.5949999999998,0.05283750617533549
1787026516448,1892.59,28.533,1892.6,45.762,1892.5949999999998,0.05283750617533549
1787026516449,1892.59,28.533,1892.6,54.85,1892.5949999999998,0.05283750617533549
1787026516507,1892.59,28.533,1892.6,55.03,1892.5949999999998,0.05283750617533549
1787026516732,1892.59,28.533,1892.6,54.517,1892.5949999999998,0.05283750617533549
1787026516797,1892.59,28.533,1892.6,52.917,1892.5949999999998,0.05283750617533549
1787026516798,1892.59,28.533,1892.6,41.802,1892.5949999999998,0.05283750617533549
1787026516882,1892.59,28.533,1892.6,52.917,1892.5949999999998,0.05283750617533549
1787026516897,1892.59,28.533,1892.6,57.138,1892.5949999999998,0.05283750617533549
1787026516980,1892.59,28.533,1892.6,46.023,1892.5949999999998,0.05283750617533549
1787026516981,1892.59,28.533,1892.6,46.007,1892.5949999999998,0.05283750617533549
1787026516982,1892.59,28.533,1892.6,46.023,1892.5949999999998,0.05283750617533549
1787026517150,1892.59,28.583,1892.6,46.023,1892.5949999999998,0.05283750617533549
1787026518098,1892.59,28.583,1892.6,45.495,1892.5949999999998,0.05283750617533549
1787026519395,1892.59,28.583,1892.6,44.866,1892.5949999999998,0.05283750617533549
1787026519398,1892.59,28.583,1892.6,45.483,1892.5949999999998,0.05283750617533549
1787026519423,1892.59,34.983,1892.6,45.483,1892.5949999999998,0.05283750617533549
1787026519425,1892.59,34.983,1892.6,31.696,1892.5949999999998,0.05283750617533549
1787026519426,1892.59,43.606,1892.6,31.696,1892.5949999999998,0.05283750617533549
1787026519429,1892.6,2.988,1892.61,5.888,1892.605,0.05283722699660471
1787026519430,1892.6,21.565,1892.61,5.888,1892.605,0.05283722699660471
1787026519431,1892.6,87.799,1892.61,0.849,1892.605,0.05283722699660471
1787026519432,1892.6,123.159,1892.61,0.849,1892.605,0.05283722699660471
1787026519433,1892.6,104.083,1892.61,0.849,1892.605,0.05283722699660471
1787026519434,1892.6,95.306,1892.61,0.849,1892.605,0.05283722699660471
1787026519435,1892.6,95.306,1892.61,1.899,1892.605,0.05283722699660471
1787026519441,1892.6,90.306,1892.61,1.899,1892.605,0.05283722699660471
1787026519455,1892.6,95.306,1892.61,1.899,1892.605,0.05283722699660471
1787026519477,1892.6,106.421,1892.61,1.899,1892.605,0.05283722699660471
1787026519478,1892.6,101.207,1892.61,1.899,1892.605,0.05283722699660471
1787026519479,1892.6,94.077,1892.61,1.899,1892.605,0.05283722699660471
1787026519490,1892.6,92.077,1892.61,1.899,1892.605,0.05283722699660471
1787026519491,1892.6,92.077,1892.61,6.258,1892.605,0.05283722699660471
1787026519493,1892.6,92.077,1892.61,1.899,1892.605,0.05283722699660471
1787026519508,1892.6,92.077,1892.61,2.091,1892.605,0.05283722699660471
1787026519512,1892.6,92.077,1892.61,3.147,1892.605,0.05283722699660471
1787026519514,1892.6,92.093,1892.61,3.163,1892.605,0.05283722699660471
1787026519516,1892.6,92.093,1892.61,7.522,1892.605,0.05283722699660471
1787026519517,1892.6,92.093,1892.61,7.506,1892.605,0.05283722699660471
1787026519518,1892.6,92.093,1892.61,7.573,1892.605,0.05283722699660471
1787026519617,1892.6,92.093,1892.61,7.589,1892.605,0.05283722699660471
1787026519670,1892.6,92.093,1892.61,3.23,1892.605,0.05283722699660471
1787026519672,1892.6,92.093,1892.61,3.163,1892.605,0.05283722699660471
1787026519707,1892.6,97.093,1892.61,2.763,1892.605,0.05283722699660471
1787026519708,1892.6,101.91,1892.61,2.763,1892.605,0.05283722699660471
1787026520028,1892.6,101.91,1892.61,5.357,1892.605,0.05283722699660471
1787026520143,1892.6,96.91,1892.61,5.357,1892.605,0.05283722699660471
1787026520182,1892.6,101.91,1892.61,5.357,1892.605,0.05283722699660471
1787026520616,1892.6,101.924,1892.61,5.357,1892.605,0.05283722699660471
1787026520691,1892.6,96.924,1892.61,5.357,1892.605,0.05283722699660471
1787026521000,1892.6,101.924,1892.61,5.357,1892.605,0.05283722699660471
1787026521025,1892.6,103.924,1892.61,5.357,1892.605,0.05283722699660471
1787026521122,1892.6,103.91,1892.61,5.357,1892.605,0.05283722699660471
1787026521125,1892.6,103.922,1892.61,5.357,1892.605,0.05283722699660471
1787026521150,1892.6,104.397,1892.61,5.357,1892.605,0.05283722699660471
1787026521585,1892.6,104.397,1892.61,4.293,1892.605,0.05283722699660471
1787026521586,1892.6,104.397,1892.61,5.142,1892.605,0.05283722699660471
1787026521587,1892.6,104.397,1892.61,9.501,1892.605,0.05283722699660471
1787026521588,1892.6,104.397,1892.61,9.485,1892.605,0.05283722699660471
1787026521636,1892.6,99.397,1892.61,9.485,1892.605,0.05283722699660471
1787026521732,1892.6,99.397,1892.61,9.501,1892.605,0.05283722699660471
1787026521996,1892.6,92.267,1892.61,9.501,1892.605,0.05283722699660471
1787026521997,1892.6,84.85,1892.61,9.501,1892.605,0.05283722699660471
1787026522059,1892.6,84.85,1892.61,28.835,1892.605,0.05283722699660471
1787026522061,1892.6,82.196,1892.61,31.737,1892.605,0.05283722699660471
1787026522090,1892.6,71.081,1892.61,31.737,1892.605,0.05283722699660471
1787026522091,1892.6,71.081,1892.61,42.852,1892.605,0.05283722699660471
1787026522125,1892.6,82.196,1892.61,42.852,1892.605,0.05283722699660471
1787026522126,1892.6,73.573,1892.61,42.852,1892.605,0.05283722699660471
1787026522136,1892.6,73.573,1892.61,31.737,1892.605,0.05283722699660471
1787026522150,1892.6,73.625,1892.61,31.737,1892.605,0.05283722699660471
1787026522340,1892.6,42.793,1892.61,46.326,1892.605,0.05283722699660471
1787026522341,1892.6,42.777,1892.61,46.31,1892.605,0.05283722699660471
1787026522342,1892.6,35.558,1892.61,60.218,1892.605,0.05283722699660471
1787026522343,1892.6,31.134,1892.61,60.218,1892.605,0.05283722699660471
1787026522365,1892.6,31.134,1892.61,70.375,1892.605,0.05283722699660471
1787026522382,1892.6,14.548,1892.61,70.375,1892.605,0.05283722699660471
1787026522431,1892.6,14.564,1892.61,70.391,1892.605,0.05283722699660471
1787026522507,1892.6,14.564,1892.61,70.534,1892.605,0.05283722699660471
1787026522539,1892.6,14.579,1892.61,70.534,1892.605,0.05283722699660471
1787026522565,1892.6,9.419,1892.61,70.534,1892.605,0.05283722699660471
1787026522590,1892.6,4.579,1892.61,70.534,1892.605,0.05283722699660471
1787026522682,1892.6,8.938,1892.61,70.534,1892.605,0.05283722699660471
1787026522831,1892.6,7.985,1892.61,70.534,1892.605,0.05283722699660471
1787026522832,1892.6,7.969,1892.61,70.534,1892.605,0.05283722699660471
1787026522833,1892.6,3.626,1892.61,70.534,1892.605,0.05283722699660471
1787026523052,1892.6,3.626,1892.61,65.149,1892.605,0.05283722699660471
1787026523053,1892.6,3.626,1892.61,60.377,1892.605,0.05283722699660471
1787026523054,1892.6,7.985,1892.61,60.377,1892.605,0.05283722699660471
1787026523055,1892.6,7.969,1892.61,60.377,1892.605,0.05283722699660471
1787026523057,1892.6,7.985,1892.61,60.377,1892.605,0.05283722699660471
1787026523093,1892.6,7.985,1892.61,60.219,1892.605,0.05283722699660471
1787026523099,1892.6,7.985,1892.61,60.747,1892.605,0.05283722699660471
1787026523147,1892.6,7.985,1892.61,70.439,1892.605,0.05283722699660471
1787026523190,1892.6,7.985,1892.61,65.333,1892.605,0.05283722699660471
1787026523239,1892.6,7.985,1892.61,60.747,1892.605,0.05283722699660471
1787026523500,1892.6,6.929,1892.61,60.747,1892.605,0.05283722699660471
1787026523501,1892.6,2.57,1892.61,60.747,1892.605,0.05283722699660471
1787026523502,1892.6,2.834,1892.61,60.747,1892.605,0.05283722699660471
1787026523504,1892.6,2.834,1892.61,65.752,1892.605,0.05283722699660471
1787026523652,1892.6,2.834,1892.61,75.683,1892.605,0.05283722699660471
1787026523953,1892.6,2.834,1892.61,65.752,1892.605,0.05283722699660471
1787026523954,1892.6,2.834,1892.61,75.952,1892.605,0.05283722699660471
1787026524310,1892.6,2.834,1892.61,75.872,1892.605,0.05283722699660471
1787026524456,1892.6,2.834,1892.61,75.402,1892.605,0.05283722699660471
1787026524458,1892.6,2.834,1892.61,73.816,1892.605,0.05283722699660471
1787026524459,1892.6,2.834,1892.61,74.866,1892.605,0.05283722699660471
1787026524464,1892.6,2.834,1892.61,72.883,1892.605,0.05283722699660471
1787026524465,1892.6,2.834,1892.61,72.867,1892.605,0.05283722699660471
1787026524466,1892.6,2.834,1892.61,72.883,1892.605,0.05283722699660471
1787026524497,1892.6,2.834,1892.61,73.939,1892.605,0.05283722699660471
1787026524618,1892.6,2.834,1892.61,70.512,1892.605,0.05283722699660471
1787026524620,1892.6,2.834,1892.61,65.722,1892.605,0.05283722699660471
1787026524626,1892.6,2.834,1892.61,70.797,1892.605,0.05283722699660471
1787026524627,1892.6,2.834,1892.61,75.99,1892.605,0.05283722699660471
1787026524720,1892.6,2.834,1892.61,74.007,1892.605,0.05283722699660471
1787026524803,1892.6,2.834,1892.61,78.226,1892.605,0.05283722699660471
1787026525009,1892.6,2.834,1892.61,78.226,1892.605,0.05283722699660471
1787026525032,1892.6,2.834,1892.61,78.754,1892.605,0.05283722699660471
1787026525087,1892.6,2.834,1892.61,80.014,1892.605,0.05283722699660471
1787026525410,1892.6,2.769,1892.61,80.014,1892.605,0.05283722699660471
1787026525411,1892.6,2.69,1892.61,80.014,1892.605,0.05283722699660471
1787026525412,1892.6,2.388,1892.61,83.553,1892.605,0.05283722699660471
1787026525413,1892.59,0.277,1892.6,7.977,1892.5949999999998,0.05283750617533549
1787026525414,1892.59,10.345,1892.6,131.078,1892.5949999999998,0.05283750617533549
1787026525415,1892.55,0.137,1892.56,0.567,1892.5549999999998,0.052838622919761415
1787026525416,1892.53,2.8,1892.54,14.822,1892.5349999999999,0.052839181309676735
1787026525417,1892.53,3.064,1892.54,101.903,1892.5349999999999,0.052839181309676735
1787026525418,1892.53,3.064,1892.54,114.735,1892.5349999999999,0.052839181309676735
1787026525423,1892.53,3.064,1892.54,115.785,1892.5349999999999,0.052839181309676735
1787026525424,1892.53,3.064,1892.54,124.873,1892.5349999999999,0.052839181309676735
1787026525507,1892.53,3.064,1892.54,125.01,1892.5349999999999,0.052839181309676735
1787026525522,1892.53,3.08,1892.54,125.026,1892.5349999999999,0.052839181309676735
1787026525862,1892.53,3.08,1892.54,125.055,1892.5349999999999,0.052839181309676735
1787026526100,1892.53,3.08,1892.54,125.583,1892.5349999999999,0.052839181309676735
1787026526153,1892.53,3.128,1892.54,125.583,1892.5349999999999,0.052839181309676735
1787026526255,1892.53,3.128,1892.54,118.404,1892.5349999999999,0.052839181309676735
1787026526311,1892.53,3.128,1892.54,118.737,1892.5349999999999,0.052839181309676735
1787026527033,1892.53,3.128,1892.54,119.265,1892.5349999999999,0.052839181309676735
1787026527092,1892.5,0.5,1892.53,21.281,1892.5149999999999,0.15851921913418238
1787026527093,1892.46,0.018,1892.47,8.858,1892.4650000000001,0.052841135767324125
1787026527094,1892.43,4.705,1892.44,9.861,1892.435,0.05284197343629189
1787026527095,1892.42,5.615,1892.43,20.685,1892.4250000000002,0.052842252665183054
1787026527096,1892.42,10.415,1892.43,86.299,1892.4250000000002,0.052842252665183054
1787026527097,1892.42,15.224,1892.43,84.287,1892.4250000000002,0.052842252665183054
1787026527098,1892.42,16.024,1892.43,99.407,1892.4250000000002,0.052842252665183054
1787026527099,1892.42,15.809,1892.43,99.407,1892.4250000000002,0.052842252665183054
1787026527100,1892.42,9.812,1892.43,99.407,1892.4250000000002,0.052842252665183054
1787026527101,1892.42,8.812,1892.43,99.407,1892.4250000000002,0.052842252665183054
1787026527103,1892.42,7.876,1892.43,99.407,1892.4250000000002,0.052842252665183054
1787026527104,1892.42,8.343,1892.43,99.087,1892.4250000000002,0.052842252665183054
1787026527106,1892.42,8.276,1892.43,100.137,1892.4250000000002,0.052842252665183054
1787026527119,1892.42,8.276,1892.43,99.826,1892.4250000000002,0.052842252665183054
1787026527133,1892.42,7.876,1892.43,99.826,1892.4250000000002,0.052842252665183054
1787026527134,1892.42,8.276,1892.43,99.826,1892.4250000000002,0.052842252665183054
1787026527135,1892.42,8.676,1892.43,99.826,1892.4250000000002,0.052842252665183054
1787026527143,1892.42,8.724,1892.43,99.826,1892.4250000000002,0.052842252665183054
1787026527205,1892.42,8.74,1892.43,99.842,1892.4250000000002,0.052842252665183054
1787026527276,1892.42,8.74,1892.43,94.465,1892.4250000000002,0.052842252665183054
1787026527279,1892.42,19.58,1892.43,89.418,1892.4250000000002,0.052842252665183054
1787026527280,1892.42,19.564,1892.43,88.285,1892.4250000000002,0.052842252665183054
1787026527294,1892.42,19.839,1892.43,88.285,1892.4250000000002,0.052842252665183054
1787026527301,1892.42,19.839,1892.43,87.652,1892.4250000000002,0.052842252665183054
1787026527332,1892.42,19.855,1892.43,87.652,1892.4250000000002,0.052842252665183054
1787026527413,1892.42,8.74,1892.43,92.89,1892.4250000000002,0.052842252665183054
1787026527430,1892.42,8.74,1892.43,93.223,1892.4250000000002,0.052842252665183054
1787026527501,1892.42,8.74,1892.43,87.985,1892.4250000000002,0.052842252665183054
1787026527502,1892.42,18.168,1892.43,87.985,1892.4250000000002,0.052842252665183054
1787026527503,1892.42,18.152,1892.43,87.985,1892.4250000000002,0.052842252665183054
1787026527504,1892.42,19.855,1892.43,87.985,1892.4250000000002,0.052842252665183054
1787026527505,1892.42,19.855,1892.43,87.398,1892.4250000000002,0.052842252665183054
1787026527681,1892.42,19.88,1892.43,87.398,1892.4250000000002,0.052842252665183054
1787026527744,1892.42,24.239,1892.43,87.398,1892.4250000000002,0.052842252665183054
1787026527776,1892.42,24.239,1892.43,76.283,1892.4250000000002,0.052842252665183054
1787026527777,1892.42,24.239,1892.43,75.962,1892.4250000000002,0.052842252665183054
1787026527778,1892.42,24.239,1892.43,66.874,1892.4250000000002,0.052842252665183054
1787026527843,1892.42,24.239,1892.43,75.081,1892.4250000000002,0.052842252665183054
1787026527845,1892.42,19.88,1892.43,75.081,1892.4250000000002,0.052842252665183054
1787026527878,1892.42,19.88,1892.43,66.874,1892.4250000000002,0.052842252665183054
1787026528096,1892.42,20.143,1892.43,59.842,1892.4250000000002,0.052842252665183054
1787026528098,1892.42,31.418,1892.43,60.37,1892.4250000000002,0.052842252665183054
1787026528099,1892.42,31.418,1892.43,60.37,1892.4250000000002,0.052842252665183054
1787026528140,1892.42,31.418,1892.43,55.371,1892.4250000000002,0.052842252665183054
1787026528141,1892.42,21.689,1892.43,55.371,1892.4250000000002,0.052842252665183054
1787026528142,1892.42,30.825,1892.43,66.486,1892.4250000000002,0.052842252665183054
1787026528160,1892.42,41.94,1892.43,66.486,1892.4250000000002,0.052842252665183054
1787026528161,1892.42,41.924,1892.43,66.486,1892.4250000000002,0.052842252665183054
1787026528202,1892.42,41.924,1892.43,55.371,1892.4250000000002,0.052842252665183054
1787026528203,1892.42,41.924,1892.43,55.355,1892.4250000000002,0.052842252665183054
1787026528204,1892.42,41.94,1892.43,55.371,1892.4250000000002,0.052842252665183054
1787026528508,1892.42,41.94,1892.43,55.532,1892.4250000000002,0.052842252665183054
1787026528537,1892.42,44.314,1892.43,55.532,1892.4250000000002,0.052842252665183054
1787026528699,1892.42,33.039,1892.43,55.532,1892.4250000000002,0.052842252665183054
1787026528700,1892.42,23.951,1892.43,55.532,1892.4250000000002,0.052842252665183054
1787026528846,1892.42,23.951,1892.43,60.253,1892.4250000000002,0.052842252665183054
1787026528847,1892.42,23.951,1892.43,66.647,1892.4250000000002,0.052842252665183054
1787026529142,1892.42,23.999,1892.43,66.647,1892.4250000000002,0.052842252665183054
1787026529158,1892.42,23.999,1892.43,71.582,1892.4250000000002,0.052842252665183054
1787026529266,1892.42,12.884,1892.43,71.582,1892.4250000000002,0.052842252665183054
1787026529268,1892.42,12.884,1892.43,80.67,1892.4250000000002,0.052842252665183054
1787026529424,1892.42,10.51,1892.43,80.67,1892.4250000000002,0.052842252665183054
1787026529426,1892.42,10.11,1892.43,80.67,1892.4250000000002,0.052842252665183054
1787026529434,1892.42,9.71,1892.43,80.337,1892.4250000000002,0.052842252665183054
1787026529435,1892.42,9.91,1892.43,80.337,1892.4250000000002,0.052842252665183054
1787026529438,1892.42,9.91,1892.43,80.657,1892.4250000000002,0.052842252665183054
1787026530141,1892.42,9.958,1892.43,80.657,1892.4250000000002,0.052842252665183054
1787026530272,1892.42,21.073,1892.43,75.722,1892.4250000000002,0.052842252665183054
1787026530273,1892.42,21.073,1892.43,75.722,1892.4250000000002,0.052842252665183054
1787026530289,1892.42,21.073,1892.43,64.607,1892.4250000000002,0.052842252665183054
1787026530537,1892.42,21.073,1892.43,64.287,1892.4250000000002,0.052842252665183054
1787026530541,1892.42,21.073,1892.43,64.592,1892.4250000000002,0.052842252665183054
1787026530618,1892.42,21.073,1892.43,64.549,1892.4250000000002,0.052842252665183054
1787026531099,1892.42,21.073,1892.43,74.579,1892.4250000000002,0.052842252665183054
1787026531140,1892.42,21.073,1892.43,75.664,1892.4250000000002,0.052842252665183054
1787026531291,1892.42,21.073,1892.43,75.359,1892.4250000000002,0.052842252665183054
1787026531295,1892.42,21.073,1892.43,75.665,1892.4250000000002,0.052842252665183054
1787026531508,1892.42,21.073,1892.43,75.756,1892.4250000000002,0.052842252665183054
1787026531586,1892.42,21.073,1892.43,64.641,1892.4250000000002,0.052842252665183054
1787026531587,1892.42,21.073,1892.43,64.641,1892.4250000000002,0.052842252665183054
1787026531786,1892.42,21.073,1892.43,75.756,1892.4250000000002,0.052842252665183054
1787026531798,1892.42,21.073,1892.43,80.281,1892.4250000000002,0.052842252665183054
1787026531801,1892.42,9.958,1892.43,80.281,1892.4250000000002,0.052842252665183054
1787026531846,1892.42,9.758,1892.43,80.281,1892.4250000000002,0.052842252665183054
1787026531935,1892.42,9.958,1892.43,80.281,1892.4250000000002,0.052842252665183054
1787026532093,1892.42,14.601,1892.43,80.281,1892.4250000000002,0.052842252665183054
1787026532100,1892.42,21.073,1892.43,75.756,1892.4250000000002,0.052842252665183054
1787026532102,1892.42,21.073,1892.43,75.756,1892.4250000000002,0.052842252665183054
1787026532115,1892.42,9.958,1892.43,81.055,1892.4250000000002,0.052842252665183054
1787026532139,1892.42,14.295,1892.43,81.055,1892.4250000000002,0.052842252665183054
1787026532184,1892.42,9.958,1892.43,81.055,1892.4250000000002,0.052842252665183054
1787026532190,1892.42,10.007,1892.43,81.055,1892.4250000000002,0.052842252665183054
1787026532304,1892.42,10.007,1892.43,80.749,1892.4250000000002,0.052842252665183054
1787026532308,1892.42,10.007,1892.43,81.085,1892.4250000000002,0.052842252665183054
1787026532397,1892.42,9.958,1892.43,81.085,1892.4250000000002,0.052842252665183054
1787026532881,1892.42,9.958,1892.43,75.786,1892.4250000000002,0.052842252665183054
1787026532882,1892.42,21.073,1892.43,75.786,1892.4250000000002,0.052842252665183054
1787026532883,1892.42,21.073,1892.43,75.786,1892.4250000000002,0.052842252665183054
1787026533012,1892.42,21.073,1892.43,81.06,1892.4250000000002,0.052842252665183054
1787026533031,1892.42,21.073,1892.43,75.786,1892.4250000000002,0.052842252665183054
1787026533037,1892.42,21.073,1892.43,75.786,1892.4250000000002,0.052842252665183054
1787026533038,1892.42,21.073,1892.43,80.243,1892.4250000000002,0.052842252665183054
1787026533262,1892.42,20.873,1892.43,80.243,1892.4250000000002,0.052842252665183054
1787026533335,1892.42,21.073,1892.43,80.243,1892.4250000000002,0.052842252665183054
1787026533524,1892.42,9.958,1892.43,80.243,1892.4250000000002,0.052842252665183054
1787026534095,1892.42,21.073,1892.43,80.243,1892.4250000000002,0.052842252665183054
1787026534096,1892.42,21.073,1892.43,80.243,1892.4250000000002,0.052842252665183054
1787026534275,1892.42,21.073,1892.43,75.786,1892.4250000000002,0.052842252665183054
1787026534363,1892.43,87.602,1892.46,0.695,1892.4450000000002,0.15852508263105514
1787026534364,1892.5,38.339,1892.52,0.024,1892.51,0.10567975862733518
1787026534365,1892.53,4.807,1892.54,0.137,1892.5349999999999,0.052839181309676735
1787026534366,1892.53,21.016,1892.54,0.137,1892.5349999999999,0.052839181309676735
1787026534367,1892.56,1.905,1892.57,0.011,1892.565,0.0528383437292294
1787026534368,1892.56,14.068,1892.59,0.705,1892.5749999999998,0.15851419362494337
1787026534369,1892.56,60.699,1892.57,4.688,1892.565,0.0528383437292294
1787026534370,1892.56,59.666,1892.57,24.171,1892.565,0.0528383437292294
1787026534371,1892.56,82.968,1892.57,28.976,1892.565,0.0528383437292294
1787026534372,1892.56,77.297,1892.57,30.026,1892.565,0.0528383437292294
1787026534382,1892.56,77.297,1892.57,34.245,1892.565,0.0528383437292294
1787026534384,1892.56,77.297,1892.57,37.147,1892.565,0.0528383437292294
1787026534433,1892.56,72.143,1892.57,37.147,1892.565,0.0528383437292294
1787026534434,1892.56,72.143,1892.57,38.06,1892.565,0.0528383437292294
1787026534435,1892.56,64.604,1892.57,38.06,1892.565,0.0528383437292294
1787026534484,1892.56,64.62,1892.57,38.06,1892.565,0.0528383437292294
1787026534485,1892.56,64.62,1892.57,38.076,1892.565,0.0528383437292294
1787026534508,1892.56,64.62,1892.57,38.206,1892.565,0.0528383437292294
1787026534700,1892.56,64.251,1892.57,38.206,1892.565,0.0528383437292294
1787026534701,1892.56,64.251,1892.57,49.321,1892.565,0.0528383437292294
1787026534764,1892.56,64.251,1892.57,38.206,1892.565,0.0528383437292294
1787026535577,1892.56,64.251,1892.57,49.321,1892.565,0.0528383437292294
1787026535578,1892.56,55.815,1892.57,49.321,1892.565,0.0528383437292294
1787026535580,1892.56,55.815,1892.57,58.409,1892.565,0.0528383437292294
1787026535581,1892.56,51.456,1892.57,58.409,1892.565,0.0528383437292294
1787026535631,1892.56,46.456,1892.57,58.409,1892.565,0.0528383437292294
1787026535640,1892.56,37.194,1892.57,58.409,1892.565,0.0528383437292294
1787026536143,1892.56,37.386,1892.57,58.409,1892.565,0.0528383437292294
1787026537070,1892.56,42.386,1892.57,58.409,1892.565,0.0528383437292294
1787026537072,1892.56,42.41,1892.57,58.409,1892.565,0.0528383437292294
1787026537140,1892.56,42.218,1892.57,58.409,1892.565,0.0528383437292294
1787026537316,1892.56,42.218,1892.57,59.136,1892.565,0.0528383437292294
1787026537405,1892.56,37.218,1892.57,59.136,1892.565,0.0528383437292294
1787026537507,1892.56,37.218,1892.57,59.209,1892.565,0.0528383437292294
1787026537558,1892.56,37.218,1892.57,59.288,1892.565,0.0528383437292294
1787026537656,1892.56,42.218,1892.57,59.288,1892.565,0.0528383437292294
1787026538143,1892.56,42.41,1892.57,59.288,1892.565,0.0528383437292294
1787026538486,1892.56,42.41,1892.57,48.173,1892.565,0.0528383437292294
1787026538680,1892.56,37.41,1892.57,59.288,1892.565,0.0528383437292294
1787026538838,1892.56,42.41,1892.57,59.288,1892.565,0.0528383437292294
1787026539140,1892.56,42.218,1892.57,59.288,1892.565,0.0528383437292294
1787026539314,1892.56,14.72,1892.57,59.288,1892.565,0.0528383437292294
1787026539315,1892.51,16.564,1892.53,5.16,1892.52,0.10567920021971662
1787026539316,1892.46,4.37,1892.47,16.169,1892.4650000000001,0.052841135767324125
1787026539317,1892.46,9.584,1892.47,28.477,1892.4650000000001,0.052841135767324125
1787026539318,1892.46,5.466,1892.47,58.67,1892.4650000000001,0.052841135767324125
1787026539319,1892.46,17.72,1892.47,84.236,1892.4650000000001,0.052841135767324125
1787026539320,1892.46,17.456,1892.47,89.085,1892.4650000000001,0.052841135767324125
1787026539321,1892.46,16.436,1892.47,94.166,1892.4650000000001,0.052841135767324125
1787026539322,1892.46,10.075,1892.47,89.105,1892.4650000000001,0.052841135767324125
1787026539323,1892.46,11.675,1892.47,95.23,1892.4650000000001,0.052841135767324125
1787026539324,1892.46,12.675,1892.47,93.015,1892.4650000000001,0.052841135767324125
1787026539325,1892.46,12.675,1892.47,100.2,1892.4650000000001,0.052841135767324125
1787026539326,1892.46,12.675,1892.47,105.2,1892.4650000000001,0.052841135767324125
1787026539327,1892.46,11.808,1892.47,105.2,1892.4650000000001,0.052841135767324125
1787026539328,1892.46,10.608,1892.47,112.808,1892.4650000000001,0.052841135767324125
1787026539329,1892.46,10.608,1892.47,110.629,1892.4650000000001,0.052841135767324125
1787026539330,1892.46,10.608,1892.47,104.103,1892.4650000000001,0.052841135767324125
1787026539332,1892.46,10.608,1892.47,96.918,1892.4650000000001,0.052841135767324125
1787026539338,1892.46,13.008,1892.47,96.918,1892.4650000000001,0.052841135767324125
1787026539340,1892.46,12.608,1892.47,91.918,1892.4650000000001,0.052841135767324125
1787026539342,1892.46,23.723,1892.47,90.318,1892.4650000000001,0.052841135767324125
1787026539343,1892.46,23.723,1892.47,88.718,1892.4650000000001,0.052841135767324125
1787026539344,1892.46,23.723,1892.47,87.962,1892.4650000000001,0.052841135767324125
1787026539345,1892.46,23.723,1892.47,82.688,1892.4650000000001,0.052841135767324125
1787026539347,1892.46,23.723,1892.47,77.889,1892.4650000000001,0.052841135767324125
1787026539348,1892.46,23.723,1892.47,77.302,1892.4650000000001,0.052841135767324125
1787026539349,1892.46,23.723,1892.47,75.787,1892.4650000000001,0.052841135767324125
1787026539358,1892.46,23.723,1892.47,71.174,1892.4650000000001,0.052841135767324125
1787026539359,1892.46,28.723,1892.47,71.174,1892.4650000000001,0.052841135767324125
1787026539360,1892.46,28.723,1892.47,69.174,1892.4650000000001,0.052841135767324125
1787026539372,1892.46,28.723,1892.47,52.661,1892.4650000000001,0.052841135767324125
1787026539373,1892.46,39.998,1892.47,52.641,1892.4650000000001,0.052841135767324125
1787026539379,1892.46,39.998,1892.47,30.604,1892.4650000000001,0.052841135767324125
1787026539380,1892.46,39.998,1892.47,24.259,1892.4650000000001,0.052841135767324125
1787026539385,1892.46,39.998,1892.47,24.986,1892.4650000000001,0.052841135767324125
1787026539392,1892.46,34.998,1892.47,24.986,1892.4650000000001,0.052841135767324125
1787026539396,1892.46,34.998,1892.47,27.954,1892.4650000000001,0.052841135767324125
1787026539398,1892.46,34.998,1892.47,36.101,1892.4650000000001,0.052841135767324125
1787026539400,1892.46,34.998,1892.47,34.154,1892.4650000000001,0.052841135767324125
1787026539403,1892.46,34.998,1892.47,34.154,1892.4650000000001,0.052841135767324125
1787026539404,1892.46,34.998,1892.47,25.066,1892.4650000000001,0.052841135767324125
1787026539413,1892.46,34.998,1892.47,25.066,1892.4650000000001,0.052841135767324125
1787026539414,1892.46,34.998,1892.47,38.343,1892.4650000000001,0.052841135767324125
1787026539416,1892.46,35.014,1892.47,38.343,1892.4650000000001,0.052841135767324125
1787026539417,1892.46,35.014,1892.47,38.359,1892.4650000000001,0.052841135767324125
1787026539421,1892.46,23.739,1892.47,27.244,1892.4650000000001,0.052841135767324125
1787026539424,1892.46,23.739,1892.47,38.359,1892.4650000000001,0.052841135767324125
1787026539430,1892.46,23.739,1892.47,48.434,1892.4650000000001,0.052841135767324125
1787026539439,1892.46,21.339,1892.47,48.434,1892.4650000000001,0.052841135767324125
1787026539455,1892.46,10.224,1892.47,48.434,1892.4650000000001,0.052841135767324125
1787026539457,1892.46,4.538,1892.47,62.522,1892.4650000000001,0.052841135767324125
1787026539458,1892.46,1.303,1892.47,62.522,1892.4650000000001,0.052841135767324125
1787026539459,1892.42,0.437,1892.43,13.458,1892.4250000000002,0.052842252665183054
1787026539460,1892.42,10.582,1892.43,50.251,1892.4250000000002,0.052842252665183054
1787026539461,1892.42,5.979,1892.43,126.199,1892.4250000000002,0.052842252665183054
1787026539462,1892.42,1.74,1892.43,168.378,1892.4250000000002,0.052842252665183054
1787026539463,1892.42,1.74,1892.43,176.583,1892.4250000000002,0.052842252665183054
1787026539464,1892.42,1.74,1892.43,176.763,1892.4250000000002,0.052842252665183054
1787026539465,1892.42,1.74,1892.43,172.404,1892.4250000000002,0.052842252665183054
1787026539466,1892.42,1.74,1892.43,165.051,1892.4250000000002,0.052842252665183054
1787026539467,1892.42,2.14,1892.43,163.6,1892.4250000000002,0.052842252665183054
1787026539468,1892.42,2.14,1892.43,163.199,1892.4250000000002,0.052842252665183054
1787026539470,1892.42,2.14,1892.43,163.171,1892.4250000000002,0.052842252665183054
1787026539472,1892.42,2.14,1892.43,157.928,1892.4250000000002,0.052842252665183054
1787026539474,1892.42,2.54,1892.43,157.714,1892.4250000000002,0.052842252665183054
1787026539480,1892.42,0.353,1892.43,157.714,1892.4250000000002,0.052842252665183054
1787026539482,1892.42,0.353,1892.43,157.742,1892.4250000000002,0.052842252665183054
1787026539483,1892.42,2.753,1892.43,157.742,1892.4250000000002,0.052842252665183054
1787026539489,1892.42,2.753,1892.43,158.149,1892.4250000000002,0.052842252665183054
1787026539490,1892.42,7.753,1892.43,158.149,1892.4250000000002,0.052842252665183054
1787026539496,1892.42,7.753,1892.43,158.228,1892.4250000000002,0.052842252665183054
1787026539498,1892.42,6.153,1892.43,158.228,1892.4250000000002,0.052842252665183054
1787026539499,1892.42,6.553,1892.43,158.228,1892.4250000000002,0.052842252665183054
1787026539500,1892.42,6.553,1892.43,158.2,1892.4250000000002,0.052842252665183054
1787026539502,1892.42,6.62,1892.43,158.2,1892.4250000000002,0.052842252665183054
1787026539513,1892.42,6.62,1892.43,145.512,1892.4250000000002,0.052842252665183054
1787026539520,1892.42,6.636,1892.43,145.528,1892.4250000000002,0.052842252665183054
1787026539521,1892.42,10.995,1892.43,145.528,1892.4250000000002,0.052842252665183054
1787026539522,1892.42,6.636,1892.43,145.217,1892.4250000000002,0.052842252665183054
1787026539523,1892.42,6.62,1892.43,140.418,1892.4250000000002,0.052842252665183054
1787026539525,1892.42,6.62,1892.43,132.31,1892.4250000000002,0.052842252665183054
1787026539532,1892.42,6.62,1892.43,130.71,1892.4250000000002,0.052842252665183054
1787026539534,1892.42,6.553,1892.43,130.71,1892.4250000000002,0.052842252665183054
1787026539546,1892.42,6.568,1892.43,130.71,1892.4250000000002,0.052842252665183054
1787026539547,1892.42,1.568,1892.43,130.71,1892.4250000000002,0.052842252665183054
1787026539548,1892.42,1.832,1892.43,130.71,1892.4250000000002,0.052842252665183054
1787026539566,1892.42,6.832,1892.43,130.71,1892.4250000000002,0.052842252665183054
1787026539570,1892.42,17.947,1892.43,130.71,1892.4250000000002,0.052842252665183054
1787026539571,1892.42,17.947,1892.43,129.577,1892.4250000000002,0.052842252665183054
1787026539578,1892.42,17.683,1892.43,129.577,1892.4250000000002,0.052842252665183054
1787026539622,1892.42,17.699,1892.43,129.577,1892.4250000000002,0.052842252665183054
1787026539650,1892.42,17.699,1892.43,125.005,1892.4250000000002,0.052842252665183054
1787026539654,1892.42,17.699,1892.43,124.005,1892.4250000000002,0.052842252665183054
1787026539656,1892.42,17.699,1892.43,108.475,1892.4250000000002,0.052842252665183054
1787026539680,1892.42,18.085,1892.43,108.475,1892.4250000000002,0.052842252665183054
1787026539715,1892.42,18.085,1892.43,72.851,1892.4250000000002,0.052842252665183054
1787026539716,1892.42,29.36,1892.43,70.391,1892.4250000000002,0.052842252665183054
1787026539717,1892.42,29.36,1892.43,57.447,1892.4250000000002,0.052842252665183054
1787026539756,1892.42,29.36,1892.43,46.172,1892.4250000000002,0.052842252665183054
1787026539757,1892.42,29.36,1892.43,41.173,1892.4250000000002,0.052842252665183054
1787026539765,1892.42,29.36,1892.43,41.153,1892.4250000000002,0.052842252665183054
1787026540143,1892.42,29.552,1892.43,41.153,1892.4250000000002,0.052842252665183054
1787026540145,1892.42,38.64,1892.43,41.153,1892.4250000000002,0.052842252665183054
1787026540146,1892.42,38.64,1892.43,41.153,1892.4250000000002,0.052842252665183054
1787026540237,1892.42,27.365,1892.43,41.153,1892.4250000000002,0.052842252665183054
1787026540266,1892.42,27.365,1892.43,52.268,1892.4250000000002,0.052842252665183054
1787026540268,1892.42,18.277,1892.43,52.268,1892.4250000000002,0.052842252665183054
1787026540288,1892.42,18.277,1892.43,62.049,1892.4250000000002,0.052842252665183054
1787026540297,1892.42,18.277,1892.43,61.97,1892.4250000000002,0.052842252665183054
1787026540301,1892.42,18.277,1892.43,62.05,1892.4250000000002,0.052842252665183054
1787026540302,1892.42,13.277,1892.43,62.05,1892.4250000000002,0.052842252665183054
1787026540304,1892.42,13.277,1892.43,71.138,1892.4250000000002,0.052842252665183054
1787026540381,1892.42,18.277,1892.43,71.138,1892.4250000000002,0.052842252665183054
1787026540507,1892.42,18.277,1892.43,71.186,1892.4250000000002,0.052842252665183054
1787026540569,1892.42,18.277,1892.43,50.29,1892.4250000000002,0.052842252665183054
1787026540570,1892.42,18.277,1892.43,50.29,1892.4250000000002,0.052842252665183054
1787026540791,1892.42,18.277,1892.43,59.397,1892.4250000000002,0.052842252665183054
1787026540838,1892.42,18.277,1892.43,54.397,1892.4250000000002,0.052842252665183054
1787026540839,1892.42,18.277,1892.43,47.298,1892.4250000000002,0.052842252665183054
1787026540840,1892.42,18.277,1892.43,32.735,1892.4250000000002,0.052842252665183054
1787026540841,1892.42,18.277,1892.43,26.545,1892.4250000000002,0.052842252665183054
1787026540883,1892.42,18.277,1892.43,38.243,1892.4250000000002,0.052842252665183054
1787026540903,1892.42,18.277,1892.43,52.595,1892.4250000000002,0.052842252665183054
1787026540946,1892.42,18.277,1892.43,47.35,1892.4250000000002,0.052842252665183054
1787026540947,1892.42,18.277,1892.43,47.334,1892.4250000000002,0.052842252665183054
1787026540948,1892.42,18.277,1892.43,47.35,1892.4250000000002,0.052842252665183054
1787026541031,1892.42,29.552,1892.43,24.537,1892.4250000000002,0.052842252665183054
1787026541032,1892.42,29.552,1892.43,24.537,1892.4250000000002,0.052842252665183054
1787026541318,1892.42,29.552,1892.43,24.457,1892.4250000000002,0.052842252665183054
1787026541321,1892.42,29.552,1892.43,24.528,1892.4250000000002,0.052842252665183054
1787026541546,1892.42,31.152,1892.43,24.528,1892.4250000000002,0.052842252665183054
1787026541547,1892.42,32.952,1892.43,24.528,1892.4250000000002,0.052842252665183054
1787026541722,1892.42,32.952,1892.43,13.698,1892.4250000000002,0.052842252665183054
1787026541723,1892.42,42.04,1892.43,13.698,1892.4250000000002,0.052842252665183054
1787026542019,1892.42,42.04,1892.43,32.818,1892.4250000000002,0.052842252665183054
1787026542020,1892.42,42.04,1892.43,32.818,1892.4250000000002,0.052842252665183054
1787026542021,1892.42,40.44,1892.43,32.818,1892.4250000000002,0.052842252665183054
1787026542022,1892.42,38.64,1892.43,32.818,1892.4250000000002,0.052842252665183054
1787026542047,1892.42,33.64,1892.43,32.818,1892.4250000000002,0.052842252665183054
1787026542120,1892.42,22.365,1892.43,32.818,1892.4250000000002,0.052842252665183054
1787026542121,1892.42,22.349,1892.43,32.818,1892.4250000000002,0.052842252665183054
1787026542122,1892.42,13.277,1892.43,32.818,1892.4250000000002,0.052842252665183054
1787026542184,1892.42,13.277,1892.43,43.933,1892.4250000000002,0.052842252665183054
1787026542289,1892.42,13.277,1892.43,54.091,1892.4250000000002,0.052842252665183054
1787026542291,1892.42,13.277,1892.43,63.179,1892.4250000000002,0.052842252665183054
1787026542423,1892.42,2.162,1892.43,63.179,1892.4250000000002,0.052842252665183054
1787026542424,1892.42,2.426,1892.43,63.179,1892.4250000000002,0.052842252665183054
1787026542696,1892.42,2.426,1892.43,68.004,1892.4250000000002,0.052842252665183054
1787026542697,1892.42,2.426,1892.43,73.008,1892.4250000000002,0.052842252665183054
1787026542698,1892.42,2.426,1892.43,73.024,1892.4250000000002,0.052842252665183054
1787026542699,1892.42,2.162,1892.43,73.024,1892.4250000000002,0.052842252665183054
1787026542700,1892.42,2.162,1892.43,73.238,1892.4250000000002,0.052842252665183054
1787026542716,1892.42,2.162,1892.43,73.024,1892.4250000000002,0.052842252665183054
1787026542803,1892.42,2.162,1892.43,68.024,1892.4250000000002,0.052842252665183054
1787026542836,1892.42,2.162,1892.43,72.823,1892.4250000000002,0.052842252665183054
1787026542887,1892.42,2.162,1892.43,74.083,1892.4250000000002,0.052842252665183054
1787026543098,1892.42,2.162,1892.43,74.611,1892.4250000000002,0.052842252665183054
1787026543328,1892.42,2.162,1892.43,74.54,1892.4250000000002,0.052842252665183054
1787026543331,1892.42,2.162,1892.43,74.602,1892.4250000000002,0.052842252665183054
1787026543341,1892.42,2.162,1892.43,79.602,1892.4250000000002,0.052842252665183054
1787026543508,1892.42,2.162,1892.43,79.874,1892.4250000000002,0.052842252665183054
1787026543623,1892.42,2.162,1892.43,74.874,1892.4250000000002,0.052842252665183054
1787026543848,1892.42,2.162,1892.43,70.075,1892.4250000000002,0.052842252665183054
1787026543945,1892.42,2.162,1892.43,68.815,1892.4250000000002,0.052842252665183054
1787026543946,1892.42,2.162,1892.43,63.99,1892.4250000000002,0.052842252665183054
1787026543947,1892.42,6.521,1892.43,63.99,1892.4250000000002,0.052842252665183054
1787026543948,1892.42,6.505,1892.43,63.99,1892.4250000000002,0.052842252665183054
1787026543949,1892.42,6.521,1892.43,63.99,1892.4250000000002,0.052842252665183054
1787026544001,1892.42,2.162,1892.43,63.99,1892.4250000000002,0.052842252665183054
1787026544100,1892.42,2.162,1892.43,63.462,1892.4250000000002,0.052842252665183054
1787026544129,1892.42,13.277,1892.43,63.462,1892.4250000000002,0.052842252665183054
1787026544131,1892.42,13.277,1892.43,63.462,1892.4250000000002,0.052842252665183054
1787026544269,1892.42,13.261,1892.43,63.462,1892.4250000000002,0.052842252665183054
1787026544270,1892.42,2.146,1892.43,63.462,1892.4250000000002,0.052842252665183054
1787026544273,1892.42,1.793,1892.43,68.462,1892.4250000000002,0.052842252665183054
1787026544275,1892.42,1.893,1892.43,68.462,1892.4250000000002,0.052842252665183054
1787026544335,1892.42,1.893,1892.43,63.462,1892.4250000000002,0.052842252665183054
1787026544351,1892.42,1.909,1892.43,63.462,1892.4250000000002,0.052842252665183054
1787026544950,1892.42,1.909,1892.43,68.462,1892.4250000000002,0.052842252665183054
1787026545098,1892.42,1.909,1892.43,68.99,1892.4250000000002,0.052842252665183054
1787026545293,1892.42,1.909,1892.43,68.928,1892.4250000000002,0.052842252665183054
1787026545297,1892.42,1.909,1892.43,69.061,1892.4250000000002,0.052842252665183054
1787026545614,1892.42,1.909,1892.43,64.061,1892.4250000000002,0.052842252665183054
1787026545615,1892.42,6.268,1892.43,64.061,1892.4250000000002,0.052842252665183054
1787026545616,1892.42,6.252,1892.43,64.061,1892.4250000000002,0.052842252665183054
1787026545617,1892.42,6.268,1892.43,64.061,1892.4250000000002,0.052842252665183054
1787026545674,1892.42,17.383,1892.43,64.061,1892.4250000000002,0.052842252665183054
1787026545675,1892.42,17.367,1892.43,64.061,1892.4250000000002,0.052842252665183054
1787026545729,1892.42,17.383,1892.43,64.061,1892.4250000000002,0.052842252665183054
1787026545735,1892.42,17.383,1892.43,58.621,1892.4250000000002,0.052842252665183054
1787026545738,1892.42,28.658,1892.43,17.268,1892.4250000000002,0.052842252665183054
1787026545739,1892.42,34.133,1892.43,12.91,1892.4250000000002,0.052842252665183054
1787026545740,1892.42,39.133,1892.43,12.89,1892.4250000000002,0.052842252665183054
1787026545741,1892.42,39.117,1892.43,12.89,1892.4250000000002,0.052842252665183054
1787026545744,1892.42,42.517,1892.43,12.89,1892.4250000000002,0.052842252665183054
1787026545837,1892.42,42.533,1892.43,12.89,1892.4250000000002,0.052842252665183054
1787026545838,1892.42,42.533,1892.43,3.802,1892.4250000000002,0.052842252665183054
1787026545840,1892.42,51.621,1892.43,8.323,1892.4250000000002,0.052842252665183054
1787026545841,1892.42,51.621,1892.43,12.682,1892.4250000000002,0.052842252665183054
1787026545847,1892.42,51.621,1892.43,21.31,1892.4250000000002,0.052842252665183054
1787026545849,1892.42,51.621,1892.43,21.294,1892.4250000000002,0.052842252665183054
1787026545873,1892.42,51.621,1892.43,23.781,1892.4250000000002,0.052842252665183054
1787026545889,1892.42,40.346,1892.43,38.019,1892.4250000000002,0.052842252665183054
1787026545890,1892.42,36.946,1892.43,38.019,1892.4250000000002,0.052842252665183054
1787026545891,1892.42,22.858,1892.43,38.019,1892.4250000000002,0.052842252665183054
1787026545944,1892.42,22.858,1892.43,38.035,1892.4250000000002,0.052842252665183054
1787026545952,1892.42,22.858,1892.43,48.616,1892.4250000000002,0.052842252665183054
1787026545958,1892.42,22.858,1892.43,43.224,1892.4250000000002,0.052842252665183054
1787026546005,1892.42,22.858,1892.43,38.035,1892.4250000000002,0.052842252665183054
1787026546082,1892.42,22.858,1892.43,26.92,1892.4250000000002,0.052842252665183054
1787026546098,1892.42,22.858,1892.43,26.392,1892.4250000000002,0.052842252665183054
1787026546127,1892.42,22.858,1892.43,37.507,1892.4250000000002,0.052842252665183054
1787026546129,1892.42,22.858,1892.43,37.507,1892.4250000000002,0.052842252665183054
1787026546507,1892.42,22.858,1892.43,37.781,1892.4250000000002,0.052842252665183054
1787026546569,1892.42,22.858,1892.43,42.969,1892.4250000000002,0.052842252665183054
1787026546633,1892.42,22.858,1892.43,47.377,1892.4250000000002,0.052842252665183054
1787026546635,1892.42,22.858,1892.43,56.465,1892.4250000000002,0.052842252665183054
1787026546860,1892.42,22.858,1892.43,52.057,1892.4250000000002,0.052842252665183054
1787026546866,1892.42,22.858,1892.43,56.818,1892.4250000000002,0.052842252665183054
1787026546872,1892.42,22.858,1892.43,46.869,1892.4250000000002,0.052842252665183054
1787026546873,1892.42,22.858,1892.43,46.853,1892.4250000000002,0.052842252665183054
1787026546874,1892.42,22.858,1892.43,32.631,1892.4250000000002,0.052842252665183054
1787026546877,1892.42,22.858,1892.43,42.255,1892.4250000000002,0.052842252665183054
1787026546879,1892.42,22.858,1892.43,42.951,1892.4250000000002,0.052842252665183054
1787026546912,1892.42,22.858,1892.43,42.818,1892.4250000000002,0.052842252665183054
1787026546916,1892.42,22.858,1892.43,42.942,1892.4250000000002,0.052842252665183054
1787026547257,1892.42,22.858,1892.43,33.318,1892.4250000000002,0.052842252665183054
1787026547268,1892.42,22.858,1892.43,38.372,1892.4250000000002,0.052842252665183054
1787026547270,1892.42,22.858,1892.43,43.762,1892.4250000000002,0.052842252665183054
1787026547421,1892.42,22.858,1892.43,43.638,1892.4250000000002,0.052842252665183054
1787026547424,1892.42,22.858,1892.43,43.754,1892.4250000000002,0.052842252665183054
1787026547580,1892.42,6.268,1892.43,43.754,1892.4250000000002,0.052842252665183054
1787026547581,1892.42,6.284,1892.43,45.954,1892.4250000000002,0.052842252665183054
1787026547582,1892.42,6.268,1892.43,45.954,1892.4250000000002,0.052842252665183054
1787026547583,1892.42,6.268,1892.43,45.954,1892.4250000000002,0.052842252665183054
1787026547693,1892.42,17.383,1892.43,45.954,1892.4250000000002,0.052842252665183054
1787026547694,1892.42,17.383,1892.43,45.954,1892.4250000000002,0.052842252665183054
1787026548292,1892.42,6.268,1892.43,45.954,1892.4250000000002,0.052842252665183054
1787026548294,1892.42,1.909,1892.43,45.954,1892.4250000000002,0.052842252665183054
1787026548301,1892.42,6.268,1892.43,45.954,1892.4250000000002,0.052842252665183054
1787026548302,1892.42,6.268,1892.43,45.954,1892.4250000000002,0.052842252665183054
1787026548683,1892.42,6.268,1892.43,45.95,1892.4250000000002,0.052842252665183054
1787026548684,1892.42,17.383,1892.43,45.95,1892.4250000000002,0.052842252665183054
1787026548685,1892.42,17.383,1892.43,45.95,1892.4250000000002,0.052842252665183054
1787026548796,1892.42,6.268,1892.43,45.95,1892.4250000000002,0.052842252665183054
1787026548797,1892.42,1.909,1892.43,45.95,1892.4250000000002,0.052842252665183054
1787026548901,1892.42,6.268,1892.43,45.95,1892.4250000000002,0.052842252665183054
1787026548902,1892.42,6.252,1892.43,45.95,1892.4250000000002,0.052842252665183054
1787026548903,1892.42,6.268,1892.43,45.95,1892.4250000000002,0.052842252665183054
1787026549061,1892.42,17.383,1892.43,45.95,1892.4250000000002,0.052842252665183054
1787026549062,1892.42,22.383,1892.43,45.95,1892.4250000000002,0.052842252665183054
1787026549092,1892.42,17.383,1892.43,45.95,1892.4250000000002,0.052842252665183054
1787026549262,1892.42,17.383,1892.43,50.169,1892.4250000000002,0.052842252665183054
1787026549263,1892.42,13.024,1892.43,50.169,1892.4250000000002,0.052842252665183054
1787026549507,1892.42,13.024,1892.43,50.238,1892.4250000000002,0.052842252665183054
1787026551099,1892.42,13.024,1892.43,45.184,1892.4250000000002,0.052842252665183054
1787026551109,1892.42,18.024,1892.43,45.184,1892.4250000000002,0.052842252665183054
1787026551111,1892.42,18.024,1892.43,45.184,1892.4250000000002,0.052842252665183054
1787026551148,1892.42,18.024,1892.43,28.679,1892.4250000000002,0.052842252665183054
1787026551205,1892.42,18.024,1892.43,33.155,1892.4250000000002,0.052842252665183054
1787026551206,1892.42,18.024,1892.43,42.32,1892.4250000000002,0.052842252665183054
1787026551210,1892.42,13.024,1892.43,42.32,1892.4250000000002,0.052842252665183054
1787026551222,1892.42,13.024,1892.43,37.844,1892.4250000000002,0.052842252665183054
1787026551281,1892.42,13.024,1892.43,37.117,1892.4250000000002,0.052842252665183054
1787026551285,1892.42,13.024,1892.43,27.952,1892.4250000000002,0.052842252665183054
1787026551286,1892.42,13.024,1892.43,27.936,1892.4250000000002,0.052842252665183054
1787026551288,1892.42,13.024,1892.43,27.952,1892.4250000000002,0.052842252665183054
1787026551322,1892.42,29.396,1892.43,27.952,1892.4250000000002,0.052842252665183054
1787026551323,1892.42,29.396,1892.43,27.952,1892.4250000000002,0.052842252665183054
1787026551324,1892.42,29.396,1892.43,37.995,1892.4250000000002,0.052842252665183054
1787026551329,1892.42,28.669,1892.43,37.995,1892.4250000000002,0.052842252665183054
1787026551330,1892.42,28.669,1892.43,42.486,1892.4250000000002,0.052842252665183054
1787026551350,1892.42,28.669,1892.43,53.974,1892.4250000000002,0.052842252665183054
1787026551385,1892.42,28.669,1892.43,58.726,1892.4250000000002,0.052842252665183054
1787026551387,1892.42,28.669,1892.43,58.71,1892.4250000000002,0.052842252665183054
1787026551388,1892.42,28.669,1892.43,58.726,1892.4250000000002,0.052842252665183054
1787026551709,1892.42,45.446,1892.43,23.431,1892.4250000000002,0.052842252665183054
1787026551710,1892.42,55.01,1892.43,20.535,1892.4250000000002,0.052842252665183054
1787026551711,1892.42,58.58,1892.43,16.147,1892.4250000000002,0.052842252665183054
1787026551712,1892.42,58.687,1892.43,7.059,1892.4250000000002,0.052842252665183054
1787026551713,1892.42,58.671,1892.43,7.059,1892.4250000000002,0.052842252665183054
1787026551714,1892.51,7.153,1892.52,3.934,1892.5149999999999,0.05283973971139413
1787026551715,1892.51,12.183,1892.52,0.024,1892.5149999999999,0.05283973971139413
1787026551716,1892.51,48.455,1892.52,18.526,1892.5149999999999,0.05283973971139413
1787026551717,1892.51,41.153,1892.52,38.729,1892.5149999999999,0.05283973971139413
1787026551718,1892.51,47.374,1892.52,38.729,1892.5149999999999,0.05283973971139413
1787026551719,1892.51,55.688,1892.52,52.524,1892.5149999999999,0.05283973971139413
1787026551720,1892.51,50.951,1892.52,55.426,1892.5149999999999,0.05283973971139413
1787026551721,1892.51,43.231,1892.52,55.426,1892.5149999999999,0.05283973971139413
1787026551722,1892.51,45.41,1892.52,55.426,1892.5149999999999,0.05283973971139413
1787026551723,1892.51,36.078,1892.52,55.426,1892.5149999999999,0.05283973971139413
1787026551745,1892.51,27.612,1892.52,55.426,1892.5149999999999,0.05283973971139413
1787026551746,1892.51,21.802,1892.52,55.426,1892.5149999999999,0.05283973971139413
1787026551803,1892.51,21.802,1892.52,55.442,1892.5149999999999,0.05283973971139413
1787026551805,1892.51,17.444,1892.52,55.442,1892.5149999999999,0.05283973971139413
1787026551809,1892.51,28.559,1892.52,55.442,1892.5149999999999,0.05283973971139413
1787026551818,1892.51,28.575,1892.52,55.442,1892.5149999999999,0.05283973971139413
1787026552159,1892.51,28.575,1892.52,55.491,1892.5149999999999,0.05283973971139413
1787026552425,1892.51,17.46,1892.52,55.491,1892.5149999999999,0.05283973971139413
1787026552458,1892.51,23.078,1892.52,55.491,1892.5149999999999,0.05283973971139413
1787026552508,1892.51,23.078,1892.52,55.573,1892.5149999999999,0.05283973971139413
1787026552535,1892.51,28.575,1892.52,55.573,1892.5149999999999,0.05283973971139413
1787026552778,1892.51,12.198,1892.52,55.573,1892.5149999999999,0.05283973971139413
1787026552780,1892.51,12.198,1892.52,55.573,1892.5149999999999,0.05283973971139413
1787026553103,1892.51,12.198,1892.52,55.524,1892.5149999999999,0.05283973971139413
1787026553107,1892.51,12.198,1892.52,55.639,1892.5149999999999,0.05283973971139413
1787026553142,1892.51,12.39,1892.52,55.639,1892.5149999999999,0.05283973971139413
1787026553443,1892.51,6.893,1892.52,55.639,1892.5149999999999,0.05283973971139413
1787026553444,1892.51,1.275,1892.52,55.639,1892.5149999999999,0.05283973971139413
1787026553656,1892.51,1.275,1892.52,60.639,1892.5149999999999,0.05283973971139413
1787026553659,1892.51,5.634,1892.52,60.639,1892.5149999999999,0.05283973971139413
1787026553661,1892.51,5.618,1892.52,60.639,1892.5149999999999,0.05283973971139413
1787026553662,1892.51,5.634,1892.52,60.639,1892.5149999999999,0.05283973971139413
1787026553771,1892.51,5.634,1892.52,55.639,1892.5149999999999,0.05283973971139413
1787026553788,1892.51,16.749,1892.52,55.639,1892.5149999999999,0.05283973971139413
1787026553789,1892.51,16.749,1892.52,55.639,1892.5149999999999,0.05283973971139413
1787026554115,1892.51,16.749,1892.52,55.524,1892.5149999999999,0.05283973971139413
1787026554118,1892.51,16.749,1892.52,56.366,1892.5149999999999,0.05283973971139413
1787026554127,1892.51,5.634,1892.52,56.366,1892.5149999999999,0.05283973971139413
1787026554142,1892.51,5.442,1892.52,56.366,1892.5149999999999,0.05283973971139413
1787026554291,1892.51,16.557,1892.52,56.366,1892.5149999999999,0.05283973971139413
1787026554292,1892.51,16.557,1892.52,56.366,1892.5149999999999,0.05283973971139413
1787026555130,1892.51,16.557,1892.52,55.524,1892.5149999999999,0.05283973971139413
1787026555133,1892.51,16.557,1892.52,56.363,1892.5149999999999,0.05283973971139413
1787026555145,1892.51,16.749,1892.52,56.363,1892.5149999999999,0.05283973971139413
1787026555334,1892.51,16.749,1892.52,58.053,1892.5149999999999,0.05283973971139413
1787026555498,1892.51,5.634,1892.52,58.053,1892.5149999999999,0.05283973971139413
1787026555508,1892.51,5.634,1892.52,58.148,1892.5149999999999,0.05283973971139413
1787026555524,1892.51,5.634,1892.52,63.148,1892.5149999999999,0.05283973971139413
1787026555858,1892.51,5.634,1892.52,58.148,1892.5149999999999,0.05283973971139413
1787026556140,1892.51,5.442,1892.52,58.148,1892.5149999999999,0.05283973971139413
1787026556362,1892.51,16.557,1892.52,58.148,1892.5149999999999,0.05283973971139413
1787026556363,1892.51,16.557,1892.52,58.148,1892.5149999999999,0.05283973971139413
1787026556618,1892.51,5.442,1892.52,58.148,1892.5149999999999,0.05283973971139413
1787026556871,1892.51,10.732,1892.52,58.148,1892.5149999999999,0.05283973971139413
1787026557060,1892.51,16.557,1892.52,58.148,1892.5149999999999,0.05283973971139413
1787026557062,1892.51,16.557,1892.52,58.148,1892.5149999999999,0.05283973971139413
1787026557142,1892.51,16.749,1892.52,58.148,1892.5149999999999,0.05283973971139413
1787026557371,1892.51,16.749,1892.52,57.309,1892.5149999999999,0.05283973971139413
1787026557374,1892.51,16.749,1892.52,58.149,1892.5149999999999,0.05283973971139413
1787026557454,1892.51,16.749,1892.52,63.149,1892.5149999999999,0.05283973971139413
1787026557487,1892.51,5.634,1892.52,63.149,1892.5149999999999,0.05283973971139413
1787026557803,1892.51,5.733,1892.52,63.149,1892.5149999999999,0.05283973971139413
1787026558069,1892.51,5.733,1892.52,58.149,1892.5149999999999,0.05283973971139413
1787026558147,1892.51,5.541,1892.52,58.149,1892.5149999999999,0.05283973971139413
1787026558304,1892.51,5.541,1892.52,62.948,1892.5149999999999,0.05283973971139413
1787026558310,1892.51,5.541,1892.52,67.948,1892.5149999999999,0.05283973971139413
1787026558318,1892.51,5.541,1892.52,68.162,1892.5149999999999,0.05283973971139413
1787026558319,1892.51,5.541,1892.52,67.948,1892.5149999999999,0.05283973971139413
1787026558414,1892.51,5.475,1892.52,67.948,1892.5149999999999,0.05283973971139413
1787026558415,1892.51,1.116,1892.52,67.948,1892.5149999999999,0.05283973971139413
1787026558416,1892.51,1.116,1892.52,68.162,1892.5149999999999,0.05283973971139413
1787026558507,1892.51,1.116,1892.52,68.271,1892.5149999999999,0.05283973971139413
1787026558531,1892.51,0.13,1892.52,68.271,1892.5149999999999,0.05283973971139413
1787026558532,1892.51,0.114,1892.52,68.271,1892.5149999999999,0.05283973971139413
1787026558533,1892.51,0.13,1892.52,68.271,1892.5149999999999,0.05283973971139413
1787026558534,1892.42,4.359,1892.43,3.448,1892.4250000000002,0.052842252665183054
1787026558535,1892.42,4.359,1892.43,19.918,1892.4250000000002,0.052842252665183054
1787026558536,1892.42,18.345,1892.43,92.87,1892.4250000000002,0.052842252665183054
1787026558537,1892.42,18.745,1892.43,81.985,1892.4250000000002,0.052842252665183054
1787026558538,1892.42,18.481,1892.43,81.985,1892.4250000000002,0.052842252665183054
1787026558540,1892.42,29.596,1892.43,81.985,1892.4250000000002,0.052842252665183054
1787026558604,1892.42,18.481,1892.43,81.985,1892.4250000000002,0.052842252665183054
1787026558611,1892.42,18.481,1892.43,86.985,1892.4250000000002,0.052842252665183054
1787026558612,1892.42,14.122,1892.43,86.985,1892.4250000000002,0.052842252665183054
1787026558613,1892.42,14.055,1892.43,86.985,1892.4250000000002,0.052842252665183054
1787026558618,1892.42,4.759,1892.43,86.985,1892.4250000000002,0.052842252665183054
1787026558619,1892.42,5.023,1892.43,87.199,1892.4250000000002,0.052842252665183054
1787026558620,1892.42,0.189,1892.43,87.199,1892.4250000000002,0.052842252665183054
1787026558623,1892.4,1.697,1892.41,28.638,1892.4050000000002,0.05284281113181853
1787026558624,1892.4,1.961,1892.41,98.734,1892.4050000000002,0.05284281113181853
1787026558625,1892.4,1.961,1892.41,154.318,1892.4050000000002,0.05284281113181853
1787026558626,1892.4,2.161,1892.41,141.625,1892.4050000000002,0.05284281113181853
1787026558627,1892.4,2.961,1892.41,130.934,1892.4050000000002,0.05284281113181853
1787026558628,1892.4,2.961,1892.41,127.09,1892.4050000000002,0.05284281113181853
1787026558629,1892.4,2.961,1892.41,139.727,1892.4050000000002,0.05284281113181853
1787026558630,1892.4,2.961,1892.41,138.247,1892.4050000000002,0.05284281113181853
1787026558633,1892.4,3.361,1892.41,138.247,1892.4050000000002,0.05284281113181853
1787026558634,1892.4,4.161,1892.41,138.247,1892.4050000000002,0.05284281113181853
1787026558635,1892.4,4.228,1892.41,138.247,1892.4050000000002,0.05284281113181853
1787026558638,1892.4,4.228,1892.41,126.526,1892.4050000000002,0.05284281113181853
1787026558658,1892.4,4.228,1892.41,102.101,1892.4050000000002,0.05284281113181853
1787026558660,1892.4,4.228,1892.41,97.101,1892.4050000000002,0.05284281113181853
1787026558672,1892.4,4.228,1892.41,97.072,1892.4050000000002,0.05284281113181853
1787026558674,1892.4,4.244,1892.41,97.088,1892.4050000000002,0.05284281113181853
1787026558681,1892.4,4.285,1892.41,97.088,1892.4050000000002,0.05284281113181853
1787026558686,1892.4,4.285,1892.41,102.088,1892.4050000000002,0.05284281113181853
1787026558691,1892.4,4.285,1892.41,103.144,1892.4050000000002,0.05284281113181853
1787026558977,1892.4,4.285,1892.41,103.984,1892.4050000000002,0.05284281113181853
1787026559066,1892.4,10.565,1892.41,103.984,1892.4050000000002,0.05284281113181853
1787026559067,1892.4,14.908,1892.41,103.984,1892.4050000000002,0.05284281113181853
1787026559068,1892.4,8.644,1892.41,103.984,1892.4050000000002,0.05284281113181853
1787026559069,1892.4,8.628,1892.41,103.984,1892.4050000000002,0.05284281113181853
1787026559098,1892.4,8.628,1892.41,104.512,1892.4050000000002,0.05284281113181853
1787026559099,1892.4,4.269,1892.41,104.512,1892.4050000000002,0.05284281113181853
1787026559104,1892.4,13.226,1892.41,104.512,1892.4050000000002,0.05284281113181853
1787026559106,1892.4,13.226,1892.41,99.713,1892.4050000000002,0.05284281113181853
1787026559136,1892.4,15.384,1892.41,99.713,1892.4050000000002,0.05284281113181853
1787026559151,1892.4,15.624,1892.41,99.713,1892.4050000000002,0.05284281113181853
1787026559152,1892.4,15.624,1892.41,98.713,1892.4050000000002,0.05284281113181853
1787026559176,1892.4,15.64,1892.41,98.713,1892.4050000000002,0.05284281113181853
1787026559483,1892.4,15.64,1892.41,97.873,1892.4050000000002,0.05284281113181853
1787026559487,1892.4,15.64,1892.41,98.711,1892.4050000000002,0.05284281113181853
1787026559654,1892.4,4.525,1892.41,98.711,1892.4050000000002,0.05284281113181853
1787026560107,1892.4,3.725,1892.41,98.711,1892.4050000000002,0.05284281113181853
1787026560142,1892.4,3.684,1892.41,98.711,1892.4050000000002,0.05284281113181853
1787026560229,1892.4,3.684,1892.41,97.873,1892.4050000000002,0.05284281113181853
1787026560233,1892.4,3.684,1892.41,98.712,1892.4050000000002,0.05284281113181853
1787026560415,1892.39,0.011,1892.4,15.102,1892.395,0.05284309036956294
1787026560416,1892.39,5.515,1892.4,143.554,1892.395,0.05284309036956294
1787026560417,1892.39,3.264,1892.4,163.751,1892.395,0.05284309036956294
1787026560418,1892.39,3.264,1892.4,158.67,1892.395,0.05284309036956294
1787026560419,1892.39,3.264,1892.4,154.148,1892.395,0.05284309036956294
1787026560423,1892.39,3.264,1892.4,147.086,1892.395,0.05284309036956294
1787026560424,1892.39,3.264,1892.4,146.872,1892.395,0.05284309036956294
1787026560439,1892.39,3.264,1892.4,139.81,1892.395,0.05284309036956294
1787026560443,1892.39,3.0,1892.4,139.81,1892.395,0.05284309036956294
1787026560491,1892.39,3.0,1892.4,123.528,1892.395,0.05284309036956294
1787026560492,1892.39,3.331,1892.4,123.528,1892.395,0.05284309036956294
1787026560493,1892.39,3.331,1892.4,118.528,1892.395,0.05284309036956294
1787026560522,1892.39,3.347,1892.4,118.544,1892.395,0.05284309036956294
1787026560524,1892.39,14.462,1892.4,116.544,1892.395,0.05284309036956294
1787026560525,1892.39,14.446,1892.4,114.344,1892.395,0.05284309036956294
1787026560527,1892.39,14.446,1892.4,113.676,1892.395,0.05284309036956294
1787026560528,1892.39,14.446,1892.4,82.97,1892.395,0.05284309036956294
1787026560529,1892.39,18.805,1892.4,80.516,1892.395,0.05284309036956294
1787026560536,1892.39,23.227,1892.4,64.116,1892.395,0.05284309036956294
1787026560537,1892.39,23.227,1892.4,59.534,1892.395,0.05284309036956294
1787026560538,1892.39,23.227,1892.4,56.632,1892.395,0.05284309036956294
1787026560550,1892.39,23.227,1892.4,51.633,1892.395,0.05284309036956294
1787026560558,1892.39,23.227,1892.4,61.622,1892.395,0.05284309036956294
1787026560559,1892.39,23.227,1892.4,72.737,1892.395,0.05284309036956294
1787026560563,1892.39,23.227,1892.4,64.629,1892.395,0.05284309036956294
1787026560564,1892.39,27.012,1892.4,64.629,1892.395,0.05284309036956294
1787026560567,1892.39,27.012,1892.4,54.64,1892.395,0.05284309036956294
1787026560570,1892.39,27.012,1892.4,64.884,1892.395,0.05284309036956294
1787026560595,1892.39,27.012,1892.4,54.64,1892.395,0.05284309036956294
1787026560596,1892.39,27.012,1892.4,54.624,1892.395,0.05284309036956294
1787026560597,1892.39,29.914,1892.4,54.624,1892.395,0.05284309036956294
1787026560604,1892.39,29.914,1892.4,43.794,1892.395,0.05284309036956294
1787026560605,1892.39,29.914,1892.4,35.991,1892.395,0.05284309036956294
1787026560606,1892.39,39.002,1892.4,26.903,1892.395,0.05284309036956294
1787026560607,1892.39,40.002,1892.4,26.903,1892.395,0.05284309036956294
1787026560643,1892.39,40.018,1892.4,26.919,1892.395,0.05284309036956294
1787026560661,1892.39,40.018,1892.4,26.89,1892.395,0.05284309036956294
1787026560669,1892.39,40.018,1892.4,15.775,1892.395,0.05284309036956294
1787026560775,1892.39,42.14,1892.4,15.775,1892.395,0.05284309036956294
1787026560779,1892.39,44.475,1892.4,15.775,1892.395,0.05284309036956294
1787026560784,1892.39,44.475,1892.4,16.614,1892.395,0.05284309036956294
1787026560787,1892.39,44.725,1892.4,16.614,1892.395,0.05284309036956294
1787026560853,1892.39,44.725,1892.4,5.339,1892.395,0.05284309036956294
1787026560854,1892.39,44.725,1892.4,5.24,1892.395,0.05284309036956294
1787026560964,1892.39,44.725,1892.4,6.93,1892.395,0.05284309036956294
1787026561077,1892.39,44.725,1892.4,7.544,1892.395,0.05284309036956294
1787026561150,1892.39,44.775,1892.4,7.544,1892.395,0.05284309036956294
1787026561183,1892.4,90.931,1892.41,1.056,1892.4050000000002,0.05284281113181853
1787026561184,1892.4,99.287,1892.41,1.072,1892.4050000000002,0.05284281113181853
1787026561185,1892.4,174.937,1892.41,11.346,1892.4050000000002,0.05284281113181853
1787026561186,1892.4,150.958,1892.41,11.33,1892.4050000000002,0.05284281113181853
1787026561187,1892.4,150.0,1892.41,11.33,1892.4050000000002,0.05284281113181853
1787026561229,1892.4,148.0,1892.41,11.33,1892.4050000000002,0.05284281113181853
1787026561230,1892.4,138.23,1892.41,11.33,1892.4050000000002,0.05284281113181853
1787026561328,1892.4,138.246,1892.41,11.346,1892.4050000000002,0.05284281113181853
1787026561546,1892.4,138.246,1892.41,11.431,1892.4050000000002,0.05284281113181853
1787026561657,1892.4,138.246,1892.41,11.698,1892.4050000000002,0.05284281113181853
1787026561783,1892.4,138.246,1892.41,16.698,1892.4050000000002,0.05284281113181853
1787026561857,1892.4,138.246,1892.41,11.698,1892.4050000000002,0.05284281113181853
1787026562098,1892.4,138.774,1892.41,11.698,1892.4050000000002,0.05284281113181853
1787026562148,1892.4,138.824,1892.41,11.698,1892.4050000000002,0.05284281113181853
1787026562161,1892.4,138.824,1892.41,11.431,1892.4050000000002,0.05284281113181853
1787026562165,1892.4,138.824,1892.41,11.636,1892.4050000000002,0.05284281113181853
1787026562670,1892.4,138.824,1892.41,16.636,1892.4050000000002,0.05284281113181853
1787026562671,1892.4,138.824,1892.41,16.62,1892.4050000000002,0.05284281113181853
1787026562672,1892.4,138.824,1892.41,16.636,1892.4050000000002,0.05284281113181853
1787026562707,1892.4,132.377,1892.41,16.636,1892.4050000000002,0.05284281113181853
1787026562708,1892.4,128.097,1892.41,19.538,1892.4050000000002,0.05284281113181853
1787026562709,1892.4,127.53,1892.41,19.538,1892.4050000000002,0.05284281113181853
1787026562711,1892.4,122.438,1892.41,19.538,1892.4050000000002,0.05284281113181853
1787026562951,1892.4,122.438,1892.41,16.636,1892.4050000000002,0.05284281113181853
1787026563099,1892.4,121.91,1892.41,16.636,1892.4050000000002,0.05284281113181853
1787026563150,1892.4,121.962,1892.41,16.636,1892.4050000000002,0.05284281113181853
1787026563276,1892.4,121.962,1892.41,16.431,1892.4050000000002,0.05284281113181853
1787026563280,1892.4,121.962,1892.41,16.676,1892.4050000000002,0.05284281113181853
1787026563647,1892.4,121.962,1892.41,6.402,1892.4050000000002,0.05284281113181853
1787026563996,1892.4,121.962,1892.41,1.402,1892.4050000000002,0.05284281113181853
1787026563998,1892.4,121.962,1892.41,6.764,1892.4050000000002,0.05284281113181853
1787026563999,1892.4,121.962,1892.41,11.107,1892.4050000000002,0.05284281113181853
1787026564007,1892.4,122.212,1892.41,11.107,1892.4050000000002,0.05284281113181853
1787026564152,1892.4,122.212,1892.41,11.123,1892.4050000000002,0.05284281113181853
1787026564208,1892.4,122.212,1892.41,19.306,1892.4050000000002,0.05284281113181853
1787026564210,1892.4,122.212,1892.41,11.123,1892.4050000000002,0.05284281113181853
1787026564211,1892.4,122.212,1892.41,11.107,1892.4050000000002,0.05284281113181853
1787026564305,1892.4,122.212,1892.41,11.123,1892.4050000000002,0.05284281113181853
1787026564508,1892.4,122.212,1892.41,11.207,1892.4050000000002,0.05284281113181853
1787026564968,1892.4,122.212,1892.41,11.032,1892.4050000000002,0.05284281113181853
1787026564969,1892.4,122.212,1892.41,5.67,1892.4050000000002,0.05284281113181853
1787026564971,1892.4,122.212,1892.41,1.311,1892.4050000000002,0.05284281113181853
1787026565098,1892.4,122.74,1892.41,1.311,1892.4050000000002,0.05284281113181853
1787026565100,1892.4,122.74,1892.41,5.67,1892.4050000000002,0.05284281113181853
1787026565101,1892.4,122.74,1892.41,5.654,1892.4050000000002,0.05284281113181853
1787026565103,1892.4,122.74,1892.41,5.67,1892.4050000000002,0.05284281113181853
1787026565234,1892.4,122.74,1892.41,5.682,1892.4050000000002,0.05284281113181853
1787026565643,1892.4,121.684,1892.41,5.682,1892.4050000000002,0.05284281113181853
1787026565681,1892.4,122.83,1892.41,5.682,1892.4050000000002,0.05284281113181853
1787026565875,1892.4,128.128,1892.41,5.682,1892.4050000000002,0.05284281113181853
1787026565876,1892.41,22.691,1892.42,2.697,1892.415,0.05284253189702526
1787026565877,1892.41,28.968,1892.42,2.697,1892.415,0.05284253189702526
1787026565878,1892.47,5.6,1892.49,0.024,1892.48,0.10568143388559884
1787026565879,1892.48,2.464,1892.49,0.024,1892.4850000000001,0.05284057733609991
1787026565880,1892.48,25.776,1892.49,4.635,1892.4850000000001,0.05284057733609991
1787026565881,1892.48,37.303,1892.49,4.635,1892.4850000000001,0.05284057733609991
1787026565882,1892.48,62.791,1892.49,4.61,1892.4850000000001,0.05284057733609991
1787026565883,1892.48,59.913,1892.49,4.61,1892.4850000000001,0.05284057733609991
1787026565884,1892.48,69.577,1892.49,4.61,1892.4850000000001,0.05284057733609991
1787026565885,1892.48,81.93,1892.49,4.61,1892.4850000000001,0.05284057733609991
1787026565886,1892.48,91.018,1892.49,4.61,1892.4850000000001,0.05284057733609991
1787026565887,1892.48,99.334,1892.49,8.969,1892.4850000000001,0.05284057733609991
1787026565888,1892.48,96.432,1892.49,8.969,1892.4850000000001,0.05284057733609991
1787026565889,1892.48,101.399,1892.49,8.969,1892.4850000000001,0.05284057733609991
1787026565890,1892.48,103.545,1892.49,8.969,1892.4850000000001,0.05284057733609991
1787026565893,1892.48,128.54,1892.49,8.969,1892.4850000000001,0.05284057733609991
1787026565894,1892.48,133.378,1892.49,8.969,1892.4850000000001,0.05284057733609991
1787026565896,1892.48,128.54,1892.49,8.969,1892.4850000000001,0.05284057733609991
1787026565898,1892.48,127.089,1892.49,8.969,1892.4850000000001,0.05284057733609991
1787026565899,1892.48,122.089,1892.49,8.969,1892.4850000000001,0.05284057733609991
1787026565900,1892.48,117.665,1892.49,8.969,1892.4850000000001,0.05284057733609991
1787026565903,1892.48,116.065,1892.49,8.969,1892.4850000000001,0.05284057733609991
1787026565909,1892.48,116.065,1892.49,4.359,1892.4850000000001,0.05284057733609991
1787026565912,1892.48,116.065,1892.49,5.415,1892.4850000000001,0.05284057733609991
1787026565913,1892.48,115.998,1892.49,5.415,1892.4850000000001,0.05284057733609991
1787026565917,1892.48,112.19,1892.49,5.415,1892.4850000000001,0.05284057733609991
1787026565939,1892.48,111.265,1892.49,5.415,1892.4850000000001,0.05284057733609991
1787026565952,1892.48,99.743,1892.49,5.415,1892.4850000000001,0.05284057733609991
1787026565954,1892.48,97.314,1892.49,5.415,1892.4850000000001,0.05284057733609991
1787026565984,1892.48,97.33,1892.49,5.431,1892.4850000000001,0.05284057733609991
1787026565993,1892.48,97.33,1892.49,10.68,1892.4850000000001,0.05284057733609991
1787026565994,1892.48,97.231,1892.49,10.68,1892.4850000000001,0.05284057733609991
1787026566004,1892.48,97.231,1892.49,16.546,1892.4850000000001,0.05284057733609991
1787026566005,1892.48,97.231,1892.49,16.53,1892.4850000000001,0.05284057733609991
1787026566006,1892.48,96.231,1892.49,16.53,1892.4850000000001,0.05284057733609991
1787026566026,1892.48,96.231,1892.49,21.748,1892.4850000000001,0.05284057733609991
1787026566027,1892.48,94.533,1892.49,21.748,1892.4850000000001,0.05284057733609991
1787026566055,1892.48,94.533,1892.49,16.53,1892.4850000000001,0.05284057733609991
1787026566125,1892.48,94.533,1892.49,16.546,1892.4850000000001,0.05284057733609991
1787026566210,1892.48,94.533,1892.49,5.431,1892.4850000000001,0.05284057733609991
1787026566212,1892.48,99.533,1892.49,5.431,1892.4850000000001,0.05284057733609991
1787026567099,1892.48,100.061,1892.49,5.431,1892.4850000000001,0.05284057733609991
1787026567100,1892.48,100.061,1892.49,1.072,1892.4850000000001,0.05284057733609991
1787026567127,1892.48,95.061,1892.49,1.072,1892.4850000000001,0.05284057733609991
1787026567142,1892.48,95.163,1892.49,1.072,1892.4850000000001,0.05284057733609991
1787026567507,1892.48,95.163,1892.49,1.191,1892.4850000000001,0.05284057733609991
1787026567514,1892.48,95.163,1892.49,5.55,1892.4850000000001,0.05284057733609991
1787026567515,1892.48,95.163,1892.49,1.175,1892.4850000000001,0.05284057733609991
1787026567516,1892.48,95.163,1892.49,1.191,1892.4850000000001,0.05284057733609991
1787026567517,1892.48,95.163,1892.49,5.874,1892.4850000000001,0.05284057733609991
1787026567518,1892.48,95.163,1892.49,5.858,1892.4850000000001,0.05284057733609991
1787026567616,1892.48,95.163,1892.49,5.874,1892.4850000000001,0.05284057733609991
1787026568006,1892.48,83.564,1892.49,21.894,1892.4850000000001,0.05284057733609991
1787026568007,1892.48,83.564,1892.49,21.894,1892.4850000000001,0.05284057733609991
1787026568008,1892.48,83.564,1892.49,16.989,1892.4850000000001,0.05284057733609991
1787026568012,1892.48,67.711,1892.49,32.278,1892.4850000000001,0.05284057733609991
1787026568013,1892.48,60.101,1892.49,50.909,1892.4850000000001,0.05284057733609991
1787026568014,1892.48,60.101,1892.49,58.811,1892.4850000000001,0.05284057733609991
1787026568015,1892.48,39.762,1892.49,68.152,1892.4850000000001,0.05284057733609991
1787026568016,1892.48,34.287,1892.49,68.366,1892.4850000000001,0.05284057733609991
1787026568017,1892.48,34.263,1892.49,68.152,1892.4850000000001,0.05284057733609991
1787026568018,1892.48,34.263,1892.49,63.152,1892.4850000000001,0.05284057733609991
1787026568020,1892.48,31.361,1892.49,63.152,1892.4850000000001,0.05284057733609991
1787026568021,1892.48,31.361,1892.49,63.152,1892.4850000000001,0.05284057733609991
1787026568022,1892.48,31.361,1892.49,68.152,1892.4850000000001,0.05284057733609991
1787026568024,1892.48,15.139,1892.49,68.366,1892.4850000000001,0.05284057733609991
1787026568025,1892.48,6.051,1892.49,68.366,1892.4850000000001,0.05284057733609991
1787026568046,1892.48,9.986,1892.49,63.366,1892.4850000000001,0.05284057733609991
1787026568047,1892.48,6.051,1892.49,63.152,1892.4850000000001,0.05284057733609991
1787026568048,1892.48,14.755,1892.49,63.152,1892.4850000000001,0.05284057733609991
1787026568049,1892.48,21.919,1892.49,63.152,1892.4850000000001,0.05284057733609991
1787026568050,1892.48,21.919,1892.49,67.951,1892.4850000000001,0.05284057733609991
1787026568058,1892.48,21.919,1892.49,62.564,1892.4850000000001,0.05284057733609991
1787026568073,1892.48,17.15,1892.49,62.564,1892.4850000000001,0.05284057733609991
1787026568086,1892.48,17.15,1892.49,67.564,1892.4850000000001,0.05284057733609991
1787026568112,1892.48,13.215,1892.49,67.58,1892.4850000000001,0.05284057733609991
1787026568113,1892.48,6.035,1892.49,67.58,1892.4850000000001,0.05284057733609991
1787026568114,1892.48,6.035,1892.49,76.668,1892.4850000000001,0.05284057733609991
1787026568116,1892.48,6.035,1892.49,71.668,1892.4850000000001,0.05284057733609991
1787026568119,1892.48,17.15,1892.49,71.668,1892.4850000000001,0.05284057733609991
1787026568141,1892.48,17.166,1892.49,71.668,1892.4850000000001,0.05284057733609991
1787026568147,1892.48,17.064,1892.49,71.668,1892.4850000000001,0.05284057733609991
1787026568153,1892.48,21.61,1892.49,71.668,1892.4850000000001,0.05284057733609991
1787026568168,1892.48,17.064,1892.49,71.668,1892.4850000000001,0.05284057733609991
1787026568186,1892.48,5.949,1892.49,71.668,1892.4850000000001,0.05284057733609991
1787026568187,1892.48,5.933,1892.49,71.668,1892.4850000000001,0.05284057733609991
1787026568250,1892.48,9.547,1892.49,71.668,1892.4850000000001,0.05284057733609991
1787026568251,1892.48,9.563,1892.49,71.668,1892.4850000000001,0.05284057733609991
1787026568255,1892.48,17.064,1892.49,71.668,1892.4850000000001,0.05284057733609991
1787026568486,1892.48,26.12,1892.49,71.668,1892.4850000000001,0.05284057733609991
1787026568487,1892.48,26.12,1892.49,71.668,1892.4850000000001,0.05284057733609991
1787026568598,1892.48,21.569,1892.49,71.668,1892.4850000000001,0.05284057733609991
1787026568606,1892.48,17.064,1892.49,71.668,1892.4850000000001,0.05284057733609991
1787026568625,1892.48,17.079,1892.49,71.668,1892.4850000000001,0.05284057733609991
1787026568681,1892.48,27.109,1892.49,71.668,1892.4850000000001,0.05284057733609991
1787026568721,1892.48,27.109,1892.49,67.241,1892.4850000000001,0.05284057733609991
1787026568724,1892.48,5.964,1892.49,67.241,1892.4850000000001,0.05284057733609991
1787026568726,1892.48,9.578,1892.49,67.241,1892.4850000000001,0.05284057733609991
1787026568727,1892.48,9.578,1892.49,67.455,1892.4850000000001,0.05284057733609991
1787026568737,1892.48,9.578,1892.49,67.241,1892.4850000000001,0.05284057733609991
1787026568786,1892.48,17.079,1892.49,67.241,1892.4850000000001,0.05284057733609991
1787026568787,1892.48,17.063,1892.49,67.241,1892.4850000000001,0.05284057733609991
1787026568848,1892.48,17.079,1892.49,67.241,1892.4850000000001,0.05284057733609991
1787026568863,1892.48,22.407,1892.49,67.241,1892.4850000000001,0.05284057733609991
1787026568868,1892.48,27.501,1892.49,67.241,1892.4850000000001,0.05284057733609991
1787026569100,1892.48,26.973,1892.49,67.241,1892.4850000000001,0.05284057733609991
1787026569119,1892.48,21.879,1892.49,67.241,1892.4850000000001,0.05284057733609991
1787026569121,1892.48,27.032,1892.49,67.241,1892.4850000000001,0.05284057733609991
1787026569122,1892.48,27.016,1892.49,67.241,1892.4850000000001,0.05284057733609991
1787026569123,1892.48,27.032,1892.49,67.241,1892.4850000000001,0.05284057733609991
1787026569149,1892.48,27.134,1892.49,67.241,1892.4850000000001,0.05284057733609991
1787026569160,1892.48,27.179,1892.49,67.241,1892.4850000000001,0.05284057733609991
1787026569355,1892.48,16.698,1892.49,67.241,1892.4850000000001,0.05284057733609991
1787026569356,1892.48,16.698,1892.49,72.241,1892.4850000000001,0.05284057733609991
1787026569712,1892.48,16.698,1892.49,67.241,1892.4850000000001,0.05284057733609991
1787026569774,1892.48,26.597,1892.49,67.241,1892.4850000000001,0.05284057733609991
1787026569816,1892.48,26.597,1892.49,56.126,1892.4850000000001,0.05284057733609991
1787026569817,1892.48,26.597,1892.49,53.224,1892.4850000000001,0.05284057733609991
1787026570146,1892.48,26.495,1892.49,53.224,1892.4850000000001,0.05284057733609991
1787026570507,1892.48,26.495,1892.49,53.349,1892.4850000000001,0.05284057733609991
1787026570511,1892.48,26.495,1892.49,64.464,1892.4850000000001,0.05284057733609991
1787026570574,1892.48,26.495,1892.49,53.349,1892.4850000000001,0.05284057733609991
1787026570602,1892.48,31.495,1892.49,53.349,1892.4850000000001,0.05284057733609991
1787026570646,1892.48,26.495,1892.49,53.349,1892.4850000000001,0.05284057733609991
1787026570647,1892.48,26.479,1892.49,53.349,1892.4850000000001,0.05284057733609991
1787026570649,1892.48,26.495,1892.49,53.349,1892.4850000000001,0.05284057733609991
1787026570882,1892.48,26.495,1892.49,34.702,1892.4850000000001,0.05284057733609991
1787026570883,1892.48,26.495,1892.49,25.614,1892.4850000000001,0.05284057733609991
1787026570912,1892.48,26.495,1892.49,37.334,1892.4850000000001,0.05284057733609991
1787026571148,1892.48,26.597,1892.49,37.334,1892.4850000000001,0.05284057733609991
1787026571585,1892.48,26.597,1892.49,43.534,1892.4850000000001,0.05284057733609991
1787026571586,1892.48,26.597,1892.49,47.923,1892.4850000000001,0.05284057733609991
1787026571669,1892.48,26.597,1892.49,54.032,1892.4850000000001,0.05284057733609991
1787026571670,1892.48,26.597,1892.49,54.032,1892.4850000000001,0.05284057733609991
1787026571800,1892.48,26.597,1892.49,47.923,1892.4850000000001,0.05284057733609991
1787026571867,1892.48,26.597,1892.49,54.649,1892.4850000000001,0.05284057733609991
1787026572144,1892.48,26.495,1892.49,54.649,1892.4850000000001,0.05284057733609991
1787026572296,1892.48,26.495,1892.49,59.649,1892.4850000000001,0.05284057733609991
1787026572297,1892.48,26.495,1892.49,68.737,1892.4850000000001,0.05284057733609991
1787026572320,1892.48,16.596,1892.49,68.737,1892.4850000000001,0.05284057733609991
1787026572474,1892.48,21.73,1892.49,68.737,1892.4850000000001,0.05284057733609991
1787026572522,1892.48,21.73,1892.49,63.737,1892.4850000000001,0.05284057733609991
1787026572887,1892.48,21.73,1892.49,52.622,1892.4850000000001,0.05284057733609991
1787026573149,1892.48,21.832,1892.49,52.622,1892.4850000000001,0.05284057733609991
1787026573188,1892.48,21.832,1892.49,57.622,1892.4850000000001,0.05284057733609991
1787026573229,1892.48,21.832,1892.49,61.717,1892.4850000000001,0.05284057733609991
1787026573250,1892.48,21.832,1892.49,68.737,1892.4850000000001,0.05284057733609991
1787026573251,1892.48,21.832,1892.49,68.721,1892.4850000000001,0.05284057733609991
1787026573252,1892.48,21.832,1892.49,68.737,1892.4850000000001,0.05284057733609991
1787026573452,1892.48,21.832,1892.49,74.113,1892.4850000000001,0.05284057733609991
1787026573458,1892.48,16.698,1892.49,74.113,1892.4850000000001,0.05284057733609991
1787026573459,1892.48,22.091,1892.49,74.113,1892.4850000000001,0.05284057733609991
1787026573461,1892.48,16.698,1892.49,74.113,1892.4850000000001,0.05284057733609991
1787026573462,1892.48,16.682,1892.49,74.113,1892.4850000000001,0.05284057733609991
1787026573463,1892.48,16.698,1892.49,74.113,1892.4850000000001,0.05284057733609991
1787026573507,1892.48,16.698,1892.49,74.218,1892.4850000000001,0.05284057733609991
1787026573590,1892.48,21.454,1892.49,74.218,1892.4850000000001,0.05284057733609991
1787026573591,1892.48,26.213,1892.49,74.218,1892.4850000000001,0.05284057733609991
1787026573593,1892.48,26.213,1892.49,63.103,1892.4850000000001,0.05284057733609991
1787026573610,1892.48,26.213,1892.49,58.103,1892.4850000000001,0.05284057733609991
1787026573679,1892.48,26.213,1892.49,69.218,1892.4850000000001,0.05284057733609991
1787026573981,1892.48,26.199,1892.49,69.218,1892.4850000000001,0.05284057733609991
1787026573995,1892.48,26.199,1892.49,58.103,1892.4850000000001,0.05284057733609991
1787026573996,1892.48,26.199,1892.49,24.533,1892.4850000000001,0.05284057733609991
1787026573997,1892.48,26.199,1892.49,15.445,1892.4850000000001,0.05284057733609991
1787026573999,1892.48,37.474,1892.49,15.445,1892.4850000000001,0.05284057733609991
1787026574000,1892.48,37.474,1892.49,15.445,1892.4850000000001,0.05284057733609991
1787026574011,1892.48,37.474,1892.49,15.432,1892.4850000000001,0.05284057733609991
1787026574075,1892.48,37.474,1892.49,34.134,1892.4850000000001,0.05284057733609991
1787026574076,1892.48,37.474,1892.49,34.118,1892.4850000000001,0.05284057733609991
1787026574103,1892.48,37.474,1892.49,34.134,1892.4850000000001,0.05284057733609991
1787026574107,1892.48,37.474,1892.49,37.654,1892.4850000000001,0.05284057733609991
1787026574109,1892.48,37.474,1892.49,42.654,1892.4850000000001,0.05284057733609991
1787026574114,1892.48,26.199,1892.49,42.654,1892.4850000000001,0.05284057733609991
1787026574146,1892.48,26.097,1892.49,42.654,1892.4850000000001,0.05284057733609991
1787026574171,1892.48,26.097,1892.49,50.249,1892.4850000000001,0.05284057733609991
1787026574192,1892.48,26.097,1892.49,50.286,1892.4850000000001,0.05284057733609991
1787026574211,1892.48,26.063,1892.49,50.286,1892.4850000000001,0.05284057733609991
1787026574579,1892.48,26.063,1892.49,42.691,1892.4850000000001,0.05284057733609991
1787026574772,1892.48,26.063,1892.49,39.171,1892.4850000000001,0.05284057733609991
1787026574848,1892.48,26.063,1892.49,34.171,1892.4850000000001,0.05284057733609991
1787026574900,1892.48,32.519,1892.49,15.469,1892.4850000000001,0.05284057733609991
1787026574901,1892.48,32.519,1892.49,15.469,1892.4850000000001,0.05284057733609991
1787026574952,1892.48,32.519,1892.49,39.658,1892.4850000000001,0.05284057733609991
1787026574953,1892.48,32.519,1892.49,39.642,1892.4850000000001,0.05284057733609991
1787026575035,1892.48,32.519,1892.49,39.658,1892.4850000000001,0.05284057733609991
1787026575039,1892.48,32.519,1892.49,44.658,1892.4850000000001,0.05284057733609991
1787026575042,1892.48,32.519,1892.49,55.773,1892.4850000000001,0.05284057733609991
1787026575151,1892.48,32.621,1892.49,55.773,1892.4850000000001,0.05284057733609991
1787026575152,1892.48,32.621,1892.49,64.861,1892.4850000000001,0.05284057733609991
1787026575283,1892.48,27.865,1892.49,64.861,1892.4850000000001,0.05284057733609991
1787026575740,1892.48,27.865,1892.49,53.746,1892.4850000000001,0.05284057733609991
1787026575983,1892.48,27.865,1892.49,64.861,1892.4850000000001,0.05284057733609991
1787026575984,1892.48,27.865,1892.49,64.845,1892.4850000000001,0.05284057733609991
1787026575985,1892.48,27.865,1892.49,64.861,1892.4850000000001,0.05284057733609991
1787026576058,1892.48,27.865,1892.49,59.861,1892.4850000000001,0.05284057733609991
1787026576074,1892.48,27.865,1892.49,48.746,1892.4850000000001,0.05284057733609991
1787026576117,1892.48,27.865,1892.49,53.746,1892.4850000000001,0.05284057733609991
1787026576146,1892.48,27.763,1892.49,53.746,1892.4850000000001,0.05284057733609991
1787026576150,1892.48,27.763,1892.49,48.746,1892.4850000000001,0.05284057733609991
1787026576200,1892.48,27.763,1892.49,53.746,1892.4850000000001,0.05284057733609991
1787026576213,1892.48,27.763,1892.49,56.79,1892.4850000000001,0.05284057733609991
1787026576291,1892.48,27.763,1892.49,64.861,1892.4850000000001,0.05284057733609991
1787026576332,1892.48,27.763,1892.49,53.746,1892.4850000000001,0.05284057733609991
1787026576508,1892.48,27.763,1892.49,53.884,1892.4850000000001,0.05284057733609991
1787026576977,1892.48,27.763,1892.49,48.884,1892.4850000000001,0.05284057733609991
1787026577074,1892.48,27.763,1892.49,59.999,1892.4850000000001,0.05284057733609991
1787026577075,1892.48,27.763,1892.49,64.983,1892.4850000000001,0.05284057733609991
1787026577076,1892.48,27.763,1892.49,64.999,1892.4850000000001,0.05284057733609991
1787026577137,1892.48,27.763,1892.49,53.884,1892.4850000000001,0.05284057733609991
1787026577149,1892.48,27.865,1892.49,53.884,1892.4850000000001,0.05284057733609991
1787026577276,1892.48,27.865,1892.49,48.884,1892.4850000000001,0.05284057733609991
1787026578146,1892.48,27.763,1892.49,48.884,1892.4850000000001,0.05284057733609991
1787026578240,1892.48,27.763,1892.49,65.171,1892.4850000000001,0.05284057733609991
1787026578302,1892.48,27.763,1892.49,48.884,1892.4850000000001,0.05284057733609991
1787026578403,1892.48,39.038,1892.49,48.884,1892.4850000000001,0.05284057733609991
1787026578787,1892.48,39.038,1892.49,43.409,1892.4850000000001,0.05284057733609991
1787026579016,1892.48,27.763,1892.49,43.409,1892.4850000000001,0.05284057733609991
1787026579017,1892.48,27.747,1892.49,43.409,1892.4850000000001,0.05284057733609991
1787026579018,1892.48,27.763,1892.49,43.409,1892.4850000000001,0.05284057733609991
1787026579039,1892.48,27.763,1892.49,50.88,1892.4850000000001,0.05284057733609991
1787026579040,1892.48,27.763,1892.49,50.88,1892.4850000000001,0.05284057733609991
1787026579119,1892.48,27.763,1892.49,43.409,1892.4850000000001,0.05284057733609991
1787026579149,1892.48,27.865,1892.49,43.409,1892.4850000000001,0.05284057733609991
1787026579399,1892.48,27.865,1892.49,43.444,1892.4850000000001,0.05284057733609991
1787026579401,1892.48,27.865,1892.49,48.444,1892.4850000000001,0.05284057733609991
1787026579496,1892.48,27.865,1892.49,59.559,1892.4850000000001,0.05284057733609991
1787026579508,1892.48,27.865,1892.49,59.757,1892.4850000000001,0.05284057733609991
1787026579794,1892.48,27.865,1892.49,54.757,1892.4850000000001,0.05284057733609991
1787026579948,1892.48,34.376,1892.49,43.642,1892.4850000000001,0.05284057733609991
1787026580145,1892.48,34.274,1892.49,43.642,1892.4850000000001,0.05284057733609991
1787026580193,1892.48,35.504,1892.49,43.642,1892.4850000000001,0.05284057733609991
1787026580371,1892.48,35.504,1892.49,24.928,1892.4850000000001,0.05284057733609991
1787026580372,1892.48,35.504,1892.49,24.928,1892.4850000000001,0.05284057733609991
1787026580417,1892.48,35.504,1892.49,15.587,1892.4850000000001,0.05284057733609991
1787026580419,1892.48,35.504,1892.49,6.499,1892.4850000000001,0.05284057733609991
1787026580458,1892.48,35.504,1892.49,6.464,1892.4850000000001,0.05284057733609991
1787026580461,1892.48,35.504,1892.49,6.49,1892.4850000000001,0.05284057733609991
1787026581099,1892.48,36.032,1892.49,6.49,1892.4850000000001,0.05284057733609991
1787026581107,1892.48,36.032,1892.49,6.454,1892.4850000000001,0.05284057733609991
1787026581108,1892.48,45.12,1892.49,6.454,1892.4850000000001,0.05284057733609991
1787026581109,1892.48,45.144,1892.49,6.454,1892.4850000000001,0.05284057733609991
1787026581144,1892.48,45.144,1892.49,11.454,1892.4850000000001,0.05284057733609991
1787026581151,1892.48,45.246,1892.49,11.454,1892.4850000000001,0.05284057733609991
1787026581152,1892.48,45.246,1892.49,11.424,1892.4850000000001,0.05284057733609991
1787026581388,1892.48,45.246,1892.49,6.424,1892.4850000000001,0.05284057733609991
1787026581389,1892.48,45.246,1892.49,6.408,1892.4850000000001,0.05284057733609991
1787026581390,1892.48,45.246,1892.49,6.424,1892.4850000000001,0.05284057733609991
1787026581588,1892.48,45.246,1892.49,11.424,1892.4850000000001,0.05284057733609991
1787026581615,1892.48,45.246,1892.49,30.235,1892.4850000000001,0.05284057733609991
1787026581616,1892.48,45.246,1892.49,30.235,1892.4850000000001,0.05284057733609991
1787026582097,1892.48,44.718,1892.49,30.235,1892.4850000000001,0.05284057733609991
1787026582101,1892.48,44.718,1892.49,30.209,1892.4850000000001,0.05284057733609991
1787026582104,1892.48,44.718,1892.49,30.237,1892.4850000000001,0.05284057733609991
1787026582146,1892.48,44.616,1892.49,30.237,1892.4850000000001,0.05284057733609991
1787026582507,1892.48,44.616,1892.49,30.41,1892.4850000000001,0.05284057733609991
1787026582927,1892.48,32.356,1892.49,34.952,1892.4850000000001,0.05284057733609991
1787026582928,1892.48,23.244,1892.49,46.067,1892.4850000000001,0.05284057733609991
1787026582936,1892.48,30.745,1892.49,46.067,1892.4850000000001,0.05284057733609991
1787026582944,1892.48,30.745,1892.49,41.525,1892.4850000000001,0.05284057733609991
1787026582948,1892.48,23.004,1892.49,41.525,1892.4850000000001,0.05284057733609991
1787026582949,1892.48,23.004,1892.49,48.586,1892.4850000000001,0.05284057733609991
1787026583117,1892.48,23.004,1892.49,43.959,1892.4850000000001,0.05284057733609991
1787026583118,1892.48,23.004,1892.49,43.943,1892.4850000000001,0.05284057733609991
1787026583119,1892.48,23.004,1892.49,53.047,1892.4850000000001,0.05284057733609991
1787026583154,1892.48,23.106,1892.49,53.047,1892.4850000000001,0.05284057733609991
1787026583220,1892.48,23.106,1892.49,41.932,1892.4850000000001,0.05284057733609991
1787026583242,1892.48,23.062,1892.49,41.932,1892.4850000000001,0.05284057733609991
1787026583285,1892.48,23.062,1892.49,36.932,1892.4850000000001,0.05284057733609991
1787026583287,1892.48,23.062,1892.49,48.047,1892.4850000000001,0.05284057733609991
1787026583288,1892.48,23.062,1892.49,53.047,1892.4850000000001,0.05284057733609991
1787026583382,1892.48,23.062,1892.49,48.047,1892.4850000000001,0.05284057733609991
1787026583383,1892.48,23.062,1892.49,48.031,1892.4850000000001,0.05284057733609991
1787026583385,1892.48,23.062,1892.49,48.047,1892.4850000000001,0.05284057733609991
1787026583451,1892.48,23.062,1892.49,36.932,1892.4850000000001,0.05284057733609991
1787026583576,1892.48,23.062,1892.49,36.904,1892.4850000000001,0.05284057733609991
1787026583580,1892.48,23.062,1892.49,36.939,1892.4850000000001,0.05284057733609991
1787026584099,1892.48,23.59,1892.49,36.939,1892.4850000000001,0.05284057733609991
1787026584121,1892.48,23.59,1892.49,36.904,1892.4850000000001,0.05284057733609991
1787026584124,1892.48,23.59,1892.49,36.963,1892.4850000000001,0.05284057733609991
1787026584145,1892.48,23.488,1892.49,36.963,1892.4850000000001,0.05284057733609991
1787026584390,1892.48,34.763,1892.49,36.963,1892.4850000000001,0.05284057733609991
1787026584391,1892.48,34.838,1892.49,36.963,1892.4850000000001,0.05284057733609991
1787026584719,1892.48,34.838,1892.49,18.152,1892.4850000000001,0.05284057733609991
1787026584721,1892.48,34.838,1892.49,9.064,1892.4850000000001,0.05284057733609991
1787026584746,1892.48,39.838,1892.49,9.064,1892.4850000000001,0.05284057733609991
1787026584783,1892.48,39.838,1892.49,6.63,1892.4850000000001,0.05284057733609991
1787026584784,1892.48,44.011,1892.49,6.63,1892.4850000000001,0.05284057733609991
1787026584785,1892.48,44.035,1892.49,6.63,1892.4850000000001,0.05284057733609991
1787026584990,1892.48,39.035,1892.49,6.63,1892.4850000000001,0.05284057733609991
1787026584992,1892.48,48.099,1892.49,6.63,1892.4850000000001,0.05284057733609991
1787026585039,1892.48,53.099,1892.49,6.63,1892.4850000000001,0.05284057733609991
1787026585148,1892.48,53.201,1892.49,6.63,1892.4850000000001,0.05284057733609991
1787026585149,1892.48,48.201,1892.49,6.63,1892.4850000000001,0.05284057733609991
1787026585238,1892.48,53.201,1892.49,6.63,1892.4850000000001,0.05284057733609991
1787026585239,1892.48,53.415,1892.49,1.947,1892.4850000000001,0.05284057733609991
1787026585267,1892.48,48.415,1892.49,1.947,1892.4850000000001,0.05284057733609991
1787026585354,1892.48,48.415,1892.49,6.306,1892.4850000000001,0.05284057733609991
1787026585355,1892.48,48.201,1892.49,6.306,1892.4850000000001,0.05284057733609991
1787026585489,1892.48,48.201,1892.49,10.889,1892.4850000000001,0.05284057733609991
1787026585507,1892.48,48.201,1892.49,11.067,1892.4850000000001,0.05284057733609991
1787026585717,1892.48,48.201,1892.49,25.31,1892.4850000000001,0.05284057733609991
1787026585718,1892.48,48.201,1892.49,25.31,1892.4850000000001,0.05284057733609991
1787026585748,1892.48,44.028,1892.49,25.31,1892.4850000000001,0.05284057733609991
1787026585768,1892.48,32.753,1892.49,30.31,1892.4850000000001,0.05284057733609991
1787026585803,1892.48,32.753,1892.49,41.425,1892.4850000000001,0.05284057733609991
1787026585804,1892.48,23.665,1892.49,41.425,1892.4850000000001,0.05284057733609991
1787026585805,1892.48,23.665,1892.49,45.86,1892.4850000000001,0.05284057733609991
1787026585806,1892.48,23.665,1892.49,54.948,1892.4850000000001,0.05284057733609991
1787026585807,1892.48,23.665,1892.49,54.932,1892.4850000000001,0.05284057733609991
1787026585818,1892.48,23.665,1892.49,54.948,1892.4850000000001,0.05284057733609991
1787026585893,1892.48,23.665,1892.49,50.513,1892.4850000000001,0.05284057733609991
1787026585894,1892.48,23.689,1892.49,45.513,1892.4850000000001,0.05284057733609991
1787026586097,1892.48,23.161,1892.49,45.513,1892.4850000000001,0.05284057733609991
1787026586144,1892.48,23.059,1892.49,45.513,1892.4850000000001,0.05284057733609991
1787026586201,1892.48,23.059,1892.49,45.471,1892.4850000000001,0.05284057733609991
1787026586202,1892.48,23.059,1892.49,34.356,1892.4850000000001,0.05284057733609991
1787026586850,1892.48,25.405,1892.49,34.356,1892.4850000000001,0.05284057733609991
1787026587098,1892.48,25.933,1892.49,34.356,1892.4850000000001,0.05284057733609991
1787026587146,1892.48,26.035,1892.49,34.356,1892.4850000000001,0.05284057733609991
1787026587436,1892.48,26.035,1892.49,34.297,1892.4850000000001,0.05284057733609991
1787026587438,1892.48,26.035,1892.49,25.209,1892.4850000000001,0.05284057733609991
1787026587440,1892.48,26.035,1892.49,25.267,1892.4850000000001,0.05284057733609991
1787026588310,1892.48,26.035,1892.49,36.382,1892.4850000000001,0.05284057733609991
1787026588507,1892.48,26.035,1892.49,36.707,1892.4850000000001,0.05284057733609991
1787026588514,1892.48,26.035,1892.49,41.707,1892.4850000000001,0.05284057733609991
1787026588842,1892.48,26.035,1892.49,36.707,1892.4850000000001,0.05284057733609991
1787026589099,1892.48,25.507,1892.49,36.707,1892.4850000000001,0.05284057733609991
1787026589124,1892.48,25.507,1892.49,25.592,1892.4850000000001,0.05284057733609991
1787026589125,1892.48,25.507,1892.49,25.592,1892.4850000000001,0.05284057733609991
1787026589141,1892.48,25.405,1892.49,25.592,1892.4850000000001,0.05284057733609991
1787026590181,1892.48,25.405,1892.49,36.707,1892.4850000000001,0.05284057733609991
1787026590472,1892.48,25.405,1892.49,25.592,1892.4850000000001,0.05284057733609991
1787026590500,1892.48,25.405,1892.49,22.592,1892.4850000000001,0.05284057733609991
1787026590503,1892.48,30.88,1892.49,22.592,1892.4850000000001,0.05284057733609991
1787026590542,1892.48,30.88,1892.49,23.648,1892.4850000000001,0.05284057733609991
1787026590543,1892.48,30.88,1892.49,23.632,1892.4850000000001,0.05284057733609991
1787026590544,1892.48,30.88,1892.49,23.648,1892.4850000000001,0.05284057733609991
1787026590673,1892.48,30.88,1892.49,39.576,1892.4850000000001,0.05284057733609991
1787026590697,1892.48,30.88,1892.49,44.663,1892.4850000000001,0.05284057733609991
1787026590806,1892.48,19.765,1892.49,44.663,1892.4850000000001,0.05284057733609991
1787026590807,1892.48,19.765,1892.49,53.751,1892.4850000000001,0.05284057733609991
1787026590808,1892.48,19.765,1892.49,53.735,1892.4850000000001,0.05284057733609991
1787026590809,1892.48,19.765,1892.49,53.751,1892.4850000000001,0.05284057733609991
1787026590898,1892.48,19.765,1892.49,58.55,1892.4850000000001,0.05284057733609991
1787026591223,1892.48,19.699,1892.49,58.55,1892.4850000000001,0.05284057733609991
1787026591474,1892.48,19.699,1892.49,58.492,1892.4850000000001,0.05284057733609991
1787026591477,1892.48,19.699,1892.49,58.579,1892.4850000000001,0.05284057733609991
1787026591507,1892.48,19.699,1892.49,58.763,1892.4850000000001,0.05284057733609991
1787026591794,1892.48,30.814,1892.49,58.763,1892.4850000000001,0.05284057733609991
1787026591795,1892.48,30.814,1892.49,58.763,1892.4850000000001,0.05284057733609991
1787026592169,1892.48,16.462,1892.49,58.763,1892.4850000000001,0.05284057733609991
1787026592227,1892.48,5.347,1892.49,58.763,1892.4850000000001,0.05284057733609991
1787026592250,1892.48,0.988,1892.49,58.763,1892.4850000000001,0.05284057733609991
1787026592252,1892.48,1.252,1892.49,58.977,1892.4850000000001,0.05284057733609991
1787026592269,1892.48,0.364,1892.49,58.977,1892.4850000000001,0.05284057733609991
1787026592270,1892.48,0.348,1892.49,58.977,1892.4850000000001,0.05284057733609991
1787026592271,1892.48,0.364,1892.49,58.977,1892.4850000000001,0.05284057733609991
1787026592272,1892.48,4.723,1892.49,58.977,1892.4850000000001,0.05284057733609991
1787026592273,1892.48,4.707,1892.49,58.977,1892.4850000000001,0.05284057733609991
1787026592274,1892.48,4.707,1892.49,58.763,1892.4850000000001,0.05284057733609991
1787026592413,1892.48,4.723,1892.49,58.763,1892.4850000000001,0.05284057733609991
1787026594005,1892.48,15.838,1892.49,58.763,1892.4850000000001,0.05284057733609991
1787026594006,1892.48,15.822,1892.49,58.763,1892.4850000000001,0.05284057733609991
1787026594007,1892.48,15.838,1892.49,58.763,1892.4850000000001,0.05284057733609991
1787026594274,1892.48,15.838,1892.49,48.863,1892.4850000000001,0.05284057733609991
1787026594285,1892.48,27.113,1892.49,48.863,1892.4850000000001,0.05284057733609991
1787026594314,1892.48,27.113,1892.49,37.748,1892.4850000000001,0.05284057733609991
1787026594330,1892.48,27.113,1892.49,32.949,1892.4850000000001,0.05284057733609991
1787026594334,1892.48,27.113,1892.49,14.123,1892.4850000000001,0.05284057733609991
1787026594337,1892.48,27.113,1892.49,20.34,1892.4850000000001,0.05284057733609991
1787026594338,1892.48,27.113,1892.49,20.34,1892.4850000000001,0.05284057733609991
1787026594404,1892.48,27.113,1892.49,31.46,1892.4850000000001,0.05284057733609991
1787026594459,1892.48,32.588,1892.49,31.46,1892.4850000000001,0.05284057733609991
1787026594460,1892.48,32.572,1892.49,31.46,1892.4850000000001,0.05284057733609991
1787026594461,1892.48,32.588,1892.49,22.372,1892.4850000000001,0.05284057733609991
1787026594507,1892.48,32.588,1892.49,22.571,1892.4850000000001,0.05284057733609991
1787026594508,1892.48,32.588,1892.49,22.555,1892.4850000000001,0.05284057733609991
1787026594510,1892.48,32.588,1892.49,22.571,1892.4850000000001,0.05284057733609991
1787026594646,1892.48,32.588,1892.49,28.764,1892.4850000000001,0.05284057733609991
1787026594687,1892.48,32.588,1892.49,33.686,1892.4850000000001,0.05284057733609991
1787026594764,1892.48,32.588,1892.49,38.998,1892.4850000000001,0.05284057733609991
1787026594869,1892.48,21.313,1892.49,38.998,1892.4850000000001,0.05284057733609991
1787026594871,1892.48,21.313,1892.49,48.086,1892.4850000000001,0.05284057733609991
1787026594872,1892.48,21.313,1892.49,48.07,1892.4850000000001,0.05284057733609991
1787026594873,1892.48,21.313,1892.49,48.086,1892.4850000000001,0.05284057733609991
1787026595064,1892.48,10.198,1892.49,48.086,1892.4850000000001,0.05284057733609991
1787026595065,1892.48,10.198,1892.49,52.885,1892.4850000000001,0.05284057733609991
1787026595264,1892.48,10.198,1892.49,52.798,1892.4850000000001,0.05284057733609991
1787026595268,1892.48,10.198,1892.49,52.886,1892.4850000000001,0.05284057733609991
1787026595676,1892.48,16.792,1892.49,52.886,1892.4850000000001,0.05284057733609991
1787026595741,1892.48,21.313,1892.49,52.886,1892.4850000000001,0.05284057733609991
1787026595742,1892.48,21.297,1892.49,52.886,1892.4850000000001,0.05284057733609991
1787026595744,1892.48,21.313,1892.49,52.886,1892.4850000000001,0.05284057733609991
1787026596024,1892.48,10.198,1892.49,52.886,1892.4850000000001,0.05284057733609991
1787026596184,1892.48,4.723,1892.49,52.886,1892.4850000000001,0.05284057733609991
1787026596186,1892.48,0.364,1892.49,52.886,1892.4850000000001,0.05284057733609991
1787026596188,1892.48,4.79,1892.49,52.886,1892.4850000000001,0.05284057733609991
1787026596189,1892.48,4.79,1892.49,52.886,1892.4850000000001,0.05284057733609991
1787026596273,1892.48,4.79,1892.49,52.798,1892.4850000000001,0.05284057733609991
1787026596276,1892.48,4.79,1892.49,52.88,1892.4850000000001,0.05284057733609991
1787026596771,1892.48,5.29,1892.49,52.88,1892.4850000000001,0.05284057733609991
1787026597508,1892.48,5.29,1892.49,53.051,1892.4850000000001,0.05284057733609991
1787026597779,1892.48,5.54,1892.49,53.051,1892.4850000000001,0.05284057733609991
1787026598002,1892.48,5.473,1892.49,53.051,1892.4850000000001,0.05284057733609991
1787026598004,1892.48,1.114,1892.49,53.051,1892.4850000000001,0.05284057733609991
1787026598005,1892.48,1.098,1892.49,53.051,1892.4850000000001,0.05284057733609991
1787026598006,1892.48,1.114,1892.49,53.051,1892.4850000000001,0.05284057733609991
1787026598284,1892.48,1.181,1892.49,53.051,1892.4850000000001,0.05284057733609991
1787026598325,1892.48,5.54,1892.49,53.051,1892.4850000000001,0.05284057733609991
1787026598326,1892.48,5.524,1892.49,53.051,1892.4850000000001,0.05284057733609991
1787026598327,1892.48,5.54,1892.49,53.051,1892.4850000000001,0.05284057733609991
1787026598444,1892.41,4.459,1892.48,31.588,1892.4450000000002,0.36989185947246195
1787026598445,1892.41,0.111,1892.42,41.06,1892.415,0.05284253189702526
1787026598446,1892.34,4.394,1892.37,7.07,1892.355,0.15853262205015822
1787026598447,1892.34,7.832,1892.35,24.813,1892.3449999999998,0.05284448660255348
1787026598448,1892.33,1.263,1892.34,1.511,1892.335,0.05284476585800561
1787026598449,1892.33,6.609,1892.34,13.143,1892.335,0.05284476585800561
1787026598450,1892.33,19.338,1892.34,42.067,1892.335,0.05284476585800561
1787026598451,1892.33,19.338,1892.34,58.641,1892.335,0.05284476585800561
1787026598452,1892.33,19.405,1892.34,62.686,1892.335,0.05284476585800561
1787026598453,1892.33,19.602,1892.34,62.686,1892.335,0.05284476585800561
1787026598454,1892.33,14.206,1892.34,76.599,1892.335,0.05284476585800561
1787026598490,1892.33,14.206,1892.34,60.308,1892.335,0.05284476585800561
1787026598498,1892.33,14.206,1892.34,60.282,1892.335,0.05284476585800561
1787026598499,1892.33,14.206,1892.34,58.838,1892.335,0.05284476585800561
1787026598500,1892.33,36.596,1892.34,58.838,1892.335,0.05284476585800561
1787026598501,1892.33,40.955,1892.34,54.217,1892.335,0.05284476585800561
1787026598502,1892.33,40.955,1892.34,44.175,1892.335,0.05284476585800561
1787026598503,1892.33,40.955,1892.34,38.176,1892.335,0.05284476585800561
1787026598504,1892.33,42.155,1892.34,38.176,1892.335,0.05284476585800561
1787026598505,1892.33,42.155,1892.34,33.176,1892.335,0.05284476585800561
1787026598507,1892.33,42.155,1892.34,23.421,1892.335,0.05284476585800561
1787026598522,1892.33,42.155,1892.34,24.29,1892.335,0.05284476585800561
1787026598523,1892.33,42.155,1892.34,29.29,1892.335,0.05284476585800561
1787026598565,1892.33,42.171,1892.34,29.306,1892.335,0.05284476585800561
1787026598567,1892.33,51.259,1892.34,29.306,1892.335,0.05284476585800561
1787026598573,1892.33,51.259,1892.34,37.432,1892.335,0.05284476585800561
1787026598586,1892.33,50.059,1892.34,37.432,1892.335,0.05284476585800561
1787026598587,1892.33,38.944,1892.34,37.432,1892.335,0.05284476585800561
1787026598625,1892.33,27.669,1892.34,37.432,1892.335,0.05284476585800561
1787026598626,1892.33,14.222,1892.34,37.432,1892.335,0.05284476585800561
1787026598627,1892.33,14.206,1892.34,37.432,1892.335,0.05284476585800561
1787026598642,1892.33,14.206,1892.34,42.231,1892.335,0.05284476585800561
1787026598656,1892.33,14.206,1892.34,47.118,1892.335,0.05284476585800561
1787026598693,1892.33,14.222,1892.34,47.118,1892.335,0.05284476585800561
1787026598911,1892.33,14.28,1892.34,47.118,1892.335,0.05284476585800561
1787026598913,1892.33,14.28,1892.34,56.206,1892.335,0.05284476585800561
1787026599054,1892.33,14.292,1892.34,56.206,1892.335,0.05284476585800561
1787026599144,1892.33,14.342,1892.34,56.206,1892.335,0.05284476585800561
1787026599277,1892.33,14.342,1892.34,55.337,1892.335,0.05284476585800561
1787026599281,1892.33,14.342,1892.34,56.244,1892.335,0.05284476585800561
1787026599322,1892.33,9.521,1892.34,56.244,1892.335,0.05284476585800561
1787026599451,1892.33,9.785,1892.34,56.244,1892.335,0.05284476585800561
1787026599479,1892.33,9.785,1892.34,56.241,1892.335,0.05284476585800561
1787026599867,1892.33,9.785,1892.34,52.241,1892.335,0.05284476585800561
1787026599868,1892.33,31.561,1892.34,26.599,1892.335,0.05284476585800561
1787026599869,1892.33,43.62,1892.34,26.599,1892.335,0.05284476585800561
1787026599870,1892.33,46.538,1892.34,23.642,1892.335,0.05284476585800561
1787026599871,1892.33,35.877,1892.34,33.92,1892.335,0.05284476585800561
1787026599872,1892.33,35.877,1892.34,33.904,1892.335,0.05284476585800561
1787026599925,1892.33,24.602,1892.34,33.904,1892.335,0.05284476585800561
1787026599930,1892.33,24.602,1892.34,38.904,1892.335,0.05284476585800561
1787026599965,1892.33,24.602,1892.34,33.904,1892.335,0.05284476585800561
1787026599997,1892.33,24.602,1892.34,33.92,1892.335,0.05284476585800561
1787026600097,1892.33,13.487,1892.34,33.92,1892.335,0.05284476585800561
1787026600142,1892.33,17.824,1892.34,33.92,1892.335,0.05284476585800561
1787026600143,1892.33,24.652,1892.34,33.92,1892.335,0.05284476585800561
1787026600144,1892.33,24.668,1892.34,33.92,1892.335,0.05284476585800561
1787026600145,1892.33,24.652,1892.34,33.92,1892.335,0.05284476585800561
1787026600321,1892.33,24.652,1892.34,33.013,1892.335,0.05284476585800561
1787026600324,1892.33,24.652,1892.34,33.909,1892.335,0.05284476585800561
1787026600420,1892.33,24.594,1892.34,33.909,1892.335,0.05284476585800561
1787026600508,1892.33,24.594,1892.34,34.209,1892.335,0.05284476585800561
1787026600544,1892.33,13.479,1892.34,34.209,1892.335,0.05284476585800561
1787026600643,1892.33,24.594,1892.34,34.209,1892.335,0.05284476585800561
1787026600732,1892.33,13.479,1892.34,34.209,1892.335,0.05284476585800561
1787026600733,1892.33,13.495,1892.34,34.209,1892.335,0.05284476585800561
1787026600734,1892.33,13.479,1892.34,34.209,1892.335,0.05284476585800561
1787026600735,1892.33,10.577,1892.34,34.209,1892.335,0.05284476585800561
1787026600895,1892.33,9.777,1892.34,34.209,1892.335,0.05284476585800561
1787026600896,1892.33,9.777,1892.34,48.297,1892.335,0.05284476585800561
1787026600915,1892.33,4.769,1892.34,48.297,1892.335,0.05284476585800561
1787026600924,1892.31,0.073,1892.32,39.251,1892.315,0.0528453243777643
1787026600925,1892.31,0.227,1892.32,95.298,1892.315,0.0528453243777643
1787026600926,1892.31,7.427,1892.32,91.479,1892.315,0.0528453243777643
1787026600927,1892.3,0.013,1892.31,11.458,1892.3049999999998,0.05284560364207094
1787026600928,1892.3,0.013,1892.31,53.224,1892.3049999999998,0.05284560364207094
1787026600929,1892.3,0.013,1892.31,75.074,1892.3049999999998,0.05284560364207094
1787026600930,1892.26,0.105,1892.27,11.682,1892.2649999999999,0.05284672072881391
1787026600931,1892.26,5.237,1892.27,61.789,1892.2649999999999,0.05284672072881391
1787026600932,1892.26,3.305,1892.27,103.289,1892.2649999999999,0.05284672072881391
1787026600933,1892.26,3.305,1892.27,125.015,1892.2649999999999,0.05284672072881391
1787026600934,1892.26,3.305,1892.27,134.103,1892.2649999999999,0.05284672072881391
1787026600935,1892.26,3.572,1892.27,136.32,1892.2649999999999,0.05284672072881391
1787026600936,1892.26,3.572,1892.27,140.784,1892.2649999999999,0.05284672072881391
1787026600937,1892.26,3.572,1892.27,137.428,1892.2649999999999,0.05284672072881391
1787026600940,1892.26,5.172,1892.27,137.428,1892.2649999999999,0.05284672072881391
1787026600942,1892.26,5.972,1892.27,142.642,1892.2649999999999,0.05284672072881391
1787026600943,1892.26,7.572,1892.27,139.496,1892.2649999999999,0.05284672072881391
1787026600944,1892.26,7.572,1892.27,144.751,1892.2649999999999,0.05284672072881391
1787026600945,1892.26,7.372,1892.27,144.751,1892.2649999999999,0.05284672072881391
1787026600947,1892.26,7.636,1892.27,144.751,1892.2649999999999,0.05284672072881391
1787026600949,1892.26,7.636,1892.27,144.723,1892.2649999999999,0.05284672072881391
1787026600950,1892.26,11.995,1892.27,147.625,1892.2649999999999,0.05284672072881391
1787026600951,1892.26,11.995,1892.27,140.61,1892.2649999999999,0.05284672072881391
1787026600958,1892.26,11.995,1892.27,124.145,1892.2649999999999,0.05284672072881391
1787026600961,1892.26,12.012,1892.27,124.145,1892.2649999999999,0.05284672072881391
1787026600972,1892.26,7.653,1892.27,124.145,1892.2649999999999,0.05284672072881391
1787026600978,1892.26,7.653,1892.27,119.145,1892.2649999999999,0.05284672072881391
1787026600992,1892.26,18.224,1892.27,119.145,1892.2649999999999,0.05284672072881391
1787026600993,1892.26,18.768,1892.27,112.081,1892.2649999999999,0.05284672072881391
1787026600994,1892.26,14.066,1892.27,116.494,1892.2649999999999,0.05284672072881391
1787026600995,1892.26,10.597,1892.27,111.522,1892.2649999999999,0.05284672072881391
1787026600996,1892.26,8.997,1892.27,111.522,1892.2649999999999,0.05284672072881391
1787026600997,1892.26,7.397,1892.27,111.522,1892.2649999999999,0.05284672072881391
1787026601001,1892.26,7.397,1892.27,111.494,1892.2649999999999,0.05284672072881391
1787026601007,1892.26,17.968,1892.27,111.494,1892.2649999999999,0.05284672072881391
1787026601017,1892.26,17.968,1892.27,112.55,1892.2649999999999,0.05284672072881391
1787026601021,1892.26,17.901,1892.27,117.55,1892.2649999999999,0.05284672072881391
1787026601022,1892.25,0.202,1892.26,4.999,1892.255,0.05284700000787899
1787026601023,1892.25,4.515,1892.26,46.105,1892.255,0.05284700000787899
1787026601024,1892.25,4.515,1892.26,99.702,1892.255,0.05284700000787899
1787026601025,1892.25,6.131,1892.26,120.73,1892.255,0.05284700000787899
1787026601026,1892.25,7.731,1892.26,133.734,1892.255,0.05284700000787899
1787026601027,1892.25,6.131,1892.26,136.354,1892.255,0.05284700000787899
1787026601028,1892.25,6.131,1892.26,134.903,1892.255,0.05284700000787899
1787026601029,1892.24,0.047,1892.26,139.261,1892.25,0.10569427929703691
1787026601030,1892.24,0.047,1892.25,2.203,1892.245,0.052847279289895896
1787026601031,1892.24,5.477,1892.25,85.52,1892.245,0.052847279289895896
1787026601032,1892.24,0.331,1892.25,119.759,1892.245,0.052847279289895896
1787026601033,1892.24,7.99,1892.25,130.589,1892.245,0.052847279289895896
1787026601034,1892.24,2.733,1892.25,151.834,1892.245,0.052847279289895896
1787026601035,1892.24,0.283,1892.25,145.905,1892.245,0.052847279289895896
1787026601036,1892.24,0.283,1892.25,145.877,1892.245,0.052847279289895896
1787026601037,1892.24,0.283,1892.25,146.19,1892.245,0.052847279289895896
1787026601038,1892.22,2.691,1892.23,15.752,1892.225,0.05284783786278537
1787026601039,1892.2,0.041,1892.21,4.48,1892.205,0.05284839644748273
1787026601040,1892.19,1.081,1892.2,14.933,1892.1950000000002,0.05284867574425947
1787026601041,1892.19,6.213,1892.2,29.734,1892.1950000000002,0.05284867574425947
1787026601042,1892.19,1.081,1892.2,82.637,1892.1950000000002,0.05284867574425947
1787026601043,1892.17,0.011,1892.18,0.75,1892.1750000000002,0.05284923434666933
1787026601044,1892.16,0.01,1892.18,25.677,1892.17,0.10569874799823382
1787026601045,1892.16,5.275,1892.17,24.702,1892.165,0.052849513652302546
1787026601046,1892.16,10.492,1892.17,60.215,1892.165,0.052849513652302546
1787026601047,1892.16,10.492,1892.17,95.456,1892.165,0.052849513652302546
1787026601048,1892.16,10.629,1892.17,104.544,1892.165,0.052849513652302546
1787026601049,1892.16,12.629,1892.17,123.246,1892.165,0.052849513652302546
1787026601050,1892.16,18.19,1892.17,118.746,1892.165,0.052849513652302546
1787026601054,1892.16,23.167,1892.17,112.969,1892.165,0.052849513652302546
1787026601055,1892.16,23.167,1892.17,110.067,1892.165,0.052849513652302546
1787026601056,1892.16,25.655,1892.17,110.067,1892.165,0.052849513652302546
1787026601057,1892.16,34.282,1892.17,110.409,1892.165,0.052849513652302546
1787026601058,1892.16,38.641,1892.17,105.031,1892.165,0.052849513652302546
1787026601059,1892.16,38.708,1892.17,105.031,1892.165,0.052849513652302546
1787026601061,1892.16,39.108,1892.17,105.031,1892.165,0.052849513652302546
1787026601066,1892.16,39.108,1892.17,104.72,1892.165,0.052849513652302546
1787026601067,1892.16,39.108,1892.17,103.527,1892.165,0.052849513652302546
1787026601073,1892.16,39.108,1892.17,92.412,1892.165,0.052849513652302546
1787026601074,1892.16,39.108,1892.17,92.249,1892.165,0.052849513652302546
1787026601075,1892.16,39.108,1892.17,87.249,1892.165,0.052849513652302546
1787026601086,1892.16,39.108,1892.17,85.756,1892.165,0.052849513652302546
1787026601088,1892.16,39.108,1892.17,85.393,1892.165,0.052849513652302546
1787026601116,1892.16,38.971,1892.17,85.393,1892.165,0.052849513652302546
1787026601117,1892.16,39.071,1892.17,85.393,1892.165,0.052849513652302546
1787026601118,1892.16,34.712,1892.17,85.393,1892.165,0.052849513652302546
1787026601130,1892.16,34.728,1892.17,85.409,1892.165,0.052849513652302546
1787026601134,1892.16,34.928,1892.17,85.409,1892.165,0.052849513652302546
1787026601142,1892.16,34.978,1892.17,85.409,1892.165,0.052849513652302546
1787026601171,1892.16,38.978,1892.17,85.409,1892.165,0.052849513652302546
1787026601172,1892.16,38.978,1892.17,73.4,1892.165,0.052849513652302546
1787026601173,1892.16,38.978,1892.17,73.08,1892.165,0.052849513652302546
1787026601238,1892.16,43.978,1892.17,73.08,1892.165,0.052849513652302546
1787026601307,1892.16,38.978,1892.17,73.08,1892.165,0.052849513652302546
1787026601308,1892.16,27.863,1892.17,84.195,1892.165,0.052849513652302546
1787026601332,1892.16,27.863,1892.17,85.091,1892.165,0.052849513652302546
1787026601429,1892.16,27.863,1892.17,85.075,1892.165,0.052849513652302546
1787026601430,1892.16,41.88,1892.17,54.984,1892.165,0.052849513652302546
1787026601431,1892.16,58.953,1892.17,18.354,1892.165,0.052849513652302546
1787026601432,1892.17,23.391,1892.18,0.039,1892.1750000000002,0.05284923434666933
1787026601433,1892.26,13.579,1892.27,0.195,1892.2649999999999,0.05284672072881391
1787026601434,1892.3,15.551,1892.34,4.659,1892.32,0.21138073898687126
1787026601435,1892.3,16.551,1892.34,0.3,1892.32,0.21138073898687126
1787026601437,1892.31,11.115,1892.34,0.3,1892.3249999999998,0.1585351353492276
1787026601438,1892.31,17.652,1892.34,0.3,1892.3249999999998,0.1585351353492276
1787026601439,1892.31,27.518,1892.34,0.3,1892.3249999999998,0.1585351353492276
1787026601440,1892.33,1.212,1892.34,5.282,1892.335,0.05284476585800561
1787026601441,1892.33,6.645,1892.34,5.282,1892.335,0.05284476585800561
1787026601442,1892.33,6.678,1892.34,5.282,1892.335,0.05284476585800561
1787026601443,1892.33,14.235,1892.34,18.509,1892.335,0.05284476585800561
1787026601444,1892.33,14.375,1892.34,18.509,1892.335,0.05284476585800561
1787026601445,1892.33,15.475,1892.34,18.174,1892.335,0.05284476585800561
1787026601446,1892.33,19.292,1892.34,22.52,1892.335,0.05284476585800561
1787026601447,1892.33,19.292,1892.34,27.901,1892.335,0.05284476585800561
1787026601448,1892.33,23.616,1892.34,27.901,1892.335,0.05284476585800561
1787026601449,1892.33,33.467,1892.34,28.047,1892.335,0.05284476585800561
1787026601450,1892.33,33.434,1892.34,28.047,1892.335,0.05284476585800561
1787026601452,1892.33,43.85,1892.34,29.266,1892.335,0.05284476585800561
1787026601453,1892.33,41.704,1892.34,29.266,1892.335,0.05284476585800561
1787026601456,1892.33,46.03,1892.34,50.613,1892.335,0.05284476585800561
1787026601457,1892.33,43.784,1892.34,50.613,1892.335,0.05284476585800561
1787026601458,1892.33,53.81,1892.34,45.682,1892.335,0.05284476585800561
1787026601462,1892.33,53.81,1892.34,50.178,1892.335,0.05284476585800561
1787026601463,1892.33,61.884,1892.34,58.77,1892.335,0.05284476585800561
1787026601464,1892.33,77.258,1892.34,58.77,1892.335,0.05284476585800561
1787026601466,1892.33,77.225,1892.34,58.77,1892.335,0.05284476585800561
1787026601467,1892.33,77.225,1892.34,63.604,1892.335,0.05284476585800561
1787026601468,1892.33,77.118,1892.34,68.398,1892.335,0.05284476585800561
1787026601469,1892.33,70.169,1892.34,68.398,1892.335,0.05284476585800561
1787026601471,1892.33,75.169,1892.34,59.996,1892.335,0.05284476585800561
1787026601472,1892.33,78.528,1892.34,59.996,1892.335,0.05284476585800561
1787026601473,1892.33,78.495,1892.34,59.996,1892.335,0.05284476585800561
1787026601474,1892.33,78.495,1892.34,69.09,1892.335,0.05284476585800561
1787026601478,1892.33,78.495,1892.34,64.067,1892.335,0.05284476585800561
1787026601479,1892.33,78.495,1892.34,68.474,1892.335,0.05284476585800561
1787026601480,1892.33,78.495,1892.34,63.346,1892.335,0.05284476585800561
1787026601482,1892.33,78.495,1892.34,54.258,1892.335,0.05284476585800561
1787026601483,1892.33,74.136,1892.34,54.258,1892.335,0.05284476585800561
1787026601486,1892.33,69.777,1892.34,54.258,1892.335,0.05284476585800561
1787026601487,1892.33,69.777,1892.34,44.381,1892.335,0.05284476585800561
1787026601489,1892.33,62.23,1892.34,44.381,1892.335,0.05284476585800561
1787026601492,1892.33,62.23,1892.34,48.74,1892.335,0.05284476585800561
1787026601493,1892.33,68.416,1892.34,44.381,1892.335,0.05284476585800561
1787026601494,1892.33,67.463,1892.34,44.381,1892.335,0.05284476585800561
1787026601497,1892.33,67.463,1892.34,46.367,1892.335,0.05284476585800561
1787026601501,1892.33,66.251,1892.34,46.367,1892.335,0.05284476585800561
1787026601506,1892.33,63.49,1892.34,46.367,1892.335,0.05284476585800561
1787026601525,1892.33,63.49,1892.34,47.423,1892.335,0.05284476585800561
1787026601526,1892.33,52.556,1892.34,50.325,1892.335,0.05284476585800561
1787026601527,1892.33,47.556,1892.34,50.325,1892.335,0.05284476585800561
1787026601531,1892.33,52.556,1892.34,50.325,1892.335,0.05284476585800561
1787026601532,1892.33,52.556,1892.34,29.737,1892.335,0.05284476585800561
1787026601555,1892.33,52.578,1892.34,29.737,1892.335,0.05284476585800561
1787026601587,1892.33,52.594,1892.34,29.753,1892.335,0.05284476585800561
1787026601608,1892.33,46.124,1892.34,29.753,1892.335,0.05284476585800561
1787026601673,1892.33,45.068,1892.34,29.753,1892.335,0.05284476585800561
1787026601678,1892.33,40.068,1892.34,29.753,1892.335,0.05284476585800561
1787026601833,1892.33,45.068,1892.34,29.753,1892.335,0.05284476585800561
1787026601838,1892.33,45.068,1892.34,25.394,1892.335,0.05284476585800561
1787026601840,1892.33,54.156,1892.34,16.153,1892.335,0.05284476585800561
1787026602026,1892.33,54.156,1892.34,16.417,1892.335,0.05284476585800561
1787026602100,1892.33,54.684,1892.34,16.417,1892.335,0.05284476585800561
1787026602143,1892.33,54.732,1892.34,16.417,1892.335,0.05284476585800561
1787026602739,1892.33,54.732,1892.34,11.623,1892.335,0.05284476585800561
1787026602840,1892.33,49.732,1892.34,11.623,1892.335,0.05284476585800561
1787026602895,1892.33,49.756,1892.34,11.623,1892.335,0.05284476585800561
1787026603143,1892.33,49.81,1892.34,11.623,1892.335,0.05284476585800561
1787026603386,1892.33,49.81,1892.34,12.17,1892.335,0.05284476585800561
1787026603507,1892.33,49.81,1892.34,12.421,1892.335,0.05284476585800561
1787026603773,1892.33,49.81,1892.34,9.621,1892.335,0.05284476585800561
1787026603775,1892.33,54.81,1892.34,9.621,1892.335,0.05284476585800561
1787026603825,1892.33,54.81,1892.34,12.134,1892.335,0.05284476585800561
1787026603856,1892.33,54.81,1892.34,13.308,1892.335,0.05284476585800561
1787026604109,1892.33,49.81,1892.34,13.308,1892.335,0.05284476585800561
1787026604261,1892.33,54.81,1892.34,13.308,1892.335,0.05284476585800561
1787026604413,1892.33,54.826,1892.34,13.308,1892.335,0.05284476585800561
1787026604515,1892.33,49.826,1892.34,13.308,1892.335,0.05284476585800561
1787026604827,1892.33,50.076,1892.34,13.308,1892.335,0.05284476585800561
1787026605034,1892.33,55.076,1892.34,13.308,1892.335,0.05284476585800561
1787026605035,1892.33,67.258,1892.36,0.011,1892.3449999999998,0.15853345980766043
1787026605036,1892.35,17.979,1892.36,0.011,1892.355,0.052844207350052734
1787026605037,1892.4,49.418,1892.41,0.677,1892.4050000000002,0.05284281113181853
1787026605038,1892.4,96.967,1892.41,19.168,1892.4050000000002,0.05284281113181853
1787026605039,1892.4,88.622,1892.41,19.168,1892.4050000000002,0.05284281113181853
1787026605040,1892.4,87.581,1892.41,19.168,1892.4050000000002,0.05284281113181853
1787026605081,1892.4,87.567,1892.41,19.168,1892.4050000000002,0.05284281113181853
1787026605082,1892.4,86.598,1892.41,19.168,1892.4050000000002,0.05284281113181853
1787026605083,1892.4,95.686,1892.41,20.224,1892.4050000000002,0.05284281113181853
1787026605087,1892.4,95.686,1892.41,30.224,1892.4050000000002,0.05284281113181853
1787026605089,1892.4,95.119,1892.41,30.224,1892.4050000000002,0.05284281113181853
1787026605096,1892.4,88.462,1892.41,30.224,1892.4050000000002,0.05284281113181853
1787026605097,1892.4,81.39,1892.41,30.224,1892.4050000000002,0.05284281113181853
1787026605098,1892.4,81.39,1892.41,33.126,1892.4050000000002,0.05284281113181853
1787026605103,1892.4,81.39,1892.41,27.705,1892.4050000000002,0.05284281113181853
1787026605136,1892.4,81.406,1892.41,27.705,1892.4050000000002,0.05284281113181853
1787026605138,1892.4,81.406,1892.41,27.721,1892.4050000000002,0.05284281113181853
1787026605233,1892.4,73.765,1892.41,27.721,1892.4050000000002,0.05284281113181853
1787026605256,1892.43,9.947,1892.44,0.012,1892.435,0.05284197343629189
1787026605257,1892.43,86.4,1892.44,4.968,1892.435,0.05284197343629189
1787026605258,1892.43,118.163,1892.44,9.271,1892.435,0.05284197343629189
1787026605259,1892.43,112.856,1892.44,4.359,1892.435,0.05284197343629189
1787026605260,1892.43,110.577,1892.44,4.359,1892.435,0.05284197343629189
1787026605287,1892.43,110.577,1892.44,5.415,1892.435,0.05284197343629189
1787026605288,1892.43,97.837,1892.44,5.415,1892.435,0.05284197343629189
1787026605290,1892.43,96.837,1892.44,5.415,1892.435,0.05284197343629189
1787026605305,1892.43,95.886,1892.44,5.415,1892.435,0.05284197343629189
1787026605308,1892.43,95.886,1892.44,15.415,1892.435,0.05284197343629189
1787026605309,1892.43,95.319,1892.44,15.415,1892.435,0.05284197343629189
1787026605312,1892.43,88.995,1892.44,15.415,1892.435,0.05284197343629189
1787026605326,1892.43,83.995,1892.44,15.415,1892.435,0.05284197343629189
1787026605366,1892.43,89.011,1892.44,15.431,1892.435,0.05284197343629189
1787026605367,1892.43,86.757,1892.44,15.431,1892.435,0.05284197343629189
1787026605420,1892.43,86.773,1892.44,15.431,1892.435,0.05284197343629189
1787026605448,1892.43,75.498,1892.44,15.431,1892.435,0.05284197343629189
1787026605450,1892.43,73.898,1892.44,15.431,1892.435,0.05284197343629189
1787026606046,1892.43,73.898,1892.44,15.695,1892.435,0.05284197343629189
1787026606049,1892.43,82.994,1892.44,0.221,1892.435,0.05284197343629189
1787026606050,1892.43,85.271,1892.44,0.221,1892.435,0.05284197343629189
1787026606051,1892.46,20.346,1892.47,2.228,1892.4650000000001,0.052841135767324125
1787026606052,1892.46,62.56,1892.47,2.228,1892.4650000000001,0.052841135767324125
1787026606053,1892.46,95.107,1892.47,2.228,1892.4650000000001,0.052841135767324125
1787026606054,1892.48,1.7,1892.49,2.113,1892.4850000000001,0.05284057733609991
1787026606055,1892.48,30.83,1892.49,2.113,1892.4850000000001,0.05284057733609991
1787026606056,1892.48,74.45,1892.49,2.113,1892.4850000000001,0.05284057733609991
1787026606057,1892.48,102.354,1892.49,2.113,1892.4850000000001,0.05284057733609991
1787026606058,1892.48,113.337,1892.49,2.113,1892.4850000000001,0.05284057733609991
1787026606059,1892.48,102.227,1892.49,2.113,1892.4850000000001,0.05284057733609991
1787026606060,1892.48,114.271,1892.49,2.113,1892.4850000000001,0.05284057733609991
1787026606062,1892.48,114.338,1892.49,2.113,1892.4850000000001,0.05284057733609991
1787026606063,1892.48,123.426,1892.49,2.113,1892.4850000000001,0.05284057733609991
1787026606066,1892.48,123.45,1892.49,2.113,1892.4850000000001,0.05284057733609991
1787026606080,1892.48,123.45,1892.49,2.1,1892.4850000000001,0.05284057733609991
1787026606082,1892.48,123.45,1892.49,6.459,1892.4850000000001,0.05284057733609991
1787026606083,1892.48,123.45,1892.49,2.1,1892.4850000000001,0.05284057733609991
1787026606088,1892.48,115.45,1892.49,2.1,1892.4850000000001,0.05284057733609991
1787026606103,1892.48,115.45,1892.49,3.156,1892.4850000000001,0.05284057733609991
1787026606168,1892.48,115.466,1892.49,3.172,1892.4850000000001,0.05284057733609991
1787026606171,1892.48,115.466,1892.49,3.184,1892.4850000000001,0.05284057733609991
1787026606202,1892.5,84.841,1892.51,12.409,1892.505,0.05284001891667871
1787026606203,1892.5,89.84,1892.51,12.409,1892.505,0.05284001891667871
1787026606204,1892.5,142.952,1892.51,12.409,1892.505,0.05284001891667871
1787026606205,1892.5,146.016,1892.51,12.398,1892.505,0.05284001891667871
1787026606206,1892.5,132.749,1892.51,12.398,1892.505,0.05284001891667871
1787026606252,1892.5,137.221,1892.51,12.398,1892.505,0.05284001891667871
1787026606281,1892.5,137.237,1892.51,12.414,1892.505,0.05284001891667871
1787026606305,1892.5,137.237,1892.51,13.47,1892.505,0.05284001891667871
1787026606456,1892.5,137.253,1892.51,13.47,1892.505,0.05284001891667871
1787026606508,1892.5,137.253,1892.51,13.73,1892.505,0.05284001891667871
1787026606512,1892.5,132.253,1892.51,13.73,1892.505,0.05284001891667871
1787026606514,1892.5,122.447,1892.51,13.73,1892.505,0.05284001891667871
1787026606946,1892.5,117.975,1892.51,13.73,1892.505,0.05284001891667871
1787026606947,1892.5,117.975,1892.51,18.089,1892.505,0.05284001891667871
1787026606949,1892.5,117.029,1892.51,18.089,1892.505,0.05284001891667871
1787026607064,1892.5,119.671,1892.51,18.089,1892.505,0.05284001891667871
1787026607099,1892.5,120.199,1892.51,18.089,1892.505,0.05284001891667871
1787026607145,1892.5,120.249,1892.51,18.089,1892.505,0.05284001891667871
1787026607507,1892.5,120.249,1892.51,36.609,1892.505,0.05284001891667871
1787026607508,1892.5,117.712,1892.51,39.511,1892.505,0.05284001891667871
1787026607509,1892.5,117.712,1892.51,36.609,1892.505,0.05284001891667871
1787026607569,1892.5,106.597,1892.51,36.609,1892.505,0.05284001891667871
1787026607621,1892.5,106.597,1892.51,47.724,1892.505,0.05284001891667871
1787026607623,1892.5,103.695,1892.51,47.724,1892.505,0.05284001891667871
1787026607720,1892.5,103.695,1892.51,52.812,1892.505,0.05284001891667871
1787026607725,1892.5,103.695,1892.51,57.812,1892.505,0.05284001891667871
1787026607726,1892.5,101.053,1892.51,58.812,1892.505,0.05284001891667871
1787026607857,1892.5,96.695,1892.51,58.812,1892.505,0.05284001891667871
1787026607859,1892.5,87.607,1892.51,58.812,1892.505,0.05284001891667871
1787026607893,1892.5,87.607,1892.51,53.724,1892.505,0.05284001891667871
1787026608098,1892.5,87.079,1892.51,53.724,1892.505,0.05284001891667871
1787026608144,1892.5,87.279,1892.51,53.724,1892.505,0.05284001891667871
1787026608168,1892.5,87.279,1892.51,58.286,1892.505,0.05284001891667871
1787026608169,1892.5,87.279,1892.51,58.27,1892.505,0.05284001891667871
1787026608170,1892.5,87.279,1892.51,58.286,1892.505,0.05284001891667871
1787026608440,1892.5,89.921,1892.51,58.286,1892.505,0.05284001891667871
1787026608454,1892.5,89.921,1892.51,53.286,1892.505,0.05284001891667871
1787026608550,1892.5,89.921,1892.51,48.724,1892.505,0.05284001891667871
1787026608552,1892.5,99.009,1892.51,47.724,1892.505,0.05284001891667871
1787026608558,1892.5,99.009,1892.51,29.204,1892.505,0.05284001891667871
1787026608559,1892.5,99.009,1892.51,18.089,1892.505,0.05284001891667871
1787026608560,1892.5,110.124,1892.51,18.089,1892.505,0.05284001891667871
1787026608621,1892.5,99.009,1892.51,47.797,1892.505,0.05284001891667871
1787026608622,1892.5,99.009,1892.51,47.797,1892.505,0.05284001891667871
1787026608644,1892.5,103.448,1892.51,47.797,1892.505,0.05284001891667871
1787026608666,1892.5,103.448,1892.51,36.682,1892.505,0.05284001891667871
1787026608667,1892.5,110.124,1892.51,36.682,1892.505,0.05284001891667871
1787026608879,1892.5,99.009,1892.51,47.797,1892.505,0.05284001891667871
1787026609098,1892.5,99.537,1892.51,47.797,1892.505,0.05284001891667871
1787026609142,1892.5,99.587,1892.51,47.797,1892.505,0.05284001891667871
1787026609508,1892.5,99.587,1892.51,53.071,1892.505,0.05284001891667871
1787026609525,1892.5,99.587,1892.51,57.964,1892.505,0.05284001891667871
1787026609546,1892.5,99.587,1892.51,107.964,1892.505,0.05284001891667871
1787026609548,1892.5,99.587,1892.51,107.964,1892.505,0.05284001891667871
1787026609785,1892.5,99.587,1892.51,103.071,1892.505,0.05284001891667871
1787026609899,1892.5,99.587,1892.51,98.071,1892.505,0.05284001891667871
1787026610099,1892.5,99.059,1892.51,98.071,1892.505,0.05284001891667871
1787026610139,1892.5,99.059,1892.51,103.071,1892.505,0.05284001891667871
1787026610141,1892.5,99.109,1892.51,103.071,1892.505,0.05284001891667871
1787026610143,1892.5,90.021,1892.51,103.071,1892.505,0.05284001891667871
1787026610681,1892.5,90.972,1892.51,103.071,1892.505,0.05284001891667871
1787026611340,1892.5,88.33,1892.51,103.071,1892.505,0.05284001891667871
1787026611342,1892.5,88.33,1892.51,112.159,1892.505,0.05284001891667871
1787026611463,1892.5,88.33,1892.51,115.856,1892.505,0.05284001891667871
1787026612104,1892.5,87.274,1892.51,115.856,1892.505,0.05284001891667871
1787026612106,1892.5,87.208,1892.51,115.856,1892.505,0.05284001891667871
1787026612160,1892.5,87.208,1892.51,116.07,1892.505,0.05284001891667871
1787026612244,1892.5,87.208,1892.51,116.09,1892.505,0.05284001891667871
1787026612434,1892.5,87.208,1892.51,115.876,1892.505,0.05284001891667871
1787026612507,1892.5,87.208,1892.51,116.153,1892.505,0.05284001891667871
1787026612633,1892.5,87.208,1892.51,117.153,1892.505,0.05284001891667871
1787026612792,1892.5,2.367,1892.51,117.153,1892.505,0.05284001891667871
1787026612793,1892.5,2.383,1892.51,117.153,1892.505,0.05284001891667871
1787026612794,1892.5,1.597,1892.51,117.153,1892.505,0.05284001891667871
1787026612795,1892.5,1.597,1892.51,117.367,1892.505,0.05284001891667871
1787026612954,1892.5,1.664,1892.51,117.367,1892.505,0.05284001891667871
1787026612955,1892.5,6.023,1892.51,117.153,1892.505,0.05284001891667871
1787026612957,1892.5,6.007,1892.51,117.153,1892.505,0.05284001891667871
1787026612968,1892.5,1.648,1892.51,117.153,1892.505,0.05284001891667871
1787026612969,1892.5,1.581,1892.51,117.153,1892.505,0.05284001891667871
1787026612998,1892.5,1.597,1892.51,117.153,1892.505,0.05284001891667871
1787026613064,1892.5,4.239,1892.51,117.153,1892.505,0.05284001891667871
1787026613065,1892.5,4.223,1892.51,117.153,1892.505,0.05284001891667871
1787026613124,1892.5,4.239,1892.51,117.153,1892.505,0.05284001891667871
1787026613630,1892.5,1.597,1892.51,117.153,1892.505,0.05284001891667871
1787026613631,1892.5,1.597,1892.51,117.367,1892.505,0.05284001891667871
1787026613778,1892.39,13.386,1892.4,33.122,1892.395,0.05284309036956294
1787026613779,1892.39,5.92,1892.4,36.217,1892.395,0.05284309036956294
1787026613780,1892.39,0.027,1892.4,84.425,1892.395,0.05284309036956294
1787026613781,1892.39,0.011,1892.4,108.848,1892.395,0.05284309036956294
1787026613782,1892.39,0.303,1892.4,154.157,1892.395,0.05284309036956294
1787026613783,1892.39,0.236,1892.4,151.232,1892.395,0.05284309036956294
1787026613784,1892.38,2.8,1892.39,19.745,1892.3850000000002,0.052843369610258505
1787026613785,1892.38,7.585,1892.39,38.361,1892.3850000000002,0.052843369610258505
1787026613786,1892.38,7.585,1892.39,94.632,1892.3850000000002,0.052843369610258505
1787026613787,1892.38,12.349,1892.39,119.461,1892.3850000000002,0.052843369610258505
1787026613788,1892.38,12.349,1892.39,139.593,1892.3850000000002,0.052843369610258505
1787026613789,1892.38,12.349,1892.39,141.482,1892.3850000000002,0.052843369610258505
1787026613790,1892.38,12.349,1892.39,143.842,1892.3850000000002,0.052843369610258505
1787026613791,1892.38,12.349,1892.39,147.428,1892.3850000000002,0.052843369610258505
1787026613804,1892.38,12.349,1892.39,140.339,1892.3850000000002,0.052843369610258505
1787026613841,1892.38,12.349,1892.39,133.25,1892.3850000000002,0.052843369610258505
1787026613842,1892.38,16.708,1892.39,133.25,1892.3850000000002,0.052843369610258505
1787026613843,1892.38,16.708,1892.39,132.663,1892.3850000000002,0.052843369610258505
1787026613845,1892.38,16.708,1892.39,116.357,1892.3850000000002,0.052843369610258505
1787026613848,1892.38,16.708,1892.39,114.506,1892.3850000000002,0.052843369610258505
1787026613852,1892.38,11.541,1892.39,114.506,1892.3850000000002,0.052843369610258505
1787026613854,1892.38,7.182,1892.39,114.506,1892.3850000000002,0.052843369610258505
1787026613855,1892.38,9.982,1892.39,114.506,1892.3850000000002,0.052843369610258505
1787026613877,1892.33,4.609,1892.39,121.043,1892.3600000000001,0.3170644063506563
1787026613878,1892.33,0.25,1892.34,19.406,1892.335,0.05284476585800561
1787026613879,1892.33,10.132,1892.34,97.353,1892.335,0.05284476585800561
1787026613880,1892.33,13.032,1892.34,115.055,1892.335,0.05284476585800561
1787026613881,1892.33,13.032,1892.34,117.94,1892.335,0.05284476585800561
1787026613882,1892.33,10.632,1892.34,117.94,1892.335,0.05284476585800561
1787026613883,1892.33,10.368,1892.34,117.94,1892.335,0.05284476585800561
1787026613884,1892.33,10.368,1892.34,117.968,1892.335,0.05284476585800561
1787026613885,1892.33,9.968,1892.34,117.968,1892.335,0.05284476585800561
1787026613886,1892.33,9.968,1892.34,127.056,1892.335,0.05284476585800561
1787026613892,1892.33,10.035,1892.34,127.056,1892.335,0.05284476585800561
1787026613894,1892.33,9.968,1892.34,127.056,1892.335,0.05284476585800561
1787026613897,1892.33,14.327,1892.34,127.056,1892.335,0.05284476585800561
1787026613900,1892.33,14.338,1892.34,127.056,1892.335,0.05284476585800561
1787026613904,1892.33,14.338,1892.34,127.028,1892.335,0.05284476585800561
1787026613906,1892.33,14.338,1892.34,110.748,1892.335,0.05284476585800561
1787026613909,1892.33,14.338,1892.34,103.832,1892.335,0.05284476585800561
1787026613917,1892.33,14.338,1892.34,99.152,1892.335,0.05284476585800561
1787026613918,1892.33,14.338,1892.34,97.708,1892.335,0.05284476585800561
1787026613940,1892.33,14.338,1892.34,93.236,1892.335,0.05284476585800561
1787026613987,1892.33,14.354,1892.34,93.252,1892.335,0.05284476585800561
1787026614079,1892.33,14.354,1892.34,97.891,1892.335,0.05284476585800561
1787026614092,1892.33,14.354,1892.34,97.957,1892.335,0.05284476585800561
1787026614107,1892.33,9.995,1892.34,97.957,1892.335,0.05284476585800561
1787026614151,1892.33,10.045,1892.34,97.957,1892.335,0.05284476585800561
1787026614152,1892.33,10.067,1892.34,97.957,1892.335,0.05284476585800561
1787026614402,1892.33,10.067,1892.34,98.021,1892.335,0.05284476585800561
1787026615121,1892.33,10.045,1892.34,98.021,1892.335,0.05284476585800561
1787026615141,1892.33,10.093,1892.34,98.021,1892.335,0.05284476585800561
1787026615331,1892.33,0.475,1892.34,98.021,1892.335,0.05284476585800561
1787026615333,1892.33,0.739,1892.34,98.021,1892.335,0.05284476585800561
1787026615334,1892.33,0.723,1892.34,98.021,1892.335,0.05284476585800561
1787026615336,1892.33,0.739,1892.34,98.021,1892.335,0.05284476585800561
1787026615432,1892.33,0.806,1892.34,98.021,1892.335,0.05284476585800561
1787026615508,1892.33,0.806,1892.34,98.264,1892.335,0.05284476585800561
1787026615676,1892.3,2.642,1892.31,3.397,1892.3049999999998,0.05284560364207094
1787026615677,1892.3,2.642,1892.31,15.032,1892.3049999999998,0.05284560364207094
1787026615678,1892.3,17.414,1892.31,110.169,1892.3049999999998,0.05284560364207094
1787026615679,1892.3,13.239,1892.31,105.864,1892.3049999999998,0.05284560364207094
1787026615680,1892.3,13.172,1892.31,103.685,1892.3049999999998,0.05284560364207094
1787026615682,1892.3,13.172,1892.31,114.8,1892.3049999999998,0.05284560364207094
1787026615686,1892.3,10.53,1892.31,114.8,1892.3049999999998,0.05284560364207094
1787026615689,1892.3,10.266,1892.31,114.8,1892.3049999999998,0.05284560364207094
1787026615767,1892.3,10.266,1892.31,114.869,1892.3049999999998,0.05284560364207094
1787026615768,1892.3,10.266,1892.31,115.925,1892.3049999999998,0.05284560364207094
1787026615790,1892.3,10.282,1892.31,115.941,1892.3049999999998,0.05284560364207094
1787026616150,1892.3,10.334,1892.31,115.941,1892.3049999999998,0.05284560364207094
1787026616271,1892.3,10.334,1892.31,115.872,1892.3049999999998,0.05284560364207094
1787026616275,1892.3,10.334,1892.31,115.917,1892.3049999999998,0.05284560364207094
1787026616432,1892.3,12.976,1892.31,115.917,1892.3049999999998,0.05284560364207094
1787026616675,1892.3,12.976,1892.31,99.668,1892.3049999999998,0.05284560364207094
1787026616684,1892.3,12.976,1892.31,98.535,1892.3049999999998,0.05284560364207094
1787026616685,1892.3,12.976,1892.31,98.224,1892.3049999999998,0.05284560364207094
1787026616791,1892.3,12.976,1892.31,97.895,1892.3049999999998,0.05284560364207094
1787026616976,1892.3,12.976,1892.31,87.105,1892.3049999999998,0.05284560364207094
1787026617150,1892.3,13.026,1892.31,87.105,1892.3049999999998,0.05284560364207094
1787026617296,1892.3,13.026,1892.31,88.105,1892.3049999999998,0.05284560364207094
1787026617606,1892.3,10.384,1892.31,88.105,1892.3049999999998,0.05284560364207094
1787026618238,1892.3,10.384,1892.31,88.06,1892.3049999999998,0.05284560364207094
1787026618241,1892.3,10.384,1892.31,88.16,1892.3049999999998,0.05284560364207094
1787026618467,1892.3,21.499,1892.31,88.16,1892.3049999999998,0.05284560364207094
1787026618469,1892.3,21.499,1892.31,87.43,1892.3049999999998,0.05284560364207094
1787026618507,1892.3,21.499,1892.31,87.763,1892.3049999999998,0.05284560364207094
1787026618581,1892.3,21.499,1892.31,76.648,1892.3049999999998,0.05284560364207094
1787026618765,1892.3,21.499,1892.31,84.219,1892.3049999999998,0.05284560364207094
1787026618838,1892.3,21.499,1892.31,76.648,1892.3049999999998,0.05284560364207094
1787026618937,1892.3,10.384,1892.31,76.648,1892.3049999999998,0.05284560364207094
1787026618938,1892.3,10.384,1892.31,87.763,1892.3049999999998,0.05284560364207094
1787026619212,1892.3,21.499,1892.31,76.648,1892.3049999999998,0.05284560364207094
1787026619214,1892.3,21.499,1892.31,76.648,1892.3049999999998,0.05284560364207094
1787026619247,1892.3,21.499,1892.31,76.548,1892.3049999999998,0.05284560364207094
1787026619250,1892.3,21.499,1892.31,76.642,1892.3049999999998,0.05284560364207094
1787026619433,1892.3,21.499,1892.31,65.731,1892.3049999999998,0.05284560364207094
1787026619434,1892.3,49.234,1892.31,45.091,1892.3049999999998,0.05284560364207094
1787026619435,1892.3,63.396,1892.31,33.8,1892.3049999999998,0.05284560364207094
1787026619436,1892.3,97.245,1892.31,11.745,1892.3049999999998,0.05284560364207094
1787026619437,1892.3,100.147,1892.31,2.549,1892.3049999999998,0.05284560364207094
1787026619438,1892.3,105.147,1892.31,2.549,1892.3049999999998,0.05284560364207094
1787026619439,1892.3,98.066,1892.31,2.549,1892.3049999999998,0.05284560364207094
1787026619441,1892.3,98.28,1892.31,2.549,1892.3049999999998,0.05284560364207094
1787026619458,1892.3,93.28,1892.31,2.549,1892.3049999999998,0.05284560364207094
1787026619460,1892.3,86.199,1892.31,2.549,1892.3049999999998,0.05284560364207094
1787026619503,1892.3,86.215,1892.31,2.565,1892.3049999999998,0.05284560364207094
1787026619698,1892.3,86.215,1892.31,7.565,1892.3049999999998,0.05284560364207094
1787026619699,1892.3,86.001,1892.31,7.549,1892.3049999999998,0.05284560364207094
1787026619700,1892.3,86.001,1892.31,7.565,1892.3049999999998,0.05284560364207094
1787026619799,1892.38,80.949,1892.39,3.495,1892.3850000000002,0.052843369610258505
1787026619800,1892.38,103.118,1892.39,52.628,1892.3850000000002,0.052843369610258505
1787026619801,1892.38,122.737,1892.39,39.013,1892.3850000000002,0.052843369610258505
1787026619802,1892.38,110.871,1892.39,39.013,1892.3850000000002,0.052843369610258505
1787026619803,1892.38,106.513,1892.39,39.013,1892.3850000000002,0.052843369610258505
1787026619835,1892.38,106.513,1892.39,40.069,1892.3850000000002,0.052843369610258505
1787026619836,1892.38,97.425,1892.39,40.069,1892.3850000000002,0.052843369610258505
1787026619950,1892.38,97.425,1892.39,40.085,1892.3850000000002,0.052843369610258505
1787026620017,1892.38,86.31,1892.39,56.638,1892.3850000000002,0.052843369610258505
1787026620018,1892.38,74.676,1892.39,58.412,1892.3850000000002,0.052843369610258505
1787026620019,1892.33,4.298,1892.34,7.091,1892.335,0.05284476585800561
1787026620020,1892.3,0.302,1892.31,3.931,1892.3049999999998,0.05284560364207094
1787026620021,1892.3,10.077,1892.31,69.652,1892.3049999999998,0.05284560364207094
1787026620022,1892.3,11.106,1892.31,119.565,1892.3049999999998,0.05284560364207094
1787026620023,1892.3,11.306,1892.31,124.565,1892.3049999999998,0.05284560364207094
1787026620024,1892.3,11.306,1892.31,133.653,1892.3049999999998,0.05284560364207094
1787026620030,1892.3,11.306,1892.31,126.562,1892.3049999999998,0.05284560364207094
1787026620063,1892.3,11.373,1892.31,126.562,1892.3049999999998,0.05284560364207094
1787026620065,1892.3,11.373,1892.31,125.562,1892.3049999999998,0.05284560364207094
1787026620082,1892.3,22.488,1892.31,114.447,1892.3049999999998,0.05284560364207094
1787026620083,1892.3,22.488,1892.31,102.672,1892.3049999999998,0.05284560364207094
1787026620084,1892.3,22.488,1892.31,101.072,1892.3049999999998,0.05284560364207094
1787026620086,1892.3,22.488,1892.31,95.974,1892.3049999999998,0.05284560364207094
1787026620089,1892.3,22.488,1892.31,90.757,1892.3049999999998,0.05284560364207094
1787026620096,1892.3,22.488,1892.31,81.452,1892.3049999999998,0.05284560364207094
1787026620101,1892.3,22.488,1892.31,81.468,1892.3049999999998,0.05284560364207094
1787026620139,1892.3,22.504,1892.31,81.468,1892.3049999999998,0.05284560364207094
1787026620169,1892.3,22.504,1892.31,65.196,1892.3049999999998,0.05284560364207094
1787026620457,1892.3,16.74,1892.31,65.196,1892.3049999999998,0.05284560364207094
1787026620458,1892.3,16.74,1892.31,65.196,1892.3049999999998,0.05284560364207094
1787026620591,1892.3,16.54,1892.31,65.196,1892.3049999999998,0.05284560364207094
1787026620592,1892.3,16.64,1892.31,65.196,1892.3049999999998,0.05284560364207094
1787026620624,1892.3,5.525,1892.31,76.311,1892.3049999999998,0.05284560364207094
1787026620625,1892.3,5.458,1892.31,76.311,1892.3049999999998,0.05284560364207094
1787026620703,1892.3,0.116,1892.31,76.311,1892.3049999999998,0.05284560364207094
1787026620705,1892.28,1.211,1892.29,9.782,1892.2849999999999,0.05284616217953906
1787026620706,1892.28,1.211,1892.29,29.381,1892.2849999999999,0.05284616217953906
1787026620707,1892.28,5.865,1892.29,74.903,1892.2849999999999,0.05284616217953906
1787026620708,1892.28,5.865,1892.29,138.871,1892.2849999999999,0.05284616217953906
1787026620709,1892.28,5.954,1892.29,155.955,1892.2849999999999,0.05284616217953906
1787026620710,1892.28,11.252,1892.29,168.176,1892.2849999999999,0.05284616217953906
1787026620711,1892.28,11.252,1892.29,182.471,1892.2849999999999,0.05284616217953906
1787026620712,1892.28,11.252,1892.29,170.059,1892.2849999999999,0.05284616217953906
1787026620714,1892.28,11.252,1892.29,167.157,1892.2849999999999,0.05284616217953906
1787026620718,1892.28,11.252,1892.29,165.706,1892.2849999999999,0.05284616217953906
1787026620727,1892.28,11.252,1892.29,157.598,1892.2849999999999,0.05284616217953906
1787026620728,1892.28,10.852,1892.29,157.626,1892.2849999999999,0.05284616217953906
1787026620729,1892.28,10.052,1892.29,157.626,1892.2849999999999,0.05284616217953906
1787026620731,1892.28,10.052,1892.29,150.489,1892.2849999999999,0.05284616217953906
1787026620732,1892.28,10.119,1892.29,150.489,1892.2849999999999,0.05284616217953906
1787026620737,1892.28,10.119,1892.29,150.461,1892.2849999999999,0.05284616217953906
1787026620748,1892.28,21.234,1892.29,139.346,1892.2849999999999,0.05284616217953906
1787026620749,1892.28,21.234,1892.29,137.902,1892.2849999999999,0.05284616217953906
1787026620750,1892.28,21.234,1892.29,136.902,1892.2849999999999,0.05284616217953906
1787026620757,1892.28,21.234,1892.29,132.103,1892.2849999999999,0.05284616217953906
1787026620758,1892.28,25.593,1892.29,123.349,1892.2849999999999,0.05284616217953906
1787026620759,1892.28,25.593,1892.29,120.941,1892.2849999999999,0.05284616217953906
1787026620827,1892.28,25.593,1892.29,125.762,1892.2849999999999,0.05284616217953906
1787026620828,1892.28,21.25,1892.29,125.778,1892.2849999999999,0.05284616217953906
1787026621060,1892.28,21.25,1892.29,127.363,1892.2849999999999,0.05284616217953906
1787026621061,1892.28,21.183,1892.29,127.363,1892.2849999999999,0.05284616217953906
1787026621157,1892.28,21.233,1892.29,127.363,1892.2849999999999,0.05284616217953906
1787026621515,1892.28,21.233,1892.29,127.679,1892.2849999999999,0.05284616217953906
1787026621562,1892.28,25.233,1892.29,127.679,1892.2849999999999,0.05284616217953906
1787026621636,1892.28,25.233,1892.29,133.11,1892.2849999999999,0.05284616217953906
1787026621866,1892.28,25.233,1892.29,138.794,1892.2849999999999,0.05284616217953906
1787026621877,1892.28,14.118,1892.29,138.794,1892.2849999999999,0.05284616217953906
1787026621918,1892.28,25.233,1892.29,138.794,1892.2849999999999,0.05284616217953906
1787026621920,1892.28,25.233,1892.29,138.794,1892.2849999999999,0.05284616217953906
1787026621930,1892.28,14.118,1892.29,138.794,1892.2849999999999,0.05284616217953906
1787026622403,1892.28,9.464,1892.29,138.794,1892.2849999999999,0.05284616217953906
1787026622410,1892.26,0.64,1892.27,20.702,1892.2649999999999,0.05284672072881391
1787026622411,1892.26,0.64,1892.27,58.955,1892.2649999999999,0.05284672072881391
1787026622412,1892.22,8.1,1892.23,65.892,1892.225,0.05284783786278537
1787026622413,1892.22,12.782,1892.23,101.848,1892.225,0.05284783786278537
1787026622414,1892.22,16.571,1892.23,109.737,1892.225,0.05284783786278537
1787026622415,1892.22,16.571,1892.23,120.852,1892.225,0.05284783786278537
1787026622417,1892.22,16.571,1892.23,129.94,1892.225,0.05284783786278537
1787026622418,1892.22,16.571,1892.23,121.832,1892.225,0.05284783786278537
1787026622442,1892.22,16.571,1892.23,121.512,1892.225,0.05284783786278537
1787026622526,1892.22,16.587,1892.23,121.528,1892.225,0.05284783786278537
1787026622527,1892.22,20.587,1892.23,121.528,1892.225,0.05284783786278537
1787026622528,1892.22,20.587,1892.23,114.391,1892.225,0.05284783786278537
1787026622988,1892.22,10.88,1892.23,114.391,1892.225,0.05284783786278537
1787026623143,1892.22,10.93,1892.23,114.391,1892.225,0.05284783786278537
1787026623902,1892.22,15.289,1892.23,114.391,1892.225,0.05284783786278537
1787026623903,1892.22,15.273,1892.23,109.794,1892.225,0.05284783786278537
1787026623904,1892.22,15.289,1892.23,109.794,1892.225,0.05284783786278537
1787026624081,1892.22,10.93,1892.23,109.794,1892.225,0.05284783786278537
1787026624220,1892.22,10.942,1892.23,109.794,1892.225,0.05284783786278537
1787026624297,1892.22,10.942,1892.23,104.995,1892.225,0.05284783786278537
1787026624307,1892.22,22.057,1892.23,104.995,1892.225,0.05284783786278537
1787026624308,1892.22,22.057,1892.23,104.362,1892.225,0.05284783786278537
1787026624309,1892.22,22.124,1892.23,104.362,1892.225,0.05284783786278537
1787026624317,1892.22,22.124,1892.23,93.247,1892.225,0.05284783786278537
1787026624332,1892.22,22.124,1892.23,88.247,1892.225,0.05284783786278537
1787026624420,1892.22,22.124,1892.23,72.028,1892.225,0.05284783786278537
1787026624509,1892.22,22.124,1892.23,72.381,1892.225,0.05284783786278537
1787026624511,1892.22,22.124,1892.23,77.381,1892.225,0.05284783786278537
1787026624598,1892.22,22.124,1892.23,72.381,1892.225,0.05284783786278537
1787026624720,1892.22,22.124,1892.23,62.635,1892.225,0.05284783786278537
1787026624721,1892.22,22.124,1892.23,59.19,1892.225,0.05284783786278537
1787026624723,1892.22,22.124,1892.23,64.19,1892.225,0.05284783786278537
1787026624783,1892.22,22.124,1892.23,56.88,1892.225,0.05284783786278537
1787026624784,1892.22,22.124,1892.23,51.88,1892.225,0.05284783786278537
1787026624965,1892.22,22.124,1892.23,56.88,1892.225,0.05284783786278537
1787026625149,1892.22,22.124,1892.23,67.995,1892.225,0.05284783786278537
1787026625462,1892.22,11.009,1892.23,67.995,1892.225,0.05284783786278537
1787026625463,1892.22,10.942,1892.23,67.995,1892.225,0.05284783786278537
1787026625613,1892.22,22.057,1892.23,67.995,1892.225,0.05284783786278537
1787026625614,1892.22,22.057,1892.23,67.995,1892.225,0.05284783786278537
1787026625787,1892.22,22.057,1892.23,56.88,1892.225,0.05284783786278537
1787026625788,1892.22,22.057,1892.23,56.864,1892.225,0.05284783786278537
1787026625789,1892.22,22.057,1892.23,56.88,1892.225,0.05284783786278537
1787026625973,1892.22,22.057,1892.23,67.995,1892.225,0.05284783786278537
1787026626148,1892.22,10.942,1892.23,67.995,1892.225,0.05284783786278537
1787026626674,1892.22,10.942,1892.23,68.318,1892.225,0.05284783786278537
1787026626735,1892.22,9.342,1892.23,68.318,1892.225,0.05284783786278537
1787026626817,1892.22,10.942,1892.23,68.318,1892.225,0.05284783786278537
1787026627502,1892.22,22.057,1892.23,68.318,1892.225,0.05284783786278537
1787026627503,1892.22,22.057,1892.23,68.318,1892.225,0.05284783786278537
1787026627508,1892.22,22.057,1892.23,68.561,1892.225,0.05284783786278537
1787026627607,1892.22,22.057,1892.23,57.446,1892.225,0.05284783786278537
1787026627832,1892.22,22.057,1892.23,65.175,1892.225,0.05284783786278537
1787026627858,1892.22,22.057,1892.23,68.561,1892.225,0.05284783786278537
1787026628049,1892.22,22.057,1892.23,57.446,1892.225,0.05284783786278537
1787026628053,1892.22,30.165,1892.23,57.446,1892.225,0.05284783786278537
1787026628055,1892.22,35.64,1892.23,57.446,1892.225,0.05284783786278537
1787026628116,1892.22,35.64,1892.23,63.453,1892.225,0.05284783786278537
1787026628117,1892.22,35.64,1892.23,57.446,1892.225,0.05284783786278537
1787026628118,1892.22,35.64,1892.23,57.43,1892.225,0.05284783786278537
1787026628119,1892.22,35.64,1892.23,57.446,1892.225,0.05284783786278537
1787026628195,1892.22,35.64,1892.23,68.561,1892.225,0.05284783786278537
1787026628257,1892.22,35.64,1892.23,57.446,1892.225,0.05284783786278537
1787026628260,1892.22,35.64,1892.23,52.446,1892.225,0.05284783786278537
1787026628262,1892.22,35.64,1892.23,43.358,1892.225,0.05284783786278537
1787026628808,1892.22,35.64,1892.23,43.325,1892.225,0.05284783786278537
1787026628809,1892.22,35.64,1892.23,43.292,1892.225,0.05284783786278537
1787026628953,1892.22,37.149,1892.23,43.292,1892.225,0.05284783786278537
1787026628955,1892.22,46.237,1892.23,43.292,1892.225,0.05284783786278537
1787026628956,1892.22,46.237,1892.23,32.232,1892.225,0.05284783786278537
1787026628994,1892.22,46.237,1892.23,27.232,1892.225,0.05284783786278537
1787026629097,1892.22,46.765,1892.23,27.232,1892.225,0.05284783786278537
1787026629787,1892.22,46.765,1892.23,24.33,1892.225,0.05284783786278537
1787026630508,1892.22,46.765,1892.23,24.565,1892.225,0.05284783786278537
1787026631142,1892.22,46.765,1892.23,37.191,1892.225,0.05284783786278537
1787026631143,1892.22,46.765,1892.23,37.191,1892.225,0.05284783786278537
1787026631995,1892.22,45.256,1892.23,37.191,1892.225,0.05284783786278537
1787026632293,1892.22,47.898,1892.23,37.191,1892.225,0.05284783786278537
1787026632324,1892.22,47.898,1892.23,42.191,1892.225,0.05284783786278537
1787026632358,1892.22,45.256,1892.23,42.191,1892.225,0.05284783786278537
1787026632708,1892.22,45.256,1892.23,37.191,1892.225,0.05284783786278537
1787026633264,1892.22,45.256,1892.23,43.591,1892.225,0.05284783786278537
1787026633508,1892.22,45.256,1892.23,43.833,1892.225,0.05284783786278537
1787026634129,1892.22,45.256,1892.23,31.207,1892.225,0.05284783786278537
1787026634584,1892.22,45.256,1892.23,37.41,1892.225,0.05284783786278537
1787026634617,1892.22,45.256,1892.23,37.087,1892.225,0.05284783786278537
1787026634825,1892.22,45.256,1892.23,42.087,1892.225,0.05284783786278537
1787026634826,1892.22,45.256,1892.23,42.071,1892.225,0.05284783786278537
1787026634828,1892.22,45.256,1892.23,42.087,1892.225,0.05284783786278537
1787026634910,1892.22,37.148,1892.23,42.087,1892.225,0.05284783786278537
1787026634911,1892.22,28.06,1892.23,42.087,1892.225,0.05284783786278537
1787026634926,1892.22,28.048,1892.23,42.087,1892.225,0.05284783786278537
1787026634929,1892.22,28.048,1892.23,42.775,1892.225,0.05284783786278537
1787026635099,1892.22,28.048,1892.23,37.775,1892.225,0.05284783786278537
1787026635313,1892.22,28.048,1892.23,42.775,1892.225,0.05284783786278537
1787026635997,1892.22,28.298,1892.23,42.775,1892.225,0.05284783786278537
1787026636145,1892.22,30.94,1892.23,42.775,1892.225,0.05284783786278537
1787026636298,1892.22,30.94,1892.23,36.572,1892.225,0.05284783786278537
1787026636457,1892.22,30.94,1892.23,35.884,1892.225,0.05284783786278537
1787026636460,1892.22,30.94,1892.23,36.567,1892.225,0.05284783786278537
1787026636508,1892.22,30.94,1892.23,36.806,1892.225,0.05284783786278537
1787026636543,1892.22,30.94,1892.23,36.819,1892.225,0.05284783786278537
1787026636652,1892.22,30.94,1892.23,31.819,1892.225,0.05284783786278537
1787026636757,1892.22,30.94,1892.23,37.507,1892.225,0.05284783786278537
1787026636758,1892.22,30.94,1892.23,42.507,1892.225,0.05284783786278537
1787026636784,1892.22,28.298,1892.23,42.507,1892.225,0.05284783786278537
1787026637018,1892.22,28.298,1892.23,37.507,1892.225,0.05284783786278537
1787026637053,1892.22,28.298,1892.23,37.494,1892.225,0.05284783786278537
1787026637057,1892.22,28.298,1892.23,37.508,1892.225,0.05284783786278537
1787026637064,1892.22,30.94,1892.23,37.508,1892.225,0.05284783786278537
1787026637151,1892.22,30.94,1892.23,31.82,1892.225,0.05284783786278537
1787026637152,1892.22,30.94,1892.23,31.82,1892.225,0.05284783786278537
1787026637153,1892.22,33.842,1892.23,31.82,1892.225,0.05284783786278537
1787026637207,1892.22,33.842,1892.23,25.42,1892.225,0.05284783786278537
1787026637209,1892.22,42.93,1892.23,20.62,1892.225,0.05284783786278537
1787026637502,1892.22,42.93,1892.23,20.942,1892.225,0.05284783786278537
1787026638175,1892.22,43.035,1892.23,20.942,1892.225,0.05284783786278537
1787026638291,1892.22,43.035,1892.23,18.943,1892.225,0.05284783786278537
1787026638516,1892.22,40.393,1892.23,18.943,1892.225,0.05284783786278537
1787026638517,1892.22,40.377,1892.23,23.943,1892.225,0.05284783786278537
1787026638518,1892.22,40.393,1892.23,23.943,1892.225,0.05284783786278537
1787026638540,1892.22,41.815,1892.23,23.943,1892.225,0.05284783786278537
1787026638549,1892.22,41.815,1892.23,23.26,1892.225,0.05284783786278537
1787026638553,1892.22,41.815,1892.23,23.944,1892.225,0.05284783786278537
1787026638880,1892.22,41.815,1892.23,18.944,1892.225,0.05284783786278537
1787026639057,1892.22,41.815,1892.23,18.26,1892.225,0.05284783786278537
1787026639060,1892.22,41.815,1892.23,18.931,1892.225,0.05284783786278537
1787026639114,1892.22,44.457,1892.23,18.931,1892.225,0.05284783786278537
1787026639214,1892.22,44.457,1892.23,23.931,1892.225,0.05284783786278537
1787026639243,1892.22,41.809,1892.23,23.931,1892.225,0.05284783786278537
1787026639246,1892.22,43.809,1892.23,23.931,1892.225,0.05284783786278537
1787026639247,1892.22,41.167,1892.23,23.931,1892.225,0.05284783786278537
1787026639402,1892.22,39.745,1892.23,23.931,1892.225,0.05284783786278537
1787026639419,1892.22,42.387,1892.23,23.931,1892.225,0.05284783786278537
1787026639469,1892.22,39.745,1892.23,23.931,1892.225,0.05284783786278537
1787026639508,1892.22,39.745,1892.23,24.184,1892.225,0.05284783786278537
1787026640026,1892.22,39.745,1892.23,19.184,1892.225,0.05284783786278537
1787026640027,1892.22,39.745,1892.23,19.168,1892.225,0.05284783786278537
1787026640029,1892.22,39.745,1892.23,19.184,1892.225,0.05284783786278537
1787026640064,1892.22,42.387,1892.23,19.184,1892.225,0.05284783786278537
1787026640065,1892.22,42.387,1892.23,18.513,1892.225,0.05284783786278537
1787026640068,1892.22,42.387,1892.23,19.17,1892.225,0.05284783786278537
1787026640622,1892.22,42.387,1892.23,19.156,1892.225,0.05284783786278537
1787026640625,1892.22,42.387,1892.23,19.171,1892.225,0.05284783786278537
1787026640632,1892.22,42.387,1892.23,24.171,1892.225,0.05284783786278537
1787026642236,1892.22,42.387,1892.23,24.156,1892.225,0.05284783786278537
1787026642239,1892.22,42.387,1892.23,24.188,1892.225,0.05284783786278537
1787026642336,1892.22,39.745,1892.23,24.188,1892.225,0.05284783786278537
1787026642507,1892.22,39.745,1892.23,24.453,1892.225,0.05284783786278537
1787026642524,1892.22,41.852,1892.23,24.453,1892.225,0.05284783786278537
1787026642546,1892.22,37.852,1892.23,24.453,1892.225,0.05284783786278537
1787026642684,1892.22,41.852,1892.23,24.453,1892.225,0.05284783786278537
1787026643064,1892.22,44.494,1892.23,24.453,1892.225,0.05284783786278537
1787026643128,1892.22,44.494,1892.23,19.453,1892.225,0.05284783786278537
1787026643324,1892.22,44.494,1892.23,18.49,1892.225,0.05284783786278537
1787026643369,1892.22,44.494,1892.23,17.833,1892.225,0.05284783786278537
1787026643372,1892.22,44.494,1892.23,18.486,1892.225,0.05284783786278537
1787026643418,1892.22,44.494,1892.23,7.211,1892.225,0.05284783786278537
1787026643419,1892.22,44.494,1892.23,7.211,1892.225,0.05284783786278537
1787026644008,1892.22,41.852,1892.23,7.211,1892.225,0.05284783786278537
1787026644384,1892.28,16.402,1892.31,5.0,1892.295,0.15853764872798753
1787026644385,1892.31,0.971,1892.32,0.024,1892.315,0.0528453243777643
1787026644386,1892.31,57.891,1892.32,9.756,1892.315,0.0528453243777643
1787026644387,1892.31,84.81,1892.32,4.334,1892.315,0.0528453243777643
1787026644389,1892.31,95.925,1892.32,4.334,1892.315,0.0528453243777643
1787026644390,1892.31,105.013,1892.32,4.334,1892.315,0.0528453243777643
1787026644411,1892.31,100.013,1892.32,4.334,1892.315,0.0528453243777643
1787026644486,1892.31,89.254,1892.32,4.334,1892.315,0.0528453243777643
1787026644487,1892.31,87.654,1892.32,4.334,1892.315,0.0528453243777643
1787026644489,1892.31,82.652,1892.32,4.35,1892.315,0.0528453243777643
1787026644694,1892.31,87.652,1892.32,4.35,1892.315,0.0528453243777643
1787026644696,1892.31,87.652,1892.32,0.016,1892.315,0.0528453243777643
1787026644697,1892.33,14.937,1892.34,3.472,1892.335,0.05284476585800561
1787026644698,1892.33,27.964,1892.34,3.472,1892.335,0.05284476585800561
1787026644699,1892.33,136.542,1892.34,0.016,1892.335,0.05284476585800561
1787026644700,1892.34,5.0,1892.35,10.0,1892.3449999999998,0.05284448660255348
1787026644701,1892.34,20.427,1892.35,10.0,1892.3449999999998,0.05284448660255348
1787026644702,1892.34,60.211,1892.35,14.359,1892.3449999999998,0.05284448660255348
1787026644703,1892.34,105.642,1892.35,14.359,1892.3449999999998,0.05284448660255348
1787026644704,1892.34,114.73,1892.35,14.359,1892.3449999999998,0.05284448660255348
1787026644725,1892.34,109.73,1892.35,14.359,1892.3449999999998,0.05284448660255348
1787026644750,1892.34,107.73,1892.35,14.359,1892.3449999999998,0.05284448660255348
1787026644764,1892.34,118.845,1892.35,14.359,1892.3449999999998,0.05284448660255348
1787026644800,1892.34,118.861,1892.35,14.359,1892.3449999999998,0.05284448660255348
1787026644801,1892.34,118.861,1892.35,14.375,1892.3449999999998,0.05284448660255348
1787026644887,1892.34,111.866,1892.35,14.375,1892.3449999999998,0.05284448660255348
1787026644917,1892.34,111.986,1892.35,14.375,1892.3449999999998,0.05284448660255348
1787026645094,1892.34,93.246,1892.35,33.106,1892.3449999999998,0.05284448660255348
1787026645095,1892.34,93.246,1892.35,33.106,1892.3449999999998,0.05284448660255348
1787026645097,1892.34,93.774,1892.35,33.106,1892.3449999999998,0.05284448660255348
1787026645169,1892.34,93.774,1892.35,33.093,1892.3449999999998,0.05284448660255348
1787026645173,1892.34,82.499,1892.35,41.652,1892.3449999999998,0.05284448660255348
1787026645174,1892.34,82.499,1892.35,44.554,1892.3449999999998,0.05284448660255348
1787026645508,1892.34,82.499,1892.35,44.771,1892.3449999999998,0.05284448660255348
1787026645526,1892.34,82.499,1892.35,45.138,1892.3449999999998,0.05284448660255348
1787026645759,1892.34,82.499,1892.35,50.409,1892.3449999999998,0.05284448660255348
1787026645768,1892.34,70.035,1892.35,50.476,1892.3449999999998,0.05284448660255348
1787026645769,1892.34,67.016,1892.35,56.414,1892.3449999999998,0.05284448660255348
1787026645770,1892.34,57.928,1892.35,56.414,1892.3449999999998,0.05284448660255348
1787026645771,1892.34,57.928,1892.35,50.476,1892.3449999999998,0.05284448660255348
1787026645785,1892.34,57.928,1892.35,45.205,1892.3449999999998,0.05284448660255348
1787026645786,1892.34,57.928,1892.35,45.189,1892.3449999999998,0.05284448660255348
1787026645788,1892.34,57.928,1892.35,45.205,1892.3449999999998,0.05284448660255348
1787026646076,1892.34,57.928,1892.35,44.838,1892.3449999999998,0.05284448660255348
1787026646079,1892.34,57.928,1892.35,45.268,1892.3449999999998,0.05284448660255348
1787026646444,1892.34,57.928,1892.35,45.201,1892.3449999999998,0.05284448660255348
1787026646665,1892.34,57.928,1892.35,26.47,1892.3449999999998,0.05284448660255348
1787026646666,1892.34,57.928,1892.35,23.568,1892.3449999999998,0.05284448660255348
1787026646999,1892.34,57.928,1892.35,37.603,1892.3449999999998,0.05284448660255348
1787026647867,1892.34,57.928,1892.35,42.516,1892.3449999999998,0.05284448660255348
1787026647868,1892.34,57.928,1892.35,37.603,1892.3449999999998,0.05284448660255348
1787026647869,1892.34,57.829,1892.35,37.587,1892.3449999999998,0.05284448660255348
1787026647871,1892.34,57.829,1892.35,37.603,1892.3449999999998,0.05284448660255348
1787026648030,1892.34,57.829,1892.35,42.705,1892.3449999999998,0.05284448660255348
1787026648160,1892.34,57.829,1892.35,37.603,1892.3449999999998,0.05284448660255348
1787026648226,1892.34,57.829,1892.35,41.969,1892.3449999999998,0.05284448660255348
1787026648230,1892.34,57.829,1892.35,45.42,1892.3449999999998,0.05284448660255348
1787026648241,1892.34,41.383,1892.35,45.42,1892.3449999999998,0.05284448660255348
1787026648243,1892.34,33.412,1892.35,45.42,1892.3449999999998,0.05284448660255348
1787026648244,1892.34,28.412,1892.35,54.508,1892.3449999999998,0.05284448660255348
1787026648246,1892.34,28.412,1892.35,54.528,1892.3449999999998,0.05284448660255348
1787026648297,1892.34,28.412,1892.35,60.631,1892.3449999999998,0.05284448660255348
1787026648370,1892.34,28.412,1892.35,50.162,1892.3449999999998,0.05284448660255348
1787026648371,1892.34,28.412,1892.35,50.146,1892.3449999999998,0.05284448660255348
1787026648372,1892.34,28.412,1892.35,50.162,1892.3449999999998,0.05284448660255348
1787026648508,1892.34,28.412,1892.35,50.399,1892.3449999999998,0.05284448660255348
1787026648533,1892.34,28.412,1892.35,55.566,1892.3449999999998,0.05284448660255348
1787026648657,1892.34,28.412,1892.35,50.399,1892.3449999999998,0.05284448660255348
1787026648732,1892.34,28.412,1892.35,55.134,1892.3449999999998,0.05284448660255348
1787026649257,1892.34,17.297,1892.35,66.249,1892.3449999999998,0.05284448660255348
1787026649328,1892.34,12.938,1892.35,66.249,1892.3449999999998,0.05284448660255348
1787026649329,1892.34,12.871,1892.35,66.249,1892.3449999999998,0.05284448660255348
1787026649333,1892.34,11.9,1892.35,66.249,1892.3449999999998,0.05284448660255348
1787026649342,1892.34,23.015,1892.35,66.249,1892.3449999999998,0.05284448660255348
1787026649343,1892.34,22.999,1892.35,66.249,1892.3449999999998,0.05284448660255348
1787026649344,1892.34,23.015,1892.35,66.249,1892.3449999999998,0.05284448660255348
1787026649402,1892.34,23.015,1892.35,55.134,1892.3449999999998,0.05284448660255348
1787026649441,1892.34,23.015,1892.35,54.704,1892.3449999999998,0.05284448660255348
1787026649444,1892.34,23.015,1892.35,55.122,1892.3449999999998,0.05284448660255348
1787026649451,1892.34,23.015,1892.35,66.237,1892.3449999999998,0.05284448660255348
1787026649601,1892.34,6.409,1892.35,66.237,1892.3449999999998,0.05284448660255348
1787026649602,1892.34,0.648,1892.35,66.237,1892.3449999999998,0.05284448660255348
1787026649604,1892.28,4.459,1892.29,24.028,1892.2849999999999,0.05284616217953906
1787026649605,1892.26,0.6,1892.27,8.943,1892.2649999999999,0.05284672072881391
1787026649606,1892.26,5.627,1892.27,43.039,1892.2649999999999,0.05284672072881391
1787026649607,1892.26,21.469,1892.27,88.758,1892.2649999999999,0.05284672072881391
1787026649608,1892.26,22.269,1892.27,143.961,1892.2649999999999,0.05284672072881391
1787026649609,1892.26,11.354,1892.27,141.059,1892.2649999999999,0.05284672072881391
1787026649610,1892.22,7.061,1892.27,145.574,1892.245,0.2642363964494795
1787026649611,1892.22,7.061,1892.23,22.215,1892.225,0.05284783786278537
1787026649612,1892.22,7.061,1892.23,23.668,1892.225,0.05284783786278537
1787026649613,1892.22,11.666,1892.23,53.274,1892.225,0.05284783786278537
1787026649614,1892.22,16.429,1892.23,56.305,1892.225,0.05284783786278537
1787026649615,1892.22,16.418,1892.23,122.582,1892.225,0.05284783786278537
1787026649616,1892.22,17.618,1892.23,132.01,1892.225,0.05284783786278537
1787026649617,1892.22,20.018,1892.23,131.69,1892.225,0.05284783786278537
1787026649618,1892.22,20.407,1892.23,123.582,1892.225,0.05284783786278537
1787026649620,1892.22,20.474,1892.23,112.467,1892.225,0.05284783786278537
1787026649621,1892.22,31.589,1892.23,112.467,1892.225,0.05284783786278537
1787026649623,1892.22,30.389,1892.23,112.467,1892.225,0.05284783786278537
1787026649625,1892.22,34.748,1892.23,107.668,1892.225,0.05284783786278537
1787026649626,1892.22,30.389,1892.23,106.068,1892.225,0.05284783786278537
1787026649628,1892.22,30.389,1892.23,100.877,1892.225,0.05284783786278537
1787026649629,1892.22,30.389,1892.23,89.255,1892.225,0.05284783786278537
1787026649630,1892.22,30.389,1892.23,87.811,1892.225,0.05284783786278537
1787026649637,1892.22,30.389,1892.23,86.811,1892.225,0.05284783786278537
1787026649639,1892.22,30.389,1892.23,80.411,1892.225,0.05284783786278537
1787026649655,1892.22,30.389,1892.23,79.824,1892.225,0.05284783786278537
1787026649657,1892.22,33.36,1892.23,58.69,1892.225,0.05284783786278537
1787026649658,1892.22,33.36,1892.23,58.145,1892.225,0.05284783786278537
1787026649659,1892.22,41.924,1892.23,57.824,1892.225,0.05284783786278537
1787026649661,1892.22,41.924,1892.23,54.855,1892.225,0.05284783786278537
1787026649711,1892.22,30.809,1892.23,59.308,1892.225,0.05284783786278537
1787026649713,1892.22,22.245,1892.23,70.423,1892.225,0.05284783786278537
1787026649716,1892.22,22.178,1892.23,70.423,1892.225,0.05284783786278537
1787026649720,1892.22,21.778,1892.23,70.423,1892.225,0.05284783786278537
1787026649722,1892.22,21.878,1892.23,70.423,1892.225,0.05284783786278537
1787026649726,1892.22,30.294,1892.23,70.423,1892.225,0.05284783786278537
1787026649727,1892.22,32.993,1892.23,59.308,1892.225,0.05284783786278537
1787026649738,1892.22,32.893,1892.23,59.308,1892.225,0.05284783786278537
1787026649741,1892.22,32.893,1892.23,54.855,1892.225,0.05284783786278537
1787026649817,1892.22,32.909,1892.23,54.871,1892.225,0.05284783786278537
1787026650059,1892.22,32.909,1892.23,55.293,1892.225,0.05284783786278537
1787026650681,1892.22,32.909,1892.23,55.745,1892.225,0.05284783786278537
1787026651508,1892.22,32.909,1892.23,55.944,1892.225,0.05284783786278537
1787026651667,1892.22,32.909,1892.23,55.522,1892.225,0.05284783786278537
1787026651671,1892.22,32.909,1892.23,55.945,1892.225,0.05284783786278537
1787026651847,1892.22,32.909,1892.23,71.447,1892.225,0.05284783786278537
1787026651854,1892.22,18.823,1892.23,71.447,1892.225,0.05284783786278537
1787026651935,1892.21,0.116,1892.23,91.058,1892.22,0.10569595501570542
1787026651936,1892.21,9.321,1892.22,61.369,1892.2150000000001,0.05284811715365804
1787026651937,1892.21,16.232,1892.22,147.982,1892.2150000000001,0.05284811715365804
1787026651938,1892.21,24.645,1892.22,146.433,1892.2150000000001,0.05284811715365804
1787026651940,1892.21,24.645,1892.22,146.334,1892.2150000000001,0.05284811715365804
1787026651962,1892.21,24.645,1892.22,145.604,1892.2150000000001,0.05284811715365804
1787026651997,1892.21,35.76,1892.22,134.489,1892.2150000000001,0.05284811715365804
1787026651998,1892.21,35.827,1892.22,121.662,1892.2150000000001,0.05284811715365804
1787026651999,1892.21,35.827,1892.22,121.117,1892.2150000000001,0.05284811715365804
1787026652000,1892.21,40.186,1892.22,116.475,1892.2150000000001,0.05284811715365804
1787026652002,1892.21,40.186,1892.22,114.475,1892.2150000000001,0.05284811715365804
1787026652004,1892.21,40.186,1892.22,109.96,1892.2150000000001,0.05284811715365804
1787026652018,1892.21,40.186,1892.22,101.852,1892.2150000000001,0.05284811715365804
1787026652021,1892.21,40.197,1892.22,101.852,1892.2150000000001,0.05284811715365804
1787026652045,1892.21,40.197,1892.22,101.868,1892.2150000000001,0.05284811715365804
1787026652046,1892.21,40.213,1892.22,101.868,1892.2150000000001,0.05284811715365804
1787026652066,1892.21,44.213,1892.22,101.868,1892.2150000000001,0.05284811715365804
1787026652084,1892.21,44.213,1892.22,97.069,1892.2150000000001,0.05284811715365804
1787026652086,1892.21,44.213,1892.22,96.069,1892.2150000000001,0.05284811715365804
1787026652088,1892.21,44.213,1892.22,84.556,1892.2150000000001,0.05284811715365804
1787026652148,1892.21,44.265,1892.22,84.556,1892.2150000000001,0.05284811715365804
1787026652177,1892.21,44.265,1892.22,84.994,1892.2150000000001,0.05284811715365804
1787026652288,1892.21,44.265,1892.22,66.076,1892.2150000000001,0.05284811715365804
1787026652655,1892.21,44.265,1892.22,54.801,1892.2150000000001,0.05284811715365804
1787026652657,1892.21,44.265,1892.22,45.713,1892.2150000000001,0.05284811715365804
1787026652893,1892.21,39.906,1892.22,45.713,1892.2150000000001,0.05284811715365804
1787026652982,1892.21,42.306,1892.22,45.713,1892.2150000000001,0.05284811715365804
1787026653637,1892.21,42.306,1892.22,23.644,1892.2150000000001,0.05284811715365804
1787026653638,1892.21,51.394,1892.22,17.394,1892.2150000000001,0.05284811715365804
1787026653733,1892.21,51.394,1892.22,36.359,1892.2150000000001,0.05284811715365804
1787026653734,1892.21,51.394,1892.22,36.359,1892.2150000000001,0.05284811715365804
1787026654211,1892.21,51.394,1892.22,37.359,1892.2150000000001,0.05284811715365804
1787026654212,1892.21,51.394,1892.22,38.959,1892.2150000000001,0.05284811715365804
1787026654213,1892.21,42.306,1892.22,38.959,1892.2150000000001,0.05284811715365804
1787026654214,1892.21,39.906,1892.22,38.959,1892.2150000000001,0.05284811715365804
1787026654266,1892.21,39.906,1892.22,45.359,1892.2150000000001,0.05284811715365804
1787026654507,1892.21,39.906,1892.22,45.567,1892.2150000000001,0.05284811715365804
1787026654811,1892.21,39.906,1892.22,50.189,1892.2150000000001,0.05284811715365804
1787026654813,1892.21,39.906,1892.22,59.277,1892.2150000000001,0.05284811715365804
1787026654814,1892.21,39.906,1892.22,59.297,1892.2150000000001,0.05284811715365804
1787026654829,1892.21,39.906,1892.22,59.325,1892.2150000000001,0.05284811715365804
1787026654830,1892.21,37.106,1892.22,59.325,1892.2150000000001,0.05284811715365804
1787026654831,1892.21,37.093,1892.22,59.325,1892.2150000000001,0.05284811715365804
1787026654833,1892.2,0.356,1892.22,59.325,1892.21,0.10569651360040276
1787026654834,1892.2,0.356,1892.21,21.591,1892.205,0.05284839644748273
1787026654835,1892.2,14.874,1892.21,105.785,1892.205,0.05284839644748273
1787026654836,1892.2,16.973,1892.21,122.617,1892.205,0.05284839644748273
1787026654837,1892.2,23.932,1892.21,137.405,1892.205,0.05284839644748273
1787026654838,1892.2,19.573,1892.21,137.191,1892.205,0.05284839644748273
1787026654843,1892.2,19.64,1892.21,137.191,1892.205,0.05284839644748273
1787026654844,1892.2,19.64,1892.21,136.843,1892.205,0.05284839644748273
1787026654845,1892.2,19.573,1892.21,136.843,1892.205,0.05284839644748273
1787026654861,1892.2,19.573,1892.21,128.536,1892.205,0.05284839644748273
1787026654886,1892.2,19.589,1892.21,128.552,1892.205,0.05284839644748273
1787026654899,1892.2,19.589,1892.21,120.444,1892.205,0.05284839644748273
1787026654927,1892.2,19.589,1892.21,93.782,1892.205,0.05284839644748273
1787026654966,1892.2,23.589,1892.21,93.782,1892.205,0.05284839644748273
1787026654967,1892.2,23.589,1892.21,92.252,1892.205,0.05284839644748273
1787026654969,1892.2,23.589,1892.21,96.258,1892.205,0.05284839644748273
1787026654990,1892.2,23.589,1892.21,103.367,1892.205,0.05284839644748273
1787026655099,1892.2,23.589,1892.21,103.895,1892.205,0.05284839644748273
1787026655182,1892.2,23.589,1892.21,104.333,1892.205,0.05284839644748273
1787026655998,1892.2,12.474,1892.21,104.333,1892.205,0.05284839644748273
1787026656256,1892.2,23.589,1892.21,104.333,1892.205,0.05284839644748273
1787026656257,1892.2,23.589,1892.21,103.7,1892.205,0.05284839644748273
1787026656328,1892.2,12.474,1892.21,103.7,1892.205,0.05284839644748273
1787026656533,1892.2,23.589,1892.21,103.7,1892.205,0.05284839644748273
1787026656668,1892.2,12.474,1892.21,103.7,1892.205,0.05284839644748273
1787026656669,1892.2,12.458,1892.21,103.7,1892.205,0.05284839644748273
1787026656670,1892.19,0.112,1892.2,5.0,1892.1950000000002,0.05284867574425947
1787026656671,1892.19,5.495,1892.2,80.336,1892.1950000000002,0.05284867574425947
1787026656672,1892.19,6.295,1892.2,153.11,1892.1950000000002,0.05284867574425947
1787026656673,1892.19,7.095,1892.2,150.838,1892.1950000000002,0.05284867574425947
1787026656674,1892.19,7.195,1892.2,142.817,1892.1950000000002,0.05284867574425947
1787026656675,1892.19,5.595,1892.2,142.817,1892.1950000000002,0.05284867574425947
1787026656676,1892.19,5.595,1892.2,142.497,1892.1950000000002,0.05284867574425947
1787026656690,1892.19,5.595,1892.2,142.935,1892.1950000000002,0.05284867574425947
1787026656723,1892.19,5.595,1892.2,129.71,1892.1950000000002,0.05284867574425947
1787026656747,1892.19,9.595,1892.2,129.71,1892.1950000000002,0.05284867574425947
1787026656756,1892.19,9.995,1892.2,129.71,1892.1950000000002,0.05284867574425947
1787026656762,1892.19,9.995,1892.2,130.766,1892.1950000000002,0.05284867574425947
1787026656774,1892.19,10.011,1892.2,130.782,1892.1950000000002,0.05284867574425947
1787026656790,1892.19,10.011,1892.2,122.674,1892.1950000000002,0.05284867574425947
1787026657003,1892.19,21.126,1892.2,122.674,1892.1950000000002,0.05284867574425947
1787026657004,1892.19,21.142,1892.2,122.328,1892.1950000000002,0.05284867574425947
1787026657005,1892.19,25.485,1892.2,122.328,1892.1950000000002,0.05284867574425947
1787026657006,1892.19,25.485,1892.2,121.695,1892.1950000000002,0.05284867574425947
1787026657088,1892.19,25.485,1892.2,105.02,1892.1950000000002,0.05284867574425947
1787026657090,1892.19,25.552,1892.2,105.02,1892.1950000000002,0.05284867574425947
1787026657193,1892.19,25.552,1892.2,104.582,1892.1950000000002,0.05284867574425947
1787026657196,1892.19,25.552,1892.2,105.082,1892.1950000000002,0.05284867574425947
1787026657376,1892.19,25.552,1892.2,100.283,1892.1950000000002,0.05284867574425947
1787026657507,1892.19,25.552,1892.2,100.403,1892.1950000000002,0.05284867574425947
1787026657656,1892.19,14.437,1892.2,100.403,1892.1950000000002,0.05284867574425947
1787026657658,1892.19,14.37,1892.2,100.403,1892.1950000000002,0.05284867574425947
1787026657700,1892.19,14.37,1892.2,94.928,1892.1950000000002,0.05284867574425947
1787026657701,1892.19,19.845,1892.2,94.928,1892.1950000000002,0.05284867574425947
1787026657702,1892.19,19.845,1892.2,93.795,1892.1950000000002,0.05284867574425947
1787026658043,1892.19,19.845,1892.2,93.295,1892.1950000000002,0.05284867574425947
1787026658047,1892.19,19.845,1892.2,93.79,1892.1950000000002,0.05284867574425947
1787026658058,1892.19,30.96,1892.2,93.79,1892.1950000000002,0.05284867574425947
1787026658059,1892.19,30.96,1892.2,93.79,1892.1950000000002,0.05284867574425947
1787026659572,1892.19,30.96,1892.2,93.802,1892.1950000000002,0.05284867574425947
1787026659897,1892.19,30.96,1892.2,84.617,1892.1950000000002,0.05284867574425947
1787026660275,1892.19,35.96,1892.2,84.296,1892.1950000000002,0.05284867574425947
1787026660276,1892.19,35.96,1892.2,82.696,1892.1950000000002,0.05284867574425947
1787026660278,1892.19,30.96,1892.2,82.696,1892.1950000000002,0.05284867574425947
1787026660507,1892.19,30.96,1892.2,82.779,1892.1950000000002,0.05284867574425947
1787026660656,1892.19,30.96,1892.2,71.664,1892.1950000000002,0.05284867574425947
1787026660727,1892.19,30.96,1892.2,65.264,1892.1950000000002,0.05284867574425947
1787026660728,1892.19,30.96,1892.2,65.198,1892.1950000000002,0.05284867574425947
1787026660869,1892.19,30.96,1892.2,76.313,1892.1950000000002,0.05284867574425947
1787026661096,1892.19,30.96,1892.2,75.818,1892.1950000000002,0.05284867574425947
1787026661099,1892.19,30.96,1892.2,76.302,1892.1950000000002,0.05284867574425947
1787026661351,1892.19,30.96,1892.2,65.187,1892.1950000000002,0.05284867574425947
1787026661454,1892.19,35.96,1892.2,65.187,1892.1950000000002,0.05284867574425947
1787026661498,1892.19,35.96,1892.2,46.176,1892.1950000000002,0.05284867574425947
1787026661565,1892.19,35.96,1892.2,52.222,1892.1950000000002,0.05284867574425947
1787026661566,1892.19,35.96,1892.2,57.291,1892.1950000000002,0.05284867574425947
1787026661606,1892.19,30.96,1892.2,57.291,1892.1950000000002,0.05284867574425947
1787026661757,1892.19,35.949,1892.2,46.176,1892.1950000000002,0.05284867574425947
1787026661758,1892.19,35.949,1892.2,46.176,1892.1950000000002,0.05284867574425947
1787026662449,1892.19,42.608,1892.2,46.176,1892.1950000000002,0.05284867574425947
1787026662451,1892.19,42.592,1892.2,37.088,1892.1950000000002,0.05284867574425947
1787026662452,1892.19,42.608,1892.2,37.088,1892.1950000000002,0.05284867574425947
1787026662927,1892.19,42.608,1892.2,38.216,1892.1950000000002,0.05284867574425947
1787026663050,1892.19,42.575,1892.2,38.216,1892.1950000000002,0.05284867574425947
1787026663051,1892.19,42.575,1892.2,42.628,1892.1950000000002,0.05284867574425947
1787026663087,1892.19,42.575,1892.2,49.331,1892.1950000000002,0.05284867574425947
1787026663088,1892.19,42.575,1892.2,52.907,1892.1950000000002,0.05284867574425947
1787026663129,1892.19,35.916,1892.2,52.907,1892.1950000000002,0.05284867574425947
1787026663131,1892.19,35.916,1892.2,66.951,1892.1950000000002,0.05284867574425947
1787026663135,1892.19,19.812,1892.2,66.951,1892.1950000000002,0.05284867574425947
1787026663137,1892.19,15.453,1892.2,66.951,1892.1950000000002,0.05284867574425947
1787026663154,1892.19,15.453,1892.2,66.467,1892.1950000000002,0.05284867574425947
1787026663157,1892.19,15.453,1892.2,66.932,1892.1950000000002,0.05284867574425947
1787026663194,1892.19,26.568,1892.2,66.932,1892.1950000000002,0.05284867574425947
1787026663507,1892.19,26.568,1892.2,66.952,1892.1950000000002,0.05284867574425947
1787026663990,1892.19,26.568,1892.2,61.996,1892.1950000000002,0.05284867574425947
1787026664024,1892.19,26.568,1892.2,58.42,1892.1950000000002,0.05284867574425947
1787026664025,1892.19,26.568,1892.2,58.404,1892.1950000000002,0.05284867574425947
1787026664026,1892.19,26.568,1892.2,58.42,1892.1950000000002,0.05284867574425947
1787026664238,1892.19,26.568,1892.2,57.955,1892.1950000000002,0.05284867574425947
1787026664242,1892.19,26.568,1892.2,58.421,1892.1950000000002,0.05284867574425947
1787026664400,1892.19,26.568,1892.2,47.306,1892.1950000000002,0.05284867574425947
1787026664964,1892.19,254.418,1892.2,47.306,1892.1950000000002,0.05284867574425947
1787026664965,1892.19,257.32,1892.2,29.364,1892.1950000000002,0.05284867574425947
1787026664967,1892.19,266.408,1892.2,29.364,1892.1950000000002,0.05284867574425947
1787026665028,1892.19,266.408,1892.2,18.534,1892.1950000000002,0.05284867574425947
1787026665029,1892.19,266.408,1892.2,26.372,1892.1950000000002,0.05284867574425947
1787026665030,1892.19,271.408,1892.2,26.372,1892.1950000000002,0.05284867574425947
1787026665046,1892.19,271.408,1892.2,29.368,1892.1950000000002,0.05284867574425947
1787026665047,1892.19,266.408,1892.2,29.368,1892.1950000000002,0.05284867574425947
1787026665364,1892.19,266.408,1892.2,28.902,1892.1950000000002,0.05284867574425947
1787026665367,1892.19,266.408,1892.2,29.427,1892.1950000000002,0.05284867574425947
1787026666253,1892.19,266.408,1892.2,28.902,1892.1950000000002,0.05284867574425947
1787026666256,1892.19,266.408,1892.2,29.413,1892.1950000000002,0.05284867574425947
1787026667269,1892.19,266.408,1892.2,28.902,1892.1950000000002,0.05284867574425947
1787026667272,1892.19,266.408,1892.2,29.403,1892.1950000000002,0.05284867574425947
1787026667515,1892.19,263.506,1892.2,29.403,1892.1950000000002,0.05284867574425947
1787026667793,1892.19,491.356,1892.2,29.403,1892.1950000000002,0.05284867574425947
1787026668097,1892.19,491.884,1892.2,29.403,1892.1950000000002,0.05284867574425947
1787026668238,1892.19,496.884,1892.2,29.403,1892.1950000000002,0.05284867574425947
1787026668239,1892.19,496.868,1892.2,29.403,1892.1950000000002,0.05284867574425947
1787026668240,1892.19,496.884,1892.2,29.403,1892.1950000000002,0.05284867574425947
1787026668554,1892.19,491.884,1892.2,29.403,1892.1950000000002,0.05284867574425947
1787026668736,1892.19,496.884,1892.2,29.403,1892.1950000000002,0.05284867574425947
1787026668862,1892.19,491.884,1892.2,29.403,1892.1950000000002,0.05284867574425947
1787026669312,1892.19,491.884,1892.2,28.902,1892.1950000000002,0.05284867574425947
1787026669315,1892.19,491.884,1892.2,29.404,1892.1950000000002,0.05284867574425947
1787026670525,1892.19,491.884,1892.2,40.519,1892.1950000000002,0.05284867574425947
1787026670526,1892.19,491.884,1892.2,40.503,1892.1950000000002,0.05284867574425947
1787026670527,1892.19,491.884,1892.2,40.519,1892.1950000000002,0.05284867574425947
1787026670531,1892.19,491.884,1892.2,29.404,1892.1950000000002,0.05284867574425947
1787026670763,1892.19,491.884,1892.2,28.902,1892.1950000000002,0.05284867574425947
1787026670767,1892.19,491.884,1892.2,30.127,1892.1950000000002,0.05284867574425947
1787026670809,1892.19,491.884,1892.2,35.565,1892.1950000000002,0.05284867574425947
1787026670840,1892.19,491.884,1892.2,41.242,1892.1950000000002,0.05284867574425947
1787026670875,1892.19,491.884,1892.2,41.953,1892.1950000000002,0.05284867574425947
1787026670980,1892.19,491.884,1892.2,46.903,1892.1950000000002,0.05284867574425947
1787026671044,1892.19,491.884,1892.2,41.953,1892.1950000000002,0.05284867574425947
1787026671045,1892.19,491.884,1892.2,46.388,1892.1950000000002,0.05284867574425947
1787026671088,1892.19,491.884,1892.2,41.953,1892.1950000000002,0.05284867574425947
1787026671089,1892.19,491.884,1892.2,42.122,1892.1950000000002,0.05284867574425947
1787026671090,1892.19,491.884,1892.2,42.138,1892.1950000000002,0.05284867574425947
1787026671097,1892.19,491.356,1892.2,42.138,1892.1950000000002,0.05284867574425947
1787026671139,1892.19,491.356,1892.2,46.393,1892.1950000000002,0.05284867574425947
1787026671140,1892.19,482.268,1892.2,46.393,1892.1950000000002,0.05284867574425947
1787026671180,1892.19,482.268,1892.2,51.015,1892.1950000000002,0.05284867574425947
1787026671285,1892.19,482.268,1892.2,49.79,1892.1950000000002,0.05284867574425947
1787026671288,1892.19,482.268,1892.2,51.056,1892.1950000000002,0.05284867574425947
1787026671369,1892.19,482.268,1892.2,46.434,1892.1950000000002,0.05284867574425947
1787026671413,1892.19,471.153,1892.2,56.551,1892.1950000000002,0.05284867574425947
1787026671445,1892.19,471.153,1892.2,66.551,1892.1950000000002,0.05284867574425947
1787026671726,1892.19,471.153,1892.2,71.947,1892.1950000000002,0.05284867574425947
1787026671727,1892.19,471.153,1892.2,83.635,1892.1950000000002,0.05284867574425947
1787026671728,1892.19,471.153,1892.2,83.635,1892.1950000000002,0.05284867574425947
1787026671732,1892.19,464.794,1892.2,83.635,1892.1950000000002,0.05284867574425947
1787026671733,1892.19,435.359,1892.2,83.635,1892.1950000000002,0.05284867574425947
1787026671735,1892.19,435.459,1892.2,83.635,1892.1950000000002,0.05284867574425947
1787026671737,1892.19,435.459,1892.2,83.655,1892.1950000000002,0.05284867574425947
1787026671738,1892.19,416.119,1892.2,83.655,1892.1950000000002,0.05284867574425947
1787026671739,1892.19,416.519,1892.2,83.655,1892.1950000000002,0.05284867574425947
1787026671740,1892.19,416.519,1892.2,83.869,1892.1950000000002,0.05284867574425947
1787026671749,1892.19,416.519,1892.2,83.655,1892.1950000000002,0.05284867574425947
1787026671831,1892.19,420.519,1892.2,83.655,1892.1950000000002,0.05284867574425947
1787026672291,1892.19,420.519,1892.2,82.389,1892.1950000000002,0.05284867574425947
1787026672295,1892.19,420.519,1892.2,84.183,1892.1950000000002,0.05284867574425947
1787026672507,1892.19,420.519,1892.2,84.44,1892.1950000000002,0.05284867574425947
1787026673276,1892.19,420.519,1892.2,79.122,1892.1950000000002,0.05284867574425947
1787026673300,1892.19,420.645,1892.2,79.122,1892.1950000000002,0.05284867574425947
1787026673301,1892.19,420.645,1892.2,78.122,1892.1950000000002,0.05284867574425947
1787026673390,1892.19,431.76,1892.2,78.122,1892.1950000000002,0.05284867574425947
1787026673391,1892.19,431.76,1892.2,72.726,1892.1950000000002,0.05284867574425947
1787026673393,1892.19,431.76,1892.2,67.288,1892.1950000000002,0.05284867574425947
1787026673394,1892.19,431.76,1892.2,61.611,1892.1950000000002,0.05284867574425947
1787026673395,1892.19,431.76,1892.2,60.011,1892.1950000000002,0.05284867574425947
1787026673418,1892.19,431.76,1892.2,48.049,1892.1950000000002,0.05284867574425947
1787026673419,1892.19,431.76,1892.2,43.25,1892.1950000000002,0.05284867574425947
1787026673420,1892.19,431.76,1892.2,34.162,1892.1950000000002,0.05284867574425947
1787026673442,1892.19,431.76,1892.2,29.722,1892.1950000000002,0.05284867574425947
1787026673704,1892.19,431.76,1892.2,40.837,1892.1950000000002,0.05284867574425947
1787026673705,1892.19,431.76,1892.2,40.821,1892.1950000000002,0.05284867574425947
1787026673706,1892.19,431.76,1892.2,40.837,1892.1950000000002,0.05284867574425947
1787026673722,1892.19,431.76,1892.2,40.817,1892.1950000000002,0.05284867574425947
1787026673734,1892.19,420.645,1892.2,40.817,1892.1950000000002,0.05284867574425947
1787026673777,1892.19,420.645,1892.2,45.609,1892.1950000000002,0.05284867574425947
1787026673778,1892.19,420.645,1892.2,52.009,1892.1950000000002,0.05284867574425947
1787026673796,1892.19,420.645,1892.2,50.215,1892.1950000000002,0.05284867574425947
1787026673799,1892.19,420.645,1892.2,52.064,1892.1950000000002,0.05284867574425947
1787026674101,1892.19,420.645,1892.2,47.272,1892.1950000000002,0.05284867574425947
1787026674167,1892.19,420.645,1892.2,52.643,1892.1950000000002,0.05284867574425947
1787026674342,1892.19,420.645,1892.2,50.794,1892.1950000000002,0.05284867574425947
1787026674345,1892.19,420.645,1892.2,52.642,1892.1950000000002,0.05284867574425947
1787026674472,1892.19,420.645,1892.2,47.271,1892.1950000000002,0.05284867574425947
1787026674540,1892.19,420.645,1892.2,51.75,1892.1950000000002,0.05284867574425947
1787026674794,1892.19,420.645,1892.2,47.271,1892.1950000000002,0.05284867574425947
1787026674795,1892.19,420.645,1892.2,47.255,1892.1950000000002,0.05284867574425947
1787026674796,1892.19,420.645,1892.2,47.271,1892.1950000000002,0.05284867574425947
1787026674842,1892.19,420.645,1892.2,51.64,1892.1950000000002,0.05284867574425947
1787026675225,1892.19,420.645,1892.2,47.271,1892.1950000000002,0.05284867574425947
1787026675288,1892.19,420.645,1892.2,52.275,1892.1950000000002,0.05284867574425947
1787026675290,1892.19,420.645,1892.2,61.363,1892.1950000000002,0.05284867574425947
1787026675352,1892.19,420.645,1892.2,59.515,1892.1950000000002,0.05284867574425947
1787026675355,1892.19,420.645,1892.2,61.356,1892.1950000000002,0.05284867574425947
1787026675507,1892.19,420.645,1892.2,61.567,1892.1950000000002,0.05284867574425947
1787026676147,1892.19,420.645,1892.2,56.563,1892.1950000000002,0.05284867574425947
1787026676359,1892.19,420.645,1892.2,54.722,1892.1950000000002,0.05284867574425947
1787026676362,1892.19,420.645,1892.2,56.564,1892.1950000000002,0.05284867574425947
