ts,bid,bidq,ask,askq,mid,spread_bp
1787024824268,0.001387,2497623.0,0.001388,950156.0,0.0013874999999999998,7.2072072072066025
1787024824270,0.001387,2497623.0,0.001388,1696523.0,0.0013874999999999998,7.2072072072066025
1787024824271,0.001387,2497623.0,0.001388,1696523.0,0.0013874999999999998,7.2072072072066025
1787024824296,0.001387,2490416.0,0.001388,1696523.0,0.0013874999999999998,7.2072072072066025
1787024824549,0.001387,2390984.0,0.001388,1696523.0,0.0013874999999999998,7.2072072072066025
1787024824601,0.001387,2386961.0,0.001388,1696523.0,0.0013874999999999998,7.2072072072066025
1787024824635,0.001387,2386961.0,0.001388,1923569.0,0.0013874999999999998,7.2072072072066025
1787024824655,0.001387,2369973.0,0.001388,1923569.0,0.0013874999999999998,7.2072072072066025
1787024824797,0.001387,2377180.0,0.001388,1923569.0,0.0013874999999999998,7.2072072072066025
1787024824881,0.001387,2377180.0,0.001388,1967735.0,0.0013874999999999998,7.2072072072066025
1787024824986,0.001387,2372826.0,0.001388,1967735.0,0.0013874999999999998,7.2072072072066025
1787024825113,0.001387,2372826.0,0.001388,1959194.0,0.0013874999999999998,7.2072072072066025
1787024825138,0.001387,1616775.0,0.001388,1959194.0,0.0013874999999999998,7.2072072072066025
1787024825139,0.001387,1389729.0,0.001388,1959194.0,0.0013874999999999998,7.2072072072066025
1787024825140,0.001387,1165915.0,0.001388,1959194.0,0.0013874999999999998,7.2072072072066025
1787024825141,0.001387,1202500.0,0.001388,1959194.0,0.0013874999999999998,7.2072072072066025
1787024825148,0.001387,1173560.0,0.001388,1959194.0,0.0013874999999999998,7.2072072072066025
1787024825178,0.001387,1173560.0,0.001388,1963157.0,0.0013874999999999998,7.2072072072066025
1787024825181,0.001387,1173560.0,0.001388,1918991.0,0.0013874999999999998,7.2072072072066025
1787024825264,0.001387,1169409.0,0.001388,1918991.0,0.0013874999999999998,7.2072072072066025
1787024825272,0.001387,1181301.0,0.001388,1918991.0,0.0013874999999999998,7.2072072072066025
1787024825299,0.001387,1174094.0,0.001388,1918991.0,0.0013874999999999998,7.2072072072066025
1787024825363,0.001387,1174094.0,0.001388,1922954.0,0.0013874999999999998,7.2072072072066025
1787024825563,0.001387,1171012.0,0.001388,1922954.0,0.0013874999999999998,7.2072072072066025
1787024825582,0.001387,1171012.0,0.001388,1967103.0,0.0013874999999999998,7.2072072072066025
1787024825652,0.001387,1171012.0,0.001388,1750653.0,0.0013874999999999998,7.2072072072066025
1787024825655,0.001387,1959975.0,0.001388,1750653.0,0.0013874999999999998,7.2072072072066025
1787024825709,0.001387,1171012.0,0.001388,1750653.0,0.0013874999999999998,7.2072072072066025
1787024825710,0.001387,990592.0,0.001388,1750653.0,0.0013874999999999998,7.2072072072066025
1787024825711,0.001387,942115.0,0.001388,1750653.0,0.0013874999999999998,7.2072072072066025
1787024825714,0.001387,942115.0,0.001388,1750653.0,0.0013874999999999998,7.2072072072066025
1787024825774,0.001387,990592.0,0.001388,1750653.0,0.0013874999999999998,7.2072072072066025
1787024825777,0.001387,990592.0,0.001388,1974467.0,0.0013874999999999998,7.2072072072066025
1787024825778,0.001386,2364933.0,0.001387,489069.0,0.0013865000000000001,7.212405337179342
1787024825779,0.001386,1549362.0,0.001387,1151448.0,0.0013865000000000001,7.212405337179342
1787024825780,0.001386,1128109.0,0.001387,1443157.0,0.0013865000000000001,7.212405337179342
1787024825782,0.001386,1156939.0,0.001387,1443157.0,0.0013865000000000001,7.212405337179342
1787024825869,0.001386,990531.0,0.001387,1443157.0,0.0013865000000000001,7.212405337179342
1787024825882,0.001386,1002432.0,0.001387,1455058.0,0.0013865000000000001,7.212405337179342
1787024825898,0.001386,1002432.0,0.001387,1469484.0,0.0013865000000000001,7.212405337179342
1787024825928,0.001386,1778754.0,0.001387,2294515.0,0.0013865000000000001,7.212405337179342
1787024826000,0.001386,1778754.0,0.001387,2329775.0,0.0013865000000000001,7.212405337179342
1787024826081,0.001386,1778754.0,0.001387,2374152.0,0.0013865000000000001,7.212405337179342
1787024826084,0.001386,775386.0,0.001387,2374152.0,0.0013865000000000001,7.212405337179342
1787024826085,0.001386,763485.0,0.001387,2374152.0,0.0013865000000000001,7.212405337179342
1787024826088,0.001386,734655.0,0.001387,2374152.0,0.0013865000000000001,7.212405337179342
1787024826089,0.001386,686178.0,0.001387,2374152.0,0.0013865000000000001,7.212405337179342
1787024826098,0.001386,686178.0,0.001387,2512239.0,0.0013865000000000001,7.212405337179342
1787024826100,0.001386,686178.0,0.001387,2476979.0,0.0013865000000000001,7.212405337179342
1787024826103,0.001386,734655.0,0.001387,2476979.0,0.0013865000000000001,7.212405337179342
1787024826200,0.001386,734655.0,0.001387,2512239.0,0.0013865000000000001,7.212405337179342
1787024826217,0.001386,746556.0,0.001387,2512239.0,0.0013865000000000001,7.212405337179342
1787024826384,0.001386,746556.0,0.001387,2467862.0,0.0013865000000000001,7.212405337179342
1787024826412,0.001386,1533698.0,0.001387,2467862.0,0.0013865000000000001,7.212405337179342
1787024826413,0.001386,1521797.0,0.001387,2467862.0,0.0013865000000000001,7.212405337179342
1787024826416,0.001386,1521797.0,0.001387,2780037.0,0.0013865000000000001,7.212405337179342
1787024826417,0.001386,1521797.0,0.001387,2768136.0,0.0013865000000000001,7.212405337179342
1787024826421,0.001386,1533698.0,0.001387,2780037.0,0.0013865000000000001,7.212405337179342
1787024826423,0.001386,1485221.0,0.001387,2780037.0,0.0013865000000000001,7.212405337179342
1787024826426,0.001386,1304771.0,0.001387,2780037.0,0.0013865000000000001,7.212405337179342
1787024826429,0.001386,517629.0,0.001387,2780037.0,0.0013865000000000001,7.212405337179342
1787024826598,0.001386,517629.0,0.001387,2744777.0,0.0013865000000000001,7.212405337179342
1787024826665,0.001386,528941.0,0.001387,2744777.0,0.0013865000000000001,7.212405337179342
1787024826727,0.001386,524000.0,0.001387,2744777.0,0.0013865000000000001,7.212405337179342
1787024826728,0.001386,512688.0,0.001387,2744777.0,0.0013865000000000001,7.212405337179342
1787024826798,0.001386,519900.0,0.001387,2744777.0,0.0013865000000000001,7.212405337179342
1787024826801,0.001386,519900.0,0.001387,2780039.0,0.0013865000000000001,7.212405337179342
1787024826805,0.001386,700451.0,0.001387,2780039.0,0.0013865000000000001,7.212405337179342
1787024826862,0.001386,700451.0,0.001387,2836534.0,0.0013865000000000001,7.212405337179342
1787024826923,0.001386,700451.0,0.001387,2883967.0,0.0013865000000000001,7.212405337179342
1787024827066,0.001386,748928.0,0.001387,2883967.0,0.0013865000000000001,7.212405337179342
1787024827081,0.001386,748928.0,0.001387,2928344.0,0.0013865000000000001,7.212405337179342
1787024827083,0.001386,700451.0,0.001387,2928344.0,0.0013865000000000001,7.212405337179342
1787024827099,0.001386,700451.0,0.001387,2893082.0,0.0013865000000000001,7.212405337179342
1787024827168,0.001386,711766.0,0.001387,2893082.0,0.0013865000000000001,7.212405337179342
1787024827191,0.001386,760243.0,0.001387,2893082.0,0.0013865000000000001,7.212405337179342
1787024827200,0.001386,760243.0,0.001387,2921246.0,0.0013865000000000001,7.212405337179342
1787024827299,0.001386,753031.0,0.001387,2921246.0,0.0013865000000000001,7.212405337179342
1787024827300,0.001386,704554.0,0.001387,2921246.0,0.0013865000000000001,7.212405337179342
1787024827322,0.001386,713542.0,0.001387,2921246.0,0.0013865000000000001,7.212405337179342
1787024827350,0.001386,762019.0,0.001387,2921246.0,0.0013865000000000001,7.212405337179342
1787024827428,0.001386,710278.0,0.001387,2921246.0,0.0013865000000000001,7.212405337179342
1787024827430,0.001386,698377.0,0.001387,2921246.0,0.0013865000000000001,7.212405337179342
1787024827431,0.001386,710278.0,0.001387,2921246.0,0.0013865000000000001,7.212405337179342
1787024827499,0.001386,710278.0,0.001387,2893082.0,0.0013865000000000001,7.212405337179342
1787024827782,0.001386,710278.0,0.001387,2848705.0,0.0013865000000000001,7.212405337179342
1787024827784,0.001386,715942.0,0.001387,2848705.0,0.0013865000000000001,7.212405337179342
1787024827786,0.001386,752017.0,0.001387,2848705.0,0.0013865000000000001,7.212405337179342
1787024827788,0.001386,788092.0,0.001387,2848705.0,0.0013865000000000001,7.212405337179342
1787024827799,0.001386,795304.0,0.001387,2848705.0,0.0013865000000000001,7.212405337179342
1787024827862,0.001386,795304.0,0.001387,2792210.0,0.0013865000000000001,7.212405337179342
1787024827883,0.001386,778325.0,0.001387,2792210.0,0.0013865000000000001,7.212405337179342
1787024827889,0.001386,775044.0,0.001387,2792210.0,0.0013865000000000001,7.212405337179342
1787024827923,0.001386,775044.0,0.001387,2744777.0,0.0013865000000000001,7.212405337179342
1787024828081,0.001386,775044.0,0.001387,2789189.0,0.0013865000000000001,7.212405337179342
1787024828135,0.001386,792023.0,0.001387,2789189.0,0.0013865000000000001,7.212405337179342
1787024828298,0.001386,784811.0,0.001387,2789189.0,0.0013865000000000001,7.212405337179342
1787024828430,0.001386,836496.0,0.001387,2789189.0,0.0013865000000000001,7.212405337179342
1787024828782,0.001386,836496.0,0.001387,2744777.0,0.0013865000000000001,7.212405337179342
1787024828786,0.001386,764346.0,0.001387,2744777.0,0.0013865000000000001,7.212405337179342
1787024828797,0.001386,771558.0,0.001387,2744777.0,0.0013865000000000001,7.212405337179342
1787024829097,0.001386,771558.0,0.001387,2606690.0,0.0013865000000000001,7.212405337179342
1787024829173,0.001386,765706.0,0.001387,2606690.0,0.0013865000000000001,7.212405337179342
1787024829175,0.001386,748727.0,0.001387,2606690.0,0.0013865000000000001,7.212405337179342
1787024829298,0.001386,741515.0,0.001387,2606690.0,0.0013865000000000001,7.212405337179342
1787024829588,0.001386,410469.0,0.001387,2606690.0,0.0013865000000000001,7.212405337179342
1787024829796,0.001386,417681.0,0.001387,2606690.0,0.0013865000000000001,7.212405337179342
1787024829915,0.001386,417681.0,0.001387,2504066.0,0.0013865000000000001,7.212405337179342
1787024829917,0.001386,1199707.0,0.001387,2504066.0,0.0013865000000000001,7.212405337179342
1787024829918,0.001386,1199707.0,0.001387,2504066.0,0.0013865000000000001,7.212405337179342
1787024829921,0.001386,1199707.0,0.001387,2510690.0,0.0013865000000000001,7.212405337179342
1787024830084,0.001386,1160066.0,0.001387,2510690.0,0.0013865000000000001,7.212405337179342
1787024830086,0.001386,1143087.0,0.001387,2510690.0,0.0013865000000000001,7.212405337179342
1787024830098,0.001386,1143087.0,0.001387,2648203.0,0.0013865000000000001,7.212405337179342
1787024830239,0.001386,1138191.0,0.001387,2648203.0,0.0013865000000000001,7.212405337179342
1787024830299,0.001386,1130979.0,0.001387,2648203.0,0.0013865000000000001,7.212405337179342
1787024830460,0.001386,1079294.0,0.001387,2648203.0,0.0013865000000000001,7.212405337179342
1787024830464,0.001386,1079294.0,0.001387,2680159.0,0.0013865000000000001,7.212405337179342
1787024830700,0.001386,1096273.0,0.001387,2680159.0,0.0013865000000000001,7.212405337179342
1787024830701,0.001386,1096273.0,0.001387,2152503.0,0.0013865000000000001,7.212405337179342
1787024830881,0.001386,1096273.0,0.001387,2192769.0,0.0013865000000000001,7.212405337179342
1787024830921,0.001386,1096273.0,0.001387,2186145.0,0.0013865000000000001,7.212405337179342
1787024831076,0.001386,1096273.0,0.001387,2323131.0,0.0013865000000000001,7.212405337179342
1787024831099,0.001386,1096273.0,0.001387,2185618.0,0.0013865000000000001,7.212405337179342
1787024831184,0.001386,1096273.0,0.001387,2145352.0,0.0013865000000000001,7.212405337179342
1787024831328,0.001386,1092595.0,0.001387,2145352.0,0.0013865000000000001,7.212405337179342
1787024831749,0.001386,1085920.0,0.001387,2145352.0,0.0013865000000000001,7.212405337179342
1787024831797,0.001386,1093132.0,0.001387,2145352.0,0.0013865000000000001,7.212405337179342
1787024831982,0.001386,1093132.0,0.001387,2185601.0,0.0013865000000000001,7.212405337179342
1787024831993,0.001386,1320178.0,0.001387,2185601.0,0.0013865000000000001,7.212405337179342
1787024832077,0.001386,1320178.0,0.001387,2189387.0,0.0013865000000000001,7.212405337179342
1787024832283,0.001386,1320178.0,0.001387,2149138.0,0.0013865000000000001,7.212405337179342
1787024832298,0.001386,1312966.0,0.001387,2149138.0,0.0013865000000000001,7.212405337179342
1787024832334,0.001386,1312966.0,0.001387,2162969.0,0.0013865000000000001,7.212405337179342
1787024832799,0.001386,1320178.0,0.001387,2162969.0,0.0013865000000000001,7.212405337179342
1787024832880,0.001386,1283175.0,0.001387,2162969.0,0.0013865000000000001,7.212405337179342
1787024832881,0.001386,1276973.0,0.001387,2377221.0,0.0013865000000000001,7.212405337179342
1787024832882,0.001386,1263963.0,0.001387,2162969.0,0.0013865000000000001,7.212405337179342
1787024832897,0.001386,1257778.0,0.001387,2162969.0,0.0013865000000000001,7.212405337179342
1787024833297,0.001386,1250566.0,0.001387,2162969.0,0.0013865000000000001,7.212405337179342
1787024833461,0.001386,1250566.0,0.001387,1947607.0,0.0013865000000000001,7.212405337179342
1787024833463,0.001386,1267545.0,0.001387,1122576.0,0.0013865000000000001,7.212405337179342
1787024833464,0.001386,1267545.0,0.001387,895530.0,0.0013865000000000001,7.212405337179342
1787024833668,0.001386,1267545.0,0.001387,715465.0,0.0013865000000000001,7.212405337179342
1787024833671,0.001386,1267545.0,0.001387,1580038.0,0.0013865000000000001,7.212405337179342
1787024833672,0.001386,1267545.0,0.001387,715465.0,0.0013865000000000001,7.212405337179342
1787024833797,0.001386,1274757.0,0.001387,715465.0,0.0013865000000000001,7.212405337179342
1787024833953,0.001386,1274757.0,0.001387,1623182.0,0.0013865000000000001,7.212405337179342
1787024833955,0.001386,1274757.0,0.001387,1635083.0,0.0013865000000000001,7.212405337179342
1787024833956,0.001386,1274757.0,0.001387,1623182.0,0.0013865000000000001,7.212405337179342
1787024833985,0.001386,1274757.0,0.001387,1662191.0,0.0013865000000000001,7.212405337179342
1787024834013,0.001386,1268350.0,0.001387,1662191.0,0.0013865000000000001,7.212405337179342
1787024834269,0.001386,1268350.0,0.001387,1611071.0,0.0013865000000000001,7.212405337179342
1787024834299,0.001386,1261138.0,0.001387,1611071.0,0.0013865000000000001,7.212405337179342
1787024834424,0.001386,1261138.0,0.001387,1615020.0,0.0013865000000000001,7.212405337179342
1787024834682,0.001386,1261138.0,0.001387,1576011.0,0.0013865000000000001,7.212405337179342
1787024834798,0.001386,1303361.0,0.001387,1576011.0,0.0013865000000000001,7.212405337179342
1787024834843,0.001386,1303361.0,0.001387,1541000.0,0.0013865000000000001,7.212405337179342
1787024834981,0.001386,1303361.0,0.001387,1580009.0,0.0013865000000000001,7.212405337179342
1787024835009,0.001386,1296613.0,0.001387,1580009.0,0.0013865000000000001,7.212405337179342
1787024835296,0.001386,1289401.0,0.001387,1580009.0,0.0013865000000000001,7.212405337179342
1787024835683,0.001386,1289401.0,0.001387,1541000.0,0.0013865000000000001,7.212405337179342
1787024835797,0.001386,1296613.0,0.001387,1541000.0,0.0013865000000000001,7.212405337179342
1787024835963,0.001386,1293338.0,0.001387,1541000.0,0.0013865000000000001,7.212405337179342
1787024836296,0.001386,1286126.0,0.001387,1541000.0,0.0013865000000000001,7.212405337179342
1787024836799,0.001386,1293338.0,0.001387,1541000.0,0.0013865000000000001,7.212405337179342
1787024836997,0.001386,1288309.0,0.001387,1541000.0,0.0013865000000000001,7.212405337179342
1787024837005,0.001386,1288309.0,0.001387,1832591.0,0.0013865000000000001,7.212405337179342
1787024837295,0.001386,1281097.0,0.001387,1832591.0,0.0013865000000000001,7.212405337179342
1787024837474,0.001386,1271048.0,0.001387,1832591.0,0.0013865000000000001,7.212405337179342
1787024837487,0.001386,1271048.0,0.001387,1842044.0,0.0013865000000000001,7.212405337179342
1787024837798,0.001386,1278260.0,0.001387,1842044.0,0.0013865000000000001,7.212405337179342
1787024838137,0.001386,1273654.0,0.001387,1842044.0,0.0013865000000000001,7.212405337179342
1787024838196,0.001386,1268671.0,0.001387,1842044.0,0.0013865000000000001,7.212405337179342
1787024838296,0.001386,1261459.0,0.001387,1842044.0,0.0013865000000000001,7.212405337179342
1787024838798,0.001386,1268671.0,0.001387,1842044.0,0.0013865000000000001,7.212405337179342
1787024838879,0.001386,1268671.0,0.001387,1881040.0,0.0013865000000000001,7.212405337179342
1787024839181,0.001386,1268671.0,0.001387,1842044.0,0.0013865000000000001,7.212405337179342
1787024839295,0.001386,1261459.0,0.001387,1842044.0,0.0013865000000000001,7.212405337179342
1787024839323,0.001386,1256128.0,0.001387,1842044.0,0.0013865000000000001,7.212405337179342
1787024839796,0.001386,1263340.0,0.001387,1842044.0,0.0013865000000000001,7.212405337179342
1787024839981,0.001386,1263340.0,0.001387,1881058.0,0.0013865000000000001,7.212405337179342
1787024840044,0.001386,1263340.0,0.001387,1869157.0,0.0013865000000000001,7.212405337179342
1787024840045,0.001387,487336.0,0.001388,1180301.0,0.0013874999999999998,7.2072072072066025
1787024840046,0.001387,52443.0,0.001388,894748.0,0.0013874999999999998,7.2072072072066025
1787024840047,0.001387,496400.0,0.001388,894748.0,0.0013874999999999998,7.2072072072066025
1787024840048,0.001387,568498.0,0.001388,1125757.0,0.0013874999999999998,7.2072072072066025
1787024840049,0.001387,867642.0,0.001388,1125757.0,0.0013874999999999998,7.2072072072066025
1787024840052,0.001387,1842314.0,0.001388,1125757.0,0.0013874999999999998,7.2072072072066025
1787024840053,0.001387,1770216.0,0.001388,1125757.0,0.0013874999999999998,7.2072072072066025
1787024840054,0.001387,1698118.0,0.001388,1125757.0,0.0013874999999999998,7.2072072072066025
1787024840079,0.001387,1698118.0,0.001388,1165348.0,0.0013874999999999998,7.2072072072066025
1787024840095,0.001387,1698118.0,0.001388,1179761.0,0.0013874999999999998,7.2072072072066025
1787024840099,0.001387,1698118.0,0.001388,1185167.0,0.0013874999999999998,7.2072072072066025
1787024840111,0.001387,1210782.0,0.001388,1185167.0,0.0013874999999999998,7.2072072072066025
1787024840130,0.001387,1308762.0,0.001388,1185167.0,0.0013874999999999998,7.2072072072066025
1787024840160,0.001387,1320654.0,0.001388,1197059.0,0.0013874999999999998,7.2072072072066025
1787024840199,0.001387,1490745.0,0.001388,1197059.0,0.0013874999999999998,7.2072072072066025
1787024840250,0.001387,2262955.0,0.001388,1197059.0,0.0013874999999999998,7.2072072072066025
1787024840281,0.001387,2262955.0,0.001388,1157468.0,0.0013874999999999998,7.2072072072066025
1787024840331,0.001387,2262955.0,0.001388,930422.0,0.0013874999999999998,7.2072072072066025
1787024840355,0.001387,2262955.0,0.001388,926458.0,0.0013874999999999998,7.2072072072066025
1787024840359,0.001387,2279934.0,0.001388,926458.0,0.0013874999999999998,7.2072072072066025
1787024840399,0.001387,2109843.0,0.001388,926458.0,0.0013874999999999998,7.2072072072066025
1787024840427,0.001387,2106204.0,0.001388,926458.0,0.0013874999999999998,7.2072072072066025
1787024840582,0.001387,2106204.0,0.001388,1694221.0,0.0013874999999999998,7.2072072072066025
1787024840583,0.001387,1618868.0,0.001388,1694221.0,0.0013874999999999998,7.2072072072066025
1787024840584,0.001387,1618868.0,0.001388,1694221.0,0.0013874999999999998,7.2072072072066025
1787024840796,0.001387,1626075.0,0.001388,1694221.0,0.0013874999999999998,7.2072072072066025
1787024840800,0.001387,1654905.0,0.001388,1694221.0,0.0013874999999999998,7.2072072072066025
1787024840983,0.001387,1654905.0,0.001388,1733830.0,0.0013874999999999998,7.2072072072066025
1787024841080,0.001387,1654905.0,0.001388,1694221.0,0.0013874999999999998,7.2072072072066025
1787024841085,0.001387,1658691.0,0.001388,1694221.0,0.0013874999999999998,7.2072072072066025
1787024841097,0.001387,1930593.0,0.001388,1694221.0,0.0013874999999999998,7.2072072072066025
1787024841100,0.001387,1930593.0,0.001388,926458.0,0.0013874999999999998,7.2072072072066025
1787024841101,0.001387,1930593.0,0.001388,926458.0,0.0013874999999999998,7.2072072072066025
1787024841236,0.001387,1939581.0,0.001388,926458.0,0.0013874999999999998,7.2072072072066025
1787024841299,0.001387,1932374.0,0.001388,926458.0,0.0013874999999999998,7.2072072072066025
1787024841620,0.001387,1932374.0,0.001388,481354.0,0.0013874999999999998,7.2072072072066025
1787024841622,0.001388,528267.0,0.001389,2783367.0,0.0013885,7.202016564639054
1787024841623,0.001388,916231.0,0.001389,864047.0,0.0013885,7.202016564639054
1787024841624,0.001388,1106633.0,0.001389,864047.0,0.0013885,7.202016564639054
1787024841625,0.001388,1159073.0,0.001389,864047.0,0.0013885,7.202016564639054
1787024841634,0.001388,1159073.0,0.001389,828136.0,0.0013885,7.202016564639054
1787024841649,0.001388,1155637.0,0.001389,832460.0,0.0013885,7.202016564639054
1787024841655,0.001388,1172625.0,0.001389,832460.0,0.0013885,7.202016564639054
1787024841674,0.001388,1155637.0,0.001389,832460.0,0.0013885,7.202016564639054
1787024841675,0.001388,1172625.0,0.001389,832460.0,0.0013885,7.202016564639054
1787024841695,0.001388,1172625.0,0.001389,846863.0,0.0013885,7.202016564639054
1787024841728,0.001388,1184509.0,0.001389,846863.0,0.0013885,7.202016564639054
1787024841844,0.001388,1161585.0,0.001389,846863.0,0.0013885,7.202016564639054
1787024841845,0.001388,1161585.0,0.001389,1614273.0,0.0013885,7.202016564639054
1787024841846,0.001388,1945978.0,0.001389,1614273.0,0.0013885,7.202016564639054
1787024841980,0.001388,1945978.0,0.001389,1653852.0,0.0013885,7.202016564639054
1787024842071,0.001388,1945978.0,0.001389,1804011.0,0.0013885,7.202016564639054
1787024842072,0.001388,1945978.0,0.001389,1792127.0,0.0013885,7.202016564639054
1787024842073,0.001388,1945978.0,0.001389,1804011.0,0.0013885,7.202016564639054
1787024842101,0.001388,2217576.0,0.001389,1804011.0,0.0013885,7.202016564639054
1787024842103,0.001388,2145530.0,0.001389,1804011.0,0.0013885,7.202016564639054
1787024842177,0.001388,2128542.0,0.001389,1804011.0,0.0013885,7.202016564639054
1787024842185,0.001388,2128542.0,0.001389,1764432.0,0.0013885,7.202016564639054
1787024842677,0.001388,2123029.0,0.001389,1764432.0,0.0013885,7.202016564639054
1787024842679,0.001388,2074552.0,0.001389,1764432.0,0.0013885,7.202016564639054
1787024842680,0.001388,2062668.0,0.001389,1764432.0,0.0013885,7.202016564639054
1787024842681,0.001388,2074552.0,0.001389,1764432.0,0.0013885,7.202016564639054
1787024842707,0.001388,2074552.0,0.001389,1768378.0,0.0013885,7.202016564639054
1787024842795,0.001388,2081754.0,0.001389,1768378.0,0.0013885,7.202016564639054
1787024842977,0.001388,2081754.0,0.001389,1544706.0,0.0013885,7.202016564639054
1787024843241,0.001388,2090742.0,0.001389,1544706.0,0.0013885,7.202016564639054
1787024843296,0.001388,2083540.0,0.001389,1544706.0,0.0013885,7.202016564639054
1787024843659,0.001388,2094866.0,0.001389,1544706.0,0.0013885,7.202016564639054
1787024843732,0.001388,2094866.0,0.001389,1538948.0,0.0013885,7.202016564639054
1787024843797,0.001388,2102068.0,0.001389,1538948.0,0.0013885,7.202016564639054
1787024843901,0.001388,2099009.0,0.001389,1538948.0,0.0013885,7.202016564639054
1787024844300,0.001388,2091807.0,0.001389,1538948.0,0.0013885,7.202016564639054
1787024844518,0.001388,2091807.0,0.001389,1449738.0,0.0013885,7.202016564639054
1787024844575,0.001388,2091807.0,0.001389,1449738.0,0.0013885,7.202016564639054
1787024844795,0.001388,2099009.0,0.001389,1449738.0,0.0013885,7.202016564639054
1787024844859,0.001388,2134020.0,0.001389,1449738.0,0.0013885,7.202016564639054
1787024845033,0.001388,2131546.0,0.001389,1449738.0,0.0013885,7.202016564639054
1787024845074,0.001388,2131546.0,0.00139,3644002.0,0.001389,14.398848092152976
1787024845075,0.001389,1227538.0,0.00139,2640046.0,0.0013895000000000001,7.196833393306339
1787024845076,0.001389,1504651.0,0.00139,1607538.0,0.0013895000000000001,7.196833393306339
1787024845077,0.001389,1504651.0,0.00139,1907298.0,0.0013895000000000001,7.196833393306339
1787024845079,0.001389,1456174.0,0.00139,1907298.0,0.0013895000000000001,7.196833393306339
1787024845081,0.001389,1460134.0,0.00139,1907298.0,0.0013895000000000001,7.196833393306339
1787024845083,0.001389,1446904.0,0.00139,1907298.0,0.0013895000000000001,7.196833393306339
1787024845097,0.001389,1446904.0,0.00139,1921692.0,0.0013895000000000001,7.196833393306339
1787024845111,0.001389,958237.0,0.00139,1921692.0,0.0013895000000000001,7.196833393306339
1787024845113,0.001389,1006714.0,0.00139,1921692.0,0.0013895000000000001,7.196833393306339
1787024845171,0.001389,856555.0,0.00139,1921692.0,0.0013895000000000001,7.196833393306339
1787024845199,0.001389,1026646.0,0.00139,1921692.0,0.0013895000000000001,7.196833393306339
1787024845290,0.001389,1868240.0,0.00139,2690944.0,0.0013895000000000001,7.196833393306339
1787024845300,0.001389,1898757.0,0.00139,2690944.0,0.0013895000000000001,7.196833393306339
1787024845336,0.001389,1910632.0,0.00139,2702819.0,0.0013895000000000001,7.196833393306339
1787024845350,0.001389,1910632.0,0.00139,2698840.0,0.0013895000000000001,7.196833393306339
1787024845499,0.001389,1880115.0,0.00139,2698840.0,0.0013895000000000001,7.196833393306339
1787024845541,0.001389,1891323.0,0.00139,2698840.0,0.0013895000000000001,7.196833393306339
1787024845543,0.001389,1842846.0,0.00139,2698840.0,0.0013895000000000001,7.196833393306339
1787024845599,0.001389,1672755.0,0.00139,2698840.0,0.0013895000000000001,7.196833393306339
1787024845659,0.001389,1678535.0,0.00139,2698840.0,0.0013895000000000001,7.196833393306339
1787024845797,0.001389,1685731.0,0.00139,2698840.0,0.0013895000000000001,7.196833393306339
1787024846070,0.001389,1685731.0,0.00139,2848999.0,0.0013895000000000001,7.196833393306339
1787024846093,0.001389,1679347.0,0.00139,2848999.0,0.0013895000000000001,7.196833393306339
1787024846098,0.001389,1949921.0,0.00139,2848999.0,0.0013895000000000001,7.196833393306339
1787024846163,0.001389,1949921.0,0.00139,2853320.0,0.0013895000000000001,7.196833393306339
1787024846231,0.001389,1958909.0,0.00139,2853320.0,0.0013895000000000001,7.196833393306339
1787024846303,0.001389,1951713.0,0.00139,2853320.0,0.0013895000000000001,7.196833393306339
1787024846390,0.001389,1951713.0,0.00139,2714080.0,0.0013895000000000001,7.196833393306339
1787024846391,0.001389,1951713.0,0.00139,2718037.0,0.0013895000000000001,7.196833393306339
1787024846402,0.001389,1956033.0,0.00139,2718037.0,0.0013895000000000001,7.196833393306339
1787024846508,0.001389,1939045.0,0.00139,2718037.0,0.0013895000000000001,7.196833393306339
1787024846509,0.001389,1956041.0,0.00139,2718037.0,0.0013895000000000001,7.196833393306339
1787024846798,0.001389,1963237.0,0.00139,2718037.0,0.0013895000000000001,7.196833393306339
1787024847098,0.001389,2098382.0,0.00139,2718037.0,0.0013895000000000001,7.196833393306339
1787024847105,0.001389,2092853.0,0.00139,2718037.0,0.0013895000000000001,7.196833393306339
1787024847107,0.001389,2075857.0,0.00139,2718037.0,0.0013895000000000001,7.196833393306339
1787024847298,0.001389,2068661.0,0.00139,2718037.0,0.0013895000000000001,7.196833393306339
1787024847357,0.001389,2068661.0,0.00139,2702688.0,0.0013895000000000001,7.196833393306339
1787024847358,0.001389,2085655.0,0.00139,2702688.0,0.0013895000000000001,7.196833393306339
1787024847476,0.001389,2085655.0,0.00139,2702688.0,0.0013895000000000001,7.196833393306339
1787024847679,0.001389,2091319.0,0.00139,2702688.0,0.0013895000000000001,7.196833393306339
1787024847797,0.001389,2098515.0,0.00139,2702688.0,0.0013895000000000001,7.196833393306339
1787024848075,0.001389,2804768.0,0.00139,1933436.0,0.0013895000000000001,7.196833393306339
1787024848076,0.001389,2804768.0,0.00139,951268.0,0.0013895000000000001,7.196833393306339
1787024848077,0.00139,489060.0,0.001391,2742159.0,0.0013905,7.191657677095526
1787024848078,0.00139,1953454.0,0.001391,2734691.0,0.0013905,7.191657677095526
1787024848079,0.00139,1658494.0,0.001391,1956275.0,0.0013905,7.191657677095526
1787024848080,0.00139,1035029.0,0.001391,1956275.0,0.0013905,7.191657677095526
1787024848081,0.00139,1001890.0,0.001391,1956275.0,0.0013905,7.191657677095526
1787024848082,0.00139,1001890.0,0.001391,2255820.0,0.0013905,7.191657677095526
1787024848088,0.00139,1030720.0,0.001391,2255820.0,0.0013905,7.191657677095526
1787024848089,0.00139,1030720.0,0.001391,2252230.0,0.0013905,7.191657677095526
1787024848095,0.00139,1030720.0,0.001391,2266615.0,0.0013905,7.191657677095526
1787024848099,0.00139,1030720.0,0.001391,2272009.0,0.0013905,7.191657677095526
1787024848100,0.00139,1030720.0,0.001391,2238343.0,0.0013905,7.191657677095526
1787024848136,0.00139,949408.0,0.001391,2238343.0,0.0013905,7.191657677095526
1787024848137,0.00139,900931.0,0.001391,2238343.0,0.0013905,7.191657677095526
1787024848143,0.00139,900931.0,0.001391,2020374.0,0.0013905,7.191657677095526
1787024848161,0.00139,949408.0,0.001391,2020374.0,0.0013905,7.191657677095526
1787024848175,0.00139,1030087.0,0.001391,2020374.0,0.0013905,7.191657677095526
1787024848218,0.00139,1292981.0,0.001391,2020374.0,0.0013905,7.191657677095526
1787024848261,0.00139,1289657.0,0.001391,2020374.0,0.0013905,7.191657677095526
1787024848262,0.00139,1301524.0,0.001391,2020374.0,0.0013905,7.191657677095526
1787024848263,0.00139,1301524.0,0.001391,2032241.0,0.0013905,7.191657677095526
1787024848279,0.00139,2110675.0,0.001391,2032241.0,0.0013905,7.191657677095526
1787024848280,0.00139,2110675.0,0.001391,2892713.0,0.0013905,7.191657677095526
1787024848300,0.00139,2280766.0,0.001391,2892713.0,0.0013905,7.191657677095526
1787024848347,0.00139,2280766.0,0.001391,2888740.0,0.0013905,7.191657677095526
1787024848379,0.00139,2280766.0,0.001391,2884383.0,0.0013905,7.191657677095526
1787024848442,0.00139,2293677.0,0.001391,2884383.0,0.0013905,7.191657677095526
1787024848682,0.00139,2280766.0,0.001391,2884383.0,0.0013905,7.191657677095526
1787024848797,0.00139,2287957.0,0.001391,2884383.0,0.0013905,7.191657677095526
1787024848834,0.00139,2287957.0,0.001391,1486610.0,0.0013905,7.191657677095526
1787024848835,0.00139,2798543.0,0.001391,1474743.0,0.0013905,7.191657677095526
1787024848836,0.00139,2786676.0,0.001391,1474743.0,0.0013905,7.191657677095526
1787024848837,0.001391,1887245.0,0.001392,1582449.0,0.0013915,7.186489399927531
1787024848838,0.001391,1084042.0,0.001392,1070556.0,0.0013915,7.186489399927531
1787024848839,0.001391,1838851.0,0.001392,289997.0,0.0013915,7.186489399927531
1787024848840,0.001392,439192.0,0.001393,1190896.0,0.0013925,7.181328545780365
1787024848841,0.001392,1305979.0,0.001393,765394.0,0.0013925,7.181328545780365
1787024848842,0.001392,435497.0,0.001393,362727.0,0.0013925,7.181328545780365
1787024848843,0.001391,1821767.0,0.001393,362727.0,0.001392,14.367816091952815
1787024848844,0.001392,413081.0,0.001393,1740217.0,0.0013925,7.181328545780365
1787024848845,0.001392,48477.0,0.001393,1184796.0,0.0013925,7.181328545780365
1787024848846,0.001391,1258502.0,0.001392,1241014.0,0.0013915,7.186489399927531
1787024848847,0.001391,943536.0,0.001392,1933210.0,0.0013915,7.186489399927531
1787024848848,0.001391,936297.0,0.001392,1933210.0,0.0013915,7.186489399927531
1787024848849,0.001391,965127.0,0.001392,1933210.0,0.0013915,7.186489399927531
1787024848856,0.001391,885129.0,0.001392,1933210.0,0.0013915,7.186489399927531
1787024848887,0.001391,885129.0,0.001392,1938600.0,0.0013915,7.186489399927531
1787024848889,0.001391,933606.0,0.001392,1938600.0,0.0013915,7.186489399927531
1787024848898,0.001391,933606.0,0.001392,1952975.0,0.0013915,7.186489399927531
1787024848903,0.001391,933606.0,0.001392,1463915.0,0.0013915,7.186489399927531
1787024848904,0.001391,933606.0,0.001392,1414077.0,0.0013915,7.186489399927531
1787024848905,0.001391,1196500.0,0.001392,1396265.0,0.0013915,7.186489399927531
1787024848906,0.001391,1196500.0,0.001392,1105964.0,0.0013915,7.186489399927531
1787024848907,0.001391,1196500.0,0.001392,1101208.0,0.0013915,7.186489399927531
1787024848909,0.001392,10776.0,0.001393,484284.0,0.0013925,7.181328545780365
1787024848910,0.001392,244991.0,0.001393,1281993.0,0.0013925,7.181328545780365
1787024848911,0.001392,159260.0,0.001393,1163727.0,0.0013925,7.181328545780365
1787024848912,0.001392,159260.0,0.001393,1281993.0,0.0013925,7.181328545780365
1787024848915,0.001392,78407.0,0.001393,1281993.0,0.0013925,7.181328545780365
1787024848916,0.001392,29930.0,0.001393,1281993.0,0.0013925,7.181328545780365
1787024848918,0.001392,10776.0,0.001393,1281993.0,0.0013925,7.181328545780365
1787024848920,0.001392,10776.0,0.001393,1290859.0,0.0013925,7.181328545780365
1787024848940,0.001391,1322268.0,0.001393,1290859.0,0.001392,14.367816091952815
1787024848941,0.001391,1318309.0,0.001392,413081.0,0.0013915,7.186489399927531
1787024848942,0.001391,1269832.0,0.001392,1493246.0,0.0013915,7.186489399927531
1787024848943,0.001391,1219914.0,0.001392,2011980.0,0.0013915,7.186489399927531
1787024848995,0.001391,1219914.0,0.001392,2026354.0,0.0013915,7.186489399927531
1787024849000,0.001391,1390005.0,0.001392,2026354.0,0.0013915,7.186489399927531
1787024849002,0.001391,1318114.0,0.001392,2026354.0,0.0013915,7.186489399927531
1787024849009,0.001391,1322068.0,0.001392,2026354.0,0.0013915,7.186489399927531
1787024849012,0.001391,1333926.0,0.001392,2026354.0,0.0013915,7.186489399927531
1787024849035,0.001391,2224508.0,0.001392,2930785.0,0.0013915,7.186489399927531
1787024849039,0.001391,2253430.0,0.001392,2930785.0,0.0013915,7.186489399927531
1787024849050,0.001391,2253430.0,0.001392,2942643.0,0.0013915,7.186489399927531
1787024849097,0.001391,2524596.0,0.001392,2942643.0,0.0013915,7.186489399927531
1787024849098,0.001391,2660179.0,0.001392,2942643.0,0.0013915,7.186489399927531
1787024849120,0.001391,2660179.0,0.001392,3069095.0,0.0013915,7.186489399927531
1787024849169,0.001391,2660179.0,0.001392,3219254.0,0.0013915,7.186489399927531
1787024849256,0.001391,2665183.0,0.001392,3219254.0,0.0013915,7.186489399927531
1787024849257,0.001391,2669167.0,0.001392,3219254.0,0.0013915,7.186489399927531
1787024849258,0.001391,2657309.0,0.001392,3219254.0,0.0013915,7.186489399927531
1787024849259,0.001391,2669167.0,0.001392,3219254.0,0.0013915,7.186489399927531
1787024849279,0.001391,2848957.0,0.001392,3219254.0,0.0013915,7.186489399927531
1787024849299,0.001391,2856143.0,0.001392,3219254.0,0.0013915,7.186489399927531
1787024849400,0.001391,2686052.0,0.001392,3219254.0,0.0013915,7.186489399927531
1787024849415,0.001391,2680263.0,0.001392,3219254.0,0.0013915,7.186489399927531
1787024849441,0.001391,2680263.0,0.001392,3604784.0,0.0013915,7.186489399927531
1787024849655,0.001391,2691632.0,0.001392,3604784.0,0.0013915,7.186489399927531
1787024849768,0.001391,2691632.0,0.001392,3608736.0,0.0013915,7.186489399927531
1787024850041,0.001391,2662710.0,0.001392,3608736.0,0.0013915,7.186489399927531
1787024850097,0.001391,2527127.0,0.001392,3608736.0,0.0013915,7.186489399927531
1787024850299,0.001391,2519941.0,0.001392,3608736.0,0.0013915,7.186489399927531
1787024850301,0.001391,3054450.0,0.001392,3608736.0,0.0013915,7.186489399927531
1787024850359,0.001391,3049172.0,0.001392,3608736.0,0.0013915,7.186489399927531
1787024850360,0.001391,2467478.0,0.001392,3608736.0,0.0013915,7.186489399927531
1787024850377,0.001391,2456109.0,0.001392,3608736.0,0.0013915,7.186489399927531
1787024850445,0.001391,1565527.0,0.001392,3608736.0,0.0013915,7.186489399927531
1787024850447,0.001391,1565527.0,0.001392,3858434.0,0.0013915,7.186489399927531
1787024850760,0.001391,2294550.0,0.001392,3858434.0,0.0013915,7.186489399927531
1787024850761,0.001391,2282692.0,0.001392,3858434.0,0.0013915,7.186489399927531
1787024850762,0.001391,2294550.0,0.001392,3858434.0,0.0013915,7.186489399927531
1787024850799,0.001391,2301736.0,0.001392,3858434.0,0.0013915,7.186489399927531
1787024850862,0.001391,2301736.0,0.001392,3892949.0,0.0013915,7.186489399927531
1787024850897,0.00139,1811736.0,0.001391,17818.0,0.0013905,7.191657677095526
1787024850898,0.00139,1811736.0,0.001391,523992.0,0.0013905,7.191657677095526
1787024850899,0.00139,1481919.0,0.001391,1408817.0,0.0013905,7.191657677095526
1787024850900,0.00139,1481919.0,0.001391,1413172.0,0.0013905,7.191657677095526
1787024850901,0.00139,1151521.0,0.001391,1691377.0,0.0013905,7.191657677095526
1787024850902,0.00139,1151521.0,0.001391,1648217.0,0.0013905,7.191657677095526
1787024850903,0.00139,917457.0,0.001391,1626637.0,0.0013905,7.191657677095526
1787024850906,0.00139,917457.0,0.001391,986052.0,0.0013905,7.191657677095526
1787024850908,0.00139,1138325.0,0.001391,986052.0,0.0013905,7.191657677095526
1787024850967,0.00139,1138325.0,0.001391,991281.0,0.0013905,7.191657677095526
1787024850969,0.00139,1138325.0,0.001391,1480757.0,0.0013905,7.191657677095526
1787024850988,0.00139,994363.0,0.001391,1480757.0,0.0013905,7.191657677095526
1787024850995,0.00139,1066305.0,0.001391,1480757.0,0.0013905,7.191657677095526
1787024850998,0.00139,1066305.0,0.001391,1495141.0,0.0013905,7.191657677095526
1787024851061,0.00139,1078172.0,0.001391,1507008.0,0.0013905,7.191657677095526
1787024851098,0.00139,1349238.0,0.001391,1507008.0,0.0013905,7.191657677095526
1787024851100,0.00139,2178195.0,0.001391,2355646.0,0.0013905,7.191657677095526
1787024851101,0.00139,2094386.0,0.001391,1866170.0,0.0013905,7.191657677095526
1787024851124,0.00139,2089933.0,0.001391,1866170.0,0.0013905,7.191657677095526
1787024851187,0.00139,2101800.0,0.001391,1866170.0,0.0013905,7.191657677095526
1787024851357,0.00139,2098627.0,0.001391,1866170.0,0.0013905,7.191657677095526
1787024851360,0.00139,2278656.0,0.001391,1866170.0,0.0013905,7.191657677095526
1787024851370,0.00139,2314627.0,0.001391,1866170.0,0.0013905,7.191657677095526
1787024851375,0.00139,2350598.0,0.001391,1866170.0,0.0013905,7.191657677095526
1787024851621,0.00139,2350598.0,0.001391,1870124.0,0.0013905,7.191657677095526
1787024851788,0.00139,2298857.0,0.001391,1870124.0,0.0013905,7.191657677095526
1787024851797,0.00139,2306048.0,0.001391,1870124.0,0.0013905,7.191657677095526
1787024852118,0.00139,2309646.0,0.001391,1870124.0,0.0013905,7.191657677095526
1787024852125,0.00139,2309646.0,0.001391,2920468.0,0.0013905,7.191657677095526
1787024852127,0.00139,2309646.0,0.001391,2920468.0,0.0013905,7.191657677095526
1787024852243,0.00139,2317736.0,0.001391,2920468.0,0.0013905,7.191657677095526
1787024852295,0.00139,2310545.0,0.001391,2920468.0,0.0013905,7.191657677095526
1787024852510,0.00139,2310545.0,0.001391,3046952.0,0.0013905,7.191657677095526
1787024852653,0.00139,2305768.0,0.001391,3046952.0,0.0013905,7.191657677095526
1787024852825,0.00139,1476811.0,0.001391,3046952.0,0.0013905,7.191657677095526
1787024852826,0.00139,1227113.0,0.001391,3046952.0,0.0013905,7.191657677095526
1787024852829,0.001389,2585360.0,0.00139,893737.0,0.0013895000000000001,7.196833393306339
1787024852830,0.001389,1893326.0,0.00139,687266.0,0.0013895000000000001,7.196833393306339
1787024852831,0.001389,1691041.0,0.00139,949606.0,0.0013895000000000001,7.196833393306339
1787024852832,0.001389,1287549.0,0.00139,949606.0,0.0013895000000000001,7.196833393306339
1787024852833,0.001389,1246272.0,0.00139,953563.0,0.0013895000000000001,7.196833393306339
1787024852834,0.001389,530472.0,0.00139,953563.0,0.0013895000000000001,7.196833393306339
1787024852835,0.001388,3383417.0,0.001389,810359.0,0.0013885,7.202016564639054
1787024852836,0.001388,1669051.0,0.001389,573850.0,0.0013885,7.202016564639054
1787024852837,0.001388,960891.0,0.001389,653511.0,0.0013885,7.202016564639054
1787024852838,0.001388,1001963.0,0.001389,915851.0,0.0013885,7.202016564639054
1787024852839,0.001388,1037998.0,0.001389,915851.0,0.0013885,7.202016564639054
1787024852841,0.001388,1030793.0,0.001389,836190.0,0.0013885,7.202016564639054
1787024852842,0.001388,1037998.0,0.001389,836190.0,0.0013885,7.202016564639054
1787024852868,0.001388,1037998.0,0.001389,824270.0,0.0013885,7.202016564639054
1787024852873,0.001388,1037998.0,0.001389,828591.0,0.0013885,7.202016564639054
1787024852880,0.001388,1037998.0,0.001389,562945.0,0.0013885,7.202016564639054
1787024852881,0.001388,1037998.0,0.001389,300605.0,0.0013885,7.202016564639054
1787024852882,0.001388,1081773.0,0.001389,300605.0,0.0013885,7.202016564639054
1787024852884,0.001388,1074568.0,0.001389,300605.0,0.0013885,7.202016564639054
1787024852886,0.001388,1089159.0,0.001389,300605.0,0.0013885,7.202016564639054
1787024852890,0.001388,1103569.0,0.001389,300605.0,0.0013885,7.202016564639054
1787024852891,0.001388,1096364.0,0.001389,300605.0,0.0013885,7.202016564639054
1787024852893,0.001388,1124933.0,0.001389,300605.0,0.0013885,7.202016564639054
1787024852895,0.001388,1132138.0,0.001389,300605.0,0.0013885,7.202016564639054
1787024852896,0.001388,1124933.0,0.001389,300605.0,0.0013885,7.202016564639054
1787024852898,0.001388,1124933.0,0.001389,315006.0,0.0013885,7.202016564639054
1787024852900,0.001388,1132138.0,0.001389,315006.0,0.0013885,7.202016564639054
1787024852901,0.001388,1124933.0,0.001389,315006.0,0.0013885,7.202016564639054
1787024852902,0.001388,1124933.0,0.001389,363483.0,0.0013885,7.202016564639054
1787024852903,0.001388,1204184.0,0.001389,363483.0,0.0013885,7.202016564639054
1787024852904,0.001388,1196979.0,0.001389,363483.0,0.0013885,7.202016564639054
1787024852906,0.001388,1153204.0,0.001389,363483.0,0.0013885,7.202016564639054
1787024852907,0.001388,1160409.0,0.001389,363483.0,0.0013885,7.202016564639054
1787024852908,0.001388,1153204.0,0.001389,363483.0,0.0013885,7.202016564639054
1787024852909,0.001388,1138613.0,0.001389,363483.0,0.0013885,7.202016564639054
1787024852911,0.001388,1138613.0,0.001389,585116.0,0.0013885,7.202016564639054
1787024852913,0.001388,923552.0,0.001389,585116.0,0.0013885,7.202016564639054
1787024852935,0.001388,923552.0,0.001389,847456.0,0.0013885,7.202016564639054
1787024852937,0.001388,867870.0,0.001389,847456.0,0.0013885,7.202016564639054
1787024852940,0.001388,640824.0,0.001389,847456.0,0.0013885,7.202016564639054
1787024852949,0.001388,611994.0,0.001389,847456.0,0.0013885,7.202016564639054
1787024853005,0.001388,595695.0,0.001389,847456.0,0.0013885,7.202016564639054
1787024853006,0.001388,595695.0,0.001389,2097316.0,0.0013885,7.202016564639054
1787024853007,0.001388,285686.0,0.001389,2097316.0,0.0013885,7.202016564639054
1787024853009,0.001388,213640.0,0.001389,2097316.0,0.0013885,7.202016564639054
1787024853026,0.001388,213640.0,0.001389,2947384.0,0.0013885,7.202016564639054
1787024853099,0.001388,213640.0,0.001389,3083122.0,0.0013885,7.202016564639054
1787024853147,0.001388,213649.0,0.001389,3095006.0,0.0013885,7.202016564639054
1787024853232,0.001388,161206.0,0.001389,3095006.0,0.0013885,7.202016564639054
1787024853234,0.001388,161206.0,0.00139,3002273.0,0.001389,14.398848092152976
1787024853235,0.001388,520286.0,0.001389,413081.0,0.0013885,7.202016564639054
1787024853236,0.001388,2685809.0,0.001389,191448.0,0.0013885,7.202016564639054
1787024853237,0.001389,1096385.0,0.00139,2058293.0,0.0013895000000000001,7.196833393306339
1787024853238,0.001389,547270.0,0.00139,784505.0,0.0013895000000000001,7.196833393306339
1787024853239,0.001389,867205.0,0.00139,562872.0,0.0013895000000000001,7.196833393306339
1787024853240,0.001389,842520.0,0.00139,377619.0,0.0013895000000000001,7.196833393306339
1787024853245,0.001389,1730419.0,0.00139,377619.0,0.0013895000000000001,7.196833393306339
1787024853247,0.001389,1730419.0,0.00139,269667.0,0.0013895000000000001,7.196833393306339
1787024853271,0.001389,842520.0,0.00139,269667.0,0.0013895000000000001,7.196833393306339
1787024853296,0.001389,842520.0,0.00139,284058.0,0.0013895000000000001,7.196833393306339
1787024853297,0.001389,842520.0,0.00139,546398.0,0.0013895000000000001,7.196833393306339
1787024853302,0.001389,760988.0,0.00139,546398.0,0.0013895000000000001,7.196833393306339
1787024853328,0.001389,809465.0,0.00139,546398.0,0.0013895000000000001,7.196833393306339
1787024853357,0.001389,821340.0,0.00139,554317.0,0.0013895000000000001,7.196833393306339
1787024853359,0.001389,772863.0,0.00139,554317.0,0.0013895000000000001,7.196833393306339
1787024853381,0.001389,844857.0,0.00139,554317.0,0.0013895000000000001,7.196833393306339
1787024853407,0.001389,844857.0,0.00139,550004.0,0.0013895000000000001,7.196833393306339
1787024853438,0.001389,844857.0,0.00139,1322564.0,0.0013895000000000001,7.196833393306339
1787024853439,0.001389,844857.0,0.00139,1310689.0,0.0013895000000000001,7.196833393306339
1787024853441,0.001389,844857.0,0.00139,2110689.0,0.0013895000000000001,7.196833393306339
1787024853464,0.001389,844857.0,0.00139,1310689.0,0.0013895000000000001,7.196833393306339
1787024853473,0.001389,1584827.0,0.00139,1310689.0,0.0013895000000000001,7.196833393306339
1787024853474,0.001389,1572952.0,0.00139,1310689.0,0.0013895000000000001,7.196833393306339
1787024853491,0.001389,1500958.0,0.00139,1310689.0,0.0013895000000000001,7.196833393306339
1787024853496,0.001389,1500958.0,0.00139,1316367.0,0.0013895000000000001,7.196833393306339
1787024853512,0.001389,1512833.0,0.00139,1328242.0,0.0013895000000000001,7.196833393306339
1787024853533,0.001389,2047342.0,0.00139,1328242.0,0.0013895000000000001,7.196833393306339
1787024853535,0.001389,1975348.0,0.00139,1328242.0,0.0013895000000000001,7.196833393306339
1787024853761,0.001389,1979308.0,0.00139,1328242.0,0.0013895000000000001,7.196833393306339
1787024853789,0.001389,1974320.0,0.00139,1328242.0,0.0013895000000000001,7.196833393306339
1787024853791,0.001389,1619970.0,0.00139,2128242.0,0.0013895000000000001,7.196833393306339
1787024853827,0.001389,1486759.0,0.00139,2128242.0,0.0013895000000000001,7.196833393306339
1787024853829,0.001389,746789.0,0.00139,2128242.0,0.0013895000000000001,7.196833393306339
1787024853830,0.001389,746789.0,0.00139,2128242.0,0.0013895000000000001,7.196833393306339
1787024853865,0.001389,484449.0,0.00139,2128242.0,0.0013895000000000001,7.196833393306339
1787024853895,0.001389,262816.0,0.00139,2128242.0,0.0013895000000000001,7.196833393306339
1787024853896,0.001389,262816.0,0.00139,2597434.0,0.0013895000000000001,7.196833393306339
1787024853920,0.001389,262816.0,0.00139,2637414.0,0.0013895000000000001,7.196833393306339
1787024854128,0.001389,797325.0,0.00139,2637414.0,0.0013895000000000001,7.196833393306339
1787024854129,0.001389,797325.0,0.00139,2637414.0,0.0013895000000000001,7.196833393306339
1787024854130,0.001389,797325.0,0.00139,1837414.0,0.0013895000000000001,7.196833393306339
1787024854131,0.001389,797325.0,0.00139,1837414.0,0.0013895000000000001,7.196833393306339
1787024854286,0.001389,801016.0,0.00139,1837414.0,0.0013895000000000001,7.196833393306339
1787024854437,0.001389,771512.0,0.00139,1837414.0,0.0013895000000000001,7.196833393306339
1787024854438,0.001389,237003.0,0.00139,1837414.0,0.0013895000000000001,7.196833393306339
1787024854537,0.001389,241344.0,0.00139,1837414.0,0.0013895000000000001,7.196833393306339
1787024854636,0.001389,241344.0,0.00139,1858852.0,0.0013895000000000001,7.196833393306339
1787024854739,0.001389,775853.0,0.00139,1858852.0,0.0013895000000000001,7.196833393306339
1787024854740,0.001389,1603429.0,0.00139,1858852.0,0.0013895000000000001,7.196833393306339
1787024854741,0.001389,1591554.0,0.00139,1389660.0,0.0013895000000000001,7.196833393306339
1787024854873,0.001389,1585388.0,0.00139,1389660.0,0.0013895000000000001,7.196833393306339
1787024854874,0.001389,1050879.0,0.00139,1389660.0,0.0013895000000000001,7.196833393306339
1787024854875,0.001389,235178.0,0.00139,1989660.0,0.0013895000000000001,7.196833393306339
1787024854876,0.001389,235178.0,0.00139,2554315.0,0.0013895000000000001,7.196833393306339
1787024854917,0.001389,270186.0,0.00139,2554315.0,0.0013895000000000001,7.196833393306339
1787024854922,0.001389,270186.0,0.00139,2514335.0,0.0013895000000000001,7.196833393306339
1787024855051,0.001389,270186.0,0.00139,1914335.0,0.0013895000000000001,7.196833393306339
1787024855053,0.001389,270186.0,0.00139,1902460.0,0.0013895000000000001,7.196833393306339
1787024855054,0.001389,270186.0,0.00139,1914335.0,0.0013895000000000001,7.196833393306339
1787024855105,0.001389,270186.0,0.00139,2653842.0,0.0013895000000000001,7.196833393306339
1787024855175,0.001389,804695.0,0.00139,2653842.0,0.0013895000000000001,7.196833393306339
1787024855176,0.001389,804695.0,0.00139,2653842.0,0.0013895000000000001,7.196833393306339
1787024855236,0.001389,811976.0,0.00139,2653842.0,0.0013895000000000001,7.196833393306339
1787024855551,0.001389,805271.0,0.00139,2653842.0,0.0013895000000000001,7.196833393306339
1787024855552,0.001389,270762.0,0.00139,2653842.0,0.0013895000000000001,7.196833393306339
1787024855554,0.001389,319239.0,0.00139,2653842.0,0.0013895000000000001,7.196833393306339
1787024855618,0.001389,540872.0,0.00139,2653842.0,0.0013895000000000001,7.196833393306339
1787024855619,0.001389,1275195.0,0.00139,2653842.0,0.0013895000000000001,7.196833393306339
1787024855620,0.001389,1512510.0,0.00139,2089187.0,0.0013895000000000001,7.196833393306339
1787024855647,0.001389,1524385.0,0.00139,2089187.0,0.0013895000000000001,7.196833393306339
1787024855796,0.001389,1531581.0,0.00139,2089187.0,0.0013895000000000001,7.196833393306339
1787024855853,0.001389,2066090.0,0.00139,2089187.0,0.0013895000000000001,7.196833393306339
1787024855869,0.001389,2062379.0,0.00139,2089187.0,0.0013895000000000001,7.196833393306339
1787024856033,0.001389,1527870.0,0.00139,2089187.0,0.0013895000000000001,7.196833393306339
1787024856034,0.001389,544357.0,0.00139,2614537.0,0.0013895000000000001,7.196833393306339
1787024856035,0.001389,532482.0,0.00139,2614537.0,0.0013895000000000001,7.196833393306339
1787024856036,0.001389,544357.0,0.00139,2614537.0,0.0013895000000000001,7.196833393306339
1787024856133,0.001389,1078866.0,0.00139,2614537.0,0.0013895000000000001,7.196833393306339
1787024856356,0.001389,1941457.0,0.00139,2614537.0,0.0013895000000000001,7.196833393306339
1787024856357,0.001389,1941457.0,0.00139,2089187.0,0.0013895000000000001,7.196833393306339
1787024856359,0.001389,1941457.0,0.00139,2089187.0,0.0013895000000000001,7.196833393306339
1787024856485,0.001389,1941457.0,0.00139,2083372.0,0.0013895000000000001,7.196833393306339
1787024856646,0.001389,1941457.0,0.00139,2054804.0,0.0013895000000000001,7.196833393306339
1787024856764,0.001389,1937269.0,0.00139,2054804.0,0.0013895000000000001,7.196833393306339
1787024856974,0.001389,1937269.0,0.00139,1706158.0,0.0013895000000000001,7.196833393306339
1787024856975,0.001389,2186459.0,0.00139,1706158.0,0.0013895000000000001,7.196833393306339
1787024856976,0.001389,2186459.0,0.00139,937555.0,0.0013895000000000001,7.196833393306339
1787024856996,0.001389,2186459.0,0.00139,951947.0,0.0013895000000000001,7.196833393306339
1787024857003,0.001389,2181416.0,0.00139,951947.0,0.0013895000000000001,7.196833393306339
1787024857004,0.001389,2181416.0,0.00139,1551947.0,0.0013895000000000001,7.196833393306339
1787024857006,0.001389,2181416.0,0.00139,951947.0,0.0013895000000000001,7.196833393306339
1787024857007,0.001389,2181416.0,0.00139,940072.0,0.0013895000000000001,7.196833393306339
1787024857080,0.001389,2181416.0,0.00139,951947.0,0.0013895000000000001,7.196833393306339
1787024857097,0.001389,2452360.0,0.00139,951947.0,0.0013895000000000001,7.196833393306339
1787024857185,0.001389,2452360.0,0.00139,1811220.0,0.0013895000000000001,7.196833393306339
1787024858374,0.001389,2452360.0,0.00139,1815177.0,0.0013895000000000001,7.196833393306339
1787024858403,0.001389,2446282.0,0.00139,1815177.0,0.0013895000000000001,7.196833393306339
1787024858893,0.001389,2446282.0,0.00139,1819917.0,0.0013895000000000001,7.196833393306339
1787024858920,0.001389,2430944.0,0.00139,1819917.0,0.0013895000000000001,7.196833393306339
1787024858921,0.001389,2434904.0,0.00139,1819917.0,0.0013895000000000001,7.196833393306339
1787024859562,0.001389,2434904.0,0.00139,1515706.0,0.0013895000000000001,7.196833393306339
1787024859563,0.001389,2434904.0,0.00139,644558.0,0.0013895000000000001,7.196833393306339
1787024859564,0.001389,2434904.0,0.00139,656433.0,0.0013895000000000001,7.196833393306339
1787024859583,0.001389,2428734.0,0.00139,656433.0,0.0013895000000000001,7.196833393306339
1787024859614,0.001389,2428734.0,0.00139,652833.0,0.0013895000000000001,7.196833393306339
1787024859681,0.001389,2599963.0,0.00139,652833.0,0.0013895000000000001,7.196833393306339
1787024859699,0.001389,2770054.0,0.00139,652833.0,0.0013895000000000001,7.196833393306339
1787024859701,0.001389,2770054.0,0.001391,3081026.0,0.0013900000000000002,14.388489208633441
1787024859702,0.00139,569545.0,0.001391,2994525.0,0.0013905,7.191657677095526
1787024859703,0.00139,1473663.0,0.001391,3038278.0,0.0013905,7.191657677095526
1787024859704,0.00139,1473663.0,0.001391,2886741.0,0.0013905,7.191657677095526
1787024859705,0.00139,1473663.0,0.001391,2408636.0,0.0013905,7.191657677095526
1787024859707,0.00139,1473663.0,0.001391,2124040.0,0.0013905,7.191657677095526
1787024859735,0.00139,1401721.0,0.001391,2124040.0,0.0013905,7.191657677095526
1787024859766,0.00139,2273980.0,0.001391,2982146.0,0.0013905,7.191657677095526
1787024859771,0.00139,2273980.0,0.001391,2931280.0,0.0013905,7.191657677095526
1787024859772,0.00139,2273980.0,0.001391,2073174.0,0.0013905,7.191657677095526
1787024859796,0.00139,2281171.0,0.001391,2073174.0,0.0013905,7.191657677095526
1787024859797,0.00139,2281171.0,0.001391,2087557.0,0.0013905,7.191657677095526
1787024859848,0.00139,2285128.0,0.001391,2087557.0,0.0013905,7.191657677095526
1787024859884,0.00139,2296995.0,0.001391,2087557.0,0.0013905,7.191657677095526
1787024859885,0.00139,2296995.0,0.001391,2099424.0,0.0013905,7.191657677095526
1787024859899,0.00139,2467086.0,0.001391,2099424.0,0.0013905,7.191657677095526
1787024859990,0.00139,2467086.0,0.001391,2917968.0,0.0013905,7.191657677095526
1787024860098,0.00139,2602130.0,0.001391,2917968.0,0.0013905,7.191657677095526
1787024860099,0.00139,2737174.0,0.001391,2917968.0,0.0013905,7.191657677095526
1787024860100,0.00139,2567083.0,0.001391,2917968.0,0.0013905,7.191657677095526
1787024860108,0.00139,2747112.0,0.001391,2917968.0,0.0013905,7.191657677095526
1787024860221,0.00139,2754393.0,0.001391,2917968.0,0.0013905,7.191657677095526
1787024860268,0.00139,2754393.0,0.001391,2891529.0,0.0013905,7.191657677095526
1787024860299,0.00139,2747202.0,0.001391,2891529.0,0.0013905,7.191657677095526
1787024860607,0.00139,2744326.0,0.001391,2891529.0,0.0013905,7.191657677095526
1787024860798,0.00139,2751517.0,0.001391,2891529.0,0.0013905,7.191657677095526
1787024860881,0.00139,1879258.0,0.001391,2891529.0,0.0013905,7.191657677095526
1787024860960,0.00139,1663935.0,0.001391,2891529.0,0.0013905,7.191657677095526
1787024861097,0.00139,1393847.0,0.001391,2891529.0,0.0013905,7.191657677095526
1787024861098,0.00139,1144657.0,0.001391,2891529.0,0.0013905,7.191657677095526
1787024861100,0.00139,1132790.0,0.001391,2891529.0,0.0013905,7.191657677095526
1787024861112,0.00139,1144657.0,0.001391,2891529.0,0.0013905,7.191657677095526
1787024861296,0.00139,1137466.0,0.001391,2891529.0,0.0013905,7.191657677095526
1787024861342,0.001389,2242167.0,0.001391,2891529.0,0.0013900000000000002,14.388489208633441
1787024861343,0.001389,2242167.0,0.00139,914079.0,0.0013895000000000001,7.196833393306339
1787024861344,0.001389,1555823.0,0.00139,1992755.0,0.0013895000000000001,7.196833393306339
1787024861345,0.001389,1334190.0,0.00139,2748532.0,0.0013895000000000001,7.196833393306339
1787024861346,0.001389,1362980.0,0.00139,2748532.0,0.0013895000000000001,7.196833393306339
1787024861347,0.001389,292408.0,0.00139,2197722.0,0.0013895000000000001,7.196833393306339
1787024861348,0.001389,584802.0,0.00139,2197722.0,0.0013895000000000001,7.196833393306339
1787024861349,0.001389,584802.0,0.00139,2185814.0,0.0013895000000000001,7.196833393306339
1787024861370,0.001389,580843.0,0.00139,2185814.0,0.0013895000000000001,7.196833393306339
1787024861395,0.001389,580843.0,0.00139,2200211.0,0.0013895000000000001,7.196833393306339
1787024861423,0.001389,592718.0,0.00139,2212086.0,0.0013895000000000001,7.196833393306339
1787024861425,0.001389,592718.0,0.00139,1981887.0,0.0013895000000000001,7.196833393306339
1787024861446,0.001389,199462.0,0.00139,2032791.0,0.0013895000000000001,7.196833393306339
1787024861448,0.001389,78991.0,0.00139,2032791.0,0.0013895000000000001,7.196833393306339
1787024861516,0.001389,78991.0,0.00139,2248114.0,0.0013895000000000001,7.196833393306339
1787024861518,0.001389,78991.0,0.00139,2737074.0,0.0013895000000000001,7.196833393306339
1787024861521,0.001388,2075731.0,0.001389,914024.0,0.0013885,7.202016564639054
1787024861522,0.001388,1071179.0,0.001389,1656114.0,0.0013885,7.202016564639054
1787024861523,0.001388,999133.0,0.001389,1215566.0,0.0013885,7.202016564639054
1787024861524,0.001388,1027923.0,0.001389,1215566.0,0.0013885,7.202016564639054
1787024861527,0.001388,999133.0,0.001389,1215566.0,0.0013885,7.202016564639054
1787024861550,0.001388,1840303.0,0.001389,2091548.0,0.0013885,7.202016564639054
1787024861571,0.001388,1840303.0,0.001389,2095869.0,0.0013885,7.202016564639054
1787024861583,0.001388,1618670.0,0.001389,2095869.0,0.0013885,7.202016564639054
1787024861587,0.001388,1630554.0,0.001389,2107753.0,0.0013885,7.202016564639054
1787024861598,0.001388,1630554.0,0.001389,2122158.0,0.0013885,7.202016564639054
1787024861701,0.001388,1625483.0,0.001389,2122158.0,0.0013885,7.202016564639054
1787024861703,0.001388,1805652.0,0.001389,2122158.0,0.0013885,7.202016564639054
1787024861798,0.001388,1812854.0,0.001389,2122158.0,0.0013885,7.202016564639054
1787024862178,0.001388,1808046.0,0.001389,2122158.0,0.0013885,7.202016564639054
1787024862237,0.001388,1814599.0,0.001389,2122158.0,0.0013885,7.202016564639054
1787024862271,0.001388,1814599.0,0.001389,2126118.0,0.0013885,7.202016564639054
1787024862298,0.001388,1807397.0,0.001389,2126118.0,0.0013885,7.202016564639054
1787024862487,0.001388,1807397.0,0.001389,1250136.0,0.0013885,7.202016564639054
1787024862999,0.001388,1801366.0,0.001389,1250136.0,0.0013885,7.202016564639054
1787024863001,0.001388,1801366.0,0.001389,1850136.0,0.0013885,7.202016564639054
1787024863002,0.001388,1729320.0,0.001389,2113622.0,0.0013885,7.202016564639054
1787024863003,0.001388,1729320.0,0.001389,2101738.0,0.0013885,7.202016564639054
1787024863004,0.001388,1729320.0,0.001389,2113622.0,0.0013885,7.202016564639054
1787024863269,0.001388,224078.0,0.001389,2113622.0,0.0013885,7.202016564639054
1787024863270,0.001388,202569.0,0.001389,3149033.0,0.0013885,7.202016564639054
1787024863271,0.001388,239162.0,0.001389,2934781.0,0.0013885,7.202016564639054
1787024863274,0.001388,239162.0,0.001389,3061447.0,0.0013885,7.202016564639054
1787024863275,0.001387,1489587.0,0.001388,1008763.0,0.0013874999999999998,7.2072072072066025
1787024863276,0.001387,840413.0,0.001388,532951.0,0.0013874999999999998,7.2072072072066025
1787024863277,0.001387,833203.0,0.001388,569500.0,0.0013874999999999998,7.2072072072066025
1787024863278,0.001387,861993.0,0.001388,3963.0,0.0013874999999999998,7.2072072072066025
1787024863279,0.001387,861993.0,0.001388,140121.0,0.0013874999999999998,7.2072072072066025
1787024863280,0.001387,1015210.0,0.001388,140121.0,0.0013874999999999998,7.2072072072066025
1787024863281,0.001387,1015210.0,0.001388,304155.0,0.0013874999999999998,7.2072072072066025
1787024863282,0.001387,1022420.0,0.001388,304155.0,0.0013874999999999998,7.2072072072066025
1787024863283,0.001387,1015210.0,0.001388,304155.0,0.0013874999999999998,7.2072072072066025
1787024863284,0.001387,1015210.0,0.001388,352632.0,0.0013874999999999998,7.2072072072066025
1787024863285,0.001387,1022420.0,0.001388,352632.0,0.0013874999999999998,7.2072072072066025
1787024863286,0.001387,1015210.0,0.001388,352632.0,0.0013874999999999998,7.2072072072066025
1787024863289,0.001387,1022420.0,0.001388,352632.0,0.0013874999999999998,7.2072072072066025
1787024863290,0.001387,1015210.0,0.001388,352632.0,0.0013874999999999998,7.2072072072066025
1787024863291,0.001387,934091.0,0.001388,352632.0,0.0013874999999999998,7.2072072072066025
1787024863293,0.001387,934091.0,0.001388,352632.0,0.0013874999999999998,7.2072072072066025
1787024863295,0.001387,941301.0,0.001388,352632.0,0.0013874999999999998,7.2072072072066025
1787024863296,0.001387,934091.0,0.001388,352632.0,0.0013874999999999998,7.2072072072066025
1787024863298,0.001387,941301.0,0.001388,352632.0,0.0013874999999999998,7.2072072072066025
1787024863299,0.001387,934091.0,0.001388,352632.0,0.0013874999999999998,7.2072072072066025
1787024863303,0.001387,941301.0,0.001388,352632.0,0.0013874999999999998,7.2072072072066025
1787024863304,0.001387,934091.0,0.001388,352632.0,0.0013874999999999998,7.2072072072066025
1787024863307,0.001387,941301.0,0.001388,352632.0,0.0013874999999999998,7.2072072072066025
1787024863308,0.001387,934091.0,0.001388,352632.0,0.0013874999999999998,7.2072072072066025
1787024863310,0.001387,934091.0,0.001388,352632.0,0.0013874999999999998,7.2072072072066025
1787024863316,0.001387,941301.0,0.001388,352632.0,0.0013874999999999998,7.2072072072066025
1787024863317,0.001387,934091.0,0.001388,352632.0,0.0013874999999999998,7.2072072072066025
1787024863323,0.001387,941301.0,0.001388,352632.0,0.0013874999999999998,7.2072072072066025
1787024863324,0.001387,934091.0,0.001388,352632.0,0.0013874999999999998,7.2072072072066025
1787024863326,0.001387,941301.0,0.001388,352632.0,0.0013874999999999998,7.2072072072066025
1787024863327,0.001387,934091.0,0.001388,352632.0,0.0013874999999999998,7.2072072072066025
1787024863328,0.001387,941301.0,0.001388,352632.0,0.0013874999999999998,7.2072072072066025
1787024863329,0.001387,934091.0,0.001388,352632.0,0.0013874999999999998,7.2072072072066025
1787024863331,0.001387,941301.0,0.001388,352632.0,0.0013874999999999998,7.2072072072066025
1787024863332,0.001387,934091.0,0.001388,352632.0,0.0013874999999999998,7.2072072072066025
1787024863333,0.001387,941301.0,0.001388,352632.0,0.0013874999999999998,7.2072072072066025
1787024863334,0.001387,934091.0,0.001388,352632.0,0.0013874999999999998,7.2072072072066025
1787024863343,0.001387,941301.0,0.001388,352632.0,0.0013874999999999998,7.2072072072066025
1787024863344,0.001387,934091.0,0.001388,352632.0,0.0013874999999999998,7.2072072072066025
1787024863348,0.001387,941301.0,0.001388,352632.0,0.0013874999999999998,7.2072072072066025
1787024863349,0.001387,934091.0,0.001388,352632.0,0.0013874999999999998,7.2072072072066025
1787024863357,0.001387,934091.0,0.001388,352632.0,0.0013874999999999998,7.2072072072066025
1787024863362,0.001387,941301.0,0.001388,352632.0,0.0013874999999999998,7.2072072072066025
1787024863363,0.001387,934091.0,0.001388,352632.0,0.0013874999999999998,7.2072072072066025
1787024863367,0.001387,941301.0,0.001388,352632.0,0.0013874999999999998,7.2072072072066025
1787024863368,0.001387,934091.0,0.001388,352632.0,0.0013874999999999998,7.2072072072066025
1787024863370,0.001387,941301.0,0.001388,352632.0,0.0013874999999999998,7.2072072072066025
1787024863371,0.001387,934091.0,0.001388,352632.0,0.0013874999999999998,7.2072072072066025
1787024863372,0.001387,930127.0,0.001388,352632.0,0.0013874999999999998,7.2072072072066025
1787024863373,0.001387,930127.0,0.001388,352632.0,0.0013874999999999998,7.2072072072066025
1787024863376,0.001387,937337.0,0.001388,352632.0,0.0013874999999999998,7.2072072072066025
1787024863377,0.001387,930127.0,0.001388,352632.0,0.0013874999999999998,7.2072072072066025
1787024863378,0.001387,937337.0,0.001388,352632.0,0.0013874999999999998,7.2072072072066025
1787024863379,0.001387,930127.0,0.001388,352632.0,0.0013874999999999998,7.2072072072066025
1787024863382,0.001387,937337.0,0.001388,352632.0,0.0013874999999999998,7.2072072072066025
1787024863383,0.001387,930127.0,0.001388,352632.0,0.0013874999999999998,7.2072072072066025
1787024863401,0.001387,937337.0,0.001388,352632.0,0.0013874999999999998,7.2072072072066025
1787024863402,0.001387,930127.0,0.001388,352632.0,0.0013874999999999998,7.2072072072066025
1787024863404,0.001387,930127.0,0.001388,352632.0,0.0013874999999999998,7.2072072072066025
1787024863406,0.001387,937337.0,0.001388,352632.0,0.0013874999999999998,7.2072072072066025
1787024863407,0.001387,930127.0,0.001388,352632.0,0.0013874999999999998,7.2072072072066025
1787024863435,0.001387,937337.0,0.001388,352632.0,0.0013874999999999998,7.2072072072066025
1787024863436,0.001387,930127.0,0.001388,352632.0,0.0013874999999999998,7.2072072072066025
1787024863470,0.001387,937337.0,0.001388,352632.0,0.0013874999999999998,7.2072072072066025
1787024863471,0.001387,930127.0,0.001388,352632.0,0.0013874999999999998,7.2072072072066025
1787024863472,0.001387,1782577.0,0.001388,352632.0,0.0013874999999999998,7.2072072072066025
1787024863473,0.001387,1789787.0,0.001388,255678.0,0.0013874999999999998,7.2072072072066025
1787024863474,0.001387,1794469.0,0.001388,267570.0,0.0013874999999999998,7.2072072072066025
1787024863475,0.001387,1824213.0,0.001388,267570.0,0.0013874999999999998,7.2072072072066025
1787024863476,0.001387,1831423.0,0.001388,170616.0,0.0013874999999999998,7.2072072072066025
1787024863477,0.001387,1824213.0,0.001388,219093.0,0.0013874999999999998,7.2072072072066025
1787024863478,0.001387,1824213.0,0.001388,170616.0,0.0013874999999999998,7.2072072072066025
1787024863479,0.001387,1831423.0,0.001388,110247.0,0.0013874999999999998,7.2072072072066025
1787024863480,0.001387,1824213.0,0.001388,110247.0,0.0013874999999999998,7.2072072072066025
1787024863481,0.001387,1824213.0,0.001388,158724.0,0.0013874999999999998,7.2072072072066025
1787024863483,0.001387,1831423.0,0.001388,158724.0,0.0013874999999999998,7.2072072072066025
1787024863484,0.001387,1824213.0,0.001388,158724.0,0.0013874999999999998,7.2072072072066025
1787024863488,0.001387,1831423.0,0.001388,158724.0,0.0013874999999999998,7.2072072072066025
1787024863489,0.001387,1824213.0,0.001388,158724.0,0.0013874999999999998,7.2072072072066025
1787024863495,0.001387,1824213.0,0.001388,158724.0,0.0013874999999999998,7.2072072072066025
1787024863498,0.001387,1824213.0,0.001388,158724.0,0.0013874999999999998,7.2072072072066025
1787024863501,0.001387,1831423.0,0.001388,158724.0,0.0013874999999999998,7.2072072072066025
1787024863502,0.001387,1824213.0,0.001388,158724.0,0.0013874999999999998,7.2072072072066025
1787024863504,0.001387,1744574.0,0.001388,158724.0,0.0013874999999999998,7.2072072072066025
1787024863505,0.001387,1722040.0,0.001388,758724.0,0.0013874999999999998,7.2072072072066025
1787024863506,0.001387,1714830.0,0.001388,1619046.0,0.0013874999999999998,7.2072072072066025
1787024863508,0.001387,1722040.0,0.001388,1619046.0,0.0013874999999999998,7.2072072072066025
1787024863509,0.001387,1714830.0,0.001388,1619046.0,0.0013874999999999998,7.2072072072066025
1787024863510,0.001387,1722040.0,0.001388,1619046.0,0.0013874999999999998,7.2072072072066025
1787024863511,0.001387,1714830.0,0.001388,1619046.0,0.0013874999999999998,7.2072072072066025
1787024863514,0.001387,1722040.0,0.001388,1619046.0,0.0013874999999999998,7.2072072072066025
1787024863515,0.001387,1714830.0,0.001388,1019046.0,0.0013874999999999998,7.2072072072066025
1787024863516,0.001387,1722040.0,0.001388,1019046.0,0.0013874999999999998,7.2072072072066025
1787024863517,0.001387,1714830.0,0.001388,1019046.0,0.0013874999999999998,7.2072072072066025
1787024863520,0.001387,1722040.0,0.001388,1019046.0,0.0013874999999999998,7.2072072072066025
1787024863521,0.001387,1714830.0,0.001388,1019046.0,0.0013874999999999998,7.2072072072066025
1787024863525,0.001387,1722040.0,0.001388,1019046.0,0.0013874999999999998,7.2072072072066025
1787024863526,0.001387,1714830.0,0.001388,1019046.0,0.0013874999999999998,7.2072072072066025
1787024863527,0.001387,1722040.0,0.001388,1019046.0,0.0013874999999999998,7.2072072072066025
1787024863528,0.001387,1714830.0,0.001388,1019046.0,0.0013874999999999998,7.2072072072066025
1787024863533,0.001387,1714830.0,0.001388,1019046.0,0.0013874999999999998,7.2072072072066025
1787024863536,0.001387,1722040.0,0.001388,1019046.0,0.0013874999999999998,7.2072072072066025
1787024863537,0.001387,1714830.0,0.001388,1019046.0,0.0013874999999999998,7.2072072072066025
1787024863539,0.001387,1722040.0,0.001388,1019046.0,0.0013874999999999998,7.2072072072066025
1787024863540,0.001387,1714830.0,0.001388,1019046.0,0.0013874999999999998,7.2072072072066025
1787024863543,0.001387,1722040.0,0.001388,1019046.0,0.0013874999999999998,7.2072072072066025
1787024863544,0.001387,1714830.0,0.001388,1019046.0,0.0013874999999999998,7.2072072072066025
1787024863549,0.001387,1722040.0,0.001388,1019046.0,0.0013874999999999998,7.2072072072066025
1787024863550,0.001387,1714830.0,0.001388,1019046.0,0.0013874999999999998,7.2072072072066025
1787024863552,0.001387,1714830.0,0.001388,1019046.0,0.0013874999999999998,7.2072072072066025
1787024863554,0.001387,1722040.0,0.001388,1019046.0,0.0013874999999999998,7.2072072072066025
1787024863555,0.001387,1714830.0,0.001388,1019046.0,0.0013874999999999998,7.2072072072066025
1787024863563,0.001387,1722040.0,0.001388,1019046.0,0.0013874999999999998,7.2072072072066025
1787024863564,0.001387,1714830.0,0.001388,1019046.0,0.0013874999999999998,7.2072072072066025
1787024863566,0.001387,1722040.0,0.001388,1019046.0,0.0013874999999999998,7.2072072072066025
1787024863567,0.001387,1714830.0,0.001388,1019046.0,0.0013874999999999998,7.2072072072066025
1787024863568,0.001387,1722040.0,0.001388,1019046.0,0.0013874999999999998,7.2072072072066025
1787024863569,0.001387,1714830.0,0.001388,1019046.0,0.0013874999999999998,7.2072072072066025
1787024863574,0.001387,1714830.0,0.001388,1019046.0,0.0013874999999999998,7.2072072072066025
1787024863575,0.001387,1714830.0,0.001388,1030938.0,0.0013874999999999998,7.2072072072066025
1787024863576,0.001387,1722040.0,0.001388,1030938.0,0.0013874999999999998,7.2072072072066025
1787024863577,0.001387,1714830.0,0.001388,1030938.0,0.0013874999999999998,7.2072072072066025
1787024863579,0.001387,1722040.0,0.001388,1030938.0,0.0013874999999999998,7.2072072072066025
1787024863580,0.001387,1714830.0,0.001388,1030938.0,0.0013874999999999998,7.2072072072066025
1787024863581,0.001387,1722040.0,0.001388,1030938.0,0.0013874999999999998,7.2072072072066025
1787024863582,0.001387,1714830.0,0.001388,1030938.0,0.0013874999999999998,7.2072072072066025
1787024863583,0.001387,1722040.0,0.001388,1030938.0,0.0013874999999999998,7.2072072072066025
1787024863584,0.001387,1714830.0,0.001388,1030938.0,0.0013874999999999998,7.2072072072066025
1787024863587,0.001387,1722040.0,0.001388,1030938.0,0.0013874999999999998,7.2072072072066025
1787024863588,0.001387,1714830.0,0.001388,1030938.0,0.0013874999999999998,7.2072072072066025
1787024863590,0.001387,1722040.0,0.001388,1030938.0,0.0013874999999999998,7.2072072072066025
1787024863591,0.001387,1714830.0,0.001388,1030938.0,0.0013874999999999998,7.2072072072066025
1787024863593,0.001387,1722040.0,0.001388,1030938.0,0.0013874999999999998,7.2072072072066025
1787024863594,0.001387,1714830.0,0.001388,1030938.0,0.0013874999999999998,7.2072072072066025
1787024863596,0.001387,1722040.0,0.001388,1030938.0,0.0013874999999999998,7.2072072072066025
1787024863597,0.001387,1714830.0,0.001388,1030938.0,0.0013874999999999998,7.2072072072066025
1787024863599,0.001387,1722040.0,0.001388,1030938.0,0.0013874999999999998,7.2072072072066025
1787024863600,0.001387,1714830.0,0.001388,1030938.0,0.0013874999999999998,7.2072072072066025
1787024863602,0.001387,1714830.0,0.001388,1030938.0,0.0013874999999999998,7.2072072072066025
1787024863604,0.001387,1722040.0,0.001388,1030938.0,0.0013874999999999998,7.2072072072066025
1787024863605,0.001387,1714830.0,0.001388,1030938.0,0.0013874999999999998,7.2072072072066025
1787024863607,0.001387,1722040.0,0.001388,1030938.0,0.0013874999999999998,7.2072072072066025
1787024863608,0.001387,1714830.0,0.001388,1030938.0,0.0013874999999999998,7.2072072072066025
1787024863609,0.001387,1722040.0,0.001388,1030938.0,0.0013874999999999998,7.2072072072066025
1787024863610,0.001387,1714830.0,0.001388,1030938.0,0.0013874999999999998,7.2072072072066025
1787024863612,0.001387,1722040.0,0.001388,1030938.0,0.0013874999999999998,7.2072072072066025
1787024863613,0.001387,1714830.0,0.001388,1030938.0,0.0013874999999999998,7.2072072072066025
1787024863616,0.001387,1714830.0,0.001388,1030938.0,0.0013874999999999998,7.2072072072066025
1787024863618,0.001387,1722040.0,0.001388,1030938.0,0.0013874999999999998,7.2072072072066025
1787024863619,0.001387,1714830.0,0.001388,1030938.0,0.0013874999999999998,7.2072072072066025
1787024863620,0.001387,1722040.0,0.001388,1030938.0,0.0013874999999999998,7.2072072072066025
1787024863621,0.001387,1714830.0,0.001388,1030938.0,0.0013874999999999998,7.2072072072066025
1787024863623,0.001387,1714830.0,0.001388,1030938.0,0.0013874999999999998,7.2072072072066025
1787024863625,0.001387,1722040.0,0.001388,1030938.0,0.0013874999999999998,7.2072072072066025
1787024863626,0.001387,1714830.0,0.001388,1030938.0,0.0013874999999999998,7.2072072072066025
1787024863628,0.001387,1722040.0,0.001388,1030938.0,0.0013874999999999998,7.2072072072066025
1787024863629,0.001387,1714830.0,0.001388,1030938.0,0.0013874999999999998,7.2072072072066025
1787024863630,0.001387,1722040.0,0.001388,1030938.0,0.0013874999999999998,7.2072072072066025
1787024863631,0.001387,1714830.0,0.001388,1030938.0,0.0013874999999999998,7.2072072072066025
1787024863633,0.001387,1722040.0,0.001388,1030938.0,0.0013874999999999998,7.2072072072066025
1787024863634,0.001387,1714830.0,0.001388,1030938.0,0.0013874999999999998,7.2072072072066025
1787024863635,0.001387,1722040.0,0.001388,1030938.0,0.0013874999999999998,7.2072072072066025
1787024863636,0.001387,1714830.0,0.001388,1030938.0,0.0013874999999999998,7.2072072072066025
1787024863637,0.001387,1722040.0,0.001388,1030938.0,0.0013874999999999998,7.2072072072066025
1787024863638,0.001387,1714830.0,0.001388,1030938.0,0.0013874999999999998,7.2072072072066025
1787024863639,0.001387,1714830.0,0.001388,170616.0,0.0013874999999999998,7.2072072072066025
1787024863640,0.001387,1722040.0,0.001388,170616.0,0.0013874999999999998,7.2072072072066025
1787024863641,0.001387,1714830.0,0.001388,170616.0,0.0013874999999999998,7.2072072072066025
1787024863642,0.001387,1722040.0,0.001388,170616.0,0.0013874999999999998,7.2072072072066025
1787024863643,0.001387,1714830.0,0.001388,170616.0,0.0013874999999999998,7.2072072072066025
1787024863645,0.001387,1722040.0,0.001388,170616.0,0.0013874999999999998,7.2072072072066025
1787024863646,0.001387,1714830.0,0.001388,170616.0,0.0013874999999999998,7.2072072072066025
1787024863647,0.001387,1722040.0,0.001388,170616.0,0.0013874999999999998,7.2072072072066025
1787024863648,0.001387,1714830.0,0.001388,170616.0,0.0013874999999999998,7.2072072072066025
1787024863652,0.001387,1714830.0,0.001388,170616.0,0.0013874999999999998,7.2072072072066025
1787024863654,0.001387,1722040.0,0.001388,170616.0,0.0013874999999999998,7.2072072072066025
1787024863655,0.001387,1714830.0,0.001388,170616.0,0.0013874999999999998,7.2072072072066025
1787024863656,0.001387,1744574.0,0.001388,170616.0,0.0013874999999999998,7.2072072072066025
1787024863676,0.001387,1751784.0,0.001388,170616.0,0.0013874999999999998,7.2072072072066025
1787024863677,0.001387,1744574.0,0.001388,170616.0,0.0013874999999999998,7.2072072072066025
1787024863681,0.001387,1751784.0,0.001388,170616.0,0.0013874999999999998,7.2072072072066025
1787024863682,0.001387,1744574.0,0.001388,170616.0,0.0013874999999999998,7.2072072072066025
1787024863685,0.001387,1751784.0,0.001388,170616.0,0.0013874999999999998,7.2072072072066025
1787024863686,0.001387,1744574.0,0.001388,170616.0,0.0013874999999999998,7.2072072072066025
1787024863690,0.001387,1751784.0,0.001388,170616.0,0.0013874999999999998,7.2072072072066025
1787024863691,0.001387,1744574.0,0.001388,170616.0,0.0013874999999999998,7.2072072072066025
1787024863692,0.001387,1751784.0,0.001388,170616.0,0.0013874999999999998,7.2072072072066025
1787024863693,0.001387,1744574.0,0.001388,170616.0,0.0013874999999999998,7.2072072072066025
1787024863695,0.001387,1751784.0,0.001388,170616.0,0.0013874999999999998,7.2072072072066025
1787024863696,0.001387,1744574.0,0.001388,170616.0,0.0013874999999999998,7.2072072072066025
1787024863700,0.001387,1751784.0,0.001388,170616.0,0.0013874999999999998,7.2072072072066025
1787024863701,0.001387,1744574.0,0.001388,170616.0,0.0013874999999999998,7.2072072072066025
1787024863703,0.001387,1751784.0,0.001388,170616.0,0.0013874999999999998,7.2072072072066025
1787024863704,0.001387,1744574.0,0.001388,170616.0,0.0013874999999999998,7.2072072072066025
1787024863705,0.001387,1751784.0,0.001388,170616.0,0.0013874999999999998,7.2072072072066025
1787024863706,0.001387,1744574.0,0.001388,170616.0,0.0013874999999999998,7.2072072072066025
1787024863709,0.001387,1751784.0,0.001388,170616.0,0.0013874999999999998,7.2072072072066025
1787024863710,0.001387,1744574.0,0.001388,170616.0,0.0013874999999999998,7.2072072072066025
1787024863711,0.001387,1751784.0,0.001388,170616.0,0.0013874999999999998,7.2072072072066025
1787024863712,0.001387,1744574.0,0.001388,170616.0,0.0013874999999999998,7.2072072072066025
1787024863714,0.001387,1751784.0,0.001388,170616.0,0.0013874999999999998,7.2072072072066025
1787024863715,0.001387,1744574.0,0.001388,170616.0,0.0013874999999999998,7.2072072072066025
1787024863717,0.001387,1751784.0,0.001388,170616.0,0.0013874999999999998,7.2072072072066025
1787024863718,0.001387,1744574.0,0.001388,170616.0,0.0013874999999999998,7.2072072072066025
1787024863719,0.001387,1751784.0,0.001388,170616.0,0.0013874999999999998,7.2072072072066025
1787024863720,0.001387,1744574.0,0.001388,170616.0,0.0013874999999999998,7.2072072072066025
1787024863726,0.001387,1744574.0,0.001388,170616.0,0.0013874999999999998,7.2072072072066025
1787024863728,0.001387,1751784.0,0.001388,170616.0,0.0013874999999999998,7.2072072072066025
1787024863729,0.001387,1744574.0,0.001388,170616.0,0.0013874999999999998,7.2072072072066025
1787024863730,0.001387,1751784.0,0.001388,170616.0,0.0013874999999999998,7.2072072072066025
1787024863731,0.001387,1744574.0,0.001388,170616.0,0.0013874999999999998,7.2072072072066025
1787024863735,0.001387,1751784.0,0.001388,170616.0,0.0013874999999999998,7.2072072072066025
1787024863736,0.001387,1744574.0,0.001388,170616.0,0.0013874999999999998,7.2072072072066025
1787024863743,0.001387,1751784.0,0.001388,170616.0,0.0013874999999999998,7.2072072072066025
1787024863744,0.001387,1744574.0,0.001388,170616.0,0.0013874999999999998,7.2072072072066025
1787024863746,0.001387,1751784.0,0.001388,170616.0,0.0013874999999999998,7.2072072072066025
1787024863747,0.001387,1744574.0,0.001388,170616.0,0.0013874999999999998,7.2072072072066025
1787024863751,0.001387,1751784.0,0.001388,170616.0,0.0013874999999999998,7.2072072072066025
1787024863752,0.001387,1744574.0,0.001388,170616.0,0.0013874999999999998,7.2072072072066025
1787024863753,0.001387,1751784.0,0.001388,170616.0,0.0013874999999999998,7.2072072072066025
1787024863754,0.001387,1744574.0,0.001388,170616.0,0.0013874999999999998,7.2072072072066025
1787024863759,0.001387,1744574.0,0.001388,170616.0,0.0013874999999999998,7.2072072072066025
1787024863765,0.001387,1751784.0,0.001388,170616.0,0.0013874999999999998,7.2072072072066025
1787024863766,0.001387,1744574.0,0.001388,170616.0,0.0013874999999999998,7.2072072072066025
1787024863773,0.001387,1751784.0,0.001388,170616.0,0.0013874999999999998,7.2072072072066025
1787024863774,0.001387,1744574.0,0.001388,170616.0,0.0013874999999999998,7.2072072072066025
1787024863776,0.001387,1751784.0,0.001388,170616.0,0.0013874999999999998,7.2072072072066025
1787024863777,0.001387,1744574.0,0.001388,170616.0,0.0013874999999999998,7.2072072072066025
1787024863779,0.001387,1751784.0,0.001388,170616.0,0.0013874999999999998,7.2072072072066025
1787024863780,0.001387,1744574.0,0.001388,170616.0,0.0013874999999999998,7.2072072072066025
1787024863782,0.001387,1751784.0,0.001388,170616.0,0.0013874999999999998,7.2072072072066025
1787024863783,0.001387,1744574.0,0.001388,170616.0,0.0013874999999999998,7.2072072072066025
1787024863786,0.001387,1751784.0,0.001388,170616.0,0.0013874999999999998,7.2072072072066025
1787024863787,0.001387,1744574.0,0.001388,170616.0,0.0013874999999999998,7.2072072072066025
1787024863790,0.001387,1751784.0,0.001388,170616.0,0.0013874999999999998,7.2072072072066025
1787024863791,0.001387,1744574.0,0.001388,170616.0,0.0013874999999999998,7.2072072072066025
1787024863795,0.001387,1751784.0,0.001388,170616.0,0.0013874999999999998,7.2072072072066025
1787024863796,0.001387,1744574.0,0.001388,170616.0,0.0013874999999999998,7.2072072072066025
1787024863800,0.001387,1751784.0,0.001388,170616.0,0.0013874999999999998,7.2072072072066025
1787024863801,0.001387,1744574.0,0.001388,170616.0,0.0013874999999999998,7.2072072072066025
1787024863803,0.001387,1751784.0,0.001388,170616.0,0.0013874999999999998,7.2072072072066025
1787024863804,0.001387,1744574.0,0.001388,170616.0,0.0013874999999999998,7.2072072072066025
1787024863805,0.001387,2286293.0,0.001388,170616.0,0.0013874999999999998,7.2072072072066025
1787024863806,0.001387,2267191.0,0.001388,170616.0,0.0013874999999999998,7.2072072072066025
1787024863807,0.001387,2279083.0,0.001388,170616.0,0.0013874999999999998,7.2072072072066025
1787024863808,0.001387,2286293.0,0.001388,170616.0,0.0013874999999999998,7.2072072072066025
1787024863809,0.001387,2279083.0,0.001388,170616.0,0.0013874999999999998,7.2072072072066025
1787024863810,0.001387,2286293.0,0.001388,170616.0,0.0013874999999999998,7.2072072072066025
1787024863811,0.001387,2279083.0,0.001388,170616.0,0.0013874999999999998,7.2072072072066025
1787024863813,0.001387,2279083.0,0.001388,170616.0,0.0013874999999999998,7.2072072072066025
1787024863815,0.001387,2286293.0,0.001388,170616.0,0.0013874999999999998,7.2072072072066025
1787024863816,0.001387,2279083.0,0.001388,170616.0,0.0013874999999999998,7.2072072072066025
1787024863818,0.001387,2279083.0,0.001388,170616.0,0.0013874999999999998,7.2072072072066025
1787024863820,0.001387,2286293.0,0.001388,170616.0,0.0013874999999999998,7.2072072072066025
1787024863821,0.001387,2279083.0,0.001388,170616.0,0.0013874999999999998,7.2072072072066025
1787024863823,0.001387,2286293.0,0.001388,170616.0,0.0013874999999999998,7.2072072072066025
1787024863824,0.001387,2279083.0,0.001388,170616.0,0.0013874999999999998,7.2072072072066025
1787024863825,0.001387,2286293.0,0.001388,170616.0,0.0013874999999999998,7.2072072072066025
1787024863826,0.001387,2279083.0,0.001388,170616.0,0.0013874999999999998,7.2072072072066025
1787024863828,0.001387,2286293.0,0.001388,170616.0,0.0013874999999999998,7.2072072072066025
1787024863829,0.001387,2279083.0,0.001388,170616.0,0.0013874999999999998,7.2072072072066025
1787024863832,0.001387,2279083.0,0.001388,170616.0,0.0013874999999999998,7.2072072072066025
1787024863834,0.001387,2286293.0,0.001388,170616.0,0.0013874999999999998,7.2072072072066025
1787024863835,0.001387,2279083.0,0.001388,170616.0,0.0013874999999999998,7.2072072072066025
1787024863837,0.001387,2286293.0,0.001388,170616.0,0.0013874999999999998,7.2072072072066025
1787024863838,0.001387,2279083.0,0.001388,170616.0,0.0013874999999999998,7.2072072072066025
1787024863840,0.001387,2279083.0,0.001388,170616.0,0.0013874999999999998,7.2072072072066025
1787024863842,0.001387,2286293.0,0.001388,170616.0,0.0013874999999999998,7.2072072072066025
1787024863843,0.001387,2279083.0,0.001388,170616.0,0.0013874999999999998,7.2072072072066025
1787024863847,0.001387,2286293.0,0.001388,170616.0,0.0013874999999999998,7.2072072072066025
1787024863848,0.001387,2279083.0,0.001388,170616.0,0.0013874999999999998,7.2072072072066025
1787024863850,0.001387,2286293.0,0.001388,170616.0,0.0013874999999999998,7.2072072072066025
1787024863851,0.001387,2279083.0,0.001388,170616.0,0.0013874999999999998,7.2072072072066025
1787024863852,0.001387,2286293.0,0.001388,170616.0,0.0013874999999999998,7.2072072072066025
1787024863853,0.001387,2279083.0,0.001388,170616.0,0.0013874999999999998,7.2072072072066025
1787024863856,0.001387,2286293.0,0.001388,170616.0,0.0013874999999999998,7.2072072072066025
1787024863857,0.001387,2279083.0,0.001388,170616.0,0.0013874999999999998,7.2072072072066025
1787024863859,0.001387,2286293.0,0.001388,170616.0,0.0013874999999999998,7.2072072072066025
1787024863860,0.001387,2279083.0,0.001388,170616.0,0.0013874999999999998,7.2072072072066025
1787024863862,0.001387,2286293.0,0.001388,170616.0,0.0013874999999999998,7.2072072072066025
1787024863863,0.001387,2279083.0,0.001388,170616.0,0.0013874999999999998,7.2072072072066025
1787024863866,0.001387,2286293.0,0.001388,170616.0,0.0013874999999999998,7.2072072072066025
1787024863867,0.001387,2279083.0,0.001388,170616.0,0.0013874999999999998,7.2072072072066025
1787024863871,0.001387,2286293.0,0.001388,170616.0,0.0013874999999999998,7.2072072072066025
1787024863872,0.001387,2279083.0,0.001388,170616.0,0.0013874999999999998,7.2072072072066025
1787024863876,0.001387,2279083.0,0.001388,170616.0,0.0013874999999999998,7.2072072072066025
1787024863883,0.001387,2286293.0,0.001388,170616.0,0.0013874999999999998,7.2072072072066025
1787024863886,0.001387,2279083.0,0.001388,170616.0,0.0013874999999999998,7.2072072072066025
1787024863887,0.001387,2286293.0,0.001388,170616.0,0.0013874999999999998,7.2072072072066025
1787024863888,0.001387,2279083.0,0.001388,170616.0,0.0013874999999999998,7.2072072072066025
1787024863893,0.001387,2286293.0,0.001388,170616.0,0.0013874999999999998,7.2072072072066025
1787024863894,0.001387,2279083.0,0.001388,170616.0,0.0013874999999999998,7.2072072072066025
1787024863898,0.001387,2279083.0,0.001388,170616.0,0.0013874999999999998,7.2072072072066025
1787024863900,0.001387,2286293.0,0.001388,170616.0,0.0013874999999999998,7.2072072072066025
1787024863901,0.001387,2279083.0,0.001388,170616.0,0.0013874999999999998,7.2072072072066025
1787024864024,0.001387,2279083.0,0.001388,174579.0,0.0013874999999999998,7.2072072072066025
1787024864051,0.001387,2274948.0,0.001388,174579.0,0.0013874999999999998,7.2072072072066025
1787024864052,0.001387,2274948.0,0.001388,774579.0,0.0013874999999999998,7.2072072072066025
1787024864053,0.001387,1740439.0,0.001388,774579.0,0.0013874999999999998,7.2072072072066025
1787024864054,0.001387,1740439.0,0.001388,1533831.0,0.0013874999999999998,7.2072072072066025
1787024864072,0.001387,1740439.0,0.001388,1783021.0,0.0013874999999999998,7.2072072072066025
1787024864073,0.001387,1740439.0,0.001388,1771129.0,0.0013874999999999998,7.2072072072066025
1787024864097,0.001387,1740439.0,0.001388,1785543.0,0.0013874999999999998,7.2072072072066025
1787024864197,0.001387,1744405.0,0.001388,1785543.0,0.0013874999999999998,7.2072072072066025
1787024864205,0.001387,1744405.0,0.001388,1789506.0,0.0013874999999999998,7.2072072072066025
1787024864272,0.001387,1750303.0,0.001388,1789506.0,0.0013874999999999998,7.2072072072066025
1787024864353,0.001387,2284812.0,0.001388,1789506.0,0.0013874999999999998,7.2072072072066025
1787024864355,0.001387,2284812.0,0.001389,3255043.0,0.001388,14.409221902017642
1787024864356,0.001388,50525.0,0.001389,3132611.0,0.0013885,7.202016564639054
1787024864357,0.001388,576958.0,0.001389,3310495.0,0.0013885,7.202016564639054
1787024864358,0.001388,1183513.0,0.001389,1676787.0,0.0013885,7.202016564639054
1787024864359,0.001388,1183513.0,0.001389,1553951.0,0.0013885,7.202016564639054
1787024864366,0.001388,1183513.0,0.001389,1559271.0,0.0013885,7.202016564639054
1787024864369,0.001388,1183513.0,0.001389,1555309.0,0.0013885,7.202016564639054
1787024864397,0.001388,1183513.0,0.001389,1411140.0,0.0013885,7.202016564639054
1787024864399,0.001388,1183513.0,0.001389,1425545.0,0.0013885,7.202016564639054
1787024864409,0.001388,1212303.0,0.001389,1425545.0,0.0013885,7.202016564639054
1787024864410,0.001388,1140257.0,0.001389,1425545.0,0.0013885,7.202016564639054
1787024864537,0.001388,1152141.0,0.001389,1437429.0,0.0013885,7.202016564639054
1787024864601,0.001388,1912410.0,0.001389,2272765.0,0.0013885,7.202016564639054
1787024864718,0.001388,1947823.0,0.001389,2272765.0,0.0013885,7.202016564639054
1787024865123,0.001388,1951786.0,0.001389,2272765.0,0.0013885,7.202016564639054
1787024865335,0.001388,1945872.0,0.001389,2272765.0,0.0013885,7.202016564639054
1787024865336,0.001388,1910459.0,0.001389,2272765.0,0.0013885,7.202016564639054
1787024865670,0.001388,1945868.0,0.001389,2272765.0,0.0013885,7.202016564639054
1787024865882,0.001388,1910459.0,0.001389,2272765.0,0.0013885,7.202016564639054
1787024866084,0.001388,1910459.0,0.001389,2276728.0,0.0013885,7.202016564639054
1787024866239,0.001388,1910459.0,0.001389,2757780.0,0.0013885,7.202016564639054
1787024866242,0.001388,1916357.0,0.001389,2757780.0,0.0013885,7.202016564639054
1787024866388,0.001388,1916357.0,0.001389,2761743.0,0.0013885,7.202016564639054
1787024866415,0.001388,1912797.0,0.001389,2761743.0,0.0013885,7.202016564639054
1787024866654,0.001388,1912797.0,0.001389,2765700.0,0.0013885,7.202016564639054
1787024866815,0.001388,1948206.0,0.001389,2765700.0,0.0013885,7.202016564639054
1787024866980,0.001388,1948206.0,0.001389,2751316.0,0.0013885,7.202016564639054
1787024867017,0.001388,1944603.0,0.001389,2751316.0,0.0013885,7.202016564639054
1787024867191,0.001388,1948206.0,0.001389,2751316.0,0.0013885,7.202016564639054
1787024867461,0.001388,1944225.0,0.001389,2751316.0,0.0013885,7.202016564639054
1787024867595,0.001388,1944225.0,0.001389,2822371.0,0.0013885,7.202016564639054
1787024867829,0.001388,1944225.0,0.001389,2876760.0,0.0013885,7.202016564639054
1787024867831,0.001388,1944225.0,0.001389,2864876.0,0.0013885,7.202016564639054
1787024867832,0.001388,1944225.0,0.001389,2876760.0,0.0013885,7.202016564639054
1787024867845,0.001388,1319191.0,0.001389,2876760.0,0.0013885,7.202016564639054
1787024867846,0.001388,558922.0,0.001389,2876760.0,0.0013885,7.202016564639054
1787024867847,0.001387,1335967.0,0.001388,500335.0,0.0013874999999999998,7.2072072072066025
1787024867848,0.001387,648422.0,0.001388,816575.0,0.0013874999999999998,7.2072072072066025
1787024867849,0.001387,648422.0,0.001388,330662.0,0.0013874999999999998,7.2072072072066025
1787024867850,0.001387,677212.0,0.001388,616432.0,0.0013874999999999998,7.2072072072066025
1787024867851,0.001387,670002.0,0.001388,752590.0,0.0013874999999999998,7.2072072072066025
1787024867852,0.001387,670002.0,0.001388,630030.0,0.0013874999999999998,7.2072072072066025
1787024867853,0.001387,677212.0,0.001388,630030.0,0.0013874999999999998,7.2072072072066025
1787024867854,0.001387,670002.0,0.001388,630030.0,0.0013874999999999998,7.2072072072066025
1787024867855,0.001387,670002.0,0.001388,507470.0,0.0013874999999999998,7.2072072072066025
1787024867856,0.001387,749310.0,0.001388,507470.0,0.0013874999999999998,7.2072072072066025
1787024867857,0.001387,742100.0,0.001388,507470.0,0.0013874999999999998,7.2072072072066025
1787024867860,0.001387,742100.0,0.001388,384910.0,0.0013874999999999998,7.2072072072066025
1787024867861,0.001387,749310.0,0.001388,384910.0,0.0013874999999999998,7.2072072072066025
1787024867862,0.001387,742100.0,0.001388,481864.0,0.0013874999999999998,7.2072072072066025
1787024867880,0.001387,749310.0,0.001388,481864.0,0.0013874999999999998,7.2072072072066025
1787024867881,0.001387,742100.0,0.001388,481864.0,0.0013874999999999998,7.2072072072066025
1787024867884,0.001387,749310.0,0.001388,481864.0,0.0013874999999999998,7.2072072072066025
1787024867885,0.001387,742100.0,0.001388,481864.0,0.0013874999999999998,7.2072072072066025
1787024867887,0.001387,749310.0,0.001388,481864.0,0.0013874999999999998,7.2072072072066025
1787024867888,0.001387,742100.0,0.001388,481864.0,0.0013874999999999998,7.2072072072066025
1787024867892,0.001387,749310.0,0.001388,481864.0,0.0013874999999999998,7.2072072072066025
1787024867893,0.001387,742100.0,0.001388,481864.0,0.0013874999999999998,7.2072072072066025
1787024867895,0.001387,749310.0,0.001388,481864.0,0.0013874999999999998,7.2072072072066025
1787024867896,0.001387,742100.0,0.001388,481864.0,0.0013874999999999998,7.2072072072066025
1787024867898,0.001387,749310.0,0.001388,481864.0,0.0013874999999999998,7.2072072072066025
1787024867899,0.001387,742100.0,0.001388,481864.0,0.0013874999999999998,7.2072072072066025
1787024867901,0.001387,749310.0,0.001388,481864.0,0.0013874999999999998,7.2072072072066025
1787024867902,0.001387,742100.0,0.001388,481864.0,0.0013874999999999998,7.2072072072066025
1787024867917,0.001387,749310.0,0.001388,481864.0,0.0013874999999999998,7.2072072072066025
1787024867918,0.001387,742100.0,0.001388,481864.0,0.0013874999999999998,7.2072072072066025
1787024867924,0.001387,742100.0,0.001388,481864.0,0.0013874999999999998,7.2072072072066025
1787024867929,0.001387,749310.0,0.001388,481864.0,0.0013874999999999998,7.2072072072066025
1787024867930,0.001387,742100.0,0.001388,481864.0,0.0013874999999999998,7.2072072072066025
1787024867931,0.001387,749310.0,0.001388,481864.0,0.0013874999999999998,7.2072072072066025
1787024867932,0.001387,742100.0,0.001388,481864.0,0.0013874999999999998,7.2072072072066025
1787024867934,0.001387,749310.0,0.001388,481864.0,0.0013874999999999998,7.2072072072066025
1787024867935,0.001387,742100.0,0.001388,481864.0,0.0013874999999999998,7.2072072072066025
1787024867936,0.001387,749310.0,0.001388,481864.0,0.0013874999999999998,7.2072072072066025
1787024867937,0.001387,742100.0,0.001388,481864.0,0.0013874999999999998,7.2072072072066025
1787024867939,0.001387,749310.0,0.001388,481864.0,0.0013874999999999998,7.2072072072066025
1787024867940,0.001387,742100.0,0.001388,165353.0,0.0013874999999999998,7.2072072072066025
1787024867941,0.001388,485913.0,0.001389,4059823.0,0.0013885,7.202016564639054
1787024867942,0.001388,260509.0,0.001389,3579479.0,0.0013885,7.202016564639054
1787024867943,0.001388,585437.0,0.001389,130551.0,0.0013885,7.202016564639054
1787024867944,0.001389,751997.0,0.00139,2021473.0,0.0013895000000000001,7.196833393306339
1787024867945,0.001389,763897.0,0.00139,1008002.0,0.0013895000000000001,7.196833393306339
1787024867946,0.001389,165498.0,0.00139,1008002.0,0.0013895000000000001,7.196833393306339
1787024867947,0.001388,1641599.0,0.001389,510014.0,0.0013885,7.202016564639054
1787024867948,0.001388,675517.0,0.001389,45428.0,0.0013885,7.202016564639054
1787024867949,0.001388,754021.0,0.001389,309228.0,0.0013885,7.202016564639054
1787024867950,0.001388,790016.0,0.001389,435786.0,0.0013885,7.202016564639054
1787024867951,0.001388,623700.0,0.001389,651100.0,0.0013885,7.202016564639054
1787024867952,0.001388,623700.0,0.001389,573019.0,0.0013885,7.202016564639054
1787024867953,0.001388,630905.0,0.001389,573019.0,0.0013885,7.202016564639054
1787024867954,0.001388,623700.0,0.001389,573019.0,0.0013885,7.202016564639054
1787024867958,0.001388,594910.0,0.001389,573019.0,0.0013885,7.202016564639054
1787024867983,0.001388,594910.0,0.001389,578421.0,0.0013885,7.202016564639054
1787024867989,0.001388,666956.0,0.001389,578421.0,0.0013885,7.202016564639054
1787024867998,0.001388,666956.0,0.001389,592825.0,0.0013885,7.202016564639054
1787024868111,0.001388,678840.0,0.001389,592825.0,0.0013885,7.202016564639054
1787024868112,0.001388,678840.0,0.001389,604709.0,0.0013885,7.202016564639054
1787024868147,0.001388,1426295.0,0.001389,1401268.0,0.0013885,7.202016564639054
1787024868148,0.001388,1342365.0,0.001389,1389384.0,0.0013885,7.202016564639054
1787024868208,0.001388,1522654.0,0.001389,1389384.0,0.0013885,7.202016564639054
1787024868244,0.001388,1527962.0,0.001389,1389384.0,0.0013885,7.202016564639054
1787024868245,0.001388,1539846.0,0.001389,1389384.0,0.0013885,7.202016564639054
1787024868246,0.001388,1539846.0,0.001389,1401268.0,0.0013885,7.202016564639054
1787024868274,0.001388,1539846.0,0.001389,2201268.0,0.0013885,7.202016564639054
1787024868276,0.001388,1539846.0,0.001389,1401268.0,0.0013885,7.202016564639054
1787024868277,0.001388,1539846.0,0.001389,1389384.0,0.0013885,7.202016564639054
1787024868355,0.001388,1539846.0,0.001389,1401268.0,0.0013885,7.202016564639054
1787024868402,0.001388,1543449.0,0.001389,1401268.0,0.0013885,7.202016564639054
1787024868530,0.001388,1543449.0,0.001389,1350915.0,0.0013885,7.202016564639054
1787024868557,0.001388,1541063.0,0.001389,1350915.0,0.0013885,7.202016564639054
1787024868558,0.001388,1622677.0,0.001389,2150915.0,0.0013885,7.202016564639054
1787024868559,0.001388,1622677.0,0.001389,1350915.0,0.0013885,7.202016564639054
1787024868561,0.001388,1622677.0,0.001389,1350915.0,0.0013885,7.202016564639054
1787024868774,0.001388,1622677.0,0.001389,1354875.0,0.0013885,7.202016564639054
1787024868920,0.001388,1622677.0,0.001389,1387022.0,0.0013885,7.202016564639054
1787024869028,0.001388,1651467.0,0.001389,1387022.0,0.0013885,7.202016564639054
1787024869164,0.001388,1594743.0,0.001389,1387022.0,0.0013885,7.202016564639054
1787024869715,0.001388,1589601.0,0.001389,1387022.0,0.0013885,7.202016564639054
1787024869716,0.001388,1603617.0,0.001389,1387022.0,0.0013885,7.202016564639054
1787024869717,0.001388,1589601.0,0.001389,1387022.0,0.0013885,7.202016564639054
1787024869848,0.001388,2124110.0,0.001389,1387022.0,0.0013885,7.202016564639054
1787024869894,0.001388,2124110.0,0.001389,535938.0,0.0013885,7.202016564639054
1787024869895,0.001388,2124110.0,0.001389,47991.0,0.0013885,7.202016564639054
1787024869896,0.001388,1957834.0,0.001389,96468.0,0.0013885,7.202016564639054
1787024869897,0.001389,520064.0,0.00139,3448093.0,0.0013895000000000001,7.196833393306339
1787024869898,0.001389,568734.0,0.00139,2170726.0,0.0013895000000000001,7.196833393306339
1787024869899,0.001389,629182.0,0.00139,1956474.0,0.0013895000000000001,7.196833393306339
1787024869900,0.001389,865823.0,0.00139,2256234.0,0.0013895000000000001,7.196833393306339
1787024869901,0.001389,937817.0,0.00139,2264438.0,0.0013895000000000001,7.196833393306339
1787024869904,0.001389,937817.0,0.00139,2268036.0,0.0013895000000000001,7.196833393306339
1787024869996,0.001389,937817.0,0.00139,2282432.0,0.0013895000000000001,7.196833393306339
1787024870072,0.001389,949692.0,0.00139,2294307.0,0.0013895000000000001,7.196833393306339
1787024870099,0.001389,1781119.0,0.00139,3161939.0,0.0013895000000000001,7.196833393306339
1787024870100,0.001389,1709125.0,0.00139,3161939.0,0.0013895000000000001,7.196833393306339
1787024870111,0.001389,1709125.0,0.00139,2361939.0,0.0013895000000000001,7.196833393306339
1787024870226,0.001389,1709125.0,0.00139,2309770.0,0.0013895000000000001,7.196833393306339
1787024870334,0.001389,1889284.0,0.00139,2309770.0,0.0013895000000000001,7.196833393306339
1787024870335,0.001389,1877409.0,0.00139,2309770.0,0.0013895000000000001,7.196833393306339
1787024870336,0.001389,1889284.0,0.00139,2309770.0,0.0013895000000000001,7.196833393306339
1787024871171,0.001389,1889284.0,0.00139,2464274.0,0.0013895000000000001,7.196833393306339
1787024871199,0.001389,1886471.0,0.00139,2464274.0,0.0013895000000000001,7.196833393306339
1787024871228,0.001389,1891779.0,0.00139,2464274.0,0.0013895000000000001,7.196833393306339
1787024871644,0.001388,1321295.0,0.001389,14718.0,0.0013885,7.202016564639054
1787024871645,0.001388,1242026.0,0.001389,502710.0,0.0013885,7.202016564639054
1787024871646,0.001388,321135.0,0.001389,1313824.0,0.0013885,7.202016564639054
1787024871647,0.001388,738629.0,0.001389,1366261.0,0.0013885,7.202016564639054
1787024871648,0.001388,1029541.0,0.001389,1366261.0,0.0013885,7.202016564639054
1787024871649,0.001388,1078018.0,0.001389,1366261.0,0.0013885,7.202016564639054
1787024871671,0.001388,1078018.0,0.001389,1129620.0,0.0013885,7.202016564639054
1787024871672,0.001388,1078018.0,0.001389,1016243.0,0.0013885,7.202016564639054
1787024871675,0.001388,1078018.0,0.001389,1021645.0,0.0013885,7.202016564639054
1787024871698,0.001388,1078018.0,0.001389,1036049.0,0.0013885,7.202016564639054
1787024871748,0.001388,1049228.0,0.001389,1036049.0,0.0013885,7.202016564639054
1787024871801,0.001388,1056430.0,0.001389,1036049.0,0.0013885,7.202016564639054
1787024871858,0.001388,1949040.0,0.001389,1916278.0,0.0013885,7.202016564639054
1787024871859,0.001388,2030654.0,0.001389,1916278.0,0.0013885,7.202016564639054
1787024871860,0.001388,1958608.0,0.001389,1916278.0,0.0013885,7.202016564639054
1787024871955,0.001388,1970492.0,0.001389,1928162.0,0.0013885,7.202016564639054
1787024872070,0.001388,2150751.0,0.001389,1928162.0,0.0013885,7.202016564639054
1787024872071,0.001388,2078705.0,0.001389,1928162.0,0.0013885,7.202016564639054
1787024872161,0.001388,2075087.0,0.001389,1928162.0,0.0013885,7.202016564639054
1787024872235,0.001388,2079864.0,0.001389,1928162.0,0.0013885,7.202016564639054
1787024872296,0.001388,2072662.0,0.001389,1928162.0,0.0013885,7.202016564639054
1787024872345,0.001388,2069167.0,0.001389,1928162.0,0.0013885,7.202016564639054
1787024872348,0.001388,1176557.0,0.001389,1928162.0,0.0013885,7.202016564639054
1787024872577,0.001388,2032247.0,0.001389,1928162.0,0.0013885,7.202016564639054
1787024872578,0.001388,2032247.0,0.001389,1928162.0,0.0013885,7.202016564639054
1787024872641,0.001388,2032247.0,0.001389,1884691.0,0.0013885,7.202016564639054
1787024872799,0.001388,2039449.0,0.001389,1884691.0,0.0013885,7.202016564639054
1787024873097,0.001388,2174509.0,0.001389,1884691.0,0.0013885,7.202016564639054
1787024873098,0.001388,2338359.0,0.001389,1884691.0,0.0013885,7.202016564639054
1787024873106,0.001388,2338359.0,0.001389,1836214.0,0.0013885,7.202016564639054
1787024873298,0.001388,2331157.0,0.001389,1836214.0,0.0013885,7.202016564639054
1787024873387,0.001388,2326162.0,0.001389,1836214.0,0.0013885,7.202016564639054
1787024873426,0.001388,2326162.0,0.001389,1902879.0,0.0013885,7.202016564639054
1787024873692,0.001388,2329771.0,0.001389,1902879.0,0.0013885,7.202016564639054
1787024873800,0.001388,2336973.0,0.001389,1902879.0,0.0013885,7.202016564639054
1787024874099,0.001388,2471874.0,0.001389,1902879.0,0.0013885,7.202016564639054
1787024874717,0.001388,2463371.0,0.001389,1902879.0,0.0013885,7.202016564639054
1787024874731,0.001388,2460322.0,0.001389,1902879.0,0.0013885,7.202016564639054
1787024874923,0.001388,2460322.0,0.001389,1922879.0,0.0013885,7.202016564639054
1787024875298,0.001388,2453120.0,0.001389,1922879.0,0.0013885,7.202016564639054
1787024875299,0.001388,2453120.0,0.00139,2817001.0,0.001389,14.398848092152976
1787024875301,0.001389,1454046.0,0.00139,1735311.0,0.0013895000000000001,7.196833393306339
1787024875302,0.001389,1634205.0,0.00139,1521059.0,0.0013895000000000001,7.196833393306339
1787024875303,0.001389,1638165.0,0.00139,1521059.0,0.0013895000000000001,7.196833393306339
1787024875306,0.001389,1638165.0,0.00139,1512855.0,0.0013895000000000001,7.196833393306339
1787024875367,0.001389,1638165.0,0.00139,1508896.0,0.0013895000000000001,7.196833393306339
1787024875399,0.001389,1638165.0,0.00139,1523289.0,0.0013895000000000001,7.196833393306339
1787024875472,0.001389,1650040.0,0.00139,1535164.0,0.0013895000000000001,7.196833393306339
1787024875517,0.001389,2473387.0,0.00139,2334925.0,0.0013895000000000001,7.196833393306339
1787024875763,0.001389,2467416.0,0.00139,2334925.0,0.0013895000000000001,7.196833393306339
1787024876102,0.001389,1644069.0,0.00139,2334925.0,0.0013895000000000001,7.196833393306339
1787024876103,0.001389,1644069.0,0.00139,2334925.0,0.0013895000000000001,7.196833393306339
1787024876234,0.001389,1648846.0,0.00139,2334925.0,0.0013895000000000001,7.196833393306339
1787024876318,0.001389,1652446.0,0.00139,2334925.0,0.0013895000000000001,7.196833393306339
1787024876319,0.001389,1734002.0,0.00139,2334925.0,0.0013895000000000001,7.196833393306339
1787024876321,0.001389,2561037.0,0.00139,2334925.0,0.0013895000000000001,7.196833393306339
1787024876796,0.001389,2568233.0,0.00139,2334925.0,0.0013895000000000001,7.196833393306339
1787024876869,0.001389,2563030.0,0.00139,2334925.0,0.0013895000000000001,7.196833393306339
1787024877182,0.001389,2563030.0,0.00139,1285974.0,0.0013895000000000001,7.196833393306339
1787024877183,0.001389,2563030.0,0.00139,1250331.0,0.0013895000000000001,7.196833393306339
1787024877184,0.001389,2563030.0,0.00139,747763.0,0.0013895000000000001,7.196833393306339
1787024877185,0.001389,2722043.0,0.00139,559177.0,0.0013895000000000001,7.196833393306339
1787024877186,0.001389,2722043.0,0.00139,607654.0,0.0013895000000000001,7.196833393306339
1787024877188,0.001389,2750833.0,0.00139,656131.0,0.0013895000000000001,7.196833393306339
1787024877196,0.001389,3692941.0,0.00139,656131.0,0.0013895000000000001,7.196833393306339
1787024877197,0.001389,3681066.0,0.00139,656131.0,0.0013895000000000001,7.196833393306339
1787024877301,0.001389,3673870.0,0.00139,656131.0,0.0013895000000000001,7.196833393306339
1787024877372,0.001389,3685745.0,0.00139,668006.0,0.0013895000000000001,7.196833393306339
1787024877374,0.001389,3685745.0,0.00139,619529.0,0.0013895000000000001,7.196833393306339
1787024877454,0.001389,3685745.0,0.00139,17164.0,0.0013895000000000001,7.196833393306339
1787024877455,0.001389,3505586.0,0.00139,5289.0,0.0013895000000000001,7.196833393306339
1787024877456,0.00139,489453.0,0.001391,2831541.0,0.0013905,7.191657677095526
1787024877457,0.00139,679795.0,0.001391,1963736.0,0.0013905,7.191657677095526
1787024877458,0.00139,968870.0,0.001391,1058172.0,0.0013905,7.191657677095526
1787024877459,0.00139,921022.0,0.001391,1106649.0,0.0013905,7.191657677095526
1787024877460,0.00139,465515.0,0.001391,1106649.0,0.0013905,7.191657677095526
1787024877461,0.00139,465515.0,0.001391,1406194.0,0.0013905,7.191657677095526
1787024877463,0.00139,465515.0,0.001391,1372132.0,0.0013905,7.191657677095526
1787024877479,0.00139,368561.0,0.001391,1323655.0,0.0013905,7.191657677095526
1787024877481,0.00139,363272.0,0.001391,1323655.0,0.0013905,7.191657677095526
1787024877499,0.00139,363272.0,0.001391,1338041.0,0.0013905,7.191657677095526
1787024877575,0.00139,375139.0,0.001391,1349908.0,0.0013905,7.191657677095526
1787024877577,0.00139,375139.0,0.001391,1888045.0,0.0013905,7.191657677095526
1787024877708,0.00139,375139.0,0.001391,2711084.0,0.0013905,7.191657677095526
1787024877709,0.00139,375139.0,0.001391,2711084.0,0.0013905,7.191657677095526
1787024877800,0.00139,382330.0,0.001391,2711084.0,0.0013905,7.191657677095526
1787024877832,0.00139,382330.0,0.001391,2822037.0,0.0013905,7.191657677095526
1787024877862,0.00139,382330.0,0.001391,2877499.0,0.0013905,7.191657677095526
1787024877889,0.00139,377715.0,0.001391,2877499.0,0.0013905,7.191657677095526
1787024877891,0.00139,557744.0,0.001391,2877499.0,0.0013905,7.191657677095526
1787024878003,0.00139,557744.0,0.001391,2957350.0,0.0013905,7.191657677095526
1787024878068,0.00139,557744.0,0.001391,3111854.0,0.0013905,7.191657677095526
1787024878099,0.00139,961190.0,0.001391,3111854.0,0.0013905,7.191657677095526
1787024878100,0.00139,961190.0,0.001391,3111854.0,0.0013905,7.191657677095526
1787024878114,0.00139,1197831.0,0.001391,3086970.0,0.0013905,7.191657677095526
1787024878115,0.00139,1973698.0,0.001391,2263931.0,0.0013905,7.191657677095526
1787024878116,0.00139,1961831.0,0.001391,1476096.0,0.0013905,7.191657677095526
1787024878281,0.00139,1966608.0,0.001391,1476096.0,0.0013905,7.191657677095526
1787024878283,0.00139,1978475.0,0.001391,1476096.0,0.0013905,7.191657677095526
1787024878296,0.00139,1971284.0,0.001391,1476096.0,0.0013905,7.191657677095526
1787024878466,0.00139,1971284.0,0.001391,2230411.0,0.0013905,7.191657677095526
1787024878468,0.00139,1971284.0,0.001391,2218544.0,0.0013905,7.191657677095526
1787024878469,0.00139,1971284.0,0.001391,2230411.0,0.0013905,7.191657677095526
1787024878797,0.00139,1978475.0,0.001391,2230411.0,0.0013905,7.191657677095526
1787024878809,0.00139,1994408.0,0.001391,2230411.0,0.0013905,7.191657677095526
1787024878813,0.00139,1994408.0,0.001391,1108150.0,0.0013905,7.191657677095526
1787024878814,0.00139,1994408.0,0.001391,892827.0,0.0013905,7.191657677095526
1787024878815,0.00139,2033245.0,0.001391,138512.0,0.0013905,7.191657677095526
1787024878817,0.00139,2033245.0,0.001392,1708364.0,0.0013909999999999999,14.378145219267065
1787024878818,0.001391,902702.0,0.001392,1708364.0,0.0013915,7.186489399927531
1787024878819,0.001391,1313019.0,0.001392,967995.0,0.0013915,7.186489399927531
1787024878820,0.001391,565450.0,0.001392,967995.0,0.0013915,7.186489399927531
1787024878821,0.001391,784316.0,0.001392,973043.0,0.0013915,7.186489399927531
1787024878822,0.001391,748345.0,0.001392,973043.0,0.0013915,7.186489399927531
1787024878823,0.001391,735330.0,0.001392,973043.0,0.0013915,7.186489399927531
1787024878853,0.001391,735330.0,0.001392,977358.0,0.0013915,7.186489399927531
1787024878899,0.001391,735330.0,0.001392,991732.0,0.0013915,7.186489399927531
1787024878910,0.001391,751263.0,0.001392,991732.0,0.0013915,7.186489399927531
1787024879026,0.001391,1580436.0,0.001392,1847480.0,0.0013915,7.186489399927531
1787024879027,0.001391,1592294.0,0.001392,1859338.0,0.0013915,7.186489399927531
1787024879028,0.001391,1580436.0,0.001392,1859338.0,0.0013915,7.186489399927531
1787024879037,0.001391,1573971.0,0.001392,1859338.0,0.0013915,7.186489399927531
1787024879057,0.001391,1573971.0,0.001392,1637705.0,0.0013915,7.186489399927531
1787024879058,0.001391,1810612.0,0.001392,1637705.0,0.0013915,7.186489399927531
1787024879068,0.001391,1839402.0,0.001392,1637705.0,0.0013915,7.186489399927531
1787024879098,0.001391,2242542.0,0.001392,1637705.0,0.0013915,7.186489399927531
1787024879131,0.001391,2314432.0,0.001392,1637705.0,0.0013915,7.186489399927531
1787024879168,0.001391,2326290.0,0.001392,1637705.0,0.0013915,7.186489399927531
1787024879170,0.001391,2326290.0,0.001392,1792209.0,0.0013915,7.186489399927531
1787024879382,0.001391,2497519.0,0.001392,1792209.0,0.0013915,7.186489399927531
1787024879394,0.001391,2677419.0,0.001392,1792209.0,0.0013915,7.186489399927531
1787024879617,0.001391,2772420.0,0.001392,1792209.0,0.0013915,7.186489399927531
1787024879732,0.001391,2772420.0,0.001392,1786463.0,0.0013915,7.186489399927531
1787024879802,0.001391,2779606.0,0.001392,930715.0,0.0013915,7.186489399927531
1787024879804,0.001391,2938423.0,0.001392,930715.0,0.0013915,7.186489399927531
1787024879816,0.001391,2938423.0,0.001392,681017.0,0.0013915,7.186489399927531
1787024879880,0.001391,2938423.0,0.001392,669150.0,0.0013915,7.186489399927531
1787024879881,0.001392,443660.0,0.001393,2120635.0,0.0013925,7.181328545780365
1787024879882,0.001392,1032983.0,0.001393,665932.0,0.0013925,7.181328545780365
1787024879883,0.001392,1261230.0,0.001393,381336.0,0.0013925,7.181328545780365
1787024879884,0.001392,1395039.0,0.001393,584988.0,0.0013925,7.181328545780365
1787024879886,0.001392,1346562.0,0.001393,584988.0,0.0013925,7.181328545780365
1787024879887,0.001392,1346562.0,0.001393,549710.0,0.0013925,7.181328545780365
1787024879888,0.001392,1375352.0,0.001393,549710.0,0.0013925,7.181328545780365
1787024879894,0.001392,1391285.0,0.001393,549710.0,0.0013925,7.181328545780365
1787024879895,0.001392,1391285.0,0.001393,564070.0,0.0013925,7.181328545780365
1787024879899,0.001392,1591893.0,0.001393,564070.0,0.0013925,7.181328545780365
1787024879901,0.001392,1591893.0,0.001393,568379.0,0.0013925,7.181328545780365
1787024879916,0.001392,1591893.0,0.001393,494756.0,0.0013925,7.181328545780365
1787024879917,0.001392,2391893.0,0.001393,477891.0,0.0013925,7.181328545780365
1787024879938,0.001392,2391893.0,0.001393,404266.0,0.0013925,7.181328545780365
1787024879952,0.001392,2433647.0,0.001393,404266.0,0.0013925,7.181328545780365
1787024879953,0.001392,2447565.0,0.001393,355789.0,0.0013925,7.181328545780365
1787024879955,0.001392,2447565.0,0.001393,404266.0,0.0013925,7.181328545780365
1787024879998,0.001392,2417048.0,0.001393,404266.0,0.0013925,7.181328545780365
1787024880007,0.001392,3290684.0,0.001393,404266.0,0.0013925,7.181328545780365
1787024880037,0.001392,3295008.0,0.001393,404266.0,0.0013925,7.181328545780365
1787024880086,0.001392,3291016.0,0.001393,404266.0,0.0013925,7.181328545780365
1787024880098,0.001392,3559414.0,0.001393,404266.0,0.0013925,7.181328545780365
1787024880099,0.001392,3693613.0,0.001393,404266.0,0.0013925,7.181328545780365
1787024880101,0.001392,3827812.0,0.001393,404266.0,0.0013925,7.181328545780365
1787024880128,0.001393,753370.0,0.001394,2632029.0,0.0013935,7.17617509867336
1787024880129,0.001393,690332.0,0.001394,2121629.0,0.0013935,7.17617509867336
1787024880130,0.001393,1600590.0,0.001394,959808.0,0.0013935,7.17617509867336
1787024880131,0.001393,1672378.0,0.001394,386063.0,0.0013935,7.17617509867336
1787024880132,0.001393,1598761.0,0.001394,386063.0,0.0013935,7.17617509867336
1787024880133,0.001393,1680016.0,0.001394,434540.0,0.0013935,7.17617509867336
1787024880141,0.001393,1695949.0,0.001394,434540.0,0.0013935,7.17617509867336
1787024880147,0.001393,1695949.0,0.001394,316014.0,0.0013935,7.17617509867336
1787024880158,0.001393,1624161.0,0.001394,316014.0,0.0013935,7.17617509867336
1787024880159,0.001393,1624161.0,0.001394,321397.0,0.0013935,7.17617509867336
1787024880162,0.001393,1024161.0,0.001394,321397.0,0.0013935,7.17617509867336
1787024880163,0.001393,1011165.0,0.001394,321397.0,0.0013935,7.17617509867336
1787024880170,0.001393,856661.0,0.001394,321397.0,0.0013935,7.17617509867336
1787024880172,0.001393,620020.0,0.001394,321397.0,0.0013935,7.17617509867336
1787024880173,0.001392,3924622.0,0.001394,321397.0,0.0013930000000000001,14.357501794688071
1787024880174,0.001392,3912776.0,0.001394,1195563.0,0.0013930000000000001,14.357501794688071
1787024880175,0.001392,3909114.0,0.001393,48477.0,0.0013925,7.181328545780365
1787024880176,0.001392,2691199.0,0.001393,1577232.0,0.0013925,7.181328545780365
1787024880177,0.001392,2635527.0,0.001393,1813873.0,0.0013925,7.181328545780365
1787024880181,0.001392,2635527.0,0.001393,2137329.0,0.0013925,7.181328545780365
1787024880182,0.001392,1835527.0,0.001393,2137329.0,0.0013925,7.181328545780365
1787024880185,0.001392,1847377.0,0.001393,2149179.0,0.0013925,7.181328545780365
1787024880188,0.001392,1818587.0,0.001393,2149179.0,0.0013925,7.181328545780365
1787024880189,0.001392,1822421.0,0.001393,2149179.0,0.0013925,7.181328545780365
1787024880195,0.001392,1822421.0,0.001393,2163542.0,0.0013925,7.181328545780365
1787024880198,0.001392,1851211.0,0.001393,2163542.0,0.0013925,7.181328545780365
1787024880202,0.001392,1881728.0,0.001393,2163542.0,0.0013925,7.181328545780365
1787024880243,0.001392,2061498.0,0.001393,2163542.0,0.0013925,7.181328545780365
1787024880248,0.001392,2032708.0,0.001393,2163542.0,0.0013925,7.181328545780365
1787024880255,0.001392,2037485.0,0.001393,2163542.0,0.0013925,7.181328545780365
1787024880297,0.001392,2037485.0,0.001393,2170723.0,0.0013925,7.181328545780365
1787024880300,0.001392,2006968.0,0.001393,2170723.0,0.0013925,7.181328545780365
1787024880353,0.001392,1759479.0,0.001393,2170723.0,0.0013925,7.181328545780365
1787024880354,0.001392,1543701.0,0.001393,2170723.0,0.0013925,7.181328545780365
1787024880355,0.001392,1307060.0,0.001393,2170723.0,0.0013925,7.181328545780365
1787024880356,0.001391,2519778.0,0.001392,13247.0,0.0013915,7.186489399927531
1787024880357,0.001391,1886188.0,0.001392,516647.0,0.0013915,7.186489399927531
1787024880358,0.001391,1226203.0,0.001392,47743.0,0.0013915,7.186489399927531
1787024880359,0.001391,1254993.0,0.001392,319614.0,0.0013915,7.186489399927531
1787024880361,0.001391,1229279.0,0.001392,319614.0,0.0013915,7.186489399927531
1787024880362,0.001391,1180802.0,0.001392,298365.0,0.0013915,7.186489399927531
1787024880368,0.001391,1152012.0,0.001392,298365.0,0.0013915,7.186489399927531
1787024880377,0.001391,1893904.0,0.001392,1088740.0,0.0013915,7.186489399927531
1787024880378,0.001391,1893904.0,0.001392,1106575.0,0.0013915,7.186489399927531
1787024880383,0.001391,1889951.0,0.001392,1106575.0,0.0013915,7.186489399927531
1787024880387,0.001391,1889951.0,0.001392,1111965.0,0.0013915,7.186489399927531
1787024880458,0.001391,1675818.0,0.001392,1111965.0,0.0013915,7.186489399927531
1787024880459,0.001391,1687676.0,0.001392,1123823.0,0.0013915,7.186489399927531
1787024880461,0.001391,1295245.0,0.001392,1123823.0,0.0013915,7.186489399927531
1787024880462,0.001391,1058604.0,0.001392,1123823.0,0.0013915,7.186489399927531
1787024880463,0.001391,316712.0,0.001392,1123823.0,0.0013915,7.186489399927531
1787024880466,0.001391,316712.0,0.001392,1634471.0,0.0013915,7.186489399927531
1787024880467,0.001391,304862.0,0.001392,1634471.0,0.0013915,7.186489399927531
1787024880496,0.001391,304862.0,0.001392,1648848.0,0.0013915,7.186489399927531
1787024880497,0.001391,300775.0,0.001392,1648848.0,0.0013915,7.186489399927531
1787024880498,0.001391,182561.0,0.001392,1648848.0,0.0013915,7.186489399927531
1787024880552,0.001391,182561.0,0.001392,1644250.0,0.0013915,7.186489399927531
1787024880554,0.001391,982561.0,0.001392,1644250.0,0.0013915,7.186489399927531
1787024880556,0.001391,970703.0,0.001392,1644250.0,0.0013915,7.186489399927531
1787024880580,0.001391,970703.0,0.001392,1790715.0,0.0013915,7.186489399927531
1787024880581,0.001391,982561.0,0.001392,1790715.0,0.0013915,7.186489399927531
1787024880619,0.001391,982561.0,0.001392,1280067.0,0.0013915,7.186489399927531
1787024880620,0.001391,982561.0,0.001392,1268209.0,0.0013915,7.186489399927531
1787024880621,0.001391,982561.0,0.001392,1280067.0,0.0013915,7.186489399927531
1787024880668,0.001391,1802878.0,0.001392,1280067.0,0.0013915,7.186489399927531
1787024880806,0.001391,1982778.0,0.001392,1280067.0,0.0013915,7.186489399927531
1787024880807,0.001391,1970920.0,0.001392,1280067.0,0.0013915,7.186489399927531
1787024880808,0.001391,1982778.0,0.001392,1280067.0,0.0013915,7.186489399927531
1787024880809,0.001391,1982778.0,0.001392,1284019.0,0.0013915,7.186489399927531
1787024880810,0.001391,1986732.0,0.001392,1284019.0,0.0013915,7.186489399927531
1787024880848,0.001391,1166415.0,0.001392,1284019.0,0.0013915,7.186489399927531
1787024881099,0.001391,1166415.0,0.001392,1549300.0,0.0013915,7.186489399927531
1787024881121,0.001391,1198743.0,0.001392,1549300.0,0.0013915,7.186489399927531
1787024881171,0.001391,1198743.0,0.001392,1703804.0,0.0013915,7.186489399927531
1787024881200,0.001391,1194791.0,0.001392,1703804.0,0.0013915,7.186489399927531
1787024881244,0.001391,1199091.0,0.001392,1703804.0,0.0013915,7.186489399927531
1787024881299,0.001391,1199091.0,0.001392,1710990.0,0.0013915,7.186489399927531
1787024881377,0.001391,399091.0,0.001392,1710990.0,0.0013915,7.186489399927531
1787024881517,0.001391,1217985.0,0.001392,1710990.0,0.0013915,7.186489399927531
1787024881518,0.001391,1266462.0,0.001392,1710990.0,0.0013915,7.186489399927531
1787024881697,0.001391,1217985.0,0.001392,1710990.0,0.0013915,7.186489399927531
1787024881796,0.001391,1217985.0,0.001392,1703804.0,0.0013915,7.186489399927531
1787024881862,0.001391,1217985.0,0.001392,1714561.0,0.0013915,7.186489399927531
1787024881933,0.001391,399091.0,0.001392,1714561.0,0.0013915,7.186489399927531
1787024881934,0.00139,2406548.0,0.001392,1930339.0,0.0013909999999999999,14.378145219267065
1787024881935,0.00139,1867548.0,0.001391,903698.0,0.0013905,7.191657677095526
1787024881936,0.00139,1019274.0,0.001391,628859.0,0.0013905,7.191657677095526
1787024881937,0.00139,952226.0,0.001391,677336.0,0.0013905,7.191657677095526
1787024881938,0.00139,964093.0,0.001391,988748.0,0.0013905,7.191657677095526
1787024881940,0.00139,971288.0,0.001391,988748.0,0.0013905,7.191657677095526
1787024881941,0.00139,964093.0,0.001391,988748.0,0.0013905,7.191657677095526
1787024881978,0.00139,935303.0,0.001391,988748.0,0.0013905,7.191657677095526
1787024881991,0.00139,883562.0,0.001391,988748.0,0.0013905,7.191657677095526
1787024881995,0.00139,883562.0,0.001391,1003132.0,0.0013905,7.191657677095526
1787024882077,0.00139,316576.0,0.001391,1003132.0,0.0013905,7.191657677095526
1787024882078,0.00139,97710.0,0.001391,1003132.0,0.0013905,7.191657677095526
1787024882079,0.00139,85852.0,0.001391,1239773.0,0.0013905,7.191657677095526
1787024882080,0.00139,57540.0,0.001391,1239773.0,0.0013905,7.191657677095526
1787024882081,0.00139,45673.0,0.001391,1239773.0,0.0013905,7.191657677095526
1787024882099,0.00139,45673.0,0.001391,1505564.0,0.0013905,7.191657677095526
1787024882100,0.00139,45673.0,0.001391,1640134.0,0.0013905,7.191657677095526
1787024882101,0.00139,45673.0,0.001391,1628267.0,0.0013905,7.191657677095526
1787024882136,0.00139,45673.0,0.001391,2424557.0,0.0013905,7.191657677095526
1787024882151,0.001389,4140580.0,0.001391,2424557.0,0.0013900000000000002,14.388489208633441
1787024882152,0.001389,4140579.0,0.00139,516761.0,0.0013895000000000001,7.196833393306339
1787024882153,0.001389,4168880.0,0.00139,565238.0,0.0013895000000000001,7.196833393306339
1787024882154,0.001389,4128712.0,0.00139,571781.0,0.0013895000000000001,7.196833393306339
1787024882155,0.001389,3969895.0,0.00139,984862.0,0.0013895000000000001,7.196833393306339
1787024882158,0.001389,3827597.0,0.00139,984862.0,0.0013895000000000001,7.196833393306339
1787024882159,0.001389,3823802.0,0.00139,493893.0,0.0013895000000000001,7.196833393306339
1787024882160,0.001389,3823802.0,0.00139,1475831.0,0.0013895000000000001,7.196833393306339
1787024882161,0.001389,3681504.0,0.00139,1475831.0,0.0013895000000000001,7.196833393306339
1787024882165,0.001389,3212281.0,0.00139,1462935.0,0.0013895000000000001,7.196833393306339
1787024882166,0.001389,3212281.0,0.00139,1699576.0,0.0013895000000000001,7.196833393306339
1787024882167,0.001389,2581170.0,0.00139,1699576.0,0.0013895000000000001,7.196833393306339
1787024882173,0.001389,1517206.0,0.00139,1699576.0,0.0013895000000000001,7.196833393306339
1787024882175,0.001389,1517206.0,0.00139,1208607.0,0.0013895000000000001,7.196833393306339
1787024882178,0.001389,1036463.0,0.00139,717638.0,0.0013895000000000001,7.196833393306339
1787024882180,0.001389,1084940.0,0.00139,717638.0,0.0013895000000000001,7.196833393306339
1787024882181,0.001389,870688.0,0.00139,723036.0,0.0013895000000000001,7.196833393306339
1787024882182,0.001389,634047.0,0.00139,723036.0,0.0013895000000000001,7.196833393306339
1787024882183,0.001389,634047.0,0.00139,938814.0,0.0013895000000000001,7.196833393306339
1787024882184,0.001389,559503.0,0.00139,938814.0,0.0013895000000000001,7.196833393306339
1787024882198,0.001389,559503.0,0.00139,953209.0,0.0013895000000000001,7.196833393306339
1787024882201,0.001389,559503.0,0.00139,982166.0,0.0013895000000000001,7.196833393306339
1787024882233,0.001389,571378.0,0.00139,994041.0,0.0013895000000000001,7.196833393306339
1787024882294,0.001389,567998.0,0.00139,994041.0,0.0013895000000000001,7.196833393306339
1787024882300,0.001389,567998.0,0.00139,1001237.0,0.0013895000000000001,7.196833393306339
1787024882307,0.001389,567998.0,0.00139,972280.0,0.0013895000000000001,7.196833393306339
1787024882375,0.001389,567998.0,0.00139,1802580.0,0.0013895000000000001,7.196833393306339
1787024882376,0.001389,1312411.0,0.00139,1802580.0,0.0013895000000000001,7.196833393306339
1787024882377,0.001389,1324286.0,0.00139,1802580.0,0.0013895000000000001,7.196833393306339
1787024882378,0.001389,1312411.0,0.00139,1802580.0,0.0013895000000000001,7.196833393306339
1787024882395,0.001389,1308452.0,0.00139,1802580.0,0.0013895000000000001,7.196833393306339
1787024882401,0.001389,1308452.0,0.00139,1831530.0,0.0013895000000000001,7.196833393306339
1787024882483,0.001389,1545093.0,0.00139,1001230.0,0.0013895000000000001,7.196833393306339
1787024882485,0.001389,1545093.0,0.00139,989355.0,0.0013895000000000001,7.196833393306339
1787024882495,0.001389,1545093.0,0.00139,1001230.0,0.0013895000000000001,7.196833393306339
1787024882498,0.001389,1545093.0,0.00139,972280.0,0.0013895000000000001,7.196833393306339
1787024882569,0.001389,1545093.0,0.00139,1118745.0,0.0013895000000000001,7.196833393306339
1787024882663,0.001389,1545093.0,0.00139,1122702.0,0.0013895000000000001,7.196833393306339
1787024882740,0.001389,1545093.0,0.00139,1889213.0,0.0013895000000000001,7.196833393306339
1787024882798,0.001389,1545093.0,0.00139,1882017.0,0.0013895000000000001,7.196833393306339
1787024882806,0.001389,1725252.0,0.00139,1882017.0,0.0013895000000000001,7.196833393306339
1787024882819,0.001389,1730099.0,0.00139,1882017.0,0.0013895000000000001,7.196833393306339
1787024882833,0.001389,1726410.0,0.00139,1882017.0,0.0013895000000000001,7.196833393306339
1787024882987,0.001389,1722198.0,0.00139,1882017.0,0.0013895000000000001,7.196833393306339
1787024882996,0.001389,1722198.0,0.00139,1885723.0,0.0013895000000000001,7.196833393306339
1787024883048,0.001389,1722198.0,0.00139,1785723.0,0.0013895000000000001,7.196833393306339
1787024883049,0.001389,1722198.0,0.00139,1019212.0,0.0013895000000000001,7.196833393306339
1787024883050,0.001389,1722198.0,0.00139,791559.0,0.0013895000000000001,7.196833393306339
1787024883051,0.001389,1722198.0,0.00139,566793.0,0.0013895000000000001,7.196833393306339
1787024883100,0.001389,1722198.0,0.00139,833116.0,0.0013895000000000001,7.196833393306339
1787024883102,0.001389,1722198.0,0.00139,967705.0,0.0013895000000000001,7.196833393306339
1787024883133,0.001389,1722198.0,0.00139,290262.0,0.0013895000000000001,7.196833393306339
1787024883134,0.001389,1722198.0,0.00139,338739.0,0.0013895000000000001,7.196833393306339
1787024883135,0.00139,767251.0,0.001391,1966633.0,0.0013905,7.191657677095526
1787024883136,0.00139,298757.0,0.001391,1245052.0,0.0013905,7.191657677095526
1787024883137,0.00139,539355.0,0.001391,1255403.0,0.0013905,7.191657677095526
1787024883138,0.00139,587832.0,0.001391,1255403.0,0.0013905,7.191657677095526
1787024883165,0.00139,566454.0,0.001391,1255403.0,0.0013905,7.191657677095526
1787024883198,0.00139,566454.0,0.001391,1269788.0,0.0013905,7.191657677095526
1787024883253,0.00139,1434245.0,0.001391,1269788.0,0.0013905,7.191657677095526
1787024883254,0.00139,1434245.0,0.001391,2163273.0,0.0013905,7.191657677095526
1787024883258,0.00139,1446112.0,0.001391,2175140.0,0.0013905,7.191657677095526
1787024883270,0.00139,1449982.0,0.001391,2175140.0,0.0013905,7.191657677095526
1787024883355,0.00139,1570579.0,0.001391,2175140.0,0.0013905,7.191657677095526
1787024883360,0.00139,1570579.0,0.001391,2171184.0,0.0013905,7.191657677095526
1787024883433,0.00139,1567136.0,0.001391,2171184.0,0.0013905,7.191657677095526
1787024883446,0.00139,1571983.0,0.001391,2171184.0,0.0013905,7.191657677095526
1787024883591,0.00139,1571983.0,0.001391,2175138.0,0.0013905,7.191657677095526
1787024883806,0.00139,1752012.0,0.001391,2175138.0,0.0013905,7.191657677095526
1787024884155,0.00139,1729063.0,0.001391,2175138.0,0.0013905,7.191657677095526
1787024884624,0.00139,1729063.0,0.001391,416153.0,0.0013905,7.191657677095526
1787024884625,0.001391,739708.0,0.001392,1045495.0,0.0013915,7.186489399927531
1787024884626,0.001391,515242.0,0.001392,802198.0,0.0013915,7.186489399927531
1787024884627,0.001391,935737.0,0.001392,893231.0,0.0013915,7.186489399927531
1787024884628,0.001391,935737.0,0.001392,955920.0,0.0013915,7.186489399927531
1787024884635,0.001391,935737.0,0.001392,922880.0,0.0013915,7.186489399927531
1787024884651,0.001391,929539.0,0.001392,922880.0,0.0013915,7.186489399927531
1787024884652,0.001391,929539.0,0.001392,1522880.0,0.0013915,7.186489399927531
1787024884657,0.001391,929539.0,0.001392,922880.0,0.0013915,7.186489399927531
1787024884665,0.001391,937758.0,0.001392,922880.0,0.0013915,7.186489399927531
1787024884695,0.001391,937758.0,0.001392,937253.0,0.0013915,7.186489399927531
1787024884718,0.001391,949616.0,0.001392,949111.0,0.0013915,7.186489399927531
1787024884727,0.001391,872552.0,0.001392,949111.0,0.0013915,7.186489399927531
1787024884736,0.001391,872552.0,0.001392,1185752.0,0.0013915,7.186489399927531
1787024884798,0.001391,879738.0,0.001392,1185752.0,0.0013915,7.186489399927531
1787024884832,0.001391,1658378.0,0.001392,2012799.0,0.0013915,7.186489399927531
1787024884834,0.001391,1658378.0,0.001392,2012799.0,0.0013915,7.186489399927531
1787024884840,0.001391,1654403.0,0.001392,2012799.0,0.0013915,7.186489399927531
1787024884862,0.001391,1654403.0,0.001392,2002042.0,0.0013915,7.186489399927531
1787024885009,0.001391,1650049.0,0.001392,2002042.0,0.0013915,7.186489399927531
1787024885102,0.001391,1918581.0,0.001392,2002042.0,0.0013915,7.186489399927531
1787024885103,0.001391,2052847.0,0.001392,2002042.0,0.0013915,7.186489399927531
1787024885279,0.001391,2056717.0,0.001392,2002042.0,0.0013915,7.186489399927531
1787024885299,0.001391,2049531.0,0.001392,2002042.0,0.0013915,7.186489399927531
1787024885573,0.001391,2170128.0,0.001392,2002042.0,0.0013915,7.186489399927531
1787024885795,0.001391,2177314.0,0.001392,2002042.0,0.0013915,7.186489399927531
1787024885901,0.001391,2172768.0,0.001392,2002042.0,0.0013915,7.186489399927531
1787024886239,0.001391,2172768.0,0.001392,2005988.0,0.0013915,7.186489399927531
1787024886297,0.001391,2165582.0,0.001392,2005988.0,0.0013915,7.186489399927531
1787024886604,0.001391,2140391.0,0.001392,2005988.0,0.0013915,7.186489399927531
1787024886797,0.001391,2110193.0,0.001392,2005988.0,0.0013915,7.186489399927531
1787024886799,0.001391,2117379.0,0.001392,2005988.0,0.0013915,7.186489399927531
1787024886975,0.001391,2112493.0,0.001392,2005988.0,0.0013915,7.186489399927531
1787024887297,0.001391,2105307.0,0.001392,2005988.0,0.0013915,7.186489399927531
1787024887604,0.001391,2105307.0,0.001392,1180324.0,0.0013915,7.186489399927531
1787024887605,0.001391,2105307.0,0.001392,116636.0,0.0013915,7.186489399927531
1787024887606,0.001391,2105307.0,0.001392,120588.0,0.0013915,7.186489399927531
1787024887607,0.001391,2594498.0,0.001392,120588.0,0.0013915,7.186489399927531
1787024887609,0.001391,2894073.0,0.001392,120588.0,0.0013915,7.186489399927531
1787024887613,0.001391,2894073.0,0.001393,1845577.0,0.001392,14.367816091952815
1787024887614,0.001392,331724.0,0.001393,1830936.0,0.0013925,7.181328545780365
1787024887615,0.001392,591469.0,0.001393,1214297.0,0.0013925,7.181328545780365
1787024887616,0.001392,739099.0,0.001393,1258051.0,0.0013925,7.181328545780365
1787024887617,0.001392,859415.0,0.001393,1258051.0,0.0013925,7.181328545780365
1787024887618,0.001392,838044.0,0.001393,1557166.0,0.0013925,7.181328545780365
1787024887626,0.001392,838044.0,0.001393,1414868.0,0.0013925,7.181328545780365
1787024887627,0.001392,838044.0,0.001393,1272570.0,0.0013925,7.181328545780365
1787024887698,0.001392,838044.0,0.001393,1286934.0,0.0013925,7.181328545780365
1787024887711,0.001392,855054.0,0.001393,1286934.0,0.0013925,7.181328545780365
1787024887772,0.001392,866904.0,0.001393,1298784.0,0.0013925,7.181328545780365
1787024887799,0.001392,866904.0,0.001393,1334678.0,0.0013925,7.181328545780365
1787024887814,0.001392,1645814.0,0.001393,1334678.0,0.0013925,7.181328545780365
1787024887815,0.001392,1645814.0,0.001393,2082595.0,0.0013925,7.181328545780365
1787024887919,0.001392,1645814.0,0.001393,1563056.0,0.0013925,7.181328545780365
1787024887920,0.001392,1882455.0,0.001393,599361.0,0.0013925,7.181328545780365
1787024887921,0.001392,1870605.0,0.001393,599361.0,0.0013925,7.181328545780365
1787024887926,0.001392,1877789.0,0.001393,599361.0,0.0013925,7.181328545780365
1787024887928,0.001392,1870605.0,0.001393,599361.0,0.0013925,7.181328545780365
1787024887932,0.001392,1877789.0,0.001393,599361.0,0.0013925,7.181328545780365
1787024887933,0.001392,1870605.0,0.001393,599361.0,0.0013925,7.181328545780365
1787024887935,0.001392,1877789.0,0.001393,599361.0,0.0013925,7.181328545780365
1787024887936,0.001392,1870605.0,0.001393,599361.0,0.0013925,7.181328545780365
1787024887947,0.001392,1870605.0,0.001393,599361.0,0.0013925,7.181328545780365
1787024887949,0.001392,1877789.0,0.001393,599361.0,0.0013925,7.181328545780365
1787024887950,0.001392,1870605.0,0.001393,599361.0,0.0013925,7.181328545780365
1787024887952,0.001392,1877789.0,0.001393,599361.0,0.0013925,7.181328545780365
1787024887953,0.001392,1870605.0,0.001393,599361.0,0.0013925,7.181328545780365
1787024887954,0.001392,1877789.0,0.001393,599361.0,0.0013925,7.181328545780365
1787024887955,0.001392,1870605.0,0.001393,599361.0,0.0013925,7.181328545780365
1787024887964,0.001392,1877789.0,0.001393,599361.0,0.0013925,7.181328545780365
1787024887965,0.001392,1870605.0,0.001393,599361.0,0.0013925,7.181328545780365
1787024887971,0.001392,1877789.0,0.001393,599361.0,0.0013925,7.181328545780365
1787024887973,0.001392,1870605.0,0.001393,599361.0,0.0013925,7.181328545780365
1787024887975,0.001392,1867536.0,0.001393,599361.0,0.0013925,7.181328545780365
1787024887977,0.001392,1874720.0,0.001393,599361.0,0.0013925,7.181328545780365
1787024887978,0.001392,1867536.0,0.001393,599361.0,0.0013925,7.181328545780365
1787024887998,0.001392,1898053.0,0.001393,599361.0,0.0013925,7.181328545780365
1787024888059,0.001392,1826214.0,0.001393,599361.0,0.0013925,7.181328545780365
1787024888065,0.001392,1838064.0,0.001393,599361.0,0.0013925,7.181328545780365
1787024888066,0.001392,1845248.0,0.001393,599361.0,0.0013925,7.181328545780365
1787024888067,0.001392,1838064.0,0.001393,599361.0,0.0013925,7.181328545780365
1787024888069,0.001392,1845248.0,0.001393,599361.0,0.0013925,7.181328545780365
1787024888097,0.001392,2112954.0,0.001393,599361.0,0.0013925,7.181328545780365
1787024888098,0.001392,2246807.0,0.001393,599361.0,0.0013925,7.181328545780365
1787024888099,0.001392,2174968.0,0.001393,599361.0,0.0013925,7.181328545780365
1787024888100,0.001392,2072612.0,0.001393,599361.0,0.0013925,7.181328545780365
1787024888129,0.001392,2072612.0,0.001393,1471747.0,0.0013925,7.181328545780365
1787024888131,0.001392,2072612.0,0.001393,1471747.0,0.0013925,7.181328545780365
1787024888134,0.001392,2072612.0,0.001393,1435853.0,0.0013925,7.181328545780365
1787024888146,0.001392,2072612.0,0.001393,1653393.0,0.0013925,7.181328545780365
1787024888169,0.001392,2072612.0,0.001393,1807897.0,0.0013925,7.181328545780365
1787024888189,0.001392,2193209.0,0.001393,1807897.0,0.0013925,7.181328545780365
1787024888365,0.001392,2189389.0,0.001393,1807897.0,0.0013925,7.181328545780365
1787024888482,0.001392,2360618.0,0.001393,1807897.0,0.0013925,7.181328545780365
1787024888483,0.001392,2360618.0,0.001393,1827529.0,0.0013925,7.181328545780365
1787024888484,0.001392,2360618.0,0.001393,2090184.0,0.0013925,7.181328545780365
1787024888583,0.001392,2360618.0,0.001393,2016318.0,0.0013925,7.181328545780365
1787024888636,0.001392,2367802.0,0.001393,2016318.0,0.0013925,7.181328545780365
1787024888667,0.001392,2371672.0,0.001393,2016318.0,0.0013925,7.181328545780365
1787024888671,0.001392,2357304.0,0.001393,2016318.0,0.0013925,7.181328545780365
1787024888672,0.001392,2364488.0,0.001393,2016318.0,0.0013925,7.181328545780365
1787024888673,0.001392,2357304.0,0.001393,2016318.0,0.0013925,7.181328545780365
1787024888678,0.001392,2357304.0,0.001393,2016318.0,0.0013925,7.181328545780365
1787024888680,0.001392,2364488.0,0.001393,2016318.0,0.0013925,7.181328545780365
1787024888681,0.001392,2357304.0,0.001393,2016318.0,0.0013925,7.181328545780365
1787024888683,0.001392,2364488.0,0.001393,2016318.0,0.0013925,7.181328545780365
1787024888684,0.001392,2357304.0,0.001393,2016318.0,0.0013925,7.181328545780365
1787024889171,0.001392,2353768.0,0.001393,2016318.0,0.0013925,7.181328545780365
1787024889267,0.001392,2360952.0,0.001393,2016318.0,0.0013925,7.181328545780365
1787024889268,0.001392,2353768.0,0.001393,2016318.0,0.0013925,7.181328545780365
1787024889283,0.001392,2182539.0,0.001393,2016318.0,0.0013925,7.181328545780365
1787024889361,0.001392,2175798.0,0.001393,2016318.0,0.0013925,7.181328545780365
1787024889584,0.001392,2347027.0,0.001393,2016318.0,0.0013925,7.181328545780365
1787024890071,0.001392,2347027.0,0.001393,1143932.0,0.0013925,7.181328545780365
1787024890073,0.001392,2347027.0,0.001393,1132082.0,0.0013925,7.181328545780365
1787024890074,0.001392,2347027.0,0.001393,1143932.0,0.0013925,7.181328545780365
1787024890172,0.001392,2347027.0,0.001393,1139020.0,0.0013925,7.181328545780365
1787024890241,0.001392,2340563.0,0.001393,1139020.0,0.0013925,7.181328545780365
1787024890319,0.001392,2340563.0,0.001393,1902754.0,0.0013925,7.181328545780365
1787024890607,0.001392,2340563.0,0.001393,1522845.0,0.0013925,7.181328545780365
1787024890608,0.001392,2340563.0,0.001393,1510995.0,0.0013925,7.181328545780365
1787024890609,0.001392,2340563.0,0.001393,751210.0,0.0013925,7.181328545780365
1787024890610,0.001393,627667.0,0.001394,1423380.0,0.0013935,7.17617509867336
1787024890611,0.001393,160090.0,0.001394,1014138.0,0.0013935,7.17617509867336
1787024890612,0.001393,1116285.0,0.001394,579526.0,0.0013935,7.17617509867336
1787024890613,0.001393,1351895.0,0.001394,363748.0,0.0013935,7.17617509867336
1787024890615,0.001393,1355844.0,0.001394,363748.0,0.0013935,7.17617509867336
1787024890617,0.001393,1355844.0,0.001394,328475.0,0.0013935,7.17617509867336
1787024890637,0.001393,1592485.0,0.001394,328475.0,0.0013935,7.17617509867336
1787024890638,0.001393,1592485.0,0.001394,279998.0,0.0013935,7.17617509867336
1787024890639,0.001393,1512433.0,0.001394,279998.0,0.0013935,7.17617509867336
1787024890650,0.001393,1512433.0,0.001394,269236.0,0.0013935,7.17617509867336
1787024890695,0.001393,1512433.0,0.001394,283585.0,0.0013935,7.17617509867336
1787024890698,0.001393,1542950.0,0.001394,283585.0,0.0013935,7.17617509867336
1787024890703,0.001393,1617832.0,0.001394,283585.0,0.0013935,7.17617509867336
1787024890708,0.001393,1631013.0,0.001394,283585.0,0.0013935,7.17617509867336
1787024890718,0.001393,1642854.0,0.001394,295426.0,0.0013935,7.17617509867336
1787024890720,0.001393,1642854.0,0.001394,343903.0,0.0013935,7.17617509867336
1787024890822,0.001393,2434822.0,0.001394,343903.0,0.0013935,7.17617509867336
1787024890824,0.001393,2288152.0,0.001394,295426.0,0.0013935,7.17617509867336
1787024890900,0.001393,2316976.0,0.001394,295426.0,0.0013935,7.17617509867336
1787024890955,0.001393,2316976.0,0.001394,1043781.0,0.0013935,7.17617509867336
1787024890956,0.001393,2316976.0,0.001394,1031940.0,0.0013935,7.17617509867336
1787024890962,0.001393,2316976.0,0.001394,1095057.0,0.0013935,7.17617509867336
1787024891069,0.001393,2316976.0,0.001394,1249561.0,0.0013935,7.17617509867336
1787024891099,0.001393,2717284.0,0.001394,1249561.0,0.0013935,7.17617509867336
1787024891100,0.001393,2850720.0,0.001394,1249561.0,0.0013935,7.17617509867336
1787024891187,0.001393,2842354.0,0.001394,1249561.0,0.0013935,7.17617509867336
1787024891201,0.001393,2813530.0,0.001394,1249561.0,0.0013935,7.17617509867336
1787024891281,0.001393,2984759.0,0.001394,1249561.0,0.0013935,7.17617509867336
1787024891282,0.001393,2972918.0,0.001394,1249561.0,0.0013935,7.17617509867336
1787024891298,0.001393,3093515.0,0.001394,1249561.0,0.0013935,7.17617509867336
1787024891309,0.001393,3091012.0,0.001394,1249561.0,0.0013935,7.17617509867336
1787024891400,0.001393,3060495.0,0.001394,1249561.0,0.0013935,7.17617509867336
1787024891500,0.001393,3072336.0,0.001394,1261402.0,0.0013935,7.17617509867336
1787024891675,0.001393,3076206.0,0.001394,1261402.0,0.0013935,7.17617509867336
1787024891699,0.001393,3106723.0,0.001394,1261402.0,0.0013935,7.17617509867336
1787024891796,0.001393,3113899.0,0.001394,1261402.0,0.0013935,7.17617509867336
1787024891864,0.001393,3084642.0,0.001394,1261402.0,0.0013935,7.17617509867336
1787024892099,0.001393,3054125.0,0.001394,1261402.0,0.0013935,7.17617509867336
1787024892137,0.001393,3054125.0,0.001394,1266882.0,0.0013935,7.17617509867336
1787024892200,0.001393,3084642.0,0.001394,1266882.0,0.0013935,7.17617509867336
1787024892381,0.001393,3255866.0,0.001394,1266882.0,0.0013935,7.17617509867336
1787024892523,0.001393,3250835.0,0.001394,1266882.0,0.0013935,7.17617509867336
1787024892589,0.001393,3250835.0,0.001394,1283222.0,0.0013935,7.17617509867336
1787024892678,0.001393,3264903.0,0.001394,1283222.0,0.0013935,7.17617509867336
1787024892682,0.001393,3264903.0,0.001394,406532.0,0.0013935,7.17617509867336
1787024892683,0.001394,155250.0,0.001395,3022858.0,0.0013945,7.171029042667021
1787024892684,0.001394,126736.0,0.001395,1437587.0,0.0013945,7.171029042667021
1787024892685,0.001394,489967.0,0.001395,2002591.0,0.0013945,7.171029042667021
1787024892686,0.001394,705417.0,0.001395,1205331.0,0.0013945,7.171029042667021
1787024892687,0.001394,1648889.0,0.001395,298686.0,0.0013945,7.171029042667021
1787024892688,0.001394,1581099.0,0.001395,135887.0,0.0013945,7.171029042667021
1787024892693,0.001394,1581099.0,0.001395,128631.0,0.0013945,7.171029042667021
1787024892694,0.001394,2164227.0,0.001395,128631.0,0.0013945,7.171029042667021
1787024892712,0.001394,2177408.0,0.001395,128631.0,0.0013945,7.171029042667021
1787024892725,0.001394,2177408.0,0.001395,164486.0,0.0013945,7.171029042667021
1787024892733,0.001394,2177408.0,0.001395,168789.0,0.0013945,7.171029042667021
1787024892750,0.001394,1594280.0,0.001395,168789.0,0.0013945,7.171029042667021
1787024892755,0.001394,2078921.0,0.001395,168789.0,0.0013945,7.171029042667021
1787024892757,0.001394,2078921.0,0.001395,25059.0,0.0013945,7.171029042667021
1787024892758,0.001394,2538150.0,0.001395,25059.0,0.0013945,7.171029042667021
1787024892761,0.001394,2466414.0,0.001395,25059.0,0.0013945,7.171029042667021
1787024892800,0.001394,2496931.0,0.001395,25059.0,0.0013945,7.171029042667021
1787024892826,0.001394,2496931.0,0.001395,60914.0,0.0013945,7.171029042667021
1787024892854,0.001394,2500848.0,0.001395,60914.0,0.0013945,7.171029042667021
1787024892870,0.001394,2041619.0,0.001395,60914.0,0.0013945,7.171029042667021
1787024892871,0.001394,1963894.0,0.001395,60914.0,0.0013945,7.171029042667021
1787024892872,0.001394,1963894.0,0.001395,109391.0,0.0013945,7.171029042667021
1787024892884,0.001394,2827694.0,0.001395,109391.0,0.0013945,7.171029042667021
1787024892898,0.001394,2839527.0,0.001395,121224.0,0.0013945,7.171029042667021
1787024892899,0.001394,2765630.0,0.001395,121224.0,0.0013945,7.171029042667021
1787024892900,0.001394,2795278.0,0.001395,121224.0,0.0013945,7.171029042667021
1787024893032,0.001394,2405269.0,0.001395,121224.0,0.0013945,7.171029042667021
1787024893033,0.001394,2405269.0,0.001395,1245635.0,0.0013945,7.171029042667021
1787024893034,0.001394,1130725.0,0.001395,1245635.0,0.0013945,7.171029042667021
1787024893036,0.001394,1356447.0,0.001395,1245635.0,0.0013945,7.171029042667021
1787024893038,0.001394,1412000.0,0.001395,1245635.0,0.0013945,7.171029042667021
1787024893068,0.001394,1591513.0,0.001395,1245635.0,0.0013945,7.171029042667021
1787024893098,0.001394,1858353.0,0.001395,1245635.0,0.0013945,7.171029042667021
1787024893099,0.001394,2125193.0,0.001395,1245635.0,0.0013945,7.171029042667021
1787024893171,0.001394,2125193.0,0.001395,1400139.0,0.0013945,7.171029042667021
1787024893208,0.001394,2114730.0,0.001395,1400139.0,0.0013945,7.171029042667021
1787024893216,0.001394,2104267.0,0.001395,1400139.0,0.0013945,7.171029042667021
1787024893261,0.001394,2949903.0,0.001395,1400139.0,0.0013945,7.171029042667021
1787024893262,0.001394,2938070.0,0.001395,1400139.0,0.0013945,7.171029042667021
1787024893264,0.001394,2949903.0,0.001395,1400139.0,0.0013945,7.171029042667021
1787024893281,0.001394,3121132.0,0.001395,1400139.0,0.0013945,7.171029042667021
1787024893368,0.001394,3241729.0,0.001395,1400139.0,0.0013945,7.171029042667021
1787024893400,0.001394,3212081.0,0.001395,1400139.0,0.0013945,7.171029042667021
1787024893510,0.001394,3181564.0,0.001395,1400139.0,0.0013945,7.171029042667021
1787024893519,0.001394,3168383.0,0.001395,1400139.0,0.0013945,7.171029042667021
1787024893537,0.001394,3165641.0,0.001395,1400139.0,0.0013945,7.171029042667021
1787024893550,0.001394,3165641.0,0.001395,1386958.0,0.0013945,7.171029042667021
1787024893553,0.001394,3165641.0,0.001395,499188.0,0.0013945,7.171029042667021
1787024893554,0.001394,3165641.0,0.001395,262547.0,0.0013945,7.171029042667021
1787024893615,0.001394,3165641.0,0.001395,266490.0,0.0013945,7.171029042667021
1787024893661,0.001394,3169511.0,0.001395,266490.0,0.0013945,7.171029042667021
1787024893683,0.001394,3340735.0,0.001395,266490.0,0.0013945,7.171029042667021
1787024893695,0.001394,3340735.0,0.001395,133279.0,0.0013945,7.171029042667021
1787024893730,0.001394,1548736.0,0.001395,133279.0,0.0013945,7.171029042667021
1787024893731,0.001394,1552682.0,0.001395,359001.0,0.0013945,7.171029042667021
1787024893732,0.001394,955537.0,0.001395,680743.0,0.0013945,7.171029042667021
1787024893733,0.001394,695213.0,0.001395,680743.0,0.0013945,7.171029042667021
1787024893734,0.001394,920935.0,0.001395,680743.0,0.0013945,7.171029042667021
1787024893735,0.001394,920935.0,0.001395,1169381.0,0.0013945,7.171029042667021
1787024893736,0.001394,920935.0,0.001395,943659.0,0.0013945,7.171029042667021
1787024893763,0.001394,920935.0,0.001395,949132.0,0.0013945,7.171029042667021
1787024893796,0.001394,920935.0,0.001395,963474.0,0.0013945,7.171029042667021
1787024893797,0.001394,932768.0,0.001395,975307.0,0.0013945,7.171029042667021
1787024893908,0.001394,932768.0,0.001395,1033021.0,0.0013945,7.171029042667021
1787024893982,0.001394,590315.0,0.001395,1033021.0,0.0013945,7.171029042667021
1787024893984,0.001394,2091731.0,0.001395,1777635.0,0.0013945,7.171029042667021
1787024893985,0.001394,1491731.0,0.001395,1777635.0,0.0013945,7.171029042667021
1787024893986,0.001394,1479898.0,0.001395,1777635.0,0.0013945,7.171029042667021
1787024894019,0.001394,1311033.0,0.001395,1777635.0,0.0013945,7.171029042667021
1787024894021,0.001394,409617.0,0.001395,1777635.0,0.0013945,7.171029042667021
1787024894097,0.001394,543162.0,0.001395,1777635.0,0.0013945,7.171029042667021
1787024894098,0.001394,676707.0,0.001395,1777635.0,0.0013945,7.171029042667021
1787024894099,0.001394,737017.0,0.001395,1777635.0,0.0013945,7.171029042667021
1787024894230,0.001394,1540274.0,0.001395,1777635.0,0.0013945,7.171029042667021
1787024894231,0.001394,1540274.0,0.001395,1288997.0,0.0013945,7.171029042667021
1787024894232,0.001394,1540274.0,0.001395,1288997.0,0.0013945,7.171029042667021
1787024894327,0.001394,3846492.0,0.001395,1288997.0,0.0013945,7.171029042667021
1787024894328,0.001394,3834659.0,0.001395,1288997.0,0.0013945,7.171029042667021
1787024894349,0.001394,3846492.0,0.001395,1288997.0,0.0013945,7.171029042667021
1787024894358,0.001394,4026005.0,0.001395,1288997.0,0.0013945,7.171029042667021
1787024894379,0.001394,4197234.0,0.001395,1288997.0,0.0013945,7.171029042667021
1787024894537,0.001394,4197234.0,0.001395,1238646.0,0.0013945,7.171029042667021
1787024894538,0.001394,4445725.0,0.001395,1238646.0,0.0013945,7.171029042667021
1787024894540,0.001394,4445725.0,0.001395,245541.0,0.0013945,7.171029042667021
1787024894541,0.001394,4604250.0,0.001395,245541.0,0.0013945,7.171029042667021
1787024894837,0.001394,4599071.0,0.001395,245541.0,0.0013945,7.171029042667021
1787024894843,0.001394,4599071.0,0.001395,995147.0,0.0013945,7.171029042667021
1787024894844,0.001394,4599071.0,0.001395,983314.0,0.0013945,7.171029042667021
1787024894845,0.001394,4599071.0,0.001395,995147.0,0.0013945,7.171029042667021
1787024894858,0.001394,4613146.0,0.001395,995147.0,0.0013945,7.171029042667021
1787024895141,0.001394,4613146.0,0.001395,998911.0,0.0013945,7.171029042667021
1787024895579,0.001394,4784370.0,0.001395,998911.0,0.0013945,7.171029042667021
1787024895825,0.001394,4770295.0,0.001395,998911.0,0.0013945,7.171029042667021
1787024895826,0.001394,4784372.0,0.001395,998911.0,0.0013945,7.171029042667021
1787024895982,0.001394,4613148.0,0.001395,998911.0,0.0013945,7.171029042667021
1787024896009,0.001394,4608018.0,0.001395,998911.0,0.0013945,7.171029042667021
1787024896254,0.001394,9915834.0,0.001395,998911.0,0.0013945,7.171029042667021
1787024896255,0.001395,792352.0,0.001396,4236919.0,0.0013955,7.165890361878414
1787024896256,0.001395,523020.0,0.001396,2493740.0,0.0013955,7.165890361878414
1787024896257,0.001395,1018354.0,0.001396,2393857.0,0.0013955,7.165890361878414
1787024896258,0.001395,1060021.0,0.001396,2548599.0,0.0013955,7.165890361878414
1787024896260,0.001395,1060021.0,0.001396,2444247.0,0.0013955,7.165890361878414
1787024896261,0.001395,1060021.0,0.001396,2405281.0,0.0013955,7.165890361878414
1787024896262,0.001395,1660021.0,0.001396,2405281.0,0.0013955,7.165890361878414
1787024896264,0.001395,1060021.0,0.001396,2372324.0,0.0013955,7.165890361878414
1787024896265,0.001395,1067190.0,0.001396,2372324.0,0.0013955,7.165890361878414
1787024896266,0.001395,1074359.0,0.001396,2372324.0,0.0013955,7.165890361878414
1787024896267,0.001395,1081528.0,0.001396,2372324.0,0.0013955,7.165890361878414
1787024896268,0.001395,1074359.0,0.001396,2372324.0,0.0013955,7.165890361878414
1787024896269,0.001395,1060021.0,0.001396,2372324.0,0.0013955,7.165890361878414
1787024896271,0.001395,1060021.0,0.001396,2372324.0,0.0013955,7.165890361878414
1787024896272,0.001395,1074359.0,0.001396,2372324.0,0.0013955,7.165890361878414
1787024896273,0.001395,1067190.0,0.001396,2372324.0,0.0013955,7.165890361878414
1787024896274,0.001395,1060021.0,0.001396,2372324.0,0.0013955,7.165890361878414
1787024896275,0.001395,1067190.0,0.001396,2372324.0,0.0013955,7.165890361878414
1787024896276,0.001395,1067190.0,0.001396,2372324.0,0.0013955,7.165890361878414
1787024896277,0.001395,1060021.0,0.001396,2372324.0,0.0013955,7.165890361878414
1787024896278,0.001395,1074359.0,0.001396,2228903.0,0.0013955,7.165890361878414
1787024896279,0.001395,1067190.0,0.001396,2228903.0,0.0013955,7.165890361878414
1787024896280,0.001395,1060021.0,0.001396,2228903.0,0.0013955,7.165890361878414
1787024896281,0.001395,1074359.0,0.001396,2228903.0,0.0013955,7.165890361878414
1787024896282,0.001395,1060021.0,0.001396,2228903.0,0.0013955,7.165890361878414
1787024896283,0.001395,1067190.0,0.001396,2228903.0,0.0013955,7.165890361878414
1787024896284,0.001395,1060021.0,0.001396,2228903.0,0.0013955,7.165890361878414
1787024896298,0.001395,1060021.0,0.001396,2243237.0,0.0013955,7.165890361878414
1787024896299,0.001395,981809.0,0.001396,2243237.0,0.0013955,7.165890361878414
1787024896366,0.001395,981809.0,0.001396,2239290.0,0.0013955,7.165890361878414
1787024896372,0.001395,993633.0,0.001396,2251114.0,0.0013955,7.165890361878414
1787024896400,0.001395,1024150.0,0.001396,2251114.0,0.0013955,7.165890361878414
1787024896499,0.001395,993633.0,0.001396,2251114.0,0.0013955,7.165890361878414
1787024896501,0.001395,1726007.0,0.001396,2251114.0,0.0013955,7.165890361878414
1787024896502,0.001395,1726007.0,0.001396,3043615.0,0.0013955,7.165890361878414
1787024896584,0.001395,1897236.0,0.001396,3043615.0,0.0013955,7.165890361878414
1787024896598,0.001395,1927753.0,0.001396,3043615.0,0.0013955,7.165890361878414
1787024896599,0.001395,1915929.0,0.001396,3043615.0,0.0013955,7.165890361878414
1787024896600,0.001395,1927753.0,0.001396,3043615.0,0.0013955,7.165890361878414
1787024896798,0.001395,1934918.0,0.001396,3043615.0,0.0013955,7.165890361878414
1787024896800,0.001395,1904401.0,0.001396,3043615.0,0.0013955,7.165890361878414
1787024897004,0.001395,2024998.0,0.001396,3043615.0,0.0013955,7.165890361878414
1787024897098,0.001395,2336180.0,0.001396,3043615.0,0.0013955,7.165890361878414
1787024897125,0.001395,2330244.0,0.001396,3043615.0,0.0013955,7.165890361878414
1787024897134,0.001395,2330244.0,0.001396,3018397.0,0.0013955,7.165890361878414
1787024897170,0.001395,2330244.0,0.001396,3172901.0,0.0013955,7.165890361878414
1787024897185,0.001395,2330244.0,0.001396,3176841.0,0.0013955,7.165890361878414
1787024897386,0.001395,2322723.0,0.001396,3176841.0,0.0013955,7.165890361878414
1787024897483,0.001395,2151494.0,0.001396,3176841.0,0.0013955,7.165890361878414
1787024897579,0.001395,2322723.0,0.001396,3176841.0,0.0013955,7.165890361878414
1787024897585,0.001395,2311955.0,0.001396,3176841.0,0.0013955,7.165890361878414
1787024897664,0.001395,2315825.0,0.001396,3176841.0,0.0013955,7.165890361878414
1787024897665,0.001395,2329910.0,0.001396,3176841.0,0.0013955,7.165890361878414
1787024897760,0.001395,2315825.0,0.001396,3176841.0,0.0013955,7.165890361878414
1787024897761,0.001395,2329910.0,0.001396,3176841.0,0.0013955,7.165890361878414
1787024898147,0.001395,2324432.0,0.001396,3181552.0,0.0013955,7.165890361878414
1787024898154,0.001395,2324432.0,0.001396,4798385.0,0.0013955,7.165890361878414
1787024898155,0.001395,2324432.0,0.001396,4786561.0,0.0013955,7.165890361878414
1787024898156,0.001395,2324432.0,0.001396,4798385.0,0.0013955,7.165890361878414
1787024898182,0.001395,2153203.0,0.001396,4798385.0,0.0013955,7.165890361878414
1787024898296,0.001395,2146038.0,0.001396,4798385.0,0.0013955,7.165890361878414
1787024898442,0.001395,1920316.0,0.001396,4798385.0,0.0013955,7.165890361878414
1787024898443,0.001394,8730101.0,0.001395,304685.0,0.0013945,7.171029042667021
1787024898444,0.001394,8730101.0,0.001395,814344.0,0.0013945,7.171029042667021
1787024898445,0.001394,8337898.0,0.001395,579302.0,0.0013945,7.171029042667021
1787024898446,0.001394,8496326.0,0.001395,722722.0,0.0013945,7.171029042667021
1787024898447,0.001394,8496326.0,0.001395,750025.0,0.0013945,7.171029042667021
1787024898448,0.001394,8503500.0,0.001395,726247.0,0.0013945,7.171029042667021
1787024898449,0.001394,8517848.0,0.001395,726247.0,0.0013945,7.171029042667021
1787024898450,0.001394,8510674.0,0.001395,726247.0,0.0013945,7.171029042667021
1787024898451,0.001394,8496326.0,0.001395,726247.0,0.0013945,7.171029042667021
1787024898452,0.001394,8503500.0,0.001395,726247.0,0.0013945,7.171029042667021
1787024898453,0.001394,8510674.0,0.001395,726247.0,0.0013945,7.171029042667021
1787024898454,0.001394,8496326.0,0.001395,726247.0,0.0013945,7.171029042667021
1787024898455,0.001394,8503500.0,0.001395,726247.0,0.0013945,7.171029042667021
1787024898456,0.001394,8503500.0,0.001395,726247.0,0.0013945,7.171029042667021
1787024898457,0.001394,8496326.0,0.001395,726247.0,0.0013945,7.171029042667021
1787024898458,0.001394,8517848.0,0.001395,726247.0,0.0013945,7.171029042667021
1787024898459,0.001394,8496326.0,0.001395,726247.0,0.0013945,7.171029042667021
1787024898461,0.001394,8503500.0,0.001395,726247.0,0.0013945,7.171029042667021
1787024898462,0.001394,8510674.0,0.001395,726247.0,0.0013945,7.171029042667021
1787024898463,0.001394,8496326.0,0.001395,726247.0,0.0013945,7.171029042667021
1787024898464,0.001394,8503500.0,0.001395,726247.0,0.0013945,7.171029042667021
1787024898465,0.001394,8510674.0,0.001395,726247.0,0.0013945,7.171029042667021
1787024898466,0.001394,8496326.0,0.001395,726247.0,0.0013945,7.171029042667021
1787024898467,0.001394,8496326.0,0.001395,726247.0,0.0013945,7.171029042667021
1787024898468,0.001394,8496326.0,0.001395,726247.0,0.0013945,7.171029042667021
1787024898469,0.001394,8496326.0,0.001395,726247.0,0.0013945,7.171029042667021
1787024898470,0.001394,8510674.0,0.001395,726247.0,0.0013945,7.171029042667021
1787024898471,0.001394,8503500.0,0.001395,726247.0,0.0013945,7.171029042667021
1787024898472,0.001394,8503500.0,0.001395,726247.0,0.0013945,7.171029042667021
1787024898473,0.001394,8510674.0,0.001395,726247.0,0.0013945,7.171029042667021
1787024898474,0.001394,8503500.0,0.001395,726247.0,0.0013945,7.171029042667021
1787024898475,0.001394,8510674.0,0.001395,726247.0,0.0013945,7.171029042667021
1787024898476,0.001394,8503500.0,0.001395,726247.0,0.0013945,7.171029042667021
1787024898477,0.001394,8496326.0,0.001395,726247.0,0.0013945,7.171029042667021
1787024898478,0.001394,8517848.0,0.001395,726247.0,0.0013945,7.171029042667021
1787024898479,0.001394,8496326.0,0.001395,726247.0,0.0013945,7.171029042667021
1787024898480,0.001394,8496326.0,0.001395,739010.0,0.0013945,7.171029042667021
1787024898481,0.001394,8496326.0,0.001395,739010.0,0.0013945,7.171029042667021
1787024898482,0.001394,8496326.0,0.001395,739010.0,0.0013945,7.171029042667021
1787024898483,0.001394,8510674.0,0.001395,739010.0,0.0013945,7.171029042667021
1787024898484,0.001394,8496326.0,0.001395,739010.0,0.0013945,7.171029042667021
1787024898485,0.001394,8496326.0,0.001395,739010.0,0.0013945,7.171029042667021
1787024898486,0.001394,8510674.0,0.001395,739010.0,0.0013945,7.171029042667021
1787024898487,0.001394,8503500.0,0.001395,739010.0,0.0013945,7.171029042667021
1787024898488,0.001394,8496326.0,0.001395,739010.0,0.0013945,7.171029042667021
1787024898489,0.001394,8517848.0,0.001395,739010.0,0.0013945,7.171029042667021
1787024898490,0.001394,8496326.0,0.001395,739010.0,0.0013945,7.171029042667021
1787024898492,0.001394,8510674.0,0.001395,739010.0,0.0013945,7.171029042667021
1787024898493,0.001394,8503500.0,0.001395,739010.0,0.0013945,7.171029042667021
1787024898494,0.001394,8496326.0,0.001395,739010.0,0.0013945,7.171029042667021
1787024898495,0.001394,8503500.0,0.001395,739010.0,0.0013945,7.171029042667021
1787024898496,0.001394,8496326.0,0.001395,739010.0,0.0013945,7.171029042667021
1787024898497,0.001394,8510674.0,0.001395,739010.0,0.0013945,7.171029042667021
1787024898498,0.001394,8503500.0,0.001395,739010.0,0.0013945,7.171029042667021
1787024898499,0.001394,8496326.0,0.001395,739010.0,0.0013945,7.171029042667021
1787024898500,0.001394,8503500.0,0.001395,739010.0,0.0013945,7.171029042667021
1787024898501,0.001394,8503500.0,0.001395,739010.0,0.0013945,7.171029042667021
1787024898502,0.001394,8503500.0,0.001395,739010.0,0.0013945,7.171029042667021
1787024898503,0.001394,8510674.0,0.001395,739010.0,0.0013945,7.171029042667021
1787024898504,0.001394,8496326.0,0.001395,739010.0,0.0013945,7.171029042667021
1787024898505,0.001394,8503500.0,0.001395,739010.0,0.0013945,7.171029042667021
1787024898506,0.001394,8510674.0,0.001395,739010.0,0.0013945,7.171029042667021
1787024898507,0.001394,8503500.0,0.001395,739010.0,0.0013945,7.171029042667021
1787024898508,0.001394,8496326.0,0.001395,415588.0,0.0013945,7.171029042667021
1787024898509,0.001394,8496326.0,0.001395,415588.0,0.0013945,7.171029042667021
1787024898510,0.001394,8496326.0,0.001395,208603.0,0.0013945,7.171029042667021
1787024898511,0.001394,8496326.0,0.001395,208603.0,0.0013945,7.171029042667021
1787024898517,0.001394,8503500.0,0.001395,208603.0,0.0013945,7.171029042667021
1787024898518,0.001394,8496326.0,0.001395,208603.0,0.0013945,7.171029042667021
1787024898519,0.001394,8517848.0,0.001395,208603.0,0.0013945,7.171029042667021
1787024898520,0.001394,8496326.0,0.001395,208603.0,0.0013945,7.171029042667021
1787024898521,0.001394,8503500.0,0.001395,208603.0,0.0013945,7.171029042667021
1787024898522,0.001394,8496326.0,0.001395,208603.0,0.0013945,7.171029042667021
1787024898523,0.001394,8503500.0,0.001395,208603.0,0.0013945,7.171029042667021
1787024898524,0.001394,8503500.0,0.001395,208603.0,0.0013945,7.171029042667021
1787024898525,0.001394,8496326.0,0.001395,208603.0,0.0013945,7.171029042667021
1787024898526,0.001394,8496326.0,0.001395,208603.0,0.0013945,7.171029042667021
1787024898527,0.001394,8503500.0,0.001395,208603.0,0.0013945,7.171029042667021
1787024898528,0.001394,8503500.0,0.001395,208603.0,0.0013945,7.171029042667021
1787024898529,0.001394,8496326.0,0.001395,208603.0,0.0013945,7.171029042667021
1787024898530,0.001394,8503500.0,0.001395,208603.0,0.0013945,7.171029042667021
1787024898531,0.001394,8503500.0,0.001395,208603.0,0.0013945,7.171029042667021
1787024898532,0.001394,8503500.0,0.001395,208603.0,0.0013945,7.171029042667021
1787024898533,0.001394,8496326.0,0.001395,208603.0,0.0013945,7.171029042667021
1787024898534,0.001394,8503500.0,0.001395,208603.0,0.0013945,7.171029042667021
1787024898535,0.001394,8503500.0,0.001395,208603.0,0.0013945,7.171029042667021
1787024898536,0.001394,8496326.0,0.001395,208603.0,0.0013945,7.171029042667021
1787024898537,0.001394,8503500.0,0.001395,208603.0,0.0013945,7.171029042667021
1787024898538,0.001394,8496326.0,0.001395,208603.0,0.0013945,7.171029042667021
1787024898567,0.001394,8503500.0,0.001395,208603.0,0.0013945,7.171029042667021
1787024898568,0.001394,8496326.0,0.001395,208603.0,0.0013945,7.171029042667021
1787024898569,0.001394,8496326.0,0.001395,208603.0,0.0013945,7.171029042667021
1787024898580,0.001394,8503500.0,0.001395,208603.0,0.0013945,7.171029042667021
1787024898581,0.001394,8496326.0,0.001395,208603.0,0.0013945,7.171029042667021
1787024898618,0.001394,8508159.0,0.001395,220436.0,0.0013945,7.171029042667021
1787024898644,0.001394,9243502.0,0.001395,220436.0,0.0013945,7.171029042667021
1787024898763,0.001394,9243502.0,0.001395,252724.0,0.0013945,7.171029042667021
1787024898805,0.001394,9423015.0,0.001395,252724.0,0.0013945,7.171029042667021
1787024898936,0.001394,9381160.0,0.001395,252724.0,0.0013945,7.171029042667021
1787024899081,0.001394,9376435.0,0.001395,252724.0,0.0013945,7.171029042667021
1787024899086,0.001394,9376435.0,0.001395,1015516.0,0.0013945,7.171029042667021
1787024899087,0.001394,9376435.0,0.001395,1052160.0,0.0013945,7.171029042667021
1787024899088,0.001394,9376435.0,0.001395,1063993.0,0.0013945,7.171029042667021
1787024899099,0.001394,9376435.0,0.001395,1197016.0,0.0013945,7.171029042667021
1787024899132,0.001394,9383609.0,0.001395,1197016.0,0.0013945,7.171029042667021
1787024899133,0.001394,9376435.0,0.001395,1197016.0,0.0013945,7.171029042667021
1787024899134,0.001394,9376435.0,0.001395,1148539.0,0.0013945,7.171029042667021
1787024899135,0.001394,9383609.0,0.001395,1148539.0,0.0013945,7.171029042667021
1787024899136,0.001394,9376435.0,0.001395,1148539.0,0.0013945,7.171029042667021
1787024899239,0.001394,9376435.0,0.001395,1197016.0,0.0013945,7.171029042667021
1787024899240,0.001394,9151492.0,0.001395,1412828.0,0.0013945,7.171029042667021
1787024899371,0.001394,9155438.0,0.001395,1412828.0,0.0013945,7.171029042667021
1787024899430,0.001394,8028055.0,0.001395,1800937.0,0.0013945,7.171029042667021
1787024899432,0.001394,4587540.0,0.001395,1800937.0,0.0013945,7.171029042667021
1787024899433,0.001394,4587540.0,0.001395,3302177.0,0.0013945,7.171029042667021
1787024899434,0.001394,3086476.0,0.001395,3290344.0,0.0013945,7.171029042667021
1787024899435,0.001394,3074652.0,0.001395,2690344.0,0.0013945,7.171029042667021
1787024899466,0.001394,3074652.0,0.001395,1789104.0,0.0013945,7.171029042667021
1787024899494,0.001394,3074652.0,0.001395,1645684.0,0.0013945,7.171029042667021
1787024899500,0.001394,3074652.0,0.001395,1657517.0,0.0013945,7.171029042667021
1787024899523,0.001394,3074652.0,0.001395,1441705.0,0.0013945,7.171029042667021
1787024899563,0.001394,3074652.0,0.001396,5325122.0,0.001395,14.336917562724363
1787024899564,0.001394,3462761.0,0.001395,3943.0,0.0013945,7.171029042667021
1787024899566,0.001394,3462761.0,0.001395,1433089.0,0.0013945,7.171029042667021
1787024899567,0.001394,3462761.0,0.001395,1750290.0,0.0013945,7.171029042667021
1787024899569,0.001394,3462761.0,0.001395,1590396.0,0.0013945,7.171029042667021
1787024899571,0.001394,3470772.0,0.001395,1590396.0,0.0013945,7.171029042667021
1787024899573,0.001394,3462761.0,0.001395,1590396.0,0.0013945,7.171029042667021
1787024899575,0.001394,3469935.0,0.001395,1590396.0,0.0013945,7.171029042667021
1787024899576,0.001394,3462761.0,0.001395,1590396.0,0.0013945,7.171029042667021
1787024899578,0.001394,3469935.0,0.001395,1590396.0,0.0013945,7.171029042667021
1787024899579,0.001394,3462761.0,0.001395,1590396.0,0.0013945,7.171029042667021
1787024899583,0.001394,3462761.0,0.001395,1590396.0,0.0013945,7.171029042667021
1787024899585,0.001394,3469935.0,0.001395,1590396.0,0.0013945,7.171029042667021
1787024899586,0.001394,3462761.0,0.001395,1590396.0,0.0013945,7.171029042667021
1787024899604,0.001394,3469935.0,0.001395,1590396.0,0.0013945,7.171029042667021
1787024899605,0.001394,3462761.0,0.001395,1590396.0,0.0013945,7.171029042667021
1787024899610,0.001394,3469935.0,0.001395,1590396.0,0.0013945,7.171029042667021
1787024899611,0.001394,3462761.0,0.001395,1590396.0,0.0013945,7.171029042667021
1787024899614,0.001394,3469935.0,0.001395,1590396.0,0.0013945,7.171029042667021
1787024899615,0.001394,3462761.0,0.001395,1590396.0,0.0013945,7.171029042667021
1787024899617,0.001394,3462761.0,0.001395,1590396.0,0.0013945,7.171029042667021
1787024899619,0.001394,3469935.0,0.001395,1590396.0,0.0013945,7.171029042667021
1787024899620,0.001394,3462761.0,0.001395,1590396.0,0.0013945,7.171029042667021
1787024899626,0.001394,3469935.0,0.001395,1590396.0,0.0013945,7.171029042667021
1787024899627,0.001394,3283248.0,0.001395,1590396.0,0.0013945,7.171029042667021
1787024899632,0.001394,4097464.0,0.001395,2393919.0,0.0013945,7.171029042667021
1787024899633,0.001394,4092805.0,0.001395,2393919.0,0.0013945,7.171029042667021
1787024899634,0.001394,4085631.0,0.001395,2393919.0,0.0013945,7.171029042667021
1787024899636,0.001394,4092805.0,0.001395,2393919.0,0.0013945,7.171029042667021
1787024899637,0.001394,4085631.0,0.001395,2393919.0,0.0013945,7.171029042667021
1787024899638,0.001394,4092805.0,0.001395,2393919.0,0.0013945,7.171029042667021
1787024899639,0.001394,4085631.0,0.001395,2393919.0,0.0013945,7.171029042667021
1787024899737,0.001394,4097464.0,0.001395,2405752.0,0.0013945,7.171029042667021
1787024899862,0.001394,4097464.0,0.001395,2443566.0,0.0013945,7.171029042667021
1787024900110,0.001394,4276977.0,0.001395,2443566.0,0.0013945,7.171029042667021
1787024900341,0.001394,4271561.0,0.001395,2443566.0,0.0013945,7.171029042667021
1787024900343,0.001394,4271561.0,0.001395,3243566.0,0.0013945,7.171029042667021
1787024900344,0.001394,3457345.0,0.001395,3243566.0,0.0013945,7.171029042667021
1787024900355,0.001394,3069236.0,0.001395,3243566.0,0.0013945,7.171029042667021
1787024900356,0.001394,3069236.0,0.001395,3631675.0,0.0013945,7.171029042667021
1787024900397,0.001394,3069236.0,0.001395,3646017.0,0.0013945,7.171029042667021
1787024900476,0.001394,3069236.0,0.001395,3607688.0,0.0013945,7.171029042667021
1787024900477,0.001394,3069236.0,0.001395,2807688.0,0.0013945,7.171029042667021
1787024900490,0.001394,3069236.0,0.001395,2811631.0,0.0013945,7.171029042667021
1787024900601,0.001394,3069236.0,0.001395,2403030.0,0.0013945,7.171029042667021
1787024900603,0.001394,3927746.0,0.001395,2391197.0,0.0013945,7.171029042667021
1787024900604,0.001394,3927746.0,0.001395,2403030.0,0.0013945,7.171029042667021
1787024900628,0.001394,3927746.0,0.001395,2407045.0,0.0013945,7.171029042667021
1787024901108,0.001394,3927746.0,0.001395,2562431.0,0.0013945,7.171029042667021
1787024901679,0.001394,3925084.0,0.001395,2562431.0,0.0013945,7.171029042667021
1787024901681,0.001394,3925084.0,0.001395,3362431.0,0.0013945,7.171029042667021
1787024901682,0.001394,3066574.0,0.001395,3362431.0,0.0013945,7.171029042667021
1787024901738,0.001394,3062273.0,0.001395,3362431.0,0.0013945,7.171029042667021
1787024901753,0.001394,2550178.0,0.001395,3362431.0,0.0013945,7.171029042667021
1787024901754,0.001394,315404.0,0.001395,3884035.0,0.0013945,7.171029042667021
1787024901755,0.001393,1741471.0,0.001394,692789.0,0.0013935,7.17617509867336
1787024901756,0.001393,848424.0,0.001394,716568.0,0.0013935,7.17617509867336
1787024901757,0.001393,374228.0,0.001394,1863398.0,0.0013935,7.17617509867336
1787024901758,0.001393,374228.0,0.001394,2419529.0,0.0013935,7.17617509867336
1787024901759,0.001393,446016.0,0.001394,2419529.0,0.0013935,7.17617509867336
1787024901762,0.001393,446016.0,0.001394,2718429.0,0.0013935,7.17617509867336
1787024901785,0.001393,446016.0,0.001394,2723812.0,0.0013935,7.17617509867336
1787024901799,0.001393,446016.0,0.001394,2738168.0,0.0013935,7.17617509867336
1787024901857,0.001393,446016.0,0.001394,3126277.0,0.0013935,7.17617509867336
1787024901862,0.001393,446016.0,0.001394,3184252.0,0.0013935,7.17617509867336
1787024901890,0.001393,446016.0,0.001394,4069534.0,0.0013935,7.17617509867336
1787024901892,0.001393,438015.0,0.001394,4069534.0,0.0013935,7.17617509867336
1787024901893,0.001392,2623274.0,0.001393,23781.0,0.0013925,7.181328545780365
1787024901894,0.001392,827139.0,0.001393,1241721.0,0.0013925,7.181328545780365
1787024901895,0.001392,612887.0,0.001393,2173384.0,0.0013925,7.181328545780365
1787024901896,0.001392,532912.0,0.001393,2173384.0,0.0013925,7.181328545780365
1787024901898,0.001392,532912.0,0.001393,2187750.0,0.0013925,7.181328545780365
1787024901899,0.001392,544762.0,0.001393,2199600.0,0.0013925,7.181328545780365
1787024902068,0.001392,544762.0,0.001393,2587709.0,0.0013925,7.181328545780365
1787024902070,0.001392,308121.0,0.001393,2587709.0,0.0013925,7.181328545780365
1787024902072,0.001392,128641.0,0.001393,2587709.0,0.0013925,7.181328545780365
1787024902074,0.001392,128641.0,0.001393,3250381.0,0.0013925,7.181328545780365
1787024902075,0.001391,1388641.0,0.001392,943545.0,0.0013915,7.186489399927531
1787024902076,0.001391,469519.0,0.001392,1694811.0,0.0013915,7.186489399927531
1787024902078,0.001391,589887.0,0.001392,1743288.0,0.0013915,7.186489399927531
1787024902079,0.001391,661778.0,0.001392,1743288.0,0.0013915,7.186489399927531
1787024902080,0.001391,661778.0,0.001392,1662060.0,0.0013915,7.186489399927531
1787024902082,0.001391,661778.0,0.001392,1675994.0,0.0013915,7.186489399927531
1787024902083,0.001391,613301.0,0.001392,1675994.0,0.0013915,7.186489399927531
1787024902095,0.001391,613301.0,0.001392,1690369.0,0.0013915,7.186489399927531
1787024902097,0.001391,613301.0,0.001392,2573750.0,0.0013915,7.186489399927531
1787024902105,0.001391,541410.0,0.001392,2579140.0,0.0013915,7.186489399927531
1787024902106,0.001391,589887.0,0.001392,2579140.0,0.0013915,7.186489399927531
1787024902133,0.001391,541410.0,0.001392,2579140.0,0.0013915,7.186489399927531
1787024902135,0.001391,541410.0,0.001392,2947723.0,0.0013915,7.186489399927531
1787024902138,0.001391,553268.0,0.001392,2959581.0,0.0013915,7.186489399927531
1787024902178,0.001391,316627.0,0.001392,2959581.0,0.0013915,7.186489399927531
1787024902179,0.001391,316627.0,0.001392,3606820.0,0.0013915,7.186489399927531
1787024902180,0.001391,244736.0,0.001392,3606820.0,0.0013915,7.186489399927531
1787024902249,0.001391,150161.0,0.001392,3606820.0,0.0013915,7.186489399927531
1787024902255,0.001391,138311.0,0.001392,3606820.0,0.0013915,7.186489399927531
1787024902258,0.001391,89834.0,0.001392,3606820.0,0.0013915,7.186489399927531
1787024902260,0.001391,138311.0,0.001392,3606820.0,0.0013915,7.186489399927531
1787024902300,0.001391,138311.0,0.001392,3642691.0,0.0013915,7.186489399927531
1787024902301,0.001391,138311.0,0.001392,3655231.0,0.0013915,7.186489399927531
1787024902302,0.001391,1277937.0,0.001392,3655231.0,0.0013915,7.186489399927531
1787024902303,0.001391,1277937.0,0.001392,2986716.0,0.0013915,7.186489399927531
1787024902305,0.001391,1326414.0,0.001392,2986716.0,0.0013915,7.186489399927531
1787024902306,0.001391,1277937.0,0.001392,2986716.0,0.0013915,7.186489399927531
1787024902325,0.001391,1326414.0,0.001392,2986716.0,0.0013915,7.186489399927531
1787024902351,0.001391,1322461.0,0.001392,2986716.0,0.0013915,7.186489399927531
1787024902381,0.001391,1322461.0,0.001392,2638222.0,0.0013915,7.186489399927531
1787024902383,0.001391,1322461.0,0.001392,1386258.0,0.0013915,7.186489399927531
1787024902384,0.001391,1394352.0,0.001392,1386258.0,0.0013915,7.186489399927531
1787024902500,0.001391,1394352.0,0.001392,1350387.0,0.0013915,7.186489399927531
1787024902647,0.001391,1394352.0,0.001392,2106423.0,0.0013915,7.186489399927531
1787024902651,0.001391,1574252.0,0.001392,2106423.0,0.0013915,7.186489399927531
1787024902683,0.001391,1574252.0,0.001392,2110375.0,0.0013915,7.186489399927531
1787024902718,0.001391,803209.0,0.001392,2737829.0,0.0013915,7.186489399927531
1787024902719,0.001391,374291.0,0.001392,3094554.0,0.0013915,7.186489399927531
1787024902720,0.001391,194391.0,0.001392,3094554.0,0.0013915,7.186489399927531
1787024902721,0.001391,122500.0,0.001392,3094554.0,0.0013915,7.186489399927531
1787024902783,0.001391,117296.0,0.001392,3094554.0,0.0013915,7.186489399927531
1787024902784,0.001391,121250.0,0.001392,3094554.0,0.0013915,7.186489399927531
1787024902797,0.001391,133108.0,0.001392,3106412.0,0.0013915,7.186489399927531
1787024902863,0.001391,133108.0,0.001392,2963043.0,0.0013915,7.186489399927531
1787024902932,0.001391,81367.0,0.001392,2963043.0,0.0013915,7.186489399927531
1787024903051,0.001391,820497.0,0.001392,2963043.0,0.0013915,7.186489399927531
1787024903052,0.001391,808639.0,0.001392,2963043.0,0.0013915,7.186489399927531
1787024903053,0.001391,1177222.0,0.001392,2963043.0,0.0013915,7.186489399927531
1787024903117,0.001391,1189080.0,0.001392,2963043.0,0.0013915,7.186489399927531
1787024903189,0.001391,1237557.0,0.001392,2963043.0,0.0013915,7.186489399927531
1787024903444,0.001391,1189080.0,0.001392,2963043.0,0.0013915,7.186489399927531
1787024903464,0.001391,449950.0,0.001392,2963043.0,0.0013915,7.186489399927531
1787024903467,0.001391,153258.0,0.001392,2963043.0,0.0013915,7.186489399927531
1787024903468,0.001391,153258.0,0.001392,2963043.0,0.0013915,7.186489399927531
1787024903469,0.001391,81367.0,0.001392,2963043.0,0.0013915,7.186489399927531
1787024903798,0.001391,88553.0,0.001392,2963043.0,0.0013915,7.186489399927531
1787024903853,0.001391,871544.0,0.001392,2963043.0,0.0013915,7.186489399927531
1787024903854,0.001391,871544.0,0.001392,2963043.0,0.0013915,7.186489399927531
1787024903881,0.001391,868096.0,0.001392,2963043.0,0.0013915,7.186489399927531
1787024903886,0.001391,85105.0,0.001392,2963043.0,0.0013915,7.186489399927531
1787024904110,0.001391,177648.0,0.001392,2963043.0,0.0013915,7.186489399927531
1787024904111,0.001391,177648.0,0.001392,2963043.0,0.0013915,7.186489399927531
1787024904298,0.001391,170462.0,0.001392,2963043.0,0.0013915,7.186489399927531
1787024904455,0.001391,1018171.0,0.001392,2963043.0,0.0013915,7.186489399927531
1787024904456,0.001391,1246548.0,0.001392,2335589.0,0.0013915,7.186489399927531
1787024904457,0.001391,1596594.0,0.001392,2335589.0,0.0013915,7.186489399927531
1787024904459,0.001391,1504051.0,0.001392,2335589.0,0.0013915,7.186489399927531
1787024904897,0.001391,1501006.0,0.001392,2335589.0,0.0013915,7.186489399927531
1787024904979,0.001391,1501006.0,0.001392,1967006.0,0.0013915,7.186489399927531
1787024904981,0.001392,179597.0,0.001393,4392571.0,0.0013925,7.181328545780365
1787024904982,0.001392,935633.0,0.001393,2251204.0,0.0013925,7.181328545780365
1787024904983,0.001392,232026.0,0.001393,2132340.0,0.0013925,7.181328545780365
1787024904984,0.001392,232026.0,0.001393,2618138.0,0.0013925,7.181328545780365
1787024904985,0.001392,303865.0,0.001393,2618138.0,0.0013925,7.181328545780365
1787024904991,0.001392,483635.0,0.001393,2618138.0,0.0013925,7.181328545780365
1787024904997,0.001392,483635.0,0.001393,2632504.0,0.0013925,7.181328545780365
1787024905007,0.001392,555474.0,0.001393,2632504.0,0.0013925,7.181328545780365
1787024905035,0.001392,573574.0,0.001393,2632504.0,0.0013925,7.181328545780365
1787024905099,0.001392,923620.0,0.001393,2632504.0,0.0013925,7.181328545780365
1787024905101,0.001392,923620.0,0.001393,2644354.0,0.0013925,7.181328545780365
1787024905167,0.001392,935470.0,0.001393,2644354.0,0.0013925,7.181328545780365
1787024905187,0.001392,1778942.0,0.001393,3472130.0,0.0013925,7.181328545780365
1787024905188,0.001392,1707103.0,0.001393,3472130.0,0.0013925,7.181328545780365
1787024905189,0.001392,1635264.0,0.001393,3472130.0,0.0013925,7.181328545780365
1787024905190,0.001392,1623414.0,0.001393,3472130.0,0.0013925,7.181328545780365
1787024905301,0.001392,1532118.0,0.001393,3472130.0,0.0013925,7.181328545780365
1787024905303,0.001392,1543968.0,0.001393,3472130.0,0.0013925,7.181328545780365
1787024905455,0.001392,1543968.0,0.001393,3187534.0,0.0013925,7.181328545780365
1787024906034,0.001392,1543968.0,0.001393,2778346.0,0.0013925,7.181328545780365
1787024906043,0.001392,1543968.0,0.001393,2634720.0,0.0013925,7.181328545780365
1787024906061,0.001392,1537651.0,0.001393,2634720.0,0.0013925,7.181328545780365
1787024906273,0.001392,1537651.0,0.001393,2644803.0,0.0013925,7.181328545780365
1787024906317,0.001392,1537651.0,0.001393,2776762.0,0.0013925,7.181328545780365
1787024906601,0.001392,1537651.0,0.001393,2772216.0,0.0013925,7.181328545780365
1787024906640,0.001392,1537651.0,0.001393,1556331.0,0.0013925,7.181328545780365
1787024906641,0.001392,1537651.0,0.001393,1556331.0,0.0013925,7.181328545780365
1787024906731,0.001392,1537651.0,0.001393,1526824.0,0.0013925,7.181328545780365
1787024906778,0.001392,1537651.0,0.001393,1530787.0,0.0013925,7.181328545780365
1787024906795,0.001392,1544832.0,0.001393,1530787.0,0.0013925,7.181328545780365
1787024907384,0.001392,1716061.0,0.001393,1530787.0,0.0013925,7.181328545780365
1787024907385,0.001392,1716061.0,0.001393,1527197.0,0.0013925,7.181328545780365
1787024907411,0.001392,1711943.0,0.001393,1527197.0,0.0013925,7.181328545780365
1787024907881,0.001392,1540714.0,0.001393,1527197.0,0.0013925,7.181328545780365
1787024908078,0.001392,1522614.0,0.001393,1527197.0,0.0013925,7.181328545780365
1787024908299,0.001392,1515433.0,0.001393,1527197.0,0.0013925,7.181328545780365
1787024908300,0.001392,1515433.0,0.001393,999454.0,0.0013925,7.181328545780365
1787024908578,0.001392,1515433.0,0.001393,749454.0,0.0013925,7.181328545780365
1787024908579,0.001392,1515433.0,0.001394,3831146.0,0.0013930000000000001,14.357501794688071
1787024908580,0.001393,427431.0,0.001394,2672235.0,0.0013935,7.17617509867336
1787024908581,0.001393,853214.0,0.001394,1733519.0,0.0013935,7.17617509867336
1787024908582,0.001393,979346.0,0.001394,1877042.0,0.0013935,7.17617509867336
1787024908586,0.001393,979346.0,0.001394,1844623.0,0.0013935,7.17617509867336
1787024908588,0.001393,901691.0,0.001394,1844623.0,0.0013935,7.17617509867336
1787024908590,0.001393,1081332.0,0.001394,1844623.0,0.0013935,7.17617509867336
1787024908598,0.001393,1081332.0,0.001394,1858977.0,0.0013935,7.17617509867336
1787024908605,0.001393,1078200.0,0.001394,1858977.0,0.0013935,7.17617509867336
1787024908701,0.001393,1090041.0,0.001394,1870818.0,0.0013935,7.17617509867336
1787024908795,0.001393,1097217.0,0.001394,1870818.0,0.0013935,7.17617509867336
1787024908796,0.001393,1951023.0,0.001394,2733637.0,0.0013935,7.17617509867336
1787024908862,0.001393,1951023.0,0.001394,2675662.0,0.0013935,7.17617509867336
1787024908941,0.001393,1951023.0,0.001394,2459850.0,0.0013935,7.17617509867336
1787024908943,0.001393,1951023.0,0.001394,1597031.0,0.0013935,7.17617509867336
1787024908944,0.001393,1951023.0,0.001394,1608872.0,0.0013935,7.17617509867336
1787024908945,0.001393,1951023.0,0.001394,1208922.0,0.0013935,7.17617509867336
1787024909225,0.001393,1951023.0,0.001394,2033213.0,0.0013935,7.17617509867336
1787024909298,0.001393,1943847.0,0.001394,2033213.0,0.0013935,7.17617509867336
1787024909584,0.001393,1943847.0,0.001394,1624319.0,0.0013935,7.17617509867336
1787024909586,0.001393,1943847.0,0.001394,1612478.0,0.0013935,7.17617509867336
1787024909587,0.001393,1943847.0,0.001394,1624319.0,0.0013935,7.17617509867336
1787024909635,0.001393,1943847.0,0.001394,1480796.0,0.0013935,7.17617509867336
1787024909681,0.001393,2115076.0,0.001394,1480796.0,0.0013935,7.17617509867336
1787024909797,0.001393,2122252.0,0.001394,1480796.0,0.0013935,7.17617509867336
1787024909825,0.001393,2117351.0,0.001394,1480796.0,0.0013935,7.17617509867336
1787024909952,0.001393,2117351.0,0.001394,1301328.0,0.0013935,7.17617509867336
1787024909984,0.001393,2117351.0,0.001394,477037.0,0.0013935,7.17617509867336
1787024909985,0.001393,2117351.0,0.001394,105634.0,0.0013935,7.17617509867336
1787024909986,0.001394,322926.0,0.001395,3256873.0,0.0013945,7.171029042667021
1787024909987,0.001394,35974.0,0.001395,2242577.0,0.0013945,7.171029042667021
1787024909988,0.001394,118202.0,0.001395,2260923.0,0.0013945,7.171029042667021
1787024909989,0.001394,385744.0,0.001395,2350766.0,0.0013945,7.171029042667021
1787024909990,0.001394,364112.0,0.001395,2649452.0,0.0013945,7.171029042667021
1787024909991,0.001394,216783.0,0.001395,2649452.0,0.0013945,7.171029042667021
1787024909992,0.001394,202441.0,0.001395,2649452.0,0.0013945,7.171029042667021
1787024909993,0.001394,130705.0,0.001395,2649452.0,0.0013945,7.171029042667021
1787024909996,0.001394,130705.0,0.001395,2703029.0,0.0013945,7.171029042667021
1787024909997,0.001394,82228.0,0.001395,2703029.0,0.0013945,7.171029042667021
1787024909998,0.001394,82228.0,0.001395,2717376.0,0.0013945,7.171029042667021
1787024910001,0.001394,82228.0,0.001395,2663799.0,0.0013945,7.171029042667021
1787024910098,0.001394,401367.0,0.001395,2663799.0,0.0013945,7.171029042667021
1787024910101,0.001394,413200.0,0.001395,2675632.0,0.0013945,7.171029042667021
1787024910102,0.001394,484936.0,0.001395,2675632.0,0.0013945,7.171029042667021
1787024910193,0.001394,1701571.0,0.001395,3555529.0,0.0013945,7.171029042667021
1787024910194,0.001394,1623289.0,0.001395,3555529.0,0.0013945,7.171029042667021
1787024910195,0.001394,1539720.0,0.001395,3555529.0,0.0013945,7.171029042667021
1787024910307,0.001394,1551553.0,0.001395,3555529.0,0.0013945,7.171029042667021
1787024910604,0.001394,667460.0,0.001395,3555529.0,0.0013945,7.171029042667021
1787024910606,0.001394,334918.0,0.001395,3555529.0,0.0013945,7.171029042667021
1787024910830,0.001394,334918.0,0.001395,3565510.0,0.0013945,7.171029042667021
1787024910862,0.001394,334918.0,0.001395,3621907.0,0.0013945,7.171029042667021
1787024910881,0.001394,284259.0,0.001395,3621907.0,0.0013945,7.171029042667021
1787024910889,0.001394,280013.0,0.001395,3621907.0,0.0013945,7.171029042667021
1787024910914,0.001394,283959.0,0.001395,3621907.0,0.0013945,7.171029042667021
1787024911017,0.001394,283959.0,0.001395,3478487.0,0.0013945,7.171029042667021
1787024911018,0.001394,283959.0,0.001395,3069886.0,0.0013945,7.171029042667021
1787024911097,0.001394,15779.0,0.001395,3069886.0,0.0013945,7.171029042667021
1787024911098,0.001394,15779.0,0.001395,3584679.0,0.0013945,7.171029042667021
1787024911099,0.001394,3946.0,0.001395,3643665.0,0.0013945,7.171029042667021
1787024911101,0.001393,2126341.0,0.001394,372588.0,0.0013935,7.17617509867336
1787024911102,0.001393,2110849.0,0.001394,393803.0,0.0013935,7.17617509867336
1787024911103,0.001393,2110849.0,0.001394,1896393.0,0.0013935,7.17617509867336
1787024911104,0.001393,2110849.0,0.001394,2732809.0,0.0013935,7.17617509867336
1787024911105,0.001393,2110849.0,0.001394,2711594.0,0.0013935,7.17617509867336
1787024911125,0.001393,2110849.0,0.001394,2716977.0,0.0013935,7.17617509867336
1787024911131,0.001393,2110849.0,0.001394,6527896.0,0.0013935,7.17617509867336
1787024911132,0.001393,1891784.0,0.001394,6527896.0,0.0013935,7.17617509867336
1787024911134,0.001393,1568858.0,0.001394,6527896.0,0.0013935,7.17617509867336
1787024911135,0.001392,2488263.0,0.001393,11875.0,0.0013925,7.181328545780365
1787024911136,0.001392,2488263.0,0.001393,33105.0,0.0013925,7.181328545780365
1787024911137,0.001392,504066.0,0.001393,1466152.0,0.0013925,7.181328545780365
1787024911138,0.001392,802075.0,0.001393,1466152.0,0.0013925,7.181328545780365
1787024911139,0.001392,873914.0,0.001393,1444922.0,0.0013925,7.181328545780365
1787024911140,0.001392,873914.0,0.001393,1493399.0,0.0013925,7.181328545780365
1787024911153,0.001392,945753.0,0.001393,1493399.0,0.0013925,7.181328545780365
1787024911194,0.001392,945753.0,0.001393,1507763.0,0.0013925,7.181328545780365
1787024911295,0.001392,945753.0,0.001393,1514944.0,0.0013925,7.181328545780365
1787024911312,0.001392,957603.0,0.001393,1526794.0,0.0013925,7.181328545780365
1787024911350,0.001392,1694693.0,0.001393,1526794.0,0.0013925,7.181328545780365
1787024911360,0.001392,1690743.0,0.001393,1526794.0,0.0013925,7.181328545780365
1787024911373,0.001392,1690743.0,0.001393,1530741.0,0.0013925,7.181328545780365
1787024911401,0.001392,1690743.0,0.001393,1564236.0,0.0013925,7.181328545780365
1787024911402,0.001392,1690743.0,0.001393,2448325.0,0.0013925,7.181328545780365
1787024911501,0.001392,1690743.0,0.001393,2414830.0,0.0013925,7.181328545780365
1787024911601,0.001392,1618904.0,0.001393,2414830.0,0.0013925,7.181328545780365
1787024911755,0.001392,1618904.0,0.001393,2034142.0,0.0013925,7.181328545780365
1787024911756,0.001392,1798674.0,0.001393,1150053.0,0.0013925,7.181328545780365
1787024911757,0.001392,1798674.0,0.001393,1150053.0,0.0013925,7.181328545780365
1787024911758,0.001392,1798674.0,0.001393,1150053.0,0.0013925,7.181328545780365
1787024911799,0.001392,1798674.0,0.001393,1142872.0,0.0013925,7.181328545780365
1787024912030,0.001392,1798674.0,0.001393,1146821.0,0.0013925,7.181328545780365
1787024912068,0.001392,1798674.0,0.001393,1875819.0,0.0013925,7.181328545780365
1787024912095,0.001392,1795364.0,0.001393,1875819.0,0.0013925,7.181328545780365
1787024912420,0.001392,1665480.0,0.001393,1875819.0,0.0013925,7.181328545780365
1787024912422,0.001392,1669432.0,0.001393,1875819.0,0.0013925,7.181328545780365
1787024912680,0.001392,1840661.0,0.001393,1875819.0,0.0013925,7.181328545780365
1787024912682,0.001392,1768822.0,0.001393,1875819.0,0.0013925,7.181328545780365
1787024912767,0.001392,1768822.0,0.001393,1841641.0,0.0013925,7.181328545780365
1787024912875,0.001392,1768822.0,0.001393,1112643.0,0.0013925,7.181328545780365
1787024912876,0.001392,1768822.0,0.001393,1100793.0,0.0013925,7.181328545780365
1787024912877,0.001392,1768822.0,0.001393,1112643.0,0.0013925,7.181328545780365
1787024912969,0.001392,1768822.0,0.001393,1100428.0,0.0013925,7.181328545780365
1787024913155,0.001392,1766240.0,0.001393,1100428.0,0.0013925,7.181328545780365
1787024913356,0.001392,1766240.0,0.001393,115550.0,0.0013925,7.181328545780365
1787024913357,0.001392,1766240.0,0.001393,34110.0,0.0013925,7.181328545780365
1787024913358,0.001392,1766240.0,0.001393,22260.0,0.0013925,7.181328545780365
1787024913363,0.001392,1766240.0,0.001393,274661.0,0.0013925,7.181328545780365
1787024913367,0.001392,1766240.0,0.001393,323138.0,0.0013925,7.181328545780365
1787024913382,0.001392,1595011.0,0.001393,323138.0,0.0013925,7.181328545780365
1787024913394,0.001392,1595011.0,0.001393,334988.0,0.0013925,7.181328545780365
1787024913585,0.001392,1766240.0,0.001393,334988.0,0.0013925,7.181328545780365
1787024913874,0.001392,1776979.0,0.001393,334988.0,0.0013925,7.181328545780365
1787024914297,0.001392,1771023.0,0.001393,334988.0,0.0013925,7.181328545780365
1787024914488,0.001392,3092042.0,0.001393,334988.0,0.0013925,7.181328545780365
1787024914489,0.001392,3080192.0,0.001393,334988.0,0.0013925,7.181328545780365
1787024914490,0.001392,3092042.0,0.001393,334988.0,0.0013925,7.181328545780365
1787024914799,0.001392,3099223.0,0.001393,334988.0,0.0013925,7.181328545780365
1787024915098,0.001392,3231850.0,0.001393,334988.0,0.0013925,7.181328545780365
1787024915099,0.001392,3417624.0,0.001393,334988.0,0.0013925,7.181328545780365
1787024915100,0.001392,3417624.0,0.001393,286511.0,0.0013925,7.181328545780365
1787024915351,0.001392,3417624.0,0.001393,264738.0,0.0013925,7.181328545780365
1787024915379,0.001392,3414754.0,0.001393,264738.0,0.0013925,7.181328545780365
1787024915739,0.001392,3414754.0,0.001393,1064738.0,0.0013925,7.181328545780365
1787024915740,0.001392,3414754.0,0.001393,1064738.0,0.0013925,7.181328545780365
1787024915742,0.001392,3414754.0,0.001393,1058993.0,0.0013925,7.181328545780365
1787024915745,0.001392,3414754.0,0.001393,1062942.0,0.0013925,7.181328545780365
1787024915860,0.001392,3414754.0,0.001393,262942.0,0.0013925,7.181328545780365
1787024916098,0.001392,3361607.0,0.001393,262942.0,0.0013925,7.181328545780365
1787024916099,0.001392,3096353.0,0.001393,262942.0,0.0013925,7.181328545780365
1787024916101,0.001392,3096353.0,0.001393,311419.0,0.0013925,7.181328545780365
1787024916498,0.001392,3096353.0,0.001393,239321.0,0.0013925,7.181328545780365
1787024916693,0.001392,3091390.0,0.001393,239321.0,0.0013925,7.181328545780365
1787024916694,0.001392,3091390.0,0.001393,1039321.0,0.0013925,7.181328545780365
1787024916696,0.001392,3091390.0,0.001393,1039321.0,0.0013925,7.181328545780365
1787024916983,0.001392,2920161.0,0.001393,1039321.0,0.0013925,7.181328545780365
1787024917071,0.001392,2920161.0,0.001393,1193825.0,0.0013925,7.181328545780365
1787024917300,0.001392,2912980.0,0.001393,1193825.0,0.0013925,7.181328545780365
1787024917875,0.001392,2912980.0,0.001393,1145348.0,0.0013925,7.181328545780365
1787024918095,0.001392,2908647.0,0.001393,1145348.0,0.0013925,7.181328545780365
1787024918296,0.001392,2915828.0,0.001393,1145348.0,0.0013925,7.181328545780365
1787024918721,0.001392,2909821.0,0.001393,1145348.0,0.0013925,7.181328545780365
1787024918798,0.001392,2902640.0,0.001393,1145348.0,0.0013925,7.181328545780365
1787024919243,0.001392,2900049.0,0.001393,1145348.0,0.0013925,7.181328545780365
1787024919551,0.001392,2900049.0,0.001393,1369499.0,0.0013925,7.181328545780365
1787024919552,0.001392,2900049.0,0.001393,2268748.0,0.0013925,7.181328545780365
1787024919553,0.001392,2162959.0,0.001393,2572654.0,0.0013925,7.181328545780365
1787024919556,0.001392,829562.0,0.001393,3088479.0,0.0013925,7.181328545780365
1787024919557,0.001392,31676.0,0.001393,4153961.0,0.0013925,7.181328545780365
1787024919558,0.001391,1670715.0,0.001392,520421.0,0.0013915,7.186489399927531
1787024919559,0.001391,780348.0,0.001392,126736.0,0.0013915,7.186489399927531
1787024919560,0.001391,773158.0,0.001392,115960.0,0.0013915,7.186489399927531
1787024919561,0.001391,773158.0,0.001392,105184.0,0.0013915,7.186489399927531
1787024919564,0.001391,773158.0,0.001392,404514.0,0.0013915,7.186489399927531
1787024919579,0.001391,845049.0,0.001392,452991.0,0.0013915,7.186489399927531
1787024919581,0.001391,916940.0,0.001392,452991.0,0.0013915,7.186489399927531
1787024919596,0.001391,916940.0,0.001392,467362.0,0.0013915,7.186489399927531
1787024919607,0.001391,916940.0,0.001392,472752.0,0.0013915,7.186489399927531
1787024919618,0.001391,916940.0,0.001392,1012659.0,0.0013915,7.186489399927531
1787024919694,0.001391,916940.0,0.001392,1812659.0,0.0013915,7.186489399927531
1787024919732,0.001391,928798.0,0.001392,1824517.0,0.0013915,7.186489399927531
1787024919760,0.001391,928798.0,0.001392,2647767.0,0.0013915,7.186489399927531
1787024919761,0.001391,1660112.0,0.001392,2647767.0,0.0013915,7.186489399927531
1787024919762,0.001391,1588221.0,0.001392,2647767.0,0.0013915,7.186489399927531
1787024919954,0.001391,1536480.0,0.001392,2647767.0,0.0013915,7.186489399927531
1787024919955,0.001391,1464589.0,0.001392,2647767.0,0.0013915,7.186489399927531
1787024919973,0.001391,1644438.0,0.001392,2647767.0,0.0013915,7.186489399927531
1787024919975,0.001391,1632580.0,0.001392,2647767.0,0.0013915,7.186489399927531
1787024919976,0.001391,1644438.0,0.001392,2647767.0,0.0013915,7.186489399927531
1787024920033,0.001391,1428626.0,0.001392,2647767.0,0.0013915,7.186489399927531
1787024920098,0.001391,1428626.0,0.001392,2779924.0,0.0013915,7.186489399927531
1787024920125,0.001391,697312.0,0.001392,2779924.0,0.0013915,7.186489399927531
1787024920512,0.001391,925205.0,0.001392,2779924.0,0.0013915,7.186489399927531
1787024920514,0.001391,1710936.0,0.001392,2779924.0,0.0013915,7.186489399927531
1787024920515,0.001391,1705304.0,0.001392,2779924.0,0.0013915,7.186489399927531
1787024920588,0.001391,1705304.0,0.001392,2601254.0,0.0013915,7.186489399927531
1787024920589,0.001391,1705304.0,0.001392,2605206.0,0.0013915,7.186489399927531
1787024920591,0.001391,1705304.0,0.001392,1781956.0,0.0013915,7.186489399927531
1787024920593,0.001391,1705304.0,0.001392,1781956.0,0.0013915,7.186489399927531
1787024920683,0.001391,794249.0,0.001392,2596251.0,0.0013915,7.186489399927531
1787024920684,0.001391,15812.0,0.001392,3051646.0,0.0013915,7.186489399927531
1787024920685,0.00139,1794515.0,0.001391,1498729.0,0.0013905,7.191657677095526
1787024920686,0.00139,1735606.0,0.001391,4727945.0,0.0013905,7.191657677095526
1787024920687,0.00139,1735606.0,0.001391,1363873.0,0.0013905,7.191657677095526
1787024920688,0.00139,1735606.0,0.001391,1762865.0,0.0013905,7.191657677095526
1787024920689,0.00139,1735606.0,0.001391,1790245.0,0.0013905,7.191657677095526
1787024920690,0.00139,772993.0,0.001391,1790245.0,0.0013905,7.191657677095526
1787024920698,0.00139,772993.0,0.001391,1804630.0,0.0013905,7.191657677095526
1787024920700,0.00139,821470.0,0.001391,1804630.0,0.0013905,7.191657677095526
1787024920705,0.00139,821470.0,0.001391,1635230.0,0.0013905,7.191657677095526
1787024920707,0.00139,821470.0,0.001391,1319474.0,0.0013905,7.191657677095526
1787024920757,0.00139,677894.0,0.001391,1319474.0,0.0013905,7.191657677095526
1787024920758,0.00139,677894.0,0.001391,2119474.0,0.0013905,7.191657677095526
1787024920759,0.00139,591972.0,0.001391,1319474.0,0.0013905,7.191657677095526
1787024920760,0.00139,355331.0,0.001391,1635230.0,0.0013905,7.191657677095526
1787024920761,0.00139,427273.0,0.001391,1635230.0,0.0013905,7.191657677095526
1787024920762,0.00139,398633.0,0.001391,1635230.0,0.0013905,7.191657677095526
1787024920778,0.00139,714389.0,0.001391,1635230.0,0.0013905,7.191657677095526
1787024920798,0.00139,721580.0,0.001391,1635230.0,0.0013905,7.191657677095526
1787024920833,0.00139,712694.0,0.001391,1635230.0,0.0013905,7.191657677095526
1787024920834,0.00139,712694.0,0.001391,2435230.0,0.0013905,7.191657677095526
1787024920835,0.00139,724561.0,0.001391,2447097.0,0.0013905,7.191657677095526
1787024920895,0.00139,724561.0,0.001391,3229529.0,0.0013905,7.191657677095526
1787024920896,0.00139,1454669.0,0.001391,3229529.0,0.0013905,7.191657677095526
1787024920897,0.00139,1442802.0,0.001391,3229529.0,0.0013905,7.191657677095526
1787024920898,0.00139,1442802.0,0.001391,3260640.0,0.0013905,7.191657677095526
1787024920999,0.00139,1442802.0,0.001391,3229529.0,0.0013905,7.191657677095526
1787024921098,0.00139,1442802.0,0.001391,3361915.0,0.0013905,7.191657677095526
1787024921127,0.00139,1442811.0,0.001391,3361915.0,0.0013905,7.191657677095526
1787024921218,0.00139,712703.0,0.001391,3361915.0,0.0013905,7.191657677095526
1787024921278,0.00139,682754.0,0.001391,3361915.0,0.0013905,7.191657677095526
1787024921295,0.00139,366998.0,0.001391,3361915.0,0.0013905,7.191657677095526
1787024921296,0.001389,2072311.0,0.001391,3361915.0,0.0013900000000000002,14.388489208633441
1787024921297,0.001389,2068515.0,0.00139,110264.0,0.0013895000000000001,7.196833393306339
1787024921298,0.001389,1075833.0,0.00139,989116.0,0.0013895000000000001,7.196833393306339
1787024921299,0.001389,997024.0,0.00139,1213267.0,0.0013895000000000001,7.196833393306339
1787024921300,0.001389,997024.0,0.00139,1283957.0,0.0013895000000000001,7.196833393306339
1787024921301,0.001389,1011424.0,0.00139,1283957.0,0.0013895000000000001,7.196833393306339
1787024921302,0.001389,997024.0,0.00139,1283957.0,0.0013895000000000001,7.196833393306339
1787024921305,0.001389,544605.0,0.00139,2140609.0,0.0013895000000000001,7.196833393306339
1787024921306,0.001389,544605.0,0.00139,2440574.0,0.0013895000000000001,7.196833393306339
1787024921317,0.001389,544605.0,0.00139,2499628.0,0.0013895000000000001,7.196833393306339
1787024921331,0.001389,544605.0,0.00139,2503946.0,0.0013895000000000001,7.196833393306339
1787024921355,0.001389,538641.0,0.00139,2503946.0,0.0013895000000000001,7.196833393306339
1787024921361,0.001388,1502204.0,0.001389,7763.0,0.0013885,7.202016564639054
1787024921362,0.001388,583277.0,0.001389,730129.0,0.0013885,7.202016564639054
1787024921363,0.001388,364411.0,0.001389,1333012.0,0.0013885,7.202016564639054
1787024921372,0.001388,376295.0,0.001389,1644861.0,0.0013885,7.202016564639054
1787024921377,0.001388,372350.0,0.001389,1644861.0,0.0013885,7.202016564639054
1787024921396,0.001388,372350.0,0.001389,1659268.0,0.0013885,7.202016564639054
1787024921419,0.001388,1272843.0,0.001389,2519085.0,0.0013885,7.202016564639054
1787024921420,0.001388,1272843.0,0.001389,2219120.0,0.0013885,7.202016564639054
1787024921421,0.001388,1260959.0,0.001389,1347419.0,0.0013885,7.202016564639054
1787024921473,0.001388,1256146.0,0.001389,1347419.0,0.0013885,7.202016564639054
1787024921498,0.001388,1268030.0,0.001389,1359303.0,0.0013885,7.202016564639054
1787024921501,0.001388,1268030.0,0.001389,1390568.0,0.0013885,7.202016564639054
1787024921515,0.001388,1268030.0,0.001389,1394528.0,0.0013885,7.202016564639054
1787024921535,0.001388,1268030.0,0.001389,1322778.0,0.0013885,7.202016564639054
1787024921599,0.001388,1268030.0,0.001389,1291513.0,0.0013885,7.202016564639054
1787024921611,0.001388,1271993.0,0.001389,1291513.0,0.0013885,7.202016564639054
1787024921626,0.001388,1271993.0,0.001389,734278.0,0.0013885,7.202016564639054
1787024921627,0.001388,1271993.0,0.001389,1473210.0,0.0013885,7.202016564639054
1787024921628,0.001388,1271993.0,0.001389,648059.0,0.0013885,7.202016564639054
1787024921629,0.001388,1271993.0,0.001389,659943.0,0.0013885,7.202016564639054
1787024921672,0.001388,1271993.0,0.001389,1459943.0,0.0013885,7.202016564639054
1787024921673,0.001388,1271993.0,0.001389,1448059.0,0.0013885,7.202016564639054
1787024921732,0.001388,1271993.0,0.001389,1459943.0,0.0013885,7.202016564639054
1787024921801,0.001388,1271993.0,0.001389,1491428.0,0.0013885,7.202016564639054
1787024921830,0.001388,1271993.0,0.001389,2317951.0,0.0013885,7.202016564639054
1787024921999,0.001388,1271993.0,0.001389,2286466.0,0.0013885,7.202016564639054
1787024922097,0.001388,1271993.0,0.001389,2551668.0,0.0013885,7.202016564639054
1787024922133,0.001388,1271993.0,0.001389,2151668.0,0.0013885,7.202016564639054
1787024922134,0.001388,1271993.0,0.001389,1313261.0,0.0013885,7.202016564639054
1787024922135,0.001388,1271993.0,0.001389,1549296.0,0.0013885,7.202016564639054
1787024922336,0.001388,1271993.0,0.001389,2308988.0,0.0013885,7.202016564639054
1787024922382,0.001388,1271993.0,0.001389,2079296.0,0.0013885,7.202016564639054
1787024922403,0.001388,1271993.0,0.001389,1440609.0,0.0013885,7.202016564639054
1787024922404,0.001388,1271993.0,0.001389,1428725.0,0.0013885,7.202016564639054
1787024922405,0.001388,1271993.0,0.001389,680917.0,0.0013885,7.202016564639054
1787024922442,0.001388,1271993.0,0.001389,684877.0,0.0013885,7.202016564639054
1787024922495,0.001388,1271993.0,0.001389,699279.0,0.0013885,7.202016564639054
1787024922575,0.001388,1266321.0,0.001389,699279.0,0.0013885,7.202016564639054
1787024922577,0.001388,1266321.0,0.001389,1299279.0,0.0013885,7.202016564639054
1787024922580,0.001388,1266321.0,0.001389,1584204.0,0.0013885,7.202016564639054
1787024922581,0.001388,1266321.0,0.001389,1584204.0,0.0013885,7.202016564639054
1787024922607,0.001388,1266321.0,0.001389,2465654.0,0.0013885,7.202016564639054
1787024922951,0.001388,1266321.0,0.001389,1851920.0,0.0013885,7.202016564639054
1787024922952,0.001388,1266321.0,0.001389,685545.0,0.0013885,7.202016564639054
1787024922953,0.001388,1266321.0,0.001389,685545.0,0.0013885,7.202016564639054
1787024922982,0.001388,1266321.0,0.001389,363595.0,0.0013885,7.202016564639054
1787024922983,0.001388,1266321.0,0.001389,587746.0,0.0013885,7.202016564639054
1787024922984,0.001388,1266321.0,0.001389,636223.0,0.0013885,7.202016564639054
1787024922996,0.001388,1266321.0,0.001389,650625.0,0.0013885,7.202016564639054
1787024923269,0.001389,448568.0,0.00139,3848884.0,0.0013895000000000001,7.196833393306339
1787024923270,0.001389,254757.0,0.00139,2647087.0,0.0013895000000000001,7.196833393306339
1787024923271,0.001389,1078042.0,0.00139,2986842.0,0.0013895000000000001,7.196833393306339
1787024923272,0.001389,1231459.0,0.00139,2986842.0,0.0013895000000000001,7.196833393306339
1787024923275,0.001389,1231459.0,0.00139,3286602.0,0.0013895000000000001,7.196833393306339
1787024923295,0.001389,1231459.0,0.00139,3300998.0,0.0013895000000000001,7.196833393306339
1787024923298,0.001389,1231459.0,0.00139,2500998.0,0.0013895000000000001,7.196833393306339
1787024923337,0.001389,1231459.0,0.00139,2201033.0,0.0013895000000000001,7.196833393306339
1787024923368,0.001389,1231459.0,0.00139,2197077.0,0.0013895000000000001,7.196833393306339
1787024923374,0.001389,1231459.0,0.00139,2201034.0,0.0013895000000000001,7.196833393306339
1787024923398,0.001389,1243334.0,0.00139,2212909.0,0.0013895000000000001,7.196833393306339
1787024923753,0.001389,1237481.0,0.00139,2212909.0,0.0013895000000000001,7.196833393306339
1787024924074,0.001389,1237481.0,0.00139,2216855.0,0.0013895000000000001,7.196833393306339
1787024924277,0.001389,1237481.0,0.00139,1806784.0,0.0013895000000000001,7.196833393306339
1787024924290,0.001389,1237481.0,0.00139,1662848.0,0.0013895000000000001,7.196833393306339
1787024924463,0.001389,1237481.0,0.00139,1647752.0,0.0013895000000000001,7.196833393306339
1787024924464,0.001389,1237481.0,0.00139,902884.0,0.0013895000000000001,7.196833393306339
1787024924466,0.001389,1237481.0,0.00139,951361.0,0.0013895000000000001,7.196833393306339
1787024924511,0.001389,1237481.0,0.00139,774453.0,0.0013895000000000001,7.196833393306339
1787024924514,0.001389,1237481.0,0.00139,412189.0,0.0013895000000000001,7.196833393306339
1787024924515,0.001389,1396592.0,0.00139,363712.0,0.0013895000000000001,7.196833393306339
1787024924516,0.00139,819686.0,0.001391,3393029.0,0.0013905,7.191657677095526
1787024924517,0.00139,487804.0,0.001391,1395625.0,0.0013905,7.191657677095526
1787024924518,0.00139,562439.0,0.001391,1388436.0,0.0013905,7.191657677095526
1787024924519,0.00139,540268.0,0.001391,1942045.0,0.0013905,7.191657677095526
1787024924520,0.00139,513992.0,0.001391,1942045.0,0.0013905,7.191657677095526
1787024924523,0.00139,513992.0,0.001391,1909589.0,0.0013905,7.191657677095526
1787024924526,0.00139,513992.0,0.001391,1767291.0,0.0013905,7.191657677095526
1787024924527,0.00139,513992.0,0.001391,1624993.0,0.0013905,7.191657677095526
1787024924596,0.00139,513992.0,0.001391,1639379.0,0.0013905,7.191657677095526
1787024924622,0.00139,525859.0,0.001391,1639379.0,0.0013905,7.191657677095526
1787024924623,0.00139,525859.0,0.001391,1651246.0,0.0013905,7.191657677095526
1787024924667,0.00139,1330806.0,0.001391,2558476.0,0.0013905,7.191657677095526
1787024924668,0.00139,1589585.0,0.001391,2558476.0,0.0013905,7.191657677095526
1787024924723,0.00139,1601452.0,0.001391,2558476.0,0.0013905,7.191657677095526
1787024924837,0.00139,1596768.0,0.001391,2558476.0,0.0013905,7.191657677095526
1787024925252,0.00139,791821.0,0.001391,2558476.0,0.0013905,7.191657677095526
1787024925254,0.00139,64301.0,0.001391,2558476.0,0.0013905,7.191657677095526
1787024925256,0.00139,64301.0,0.001391,3054121.0,0.0013905,7.191657677095526
1787024925257,0.00139,15824.0,0.001391,3054121.0,0.0013905,7.191657677095526
1787024925258,0.00139,3957.0,0.001391,3113204.0,0.0013905,7.191657677095526
1787024925260,0.001389,1014868.0,0.00139,525187.0,0.0013895000000000001,7.196833393306339
1787024925261,0.001389,788748.0,0.00139,916615.0,0.0013895000000000001,7.196833393306339
1787024925262,0.001389,701631.0,0.00139,969049.0,0.0013895000000000001,7.196833393306339
1787024925263,0.001389,701631.0,0.00139,1028723.0,0.0013895000000000001,7.196833393306339
1787024925264,0.001389,701631.0,0.00139,1017932.0,0.0013895000000000001,7.196833393306339
1787024925296,0.001389,701631.0,0.00139,1032327.0,0.0013895000000000001,7.196833393306339
1787024925309,0.001389,701631.0,0.00139,1037725.0,0.0013895000000000001,7.196833393306339
1787024925334,0.001389,701631.0,0.00139,1308371.0,0.0013895000000000001,7.196833393306339
1787024925347,0.001389,713506.0,0.00139,1320246.0,0.0013895000000000001,7.196833393306339
1787024925363,0.001389,489355.0,0.00139,1320246.0,0.0013895000000000001,7.196833393306339
1787024925373,0.001389,485396.0,0.00139,1320246.0,0.0013895000000000001,7.196833393306339
1787024925458,0.001389,485396.0,0.00139,2191004.0,0.0013895000000000001,7.196833393306339
1787024925523,0.001389,1327416.0,0.00139,2191004.0,0.0013895000000000001,7.196833393306339
1787024925524,0.001389,1315541.0,0.00139,2191004.0,0.0013895000000000001,7.196833393306339
1787024925525,0.001389,1327416.0,0.00139,2191004.0,0.0013895000000000001,7.196833393306339
1787024925598,0.001389,1255422.0,0.00139,2191004.0,0.0013895000000000001,7.196833393306339
1787024925756,0.001389,413402.0,0.00139,2191004.0,0.0013895000000000001,7.196833393306339
1787024925758,0.001389,128477.0,0.00139,2191004.0,0.0013895000000000001,7.196833393306339
1787024925767,0.001389,128477.0,0.00139,2683272.0,0.0013895000000000001,7.196833393306339
1787024925769,0.001389,128477.0,0.00139,2671397.0,0.0013895000000000001,7.196833393306339
1787024925770,0.001388,1003081.0,0.001389,489401.0,0.0013885,7.202016564639054
1787024925771,0.001388,1003081.0,0.001389,1356129.0,0.0013885,7.202016564639054
1787024925772,0.001388,677649.0,0.001389,601478.0,0.0013885,7.202016564639054
1787024925773,0.001388,498036.0,0.001389,1155884.0,0.0013885,7.202016564639054
1787024925774,0.001388,498036.0,0.001389,1475007.0,0.0013885,7.202016564639054
1787024925775,0.001388,498036.0,0.001389,1490685.0,0.0013885,7.202016564639054
1787024925798,0.001388,498036.0,0.001389,1505092.0,0.0013885,7.202016564639054
1787024925888,0.001388,509920.0,0.001389,1516976.0,0.0013885,7.202016564639054
1787024925891,0.001388,509920.0,0.001389,1302724.0,0.0013885,7.202016564639054
1787024925892,0.001388,734071.0,0.001389,807927.0,0.0013885,7.202016564639054
1787024925893,0.001389,1032675.0,0.00139,2542696.0,0.0013895000000000001,7.196833393306339
1787024925894,0.001389,52437.0,0.00139,2111446.0,0.0013895000000000001,7.196833393306339
1787024925895,0.001389,100914.0,0.00139,2155200.0,0.0013895000000000001,7.196833393306339
1787024925898,0.001389,100914.0,0.00139,2169598.0,0.0013895000000000001,7.196833393306339
1787024925903,0.001389,100914.0,0.00139,1898952.0,0.0013895000000000001,7.196833393306339
1787024925904,0.001389,582088.0,0.001391,3373129.0,0.0013900000000000002,14.388489208633441
1787024925905,0.00139,670104.0,0.001391,2893110.0,0.0013905,7.191657677095526
1787024925906,0.00139,718581.0,0.001391,2398519.0,0.0013905,7.191657677095526
1787024925907,0.00139,670104.0,0.001391,1877216.0,0.0013905,7.191657677095526
1787024925909,0.00139,718581.0,0.001391,1843819.0,0.0013905,7.191657677095526
1787024925910,0.00139,718581.0,0.001391,2100842.0,0.0013905,7.191657677095526
1787024925914,0.00139,718581.0,0.001391,1773276.0,0.0013905,7.191657677095526
1787024925926,0.00139,718581.0,0.001391,1630978.0,0.0013905,7.191657677095526
1787024925936,0.00139,718581.0,0.001391,1488680.0,0.0013905,7.191657677095526
1787024925941,0.00139,714214.0,0.001391,1488680.0,0.0013905,7.191657677095526
1787024925978,0.00139,938365.0,0.001391,1264529.0,0.0013905,7.191657677095526
1787024925998,0.00139,938365.0,0.001391,1278913.0,0.0013905,7.191657677095526
1787024926058,0.00139,950232.0,0.001391,1290780.0,0.0013905,7.191657677095526
1787024926111,0.00139,1681733.0,0.001391,2164651.0,0.0013905,7.191657677095526
1787024926112,0.00139,1681733.0,0.001391,2161056.0,0.0013905,7.191657677095526
1787024926225,0.00139,950232.0,0.001391,2161056.0,0.0013905,7.191657677095526
1787024926226,0.00139,950232.0,0.001391,2161056.0,0.0013905,7.191657677095526
1787024926237,0.00139,950232.0,0.001391,1265057.0,0.0013905,7.191657677095526
1787024926238,0.00139,950232.0,0.001391,840464.0,0.0013905,7.191657677095526
1787024926239,0.00139,950232.0,0.001391,3954.0,0.0013905,7.191657677095526
1787024926240,0.00139,950232.0,0.001391,52431.0,0.0013905,7.191657677095526
1787024926247,0.00139,950232.0,0.001391,276582.0,0.0013905,7.191657677095526
1787024926249,0.00139,950232.0,0.001391,325059.0,0.0013905,7.191657677095526
1787024926253,0.00139,901755.0,0.001391,569141.0,0.0013905,7.191657677095526
1787024926265,0.00139,677604.0,0.001391,569141.0,0.0013905,7.191657677095526
1787024926299,0.00139,677604.0,0.001391,583524.0,0.0013905,7.191657677095526
1787024926301,0.00139,901755.0,0.001391,359373.0,0.0013905,7.191657677095526
1787024926448,0.00139,1791722.0,0.001391,1119038.0,0.0013905,7.191657677095526
1787024926449,0.00139,1779855.0,0.001391,1119038.0,0.0013905,7.191657677095526
1787024926555,0.00139,1791722.0,0.001391,1130905.0,0.0013905,7.191657677095526
1787024926616,0.00139,1791722.0,0.001391,1930905.0,0.0013905,7.191657677095526
1787024926812,0.00139,1567571.0,0.001391,1930905.0,0.0013905,7.191657677095526
1787024926813,0.00139,677604.0,0.001391,1930905.0,0.0013905,7.191657677095526
1787024926814,0.001389,1222254.0,0.001391,2129188.0,0.0013900000000000002,14.388489208633441
1787024926815,0.001389,1034551.0,0.00139,2360271.0,0.0013895000000000001,7.196833393306339
1787024926816,0.001389,649517.0,0.00139,2484058.0,0.0013895000000000001,7.196833393306339
1787024926818,0.001389,649517.0,0.00139,2473267.0,0.0013895000000000001,7.196833393306339
1787024926822,0.001389,656717.0,0.00139,2717349.0,0.0013895000000000001,7.196833393306339
1787024926823,0.001389,649517.0,0.00139,2717349.0,0.0013895000000000001,7.196833393306339
1787024926841,0.001389,649517.0,0.00139,3165157.0,0.0013895000000000001,7.196833393306339
1787024926863,0.001389,649517.0,0.00139,3169475.0,0.0013895000000000001,7.196833393306339
1787024926880,0.001389,425366.0,0.00139,3169475.0,0.0013895000000000001,7.196833393306339
1787024926885,0.001389,168343.0,0.00139,3169475.0,0.0013895000000000001,7.196833393306339
1787024926895,0.001389,168343.0,0.00139,3183873.0,0.0013895000000000001,7.196833393306339
1787024926898,0.001389,119866.0,0.00139,3183873.0,0.0013895000000000001,7.196833393306339
1787024926899,0.001389,168343.0,0.00139,3183873.0,0.0013895000000000001,7.196833393306339
1787024926908,0.001389,168343.0,0.00139,2662162.0,0.0013895000000000001,7.196833393306339
1787024926917,0.001389,168343.0,0.00139,3151808.0,0.0013895000000000001,7.196833393306339
1787024926918,0.001389,131741.0,0.00139,3163683.0,0.0013895000000000001,7.196833393306339
1787024926920,0.001389,180218.0,0.00139,3163683.0,0.0013895000000000001,7.196833393306339
1787024926927,0.001389,131741.0,0.00139,3163683.0,0.0013895000000000001,7.196833393306339
1787024926984,0.001389,131741.0,0.00139,3023763.0,0.0013895000000000001,7.196833393306339
1787024927017,0.001389,131741.0,0.00139,3866286.0,0.0013895000000000001,7.196833393306339
1787024927019,0.001389,180218.0,0.00139,3866286.0,0.0013895000000000001,7.196833393306339
1787024927020,0.001389,180218.0,0.00139,3866286.0,0.0013895000000000001,7.196833393306339
1787024927097,0.001389,168351.0,0.00139,3866286.0,0.0013895000000000001,7.196833393306339
1787024927098,0.001389,119874.0,0.00139,3866286.0,0.0013895000000000001,7.196833393306339
1787024927099,0.001389,119874.0,0.00139,3998932.0,0.0013895000000000001,7.196833393306339
1787024927100,0.001389,168351.0,0.00139,3998932.0,0.0013895000000000001,7.196833393306339
1787024927110,0.001389,119874.0,0.00139,3998932.0,0.0013895000000000001,7.196833393306339
1787024927125,0.001388,2099220.0,0.001389,251192.0,0.0013885,7.202016564639054
1787024927126,0.001388,1360810.0,0.001389,701479.0,0.0013885,7.202016564639054
1787024927127,0.001388,1360810.0,0.001389,689595.0,0.0013885,7.202016564639054
1787024927128,0.001388,1360810.0,0.001389,1438693.0,0.0013885,7.202016564639054
1787024927131,0.001388,1360810.0,0.001389,1483239.0,0.0013885,7.202016564639054
1787024927156,0.001388,1360810.0,0.001389,1268987.0,0.0013885,7.202016564639054
1787024927160,0.001388,1265118.0,0.001389,1268987.0,0.0013885,7.202016564639054
1787024927161,0.001388,1265118.0,0.001389,1513069.0,0.0013885,7.202016564639054
1787024927162,0.001388,1265118.0,0.001389,2313069.0,0.0013885,7.202016564639054
1787024927165,0.001388,1265118.0,0.001389,2317029.0,0.0013885,7.202016564639054
1787024927195,0.001388,1265118.0,0.001389,2331435.0,0.0013885,7.202016564639054
1787024927300,0.001388,1265118.0,0.001389,2343319.0,0.0013885,7.202016564639054
1787024927361,0.001388,1261162.0,0.001389,2343319.0,0.0013885,7.202016564639054
1787024927699,0.001388,1261162.0,0.001389,2375174.0,0.0013885,7.202016564639054
1787024927817,0.001388,1261162.0,0.001389,2202847.0,0.0013885,7.202016564639054
1787024927818,0.001388,1261162.0,0.001389,1402847.0,0.0013885,7.202016564639054
1787024927819,0.001388,1261162.0,0.001389,653749.0,0.0013885,7.202016564639054
1787024927820,0.001388,1261162.0,0.001389,574884.0,0.0013885,7.202016564639054
1787024927832,0.001388,1333208.0,0.001389,574884.0,0.0013885,7.202016564639054
1787024927899,0.001388,1333208.0,0.001389,543029.0,0.0013885,7.202016564639054
1787024928275,0.001388,1333208.0,0.001389,548817.0,0.0013885,7.202016564639054
1787024928303,0.001388,1328529.0,0.001389,548817.0,0.0013885,7.202016564639054
1787024928305,0.001388,1328529.0,0.001389,1348817.0,0.0013885,7.202016564639054
1787024928306,0.001388,1328529.0,0.001389,2114301.0,0.0013885,7.202016564639054
1787024928802,0.001388,1332132.0,0.001389,2114301.0,0.0013885,7.202016564639054
1787024928807,0.001388,1337977.0,0.001389,2114301.0,0.0013885,7.202016564639054
1787024929001,0.001388,1182218.0,0.001389,2114301.0,0.0013885,7.202016564639054
1787024929002,0.001388,187770.0,0.001389,2114301.0,0.0013885,7.202016564639054
1787024929003,0.001388,67247.0,0.001389,2114301.0,0.0013885,7.202016564639054
1787024929005,0.001388,67247.0,0.001389,2114301.0,0.0013885,7.202016564639054
1787024929006,0.001388,115724.0,0.001389,2114301.0,0.0013885,7.202016564639054
1787024929300,0.001388,122926.0,0.001389,2114301.0,0.0013885,7.202016564639054
1787024929304,0.001388,1014178.0,0.001389,2114301.0,0.0013885,7.202016564639054
1787024929306,0.001388,1014178.0,0.001389,2114301.0,0.0013885,7.202016564639054
1787024929567,0.001388,1009766.0,0.001389,2114301.0,0.0013885,7.202016564639054
1787024929797,0.001388,1002564.0,0.001389,2114301.0,0.0013885,7.202016564639054
1787024929882,0.001388,1006904.0,0.001389,2114301.0,0.0013885,7.202016564639054
1787024929945,0.001388,1250986.0,0.001389,2114301.0,0.0013885,7.202016564639054
1787024930102,0.001388,803076.0,0.001389,2114301.0,0.0013885,7.202016564639054
1787024930103,0.001388,260306.0,0.001389,2576372.0,0.0013885,7.202016564639054
1787024930104,0.001388,349339.0,0.001389,2114301.0,0.0013885,7.202016564639054
1787024930105,0.001388,421385.0,0.001389,2102417.0,0.0013885,7.202016564639054
1787024930117,0.001388,641646.0,0.001389,2102417.0,0.0013885,7.202016564639054
1787024930313,0.001388,625329.0,0.001389,2102417.0,0.0013885,7.202016564639054
1787024930314,0.001388,637213.0,0.001389,2114301.0,0.0013885,7.202016564639054
1787024930315,0.001388,1446663.0,0.001389,2114301.0,0.0013885,7.202016564639054
1787024930316,0.001388,1434779.0,0.001389,2114301.0,0.0013885,7.202016564639054
1787024930362,0.001388,859331.0,0.001389,2114301.0,0.0013885,7.202016564639054
1787024930364,0.001388,48477.0,0.001389,2114301.0,0.0013885,7.202016564639054
1787024930365,0.001388,48477.0,0.001389,2342589.0,0.0013885,7.202016564639054
1787024930366,0.001388,48477.0,0.001389,1877159.0,0.0013885,7.202016564639054
1787024930367,0.001388,28014.0,0.001389,2275789.0,0.0013885,7.202016564639054
1787024930368,0.001388,76491.0,0.001389,2714858.0,0.0013885,7.202016564639054
1787024930370,0.001388,124968.0,0.001389,2714858.0,0.0013885,7.202016564639054
1787024930371,0.001388,76491.0,0.001389,2714858.0,0.0013885,7.202016564639054
1787024930386,0.001388,1276779.0,0.001389,2714858.0,0.0013885,7.202016564639054
1787024930387,0.001388,1276779.0,0.001389,2275789.0,0.0013885,7.202016564639054
1787024930388,0.001388,1325256.0,0.001389,2275789.0,0.0013885,7.202016564639054
1787024930435,0.001388,1337140.0,0.001389,2287673.0,0.0013885,7.202016564639054
1787024930578,0.001388,1337140.0,0.001389,3175606.0,0.0013885,7.202016564639054
1787024930771,0.001388,2136769.0,0.001389,3175606.0,0.0013885,7.202016564639054
1787024930908,0.001388,2136769.0,0.001389,2727606.0,0.0013885,7.202016564639054
1787024930909,0.001388,2136769.0,0.001389,1839673.0,0.0013885,7.202016564639054
1787024930910,0.001388,2380851.0,0.001389,1839673.0,0.0013885,7.202016564639054
1787024930911,0.001388,2380851.0,0.001389,1311331.0,0.0013885,7.202016564639054
1787024930912,0.001388,2380851.0,0.001389,1311331.0,0.0013885,7.202016564639054
1787024930925,0.001388,2376699.0,0.001389,1311331.0,0.0013885,7.202016564639054
1787024931030,0.001388,2380662.0,0.001389,1311331.0,0.0013885,7.202016564639054
1787024931121,0.001388,2380662.0,0.001389,2106965.0,0.0013885,7.202016564639054
1787024931380,0.001388,2380662.0,0.001389,1696451.0,0.0013885,7.202016564639054
1787024932279,0.001388,2380662.0,0.001389,900817.0,0.0013885,7.202016564639054
1787024932280,0.001388,2380662.0,0.001389,100817.0,0.0013885,7.202016564639054
1787024932281,0.001388,2380662.0,0.001389,84515.0,0.0013885,7.202016564639054
1787024932282,0.001388,2380662.0,0.001389,72631.0,0.0013885,7.202016564639054
1787024932283,0.001388,2380662.0,0.001389,121108.0,0.0013885,7.202016564639054
1787024932307,0.001388,2375397.0,0.001389,121108.0,0.0013885,7.202016564639054
1787024932589,0.001388,2375397.0,0.001389,84515.0,0.0013885,7.202016564639054
1787024932590,0.001388,2375397.0,0.001389,36038.0,0.0013885,7.202016564639054
1787024932628,0.001388,2375397.0,0.001389,84515.0,0.0013885,7.202016564639054
1787024932629,0.001388,2375397.0,0.001389,72631.0,0.0013885,7.202016564639054
1787024932630,0.001388,2375397.0,0.001389,121108.0,0.0013885,7.202016564639054
1787024932704,0.001388,2375397.0,0.001389,942069.0,0.0013885,7.202016564639054
1787024932706,0.001388,2375397.0,0.001389,953953.0,0.0013885,7.202016564639054
1787024932799,0.001388,2382599.0,0.001389,953953.0,0.0013885,7.202016564639054
1787024932828,0.001388,2382599.0,0.001389,132992.0,0.0013885,7.202016564639054
1787024933123,0.001388,2382599.0,0.001389,930656.0,0.0013885,7.202016564639054
1787024933125,0.001388,2382599.0,0.001389,930656.0,0.0013885,7.202016564639054
1787024933300,0.001388,2375397.0,0.001389,930656.0,0.0013885,7.202016564639054
1787024933505,0.001388,2372909.0,0.001389,930656.0,0.0013885,7.202016564639054
1787024933796,0.001388,2380111.0,0.001389,930656.0,0.0013885,7.202016564639054
1787024933921,0.001388,2380111.0,0.001389,775105.0,0.0013885,7.202016564639054
1787024933922,0.001388,2380111.0,0.001389,15844.0,0.0013885,7.202016564639054
1787024933923,0.001389,744652.0,0.00139,2761283.0,0.0013895000000000001,7.196833393306339
1787024933924,0.001389,819419.0,0.00139,2025925.0,0.0013895000000000001,7.196833393306339
1787024933925,0.001389,311556.0,0.00139,2217785.0,0.0013895000000000001,7.196833393306339
1787024933927,0.001389,360033.0,0.00139,2149467.0,0.0013895000000000001,7.196833393306339
1787024933998,0.001389,360033.0,0.00139,2163864.0,0.0013895000000000001,7.196833393306339
1787024934025,0.001389,337173.0,0.00139,2163864.0,0.0013895000000000001,7.196833393306339
1787024934027,0.001389,349048.0,0.00139,2175739.0,0.0013895000000000001,7.196833393306339
1787024934132,0.001389,349048.0,0.00139,2950319.0,0.0013895000000000001,7.196833393306339
1787024934204,0.001389,1164830.0,0.00139,2950319.0,0.0013895000000000001,7.196833393306339
1787024934205,0.001389,1152955.0,0.00139,2950319.0,0.0013895000000000001,7.196833393306339
1787024934206,0.001389,1164830.0,0.00139,2950319.0,0.0013895000000000001,7.196833393306339
1787024934671,0.001389,1159490.0,0.00139,2950319.0,0.0013895000000000001,7.196833393306339
1787024934761,0.001389,1159490.0,0.00139,2906605.0,0.0013895000000000001,7.196833393306339
1787024934974,0.001389,1159490.0,0.00139,2496534.0,0.0013895000000000001,7.196833393306339
1787024935748,0.001389,1159490.0,0.00139,1849052.0,0.0013895000000000001,7.196833393306339
1787024935750,0.001389,1623833.0,0.00139,606239.0,0.0013895000000000001,7.196833393306339
1787024935751,0.001389,1623833.0,0.00139,533994.0,0.0013895000000000001,7.196833393306339
1787024935752,0.001389,1623833.0,0.00139,582471.0,0.0013895000000000001,7.196833393306339
1787024935777,0.001389,1620675.0,0.00139,582471.0,0.0013895000000000001,7.196833393306339
1787024935819,0.00139,898614.0,0.001391,2076367.0,0.0013905,7.191657677095526
1787024935820,0.00139,439351.0,0.001391,994632.0,0.0013905,7.191657677095526
1787024935821,0.00139,1004605.0,0.001391,1210227.0,0.0013905,7.191657677095526
1787024935822,0.00139,1004605.0,0.001391,925631.0,0.0013905,7.191657677095526
1787024935823,0.00139,1004605.0,0.001391,974108.0,0.0013905,7.191657677095526
1787024935852,0.00139,978335.0,0.001391,974108.0,0.0013905,7.191657677095526
1787024935868,0.00139,929858.0,0.001391,974108.0,0.0013905,7.191657677095526
1787024935888,0.00139,929858.0,0.001391,749957.0,0.0013905,7.191657677095526
1787024935889,0.00139,978335.0,0.001391,749957.0,0.0013905,7.191657677095526
1787024935898,0.00139,978335.0,0.001391,764340.0,0.0013905,7.191657677095526
1787024935935,0.00139,990202.0,0.001391,776207.0,0.0013905,7.191657677095526
1787024935959,0.00139,1736418.0,0.001391,1558103.0,0.0013905,7.191657677095526
1787024935960,0.00139,1736418.0,0.001391,1546236.0,0.0013905,7.191657677095526
1787024935961,0.00139,1736418.0,0.001391,611457.0,0.0013905,7.191657677095526
1787024935962,0.00139,1736418.0,0.001391,467827.0,0.0013905,7.191657677095526
1787024935963,0.00139,2342117.0,0.001391,467827.0,0.0013905,7.191657677095526
1787024935964,0.00139,3170405.0,0.001391,467827.0,0.0013905,7.191657677095526
1787024935965,0.00139,2330250.0,0.001391,467827.0,0.0013905,7.191657677095526
1787024936067,0.00139,2342117.0,0.001391,479694.0,0.0013905,7.191657677095526
1787024936222,0.00139,2342117.0,0.001391,1361732.0,0.0013905,7.191657677095526
1787024936224,0.00139,1736418.0,0.001391,1361732.0,0.0013905,7.191657677095526
1787024936810,0.00139,1736418.0,0.001391,1378197.0,0.0013905,7.191657677095526
1787024936838,0.00139,1736418.0,0.001391,977184.0,0.0013905,7.191657677095526
1787024936864,0.00139,1736418.0,0.001391,1221266.0,0.0013905,7.191657677095526
1787024936865,0.00139,1687941.0,0.001391,1221266.0,0.0013905,7.191657677095526
1787024937098,0.00139,1687941.0,0.001391,1352684.0,0.0013905,7.191657677095526
1787024937117,0.00139,1681439.0,0.001391,1352684.0,0.0013905,7.191657677095526
1787024937796,0.00139,1688630.0,0.001391,1352684.0,0.0013905,7.191657677095526
1787024937872,0.00139,1688630.0,0.001391,1396004.0,0.0013905,7.191657677095526
1787024937962,0.00139,1628936.0,0.001391,1396004.0,0.0013905,7.191657677095526
1787024937965,0.00139,882720.0,0.001391,1396004.0,0.0013905,7.191657677095526
1787024937966,0.00139,931197.0,0.001391,1396004.0,0.0013905,7.191657677095526
1787024938194,0.00139,1673485.0,0.001391,1396004.0,0.0013905,7.191657677095526
1787024938299,0.00139,1666294.0,0.001391,1396004.0,0.0013905,7.191657677095526
1787024938309,0.00139,1661256.0,0.001391,1396004.0,0.0013905,7.191657677095526
1787024938582,0.00139,1665033.0,0.001391,1396004.0,0.0013905,7.191657677095526
1787024938799,0.00139,1672224.0,0.001391,1396004.0,0.0013905,7.191657677095526
1787024939296,0.00139,1665033.0,0.001391,1396004.0,0.0013905,7.191657677095526
1787024939297,0.00139,1676227.0,0.001391,1396004.0,0.0013905,7.191657677095526
1787024939353,0.00139,1673581.0,0.001391,1396004.0,0.0013905,7.191657677095526
1787024939798,0.00139,1680772.0,0.001391,1396004.0,0.0013905,7.191657677095526
1787024939799,0.00139,1669578.0,0.001391,1396004.0,0.0013905,7.191657677095526
1787024940098,0.00139,1669578.0,0.001391,1264586.0,0.0013905,7.191657677095526
1787024940123,0.00139,1669578.0,0.001391,1327211.0,0.0013905,7.191657677095526
1787024940125,0.00139,462947.0,0.001391,1327211.0,0.0013905,7.191657677095526
1787024940126,0.00139,123746.0,0.001391,2196834.0,0.0013905,7.191657677095526
1787024940127,0.00139,107553.0,0.001391,2184967.0,0.0013905,7.191657677095526
1787024940129,0.00139,107553.0,0.001391,2984967.0,0.0013905,7.191657677095526
1787024940130,0.00139,59076.0,0.001391,2984967.0,0.0013905,7.191657677095526
1787024940137,0.00139,26792.0,0.001391,2984967.0,0.0013905,7.191657677095526
1787024940138,0.00139,63402.0,0.001391,3044246.0,0.0013905,7.191657677095526
1787024940139,0.00139,14925.0,0.001391,3044246.0,0.0013905,7.191657677095526
1787024940197,0.00139,6220.0,0.001391,3044246.0,0.0013905,7.191657677095526
1787024940198,0.001389,1756090.0,0.00139,1755940.0,0.0013895000000000001,7.196833393306339
1787024940199,0.001389,794873.0,0.00139,2205098.0,0.0013895000000000001,7.196833393306339
1787024940200,0.001389,794873.0,0.00139,1863164.0,0.0013895000000000001,7.196833393306339
1787024940201,0.001389,574612.0,0.00139,1863164.0,0.0013895000000000001,7.196833393306339
1787024940203,0.001389,330530.0,0.00139,2095025.0,0.0013895000000000001,7.196833393306339
1787024940204,0.001389,330530.0,0.00139,2073907.0,0.0013895000000000001,7.196833393306339
1787024940229,0.001389,330530.0,0.00139,1772527.0,0.0013895000000000001,7.196833393306339
1787024940251,0.001389,330530.0,0.00139,1776845.0,0.0013895000000000001,7.196833393306339
1787024940295,0.001389,330530.0,0.00139,1791242.0,0.0013895000000000001,7.196833393306339
1787024940298,0.001389,342405.0,0.00139,1803117.0,0.0013895000000000001,7.196833393306339
1787024940337,0.001389,342405.0,0.00139,2573606.0,0.0013895000000000001,7.196833393306339
1787024940365,0.001389,338108.0,0.00139,2573606.0,0.0013895000000000001,7.196833393306339
1787024940367,0.001389,338108.0,0.00139,3373606.0,0.0013895000000000001,7.196833393306339
1787024940368,0.001389,289631.0,0.00139,2573606.0,0.0013895000000000001,7.196833393306339
1787024940369,0.001389,72092.0,0.00139,2561731.0,0.0013895000000000001,7.196833393306339
1787024940370,0.001389,116610.0,0.00139,2561731.0,0.0013895000000000001,7.196833393306339
1787024940376,0.001389,86434.0,0.00139,2561731.0,0.0013895000000000001,7.196833393306339
1787024940377,0.001389,74559.0,0.00139,3161731.0,0.0013895000000000001,7.196833393306339
1787024940407,0.001389,74559.0,0.00139,3173606.0,0.0013895000000000001,7.196833393306339
1787024940436,0.001389,74559.0,0.00139,2573606.0,0.0013895000000000001,7.196833393306339
1787024940437,0.001389,86434.0,0.00139,2573606.0,0.0013895000000000001,7.196833393306339
1787024940454,0.001389,86434.0,0.00139,2597744.0,0.0013895000000000001,7.196833393306339
1787024940457,0.001389,817523.0,0.00139,2597744.0,0.0013895000000000001,7.196833393306339
1787024940458,0.001389,805648.0,0.00139,2597744.0,0.0013895000000000001,7.196833393306339
1787024940460,0.001389,805648.0,0.00139,3227508.0,0.0013895000000000001,7.196833393306339
1787024940462,0.001389,74559.0,0.00139,3227508.0,0.0013895000000000001,7.196833393306339
1787024940464,0.001389,26082.0,0.00139,3227508.0,0.0013895000000000001,7.196833393306339
1787024940465,0.001389,26082.0,0.00139,3286787.0,0.0013895000000000001,7.196833393306339
1787024940528,0.001389,20239.0,0.00139,3286787.0,0.0013895000000000001,7.196833393306339
1787024940535,0.001389,20239.0,0.00139,3184658.0,0.0013895000000000001,7.196833393306339
1787024940537,0.001389,20239.0,0.00139,2384658.0,0.0013895000000000001,7.196833393306339
1787024940539,0.001389,68716.0,0.00139,2384658.0,0.0013895000000000001,7.196833393306339
1787024940562,0.001389,68716.0,0.00139,2534507.0,0.0013895000000000001,7.196833393306339
1787024940563,0.001389,20239.0,0.00139,2534507.0,0.0013895000000000001,7.196833393306339
1787024940599,0.001389,20239.0,0.00139,2642020.0,0.0013895000000000001,7.196833393306339
1787024940633,0.001389,20239.0,0.00139,4498053.0,0.0013895000000000001,7.196833393306339
1787024940634,0.001389,20239.0,0.00139,4498053.0,0.0013895000000000001,7.196833393306339
1787024940715,0.001389,68716.0,0.00139,4498053.0,0.0013895000000000001,7.196833393306339
1787024940734,0.001389,907558.0,0.00139,4498053.0,0.0013895000000000001,7.196833393306339
1787024940735,0.001389,907558.0,0.00139,4438774.0,0.0013895000000000001,7.196833393306339
1787024940768,0.001389,1139419.0,0.00139,4376104.0,0.0013895000000000001,7.196833393306339
1787024940769,0.001389,1139419.0,0.00139,4381320.0,0.0013895000000000001,7.196833393306339
1787024940770,0.001389,1151294.0,0.00139,4381320.0,0.0013895000000000001,7.196833393306339
1787024940796,0.001389,1151294.0,0.00139,4388516.0,0.0013895000000000001,7.196833393306339
1787024940831,0.001389,1151294.0,0.00139,2532483.0,0.0013895000000000001,7.196833393306339
1787024940832,0.001389,1151294.0,0.00139,2146354.0,0.0013895000000000001,7.196833393306339
1787024941100,0.001389,1151294.0,0.00139,2150671.0,0.0013895000000000001,7.196833393306339
1787024941126,0.001389,1155254.0,0.00139,2150671.0,0.0013895000000000001,7.196833393306339
1787024941163,0.001389,1155254.0,0.00139,1148321.0,0.0013895000000000001,7.196833393306339
1787024941164,0.001389,1155254.0,0.00139,920033.0,0.0013895000000000001,7.196833393306339
1787024941165,0.001389,1155254.0,0.00139,871556.0,0.0013895000000000001,7.196833393306339
1787024941245,0.001389,1155254.0,0.00139,461485.0,0.0013895000000000001,7.196833393306339
1787024941281,0.001389,1326483.0,0.00139,461485.0,0.0013895000000000001,7.196833393306339
1787024941296,0.001389,1333679.0,0.00139,454289.0,0.0013895000000000001,7.196833393306339
1787024941407,0.001389,1329952.0,0.00139,454289.0,0.0013895000000000001,7.196833393306339
1787024941409,0.001389,1329952.0,0.00139,502766.0,0.0013895000000000001,7.196833393306339
1787024941505,0.001389,1329952.0,0.00139,1355755.0,0.0013895000000000001,7.196833393306339
1787024941506,0.001389,1329952.0,0.00139,1355755.0,0.0013895000000000001,7.196833393306339
1787024941598,0.001389,1329952.0,0.00139,1248242.0,0.0013895000000000001,7.196833393306339
1787024941615,0.001389,1113657.0,0.00139,1248242.0,0.0013895000000000001,7.196833393306339
1787024941616,0.001389,474598.0,0.00139,1464353.0,0.0013895000000000001,7.196833393306339
1787024941617,0.001389,523075.0,0.00139,1696214.0,0.0013895000000000001,7.196833393306339
1787024941679,0.001389,351846.0,0.00139,1696214.0,0.0013895000000000001,7.196833393306339
1787024941796,0.001389,344650.0,0.00139,1696214.0,0.0013895000000000001,7.196833393306339
1787024941850,0.001389,112789.0,0.00139,2203262.0,0.0013895000000000001,7.196833393306339
1787024941852,0.001389,64312.0,0.00139,2203262.0,0.0013895000000000001,7.196833393306339
1787024941854,0.001389,112789.0,0.00139,2203262.0,0.0013895000000000001,7.196833393306339
1787024941858,0.001389,64312.0,0.00139,2203262.0,0.0013895000000000001,7.196833393306339
1787024941859,0.001389,52437.0,0.00139,2656754.0,0.0013895000000000001,7.196833393306339
1787024941860,0.001389,3960.0,0.00139,2708709.0,0.0013895000000000001,7.196833393306339
1787024941861,0.001389,3960.0,0.00139,2720584.0,0.0013895000000000001,7.196833393306339
1787024941918,0.001388,3546223.0,0.001389,265378.0,0.0013885,7.202016564639054
1787024941919,0.001388,2656847.0,0.001389,866131.0,0.0013885,7.202016564639054
1787024941920,0.001388,2630134.0,0.001389,967045.0,0.0013885,7.202016564639054
1787024941921,0.001388,2630134.0,0.001389,2168503.0,0.0013885,7.202016564639054
1787024941922,0.001388,2630134.0,0.001389,2174912.0,0.0013885,7.202016564639054
1787024941949,0.001388,2630134.0,0.001389,1946624.0,0.0013885,7.202016564639054
1787024941961,0.001388,2642018.0,0.001389,1958508.0,0.0013885,7.202016564639054
1787024941993,0.001388,2557248.0,0.001389,1958508.0,0.0013885,7.202016564639054
1787024941994,0.001388,2336987.0,0.001389,1958508.0,0.0013885,7.202016564639054
1787024941996,0.001388,2336987.0,0.001389,2190369.0,0.0013885,7.202016564639054
1787024941998,0.001388,2092905.0,0.001389,2190369.0,0.0013885,7.202016564639054
1787024942096,0.001388,2092905.0,0.001389,2204773.0,0.0013885,7.202016564639054
1787024942559,0.001388,2089545.0,0.001389,2204773.0,0.0013885,7.202016564639054
1787024942561,0.001388,2089545.0,0.001389,2354622.0,0.0013885,7.202016564639054
1787024942947,0.001388,2089545.0,0.001389,1944256.0,0.0013885,7.202016564639054
1787024943075,0.001388,2321406.0,0.001389,1944256.0,0.0013885,7.202016564639054
1787024943078,0.001388,2321406.0,0.001389,1712395.0,0.0013885,7.202016564639054
1787024943197,0.001388,2321406.0,0.001389,949416.0,0.0013885,7.202016564639054
1787024943198,0.001388,2321406.0,0.001389,684038.0,0.0013885,7.202016564639054
1787024943200,0.001388,2321406.0,0.001389,635561.0,0.0013885,7.202016564639054
1787024943685,0.001388,2434632.0,0.001389,635561.0,0.0013885,7.202016564639054
1787024943777,0.001388,2430522.0,0.001389,635561.0,0.0013885,7.202016564639054
1787024943786,0.001388,2430522.0,0.001389,1544173.0,0.0013885,7.202016564639054
1787024943787,0.001388,2430522.0,0.001389,1544173.0,0.0013885,7.202016564639054
1787024943796,0.001388,2430522.0,0.001389,1551375.0,0.0013885,7.202016564639054
1787024943944,0.001388,2378781.0,0.001389,1551375.0,0.0013885,7.202016564639054
1787024943967,0.001388,2378781.0,0.001389,1335264.0,0.0013885,7.202016564639054
1787024943969,0.001388,2378781.0,0.001389,426652.0,0.0013885,7.202016564639054
1787024944298,0.001388,2378781.0,0.001389,419450.0,0.0013885,7.202016564639054
1787024944758,0.001388,2450827.0,0.001389,419450.0,0.0013885,7.202016564639054
1787024944983,0.001388,2446473.0,0.001389,419450.0,0.0013885,7.202016564639054
1787024944995,0.001388,2446473.0,0.001389,1186744.0,0.0013885,7.202016564639054
1787024944996,0.001388,2446473.0,0.001389,1186744.0,0.0013885,7.202016564639054
1787024944997,0.001388,2446473.0,0.001389,1235221.0,0.0013885,7.202016564639054
1787024945117,0.001388,2440162.0,0.001389,1235221.0,0.0013885,7.202016564639054
1787024945487,0.001388,2313974.0,0.001389,1235221.0,0.0013885,7.202016564639054
1787024945491,0.001388,2313974.0,0.001389,1467082.0,0.0013885,7.202016564639054
1787024945828,0.001388,2306730.0,0.001389,1467082.0,0.0013885,7.202016564639054
1787024946084,0.001388,2324720.0,0.001389,1467082.0,0.0013885,7.202016564639054
1787024946123,0.001388,2321548.0,0.001389,1467082.0,0.0013885,7.202016564639054
1787024946591,0.001388,2321548.0,0.001389,1449096.0,0.0013885,7.202016564639054
1787024947399,0.001388,2318740.0,0.001389,1449096.0,0.0013885,7.202016564639054
1787024948299,0.001388,2307736.0,0.001389,1449096.0,0.0013885,7.202016564639054
1787024948408,0.001388,2307736.0,0.001389,1492416.0,0.0013885,7.202016564639054
1787024948572,0.001388,2307736.0,0.001389,1496379.0,0.0013885,7.202016564639054
1787024948661,0.001388,2307736.0,0.001389,1502076.0,0.0013885,7.202016564639054
1787024948727,0.001388,2302784.0,0.001389,1502076.0,0.0013885,7.202016564639054
1787024948734,0.001388,2302784.0,0.001389,1466053.0,0.0013885,7.202016564639054
1787024948809,0.001388,2302784.0,0.001389,1412689.0,0.0013885,7.202016564639054
1787024948813,0.001388,2302784.0,0.001389,645395.0,0.0013885,7.202016564639054
1787024948815,0.001388,2302784.0,0.001389,596918.0,0.0013885,7.202016564639054
1787024949227,0.001388,2302784.0,0.001389,645395.0,0.0013885,7.202016564639054
1787024949228,0.001388,2302784.0,0.001389,1484122.0,0.0013885,7.202016564639054
1787024949230,0.001388,2302784.0,0.001389,1484122.0,0.0013885,7.202016564639054
1787024949501,0.001388,2287723.0,0.001389,1484122.0,0.0013885,7.202016564639054
1787024949608,0.001388,2287723.0,0.001389,645395.0,0.0013885,7.202016564639054
1787024949705,0.001388,2281109.0,0.001389,645395.0,0.0013885,7.202016564639054
1787024950349,0.001388,2281109.0,0.001389,1245395.0,0.0013885,7.202016564639054
1787024950351,0.001388,2281109.0,0.001389,645395.0,0.0013885,7.202016564639054
1787024950352,0.001388,2281109.0,0.001389,645395.0,0.0013885,7.202016564639054
1787024950353,0.001388,2281109.0,0.001389,633511.0,0.0013885,7.202016564639054
1787024950366,0.001388,2274532.0,0.001389,633511.0,0.0013885,7.202016564639054
1787024950704,0.001388,2274532.0,0.001389,1526977.0,0.0013885,7.202016564639054
1787024950705,0.001388,2274532.0,0.001389,1538861.0,0.0013885,7.202016564639054
1787024951017,0.001388,2270117.0,0.001389,1538861.0,0.0013885,7.202016564639054
1787024951737,0.001388,2270117.0,0.001389,1533100.0,0.0013885,7.202016564639054
1787024951848,0.001388,2270117.0,0.001389,639634.0,0.0013885,7.202016564639054
1787024951849,0.001388,2270117.0,0.001389,407773.0,0.0013885,7.202016564639054
1787024952061,0.001388,2270117.0,0.001389,418555.0,0.0013885,7.202016564639054
1787024952077,0.001388,2265129.0,0.001389,418555.0,0.0013885,7.202016564639054
1787024952079,0.001388,2265129.0,0.001389,1018555.0,0.0013885,7.202016564639054
1787024952080,0.001388,2265129.0,0.001389,1006671.0,0.0013885,7.202016564639054
1787024952081,0.001388,2265129.0,0.001389,1018555.0,0.0013885,7.202016564639054
1787024952111,0.001388,2265129.0,0.001389,1830686.0,0.0013885,7.202016564639054
1787024952377,0.001388,2265129.0,0.001389,1836635.0,0.0013885,7.202016564639054
1787024952473,0.001388,2265129.0,0.001389,1236635.0,0.0013885,7.202016564639054
1787024952474,0.001388,2265129.0,0.001389,1224751.0,0.0013885,7.202016564639054
1787024952475,0.001388,2265129.0,0.001389,1236635.0,0.0013885,7.202016564639054
1787024953086,0.001388,1909453.0,0.001389,1236635.0,0.0013885,7.202016564639054
1787024953088,0.001388,1909453.0,0.001389,1468496.0,0.0013885,7.202016564639054
1787024953089,0.001388,896552.0,0.001389,1468496.0,0.0013885,7.202016564639054
1787024953092,0.001388,945029.0,0.001389,1468496.0,0.0013885,7.202016564639054
1787024953093,0.001388,933145.0,0.001389,1468496.0,0.0013885,7.202016564639054
1787024953106,0.001388,945029.0,0.001389,1468496.0,0.0013885,7.202016564639054
1787024953166,0.001388,945029.0,0.001389,1683419.0,0.0013885,7.202016564639054
1787024953168,0.001388,896552.0,0.001389,2212214.0,0.0013885,7.202016564639054
1787024953169,0.001388,848075.0,0.001389,2212214.0,0.0013885,7.202016564639054
1787024953170,0.001388,848075.0,0.001389,2275666.0,0.0013885,7.202016564639054
1787024953172,0.001388,848075.0,0.001389,2247553.0,0.0013885,7.202016564639054
1787024953176,0.001388,848075.0,0.001389,2681586.0,0.0013885,7.202016564639054
1787024953177,0.001388,848075.0,0.001389,2669702.0,0.0013885,7.202016564639054
1787024953178,0.001387,1437602.0,0.001388,773622.0,0.0013874999999999998,7.2072072072066025
1787024953179,0.001387,1433926.0,0.001388,2327553.0,0.0013874999999999998,7.2072072072066025
1787024953180,0.001387,534599.0,0.001388,1475275.0,0.0013874999999999998,7.2072072072066025
1787024953181,0.001387,534599.0,0.001388,1875130.0,0.0013874999999999998,7.2072072072066025
1787024953182,0.001387,534599.0,0.001388,1854035.0,0.0013874999999999998,7.2072072072066025
1787024953183,0.001387,534599.0,0.001388,1870393.0,0.0013874999999999998,7.2072072072066025
1787024953193,0.001387,354508.0,0.001388,1870393.0,0.0013874999999999998,7.2072072072066025
1787024953194,0.001387,402985.0,0.001388,1870393.0,0.0013874999999999998,7.2072072072066025
1787024953197,0.001387,402985.0,0.001388,1884811.0,0.0013874999999999998,7.2072072072066025
1787024953206,0.001387,354508.0,0.001388,2366919.0,0.0013874999999999998,7.2072072072066025
1787024953207,0.001387,354508.0,0.001388,2430416.0,0.0013874999999999998,7.2072072072066025
1787024953217,0.001387,402985.0,0.001388,2430416.0,0.0013874999999999998,7.2072072072066025
1787024953221,0.001387,402985.0,0.001388,2435822.0,0.0013874999999999998,7.2072072072066025
1787024953236,0.001387,402985.0,0.001388,2372325.0,0.0013874999999999998,7.2072072072066025
1787024953239,0.001385,4620816.0,0.001387,481761.0,0.001386,14.43001443001478
1787024953240,0.001385,1775333.0,0.001387,1152754.0,0.001386,14.43001443001478
1787024953241,0.001385,1395437.0,0.001386,222138.0,0.0013855,7.217610970769633
1787024953242,0.001385,1171623.0,0.001387,2037499.0,0.001386,14.43001443001478
1787024953243,0.001386,257302.0,0.001387,1916269.0,0.0013865000000000001,7.212405337179342
1787024953244,0.001386,279441.0,0.001387,1751524.0,0.0013865000000000001,7.212405337179342
1787024953245,0.001386,279441.0,0.001387,1679426.0,0.0013865000000000001,7.212405337179342
1787024953246,0.001385,1172937.0,0.001386,10823.0,0.0013855,7.217610970769633
1787024953247,0.001385,580291.0,0.001386,1138752.0,0.0013855,7.217610970769633
1787024953248,0.001385,350944.0,0.001386,1143209.0,0.0013855,7.217610970769633
1787024953249,0.001385,249314.0,0.001386,1143209.0,0.0013855,7.217610970769633
1787024953250,0.001385,110613.0,0.001386,1143209.0,0.0013855,7.217610970769633
1787024953251,0.001385,159090.0,0.001386,1280200.0,0.0013855,7.217610970769633
1787024953252,0.001385,159090.0,0.001386,1259076.0,0.0013855,7.217610970769633
1787024953253,0.001385,110613.0,0.001386,1259076.0,0.0013855,7.217610970769633
1787024953275,0.001385,110613.0,0.001386,1264490.0,0.0013855,7.217610970769633
1787024953278,0.001385,159090.0,0.001386,1264490.0,0.0013855,7.217610970769633
1787024953295,0.001385,159090.0,0.001386,1278929.0,0.0013855,7.217610970769633
1787024953331,0.001385,110613.0,0.001386,1810639.0,0.0013855,7.217610970769633
1787024953332,0.001384,966355.0,0.001385,2589668.0,0.0013844999999999999,7.222824124231968
1787024953333,0.001384,818449.0,0.001385,605599.0,0.0013844999999999999,7.222824124231968
1787024953334,0.001384,673941.0,0.001385,387238.0,0.0013844999999999999,7.222824124231968
1787024953335,0.001384,529433.0,0.001385,263400.0,0.0013844999999999999,7.222824124231968
1787024953336,0.001385,39230.0,0.001386,2040498.0,0.0013855,7.217610970769633
1787024953337,0.001385,39230.0,0.001386,1738808.0,0.0013855,7.217610970769633
1787024953339,0.001385,39230.0,0.001386,1675219.0,0.0013855,7.217610970769633
1787024953342,0.001385,39230.0,0.001386,1907080.0,0.0013855,7.217610970769633
1787024953346,0.001385,90971.0,0.001386,1907080.0,0.0013855,7.217610970769633
1787024953352,0.001385,99075.0,0.001386,1907080.0,0.0013855,7.217610970769633
1787024953370,0.001385,80999.0,0.001386,1907080.0,0.0013855,7.217610970769633
1787024953371,0.001385,76857.0,0.001386,2044071.0,0.0013855,7.217610970769633
1787024953372,0.001385,72895.0,0.001386,2044071.0,0.0013855,7.217610970769633
1787024953381,0.001385,72895.0,0.001386,2060060.0,0.0013855,7.217610970769633
1787024953382,0.001384,577989.0,0.001386,2060060.0,0.001385,14.44043321299674
1787024953383,0.001384,581951.0,0.001385,492591.0,0.0013844999999999999,7.222824124231968
1787024953384,0.001384,581950.0,0.001385,348602.0,0.0013844999999999999,7.222824124231968
1787024953385,0.001384,581950.0,0.001385,397079.0,0.0013844999999999999,7.222824124231968
1787024953388,0.001384,577988.0,0.001385,397079.0,0.0013844999999999999,7.222824124231968
1787024953393,0.001384,577988.0,0.001385,322707.0,0.0013844999999999999,7.222824124231968
1787024953395,0.001384,577988.0,0.001385,274230.0,0.0013844999999999999,7.222824124231968
1787024953397,0.001384,577988.0,0.001385,289510.0,0.0013844999999999999,7.222824124231968
1787024953399,0.001384,577988.0,0.001385,337987.0,0.0013844999999999999,7.222824124231968
1787024953400,0.001384,356303.0,0.001385,569848.0,0.0013844999999999999,7.222824124231968
1787024953402,0.001384,404780.0,0.001385,569848.0,0.0013844999999999999,7.222824124231968
1787024953405,0.001384,404780.0,0.001385,337987.0,0.0013844999999999999,7.222824124231968
1787024953406,0.001384,619703.0,0.001385,337987.0,0.0013844999999999999,7.222824124231968
1787024953433,0.001384,619703.0,0.001385,353976.0,0.0013844999999999999,7.222824124231968
1787024953447,0.001384,1480021.0,0.001385,353976.0,0.0013844999999999999,7.222824124231968
1787024953467,0.001384,1480021.0,0.001385,138936.0,0.0013844999999999999,7.222824124231968
1787024953468,0.001384,1480021.0,0.001385,128223.0,0.0013844999999999999,7.222824124231968
1787024953469,0.001385,47505.0,0.001386,3359977.0,0.0013855,7.217610970769633
1787024953470,0.001385,460586.0,0.001386,3278818.0,0.0013855,7.217610970769633
1787024953471,0.001385,789401.0,0.001386,3050529.0,0.0013855,7.217610970769633
1787024953480,0.001385,723796.0,0.001386,3050529.0,0.0013855,7.217610970769633
1787024953481,0.001385,274485.0,0.001386,3050529.0,0.0013855,7.217610970769633
1787024953483,0.001385,42624.0,0.001386,3050529.0,0.0013855,7.217610970769633
1787024953492,0.001385,42624.0,0.001386,3062439.0,0.0013855,7.217610970769633
1787024953498,0.001385,42624.0,0.001386,3088699.0,0.0013855,7.217610970769633
1787024953504,0.001385,42624.0,0.001386,3225690.0,0.0013855,7.217610970769633
1787024953554,0.001385,42624.0,0.001386,3375539.0,0.0013855,7.217610970769633
1787024953688,0.001385,42624.0,0.001386,3311950.0,0.0013855,7.217610970769633
1787024953692,0.001385,18340.0,0.001386,3311950.0,0.0013855,7.217610970769633
1787024953849,0.001384,1483984.0,0.001385,309543.0,0.0013844999999999999,7.222824124231968
1787024953850,0.001384,1491939.0,0.001385,736546.0,0.0013844999999999999,7.222824124231968
1787024953851,0.001384,1491939.0,0.001385,1175759.0,0.0013844999999999999,7.222824124231968
1787024953852,0.001384,1491939.0,0.001385,1538834.0,0.0013844999999999999,7.222824124231968
1787024953853,0.001384,1491939.0,0.001385,2421344.0,0.0013844999999999999,7.222824124231968
1787024953880,0.001384,1491939.0,0.001385,2193056.0,0.0013844999999999999,7.222824124231968
1787024953881,0.001384,1491939.0,0.001385,2118493.0,0.0013844999999999999,7.222824124231968
1787024953897,0.001384,1491939.0,0.001385,2132940.0,0.0013844999999999999,7.222824124231968
1787024953925,0.001384,631621.0,0.001385,2132940.0,0.0013844999999999999,7.222824124231968
1787024953926,0.001384,416698.0,0.001385,2364801.0,0.0013844999999999999,7.222824124231968
1787024953927,0.001384,184837.0,0.001385,2441423.0,0.0013844999999999999,7.222824124231968
1787024953961,0.001384,184837.0,0.001385,2453341.0,0.0013844999999999999,7.222824124231968
1787024954074,0.001384,184837.0,0.001385,2406404.0,0.0013844999999999999,7.222824124231968
1787024954075,0.001384,184837.0,0.001385,2329782.0,0.0013844999999999999,7.222824124231968
1787024954076,0.001384,416698.0,0.001385,2329782.0,0.0013844999999999999,7.222824124231968
1787024954077,0.001384,416698.0,0.001385,2329782.0,0.0013844999999999999,7.222824124231968
1787024954081,0.001384,416698.0,0.001385,2282844.0,0.0013844999999999999,7.222824124231968
1787024954086,0.001384,416698.0,0.001385,2050983.0,0.0013844999999999999,7.222824124231968
1787024954098,0.001384,416698.0,0.001385,2181202.0,0.0013844999999999999,7.222824124231968
1787024954106,0.001384,420672.0,0.001385,2181202.0,0.0013844999999999999,7.222824124231968
1787024954107,0.001384,420672.0,0.001385,2185174.0,0.0013844999999999999,7.222824124231968
1787024954142,0.001384,1324538.0,0.001385,2185174.0,0.0013844999999999999,7.222824124231968
1787024954143,0.001384,1312620.0,0.001385,1302664.0,0.0013844999999999999,7.222824124231968
1787024954199,0.001384,1324538.0,0.001385,1302664.0,0.0013844999999999999,7.222824124231968
1787024954299,0.001384,1324538.0,0.001385,1309886.0,0.0013844999999999999,7.222824124231968
1787024954304,0.001384,1324538.0,0.001385,2109886.0,0.0013844999999999999,7.222824124231968
1787024954306,0.001384,1324538.0,0.001385,1309886.0,0.0013844999999999999,7.222824124231968
1787024954308,0.001384,1324538.0,0.001385,1309886.0,0.0013844999999999999,7.222824124231968
1787024954331,0.001384,1318748.0,0.001385,1309886.0,0.0013844999999999999,7.222824124231968
1787024954333,0.001384,1318748.0,0.001385,2109886.0,0.0013844999999999999,7.222824124231968
1787024954336,0.001384,183021.0,0.001385,2608783.0,0.0013844999999999999,7.222824124231968
1787024954337,0.001384,183021.0,0.001385,2840644.0,0.0013844999999999999,7.222824124231968
1787024954338,0.001384,183021.0,0.001385,2828726.0,0.0013844999999999999,7.222824124231968
1787024954349,0.001384,183021.0,0.001385,2113474.0,0.0013844999999999999,7.222824124231968
1787024954351,0.001384,397944.0,0.001385,1881613.0,0.0013844999999999999,7.222824124231968
1787024954352,0.001384,617887.0,0.001385,1881613.0,0.0013844999999999999,7.222824124231968
1787024954373,0.001384,617887.0,0.001385,1908120.0,0.0013844999999999999,7.222824124231968
1787024954389,0.001384,617887.0,0.001385,1409223.0,0.0013844999999999999,7.222824124231968
1787024954394,0.001384,711113.0,0.001385,1409223.0,0.0013844999999999999,7.222824124231968
1787024954395,0.001384,711113.0,0.001385,1442153.0,0.0013844999999999999,7.222824124231968
1787024954417,0.001384,723031.0,0.001385,1454071.0,0.0013844999999999999,7.222824124231968
1787024954539,0.001384,723031.0,0.001385,2343989.0,0.0013844999999999999,7.222824124231968
1787024954540,0.001384,1542908.0,0.001385,2343989.0,0.0013844999999999999,7.222824124231968
1787024954541,0.001384,1542908.0,0.001385,2343989.0,0.0013844999999999999,7.222824124231968
1787024954554,0.001384,1542908.0,0.001385,2493838.0,0.0013844999999999999,7.222824124231968
1787024954628,0.001384,1533585.0,0.001385,2493838.0,0.0013844999999999999,7.222824124231968
1787024954766,0.001384,1626811.0,0.001385,2493838.0,0.0013844999999999999,7.222824124231968
1787024954798,0.001384,1626811.0,0.001385,2486616.0,0.0013844999999999999,7.222824124231968
1787024954805,0.001384,1556930.0,0.001385,2486616.0,0.0013844999999999999,7.222824124231968
1787024954810,0.001384,737053.0,0.001385,2486616.0,0.0013844999999999999,7.222824124231968
1787024954812,0.001384,737053.0,0.001385,2718477.0,0.0013844999999999999,7.222824124231968
1787024954816,0.001384,522130.0,0.001385,2718477.0,0.0013844999999999999,7.222824124231968
1787024954817,0.001384,259629.0,0.001385,2718477.0,0.0013844999999999999,7.222824124231968
1787024954818,0.001384,259629.0,0.001385,3387585.0,0.0013844999999999999,7.222824124231968
1787024954819,0.001384,223469.0,0.001385,3375667.0,0.0013844999999999999,7.222824124231968
1787024954820,0.001384,223469.0,0.001385,3512658.0,0.0013844999999999999,7.222824124231968
1787024954821,0.001384,235786.0,0.001385,3512658.0,0.0013844999999999999,7.222824124231968
1787024954822,0.001384,223868.0,0.001385,3512658.0,0.0013844999999999999,7.222824124231968
1787024954823,0.001384,187708.0,0.001385,3578723.0,0.0013844999999999999,7.222824124231968
1787024954824,0.001384,187708.0,0.001385,3512658.0,0.0013844999999999999,7.222824124231968
1787024954825,0.001384,187708.0,0.001385,3578723.0,0.0013844999999999999,7.222824124231968
1787024954826,0.001384,165258.0,0.001385,3578723.0,0.0013844999999999999,7.222824124231968
1787024954828,0.001384,80621.0,0.001385,3578723.0,0.0013844999999999999,7.222824124231968
1787024954830,0.001383,2154311.0,0.001384,13594.0,0.0013835,7.228044813878806
1787024954831,0.001383,1532688.0,0.001384,601032.0,0.0013835,7.228044813878806
1787024954832,0.001383,1232093.0,0.001384,867776.0,0.0013835,7.228044813878806
1787024954833,0.001383,1232093.0,0.001384,785620.0,0.0013835,7.228044813878806
1787024954834,0.001383,1232093.0,0.001384,819261.0,0.0013835,7.228044813878806
1787024954839,0.001383,1087479.0,0.001384,819261.0,0.0013835,7.228044813878806
1787024954841,0.001383,1135956.0,0.001384,819261.0,0.0013835,7.228044813878806
1787024954842,0.001383,1063649.0,0.001384,819261.0,0.0013835,7.228044813878806
1787024954846,0.001383,831788.0,0.001384,819261.0,0.0013835,7.228044813878806
1787024954848,0.001383,759481.0,0.001384,819261.0,0.0013835,7.228044813878806
1787024954861,0.001383,759481.0,0.001384,590973.0,0.0013835,7.228044813878806
1787024954865,0.001383,759481.0,0.001384,596395.0,0.0013835,7.228044813878806
1787024954894,0.001383,534838.0,0.001384,596395.0,0.0013835,7.228044813878806
1787024954960,0.001383,534838.0,0.001384,608322.0,0.0013835,7.228044813878806
1787024954961,0.001383,546765.0,0.001384,608322.0,0.0013835,7.228044813878806
1787024955028,0.001383,546765.0,0.001384,1354629.0,0.0013835,7.228044813878806
1787024955030,0.001383,546765.0,0.001384,1342702.0,0.0013835,7.228044813878806
1787024955034,0.001383,546765.0,0.001384,1346676.0,0.0013835,7.228044813878806
1787024955067,0.001383,546765.0,0.001384,1358603.0,0.0013835,7.228044813878806
1787024955082,0.001383,1435430.0,0.001384,1358603.0,0.0013835,7.228044813878806
1787024955084,0.001383,1435430.0,0.001384,1358603.0,0.0013835,7.228044813878806
1787024955126,0.001383,1431054.0,0.001384,1358603.0,0.0013835,7.228044813878806
1787024955128,0.001383,1431054.0,0.001384,2158603.0,0.0013835,7.228044813878806
1787024955145,0.001383,1260594.0,0.001384,2158603.0,0.0013835,7.228044813878806
1787024955147,0.001383,371929.0,0.001384,2158603.0,0.0013835,7.228044813878806
1787024955148,0.001383,371929.0,0.001384,2846957.0,0.0013835,7.228044813878806
1787024955149,0.001383,371929.0,0.001384,2835030.0,0.0013835,7.228044813878806
1787024955181,0.001383,371929.0,0.001384,2846957.0,0.0013835,7.228044813878806
1787024955198,0.001383,371929.0,0.001384,2861417.0,0.0013835,7.228044813878806
1787024955457,0.001383,367785.0,0.001384,2861417.0,0.0013835,7.228044813878806
1787024955555,0.001383,367785.0,0.001384,3011266.0,0.0013835,7.228044813878806
1787024955605,0.001383,416262.0,0.001384,3011266.0,0.0013835,7.228044813878806
1787024955765,0.001383,1148407.0,0.001384,3011266.0,0.0013835,7.228044813878806
1787024955766,0.001383,1148407.0,0.001384,3011266.0,0.0013835,7.228044813878806
1787024955801,0.001383,1144521.0,0.001384,3011266.0,0.0013835,7.228044813878806
1787024955973,0.001383,1218313.0,0.001384,3011266.0,0.0013835,7.228044813878806
1787024955974,0.001383,1218313.0,0.001384,2962789.0,0.0013835,7.228044813878806
1787024956272,0.001383,1450174.0,0.001384,564542.0,0.0013835,7.228044813878806
1787024956273,0.001383,1450174.0,0.001384,176236.0,0.0013835,7.228044813878806
1787024956274,0.001383,1450174.0,0.001384,41780.0,0.0013835,7.228044813878806
1787024956276,0.001383,1450174.0,0.001384,41780.0,0.0013835,7.228044813878806
1787024956298,0.001383,1450174.0,0.001384,90257.0,0.0013835,7.228044813878806
1787024956325,0.001383,1450174.0,0.001384,95679.0,0.0013835,7.228044813878806
1787024956381,0.001383,1450174.0,0.001384,107606.0,0.0013835,7.228044813878806
1787024956494,0.001383,1523966.0,0.001384,107606.0,0.0013835,7.228044813878806
1787024956577,0.001383,1517367.0,0.001384,107606.0,0.0013835,7.228044813878806
1787024956578,0.001383,1517367.0,0.001384,907606.0,0.0013835,7.228044813878806
1787024956580,0.001383,1517367.0,0.001384,1665494.0,0.0013835,7.228044813878806
1787024956596,0.001383,1517367.0,0.001384,1679950.0,0.0013835,7.228044813878806
1787024956713,0.001383,1591159.0,0.001384,1679950.0,0.0013835,7.228044813878806
1787024956728,0.001383,627153.0,0.001384,1900176.0,0.0013835,7.228044813878806
1787024956729,0.001383,391610.0,0.001384,1888249.0,0.0013835,7.228044813878806
1787024956733,0.001383,465402.0,0.001384,1888249.0,0.0013835,7.228044813878806
1787024956756,0.001383,465402.0,0.001384,1671643.0,0.0013835,7.228044813878806
1787024956757,0.001383,680325.0,0.001384,1671643.0,0.0013835,7.228044813878806
1787024956759,0.001383,900551.0,0.001384,693529.0,0.0013835,7.228044813878806
1787024956760,0.001383,900551.0,0.001384,693529.0,0.0013835,7.228044813878806
1787024956807,0.001383,912478.0,0.001384,705456.0,0.0013835,7.228044813878806
1787024956827,0.001383,912478.0,0.001384,709792.0,0.0013835,7.228044813878806
1787024956889,0.001383,912478.0,0.001384,713766.0,0.0013835,7.228044813878806
1787024956891,0.001383,912478.0,0.001384,982469.0,0.0013835,7.228044813878806
1787024956989,0.001383,912478.0,0.001384,1818799.0,0.0013835,7.228044813878806
1787024956990,0.001383,1665005.0,0.001384,1818799.0,0.0013835,7.228044813878806
1787024956991,0.001383,1665005.0,0.001384,1818799.0,0.0013835,7.228044813878806
1787024957042,0.001383,1591213.0,0.001384,1818799.0,0.0013835,7.228044813878806
1787024957055,0.001383,1591213.0,0.001384,982469.0,0.0013835,7.228044813878806
1787024957056,0.001383,1591213.0,0.001384,933992.0,0.0013835,7.228044813878806
1787024957152,0.001383,1591213.0,0.001384,929697.0,0.0013835,7.228044813878806
1787024957257,0.001383,1591213.0,0.001384,1834294.0,0.0013835,7.228044813878806
1787024957298,0.001383,1598441.0,0.001384,1834294.0,0.0013835,7.228044813878806
1787024957319,0.001383,1598441.0,0.001384,1845076.0,0.0013835,7.228044813878806
1787024957338,0.001383,410765.0,0.001384,1845076.0,0.0013835,7.228044813878806
1787024957339,0.001383,422692.0,0.001384,1845076.0,0.0013835,7.228044813878806
1787024957340,0.001383,410765.0,0.001384,1845076.0,0.0013835,7.228044813878806
1787024957445,0.001383,336973.0,0.001384,1845076.0,0.0013835,7.228044813878806
1787024957447,0.001383,263181.0,0.001384,1845076.0,0.0013835,7.228044813878806
1787024957796,0.001383,255953.0,0.001384,1845076.0,0.0013835,7.228044813878806
1787024957881,0.001383,329745.0,0.001384,1845076.0,0.0013835,7.228044813878806
1787024957941,0.001383,403537.0,0.001384,1845076.0,0.0013835,7.228044813878806
1787024957958,0.001383,1291147.0,0.001384,1845076.0,0.0013835,7.228044813878806
1787024957959,0.001383,1291147.0,0.001384,1845076.0,0.0013835,7.228044813878806
1787024957962,0.001383,1286266.0,0.001384,1845076.0,0.0013835,7.228044813878806
1787024957963,0.001383,1286266.0,0.001384,2045076.0,0.0013835,7.228044813878806
1787024957964,0.001383,1286266.0,0.001384,2033149.0,0.0013835,7.228044813878806
1787024957965,0.001383,1286266.0,0.001384,2045076.0,0.0013835,7.228044813878806
1787024957967,0.001383,1290243.0,0.001384,2045076.0,0.0013835,7.228044813878806
1787024957969,0.001383,1286871.0,0.001384,2045076.0,0.0013835,7.228044813878806
1787024957970,0.001383,1275394.0,0.001384,2273364.0,0.0013835,7.228044813878806
1787024957971,0.001383,1275394.0,0.001384,2045076.0,0.0013835,7.228044813878806
1787024957972,0.001383,387784.0,0.001384,2045076.0,0.0013835,7.228044813878806
1787024958007,0.001383,461576.0,0.001384,2045076.0,0.0013835,7.228044813878806
1787024958011,0.001383,166408.0,0.001384,2045076.0,0.0013835,7.228044813878806
1787024958076,0.001383,166408.0,0.001384,2533458.0,0.0013835,7.228044813878806
1787024958077,0.001382,1540493.0,0.001383,477862.0,0.0013825,7.233273056057258
1787024958078,0.001382,1536804.0,0.001383,1387315.0,0.0013825,7.233273056057258
1787024958079,0.001382,715651.0,0.001383,453177.0,0.0013825,7.233273056057258
1787024958080,0.001382,655227.0,0.001383,630290.0,0.0013825,7.233273056057258
1787024958081,0.001382,703704.0,0.001383,403432.0,0.0013825,7.233273056057258
1787024958083,0.001382,703704.0,0.001383,183206.0,0.0013825,7.233273056057258
1787024958084,0.001382,703704.0,0.001383,595353.0,0.0013825,7.233273056057258
1787024958148,0.001382,703704.0,0.001383,815579.0,0.0013825,7.233273056057258
1787024958175,0.001382,1563414.0,0.001383,1665411.0,0.0013825,7.233273056057258
1787024958176,0.001382,1551479.0,0.001383,1665411.0,0.0013825,7.233273056057258
1787024958181,0.001382,1563414.0,0.001383,1677346.0,0.0013825,7.233273056057258
1787024958198,0.001382,1563414.0,0.001383,1691813.0,0.0013825,7.233273056057258
1787024958355,0.001382,1559452.0,0.001383,1691813.0,0.0013825,7.233273056057258
1787024958746,0.001382,1559452.0,0.001383,1695790.0,0.0013825,7.233273056057258
1787024958801,0.001382,1414734.0,0.001383,1695790.0,0.0013825,7.233273056057258
1787024958967,0.001382,1409963.0,0.001383,1695790.0,0.0013825,7.233273056057258
1787024958968,0.001382,1409963.0,0.001383,2495790.0,0.0013825,7.233273056057258
1787024958970,0.001382,1409963.0,0.001384,3052979.0,0.0013830000000000001,14.46131597975451
1787024958971,0.001383,217188.0,0.001384,2276023.0,0.0013835,7.228044813878806
1787024958972,0.001383,736413.0,0.001384,1356316.0,0.0013835,7.228044813878806
1787024958973,0.001383,833367.0,0.001384,1136090.0,0.0013835,7.228044813878806
1787024958999,0.001383,833367.0,0.001384,1150547.0,0.0013835,7.228044813878806
1787024959046,0.001383,713446.0,0.001384,1150547.0,0.0013835,7.228044813878806
1787024959048,0.001383,713446.0,0.001384,1370773.0,0.0013835,7.228044813878806
1787024959108,0.001383,725373.0,0.001384,1382700.0,0.0013835,7.228044813878806
1787024959187,0.001383,1472029.0,0.001384,2235622.0,0.0013835,7.228044813878806
1787024959188,0.001383,1460102.0,0.001384,2235622.0,0.0013835,7.228044813878806
1787024959214,0.001383,1472029.0,0.001384,2235622.0,0.0013835,7.228044813878806
1787024959264,0.001383,1472029.0,0.001384,2178486.0,0.0013835,7.228044813878806
1787024959265,0.001383,1472029.0,0.001384,1560844.0,0.0013835,7.228044813878806
1787024959266,0.001383,1472029.0,0.001384,1548917.0,0.0013835,7.228044813878806
1787024959293,0.001383,1472029.0,0.001384,1640618.0,0.0013835,7.228044813878806
1787024959610,0.001383,1472029.0,0.001384,1420392.0,0.0013835,7.228044813878806
1787024959611,0.001383,1472029.0,0.001384,567470.0,0.0013835,7.228044813878806
1787024959696,0.001383,1472029.0,0.001384,784658.0,0.0013835,7.228044813878806
1787024959699,0.001383,1472029.0,0.001384,833135.0,0.0013835,7.228044813878806
1787024959789,0.001383,1472029.0,0.001384,845062.0,0.0013835,7.228044813878806
1787024959812,0.001383,1472029.0,0.001384,1585790.0,0.0013835,7.228044813878806
1787024959819,0.001383,1476006.0,0.001384,1585790.0,0.0013835,7.228044813878806
1787024959860,0.001383,1471902.0,0.001384,1585790.0,0.0013835,7.228044813878806
1787024960003,0.001383,1471902.0,0.001384,1173792.0,0.0013835,7.228044813878806
1787024960004,0.001383,1471902.0,0.001384,1161865.0,0.0013835,7.228044813878806
1787024960005,0.001383,1471902.0,0.001384,1173792.0,0.0013835,7.228044813878806
1787024960237,0.001383,1471902.0,0.001384,1773792.0,0.0013835,7.228044813878806
1787024960248,0.001383,1428582.0,0.001384,1773792.0,0.0013835,7.228044813878806
1787024960249,0.001383,1428582.0,0.001384,1994018.0,0.0013835,7.228044813878806
1787024960427,0.001383,1424960.0,0.001384,1994018.0,0.0013835,7.228044813878806
1787024960514,0.001382,1090592.0,0.001384,1994018.0,0.0013830000000000001,14.46131597975451
1787024960515,0.001382,1090592.0,0.001383,964984.0,0.0013825,7.233273056057258
1787024960516,0.001382,512005.0,0.001383,428385.0,0.0013825,7.233273056057258
1787024960517,0.001382,584364.0,0.001383,432362.0,0.0013825,7.233273056057258
1787024960518,0.001382,656723.0,0.001383,545035.0,0.0013825,7.233273056057258
1787024960519,0.001382,656723.0,0.001383,754140.0,0.0013825,7.233273056057258
1787024960520,0.001382,584364.0,0.001383,754140.0,0.0013825,7.233273056057258
1787024960521,0.001382,352503.0,0.001383,732933.0,0.0013825,7.233273056057258
1787024960522,0.001382,280144.0,0.001383,732933.0,0.0013825,7.233273056057258
1787024960523,0.001382,328621.0,0.001383,732933.0,0.0013825,7.233273056057258
1787024960528,0.001382,328621.0,0.001383,1214433.0,0.0013825,7.233273056057258
1787024960554,0.001382,328621.0,0.001383,1142126.0,0.0013825,7.233273056057258
1787024960598,0.001382,280144.0,0.001383,1142126.0,0.0013825,7.233273056057258
1787024960600,0.001382,280144.0,0.001383,1156595.0,0.0013825,7.233273056057258
1787024960707,0.001382,292079.0,0.001383,1168530.0,0.0013825,7.233273056057258
1787024960709,0.001382,340556.0,0.001383,1168530.0,0.0013825,7.233273056057258
1787024960711,0.001382,340556.0,0.001383,1086340.0,0.0013825,7.233273056057258
1787024960719,0.001382,340556.0,0.001383,1875864.0,0.0013825,7.233273056057258
1787024961098,0.001382,340556.0,0.001383,2006035.0,0.0013825,7.233273056057258
1787024961226,0.001382,340556.0,0.001383,2606035.0,0.0013825,7.233273056057258
1787024961227,0.001382,340556.0,0.001383,2594100.0,0.0013825,7.233273056057258
1787024961228,0.001382,340556.0,0.001383,2606035.0,0.0013825,7.233273056057258
1787024961229,0.001382,328642.0,0.001383,2606035.0,0.0013825,7.233273056057258
1787024961307,0.001382,328642.0,0.001383,2687108.0,0.0013825,7.233273056057258
1787024961590,0.001382,318869.0,0.001383,2687108.0,0.0013825,7.233273056057258
1787024961592,0.001382,322849.0,0.001383,2687108.0,0.0013825,7.233273056057258
1787024961619,0.001382,320471.0,0.001383,2687108.0,0.0013825,7.233273056057258
1787024961729,0.001382,311148.0,0.001383,2687108.0,0.0013825,7.233273056057258
1787024961730,0.001382,262671.0,0.001383,2687108.0,0.0013825,7.233273056057258
1787024962098,0.001382,262671.0,0.001383,2556937.0,0.0013825,7.233273056057258
1787024962313,0.001382,311148.0,0.001383,2556937.0,0.0013825,7.233273056057258
1787024962315,0.001382,1173340.0,0.001383,2556937.0,0.0013825,7.233273056057258
1787024962317,0.001382,1173340.0,0.001383,2075437.0,0.0013825,7.233273056057258
1787024962477,0.001382,1173340.0,0.001383,2085149.0,0.0013825,7.233273056057258
1787024962777,0.001382,1168000.0,0.001383,2085149.0,0.0013825,7.233273056057258
1787024963073,0.001382,1168000.0,0.001383,2239653.0,0.0013825,7.233273056057258
1787024963233,0.001382,1168000.0,0.001383,2243450.0,0.0013825,7.233273056057258
1787024963405,0.001382,153818.0,0.001383,2243450.0,0.0013825,7.233273056057258
1787024963406,0.001381,1254203.0,0.001382,1131716.0,0.0013815,7.238508867172754
1787024963407,0.001381,544860.0,0.001382,1106645.0,0.0013815,7.238508867172754
1787024963408,0.001381,472449.0,0.001382,1611543.0,0.0013815,7.238508867172754
1787024963409,0.001381,327627.0,0.001382,1683902.0,0.0013815,7.238508867172754
1787024963410,0.001381,376104.0,0.001382,1821824.0,0.0013815,7.238508867172754
1787024963411,0.001381,303693.0,0.001382,1865577.0,0.0013815,7.238508867172754
1787024963412,0.001381,303693.0,0.001382,2003159.0,0.0013815,7.238508867172754
1787024963437,0.001381,303693.0,0.001382,1781057.0,0.0013815,7.238508867172754
1787024963461,0.001381,303693.0,0.001382,1791915.0,0.0013815,7.238508867172754
1787024963475,0.001381,71832.0,0.001382,1791915.0,0.0013815,7.238508867172754
1787024963476,0.001381,23355.0,0.001382,1791915.0,0.0013815,7.238508867172754
1787024963477,0.00138,1870983.0,0.001381,899577.0,0.0013805,7.243752263673544
1787024963478,0.00138,974206.0,0.001381,708152.0,0.0013805,7.243752263673544
1787024963479,0.00138,841829.0,0.001381,1110657.0,0.0013805,7.243752263673544
1787024963480,0.001381,181028.0,0.001382,2726588.0,0.0013815,7.238508867172754
1787024963481,0.001381,181028.0,0.001382,2642759.0,0.0013815,7.238508867172754
1787024963482,0.001379,585327.0,0.00138,10870.0,0.0013795,7.2490032620508575
1787024963483,0.001379,1277883.0,0.00138,22417.0,0.0013795,7.2490032620508575
1787024963484,0.001379,953862.0,0.00138,102935.0,0.0013795,7.2490032620508575
1787024963485,0.00138,21146.0,0.001381,1083187.0,0.0013805,7.243752263673544
1787024963486,0.00138,668278.0,0.001381,1224030.0,0.0013805,7.243752263673544
1787024963487,0.00138,387975.0,0.001381,850920.0,0.0013805,7.243752263673544
1787024963488,0.00138,387975.0,0.001381,1506098.0,0.0013805,7.243752263673544
1787024963489,0.00138,387975.0,0.001381,1455338.0,0.0013805,7.243752263673544
1787024963490,0.00138,387975.0,0.001381,1453659.0,0.0013805,7.243752263673544
1787024963491,0.00138,436452.0,0.001381,1453659.0,0.0013805,7.243752263673544
1787024963495,0.00138,387975.0,0.001381,1468149.0,0.0013805,7.243752263673544
1787024963497,0.00138,387975.0,0.001381,1395738.0,0.0013805,7.243752263673544
1787024963503,0.00138,387975.0,0.001381,1420022.0,0.0013805,7.243752263673544
1787024963546,0.001379,1798355.0,0.00138,162799.0,0.0013795,7.2490032620508575
1787024963547,0.001379,1721859.0,0.00138,292255.0,0.0013795,7.2490032620508575
1787024963548,0.001379,1576827.0,0.00138,292255.0,0.0013795,7.2490032620508575
1787024963549,0.001379,1504311.0,0.00138,292255.0,0.0013795,7.2490032620508575
1787024963550,0.00138,234051.0,0.001381,1797112.0,0.0013805,7.243752263673544
1787024963551,0.00138,256082.0,0.001381,1482300.0,0.0013805,7.243752263673544
1787024963552,0.00138,74923.0,0.001381,1409889.0,0.0013805,7.243752263673544
1787024963558,0.00138,26446.0,0.001381,1409889.0,0.0013805,7.243752263673544
1787024963562,0.00138,26446.0,0.001381,1958916.0,0.0013805,7.243752263673544
1787024963563,0.00138,26446.0,0.001381,2034015.0,0.0013805,7.243752263673544
1787024963564,0.00138,26446.0,0.001381,1889193.0,0.0013805,7.243752263673544
1787024963582,0.001379,1435775.0,0.00138,475634.0,0.0013795,7.2490032620508575
1787024963583,0.001379,1359279.0,0.001381,2156364.0,0.0013800000000000002,14.492753623188758
1787024963584,0.001379,1423352.0,0.001381,2152848.0,0.0013800000000000002,14.492753623188758
1787024963585,0.00138,390264.0,0.001381,2148869.0,0.0013805,7.243752263673544
1787024963586,0.00138,438741.0,0.001382,3013590.0,0.0013809999999999998,14.482259232440615
1787024963587,0.001381,26427.0,0.001382,3009894.0,0.0013815,7.238508867172754
1787024963588,0.001381,439508.0,0.001382,2343321.0,0.0013815,7.238508867172754
1787024963589,0.001381,584278.0,0.001382,2324866.0,0.0013815,7.238508867172754
1787024963590,0.001381,793383.0,0.001382,2324866.0,0.0013815,7.238508867172754
1787024963591,0.001381,793383.0,0.001382,1727499.0,0.0013815,7.238508867172754
1787024963592,0.001381,793383.0,0.001382,1437358.0,0.0013815,7.238508867172754
1787024963595,0.001381,684077.0,0.001382,1451837.0,0.0013815,7.238508867172754
1787024963596,0.00138,944198.0,0.001382,2051837.0,0.0013809999999999998,14.482259232440615
1787024963597,0.00138,944198.0,0.001382,2059077.0,0.0013809999999999998,14.482259232440615
1787024963598,0.001381,143111.0,0.001382,2291303.0,0.0013815,7.238508867172754
1787024963599,0.001381,352216.0,0.001382,2395622.0,0.0013815,7.238508867172754
1787024963600,0.001381,143111.0,0.001382,2395622.0,0.0013815,7.238508867172754
1787024963623,0.001381,191588.0,0.001382,2395622.0,0.0013815,7.238508867172754
1787024963634,0.001381,191588.0,0.001382,2381146.0,0.0013815,7.238508867172754
1787024963640,0.001381,191588.0,0.001382,2373906.0,0.0013815,7.238508867172754
1787024963642,0.001381,191588.0,0.001382,2381146.0,0.0013815,7.238508867172754
1787024963643,0.001381,143111.0,0.001382,2381146.0,0.0013815,7.238508867172754
1787024963644,0.001381,143111.0,0.001382,2388386.0,0.0013815,7.238508867172754
1787024963645,0.001381,143111.0,0.001382,2381146.0,0.0013815,7.238508867172754
1787024963647,0.001381,143111.0,0.001382,2388386.0,0.0013815,7.238508867172754
1787024963648,0.001381,143111.0,0.001382,2381146.0,0.0013815,7.238508867172754
1787024963654,0.001381,191588.0,0.001382,2388386.0,0.0013815,7.238508867172754
1787024963655,0.001381,191588.0,0.001382,2303811.0,0.0013815,7.238508867172754
1787024963657,0.001381,191588.0,0.001382,2311051.0,0.0013815,7.238508867172754
1787024963658,0.001381,191588.0,0.001382,2303811.0,0.0013815,7.238508867172754
1787024963673,0.001381,191588.0,0.001382,2311051.0,0.0013815,7.238508867172754
1787024963674,0.001381,191588.0,0.001382,2303811.0,0.0013815,7.238508867172754
1787024963682,0.001381,191588.0,0.001382,2296571.0,0.0013815,7.238508867172754
1787024963684,0.001381,191588.0,0.001382,2296571.0,0.0013815,7.238508867172754
1787024963685,0.001381,191588.0,0.001382,3145815.0,0.0013815,7.238508867172754
1787024963686,0.001381,191588.0,0.001382,3303467.0,0.0013815,7.238508867172754
1787024963687,0.001381,191588.0,0.001382,3303467.0,0.0013815,7.238508867172754
1787024963689,0.001381,191588.0,0.001382,3317947.0,0.0013815,7.238508867172754
1787024963690,0.001381,191588.0,0.001382,3303467.0,0.0013815,7.238508867172754
1787024963693,0.001381,191588.0,0.001382,3315411.0,0.0013815,7.238508867172754
1787024963695,0.001381,191588.0,0.001382,3322651.0,0.0013815,7.238508867172754
1787024963696,0.001381,191588.0,0.001382,3322651.0,0.0013815,7.238508867172754
1787024963697,0.001381,191588.0,0.001382,3315411.0,0.0013815,7.238508867172754
1787024963698,0.001381,191588.0,0.001382,3329891.0,0.0013815,7.238508867172754
1787024963699,0.001381,191588.0,0.001382,3315411.0,0.0013815,7.238508867172754
1787024963701,0.001381,191588.0,0.001382,3322651.0,0.0013815,7.238508867172754
1787024963702,0.001381,191588.0,0.001382,3315411.0,0.0013815,7.238508867172754
1787024963703,0.001381,191588.0,0.001382,3322651.0,0.0013815,7.238508867172754
1787024963704,0.001381,191588.0,0.001382,3315411.0,0.0013815,7.238508867172754
1787024963705,0.001381,191588.0,0.001382,3322651.0,0.0013815,7.238508867172754
1787024963706,0.001381,191588.0,0.001382,3322651.0,0.0013815,7.238508867172754
1787024963707,0.001381,191588.0,0.001382,3322651.0,0.0013815,7.238508867172754
1787024963708,0.001381,191588.0,0.001382,3315411.0,0.0013815,7.238508867172754
1787024963709,0.001381,191588.0,0.001382,3269061.0,0.0013815,7.238508867172754
1787024963710,0.001381,191588.0,0.001382,3276301.0,0.0013815,7.238508867172754
1787024963711,0.001381,191588.0,0.001382,3269061.0,0.0013815,7.238508867172754
1787024963712,0.001381,191588.0,0.001382,3269061.0,0.0013815,7.238508867172754
1787024963713,0.001381,191588.0,0.001382,3276301.0,0.0013815,7.238508867172754
1787024963714,0.001381,191588.0,0.001382,3276301.0,0.0013815,7.238508867172754
1787024963715,0.001381,191588.0,0.001382,3269061.0,0.0013815,7.238508867172754
1787024963716,0.001381,191588.0,0.001382,3283541.0,0.0013815,7.238508867172754
1787024963717,0.001381,191588.0,0.001382,3269061.0,0.0013815,7.238508867172754
1787024963718,0.001381,191588.0,0.001382,3276301.0,0.0013815,7.238508867172754
1787024963719,0.001381,191588.0,0.001382,3269061.0,0.0013815,7.238508867172754
1787024963720,0.001381,191588.0,0.001382,3276301.0,0.0013815,7.238508867172754
1787024963721,0.001381,191588.0,0.001382,3276301.0,0.0013815,7.238508867172754
1787024963722,0.001381,191588.0,0.001382,3269061.0,0.0013815,7.238508867172754
1787024963723,0.001381,191588.0,0.001382,3276301.0,0.0013815,7.238508867172754
1787024963724,0.001381,191588.0,0.001382,3269061.0,0.0013815,7.238508867172754
1787024963726,0.001381,191588.0,0.001382,3269061.0,0.0013815,7.238508867172754
1787024963727,0.001381,191588.0,0.001382,3276301.0,0.0013815,7.238508867172754
1787024963728,0.001381,191588.0,0.001382,3276301.0,0.0013815,7.238508867172754
1787024963729,0.001381,191588.0,0.001382,3269061.0,0.0013815,7.238508867172754
1787024963730,0.001381,191588.0,0.001382,3276301.0,0.0013815,7.238508867172754
1787024963731,0.001381,191588.0,0.001382,3276301.0,0.0013815,7.238508867172754
1787024963732,0.001381,191588.0,0.001382,3269061.0,0.0013815,7.238508867172754
1787024963733,0.001381,191588.0,0.001382,3269061.0,0.0013815,7.238508867172754
1787024963736,0.001381,987507.0,0.001382,3269061.0,0.0013815,7.238508867172754
1787024963738,0.001381,987507.0,0.001382,2676301.0,0.0013815,7.238508867172754
1787024963739,0.001381,987507.0,0.001382,2669061.0,0.0013815,7.238508867172754
1787024963740,0.001381,987507.0,0.001382,2676301.0,0.0013815,7.238508867172754
1787024963741,0.001381,987507.0,0.001382,2676301.0,0.0013815,7.238508867172754
1787024963742,0.001381,987507.0,0.001382,2669061.0,0.0013815,7.238508867172754
1787024963743,0.001381,987507.0,0.001382,2676301.0,0.0013815,7.238508867172754
1787024963744,0.001381,987507.0,0.001382,2676301.0,0.0013815,7.238508867172754
1787024963745,0.001381,987507.0,0.001382,2669061.0,0.0013815,7.238508867172754
1787024963746,0.001381,987507.0,0.001382,2676301.0,0.0013815,7.238508867172754
1787024963747,0.001381,987507.0,0.001382,2676301.0,0.0013815,7.238508867172754
1787024963748,0.001381,987507.0,0.001382,2676301.0,0.0013815,7.238508867172754
1787024963749,0.001381,987507.0,0.001382,2669061.0,0.0013815,7.238508867172754
1787024963750,0.001381,987507.0,0.001382,2676301.0,0.0013815,7.238508867172754
1787024963751,0.001381,987507.0,0.001382,2669061.0,0.0013815,7.238508867172754
1787024963752,0.001381,987507.0,0.001382,2676301.0,0.0013815,7.238508867172754
1787024963753,0.001381,987507.0,0.001382,2669061.0,0.0013815,7.238508867172754
1787024963754,0.001381,987507.0,0.001382,2669061.0,0.0013815,7.238508867172754
1787024963755,0.001381,987507.0,0.001382,2676301.0,0.0013815,7.238508867172754
1787024963756,0.001381,987507.0,0.001382,2669061.0,0.0013815,7.238508867172754
1787024963757,0.001381,987507.0,0.001382,2669061.0,0.0013815,7.238508867172754
1787024963758,0.001381,987507.0,0.001382,2676301.0,0.0013815,7.238508867172754
1787024963759,0.001381,987507.0,0.001382,2676301.0,0.0013815,7.238508867172754
1787024963760,0.001381,987507.0,0.001382,2669061.0,0.0013815,7.238508867172754
1787024963761,0.001381,987507.0,0.001382,2676301.0,0.0013815,7.238508867172754
1787024963762,0.001381,987507.0,0.001382,2676301.0,0.0013815,7.238508867172754
1787024963765,0.001381,987507.0,0.001382,2669061.0,0.0013815,7.238508867172754
1787024963767,0.001381,987507.0,0.001382,2669061.0,0.0013815,7.238508867172754
1787024963768,0.001381,987507.0,0.001382,2676301.0,0.0013815,7.238508867172754
1787024963769,0.001381,987507.0,0.001382,2669061.0,0.0013815,7.238508867172754
1787024963770,0.001381,987507.0,0.001382,2676301.0,0.0013815,7.238508867172754
1787024963771,0.001381,987507.0,0.001382,2676301.0,0.0013815,7.238508867172754
1787024963772,0.001381,987507.0,0.001382,2669061.0,0.0013815,7.238508867172754
1787024963773,0.001381,987507.0,0.001382,2669061.0,0.0013815,7.238508867172754
1787024963774,0.001381,987507.0,0.001382,2676301.0,0.0013815,7.238508867172754
1787024963775,0.001381,987507.0,0.001382,2669061.0,0.0013815,7.238508867172754
1787024963776,0.001381,987507.0,0.001382,2669061.0,0.0013815,7.238508867172754
1787024963777,0.001381,987507.0,0.001382,2676301.0,0.0013815,7.238508867172754
1787024963778,0.001381,987507.0,0.001382,2669061.0,0.0013815,7.238508867172754
1787024963782,0.001381,987507.0,0.001382,2683541.0,0.0013815,7.238508867172754
1787024963783,0.001381,987507.0,0.001382,2669061.0,0.0013815,7.238508867172754
1787024963788,0.001381,987507.0,0.001382,2683541.0,0.0013815,7.238508867172754
1787024963789,0.001381,987507.0,0.001382,2669061.0,0.0013815,7.238508867172754
1787024963805,0.001381,987507.0,0.001382,2683541.0,0.0013815,7.238508867172754
1787024963806,0.001381,987507.0,0.001382,2669061.0,0.0013815,7.238508867172754
1787024963808,0.001381,987507.0,0.001382,2683541.0,0.0013815,7.238508867172754
1787024963809,0.001381,987507.0,0.001382,2669061.0,0.0013815,7.238508867172754
1787024963828,0.001381,987507.0,0.001382,2683541.0,0.0013815,7.238508867172754
1787024963829,0.001381,987507.0,0.001382,2669061.0,0.0013815,7.238508867172754
1787024963851,0.001381,987507.0,0.001382,2683541.0,0.0013815,7.238508867172754
1787024963852,0.001381,987507.0,0.001382,2669061.0,0.0013815,7.238508867172754
1787024963884,0.001381,987507.0,0.001382,2683541.0,0.0013815,7.238508867172754
1787024963885,0.001381,987507.0,0.001382,2669061.0,0.0013815,7.238508867172754
1787024963886,0.001381,987507.0,0.001382,2683541.0,0.0013815,7.238508867172754
1787024963887,0.001381,987507.0,0.001382,2669061.0,0.0013815,7.238508867172754
1787024963889,0.001381,987507.0,0.001382,2676301.0,0.0013815,7.238508867172754
1787024963890,0.001381,987507.0,0.001382,2676301.0,0.0013815,7.238508867172754
1787024963891,0.001381,987507.0,0.001382,2669061.0,0.0013815,7.238508867172754
1787024963892,0.001381,987507.0,0.001382,2676301.0,0.0013815,7.238508867172754
1787024963893,0.001381,987507.0,0.001382,2669061.0,0.0013815,7.238508867172754
1787024963894,0.001381,987507.0,0.001382,2676301.0,0.0013815,7.238508867172754
1787024963895,0.001381,987507.0,0.001382,2669061.0,0.0013815,7.238508867172754
1787024963897,0.001381,987507.0,0.001382,2669061.0,0.0013815,7.238508867172754
1787024963899,0.001381,987507.0,0.001382,2676301.0,0.0013815,7.238508867172754
1787024963900,0.001381,999451.0,0.001382,2669061.0,0.0013815,7.238508867172754
1787024963901,0.001381,999451.0,0.001382,2676301.0,0.0013815,7.238508867172754
1787024963902,0.001381,999451.0,0.001382,2676301.0,0.0013815,7.238508867172754
1787024963903,0.001381,997059.0,0.001382,2669061.0,0.0013815,7.238508867172754
1787024963908,0.001381,997059.0,0.001382,2683541.0,0.0013815,7.238508867172754
1787024963909,0.001381,997059.0,0.001382,2669061.0,0.0013815,7.238508867172754
1787024963931,0.001381,997059.0,0.001382,2676301.0,0.0013815,7.238508867172754
1787024963932,0.001381,997059.0,0.001382,2669061.0,0.0013815,7.238508867172754
1787024963971,0.001381,997059.0,0.001382,2683541.0,0.0013815,7.238508867172754
1787024963972,0.001381,997059.0,0.001382,2669061.0,0.0013815,7.238508867172754
1787024963974,0.001381,997059.0,0.001382,2676301.0,0.0013815,7.238508867172754
1787024963975,0.001381,997059.0,0.001382,2669061.0,0.0013815,7.238508867172754
1787024963976,0.001381,997059.0,0.001382,2683541.0,0.0013815,7.238508867172754
1787024963977,0.001381,997059.0,0.001382,2669061.0,0.0013815,7.238508867172754
1787024963979,0.001381,997059.0,0.001382,2676301.0,0.0013815,7.238508867172754
1787024963980,0.001381,997059.0,0.001382,2676301.0,0.0013815,7.238508867172754
1787024963982,0.001381,997059.0,0.001382,2683541.0,0.0013815,7.238508867172754
1787024963983,0.001381,997059.0,0.001382,2669061.0,0.0013815,7.238508867172754
1787024963985,0.001381,997059.0,0.001382,2669061.0,0.0013815,7.238508867172754
1787024963986,0.001381,997059.0,0.001382,2676301.0,0.0013815,7.238508867172754
1787024963987,0.001381,997059.0,0.001382,2669061.0,0.0013815,7.238508867172754
1787024963988,0.001381,997059.0,0.001382,2669061.0,0.0013815,7.238508867172754
1787024963989,0.001381,997059.0,0.001382,2669061.0,0.0013815,7.238508867172754
1787024964019,0.001381,201140.0,0.001382,2669061.0,0.0013815,7.238508867172754
1787024964021,0.001381,65839.0,0.001382,2676301.0,0.0013815,7.238508867172754
1787024964022,0.001381,65839.0,0.001382,2669061.0,0.0013815,7.238508867172754
1787024964023,0.001381,65839.0,0.001382,2676301.0,0.0013815,7.238508867172754
1787024964024,0.001381,65839.0,0.001382,2676301.0,0.0013815,7.238508867172754
1787024964025,0.001381,65839.0,0.001382,2669061.0,0.0013815,7.238508867172754
1787024964027,0.001381,65839.0,0.001382,2676301.0,0.0013815,7.238508867172754
1787024964028,0.001381,65839.0,0.001382,2676301.0,0.0013815,7.238508867172754
1787024964029,0.001381,65839.0,0.001382,2676301.0,0.0013815,7.238508867172754
1787024964030,0.001381,65839.0,0.001382,2669061.0,0.0013815,7.238508867172754
1787024964031,0.001381,65839.0,0.001382,2676301.0,0.0013815,7.238508867172754
1787024964032,0.001381,65839.0,0.001382,2669061.0,0.0013815,7.238508867172754
1787024964036,0.001381,65839.0,0.001382,2676301.0,0.0013815,7.238508867172754
1787024964037,0.001381,65839.0,0.001382,2669061.0,0.0013815,7.238508867172754
1787024964038,0.001381,65839.0,0.001382,2676301.0,0.0013815,7.238508867172754
1787024964039,0.001381,65839.0,0.001382,2676301.0,0.0013815,7.238508867172754
1787024964040,0.001381,65839.0,0.001382,2676301.0,0.0013815,7.238508867172754
1787024964041,0.001381,65839.0,0.001382,2669061.0,0.0013815,7.238508867172754
1787024964042,0.001381,65839.0,0.001382,2676301.0,0.0013815,7.238508867172754
1787024964043,0.001381,65839.0,0.001382,2669061.0,0.0013815,7.238508867172754
1787024964044,0.001381,65839.0,0.001382,2669061.0,0.0013815,7.238508867172754
1787024964045,0.001381,65839.0,0.001382,2676301.0,0.0013815,7.238508867172754
1787024964046,0.001381,65839.0,0.001382,2669061.0,0.0013815,7.238508867172754
1787024964047,0.001381,65839.0,0.001382,2669061.0,0.0013815,7.238508867172754
1787024964048,0.001381,65839.0,0.001382,2676301.0,0.0013815,7.238508867172754
1787024964049,0.001381,65839.0,0.001382,2669061.0,0.0013815,7.238508867172754
1787024964050,0.001381,65839.0,0.001382,2676301.0,0.0013815,7.238508867172754
1787024964051,0.001381,65839.0,0.001382,2669061.0,0.0013815,7.238508867172754
1787024964053,0.001381,65839.0,0.001382,2683541.0,0.0013815,7.238508867172754
1787024964054,0.001381,65839.0,0.001382,2669061.0,0.0013815,7.238508867172754
1787024964056,0.001381,65839.0,0.001382,2669061.0,0.0013815,7.238508867172754
1787024964057,0.001381,65839.0,0.001382,2676301.0,0.0013815,7.238508867172754
1787024964058,0.001381,65839.0,0.001382,2676301.0,0.0013815,7.238508867172754
1787024964059,0.001381,65839.0,0.001382,2669061.0,0.0013815,7.238508867172754
1787024964060,0.001381,65839.0,0.001382,2676301.0,0.0013815,7.238508867172754
1787024964061,0.001381,65839.0,0.001382,2669061.0,0.0013815,7.238508867172754
1787024964062,0.001381,65839.0,0.001382,2669061.0,0.0013815,7.238508867172754
1787024964063,0.001381,65839.0,0.001382,2676301.0,0.0013815,7.238508867172754
1787024964064,0.001381,65839.0,0.001382,2669061.0,0.0013815,7.238508867172754
1787024964066,0.001381,65839.0,0.001382,2676301.0,0.0013815,7.238508867172754
1787024964067,0.001381,65839.0,0.001382,2676301.0,0.0013815,7.238508867172754
1787024964068,0.001381,65839.0,0.001382,2669061.0,0.0013815,7.238508867172754
1787024964069,0.001381,65839.0,0.001382,2676301.0,0.0013815,7.238508867172754
1787024964070,0.001381,65839.0,0.001382,2676301.0,0.0013815,7.238508867172754
1787024964071,0.001381,65839.0,0.001382,2676301.0,0.0013815,7.238508867172754
1787024964072,0.001381,65839.0,0.001382,2669061.0,0.0013815,7.238508867172754
1787024964073,0.001381,65839.0,0.001382,2676301.0,0.0013815,7.238508867172754
1787024964074,0.001381,65839.0,0.001382,2676301.0,0.0013815,7.238508867172754
1787024964075,0.001381,65839.0,0.001382,2676301.0,0.0013815,7.238508867172754
1787024964076,0.001381,65839.0,0.001382,2669061.0,0.0013815,7.238508867172754
1787024964077,0.001381,65839.0,0.001382,2676301.0,0.0013815,7.238508867172754
1787024964078,0.001381,65839.0,0.001382,2669061.0,0.0013815,7.238508867172754
1787024964079,0.001381,65839.0,0.001382,2676301.0,0.0013815,7.238508867172754
1787024964080,0.001381,65839.0,0.001382,2669061.0,0.0013815,7.238508867172754
1787024964081,0.001381,65839.0,0.001382,2676301.0,0.0013815,7.238508867172754
1787024964082,0.001381,65839.0,0.001382,2676301.0,0.0013815,7.238508867172754
1787024964083,0.001381,65839.0,0.001382,2669061.0,0.0013815,7.238508867172754
1787024964084,0.001381,65839.0,0.001382,2676301.0,0.0013815,7.238508867172754
1787024964085,0.001381,65839.0,0.001382,2669061.0,0.0013815,7.238508867172754
1787024964086,0.001381,65839.0,0.001382,2676301.0,0.0013815,7.238508867172754
1787024964087,0.001381,65839.0,0.001382,2669061.0,0.0013815,7.238508867172754
1787024964088,0.001381,65839.0,0.001382,2676301.0,0.0013815,7.238508867172754
1787024964089,0.001381,65839.0,0.001382,2676301.0,0.0013815,7.238508867172754
1787024964091,0.001381,65839.0,0.001382,2676301.0,0.0013815,7.238508867172754
1787024964092,0.001381,65839.0,0.001382,2669061.0,0.0013815,7.238508867172754
1787024964093,0.001381,65839.0,0.001382,2676301.0,0.0013815,7.238508867172754
1787024964094,0.001381,65839.0,0.001382,2676301.0,0.0013815,7.238508867172754
1787024964095,0.001381,65839.0,0.001382,2669061.0,0.0013815,7.238508867172754
1787024964096,0.001381,65839.0,0.001382,2676301.0,0.0013815,7.238508867172754
1787024964097,0.001381,65839.0,0.001382,2676301.0,0.0013815,7.238508867172754
1787024964098,0.001381,65839.0,0.001382,2669061.0,0.0013815,7.238508867172754
1787024964099,0.001381,65839.0,0.001382,2676301.0,0.0013815,7.238508867172754
1787024964100,0.001381,65839.0,0.001382,2676301.0,0.0013815,7.238508867172754
1787024964101,0.001381,65839.0,0.001382,2669061.0,0.0013815,7.238508867172754
1787024964102,0.001381,65839.0,0.001382,2669061.0,0.0013815,7.238508867172754
1787024964103,0.001381,65839.0,0.001382,2676301.0,0.0013815,7.238508867172754
1787024964104,0.001381,65839.0,0.001382,2669061.0,0.0013815,7.238508867172754
1787024964105,0.001381,65839.0,0.001382,2676301.0,0.0013815,7.238508867172754
1787024964106,0.001381,65839.0,0.001382,2676301.0,0.0013815,7.238508867172754
1787024964107,0.001381,65839.0,0.001382,2676301.0,0.0013815,7.238508867172754
1787024964108,0.001381,65839.0,0.001382,2669061.0,0.0013815,7.238508867172754
1787024964109,0.001381,65839.0,0.001382,2676301.0,0.0013815,7.238508867172754
1787024964110,0.001381,65839.0,0.001382,2676301.0,0.0013815,7.238508867172754
1787024964111,0.001381,65839.0,0.001382,2676301.0,0.0013815,7.238508867172754
1787024964112,0.001381,65839.0,0.001382,2669061.0,0.0013815,7.238508867172754
1787024964113,0.001381,65839.0,0.001382,2669061.0,0.0013815,7.238508867172754
1787024964114,0.001381,65839.0,0.001382,2676301.0,0.0013815,7.238508867172754
1787024964115,0.001381,65839.0,0.001382,2676301.0,0.0013815,7.238508867172754
1787024964116,0.001381,65839.0,0.001382,2669061.0,0.0013815,7.238508867172754
1787024964117,0.001381,65839.0,0.001382,2676301.0,0.0013815,7.238508867172754
1787024964118,0.001381,65839.0,0.001382,2676301.0,0.0013815,7.238508867172754
1787024964120,0.001381,65839.0,0.001382,2676301.0,0.0013815,7.238508867172754
1787024964124,0.001381,65839.0,0.001382,2669061.0,0.0013815,7.238508867172754
1787024964126,0.001381,65839.0,0.001382,2683541.0,0.0013815,7.238508867172754
1787024964127,0.001381,65839.0,0.001382,2669061.0,0.0013815,7.238508867172754
1787024964156,0.001381,65839.0,0.001382,2683541.0,0.0013815,7.238508867172754
1787024964157,0.001381,65839.0,0.001382,2669061.0,0.0013815,7.238508867172754
1787024964159,0.001381,65839.0,0.001382,2676301.0,0.0013815,7.238508867172754
1787024964160,0.001381,65839.0,0.001382,2669061.0,0.0013815,7.238508867172754
1787024964192,0.001381,65839.0,0.001382,2669061.0,0.0013815,7.238508867172754
1787024964193,0.001381,65839.0,0.001382,3269061.0,0.0013815,7.238508867172754
1787024964194,0.001381,65839.0,0.001382,3257117.0,0.0013815,7.238508867172754
1787024964195,0.001381,65839.0,0.001382,3269061.0,0.0013815,7.238508867172754
1787024964231,0.001381,954053.0,0.001382,3269061.0,0.0013815,7.238508867172754
1787024964232,0.001381,954053.0,0.001382,2669061.0,0.0013815,7.238508867172754
1787024964334,0.001381,958036.0,0.001382,2669061.0,0.0013815,7.238508867172754
1787024964462,0.001381,958036.0,0.001382,2256615.0,0.0013815,7.238508867172754
1787024964767,0.001381,958036.0,0.001382,2273479.0,0.0013815,7.238508867172754
1787024964806,0.001381,958036.0,0.001382,2277425.0,0.0013815,7.238508867172754
1787024964868,0.001381,958036.0,0.001382,2244594.0,0.0013815,7.238508867172754
1787024964932,0.001381,1167141.0,0.001382,1395350.0,0.0013815,7.238508867172754
1787024964933,0.001381,1167141.0,0.001382,1237698.0,0.0013815,7.238508867172754
1787024964993,0.001381,1164423.0,0.001382,1237698.0,0.0013815,7.238508867172754
1787024964995,0.001381,1164423.0,0.001382,2037698.0,0.0013815,7.238508867172754
1787024964997,0.001381,1164423.0,0.001382,2087186.0,0.0013815,7.238508867172754
1787024964998,0.001381,276209.0,0.001382,2087186.0,0.0013815,7.238508867172754
1787024965000,0.001381,276209.0,0.001382,2087186.0,0.0013815,7.238508867172754
1787024965004,0.001381,67104.0,0.001382,2087186.0,0.0013815,7.238508867172754
1787024965006,0.001381,382.0,0.001382,2087186.0,0.0013815,7.238508867172754
1787024965007,0.001381,382.0,0.001382,2325733.0,0.0013815,7.238508867172754
1787024965008,0.00138,1435713.0,0.001381,425670.0,0.0013805,7.243752263673544
1787024965009,0.00138,965555.0,0.001381,664329.0,0.0013805,7.243752263673544
1787024965010,0.00138,748367.0,0.001381,921911.0,0.0013805,7.243752263673544
1787024965011,0.00138,675903.0,0.001381,972851.0,0.0013805,7.243752263673544
1787024965012,0.00138,603439.0,0.001381,1050828.0,0.0013805,7.243752263673544
1787024965013,0.00138,603439.0,0.001381,1054811.0,0.0013805,7.243752263673544
1787024965014,0.00138,594819.0,0.001381,1054811.0,0.0013805,7.243752263673544
1787024965016,0.00138,588939.0,0.001381,1854811.0,0.0013805,7.243752263673544
1787024965017,0.00138,588939.0,0.001381,1782400.0,0.0013805,7.243752263673544
1787024965049,0.00138,516475.0,0.001381,1782400.0,0.0013805,7.243752263673544
1787024965079,0.00138,407818.0,0.001381,1782400.0,0.0013805,7.243752263673544
1787024965082,0.00138,263047.0,0.001381,1782400.0,0.0013805,7.243752263673544
1787024965083,0.00138,214570.0,0.001381,1782400.0,0.0013805,7.243752263673544
1787024965084,0.00138,142106.0,0.001381,1782400.0,0.0013805,7.243752263673544
1787024965085,0.00138,19770.0,0.001381,1782400.0,0.0013805,7.243752263673544
1787024965095,0.00138,19770.0,0.001381,1796893.0,0.0013805,7.243752263673544
1787024965102,0.00138,68247.0,0.001381,1796893.0,0.0013805,7.243752263673544
1787024965158,0.00138,68247.0,0.001381,1808846.0,0.0013805,7.243752263673544
1787024965159,0.00138,80200.0,0.001381,1808846.0,0.0013805,7.243752263673544
1787024965260,0.00138,84186.0,0.001381,1808846.0,0.0013805,7.243752263673544
1787024965262,0.00138,932376.0,0.001381,1808846.0,0.0013805,7.243752263673544
1787024965263,0.00138,932376.0,0.001381,2539954.0,0.0013805,7.243752263673544
1787024965271,0.00138,932376.0,0.001381,2589478.0,0.0013805,7.243752263673544
1787024965344,0.00138,928397.0,0.001381,2589478.0,0.0013805,7.243752263673544
1787024965384,0.00138,1462906.0,0.001381,2589478.0,0.0013805,7.243752263673544
1787024965385,0.00138,1450962.0,0.001381,2589478.0,0.0013805,7.243752263673544
1787024965437,0.00138,2474888.0,0.001381,2589478.0,0.0013805,7.243752263673544
1787024965438,0.00138,2474888.0,0.001382,2923041.0,0.0013809999999999998,14.482259232440615
1787024965440,0.001381,691778.0,0.001382,1963964.0,0.0013815,7.238508867172754
1787024965441,0.001381,1226287.0,0.001382,1242285.0,0.0013815,7.238508867172754
1787024965454,0.001381,1229908.0,0.001382,1242285.0,0.0013815,7.238508867172754
1787024965498,0.001381,1229908.0,0.001382,1256762.0,0.0013815,7.238508867172754
1787024965543,0.001381,1208793.0,0.001382,1256762.0,0.0013815,7.238508867172754
1787024965544,0.001381,1208793.0,0.001382,1268706.0,0.0013815,7.238508867172754
1787024965618,0.001381,1220737.0,0.001382,1268706.0,0.0013815,7.238508867172754
1787024965658,0.001381,2096677.0,0.001382,2112568.0,0.0013815,7.238508867172754
1787024966127,0.001381,2093448.0,0.001382,2112568.0,0.0013815,7.238508867172754
1787024966186,0.001381,2097431.0,0.001382,2112568.0,0.0013815,7.238508867172754
1787024967127,0.001381,2097431.0,0.001382,2117285.0,0.0013815,7.238508867172754
1787024967128,0.001381,2097431.0,0.001382,2164052.0,0.0013815,7.238508867172754
1787024967191,0.001381,2091531.0,0.001382,2164052.0,0.0013815,7.238508867172754
1787024967673,0.001381,2090874.0,0.001382,2164052.0,0.0013815,7.238508867172754
1787024967998,0.001381,2090874.0,0.001382,2174834.0,0.0013815,7.238508867172754
1787024968018,0.001381,2090874.0,0.001382,1941874.0,0.0013815,7.238508867172754
1787024968019,0.001381,2090874.0,0.001382,1098012.0,0.0013815,7.238508867172754
1787024968021,0.001381,2090874.0,0.001382,1098012.0,0.0013815,7.238508867172754
1787024968231,0.001381,2088104.0,0.001382,1098012.0,0.0013815,7.238508867172754
1787024968295,0.001381,2095342.0,0.001382,1098012.0,0.0013815,7.238508867172754
1787024968296,0.001381,2095342.0,0.001382,1949254.0,0.0013815,7.238508867172754
1787024968304,0.001381,3502399.0,0.001382,1949254.0,0.0013815,7.238508867172754
1787024968305,0.001381,3502399.0,0.001382,1949254.0,0.0013815,7.238508867172754
1787024969401,0.001381,2626459.0,0.001382,1949254.0,0.0013815,7.238508867172754
1787024969402,0.001381,598731.0,0.001382,1949254.0,0.0013815,7.238508867172754
1787024969403,0.00138,2984566.0,0.001381,994930.0,0.0013805,7.243752263673544
1787024969404,0.00138,2913586.0,0.001381,1016569.0,0.0013805,7.243752263673544
1787024969405,0.00138,3058408.0,0.001381,1078118.0,0.0013805,7.243752263673544
1787024969406,0.00138,2949751.0,0.001381,1078118.0,0.0013805,7.243752263673544
1787024969407,0.00138,2732563.0,0.001381,1056224.0,0.0013805,7.243752263673544
1787024969408,0.00138,2732563.0,0.001381,1104701.0,0.0013805,7.243752263673544
1787024969409,0.00138,2378687.0,0.001381,1224244.0,0.0013805,7.243752263673544
1787024969411,0.00138,2378687.0,0.001381,1824244.0,0.0013805,7.243752263673544
1787024969418,0.00138,2378687.0,0.001381,1224244.0,0.0013805,7.243752263673544
1787024969429,0.00138,2373135.0,0.001381,1224244.0,0.0013805,7.243752263673544
1787024969430,0.00138,2373135.0,0.001381,1227865.0,0.0013805,7.243752263673544
1787024969431,0.00138,2373135.0,0.001381,76032.0,0.0013805,7.243752263673544
1787024969432,0.00138,2373135.0,0.001381,48477.0,0.0013805,7.243752263673544
1787024969433,0.00138,2592766.0,0.001381,48477.0,0.0013805,7.243752263673544
1787024969434,0.001381,690129.0,0.001382,2220705.0,0.0013815,7.238508867172754
1787024969435,0.001381,738606.0,0.001382,1881764.0,0.0013815,7.238508867172754
1787024969436,0.001381,738606.0,0.001382,2000872.0,0.0013815,7.238508867172754
1787024969437,0.001381,738606.0,0.001382,2107979.0,0.0013815,7.238508867172754
1787024969441,0.001381,738606.0,0.001382,1988871.0,0.0013815,7.238508867172754
1787024969442,0.001381,738606.0,0.001382,1881764.0,0.0013815,7.238508867172754
1787024969462,0.001381,712181.0,0.001382,1881764.0,0.0013815,7.238508867172754
1787024969478,0.001381,663704.0,0.001382,1881764.0,0.0013815,7.238508867172754
1787024969479,0.00138,2596749.0,0.001382,1881764.0,0.0013809999999999998,14.482259232440615
1787024969480,0.00138,2592766.0,0.001381,413081.0,0.0013805,7.243752263673544
1787024969481,0.00138,2592766.0,0.001381,853098.0,0.0013805,7.243752263673544
1787024969482,0.00138,2592766.0,0.001381,973986.0,0.0013805,7.243752263673544
1787024969483,0.00138,2373135.0,0.001381,973986.0,0.0013805,7.243752263673544
1787024969484,0.00138,2373135.0,0.001381,1022463.0,0.0013805,7.243752263673544
1787024969489,0.00138,1513164.0,0.001381,1022463.0,0.0013805,7.243752263673544
1787024969490,0.00138,1513164.0,0.001381,1894874.0,0.0013805,7.243752263673544
1787024969491,0.00138,1513164.0,0.001381,2358187.0,0.0013805,7.243752263673544
1787024969503,0.00138,1513164.0,0.001381,2309710.0,0.0013805,7.243752263673544
1787024969504,0.00138,1732795.0,0.001381,1046397.0,0.0013805,7.243752263673544
1787024969505,0.00138,1732795.0,0.001381,899177.0,0.0013805,7.243752263673544
1787024969507,0.00138,1732795.0,0.001381,978792.0,0.0013805,7.243752263673544
1787024969509,0.00138,1744748.0,0.001381,990745.0,0.0013805,7.243752263673544
1787024969522,0.001379,2278388.0,0.00138,465658.0,0.0013795,7.2490032620508575
1787024969523,0.001379,1948814.0,0.00138,692059.0,0.0013795,7.2490032620508575
1787024969524,0.001379,1370755.0,0.00138,446787.0,0.0013795,7.2490032620508575
1787024969525,0.001379,1225723.0,0.00138,528144.0,0.0013795,7.2490032620508575
1787024969526,0.001379,1080691.0,0.00138,397052.0,0.0013795,7.2490032620508575
1787024969527,0.001379,1008175.0,0.00138,350220.0,0.0013795,7.2490032620508575
1787024969533,0.001379,863143.0,0.00138,350220.0,0.0013795,7.2490032620508575
1787024969535,0.001379,790627.0,0.00138,350220.0,0.0013795,7.2490032620508575
1787024969537,0.001379,790627.0,0.00138,569851.0,0.0013795,7.2490032620508575
1787024969539,0.001379,718111.0,0.00138,569851.0,0.0013795,7.2490032620508575
1787024969540,0.001379,718111.0,0.00138,642315.0,0.0013795,7.2490032620508575
1787024969546,0.001379,718111.0,0.00138,689147.0,0.0013795,7.2490032620508575
1787024969550,0.001379,706167.0,0.00138,689147.0,0.0013795,7.2490032620508575
1787024969554,0.001379,561396.0,0.00138,689147.0,0.0013795,7.2490032620508575
1787024969556,0.001379,561396.0,0.00138,1489147.0,0.0013795,7.2490032620508575
1787024969558,0.001379,83981.0,0.00138,1489147.0,0.0013795,7.2490032620508575
1787024969559,0.001379,11465.0,0.00138,1489147.0,0.0013795,7.2490032620508575
1787024969561,0.001379,11465.0,0.00138,1497850.0,0.0013795,7.2490032620508575
1787024969586,0.001379,59942.0,0.00138,651018.0,0.0013795,7.2490032620508575
1787024969588,0.001379,279573.0,0.00138,569661.0,0.0013795,7.2490032620508575
1787024969589,0.001379,279573.0,0.00138,649987.0,0.0013795,7.2490032620508575
1787024969590,0.001379,352089.0,0.00138,649987.0,0.0013795,7.2490032620508575
1787024969591,0.001379,352089.0,0.00138,745296.0,0.0013795,7.2490032620508575
1787024969598,0.001379,352089.0,0.00138,824768.0,0.0013795,7.2490032620508575
1787024969603,0.001379,941958.0,0.00138,1574470.0,0.0013795,7.2490032620508575
1787024969605,0.001379,917919.0,0.00138,1574470.0,0.0013795,7.2490032620508575
1787024969615,0.001379,917919.0,0.00138,1494144.0,0.0013795,7.2490032620508575
1787024969699,0.001379,929880.0,0.00138,1506105.0,0.0013795,7.2490032620508575
1787024969701,0.001379,929880.0,0.00138,1457628.0,0.0013795,7.2490032620508575
1787024969753,0.001379,920557.0,0.00138,1457628.0,0.0013795,7.2490032620508575
1787024970060,0.001379,920557.0,0.00138,441463.0,0.0013795,7.2490032620508575
1787024970062,0.00138,181159.0,0.001381,3287007.0,0.0013805,7.243752263673544
1787024970063,0.00138,181159.0,0.001381,2576839.0,0.0013805,7.243752263673544
1787024970065,0.00138,229636.0,0.001381,2576839.0,0.0013805,7.243752263673544
1787024970073,0.00138,48477.0,0.001381,2576839.0,0.0013805,7.243752263673544
1787024970074,0.00138,48477.0,0.001381,2734847.0,0.0013805,7.243752263673544
1787024970099,0.00138,48477.0,0.001381,2749340.0,0.0013805,7.243752263673544
1787024970137,0.00138,268108.0,0.001381,2700863.0,0.0013805,7.243752263673544
1787024970138,0.00138,268108.0,0.001381,1334121.0,0.0013805,7.243752263673544
1787024970139,0.00138,268108.0,0.001381,1105833.0,0.0013805,7.243752263673544
1787024970144,0.00138,340572.0,0.001381,1178244.0,0.0013805,7.243752263673544
1787024970262,0.00138,1238052.0,0.001381,1935239.0,0.0013805,7.243752263673544
1787024970263,0.00138,1165588.0,0.001381,1777231.0,0.0013805,7.243752263673544
1787024970264,0.00138,1165588.0,0.001381,1704820.0,0.0013805,7.243752263673544
1787024970298,0.00138,1172831.0,0.001381,1704820.0,0.0013805,7.243752263673544
1787024970330,0.00138,1176817.0,0.001381,1704820.0,0.0013805,7.243752263673544
1787024970331,0.00138,1176817.0,0.001381,1708803.0,0.0013805,7.243752263673544
1787024970349,0.00138,1176817.0,0.001381,1704821.0,0.0013805,7.243752263673544
1787024970395,0.00138,1188770.0,0.001381,1716774.0,0.0013805,7.243752263673544
1787024970533,0.00138,1182843.0,0.001381,1716774.0,0.0013805,7.243752263673544
1787024970623,0.00138,1182843.0,0.001381,1768515.0,0.0013805,7.243752263673544
1787024970624,0.00138,1182843.0,0.001382,2280107.0,0.0013809999999999998,14.482259232440615
1787024970625,0.001381,461558.0,0.001382,2276311.0,0.0013815,7.238508867172754
1787024970626,0.001381,461558.0,0.001382,3049384.0,0.0013815,7.238508867172754
1787024970627,0.001381,1289987.0,0.001382,1787386.0,0.0013815,7.238508867172754
1787024970628,0.001381,1289987.0,0.001382,1820639.0,0.0013815,7.238508867172754
1787024970629,0.001381,1289987.0,0.001382,1772162.0,0.0013815,7.238508867172754
1787024970632,0.001381,1289987.0,0.001382,1738014.0,0.0013815,7.238508867172754
1787024970695,0.001381,1289987.0,0.001382,1752492.0,0.0013815,7.238508867172754
1787024970726,0.001381,1289987.0,0.001382,1764436.0,0.0013815,7.238508867172754
1787024970735,0.001381,1301931.0,0.001382,1764436.0,0.0013815,7.238508867172754
1787024970781,0.001381,1301931.0,0.001382,1694661.0,0.0013815,7.238508867172754
1787024970783,0.001381,1521562.0,0.001382,1694661.0,0.0013815,7.238508867172754
1787024970996,0.001381,1521562.0,0.001382,916723.0,0.0013815,7.238508867172754
1787024970997,0.001381,1521562.0,0.001382,707618.0,0.0013815,7.238508867172754
1787024971216,0.001381,1521562.0,0.001382,1508592.0,0.0013815,7.238508867172754
1787024971217,0.001381,1521562.0,0.001382,1508592.0,0.0013815,7.238508867172754
1787024971256,0.001381,1525545.0,0.001382,1508592.0,0.0013815,7.238508867172754
1787024971295,0.001381,1532783.0,0.001382,1508592.0,0.0013815,7.238508867172754
1787024971403,0.001381,2067292.0,0.001382,1508592.0,0.0013815,7.238508867172754
1787024971405,0.001381,2067292.0,0.001382,1512851.0,0.0013815,7.238508867172754
1787024971656,0.001381,2034362.0,0.001382,1512851.0,0.0013815,7.238508867172754
1787024971683,0.001381,2031092.0,0.001382,1512851.0,0.0013815,7.238508867172754
1787024971798,0.001381,2023854.0,0.001382,1512851.0,0.0013815,7.238508867172754
1787024971820,0.001381,2023854.0,0.001382,1133950.0,0.0013815,7.238508867172754
1787024971822,0.001381,2023854.0,0.001382,332976.0,0.0013815,7.238508867172754
1787024971823,0.001381,2023854.0,0.001382,224400.0,0.0013815,7.238508867172754
1787024972194,0.001381,2023854.0,0.001382,1128532.0,0.0013815,7.238508867172754
1787024972195,0.001381,2023854.0,0.001382,1128532.0,0.0013815,7.238508867172754
1787024972299,0.001381,2031092.0,0.001382,1128532.0,0.0013815,7.238508867172754
1787024972520,0.001381,1956311.0,0.001382,1128532.0,0.0013815,7.238508867172754
1787024972522,0.001381,1956311.0,0.001382,1348163.0,0.0013815,7.238508867172754
1787024972693,0.001381,1954072.0,0.001382,1348163.0,0.0013815,7.238508867172754
1787024972798,0.001381,1946834.0,0.001382,1348163.0,0.0013815,7.238508867172754
1787024973063,0.001381,1946834.0,0.001382,1309090.0,0.0013815,7.238508867172754
1787024973064,0.001381,1946834.0,0.001382,408938.0,0.0013815,7.238508867172754
1787024973065,0.001381,1946834.0,0.001382,445471.0,0.0013815,7.238508867172754
1787024973074,0.001381,1946834.0,0.001382,587966.0,0.0013815,7.238508867172754
1787024973097,0.001381,1946834.0,0.001382,719336.0,0.0013815,7.238508867172754
1787024973117,0.001381,1946834.0,0.001382,731280.0,0.0013815,7.238508867172754
1787024973265,0.001381,1946834.0,0.001382,1518225.0,0.0013815,7.238508867172754
1787024973267,0.001381,1946834.0,0.001382,1518225.0,0.0013815,7.238508867172754
1787024973296,0.001381,1954072.0,0.001382,1518225.0,0.0013815,7.238508867172754
1787024973530,0.001381,1954072.0,0.001382,731280.0,0.0013815,7.238508867172754
1787024973532,0.001381,1954072.0,0.001382,779757.0,0.0013815,7.238508867172754
1787024973533,0.001381,1954072.0,0.001382,560126.0,0.0013815,7.238508867172754
1787024973735,0.001381,1949857.0,0.001382,560126.0,0.0013815,7.238508867172754
1787024973795,0.001381,1942619.0,0.001382,560126.0,0.0013815,7.238508867172754
1787024973838,0.001381,1942619.0,0.001382,1392267.0,0.0013815,7.238508867172754
1787024973840,0.001381,1942619.0,0.001382,1392267.0,0.0013815,7.238508867172754
1787024973903,0.001381,1935177.0,0.001382,1392267.0,0.0013815,7.238508867172754
1787024973931,0.001381,1916753.0,0.001382,1392267.0,0.0013815,7.238508867172754
1787024974097,0.001381,1916753.0,0.001382,1260897.0,0.0013815,7.238508867172754
1787024974153,0.001381,1921136.0,0.001382,1260897.0,0.0013815,7.238508867172754
1787024974301,0.001381,1928374.0,0.001382,1260897.0,0.0013815,7.238508867172754
1787024974501,0.001381,2002113.0,0.001382,1260897.0,0.0013815,7.238508867172754
1787024974604,0.001381,2002113.0,0.001382,1274092.0,0.0013815,7.238508867172754
1787024974730,0.001381,2002113.0,0.001382,1493723.0,0.0013815,7.238508867172754
1787024974759,0.001381,2002113.0,0.001382,1499559.0,0.0013815,7.238508867172754
1787024974798,0.001381,1994875.0,0.001382,1499559.0,0.0013815,7.238508867172754
1787024974825,0.001381,1961051.0,0.001382,1499559.0,0.0013815,7.238508867172754
1787024974853,0.001381,1956458.0,0.001382,1499559.0,0.0013815,7.238508867172754
1787024974859,0.001381,1204061.0,0.001382,1499559.0,0.0013815,7.238508867172754
1787024974861,0.001381,996374.0,0.001382,1499559.0,0.0013815,7.238508867172754
1787024974862,0.001381,984430.0,0.001382,1499559.0,0.0013815,7.238508867172754
1787024974969,0.001381,984430.0,0.001382,1464353.0,0.0013815,7.238508867172754
1787024974971,0.001381,1204061.0,0.001382,412581.0,0.0013815,7.238508867172754
1787024974973,0.001381,1204061.0,0.001382,112760.0,0.0013815,7.238508867172754
1787024974974,0.001381,1804061.0,0.001382,116740.0,0.0013815,7.238508867172754
1787024974975,0.001381,1804061.0,0.001382,165217.0,0.0013815,7.238508867172754
1787024974978,0.001381,1204061.0,0.001382,165217.0,0.0013815,7.238508867172754
1787024974979,0.001381,1192117.0,0.001382,165217.0,0.0013815,7.238508867172754
1787024974995,0.001381,1192117.0,0.001382,384848.0,0.0013815,7.238508867172754
1787024974996,0.001381,1192117.0,0.001382,605234.0,0.0013815,7.238508867172754
1787024975023,0.001381,1192117.0,0.001382,610663.0,0.0013815,7.238508867172754
1787024975083,0.001381,1204061.0,0.001382,622607.0,0.0013815,7.238508867172754
1787024975100,0.001381,1204061.0,0.001382,753715.0,0.0013815,7.238508867172754
1787024975154,0.001381,1204061.0,0.001382,708463.0,0.0013815,7.238508867172754
1787024975157,0.001381,1204061.0,0.001382,746865.0,0.0013815,7.238508867172754
1787024975177,0.001381,2014443.0,0.001382,746865.0,0.0013815,7.238508867172754
1787024975178,0.001381,1976058.0,0.001382,746865.0,0.0013815,7.238508867172754
1787024975179,0.001381,1976058.0,0.001382,734921.0,0.0013815,7.238508867172754
1787024975207,0.001381,1976058.0,0.001382,746865.0,0.0013815,7.238508867172754
1787024975208,0.001381,1983071.0,0.001382,746865.0,0.0013815,7.238508867172754
1787024975300,0.001381,1990309.0,0.001382,746865.0,0.0013815,7.238508867172754
1787024975382,0.001381,1990309.0,0.001382,1545556.0,0.0013815,7.238508867172754
1787024975383,0.001381,1990309.0,0.001382,1545556.0,0.0013815,7.238508867172754
1787024976099,0.001381,1984156.0,0.001382,1414448.0,0.0013815,7.238508867172754
1787024976100,0.001381,1984156.0,0.001382,1462575.0,0.0013815,7.238508867172754
1787024976886,0.001381,1984156.0,0.001382,615757.0,0.0013815,7.238508867172754
1787024976889,0.001381,1984156.0,0.001382,396126.0,0.0013815,7.238508867172754
1787024977048,0.001381,2784156.0,0.001382,396126.0,0.0013815,7.238508867172754
1787024977049,0.001381,2784156.0,0.001382,175740.0,0.0013815,7.238508867172754
1787024977050,0.001381,2784156.0,0.001382,78786.0,0.0013815,7.238508867172754
1787024977051,0.001381,2851153.0,0.001382,66842.0,0.0013815,7.238508867172754
1787024977052,0.001381,2851153.0,0.001382,78786.0,0.0013815,7.238508867172754
1787024977145,0.001381,2846946.0,0.001382,78786.0,0.0013815,7.238508867172754
1787024977802,0.001381,2877463.0,0.001382,78786.0,0.0013815,7.238508867172754
1787024977911,0.001381,2077463.0,0.001382,78786.0,0.0013815,7.238508867172754
1787024977967,0.001381,2068774.0,0.001382,78786.0,0.0013815,7.238508867172754
1787024978097,0.001381,2121921.0,0.001382,78786.0,0.0013815,7.238508867172754
1787024978098,0.001381,2252554.0,0.001382,78786.0,0.0013815,7.238508867172754
1787024978099,0.001381,2222037.0,0.001382,78786.0,0.0013815,7.238508867172754
1787024978243,0.001381,2216311.0,0.001382,78786.0,0.0013815,7.238508867172754
1787024978485,0.001381,2207086.0,0.001382,78786.0,0.0013815,7.238508867172754
1787024978610,0.001381,2207086.0,0.001382,127263.0,0.0013815,7.238508867172754
1787024978612,0.001381,2207086.0,0.001382,175740.0,0.0013815,7.238508867172754
1787024978613,0.001381,2207086.0,0.001382,163796.0,0.0013815,7.238508867172754
1787024978614,0.001381,2207086.0,0.001382,175740.0,0.0013815,7.238508867172754
1787024978797,0.001381,2199848.0,0.001382,175740.0,0.0013815,7.238508867172754
1787024978976,0.001381,2194151.0,0.001382,175740.0,0.0013815,7.238508867172754
1787024979097,0.001381,2010371.0,0.001382,175740.0,0.0013815,7.238508867172754
1787024979298,0.001381,2017609.0,0.001382,175740.0,0.0013815,7.238508867172754
1787024979390,0.001381,2017609.0,0.001382,78786.0,0.0013815,7.238508867172754
1787024979391,0.001382,467787.0,0.001383,2499392.0,0.0013825,7.233273056057258
1787024979392,0.001382,620378.0,0.001383,2357093.0,0.0013825,7.233273056057258
1787024979393,0.001382,2538276.0,0.001383,1344112.0,0.0013825,7.233273056057258
1787024979394,0.001382,1026447.0,0.001383,1344112.0,0.0013825,7.233273056057258
1787024979396,0.001382,1000047.0,0.001383,1344112.0,0.0013825,7.233273056057258
1787024979498,0.001382,1011982.0,0.001383,1356047.0,0.0013825,7.233273056057258
1787024979573,0.001382,1007824.0,0.001383,1356047.0,0.0013825,7.233273056057258
1787024979587,0.001382,1003348.0,0.001383,1356047.0,0.0013825,7.233273056057258
1787024979595,0.001382,1790027.0,0.001383,1356047.0,0.0013825,7.233273056057258
1787024979652,0.001382,2009658.0,0.001383,1356047.0,0.0013825,7.233273056057258
1787024979653,0.001382,2009658.0,0.001383,1356047.0,0.0013825,7.233273056057258
1787024979798,0.001382,2016891.0,0.001383,1356047.0,0.0013825,7.233273056057258
1787024980152,0.001382,2021878.0,0.001383,1356047.0,0.0013825,7.233273056057258
1787024980297,0.001382,2021878.0,0.001383,1322791.0,0.0013825,7.233273056057258
1787024980426,0.001382,2021878.0,0.001383,563246.0,0.0013825,7.233273056057258
1787024980427,0.001382,2021878.0,0.001383,305664.0,0.0013825,7.233273056057258
1787024980671,0.001382,2018676.0,0.001383,305664.0,0.0013825,7.233273056057258
1787024980791,0.001382,2018676.0,0.001383,1043304.0,0.0013825,7.233273056057258
1787024980792,0.001382,2018676.0,0.001383,1031369.0,0.0013825,7.233273056057258
1787024980793,0.001382,2018676.0,0.001383,1299477.0,0.0013825,7.233273056057258
1787024980796,0.001382,2011443.0,0.001383,1299477.0,0.0013825,7.233273056057258
1787024981058,0.001382,2011443.0,0.001383,1417899.0,0.0013825,7.233273056057258
1787024981077,0.001382,2011443.0,0.001383,4672633.0,0.0013825,7.233273056057258
1787024981079,0.001382,1791812.0,0.001383,4672633.0,0.0013825,7.233273056057258
1787024981171,0.001382,1763013.0,0.001383,4672633.0,0.0013825,7.233273056057258
1787024981174,0.001382,1763013.0,0.001383,4684568.0,0.0013825,7.233273056057258
1787024981796,0.001382,1763013.0,0.001383,4691801.0,0.0013825,7.233273056057258
1787024981834,0.001382,1763013.0,0.001383,4754932.0,0.0013825,7.233273056057258
1787024981856,0.001382,1851290.0,0.001383,4754932.0,0.0013825,7.233273056057258
1787024981861,0.001382,1846573.0,0.001383,4754932.0,0.0013825,7.233273056057258
1787024981931,0.001382,2066204.0,0.001383,4754932.0,0.0013825,7.233273056057258
1787024981933,0.001382,2066204.0,0.001383,3797661.0,0.0013825,7.233273056057258
1787024981957,0.001382,2066204.0,0.001383,3785717.0,0.0013825,7.233273056057258
1787024981967,0.001382,2066204.0,0.001383,3773773.0,0.0013825,7.233273056057258
1787024981981,0.001382,2066204.0,0.001383,3725296.0,0.0013825,7.233273056057258
1787024982132,0.001382,2066204.0,0.001383,4552567.0,0.0013825,7.233273056057258
1787024982251,0.001382,2066204.0,0.001383,4558264.0,0.0013825,7.233273056057258
1787024982252,0.001382,2603600.0,0.001383,4558264.0,0.0013825,7.233273056057258
1787024982297,0.001382,2603600.0,0.001383,4551031.0,0.0013825,7.233273056057258
1787024982806,0.001382,2603600.0,0.001383,3723760.0,0.0013825,7.233273056057258
1787024982829,0.001382,2603600.0,0.001383,3660629.0,0.0013825,7.233273056057258
1787024982953,0.001382,2600681.0,0.001383,3660629.0,0.0013825,7.233273056057258
1787024983008,0.001382,2600681.0,0.001383,4406721.0,0.0013825,7.233273056057258
1787024983298,0.001382,2607914.0,0.001383,4406721.0,0.0013825,7.233273056057258
1787024983306,0.001382,2607914.0,0.001383,4679126.0,0.0013825,7.233273056057258
1787024983508,0.001382,2607914.0,0.001383,3882931.0,0.0013825,7.233273056057258
1787024983718,0.001382,2607914.0,0.001383,3887076.0,0.0013825,7.233273056057258
1787024983730,0.001382,2607914.0,0.001383,4795194.0,0.0013825,7.233273056057258
1787024983731,0.001382,2607914.0,0.001383,4783259.0,0.0013825,7.233273056057258
1787024983732,0.001382,2607914.0,0.001383,4795194.0,0.0013825,7.233273056057258
1787024983798,0.001382,2600681.0,0.001383,4802427.0,0.0013825,7.233273056057258
1787024983799,0.001382,2381050.0,0.001383,5022058.0,0.0013825,7.233273056057258
1787024983800,0.001382,1594371.0,0.001383,5022058.0,0.0013825,7.233273056057258
1787024983801,0.001381,1126310.0,0.001382,92383.0,0.0013815,7.238508867172754
1787024983802,0.001381,666502.0,0.001382,665071.0,0.0013815,7.238508867172754
1787024983803,0.001381,662881.0,0.001382,706674.0,0.0013815,7.238508867172754
1787024983804,0.001381,735292.0,0.001382,706674.0,0.0013815,7.238508867172754
1787024983807,0.001381,515661.0,0.001382,706674.0,0.0013815,7.238508867172754
1787024983809,0.001381,515661.0,0.001382,1609358.0,0.0013815,7.238508867172754
1787024983810,0.001381,515661.0,0.001382,1174498.0,0.0013815,7.238508867172754
1787024983811,0.001381,443250.0,0.001382,1174498.0,0.0013815,7.238508867172754
1787024983812,0.001381,394773.0,0.001382,1174498.0,0.0013815,7.238508867172754
1787024983814,0.001381,394773.0,0.001382,1632034.0,0.0013815,7.238508867172754
1787024983816,0.001381,213786.0,0.001382,1632034.0,0.0013815,7.238508867172754
1787024983817,0.001381,96670.0,0.001382,1632034.0,0.0013815,7.238508867172754
1787024983819,0.00138,2101216.0,0.001381,668791.0,0.0013805,7.243752263673544
1787024983820,0.00138,626549.0,0.001381,418292.0,0.0013805,7.243752263673544
1787024983821,0.00138,626549.0,0.001381,483655.0,0.0013805,7.243752263673544
1787024983824,0.00138,626549.0,0.001381,703286.0,0.0013805,7.243752263673544
1787024983825,0.00138,626549.0,0.001381,751763.0,0.0013805,7.243752263673544
1787024983827,0.00138,626549.0,0.001381,703286.0,0.0013805,7.243752263673544
1787024983836,0.00138,406163.0,0.001381,703286.0,0.0013805,7.243752263673544
1787024983878,0.00138,378339.0,0.001381,703286.0,0.0013805,7.243752263673544
1787024983880,0.00138,378339.0,0.001381,1503286.0,0.0013805,7.243752263673544
1787024983881,0.00138,71518.0,0.001381,1551763.0,0.0013805,7.243752263673544
1787024983883,0.00138,119995.0,0.001381,1551763.0,0.0013805,7.243752263673544
1787024983898,0.00138,119995.0,0.001381,1566255.0,0.0013805,7.243752263673544
1787024983911,0.00138,339626.0,0.001381,717778.0,0.0013805,7.243752263673544
1787024983970,0.00138,339626.0,0.001381,1517778.0,0.0013805,7.243752263673544
1787024984007,0.00138,1226345.0,0.001381,2317972.0,0.0013805,7.243752263673544
1787024984038,0.00138,1238298.0,0.001381,2329925.0,0.0013805,7.243752263673544
1787024984353,0.00138,1234429.0,0.001381,2329925.0,0.0013805,7.243752263673544
1787024984542,0.00138,1182688.0,0.001381,2329925.0,0.0013805,7.243752263673544
1787024984656,0.00138,1182688.0,0.001381,1529925.0,0.0013805,7.243752263673544
1787024984728,0.00138,1182688.0,0.001381,1533908.0,0.0013805,7.243752263673544
1787024984799,0.00138,1182688.0,0.001381,1541151.0,0.0013805,7.243752263673544
1787024985125,0.00138,1188008.0,0.001381,1541151.0,0.0013805,7.243752263673544
1787024985298,0.00138,1188008.0,0.001381,1533908.0,0.0013805,7.243752263673544
1787024985503,0.00138,1185258.0,0.001381,1533908.0,0.0013805,7.243752263673544
1787024985504,0.00138,1175947.0,0.001381,1762196.0,0.0013805,7.243752263673544
1787024985505,0.00138,1175947.0,0.001381,1533908.0,0.0013805,7.243752263673544
1787024985673,0.00138,1179933.0,0.001381,1533908.0,0.0013805,7.243752263673544
1787024985797,0.00138,1179933.0,0.001381,1541151.0,0.0013805,7.243752263673544
1787024985807,0.00138,1714442.0,0.001381,1541151.0,0.0013805,7.243752263673544
1787024985809,0.00138,827723.0,0.001381,1541151.0,0.0013805,7.243752263673544
1787024985813,0.00138,827723.0,0.001381,1541151.0,0.0013805,7.243752263673544
1787024985899,0.00138,827723.0,0.001381,437412.0,0.0013805,7.243752263673544
1787024985900,0.00138,1845048.0,0.001381,60430.0,0.0013805,7.243752263673544
1787024985901,0.001381,675912.0,0.001382,1777024.0,0.0013815,7.238508867172754
1787024985902,0.001381,539232.0,0.001382,1548736.0,0.0013815,7.238508867172754
1787024985903,0.001381,1293372.0,0.001382,780885.0,0.0013815,7.238508867172754
1787024985904,0.001381,1293372.0,0.001382,728423.0,0.0013815,7.238508867172754
1787024985905,0.001381,1293372.0,0.001382,700499.0,0.0013815,7.238508867172754
1787024985972,0.001382,265802.0,0.001383,5813307.0,0.0013825,7.233273056057258
1787024985973,0.001382,52796.0,0.001383,5813307.0,0.0013825,7.233273056057258
1787024985974,0.001382,924042.0,0.001383,4474665.0,0.0013825,7.233273056057258
1787024985975,0.001382,565752.0,0.001383,4474665.0,0.0013825,7.233273056057258
1787024985980,0.001382,565752.0,0.001383,4439163.0,0.0013825,7.233273056057258
1787024985994,0.001382,565752.0,0.001383,4296865.0,0.0013825,7.233273056057258
1787024985995,0.001382,565752.0,0.001383,4154567.0,0.0013825,7.233273056057258
1787024985998,0.001382,565752.0,0.001383,4169038.0,0.0013825,7.233273056057258
1787024986044,0.001382,783077.0,0.001383,4169038.0,0.0013825,7.233273056057258
1787024986046,0.001382,1317586.0,0.001383,4169038.0,0.0013825,7.233273056057258
1787024986079,0.001382,1317586.0,0.001383,3985106.0,0.0013825,7.233273056057258
1787024986080,0.001382,1329521.0,0.001383,3997041.0,0.0013825,7.233273056057258
1787024986097,0.001382,1512544.0,0.001383,3997041.0,0.0013825,7.233273056057258
1787024986107,0.001382,2338638.0,0.001383,3997041.0,0.0013825,7.233273056057258
1787024986109,0.001382,2338638.0,0.001383,3839191.0,0.0013825,7.233273056057258
1787024986173,0.001382,2338638.0,0.001383,4627606.0,0.0013825,7.233273056057258
1787024986238,0.001382,2338638.0,0.001383,4653411.0,0.0013825,7.233273056057258
1787024986404,0.001382,2338638.0,0.001383,3864996.0,0.0013825,7.233273056057258
1787024986599,0.001382,2342618.0,0.001383,3864996.0,0.0013825,7.233273056057258
1787024986673,0.001382,2339761.0,0.001383,3864996.0,0.0013825,7.233273056057258
1787024986832,0.001382,2339761.0,0.001383,3756452.0,0.0013825,7.233273056057258
1787024987097,0.001382,2156738.0,0.001383,3756452.0,0.0013825,7.233273056057258
1787024987129,0.001382,2162058.0,0.001383,3756452.0,0.0013825,7.233273056057258
1787024987335,0.001382,2162058.0,0.001383,3728464.0,0.0013825,7.233273056057258
1787024987336,0.001382,2162058.0,0.001383,3732441.0,0.0013825,7.233273056057258
1787024987726,0.001382,2162058.0,0.001383,3726656.0,0.0013825,7.233273056057258
1787024987825,0.001382,2157170.0,0.001383,3726656.0,0.0013825,7.233273056057258
1787024987988,0.001382,2157170.0,0.001383,3699613.0,0.0013825,7.233273056057258
1787024988061,0.001382,2036290.0,0.001383,3699613.0,0.0013825,7.233273056057258
1787024988062,0.001382,2024355.0,0.001383,4468606.0,0.0013825,7.233273056057258
1787024988113,0.001382,2036290.0,0.001383,4468606.0,0.0013825,7.233273056057258
1787024988200,0.001382,2036290.0,0.001383,4464290.0,0.0013825,7.233273056057258
1787024988727,0.001382,2036290.0,0.001383,4468253.0,0.0013825,7.233273056057258
1787024988728,0.001382,2036290.0,0.001383,3699260.0,0.0013825,7.233273056057258
1787024988914,0.001382,2636290.0,0.001383,3699260.0,0.0013825,7.233273056057258
1787024989016,0.001382,2572920.0,0.001383,3699260.0,0.0013825,7.233273056057258
1787024989017,0.001382,1972920.0,0.001383,3699260.0,0.0013825,7.233273056057258
1787024989018,0.001382,1972920.0,0.001383,4462510.0,0.0013825,7.233273056057258
1787024989020,0.001382,1972920.0,0.001383,4462510.0,0.0013825,7.233273056057258
1787024989151,0.001382,1969470.0,0.001383,4462510.0,0.0013825,7.233273056057258
1787024990389,0.001382,1964762.0,0.001383,4462510.0,0.0013825,7.233273056057258
1787024990760,0.001382,1964762.0,0.001383,4455098.0,0.0013825,7.233273056057258
1787024991089,0.001382,1964762.0,0.001383,4467284.0,0.0013825,7.233273056057258
1787024991298,0.001382,1971995.0,0.001383,4467284.0,0.0013825,7.233273056057258
1787024991499,0.001382,1967682.0,0.001383,4467284.0,0.0013825,7.233273056057258
1787024991660,0.001382,1967682.0,0.001383,4973037.0,0.0013825,7.233273056057258
1787024991800,0.001382,1960449.0,0.001383,4973037.0,0.0013825,7.233273056057258
1787024992098,0.001382,1960449.0,0.001383,5102033.0,0.0013825,7.233273056057258
1787024992446,0.001382,1960449.0,0.001383,5897015.0,0.0013825,7.233273056057258
1787024992448,0.001382,1960449.0,0.001383,6054667.0,0.0013825,7.233273056057258
1787024992475,0.001382,1954692.0,0.001383,6054667.0,0.0013825,7.233273056057258
1787024992798,0.001382,1954692.0,0.001383,6061900.0,0.0013825,7.233273056057258
1787024992862,0.001382,1954692.0,0.001383,6107874.0,0.0013825,7.233273056057258
1787024993298,0.001382,1954692.0,0.001383,6100641.0,0.0013825,7.233273056057258
1787024993301,0.001382,1954692.0,0.001383,6074836.0,0.0013825,7.233273056057258
1787024993307,0.001382,1954692.0,0.001383,6477041.0,0.0013825,7.233273056057258
1787024993401,0.001382,1954692.0,0.001383,6503224.0,0.0013825,7.233273056057258
1787024993429,0.001382,1951003.0,0.001383,6503224.0,0.0013825,7.233273056057258
1787024993600,0.001382,1951003.0,0.001383,6477041.0,0.0013825,7.233273056057258
1787024993798,0.001382,1951003.0,0.001383,6484274.0,0.0013825,7.233273056057258
1787024994200,0.001382,1951003.0,0.001383,6510444.0,0.0013825,7.233273056057258
1787024994298,0.001382,1951003.0,0.001383,6503211.0,0.0013825,7.233273056057258
1787024994299,0.001382,1949004.0,0.001383,6503211.0,0.0013825,7.233273056057258
1787024994302,0.001382,1949004.0,0.001383,6477041.0,0.0013825,7.233273056057258
1787024994391,0.001382,1731679.0,0.001383,6477041.0,0.0013825,7.233273056057258
1787024994527,0.001382,1726421.0,0.001383,6477041.0,0.0013825,7.233273056057258
1787024994800,0.001382,1726421.0,0.001383,6484274.0,0.0013825,7.233273056057258
1787024995299,0.001382,1730371.0,0.001383,6484274.0,0.0013825,7.233273056057258
1787024995735,0.001382,1730371.0,0.001383,8340307.0,0.0013825,7.233273056057258
1787024995832,0.001382,1730371.0,0.001383,8444389.0,0.0013825,7.233273056057258
1787024995861,0.001382,1724180.0,0.001383,8444389.0,0.0013825,7.233273056057258
1787024995899,0.001382,1724180.0,0.001383,8470559.0,0.0013825,7.233273056057258
1787024995932,0.001382,1724180.0,0.001383,8506725.0,0.0013825,7.233273056057258
1787024995933,0.001382,1724180.0,0.001383,10461611.0,0.0013825,7.233273056057258
1787024995934,0.001382,1386737.0,0.001383,10449676.0,0.0013825,7.233273056057258
1787024995935,0.001381,2433058.0,0.001382,337443.0,0.0013815,7.238508867172754
1787024995936,0.001381,1936901.0,0.001382,36758.0,0.0013815,7.238508867172754
1787024995937,0.001381,1936901.0,0.001382,423194.0,0.0013815,7.238508867172754
1787024995938,0.001381,1936901.0,0.001382,397290.0,0.0013815,7.238508867172754
1787024995962,0.001381,1936901.0,0.001382,400908.0,0.0013815,7.238508867172754
1787024995987,0.001381,1936901.0,0.001382,405250.0,0.0013815,7.238508867172754
1787024996004,0.001381,1136901.0,0.001382,405250.0,0.0013815,7.238508867172754
1787024996099,0.001381,1136901.0,0.001382,533903.0,0.0013815,7.238508867172754
1787024996100,0.001381,1136901.0,0.001382,538477.0,0.0013815,7.238508867172754
1787024996104,0.001381,1148845.0,0.001382,550421.0,0.0013815,7.238508867172754
1787024996147,0.001381,1148845.0,0.001382,1418628.0,0.0013815,7.238508867172754
1787024996148,0.001381,1908983.0,0.001382,1406684.0,0.0013815,7.238508867172754
1787024996201,0.001381,1908983.0,0.001382,1433668.0,0.0013815,7.238508867172754
1787024996266,0.001381,1908983.0,0.001382,1445612.0,0.0013815,7.238508867172754
1787024996299,0.001381,1908983.0,0.001382,1452850.0,0.0013815,7.238508867172754
1787024996302,0.001381,1908983.0,0.001382,1425866.0,0.0013815,7.238508867172754
1787024996632,0.001381,1908983.0,0.001382,1438052.0,0.0013815,7.238508867172754
1787024997032,0.001381,1906083.0,0.001382,1438052.0,0.0013815,7.238508867172754
1787024997038,0.001382,407920.0,0.001383,6155461.0,0.0013825,7.233273056057258
1787024997039,0.001382,465885.0,0.001383,5897254.0,0.0013825,7.233273056057258
1787024997040,0.001382,814833.0,0.001383,5739602.0,0.0013825,7.233273056057258
1787024997041,0.001382,818813.0,0.001383,5739602.0,0.0013825,7.233273056057258
1787024997042,0.001382,818813.0,0.001383,5668966.0,0.0013825,7.233273056057258
1787024997133,0.001382,818813.0,0.001383,5511314.0,0.0013825,7.233273056057258
1787024997210,0.001382,818813.0,0.001383,5523249.0,0.0013825,7.233273056057258
1787024997211,0.001382,830748.0,0.001383,5523249.0,0.0013825,7.233273056057258
1787024997212,0.001382,830748.0,0.001383,5680901.0,0.0013825,7.233273056057258
1787024997251,0.001382,1601263.0,0.001383,5680901.0,0.0013825,7.233273056057258
1787024997252,0.001382,1601263.0,0.001383,6480106.0,0.0013825,7.233273056057258
1787024997263,0.001382,1601263.0,0.001383,6494567.0,0.0013825,7.233273056057258
1787024997346,0.001382,1601263.0,0.001383,6480106.0,0.0013825,7.233273056057258
1787024997347,0.001382,1601263.0,0.001383,6476127.0,0.0013825,7.233273056057258
1787024997567,0.001382,1601263.0,0.001383,5676922.0,0.0013825,7.233273056057258
1787024997814,0.001382,2201263.0,0.001383,5676922.0,0.0013825,7.233273056057258
1787024997815,0.001382,2128904.0,0.001383,5676922.0,0.0013825,7.233273056057258
1787024997830,0.001382,2128904.0,0.001383,5572840.0,0.0013825,7.233273056057258
1787024997862,0.001382,2128904.0,0.001383,5526866.0,0.0013825,7.233273056057258
1787024997936,0.001382,2663413.0,0.001383,5526866.0,0.0013825,7.233273056057258
1787024998017,0.001382,2663413.0,0.001383,5379503.0,0.0013825,7.233273056057258
1787024998018,0.001382,2663413.0,0.001383,1261337.0,0.0013825,7.233273056057258
1787024998019,0.001383,647185.0,0.001384,2429968.0,0.0013835,7.228044813878806
1787024998020,0.001383,1438616.0,0.001384,1636321.0,0.0013835,7.228044813878806
1787024998021,0.001383,2187660.0,0.001384,1587844.0,0.0013835,7.228044813878806
1787024998023,0.001383,2191637.0,0.001384,1587844.0,0.0013835,7.228044813878806
1787024998074,0.001383,2032774.0,0.001384,1587844.0,0.0013835,7.228044813878806
1787024998076,0.001383,1215864.0,0.001384,1587844.0,0.0013835,7.228044813878806
1787024998078,0.001383,1215864.0,0.001384,1636321.0,0.0013835,7.228044813878806
1787024998091,0.001383,948563.0,0.001384,1636321.0,0.0013835,7.228044813878806
1787024998097,0.001383,946182.0,0.001384,1636321.0,0.0013835,7.228044813878806
1787024998099,0.001383,946182.0,0.001384,1650778.0,0.0013835,7.228044813878806
1787024998173,0.001383,958109.0,0.001384,1662705.0,0.0013835,7.228044813878806
1787024998283,0.001383,1796033.0,0.001384,1662705.0,0.0013835,7.228044813878806
1787024998286,0.001383,1796033.0,0.001384,1445517.0,0.0013835,7.228044813878806
1787024998345,0.001383,1796033.0,0.001384,1441541.0,0.0013835,7.228044813878806
1787024998408,0.001383,2063334.0,0.001384,1441541.0,0.0013835,7.228044813878806
1787024998409,0.001383,2051407.0,0.001384,1441541.0,0.0013835,7.228044813878806
1787024998411,0.001383,2063334.0,0.001384,1441541.0,0.0013835,7.228044813878806
1787024999098,0.001383,2063334.0,0.001384,1570399.0,0.0013835,7.228044813878806
1787024999122,0.001383,2068022.0,0.001384,1570399.0,0.0013835,7.228044813878806
1787024999143,0.001383,2062300.0,0.001384,1570399.0,0.0013835,7.228044813878806
1787025000113,0.001383,2062300.0,0.001384,1630455.0,0.0013835,7.228044813878806
1787025000299,0.001383,2069528.0,0.001384,1630455.0,0.0013835,7.228044813878806
1787025000393,0.001383,2067333.0,0.001384,1630455.0,0.0013835,7.228044813878806
1787025000490,0.001383,1809681.0,0.001384,1630455.0,0.0013835,7.228044813878806
1787025000492,0.001383,641347.0,0.001384,1630455.0,0.0013835,7.228044813878806
1787025000493,0.001383,562882.0,0.001384,1630455.0,0.0013835,7.228044813878806
1787025000520,0.001383,562882.0,0.001384,1661595.0,0.0013835,7.228044813878806
1787025000561,0.001383,558286.0,0.001384,1661595.0,0.0013835,7.228044813878806
1787025000563,0.001383,606763.0,0.001384,1661595.0,0.0013835,7.228044813878806
1787025000696,0.001383,1374433.0,0.001384,1661595.0,0.0013835,7.228044813878806
1787025000697,0.001383,1374433.0,0.001384,1661595.0,0.0013835,7.228044813878806
1787025000781,0.001383,1279574.0,0.001384,1661595.0,0.0013835,7.228044813878806
1787025000796,0.001383,1272346.0,0.001384,1661595.0,0.0013835,7.228044813878806
1787025000797,0.001383,1272346.0,0.001384,1668823.0,0.0013835,7.228044813878806
1787025000852,0.001383,504676.0,0.001384,1668823.0,0.0013835,7.228044813878806
1787025000861,0.001382,2357229.0,0.001383,334452.0,0.0013825,7.233273056057258
1787025000862,0.001382,2357229.0,0.001383,801109.0,0.0013825,7.233273056057258
1787025000863,0.001382,1607853.0,0.001383,334452.0,0.0013825,7.233273056057258
1787025000864,0.001382,1607853.0,0.001383,422690.0,0.0013825,7.233273056057258
1787025000866,0.001382,1607853.0,0.001383,462515.0,0.0013825,7.233273056057258
1787025000931,0.001382,1619788.0,0.001383,474450.0,0.0013825,7.233273056057258
1787025001057,0.001382,2365814.0,0.001383,1253246.0,0.0013825,7.233273056057258
1787025001058,0.001382,2365814.0,0.001383,1241311.0,0.0013825,7.233273056057258
1787025001059,0.001382,2365814.0,0.001383,1253246.0,0.0013825,7.233273056057258
1787025001160,0.001382,2365814.0,0.001383,1357566.0,0.0013825,7.233273056057258
1787025001298,0.001382,2365814.0,0.001383,1364799.0,0.0013825,7.233273056057258
1787025001328,0.001382,2369747.0,0.001383,1364799.0,0.0013825,7.233273056057258
1787025001486,0.001382,2369747.0,0.001383,1360461.0,0.0013825,7.233273056057258
1787025001515,0.001382,2367828.0,0.001383,1360461.0,0.0013825,7.233273056057258
1787025001663,0.001382,2367828.0,0.001383,1627762.0,0.0013825,7.233273056057258
1787025001746,0.001382,2316087.0,0.001383,1627762.0,0.0013825,7.233273056057258
1787025001798,0.001382,2316087.0,0.001383,1620529.0,0.0013825,7.233273056057258
1787025001799,0.001382,1570061.0,0.001383,1620529.0,0.0013825,7.233273056057258
1787025001801,0.001382,1570061.0,0.001383,1755321.0,0.0013825,7.233273056057258
1787025001899,0.001382,1570061.0,0.001383,1769788.0,0.0013825,7.233273056057258
1787025002009,0.001382,2321677.0,0.001383,1769788.0,0.0013825,7.233273056057258
1787025002010,0.001382,2309742.0,0.001383,1769788.0,0.0013825,7.233273056057258
1787025002011,0.001382,2321677.0,0.001383,1769788.0,0.0013825,7.233273056057258
1787025002186,0.001382,2321677.0,0.001383,1759222.0,0.0013825,7.233273056057258
1787025002561,0.001382,2319572.0,0.001383,1759222.0,0.0013825,7.233273056057258
1787025002867,0.001382,2854081.0,0.001383,1759222.0,0.0013825,7.233273056057258
1787025002876,0.001382,2854081.0,0.001383,713125.0,0.0013825,7.233273056057258
1787025002877,0.001382,2854081.0,0.001384,2219679.0,0.0013830000000000001,14.46131597975451
1787025002878,0.001383,439462.0,0.001384,1151097.0,0.0013835,7.228044813878806
1787025002879,0.001383,1518760.0,0.001384,967910.0,0.0013835,7.228044813878806
1787025002880,0.001383,1518760.0,0.001384,473858.0,0.0013835,7.228044813878806
1787025002882,0.001383,1518760.0,0.001384,522335.0,0.0013835,7.228044813878806
1787025002885,0.001384,319972.0,0.001385,2087804.0,0.0013844999999999999,7.222824124231968
1787025002886,0.001384,519765.0,0.001385,2087804.0,0.0013844999999999999,7.222824124231968
1787025002887,0.001384,851396.0,0.001385,1041221.0,0.0013844999999999999,7.222824124231968
1787025002888,0.001384,299873.0,0.001385,1026770.0,0.0013844999999999999,7.222824124231968
1787025002889,0.001384,307567.0,0.001385,1026490.0,0.0013844999999999999,7.222824124231968
1787025002890,0.001384,567174.0,0.001385,1033720.0,0.0013844999999999999,7.222824124231968
1787025002892,0.001384,567174.0,0.001385,563611.0,0.0013844999999999999,7.222824124231968
1787025002895,0.001384,615651.0,0.001385,563611.0,0.0013844999999999999,7.222824124231968
1787025002898,0.001384,615651.0,0.001385,578056.0,0.0013844999999999999,7.222824124231968
1787025002921,0.001384,615651.0,0.001385,583474.0,0.0013844999999999999,7.222824124231968
1787025002923,0.001384,615651.0,0.001385,631951.0,0.0013844999999999999,7.222824124231968
1787025002927,0.001384,615651.0,0.001385,596385.0,0.0013844999999999999,7.222824124231968
1787025002933,0.001384,615651.0,0.001385,589155.0,0.0013844999999999999,7.222824124231968
1787025002953,0.001384,615651.0,0.001385,540678.0,0.0013844999999999999,7.222824124231968
1787025003058,0.001384,627569.0,0.001385,552596.0,0.0013844999999999999,7.222824124231968
1787025003059,0.001384,1162078.0,0.001385,552596.0,0.0013844999999999999,7.222824124231968
1787025003060,0.001384,1162078.0,0.001385,548985.0,0.0013844999999999999,7.222824124231968
1787025003076,0.001384,2067175.0,0.001385,548985.0,0.0013844999999999999,7.222824124231968
1787025003078,0.001384,2055257.0,0.001385,548985.0,0.0013844999999999999,7.222824124231968
1787025003162,0.001384,2067175.0,0.001385,548985.0,0.0013844999999999999,7.222824124231968
1787025003197,0.001384,2067175.0,0.001385,1318024.0,0.0013844999999999999,7.222824124231968
1787025003198,0.001384,2067175.0,0.001385,1306106.0,0.0013844999999999999,7.222824124231968
1787025003199,0.001384,2067175.0,0.001385,1318024.0,0.0013844999999999999,7.222824124231968
1787025003246,0.001384,1778609.0,0.001385,1318024.0,0.0013844999999999999,7.222824124231968
1787025003247,0.001384,873512.0,0.001385,1318024.0,0.0013844999999999999,7.222824124231968
1787025003248,0.001384,873512.0,0.001385,1585325.0,0.0013844999999999999,7.222824124231968
1787025003316,0.001384,873512.0,0.001385,1581392.0,0.0013844999999999999,7.222824124231968
1787025003317,0.001384,1063579.0,0.001385,1557630.0,0.0013844999999999999,7.222824124231968
1787025003318,0.001384,873512.0,0.001385,1557630.0,0.0013844999999999999,7.222824124231968
1787025003485,0.001384,873512.0,0.001385,1564332.0,0.0013844999999999999,7.222824124231968
