ts,bid,bidq,ask,askq,mid,spread_bp,qimb
1787022604569,0.00145,3179665.0,0.001451,56052.0,0.0014505,6.8941744226138075,0.9653542012481314
1787022604571,0.00145,3179665.0,0.001452,2324238.0,0.001451,13.78359751895278,0.15542188879418842
1787022604572,0.001451,83530.0,0.001452,2130937.0,0.0014515,6.889424733034212,-0.9245597247554378
1787022604573,0.001451,83530.0,0.001452,1104279.0,0.0014515,6.889424733034212,-0.8593544921784563
1787022604574,0.001451,293432.0,0.001452,888578.0,0.0014515,6.889424733034212,-0.5035033544555461
1787022604576,0.001451,293432.0,0.001452,734878.0,0.0014515,6.889424733034212,-0.4292927230115432
1787022604577,0.001451,304800.0,0.001452,734878.0,0.0014515,6.889424733034212,-0.4136646153905344
1787022604623,0.001451,293669.0,0.001452,734878.0,0.0014515,6.889424733034212,-0.42896338232477466
1787022604628,0.001451,293669.0,0.001452,717672.0,0.0014515,6.889424733034212,-0.41924830497329785
1787022604630,0.001451,1293669.0,0.001452,717672.0,0.0014515,6.889424733034212,0.28637461275835374
1787022604631,0.001451,1282301.0,0.001452,495579.0,0.0014515,6.889424733034212,0.4425056809233469
1787022604690,0.001451,1282301.0,0.001452,418149.0,0.0014515,6.889424733034212,0.5081901849510424
1787022604697,0.001451,1282301.0,0.001452,99704.0,0.0014515,6.889424733034212,0.8557110864287756
1787022604698,0.001451,1293669.0,0.001452,99704.0,0.0014515,6.889424733034212,0.8568882847593573
1787022604699,0.001451,1427570.0,0.001452,51227.0,0.0014515,6.889424733034212,0.9307180093008033
1787022604719,0.001451,1427570.0,0.001454,4186690.0,0.0014525,20.65404475043005,-0.49144856134201126
1787022604720,0.001453,30522.0,0.001454,1406182.0,0.0014535,6.8799449604397385,-0.9575110809185469
1787022604721,0.001453,191947.0,0.001454,2764470.0,0.0014535,6.8799449604397385,-0.8701488998338192
1787022604722,0.001453,240424.0,0.001454,1517632.0,0.0014535,6.8799449604397385,-0.7264888035420942
1787022604723,0.001453,95213.0,0.001454,1517632.0,0.0014535,6.8799449604397385,-0.8819316177314
1787022604725,0.001452,1572894.0,0.001454,1517632.0,0.0014529999999999999,13.76462491397143,0.01788109855733296
1787022604726,0.001452,1569110.0,0.001453,413081.0,0.0014525,6.884681583477677,0.5832076727217508
1787022604729,0.001452,1569110.0,0.001453,425660.0,0.0014525,6.884681583477677,0.5732239807095555
1787022604742,0.001452,1569110.0,0.001453,474137.0,0.0014525,6.884681583477677,0.5358984988109612
1787022604744,0.001452,1563280.0,0.001453,474137.0,0.0014525,6.884681583477677,0.5345704880247882
1787022604835,0.001452,1567068.0,0.001453,474137.0,0.0014525,6.884681583477677,0.5354342165534574
1787022604839,0.001452,567068.0,0.001453,503591.0,0.0014525,6.884681583477677,0.05928778443930327
1787022604841,0.001452,489096.0,0.001453,503591.0,0.0014525,6.884681583477677,-0.014601782837893516
1787022604867,0.001452,500456.0,0.001453,514951.0,0.0014525,6.884681583477677,-0.014275064087602311
1787022604874,0.001452,500456.0,0.001454,1614018.0,0.0014529999999999999,13.76462491397143,-0.5266378304959058
1787022604875,0.001453,413081.0,0.001454,1090522.0,0.0014535,6.8799449604397385,-0.45054512394561597
1787022604876,0.001453,461558.0,0.001454,874195.0,0.0014535,6.8799449604397385,-0.3089171426154386
1787022604938,0.001453,461558.0,0.001454,1672047.0,0.0014535,6.8799449604397385,-0.5673444709775239
1787022604941,0.001452,1362188.0,0.001453,426055.0,0.0014525,6.884681583477677,0.5234931717892927
1787022604942,0.001452,1339483.0,0.001453,597613.0,0.0014525,6.884681583477677,0.38298050277322343
1787022604943,0.001452,1335699.0,0.001453,597613.0,0.0014525,6.884681583477677,0.3817728333554025
1787022604944,0.001452,1335699.0,0.001453,601399.0,0.0014525,6.884681583477677,0.3790721997544781
1787022604945,0.001452,1335699.0,0.001453,578352.0,0.0014525,6.884681583477677,0.3956775446422274
1787022604950,0.001452,1335699.0,0.001453,638372.0,0.0014525,6.884681583477677,0.353243120434878
1787022604973,0.001452,1335699.0,0.001453,324328.0,0.0014525,6.884681583477677,0.6092497290706718
1787022604974,0.001452,1335699.0,0.001453,235745.0,0.0014525,6.884681583477677,0.6999638549003337
1787022604975,0.001452,1335699.0,0.001453,63806.0,0.0014525,6.884681583477677,0.9088163314886335
1787022604977,0.001452,1347059.0,0.001453,75166.0,0.0014525,6.884681583477677,0.8942980189491817
1787022605018,0.001452,1298582.0,0.001453,75166.0,0.0014525,6.884681583477677,0.8905679935475793
1787022605030,0.001452,1298582.0,0.001453,916096.0,0.0014525,6.884681583477677,0.17270501625970006
1787022605031,0.001452,1078535.0,0.001453,904736.0,0.0014525,6.884681583477677,0.08763250206351023
1787022605046,0.001452,1074405.0,0.001453,904736.0,0.0014525,6.884681583477677,0.08572860650150747
1787022605047,0.001452,1074405.0,0.001453,1904736.0,0.0014525,6.884681583477677,-0.2787149047326058
1787022605099,0.001452,1074405.0,0.001453,1916096.0,0.0014525,6.884681583477677,-0.28145484652905983
1787022605130,0.001452,1074405.0,0.001453,916096.0,0.0014525,6.884681583477677,0.07953223836611989
1787022605256,0.001452,1046876.0,0.001453,916096.0,0.0014525,6.884681583477677,0.06662346686554876
1787022605260,0.001452,1046876.0,0.001453,1077521.0,0.0014525,6.884681583477677,-0.014425269853045358
1787022605386,0.001452,1046876.0,0.001453,1133539.0,0.0014525,6.884681583477677,-0.03974610337940254
1787022605534,0.001452,1216907.0,0.001453,1133539.0,0.0014525,6.884681583477677,0.03546901311495776
1787022605577,0.001452,1199690.0,0.001453,1133539.0,0.0014525,6.884681583477677,0.028351696297277292
1787022605618,0.001452,356732.0,0.001453,1133539.0,0.0014525,6.884681583477677,-0.5212521749399941
1787022605619,0.001452,353930.0,0.001453,1133539.0,0.0014525,6.884681583477677,-0.5241178135477109
1787022605620,0.001452,353930.0,0.001453,1133539.0,0.0014525,6.884681583477677,-0.5241178135477109
1787022605621,0.001452,353930.0,0.001453,1933539.0,0.0014525,6.884681583477677,-0.6905488118090344
1787022605623,0.001452,353930.0,0.001453,1922179.0,0.0014525,6.884681583477677,-0.68900434908873
1787022605627,0.001452,195706.0,0.001453,1922179.0,0.0014525,6.884681583477677,-0.8151873213134802
1787022605629,0.001452,292660.0,0.001453,1933539.0,0.0014525,6.884681583477677,-0.7370765147230773
1787022605631,0.001452,292660.0,0.001453,2012446.0,0.0014525,6.884681583477677,-0.7460767530864091
1787022605634,0.001452,292660.0,0.001453,1933539.0,0.0014525,6.884681583477677,-0.7370765147230773
1787022605637,0.001452,292660.0,0.001453,1846650.0,0.0014525,6.884681583477677,-0.7263977637649522
1787022605638,0.001452,292660.0,0.001453,1794698.0,0.0014525,6.884681583477677,-0.7195881109038316
1787022605639,0.001452,454085.0,0.001453,1794698.0,0.0014525,6.884681583477677,-0.5961504511551359
1787022605640,0.001452,454085.0,0.001453,1798484.0,0.0014525,6.884681583477677,-0.5968292203257702
1787022605645,0.001452,442725.0,0.001453,1798484.0,0.0014525,6.884681583477677,-0.6049230571535275
1787022605686,0.001452,432058.0,0.001453,1798484.0,0.0014525,6.884681583477677,-0.6125981936228952
1787022605769,0.001452,432058.0,0.001453,998484.0,0.0014525,6.884681583477677,-0.39595202377840005
1787022605772,0.001452,443418.0,0.001453,998484.0,0.0014525,6.884681583477677,-0.3849540398723353
1787022605799,0.001452,443418.0,0.001453,1005368.0,0.0014525,6.884681583477677,-0.3878764703689848
1787022605804,0.001452,443418.0,0.001453,1018125.0,0.0014525,6.884681583477677,-0.3932193578977834
1787022605830,0.001452,443418.0,0.001453,1100256.0,0.0014525,6.884681583477677,-0.42550305310577236
1787022605831,0.001452,1264846.0,0.001453,1100256.0,0.0014525,6.884681583477677,0.06959107894712363
1787022605832,0.001452,1253486.0,0.001453,334361.0,0.0014525,6.884681583477677,0.5788498514025595
1787022605834,0.001452,1253486.0,0.001453,334361.0,0.0014525,6.884681583477677,0.5788498514025595
1787022605883,0.001452,1264846.0,0.001453,334361.0,0.0014525,6.884681583477677,0.5818415001935334
1787022605899,0.001452,1264846.0,0.001453,321604.0,0.0014525,6.884681583477677,0.5945614422137476
1787022606041,0.001452,1284542.0,0.001453,321604.0,0.0014525,6.884681583477677,0.5995332927392653
1787022606072,0.001452,1277495.0,0.001453,321604.0,0.0014525,6.884681583477677,0.5977684933828362
1787022606073,0.001452,1281283.0,0.001453,321604.0,0.0014525,6.884681583477677,0.598719061293778
1787022606309,0.001452,1281283.0,0.001453,1207563.0,0.0014525,6.884681583477677,0.029620153275855557
1787022606310,0.001452,1281283.0,0.001453,1207563.0,0.0014525,6.884681583477677,0.029620153275855557
1787022606499,0.001452,1281283.0,0.001453,1190345.0,0.0014525,6.884681583477677,0.03679275360207928
1787022606788,0.001452,1270040.0,0.001453,1190345.0,0.0014525,6.884681583477677,0.03239127209765951
1787022606807,0.001452,1270040.0,0.001453,1273222.0,0.0014525,6.884681583477677,-0.0012511491147982395
1787022606830,0.001452,1270040.0,0.001453,1191091.0,0.0014525,6.884681583477677,0.03207834121791973
1787022606953,0.001452,1270040.0,0.001453,1184353.0,0.0014525,6.884681583477677,0.03491168692218402
1787022607020,0.001452,1263453.0,0.001453,1184353.0,0.0014525,6.884681583477677,0.0323146523866679
1787022607073,0.001452,1284473.0,0.001453,1184353.0,0.0014525,6.884681583477677,0.040553688271267395
1787022607305,0.001452,1277666.0,0.001453,1184353.0,0.0014525,6.884681583477677,0.03790100726273843
1787022607394,0.001458,2042252.0,0.001459,6492875.0,0.0014585000000000002,6.85635927322534,-0.521447776934075
1787022607395,0.001458,2042252.0,0.001459,5488919.0,0.0014585000000000002,6.85635927322534,-0.45765353090508765
1787022607396,0.001457,3498.0,0.001458,2149102.0,0.0014575,6.86106346483796,-0.9967499767722754
1787022607397,0.001457,3498.0,0.001458,964672.0,0.0014575,6.86106346483796,-0.9927739963023022
1787022607398,0.001456,144265.0,0.001458,5515144.0,0.001457,13.72683596431056,-0.9490176447752761
1787022607399,0.001456,130511.0,0.001457,137834.0,0.0014565,6.865774116031005,-0.02728949672995584
1787022607400,0.001457,48477.0,0.001458,2263682.0,0.0014575,6.86106346483796,-0.958067762640891
1787022607401,0.001457,48477.0,0.001458,2166342.0,0.0014575,6.86106346483796,-0.9562248653275957
1787022607402,0.001456,436585.0,0.001457,705645.0,0.0014565,6.865774116031005,-0.23555676177302295
1787022607403,0.001456,260330.0,0.001457,1342176.0,0.0014565,6.865774116031005,-0.6750963802943639
1787022607404,0.001456,178988.0,0.001457,728597.0,0.0014565,6.865774116031005,-0.6055730317270559
1787022607405,0.001456,178988.0,0.001457,557130.0,0.0014565,6.865774116031005,-0.5136975321891327
1787022607407,0.001456,178988.0,0.001457,534178.0,0.0014565,6.865774116031005,-0.49804673806659316
1787022607416,0.001456,178988.0,0.001457,67931.0,0.0014565,6.865774116031005,0.44977097752704326
1787022607417,0.001456,200448.0,0.001457,67931.0,0.0014565,6.865774116031005,0.49376814132253266
1787022607420,0.001456,165237.0,0.001457,67931.0,0.0014565,6.865774116031005,0.4173214163178481
1787022607424,0.001456,165237.0,0.001457,116408.0,0.0014565,6.865774116031005,0.17337073265990874
1787022607427,0.001456,130802.0,0.001457,116408.0,0.0014565,6.865774116031005,0.05822579992718741
1787022607428,0.001456,56663.0,0.001457,116408.0,0.0014565,6.865774116031005,-0.3452051470205869
1787022607429,0.001456,56663.0,0.001457,916408.0,0.0014565,6.865774116031005,-0.8835377891233014
1787022607431,0.001456,42075.0,0.001457,916408.0,0.0014565,6.865774116031005,-0.9122050156340801
1787022607437,0.001456,56663.0,0.001457,916408.0,0.0014565,6.865774116031005,-0.8835377891233014
1787022607442,0.001455,361609.0,0.001457,916408.0,0.0014559999999999998,13.736263736264071,-0.4341092489380032
1787022607443,0.001455,357821.0,0.001457,916408.0,0.0014559999999999998,13.736263736264071,-0.43837253743243954
1787022607444,0.001455,361608.0,0.001457,916408.0,0.0014559999999999998,13.736263736264071,-0.43411037107516653
1787022607445,0.001455,461974.0,0.001456,48477.0,0.0014555,6.870491240124581,0.8100620823546236
1787022607455,0.001455,510451.0,0.001456,48477.0,0.0014555,6.870491240124581,0.8265357970973005
1787022607456,0.001455,510451.0,0.001457,900742.0,0.0014559999999999998,13.736263736264071,-0.27656812356637256
1787022607457,0.001455,510451.0,0.001457,896954.0,0.0014559999999999998,13.736263736264071,-0.27462102237806457
1787022607458,0.001456,48477.0,0.001457,896954.0,0.0014565,6.865774116031005,-0.8974499461092348
1787022607468,0.001456,48477.0,0.001457,96954.0,0.0014565,6.865774116031005,-0.3333333333333333
1787022607496,0.001456,48477.0,0.001457,124420.0,0.0014565,6.865774116031005,-0.4392383904868216
1787022607497,0.001456,59806.0,0.001457,135749.0,0.0014565,6.865774116031005,-0.3883459896192887
1787022607505,0.001456,59806.0,0.001457,305723.0,0.0014565,6.865774116031005,-0.6727701495640565
1787022607506,0.001456,59806.0,0.001457,294394.0,0.0014565,6.865774116031005,-0.6623037831733484
1787022607539,0.001456,68898.0,0.001457,294394.0,0.0014565,6.865774116031005,-0.6207018046089647
1787022607541,0.001456,290991.0,0.001457,294394.0,0.0014565,6.865774116031005,-0.0058132681910195855
1787022607542,0.001456,279662.0,0.001458,1222384.0,0.001457,13.72683596431056,-0.6276252524889384
1787022607543,0.001456,279662.0,0.001458,1193917.0,0.001457,13.72683596431056,-0.6204316158142862
1787022607544,0.001457,42501.0,0.001458,1193917.0,0.0014575,6.86106346483796,-0.9312514052690919
1787022607546,0.001457,42501.0,0.001458,2193917.0,0.0014575,6.86106346483796,-0.961991899546507
1787022607548,0.001456,618877.0,0.001457,142257.0,0.0014565,6.865774116031005,0.6261972267695307
1787022607549,0.001456,449636.0,0.001457,310261.0,0.0014565,6.865774116031005,0.1834130151849527
1787022607579,0.001456,449636.0,0.001457,206293.0,0.0014565,6.865774116031005,0.3709898479865961
1787022607581,0.001456,449636.0,0.001457,106537.0,0.0014565,6.865774116031005,0.616892585580386
1787022607597,0.001456,1224398.0,0.001457,861781.0,0.0014565,6.865774116031005,0.17381873751006024
1787022607599,0.001456,1235727.0,0.001457,130623.0,0.0014565,6.865774116031005,0.8088000878252278
1787022607636,0.001456,1235727.0,0.001457,88122.0,0.0014565,6.865774116031005,0.8668700131208318
1787022607672,0.001456,1235727.0,0.001457,145474.0,0.0014565,6.865774116031005,0.7893514412456984
1787022607680,0.001456,1235727.0,0.001457,81438.0,0.0014565,6.865774116031005,0.8763435104941294
1787022607681,0.001456,1235727.0,0.001457,70109.0,0.0014565,6.865774116031005,0.8926220444221173
1787022607699,0.001456,1235727.0,0.001457,57352.0,0.0014565,6.865774116031005,0.9112938961965974
1787022607701,0.001456,1235727.0,0.001457,68681.0,0.0014565,6.865774116031005,0.8946939914505277
1787022607753,0.001456,1835727.0,0.001457,68681.0,0.0014565,6.865774116031005,0.9278715485337176
1787022607754,0.001456,1835727.0,0.001458,2225163.0,0.001457,13.72683596431056,-0.09589917481143297
1787022607755,0.001457,61371.0,0.001458,999282.0,0.0014575,6.86106346483796,-0.8842769501429779
1787022607756,0.001457,61371.0,0.001458,495742.0,0.0014575,6.86106346483796,-0.7796820393708278
1787022607760,0.001457,61371.0,0.001458,492301.0,0.0014575,6.86106346483796,-0.7783127916889422
1787022607762,0.001457,222776.0,0.001458,492301.0,0.0014575,6.86106346483796,-0.37691745084795064
1787022607772,0.001457,234097.0,0.001458,492301.0,0.0014575,6.86106346483796,-0.3554580271421452
1787022607795,0.001457,72692.0,0.001458,492301.0,0.0014575,6.86106346483796,-0.7426799978052825
1787022607796,0.001457,59798.0,0.001458,492301.0,0.0014575,6.86106346483796,-0.7833794301384354
1787022607807,0.001457,59798.0,0.001458,1239912.0,0.0014575,6.86106346483796,-0.9079825499534512
1787022607808,0.001457,59798.0,0.001458,1228591.0,0.0014575,6.86106346483796,-0.9071739979152259
1787022607810,0.001456,1854329.0,0.001457,463405.0,0.0014565,6.865774116031005,0.6001223608921472
1787022607811,0.001456,1850828.0,0.001457,1346264.0,0.0014565,6.865774116031005,0.15781966862386193
1787022607812,0.001456,1060957.0,0.001457,806045.0,0.0014565,6.865774116031005,0.13653547237764074
1787022607813,0.001456,1060957.0,0.001457,534823.0,0.0014565,6.865774116031005,0.32970334256601785
1787022607815,0.001456,1060957.0,0.001457,511882.0,0.0014565,6.865774116031005,0.3490980322842961
1787022607829,0.001456,1060957.0,0.001457,48477.0,0.0014565,6.865774116031005,0.9126094927683845
1787022607835,0.001457,413081.0,0.001458,1232379.0,0.0014575,6.86106346483796,-0.49791426105769815
1787022607836,0.001457,461558.0,0.001458,492301.0,0.0014575,6.86106346483796,-0.0322301304490496
1787022607837,0.001457,48477.0,0.001458,492301.0,0.0014575,6.86106346483796,-0.8207138604011258
1787022607839,0.001457,48477.0,0.001458,1492301.0,0.0014575,6.86106346483796,-0.9370746467044571
1787022607861,0.001457,34755.0,0.001458,1492301.0,0.0014575,6.86106346483796,-0.9544810406429103
1787022607868,0.001457,38530.0,0.001458,1496074.0,0.0014575,6.86106346483796,-0.9497850911375182
1787022607878,0.001456,1076066.0,0.001457,311404.0,0.0014565,6.865774116031005,0.5511196638485877
1787022607879,0.001456,1064744.0,0.001457,411159.0,0.0014565,6.865774116031005,0.44283736803841445
1787022607880,0.001456,460957.0,0.001457,559270.0,0.0014565,6.865774116031005,-0.09636384843765163
1787022607881,0.001456,238864.0,0.001457,607747.0,0.0014565,6.865774116031005,-0.4357172302273417
1787022607882,0.001456,250193.0,0.001457,607747.0,0.0014565,6.865774116031005,-0.4167587476979742
1787022607902,0.001456,250193.0,0.001457,507992.0,0.0014565,6.865774116031005,-0.340021234922875
1787022607909,0.001456,250193.0,0.001457,359881.0,0.0014565,6.865774116031005,-0.17979458229657386
1787022607953,0.001456,80219.0,0.001457,359881.0,0.0014565,6.865774116031005,-0.6354510338559418
1787022607977,0.001456,80219.0,0.001457,371210.0,0.0014565,6.865774116031005,-0.6445997044939514
1787022608003,0.001456,80219.0,0.001457,527182.0,0.0014565,6.865774116031005,-0.7358614819534377
1787022608043,0.001456,80219.0,0.001457,1278670.0,0.0014565,6.865774116031005,-0.8819344332024176
1787022608044,0.001456,80219.0,0.001457,1267341.0,0.0014565,6.865774116031005,-0.8809418504556383
1787022608099,0.001456,270320.0,0.001457,1267341.0,0.0014565,6.865774116031005,-0.6484010454840176
1787022608100,0.001456,270320.0,0.001457,1278670.0,0.0014565,6.865774116031005,-0.6509725692225257
1787022608143,0.001456,270320.0,0.001457,1354695.0,0.0014565,6.865774116031005,-0.6673015326012375
1787022608151,0.001455,1310597.0,0.001457,1354695.0,0.0014559999999999998,13.736263736264071,-0.0165452790913716
1787022608152,0.001455,477090.0,0.001456,629280.0,0.0014555,6.870491240124581,-0.1375579598145286
1787022608153,0.001455,477090.0,0.001456,700706.0,0.0014555,6.870491240124581,-0.18985970405740893
1787022608155,0.001455,199321.0,0.001456,700706.0,0.0014555,6.870491240124581,-0.557077732112481
1787022608156,0.001455,199321.0,0.001456,677757.0,0.0014555,6.870491240124581,-0.545488542638169
1787022608157,0.001455,150844.0,0.001456,677757.0,0.0014555,6.870491240124581,-0.6359067874646542
1787022608182,0.001455,150844.0,0.001456,459644.0,0.0014555,6.870491240124581,-0.5058248483180668
1787022608183,0.001455,150844.0,0.001456,359881.0,0.0014555,6.870491240124581,-0.4092946301825836
1787022608184,0.001455,199321.0,0.001456,359881.0,0.0014555,6.870491240124581,-0.28712343661145706
1787022608185,0.001455,246210.0,0.001456,359881.0,0.0014555,6.870491240124581,-0.1875477444806143
1787022608187,0.001453,1105735.0,0.001456,359881.0,0.0014545,20.625644551391986,0.508901376622526
1787022608188,0.001453,1105735.0,0.001455,189742.0,0.001454,13.755158184317962,0.7070700599084353
1787022608189,0.001453,1101048.0,0.001454,106659.0,0.0014535,6.8799449604397385,0.823369409964503
1787022608190,0.001453,762856.0,0.001455,51987.0,0.001454,13.755158184317962,0.8723999592559548
1787022608192,0.001454,291161.0,0.001455,48477.0,0.0014545,6.8752148504634985,0.714537242593585
1787022608193,0.001454,291161.0,0.001455,55751.0,0.0014545,6.8752148504634985,0.6785870768379301
1787022608195,0.001454,291161.0,0.001455,48477.0,0.0014545,6.8752148504634985,0.714537242593585
1787022608202,0.001454,291161.0,0.001455,61234.0,0.0014545,6.8752148504634985,0.6524695299309013
1787022608207,0.001454,291161.0,0.001455,68508.0,0.0014545,6.8752148504634985,0.6190497373974404
1787022608210,0.001454,291161.0,0.001455,61234.0,0.0014545,6.8752148504634985,0.6524695299309013
1787022608237,0.001454,339638.0,0.001455,61234.0,0.0014545,6.8752148504634985,0.6944959987227843
1787022608241,0.001454,291161.0,0.001455,61234.0,0.0014545,6.8752148504634985,0.6524695299309013
1787022608249,0.001454,513254.0,0.001455,61234.0,0.0014545,6.8752148504634985,0.786822353121388
1787022608259,0.001454,513254.0,0.001455,68508.0,0.0014545,6.8752148504634985,0.7644810076973058
1787022608288,0.001454,524599.0,0.001455,79853.0,0.0014545,6.8752148504634985,0.7357838174081648
1787022608304,0.001454,524599.0,0.001455,67096.0,0.0014545,6.8752148504634985,0.7732074802051733
1787022608307,0.001454,524599.0,0.001455,59822.0,0.0014545,6.8752148504634985,0.7952777193153565
1787022608315,0.001454,517964.0,0.001455,59822.0,0.0014545,6.8752148504634985,0.7929267929648693
1787022608317,0.001454,517964.0,0.001455,67096.0,0.0014545,6.8752148504634985,0.7706354903770554
1787022608339,0.001454,521747.0,0.001455,70877.0,0.0014545,6.8752148504634985,0.76080280245147
1787022608350,0.001454,525524.0,0.001455,70877.0,0.0014545,6.8752148504634985,0.7623176352823017
1787022608369,0.001454,521747.0,0.001455,70877.0,0.0014545,6.8752148504634985,0.76080280245147
1787022608377,0.001454,521747.0,0.001455,78451.0,0.0014545,6.8752148504634985,0.7385829342983482
1787022608397,0.001454,1281375.0,0.001455,980967.0,0.0014545,6.8752148504634985,0.13278628960608077
1787022608398,0.001454,1281375.0,0.001455,973693.0,0.0014545,6.8752148504634985,0.13644023151408294
1787022608469,0.001454,1337997.0,0.001455,973693.0,0.0014545,6.8752148504634985,0.15759206467995276
1787022608488,0.001454,1483517.0,0.001455,973693.0,0.0014545,6.8752148504634985,0.2074808420932684
1787022608614,0.001454,1706045.0,0.001455,973693.0,0.0014545,6.8752148504634985,0.2732923890320621
1787022608668,0.001454,1793016.0,0.001455,973693.0,0.0014545,6.8752148504634985,0.2961363121311276
1787022608781,0.001454,3172012.0,0.001455,973693.0,0.0014545,6.8752148504634985,0.5302642132037856
1787022608782,0.001454,3172012.0,0.001455,973693.0,0.0014545,6.8752148504634985,0.5302642132037856
1787022608916,0.001454,3165116.0,0.001455,973693.0,0.0014545,6.8752148504634985,0.5294815489190248
1787022608920,0.001454,3165116.0,0.001455,940.0,0.0014545,6.8752148504634985,0.9994062012800784
1787022608921,0.001455,311473.0,0.001456,804443.0,0.0014555,6.870491240124581,-0.4417626416325243
1787022608922,0.001455,527948.0,0.001456,1227079.0,0.0014555,6.870491240124581,-0.398359113563495
1787022608923,0.001455,576425.0,0.001456,947287.0,0.0014555,6.870491240124581,-0.24339376470094087
1787022608924,0.001455,576425.0,0.001456,982769.0,0.0014555,6.870491240124581,-0.26061157238932425
1787022608939,0.001455,565059.0,0.001456,982769.0,0.0014555,6.870491240124581,-0.2698684866793985
1787022609023,0.001455,541746.0,0.001456,982769.0,0.0014555,6.870491240124581,-0.2892874127181431
1787022609035,0.001455,527991.0,0.001456,982769.0,0.0014555,6.870491240124581,-0.30102597368212025
1787022609128,0.001455,1257157.0,0.001456,1744138.0,0.0014555,6.870491240124581,-0.16225695907933074
1787022609129,0.001455,1197040.0,0.001456,1744138.0,0.0014555,6.870491240124581,-0.1860132232731239
1787022609190,0.001455,1129785.0,0.001456,1744138.0,0.0014555,6.870491240124581,-0.21376807938138914
1787022609191,0.001455,400619.0,0.001456,1744138.0,0.0014555,6.870491240124581,-0.6264201492290269
1787022609199,0.001455,389781.0,0.001456,1744138.0,0.0014555,6.870491240124581,-0.6346806040904083
1787022609217,0.001455,401118.0,0.001456,1755475.0,0.0014555,6.870491240124581,-0.6280076954715146
1787022609281,0.001455,404899.0,0.001456,1755475.0,0.0014555,6.870491240124581,-0.6251584216436599
1787022609315,0.001455,391154.0,0.001456,1755475.0,0.0014555,6.870491240124581,-0.635564412853828
1787022609380,0.001455,391154.0,0.001456,1728032.0,0.0014555,6.870491240124581,-0.6308450508827446
1787022609381,0.001455,991154.0,0.001456,1728032.0,0.0014555,6.870491240124581,-0.2709921277911846
1787022609382,0.001455,991154.0,0.001456,1728032.0,0.0014555,6.870491240124581,-0.2709921277911846
1787022609386,0.001455,391154.0,0.001456,1728032.0,0.0014555,6.870491240124581,-0.6308450508827446
1787022609451,0.001455,385311.0,0.001456,1728032.0,0.0014555,6.870491240124581,-0.6353540338695611
1787022609536,0.001455,1239180.0,0.001456,1728032.0,0.0014555,6.870491240124581,-0.16475128841484868
1787022609538,0.001455,1239180.0,0.001456,1728032.0,0.0014555,6.870491240124581,-0.16475128841484868
1787022609619,0.001455,1250018.0,0.001456,1728032.0,0.0014555,6.870491240124581,-0.16051241584258155
1787022609641,0.001455,1509223.0,0.001456,1728032.0,0.0014555,6.870491240124581,-0.06759090649330991
1787022609668,0.001455,1596219.0,0.001456,1728032.0,0.0014555,6.870491240124581,-0.039651939639936934
1787022609796,0.001455,1596219.0,0.001456,1734902.0,0.0014555,6.870491240124581,-0.04163253151116396
1787022609805,0.001455,1596219.0,0.001456,1780250.0,0.0014555,6.870491240124581,-0.05450398034159354
1787022609868,0.001455,1509223.0,0.001456,1780250.0,0.0014555,6.870491240124581,-0.08239222513758283
1787022609969,0.001455,1509223.0,0.001456,1411895.0,0.0014555,6.870491240124581,0.03331874987590368
1787022610054,0.001455,1019358.0,0.001456,1411895.0,0.0014555,6.870491240124581,-0.16145460797374853
1787022610055,0.001455,274323.0,0.001456,1411895.0,0.0014555,6.870491240124581,-0.6746292590874964
1787022610056,0.001455,274323.0,0.001456,1411895.0,0.0014555,6.870491240124581,-0.6746292590874964
1787022610137,0.001455,274323.0,0.001456,1408110.0,0.0014555,6.870491240124581,-0.6738972666370667
1787022610157,0.001455,322800.0,0.001456,1408110.0,0.0014555,6.870491240124581,-0.6270170026171205
1787022610259,0.001455,1215744.0,0.001456,1086058.0,0.0014555,6.870491240124581,0.05634107538354732
1787022610260,0.001455,1204407.0,0.001456,1086058.0,0.0014555,6.870491240124581,0.05167029402326602
1787022610261,0.001455,1349927.0,0.001456,1086058.0,0.0014555,6.870491240124581,0.10832127455628832
1787022610262,0.001455,1349927.0,0.001456,324689.0,0.0014555,6.870491240124581,0.6122227424078117
1787022610263,0.001455,1349927.0,0.001456,171395.0,0.0014555,6.870491240124581,0.7746762355372498
1787022610264,0.001455,1361264.0,0.001456,148705.0,0.0014555,6.870491240124581,0.8030356914612155
1787022610290,0.001455,1361264.0,0.001456,155979.0,0.0014555,6.870491240124581,0.7943915378090391
1787022610297,0.001455,1361264.0,0.001456,149109.0,0.0014555,6.870491240124581,0.8025534089923483
1787022610381,0.001457,6819307.0,0.001458,5940347.0,0.0014575,6.86106346483796,0.0688858804478554
1787022610383,0.001457,6829947.0,0.001458,1993052.0,0.0014575,6.86106346483796,0.548214388327597
1787022610384,0.001457,6829947.0,0.001458,4614830.0,0.0014575,6.86106346483796,0.1935482884463367
1787022610385,0.001457,6829947.0,0.001458,4153410.0,0.0014575,6.86106346483796,0.24369024880098134
1787022610386,0.001457,6829947.0,0.001458,4309375.0,0.0014575,6.86106346483796,0.22627696730555055
1787022610395,0.001457,6829947.0,0.001458,2841353.0,0.0014575,6.86106346483796,0.4124154973995223
1787022610396,0.001457,6829947.0,0.001458,2326069.0,0.0014575,6.86106346483796,0.49190368387298583
1787022610397,0.001457,6823338.0,0.001458,2408444.0,0.0014575,6.86106346483796,0.4782277137826695
1787022610398,0.001457,6823338.0,0.001458,2401585.0,0.0014575,6.86106346483796,0.4793268193132886
1787022610402,0.001457,6823338.0,0.001458,2384506.0,0.0014575,6.86106346483796,0.4820707214414145
1787022610404,0.001457,6823338.0,0.001458,2398223.0,0.0014575,6.86106346483796,0.4798661528129565
1787022610408,0.001457,6823338.0,0.001458,2391364.0,0.0014575,6.86106346483796,0.4809676970562911
1787022610451,0.001457,6823338.0,0.001458,2431917.0,0.0014575,6.86106346483796,0.4744786610417541
1787022610452,0.001457,6823338.0,0.001458,2466801.0,0.0014575,6.86106346483796,0.4689420685740009
1787022610453,0.001457,6834176.0,0.001458,2466801.0,0.0014575,6.86106346483796,0.4695608859155334
1787022610463,0.001457,7671371.0,0.001458,3322619.0,0.0014575,6.86106346483796,0.39555720898418134
1787022610464,0.001457,6834176.0,0.001458,3322619.0,0.0014575,6.86106346483796,0.345734751956695
1787022610520,0.001457,6834176.0,0.001458,3282066.0,0.0014575,6.86106346483796,0.35112940160980727
1787022610521,0.001457,6834176.0,0.001458,3247182.0,0.0014575,6.86106346483796,0.35580464457268557
1787022610525,0.001457,6837951.0,0.001458,3247182.0,0.0014575,6.86106346483796,0.3560457754994406
1787022610537,0.001457,6849272.0,0.001458,3258503.0,0.0014575,6.86106346483796,0.35524821239095644
1787022610575,0.001457,6841103.0,0.001458,3258503.0,0.0014575,6.86106346483796,0.35472670914093085
1787022610685,0.001457,7354462.0,0.001458,3258503.0,0.0014575,6.86106346483796,0.38593917910781766
1787022610798,0.001457,7354462.0,0.001458,3265364.0,0.0014575,6.86106346483796,0.38504378508649767
1787022610879,0.001457,7342992.0,0.001458,3265364.0,0.0014575,6.86106346483796,0.3843788801959512
1787022611050,0.001457,7342992.0,0.001458,3260600.0,0.0014575,6.86106346483796,0.3850008563135964
1787022611066,0.001457,8111027.0,0.001458,3260600.0,0.0014575,6.86106346483796,0.4265376449649641
1787022611172,0.001457,8370232.0,0.001458,3260600.0,0.0014575,6.86106346483796,0.4393178407185316
1787022611285,0.001457,8359394.0,0.001458,3260600.0,0.0014575,6.86106346483796,0.43879489094400564
1787022611286,0.001457,8370236.0,0.001458,3260600.0,0.0014575,6.86106346483796,0.43931803354462223
1787022611294,0.001457,8370236.0,0.001458,2260600.0,0.0014575,6.86106346483796,0.5747088940136035
1787022611298,0.001457,8370236.0,0.001458,2253739.0,0.0014575,6.86106346483796,0.5757258464934264
1787022611402,0.001457,8370236.0,0.001458,1886016.0,0.0014575,6.86106346483796,0.6322212051731958
1787022611566,0.001457,8370236.0,0.001458,1663923.0,0.0014575,6.86106346483796,0.6683482890793339
1787022611567,0.001457,8370236.0,0.001458,808105.0,0.0014575,6.86106346483796,0.8239104430746254
1787022611568,0.001457,8370236.0,0.001458,646336.0,0.0014575,6.86106346483796,0.8566337628091918
1787022611647,0.001457,8366727.0,0.001458,646336.0,0.0014575,6.86106346483796,0.8565779469199316
1787022611648,0.001457,8366727.0,0.001458,1646336.0,0.0014575,6.86106346483796,0.6711623606083373
1787022611650,0.001457,8366727.0,0.001458,1635015.0,0.0014575,6.86106346483796,0.673053954001213
1787022611651,0.001457,8366727.0,0.001458,1694813.0,0.0014575,6.86106346483796,0.6631106172613735
1787022611731,0.001457,8366727.0,0.001458,1675016.0,0.0014575,6.86106346483796,0.6663893907661249
1787022611799,0.001457,8366727.0,0.001458,1681877.0,0.0014575,6.86106346483796,0.6652516110695575
1787022611858,0.001457,8366727.0,0.001458,2532611.0,0.0014575,6.86106346483796,0.5352725092111099
1787022611865,0.001457,8355205.0,0.001458,2532611.0,0.0014575,6.86106346483796,0.5347807126792004
1787022612087,0.001457,8355205.0,0.001458,2675946.0,0.0014575,6.86106346483796,0.5148382974723127
1787022612118,0.001457,8355205.0,0.001458,2675946.0,0.0014575,6.86106346483796,0.5148382974723127
1787022612119,0.001457,8355205.0,0.001458,2751875.0,0.0014575,6.86106346483796,0.5044827263331136
1787022612121,0.001457,2886453.0,0.001458,2751875.0,0.0014575,6.86106346483796,0.023868423404952675
1787022612122,0.001457,2886453.0,0.001458,2751875.0,0.0014575,6.86106346483796,0.023868423404952675
1787022612123,0.001457,1671480.0,0.001458,2970055.0,0.0014575,6.86106346483796,-0.27977274759319926
1787022612124,0.001457,1200857.0,0.001458,3030227.0,0.0014575,6.86106346483796,-0.4323643775448561
1787022612125,0.001456,798752.0,0.001457,999393.0,0.0014565,6.865774116031005,-0.11158221389265048
1787022612126,0.001456,787430.0,0.001457,2705381.0,0.0014565,6.865774116031005,-0.5491138799093338
1787022612127,0.001456,699759.0,0.001457,2660700.0,0.0014565,6.865774116031005,-0.5835336779886319
1787022612128,0.001456,625956.0,0.001457,1558900.0,0.0014565,6.865774116031005,-0.4270048003163595
1787022612147,0.001456,625956.0,0.001457,1093992.0,0.0014565,6.865774116031005,-0.27212218043801323
1787022612156,0.001456,625956.0,0.001457,575887.0,0.0014565,6.865774116031005,0.04166018356807004
1787022612165,0.001456,750863.0,0.001457,575887.0,0.0014565,6.865774116031005,0.1318831731675146
1787022612190,0.001456,750863.0,0.001457,805396.0,0.0014565,6.865774116031005,-0.03504108249333819
1787022612200,0.001456,750863.0,0.001457,684944.0,0.0014565,6.865774116031005,0.04591076655845806
1787022612268,0.001456,762192.0,0.001457,684944.0,0.0014565,6.865774116031005,0.05337991729871968
1787022612307,0.001456,773034.0,0.001457,684944.0,0.0014565,6.865774116031005,0.06041929302088234
1787022612324,0.001456,1629363.0,0.001457,684944.0,0.0014565,6.865774116031005,0.40807853063573674
1787022612325,0.001456,1618034.0,0.001457,684944.0,0.0014565,6.865774116031005,0.40516670154903783
1787022612366,0.001456,1614255.0,0.001457,684944.0,0.0014565,6.865774116031005,0.40418902409056373
1787022612380,0.001456,1625584.0,0.001457,684944.0,0.0014565,6.865774116031005,0.40711040939560134
1787022612461,0.001456,1625584.0,0.001457,1582100.0,0.0014565,6.865774116031005,0.013556198179122382
1787022612462,0.001456,1625584.0,0.001457,1570771.0,0.0014565,6.865774116031005,0.017148595822428985
1787022612498,0.001456,1625584.0,0.001457,1582100.0,0.0014565,6.865774116031005,0.013556198179122382
1787022612571,0.001456,1625584.0,0.001457,1472286.0,0.0014565,6.865774116031005,0.04948496870430328
1787022612572,0.001456,1697829.0,0.001457,575130.0,0.0014565,6.865774116031005,0.49393719816327525
1787022612575,0.001456,1697829.0,0.001457,623607.0,0.0014565,6.865774116031005,0.4627403038464123
1787022612697,0.001456,1697829.0,0.001457,1623607.0,0.0014565,6.865774116031005,0.022346358623197917
1787022612698,0.001456,1697829.0,0.001457,1612278.0,0.0014565,6.865774116031005,0.025845388079599844
1787022612701,0.001456,1697829.0,0.001457,1623607.0,0.0014565,6.865774116031005,0.022346358623197917
1787022612704,0.001456,1697829.0,0.001457,1606448.0,0.0014565,6.865774116031005,0.027655369086792662
1787022612706,0.001456,1633760.0,0.001457,1606448.0,0.0014565,6.865774116031005,0.008429088502960303
1787022612708,0.001456,1561515.0,0.001457,1606448.0,0.0014565,6.865774116031005,-0.01418356211862323
1787022612709,0.001456,705186.0,0.001457,1606448.0,0.0014565,6.865774116031005,-0.38988092405631686
1787022612725,0.001456,701739.0,0.001457,1606448.0,0.0014565,6.865774116031005,-0.3919565442487979
1787022612763,0.001456,681128.0,0.001457,1606448.0,0.0014565,6.865774116031005,-0.4044980363493934
1787022612782,0.001456,681128.0,0.001457,1584364.0,0.0014565,6.865774116031005,-0.39869308741765586
1787022612933,0.001456,1454616.0,0.001457,2324651.0,0.0014565,6.865774116031005,-0.23021263117953825
1787022612934,0.001456,1443287.0,0.001457,2324651.0,0.0014565,6.865774116031005,-0.2339114921742343
1787022612935,0.001456,1454616.0,0.001457,2324651.0,0.0014565,6.865774116031005,-0.23021263117953825
1787022612951,0.001456,1443774.0,0.001457,2324651.0,0.0014565,6.865774116031005,-0.23375203168432435
1787022612955,0.001456,1432195.0,0.001457,2462192.0,0.0014565,6.865774116031005,-0.2644824461462099
1787022612956,0.001456,1432195.0,0.001457,2538380.0,0.0014565,6.865774116031005,-0.27859566939297203
1787022612957,0.001456,658707.0,0.001457,2538380.0,0.0014565,6.865774116031005,-0.5879330152729657
1787022612958,0.001456,513187.0,0.001457,2538380.0,0.0014565,6.865774116031005,-0.6636567376695317
1787022612960,0.001455,624949.0,0.001457,2538380.0,0.0014559999999999998,13.736263736264071,-0.6048789107930285
1787022612961,0.001455,406836.0,0.001456,341047.0,0.0014555,6.870491240124581,0.08796696809527693
1787022612962,0.001455,212734.0,0.001456,1645751.0,0.0014555,6.870491240124581,-0.7710672940594087
1787022612963,0.001455,212734.0,0.001456,1916186.0,0.0014555,6.870491240124581,-0.8001484320688425
1787022612967,0.001455,67214.0,0.001456,2160466.0,0.0014555,6.870491240124581,-0.9396556058320764
1787022612979,0.001455,67214.0,0.001456,1160466.0,0.0014555,6.870491240124581,-0.8905024110517399
1787022612980,0.001455,74500.0,0.001456,1160466.0,0.0014555,6.870491240124581,-0.8793489051520447
1787022612997,0.001455,74500.0,0.001456,1187956.0,0.0014555,6.870491240124581,-0.8819760847110711
1787022613045,0.001455,26023.0,0.001456,1187956.0,0.0014555,6.870491240124581,-0.9571277592116503
1787022613047,0.001455,26023.0,0.001456,1401832.0,0.0014555,6.870491240124581,-0.9635495200843223
1787022613048,0.001455,18737.0,0.001456,1187956.0,0.0014555,6.870491240124581,-0.9689448766173335
1787022613049,0.001454,1862618.0,0.001455,413081.0,0.0014545,6.8752148504634985,0.6369634121208473
1787022613050,0.001454,1844650.0,0.001455,760236.0,0.0014545,6.8752148504634985,0.4162999839532325
1787022613051,0.001454,1833312.0,0.001455,760236.0,0.0014545,6.8752148504634985,0.41374827070869713
1787022613052,0.001454,1833312.0,0.001455,1168417.0,0.0014545,6.8752148504634985,0.22150400652423985
1787022613053,0.001454,1833312.0,0.001455,1087852.0,0.0014545,6.8752148504634985,0.25519279300990977
1787022613080,0.001454,1833312.0,0.001455,869739.0,0.0014545,6.8752148504634985,0.3564760709287394
1787022613112,0.001454,1833312.0,0.001455,953997.0,0.0014545,6.8752148504634985,0.3154709434798941
1787022613138,0.001454,1844657.0,0.001455,965342.0,0.0014545,6.8752148504634985,0.31292359890519533
1787022613158,0.001454,2732319.0,0.001455,1830864.0,0.0014545,6.8752148504634985,0.1975496051769127
1787022613190,0.001454,2732319.0,0.001455,1877798.0,0.0014545,6.8752148504634985,0.18535776857724
1787022613267,0.001454,3363968.0,0.001455,1877798.0,0.0014545,6.8752148504634985,0.2835246746993284
1787022613301,0.001454,3370843.0,0.001455,1877798.0,0.0014545,6.8752148504634985,0.28446315913014436
1787022613302,0.001454,3370843.0,0.001455,1012276.0,0.0014545,6.8752148504634985,0.5381024334497877
1787022613303,0.001454,3370843.0,0.001455,1012276.0,0.0014545,6.8752148504634985,0.5381024334497877
1787022613304,0.001454,3442744.0,0.001455,1012276.0,0.0014545,6.8752148504634985,0.5455571467692626
1787022613324,0.001454,3442744.0,0.001455,873435.0,0.0014545,6.8752148504634985,0.5952739680166184
1787022613326,0.001455,445066.0,0.001456,1451455.0,0.0014555,6.870491240124581,-0.5306500692583948
1787022613327,0.001455,663246.0,0.001456,1403353.0,0.0014555,6.870491240124581,-0.35812801612697964
1787022613328,0.001455,667027.0,0.001456,1133745.0,0.0014555,6.870491240124581,-0.2591766198052835
1787022613331,0.001455,715504.0,0.001456,1133745.0,0.0014555,6.870491240124581,-0.2261680282103708
1787022613347,0.001455,683519.0,0.001456,1133745.0,0.0014555,6.870491240124581,-0.24774936387888608
1787022613360,0.001455,683519.0,0.001456,1137524.0,0.0014555,6.870491240124581,-0.24931042265339148
1787022613381,0.001455,683519.0,0.001456,1133745.0,0.0014555,6.870491240124581,-0.24774936387888608
1787022613396,0.001455,683519.0,0.001456,1147483.0,0.0014555,6.870491240124581,-0.25339349711250997
1787022613413,0.001455,694354.0,0.001456,1147483.0,0.0014555,6.870491240124581,-0.2460201418475142
1787022613465,0.001455,694354.0,0.001456,1140614.0,0.0014555,6.870491240124581,-0.24319770154029935
1787022613466,0.001455,694354.0,0.001456,1133745.0,0.0014555,6.870491240124581,-0.24035405084735564
1787022613524,0.001455,1447435.0,0.001456,1926932.0,0.0014555,6.870491240124581,-0.14209983679902038
1787022613582,0.001455,1458772.0,0.001456,1926932.0,0.0014555,6.870491240124581,-0.13827552556277808
1787022613583,0.001455,1458772.0,0.001456,1938269.0,0.0014555,6.870491240124581,-0.14115137262105462
1787022613684,0.001455,1519844.0,0.001456,1938269.0,0.0014555,6.870491240124581,-0.12099807033489074
1787022613686,0.001455,1519844.0,0.001456,2938269.0,0.0014555,6.870491240124581,-0.3181671258669307
1787022613718,0.001455,1515363.0,0.001456,2938269.0,0.0014555,6.870491240124581,-0.3194933932574582
1787022613720,0.001455,1454291.0,0.001456,2938269.0,0.0014555,6.870491240124581,-0.3378389822791265
1787022613726,0.001455,1454291.0,0.001456,1938269.0,0.0014555,6.870491240124581,-0.1426586412620558
1787022613727,0.001455,1454291.0,0.001456,1926932.0,0.0014555,6.870491240124581,-0.1397840367228071
1787022613729,0.001455,1454291.0,0.001456,1938269.0,0.0014555,6.870491240124581,-0.1426586412620558
1787022613779,0.001455,1446602.0,0.001456,1938269.0,0.0014555,6.870491240124581,-0.14525428000062632
1787022613781,0.001455,1446602.0,0.001456,2938269.0,0.0014555,6.870491240124581,-0.3401849222018162
1787022613782,0.001455,1398125.0,0.001456,2938269.0,0.0014555,6.870491240124581,-0.3551669889774776
1787022613784,0.001455,1387290.0,0.001456,2938269.0,0.0014555,6.870491240124581,-0.3585615177136643
1787022613803,0.001455,1387290.0,0.001456,1938269.0,0.0014555,6.870491240124581,-0.16568011573392624
1787022613804,0.001455,1387290.0,0.001456,1926932.0,0.0014555,6.870491240124581,-0.16282614743369636
1787022613831,0.001455,1387290.0,0.001456,1917125.0,0.0014555,6.870491240124581,-0.1603415430567892
1787022613968,0.001455,1387290.0,0.001456,2142034.0,0.0014555,6.870491240124581,-0.2138494510563496
1787022613969,0.001455,1387290.0,0.001456,2300345.0,0.0014555,6.870491240124581,-0.24759907094926695
1787022613970,0.001455,634209.0,0.001456,2300345.0,0.0014555,6.870491240124581,-0.5677646415775617
1787022614155,0.001455,622565.0,0.001456,2300345.0,0.0014555,6.870491240124581,-0.5740101474215764
1787022614157,0.001455,622565.0,0.001456,3300345.0,0.0014555,6.870491240124581,-0.6826004165275268
1787022614160,0.001455,622565.0,0.001456,3314081.0,0.0014555,6.870491240124581,-0.6837079076960438
1787022614175,0.001455,622565.0,0.001456,2314081.0,0.0014555,6.870491240124581,-0.576002691505888
1787022614176,0.001455,622565.0,0.001456,2302744.0,0.0014555,6.870491240124581,-0.574359495014031
1787022614177,0.001455,1493749.0,0.001456,2302744.0,0.0014555,6.870491240124581,-0.21309008076664437
1787022614179,0.001455,1482412.0,0.001456,2302744.0,0.0014555,6.870491240124581,-0.2167234322706911
1787022614287,0.001455,1482412.0,0.001456,2281964.0,0.0014555,6.870491240124581,-0.2123996115159591
1787022614290,0.001455,1482412.0,0.001456,2262470.0,0.0014555,6.870491240124581,-0.20829975417115945
1787022614307,0.001455,1493749.0,0.001456,2273807.0,0.0014555,6.870491240124581,-0.20704615936697424
1787022614359,0.001455,1493749.0,0.001456,2470547.0,0.0014555,6.870491240124581,-0.24639885619035512
1787022614406,0.001455,1493749.0,0.001456,2449767.0,0.0014555,6.870491240124581,-0.24242782329271645
1787022614425,0.001455,1707019.0,0.001456,2449767.0,0.0014555,6.870491240124581,-0.17868324229344498
1787022614512,0.001455,1707019.0,0.001456,2489780.0,0.0014555,6.870491240124581,-0.18651381683992968
1787022614516,0.001455,1707019.0,0.001456,2455091.0,0.0014555,6.870491240124581,-0.17973383692406014
1787022614699,0.001455,1707019.0,0.001456,2415209.0,0.0014555,6.870491240124581,-0.17179787241268557
1787022614701,0.001455,1717857.0,0.001456,1807829.0,0.0014555,6.870491240124581,-0.02551900537937865
1787022614702,0.001455,1717857.0,0.001456,1000906.0,0.0014555,6.870491240124581,0.2637048540089739
1787022614703,0.001455,1717857.0,0.001456,782726.0,0.0014555,6.870491240124581,0.37396519131738476
1787022614756,0.001455,1717857.0,0.001456,762122.0,0.0014555,6.870491240124581,0.3853802794297855
1787022614788,0.001455,1717857.0,0.001456,722239.0,0.0014555,6.870491240124581,0.40802411052679893
1787022614871,0.001455,1784869.0,0.001456,722239.0,0.0014555,6.870491240124581,0.42384691844148714
1787022614883,0.001455,1784869.0,0.001456,701657.0,0.0014555,6.870491240124581,0.4356326859240563
1787022614899,0.001455,1782053.0,0.001456,701657.0,0.0014555,6.870491240124581,0.4349928131706198
1787022614901,0.001455,1782053.0,0.001456,1701657.0,0.0014555,6.870491240124581,0.023077695904653372
1787022614902,0.001455,1782053.0,0.001456,1690320.0,0.0014555,6.870491240124581,0.02641795682664276
1787022614905,0.001455,1782053.0,0.001456,529313.0,0.0014555,6.870491240124581,0.541991186164372
1787022614906,0.001456,41019.0,0.001457,2923065.0,0.0014565,6.865774116031005,-0.972322646726611
1787022614907,0.001456,898723.0,0.001457,2794386.0,0.0014565,6.865774116031005,-0.5132973329517218
1787022614908,0.001456,1135433.0,0.001457,1311306.0,0.0014565,6.865774116031005,-0.07188057246808915
1787022614909,0.001456,1111828.0,0.001457,1311306.0,0.0014565,6.865774116031005,-0.08232231482039376
1787022614922,0.001456,1111828.0,0.001457,1304697.0,0.0014565,6.865774116031005,-0.07981254073514654
1787022614959,0.001456,1122870.0,0.001457,1304697.0,0.0014565,6.865774116031005,-0.0749009193155122
1787022614998,0.001456,1122870.0,0.001457,1332161.0,0.0014565,6.865774116031005,-0.08524984002238668
1787022615004,0.001456,1122870.0,0.001457,1297821.0,0.0014565,6.865774116031005,-0.07227316497644681
1787022615081,0.001456,1133708.0,0.001457,1297821.0,0.0014565,6.865774116031005,-0.06749374570486308
1787022615092,0.001456,1145037.0,0.001457,1309150.0,0.0014565,6.865774116031005,-0.06687061743868744
1787022615112,0.001456,2038587.0,0.001457,2049914.0,0.0014565,6.865774116031005,-0.0027704530340092863
1787022615143,0.001456,1333009.0,0.001457,2049914.0,0.0014565,6.865774116031005,-0.21191880512799138
1787022615145,0.001456,306530.0,0.001457,2049914.0,0.0014565,6.865774116031005,-0.7398368049484733
1787022615147,0.001456,306530.0,0.001457,2181461.0,0.0014565,6.865774116031005,-0.7535923562424462
1787022615151,0.001455,1083955.0,0.001456,572085.0,0.0014555,6.870491240124581,0.3090927755368228
1787022615152,0.001455,1083955.0,0.001456,847309.0,0.0014555,6.870491240124581,0.12253425735683987
1787022615153,0.001455,918768.0,0.001456,1064633.0,0.0014555,6.870491240124581,-0.07354286904161085
1787022615154,0.001455,918768.0,0.001456,837886.0,0.0014555,6.870491240124581,0.04604321625089517
1787022615155,0.001455,907439.0,0.001456,1272105.0,0.0014555,6.870491240124581,-0.16731297922868268
1787022615156,0.001455,907439.0,0.001456,369440.0,0.0014555,6.870491240124581,0.42133906188448556
1787022615158,0.001455,1072625.0,0.001456,265801.0,0.0014555,6.870491240124581,0.6028155460219691
1787022615160,0.001455,907439.0,0.001456,265801.0,0.0014555,6.870491240124581,0.5468940711192936
1787022615168,0.001455,907439.0,0.001456,288751.0,0.0014555,6.870491240124581,0.517215492522091
1787022615172,0.001455,907439.0,0.001456,265801.0,0.0014555,6.870491240124581,0.5468940711192936
1787022615183,0.001455,907439.0,0.001456,48477.0,0.0014555,6.870491240124581,0.8985747701680901
1787022615185,0.001455,1072625.0,0.001456,48477.0,0.0014555,6.870491240124581,0.9135190196788517
1787022615209,0.001455,1121102.0,0.001456,48477.0,0.0014555,6.870491240124581,0.9171035047653899
1787022615210,0.001455,1132439.0,0.001456,59814.0,0.0014555,6.870491240124581,0.8996622361193471
1787022615214,0.001455,1083962.0,0.001456,59814.0,0.0014555,6.870491240124581,0.895409590689086
1787022615358,0.001455,1965154.0,0.001456,59814.0,0.0014555,6.870491240124581,0.9409235108900487
1787022615373,0.001455,1961375.0,0.001456,59814.0,0.0014555,6.870491240124581,0.9408130560773881
1787022615377,0.001455,1961375.0,0.001456,63592.0,0.0014555,6.870491240124581,0.937192062883
1787022615475,0.001455,1961375.0,0.001456,154288.0,0.0014555,6.870491240124581,0.8541469033584271
1787022615476,0.001455,1961375.0,0.001456,142951.0,0.0014555,6.870491240124581,0.8641360701716368
1787022615478,0.001455,1961375.0,0.001456,154288.0,0.0014555,6.870491240124581,0.8541469033584271
1787022615624,0.001455,2060027.0,0.001456,154288.0,0.0014555,6.870491240124581,0.8606449398572471
1787022615664,0.001455,2060027.0,0.001456,1154288.0,0.0014555,6.870491240124581,0.28178289931136186
1787022615665,0.001455,2060027.0,0.001456,1154288.0,0.0014555,6.870491240124581,0.28178289931136186
1787022615666,0.001455,2060027.0,0.001456,1967786.0,0.0014555,6.870491240124581,0.0229010135276886
1787022615667,0.001455,1894841.0,0.001456,1967786.0,0.0014555,6.870491240124581,-0.01888481595556599
1787022615668,0.001455,1894841.0,0.001456,1967786.0,0.0014555,6.870491240124581,-0.01888481595556599
1787022615699,0.001455,1894841.0,0.001456,1154288.0,0.0014555,6.870491240124581,0.24287362063067847
1787022615700,0.001455,1894841.0,0.001456,1142951.0,0.0014555,6.870491240124581,0.24751200872212448
1787022615770,0.001455,1894841.0,0.001456,1154288.0,0.0014555,6.870491240124581,0.24287362063067847
1787022615847,0.001455,1888657.0,0.001456,1154288.0,0.0014555,6.870491240124581,0.24133495676063813
1787022615848,0.001455,1821645.0,0.001456,1154288.0,0.0014555,6.870491240124581,0.22425135243300168
1787022615889,0.001455,1754344.0,0.001456,1154288.0,0.0014555,6.870491240124581,0.20630179410802055
1787022615891,0.001455,1754344.0,0.001456,1372468.0,0.0014555,6.870491240124581,0.12212950442815237
1787022615907,0.001455,1754344.0,0.001456,2107679.0,0.0014555,6.870491240124581,-0.09148961567551514
1787022615936,0.001455,1754344.0,0.001456,2085762.0,0.0014555,6.870491240124581,-0.08630438847260988
1787022616059,0.001455,1813321.0,0.001456,2085762.0,0.0014555,6.870491240124581,-0.0698730958022694
1787022616155,0.001455,1801582.0,0.001456,2085762.0,0.0014555,6.870491240124581,-0.07310389818858326
1787022616296,0.001455,1808452.0,0.001456,2085762.0,0.0014555,6.870491240124581,-0.07121077578171102
1787022616333,0.001455,1808452.0,0.001456,1978250.0,0.0014555,6.870491240124581,-0.044840602719728145
1787022616334,0.001455,1877295.0,0.001456,1246817.0,0.0014555,6.870491240124581,0.20181030641667136
1787022616335,0.001455,1877295.0,0.001456,1246817.0,0.0014555,6.870491240124581,0.20181030641667136
1787022616352,0.001455,1863682.0,0.001456,1246817.0,0.0014555,6.870491240124581,0.19831705459477725
1787022616354,0.001455,1794839.0,0.001456,1246817.0,0.0014555,6.870491240124581,0.1801722482752816
1787022616390,0.001455,1794839.0,0.001456,1250511.0,0.0014555,6.870491240124581,0.17874070303905956
1787022616405,0.001455,1794839.0,0.001456,1032331.0,0.0014555,6.870491240124581,0.2697071629933821
1787022616421,0.001455,1791267.0,0.001456,1032331.0,0.0014555,6.870491240124581,0.2687833041389036
1787022616685,0.001455,1791267.0,0.001456,1878486.0,0.0014555,6.870491240124581,-0.023766994672393484
1787022616800,0.001455,1784397.0,0.001456,1878486.0,0.0014555,6.870491240124581,-0.02568714316018284
1787022616827,0.001455,1780890.0,0.001456,1878486.0,0.0014555,6.870491240124581,-0.02667012080748193
1787022616849,0.001455,1728269.0,0.001456,1878486.0,0.0014555,6.870491240124581,-0.04164879510806806
1787022616861,0.001455,1728269.0,0.001456,1032331.0,0.0014555,6.870491240124581,0.2520966456567413
1787022616862,0.001455,1728269.0,0.001456,1020994.0,0.0014555,6.870491240124581,0.25725985473197727
1787022616903,0.001455,1728269.0,0.001456,1032331.0,0.0014555,6.870491240124581,0.2520966456567413
1787022616985,0.001455,1728269.0,0.001456,1014198.0,0.0014555,6.870491240124581,0.2603754211080753
1787022617094,0.001455,1728269.0,0.001457,2562279.0,0.0014559999999999998,13.736263736264071,-0.19438309511978424
1787022617095,0.001456,435996.0,0.001457,2780391.0,0.0014565,6.865774116031005,-0.7288908330993752
1787022617096,0.001456,1271936.0,0.001457,2393479.0,0.0014565,6.865774116031005,-0.3059798140183308
1787022617097,0.001456,654176.0,0.001457,2515941.0,0.0014565,6.865774116031005,-0.5872858951262682
1787022617098,0.001456,657954.0,0.001457,2515941.0,0.0014565,6.865774116031005,-0.5853964923225249
1787022617099,0.001456,636042.0,0.001457,2515941.0,0.0014565,6.865774116031005,-0.5964178740811736
1787022617103,0.001456,719592.0,0.001457,2515941.0,0.0014565,6.865774116031005,-0.5551941519372542
1787022617141,0.001456,719592.0,0.001457,2583963.0,0.0014565,6.865774116031005,-0.5643529470524935
1787022617164,0.001456,719592.0,0.001457,2597691.0,0.0014565,6.865774116031005,-0.5661557967770612
1787022617191,0.001456,707804.0,0.001457,2597691.0,0.0014565,6.865774116031005,-0.5717409949190666
1787022617233,0.001456,707804.0,0.001457,2590827.0,0.0014565,6.865774116031005,-0.5708498464969255
1787022617234,0.001456,635505.0,0.001457,2583963.0,0.0014565,6.865774116031005,-0.6052111715351729
1787022617360,0.001456,635505.0,0.001457,2580186.0,0.0014565,6.865774116031005,-0.6047474710723139
1787022617468,0.001456,1495418.0,0.001457,2580186.0,0.0014565,6.865774116031005,-0.2661612855419712
1787022617586,0.001456,1506747.0,0.001457,2591515.0,0.0014565,6.865774116031005,-0.26468976361198965
1787022617701,0.001456,1506747.0,0.001457,2842112.0,0.0014565,6.865774116031005,-0.3070610015178694
1787022617702,0.001456,1506747.0,0.001457,2855839.0,0.0014565,6.865774116031005,-0.3092413536374985
1787022617704,0.001456,428654.0,0.001457,2855839.0,0.0014565,6.865774116031005,-0.738983155086645
1787022617706,0.001456,98657.0,0.001457,2855839.0,0.0014565,6.865774116031005,-0.933215682133264
1787022617707,0.001455,1019538.0,0.001456,1188580.0,0.0014555,6.870491240124581,-0.07655478556852487
1787022617708,0.001455,835740.0,0.001456,2005262.0,0.0014555,6.870491240124581,-0.411658281127574
1787022617789,0.001455,835740.0,0.001456,2062614.0,0.0014555,6.870491240124581,-0.4233002593886047
1787022617818,0.001455,887707.0,0.001456,2062614.0,0.0014555,6.870491240124581,-0.3982302264736617
1787022617836,0.001455,887707.0,0.001456,1844434.0,0.0014555,6.870491240124581,-0.350174826262627
1787022617842,0.001455,887707.0,0.001456,1874518.0,0.0014555,6.870491240124581,-0.3572522151526396
1787022617875,0.001455,883416.0,0.001456,1874518.0,0.0014555,6.870491240124581,-0.3593639296661922
1787022617876,0.001455,842786.0,0.001456,1885855.0,0.0014555,6.870491240124581,-0.38226685005466093
1787022617895,0.001455,842786.0,0.001456,2104035.0,0.0014555,6.870491240124581,-0.42800326182011056
1787022617904,0.001455,842786.0,0.001456,3005302.0,0.0014555,6.870491240124581,-0.5619715557440474
1787022617905,0.001455,1659038.0,0.001456,3005302.0,0.0014555,6.870491240124581,-0.2886290450524619
1787022617963,0.001455,1659038.0,0.001456,1656405.0,0.0014555,6.870491240124581,0.0007941623487419329
1787022617964,0.001455,1659038.0,0.001456,1607928.0,0.0014555,6.870491240124581,0.01564448482169695
1787022617965,0.001455,1659038.0,0.001456,1194847.0,0.0014555,6.870491240124581,0.16265231430138216
1787022617966,0.001455,1659038.0,0.001456,160449.0,0.0014555,6.870491240124581,0.8236327052625273
1787022617967,0.001456,536835.0,0.001457,2136994.0,0.0014565,6.865774116031005,-0.5984522570441116
1787022617968,0.001456,457796.0,0.001457,2208427.0,0.0014565,6.865774116031005,-0.6565958661372285
1787022617969,0.001456,510051.0,0.001457,2036663.0,0.0014565,6.865774116031005,-0.5994438323266766
1787022617970,0.001456,489061.0,0.001457,2036663.0,0.0014565,6.865774116031005,-0.6127359917393983
1787022617973,0.001456,489061.0,0.001457,1786066.0,0.0014565,6.865774116031005,-0.570080263651216
1787022617974,0.001456,489061.0,0.001457,1772339.0,0.0014565,6.865774116031005,-0.5674705934376935
1787022617980,0.001455,1827995.0,0.001457,1772339.0,0.0014559999999999998,13.736263736264071,0.0154585657886185
1787022617981,0.001455,1812887.0,0.001456,309297.0,0.0014555,6.870491240124581,0.7085106663701168
1787022617982,0.001455,1647701.0,0.001456,575954.0,0.0014555,6.870491240124581,0.4819753963631948
1787022617983,0.001455,831449.0,0.001456,575954.0,0.0014555,6.870491240124581,0.18153648954848042
1787022618002,0.001455,831449.0,0.001456,509572.0,0.0014555,6.870491240124581,0.24002383258726
1787022618033,0.001455,831449.0,0.001456,485277.0,0.0014555,6.870491240124581,0.26290359573669847
1787022618107,0.001455,842786.0,0.001456,496614.0,0.0014555,6.870491240124581,0.25845303867403313
1787022618117,0.001455,763225.0,0.001456,496614.0,0.0014555,6.870491240124581,0.21162307247195872
1787022618118,0.001455,763225.0,0.001456,1496614.0,0.0014555,6.870491240124581,-0.32453152636094873
1787022618119,0.001455,763225.0,0.001456,1485277.0,0.0014555,6.870491240124581,-0.32112579842045946
1787022618179,0.001455,763225.0,0.001456,1489055.0,0.0014555,6.870491240124581,-0.3222645497007477
1787022618193,0.001455,1536340.0,0.001456,2232424.0,0.0014555,6.870491240124581,-0.18469821936316522
1787022618194,0.001455,1525003.0,0.001456,2232424.0,0.0014555,6.870491240124581,-0.1882727196030688
1787022618216,0.001455,1504377.0,0.001456,2232424.0,0.0014555,6.870491240124581,-0.19483162202108167
1787022618217,0.001455,1515714.0,0.001456,2243761.0,0.0014555,6.870491240124581,-0.19365656108898183
1787022618242,0.001455,1515714.0,0.001456,2334457.0,0.0014555,6.870491240124581,-0.2126510744587708
1787022618246,0.001455,1515714.0,0.001456,2391809.0,0.0014555,6.870491240124581,-0.2242072535465562
1787022618311,0.001455,1613047.0,0.001456,2391809.0,0.0014555,6.870491240124581,-0.19445443231916454
1787022618317,0.001455,1601204.0,0.001456,2391809.0,0.0014555,6.870491240124581,-0.19799710143693497
1787022618532,0.001455,1601204.0,0.001456,1792766.0,0.0014555,6.870491240124581,-0.056441866015315395
1787022618533,0.001455,1601204.0,0.001456,1049397.0,0.0014555,6.870491240124581,0.20818184253307082
1787022618633,0.001455,2016079.0,0.001456,1049397.0,0.0014555,6.870491240124581,0.315344827361232
1787022618669,0.001455,2065538.0,0.001456,1049397.0,0.0014555,6.870491240124581,0.3262157958352261
1787022618751,0.001455,2065538.0,0.001456,1809660.0,0.0014555,6.870491240124581,0.06602965835552145
1787022618752,0.001455,2065538.0,0.001456,1798323.0,0.0014555,6.870491240124581,0.069157508512858
1787022618754,0.001455,2065538.0,0.001456,1809660.0,0.0014555,6.870491240124581,0.06602965835552145
1787022618756,0.001455,2065538.0,0.001456,1836335.0,0.0014555,6.870491240124581,0.05874178887934077
1787022618843,0.001455,2016079.0,0.001456,1836335.0,0.0014555,6.870491240124581,0.0466574983893216
1787022618845,0.001455,2016079.0,0.001456,2054515.0,0.0014555,6.870491240124581,-0.009442356570073066
1787022618888,0.001455,266138.0,0.001456,2054515.0,0.0014555,6.870491240124581,-0.7706352479237525
1787022618889,0.001455,269919.0,0.001456,2272628.0,0.0014555,6.870491240124581,-0.7876782612081508
1787022618890,0.001455,3781.0,0.001456,2068251.0,0.0014555,6.870491240124581,-0.996350442464209
1787022618891,0.001455,3781.0,0.001456,2054515.0,0.0014555,6.870491240124581,-0.9963260872100028
1787022618893,0.001455,3781.0,0.001456,2226383.0,0.0014555,6.870491240124581,-0.9966092179767946
1787022618898,0.001455,3781.0,0.001456,2253875.0,0.0014555,6.870491240124581,-0.9966505083148186
1787022618902,0.001454,1302120.0,0.001455,219353.0,0.0014545,6.8752148504634985,0.711657058653029
1787022618903,0.001454,1287162.0,0.001455,1219353.0,0.0014545,6.8752148504634985,0.02705309962238407
1787022618904,0.001454,1283383.0,0.001455,1271611.0,0.0014545,6.8752148504634985,0.004607447219054135
1787022618905,0.001454,1271421.0,0.001455,1271611.0,0.0014545,6.8752148504634985,-7.47139634892522e-05
1787022618906,0.001454,1271421.0,0.001455,1507128.0,0.0014545,6.8752148504634985,-0.08483096753017492
1787022618907,0.001454,1119920.0,0.001455,1507128.0,0.0014545,6.8752148504634985,-0.14739281505324608
1787022618909,0.001454,1113939.0,0.001455,1507128.0,0.0014545,6.8752148504634985,-0.15001104512017435
1787022618914,0.001454,2492935.0,0.001455,1507128.0,0.0014545,6.8752148504634985,0.24644786844607197
1787022618931,0.001454,2485018.0,0.001455,1507128.0,0.0014545,6.8752148504634985,0.24495346613074773
1787022619018,0.001454,2496363.0,0.001455,1518473.0,0.0014545,6.8752148504634985,0.2435691021999404
1787022619081,0.001454,2496363.0,0.001455,1494719.0,0.0014545,6.8752148504634985,0.25097053881629094
1787022619096,0.001454,3286258.0,0.001455,2313321.0,0.0014545,6.8752148504634985,0.17375181241304033
1787022619498,0.001454,3286258.0,0.001455,1494719.0,0.0014545,6.8752148504634985,0.3747223632324523
1787022619499,0.001454,3286258.0,0.001455,1483374.0,0.0014545,6.8752148504634985,0.37799226439272465
1787022619500,0.001454,3286258.0,0.001455,1265194.0,0.0014545,6.8752148504634985,0.4440481850627009
1787022619563,0.001454,3286258.0,0.001455,1328548.0,0.0014545,6.8752148504634985,0.4242236835091226
1787022619579,0.001454,3286258.0,0.001455,1339893.0,0.0014545,6.8752148504634985,0.4207309705195529
1787022619704,0.001454,3338229.0,0.001455,1339893.0,0.0014545,6.8752148504634985,0.4271662859583397
1787022619755,0.001454,3338229.0,0.001455,1305279.0,0.0014545,6.8752148504634985,0.43780478035140674
1787022619811,0.001454,3338229.0,0.001455,1355962.0,0.0014545,6.8752148504634985,0.4222808573404874
1787022619862,0.001454,3338229.0,0.001455,1401310.0,0.0014545,6.8752148504634985,0.4086724468350192
1787022619889,0.001454,3333924.0,0.001455,1401310.0,0.0014545,6.8752148504634985,0.4081348461343199
1787022619891,0.001454,3281953.0,0.001455,1401310.0,0.0014545,6.8752148504634985,0.4015668135656699
1787022619896,0.001454,3281953.0,0.001455,2157062.0,0.0014545,6.8752148504634985,0.20681888172766577
1787022619999,0.001454,3336669.0,0.001455,2157062.0,0.0014545,6.8752148504634985,0.21471874032419863
1787022620000,0.001454,3336669.0,0.001455,1401310.0,0.0014545,6.8752148504634985,0.4084777496903215
1787022620002,0.001454,3336669.0,0.001455,1389965.0,0.0014545,6.8752148504634985,0.41185841763927566
1787022620065,0.001454,3336669.0,0.001455,1401310.0,0.0014545,6.8752148504634985,0.4084777496903215
1787022620135,0.001454,3336669.0,0.001455,1383446.0,0.0014545,6.8752148504634985,0.4138083500084214
1787022620211,0.001454,3336669.0,0.001455,1496816.0,0.0014545,6.8752148504634985,0.38064729692964805
1787022620502,0.001454,3057793.0,0.001455,1496816.0,0.0014545,6.8752148504634985,0.3427246993100835
1787022620503,0.001454,3057793.0,0.001455,2370614.0,0.0014545,6.8752148504634985,0.12658943959065708
1787022620504,0.001454,3057793.0,0.001455,2588794.0,0.0014545,6.8752148504634985,0.0830588459896217
1787022620855,0.001454,3057793.0,0.001455,2501905.0,0.0014545,6.8752148504634985,0.09998528697062323
1787022620856,0.001454,3057793.0,0.001455,2449953.0,0.0014545,6.8752148504634985,0.11036093530820049
1787022620857,0.001454,3109755.0,0.001455,2449953.0,0.0014545,6.8752148504634985,0.11867565706688193
1787022620858,0.001454,3109755.0,0.001455,1576155.0,0.0014545,6.8752148504634985,0.3272790130412236
1787022620859,0.001454,3327935.0,0.001455,1576155.0,0.0014545,6.8752148504634985,0.35720796314912656
1787022620861,0.001454,3327935.0,0.001455,1357975.0,0.0014545,6.8752148504634985,0.42040073326205585
1787022620864,0.001454,3327935.0,0.001455,1346630.0,0.0014545,6.8752148504634985,0.4238479944123143
1787022620920,0.001454,3327935.0,0.001455,1357975.0,0.0014545,6.8752148504634985,0.42040073326205585
1787022621040,0.001454,3327935.0,0.001455,1322391.0,0.0014545,6.8752148504634985,0.4312695497046874
1787022621055,0.001454,3323683.0,0.001455,1322391.0,0.0014545,6.8752148504634985,0.43074905823712667
1787022621183,0.001454,3323683.0,0.001455,1301336.0,0.0014545,6.8752148504634985,0.43726241989492365
1787022621557,0.001454,3271721.0,0.001455,1301336.0,0.0014545,6.8752148504634985,0.4308682354057691
1787022621709,0.001454,3271721.0,0.001455,2105297.0,0.0014545,6.8752148504634985,0.2169276725501012
1787022621807,0.001454,3271721.0,0.001456,1214620.0,0.0014550000000000001,13.745704467354285,0.4585253327823275
1787022621808,0.001454,3271721.0,0.001455,3781.0,0.0014545,6.8752148504634985,0.9976913462424997
1787022621809,0.001454,3328940.0,0.001455,3781.0,0.0014545,6.8752148504634985,0.9977309831816105
1787022621810,0.001455,126344.0,0.001456,821245.0,0.0014555,6.870491240124581,-0.7333358660769596
1787022621811,0.001455,77867.0,0.001456,398160.0,0.0014555,6.870491240124581,-0.6728462881307152
1787022621812,0.001455,81648.0,0.001456,398160.0,0.0014555,6.870491240124581,-0.6596638655462185
1787022621813,0.001455,81648.0,0.001456,446637.0,0.0014555,6.870491240124581,-0.6908941196513245
1787022621814,0.001455,130125.0,0.001456,446637.0,0.0014555,6.870491240124581,-0.5487740177057434
1787022621816,0.001455,130125.0,0.001456,441957.0,0.0014555,6.870491240124581,-0.5450826979349114
1787022621837,0.001455,130125.0,0.001456,452337.0,0.0014555,6.870491240124581,-0.5531897359827765
1787022621874,0.001455,2203222.0,0.001456,452337.0,0.0014555,6.870491240124581,0.6593282243023032
1787022621979,0.001455,2203222.0,0.001456,670517.0,0.0014555,6.870491240124581,0.5333487139924676
1787022621980,0.001455,2214559.0,0.001456,681854.0,0.0014555,6.870491240124581,0.529173498392667
1787022622044,0.001455,2214559.0,0.001456,1570577.0,0.0014555,6.870491240124581,0.17013444166867453
1787022622045,0.001455,3096189.0,0.001456,1570577.0,0.0014555,6.870491240124581,0.3269098986321577
1787022622046,0.001455,3096189.0,0.001456,1559240.0,0.0014555,6.870491240124581,0.3301412179199812
1787022622063,0.001455,3096189.0,0.001456,1549845.0,0.0014555,6.870491240124581,0.33283096938162743
1787022622071,0.001455,3088038.0,0.001456,1549845.0,0.0014555,6.870491240124581,0.33165843122821337
1787022622073,0.001455,3088038.0,0.001456,2349845.0,0.0014555,6.870491240124581,0.13575007038584685
1787022622099,0.001455,3088038.0,0.001456,2361182.0,0.0014555,6.870491240124581,0.13338716366746067
1787022622139,0.001455,3088038.0,0.001456,2391695.0,0.0014555,6.870491240124581,0.1270760819915861
1787022622219,0.001455,2206408.0,0.001456,2391695.0,0.0014555,6.870491240124581,-0.040296400493855834
1787022622233,0.001455,2206408.0,0.001456,2380117.0,0.0014555,6.870491240124581,-0.037873771537274954
1787022622361,0.001455,2206408.0,0.001456,2420130.0,0.0014555,6.870491240124581,-0.04619480051822767
1787022622539,0.001455,2206408.0,0.001456,2389617.0,0.0014555,6.870491240124581,-0.039862489868962854
1787022622560,0.001455,2206408.0,0.001456,2449637.0,0.0014555,6.870491240124581,-0.05223940060716767
1787022622581,0.001455,2194366.0,0.001456,2449637.0,0.0014555,6.870491240124581,-0.054967880081042156
1787022622645,0.001455,2194366.0,0.001456,2529663.0,0.0014555,6.870491240124581,-0.07097691398592176
1787022622764,0.001455,2173737.0,0.001456,2529663.0,0.0014555,6.870491240124581,-0.0756741931368797
1787022622972,0.001454,1961179.0,0.001456,2529663.0,0.0014550000000000001,13.745704467354285,-0.12658739719633869
1787022622973,0.001454,1887837.0,0.001455,1480566.0,0.0014545,6.8752148504634985,0.12090922612288375
1787022622974,0.001454,926038.0,0.001455,2517139.0,0.0014545,6.8752148504634985,-0.46210258723266334
1787022622975,0.001453,1471642.0,0.001454,23054.0,0.0014535,6.8799449604397385,0.9691522557095222
1787022622976,0.001453,1280750.0,0.001454,866723.0,0.0014535,6.8799449604397385,0.19279730175885798
1787022622977,0.001453,1047998.0,0.001454,1163886.0,0.0014535,6.8799449604397385,-0.05239334431642889
1787022622978,0.001453,1096475.0,0.001454,1185892.0,0.0014535,6.8799449604397385,-0.03917731022223858
1787022622980,0.001453,1044166.0,0.001454,1415028.0,0.0014535,6.8799449604397385,-0.15080632109544834
1787022622981,0.001453,989455.0,0.001454,1815028.0,0.0014535,6.8799449604397385,-0.29437618270461974
1787022622982,0.001453,989455.0,0.001454,1973673.0,0.0014535,6.8799449604397385,-0.3321550739623803
1787022622983,0.001453,863452.0,0.001454,2092179.0,0.0014535,6.8799449604397385,-0.41572408734378546
1787022622985,0.001453,814975.0,0.001454,2092179.0,0.0014535,6.8799449604397385,-0.4393313873293262
1787022622987,0.001453,863452.0,0.001454,2092179.0,0.0014535,6.8799449604397385,-0.41572408734378546
1787022622995,0.001453,814975.0,0.001454,2092179.0,0.0014535,6.8799449604397385,-0.4393313873293262
1787022622998,0.001453,814975.0,0.001454,2105941.0,0.0014535,6.8799449604397385,-0.44197299751173946
1787022622999,0.001453,814975.0,0.001454,2119703.0,0.0014535,6.8799449604397385,-0.44458983234276467
1787022623133,0.001453,820251.0,0.001454,2131055.0,0.0014535,6.8799449604397385,-0.44414371129256
1787022623181,0.001453,820251.0,0.001454,2920128.0,0.0014535,6.8799449604397385,-0.5614075472031043
1787022623182,0.001453,816328.0,0.001454,2920128.0,0.0014535,6.8799449604397385,-0.5630469086214317
1787022623188,0.001453,804870.0,0.001454,2920128.0,0.0014535,6.8799449604397385,-0.5678548015327793
1787022623273,0.001453,798041.0,0.001454,2920128.0,0.0014535,6.8799449604397385,-0.5707344125562878
1787022623299,0.001453,804920.0,0.001454,2920128.0,0.0014535,6.8799449604397385,-0.5678337567730671
1787022623426,0.001453,804920.0,0.001454,2986816.0,0.0014535,6.8799449604397385,-0.5754345766688398
1787022623432,0.001453,804920.0,0.001454,3000571.0,0.0014535,6.8799449604397385,-0.5769691742800075
1787022623437,0.001453,804920.0,0.001454,2350124.0,0.0014535,6.8799449604397385,-0.48975671971611173
1787022623439,0.001453,1034056.0,0.001454,1331915.0,0.0014535,6.8799449604397385,-0.12589292091914905
1787022623440,0.001453,1082533.0,0.001454,1102665.0,0.0014535,6.8799449604397385,-0.009212895124377745
1787022623441,0.001453,1082533.0,0.001454,56009.0,0.0014535,6.8799449604397385,0.901612764395165
1787022623442,0.001454,494290.0,0.001455,2850720.0,0.0014545,6.8752148504634985,-0.7044612721636109
1787022623443,0.001454,145467.0,0.001455,2409715.0,0.0014545,6.8752148504634985,-0.8861396174519075
1787022623444,0.001454,193944.0,0.001455,2452910.0,0.0014545,6.8752148504634985,-0.8534531938671344
1787022623445,0.001454,145467.0,0.001455,2125876.0,0.0014545,6.8752148504634985,-0.8719110235662337
1787022623446,0.001454,101293.0,0.001455,2149745.0,0.0014545,6.8752148504634985,-0.9100032962571045
1787022623447,0.001454,52260.0,0.001455,2156618.0,0.0014545,6.8752148504634985,-0.9526818592968919
1787022623448,0.001454,52260.0,0.001455,2149745.0,0.0014545,6.8752148504634985,-0.9525341677244148
1787022623449,0.001454,52260.0,0.001455,2163678.0,0.0014545,6.8752148504634985,-0.9528326153529566
1787022623499,0.001454,52260.0,0.001455,2191188.0,0.0014545,6.8752148504634985,-0.9534109994972025
1787022623502,0.001453,1097656.0,0.001455,2191188.0,0.001454,13.755158184317962,-0.33249737597769913
1787022623503,0.001453,1082526.0,0.001454,465341.0,0.0014535,6.8799449604397385,0.3987325784450473
1787022623504,0.001453,1082526.0,0.001454,513818.0,0.0014535,6.8799449604397385,0.3562565462080855
1787022623505,0.001453,1082526.0,0.001454,517601.0,0.0014535,6.8799449604397385,0.3530501016481817
1787022623506,0.001453,1082526.0,0.001454,746737.0,0.0014535,6.8799449604397385,0.18356518444860034
1787022623508,0.001453,1093878.0,0.001454,746737.0,0.0014535,6.8799449604397385,0.18860054927293324
1787022623512,0.001453,1093878.0,0.001454,517601.0,0.0014535,6.8799449604397385,0.3576075145875311
1787022623520,0.001453,1785605.0,0.001454,517601.0,0.0014535,6.8799449604397385,0.5505386839040884
1787022623555,0.001453,1785605.0,0.001454,528953.0,0.0014535,6.8799449604397385,0.5429338992585193
1787022623575,0.001453,1785605.0,0.001454,1328953.0,0.0014535,6.8799449604397385,0.14661855711147456
1787022623576,0.001453,1785605.0,0.001454,1317601.0,0.0014535,6.8799449604397385,0.15081306236195727
1787022623631,0.001453,1773512.0,0.001454,1317601.0,0.0014535,6.8799449604397385,0.1474908875864454
1787022623635,0.001453,1773512.0,0.001454,1546737.0,0.0014535,6.8799449604397385,0.06830060034654027
1787022623642,0.001453,1773512.0,0.001454,2348824.0,0.0014535,6.8799449604397385,-0.1395597059531295
1787022623659,0.001453,1773512.0,0.001454,2360176.0,0.0014535,6.8799449604397385,-0.14192266082974817
1787022623690,0.001453,2593110.0,0.001454,2360176.0,0.0014535,6.8799449604397385,0.047026155969996486
1787022623692,0.001453,2581758.0,0.001454,2360176.0,0.0014535,6.8799449604397385,0.04483710223568344
1787022623693,0.001453,2593110.0,0.001454,2360176.0,0.0014535,6.8799449604397385,0.047026155969996486
1787022623764,0.001453,2586236.0,0.001454,2360176.0,0.0014535,6.8799449604397385,0.04570181375914501
1787022623801,0.001453,2579357.0,0.001454,2360176.0,0.0014535,6.8799449604397385,0.04437281824010488
1787022623914,0.001453,2583143.0,0.001454,2360176.0,0.0014535,6.8799449604397385,0.045104716082453915
1787022623920,0.001453,2583143.0,0.001454,114566.0,0.0014535,6.8799449604397385,0.9150642267197834
1787022623921,0.001453,2583143.0,0.001454,11352.0,0.0014535,6.8799449604397385,0.9912491640955177
1787022623922,0.001454,494281.0,0.001455,2356272.0,0.0014545,6.8752148504634985,-0.6532034310535535
1787022623923,0.001454,723417.0,0.001455,2264745.0,0.0014545,6.8752148504634985,-0.5158113917518529
1787022623924,0.001454,723417.0,0.001455,2307806.0,0.0014545,6.8752148504634985,-0.5226896866380336
1787022623925,0.001454,771894.0,0.001455,2307806.0,0.0014545,6.8752148504634985,-0.49872130402311915
1787022623962,0.001454,723417.0,0.001455,2307806.0,0.0014545,6.8752148504634985,-0.5226896866380336
1787022623991,0.001454,771894.0,0.001455,2307806.0,0.0014545,6.8752148504634985,-0.49872130402311915
1787022623996,0.001454,542758.0,0.001455,2307806.0,0.0014545,6.8752148504634985,-0.6191925527720128
1787022623997,0.001453,2586921.0,0.001454,537572.0,0.0014535,6.8799449604397385,0.6558980929065932
1787022623998,0.001453,2586921.0,0.001454,2077142.0,0.0014535,6.8799449604397385,0.10929933836657009
1787022623999,0.001453,2571791.0,0.001454,2858283.0,0.0014535,6.8799449604397385,-0.05276023862658225
1787022624000,0.001453,2561635.0,0.001454,2670455.0,0.0014535,6.8799449604397385,-0.020798571890009537
1787022624001,0.001453,2561635.0,0.001454,2870455.0,0.0014535,6.8799449604397385,-0.056851046282370137
1787022624002,0.001453,2561635.0,0.001454,2847468.0,0.0014535,6.8799449604397385,-0.05284295751070002
1787022624062,0.001453,1742037.0,0.001454,2847468.0,0.0014535,6.8799449604397385,-0.24086061568731268
1787022624063,0.001453,1512901.0,0.001454,2847468.0,0.0014535,6.8799449604397385,-0.30606744520933893
1787022624068,0.001453,1464424.0,0.001454,2847468.0,0.0014535,6.8799449604397385,-0.32075107632565936
1787022624070,0.001452,471253.0,0.001453,550366.0,0.0014525,6.884681583477677,-0.0774388495123916
1787022624071,0.001452,262699.0,0.001453,1622361.0,0.0014525,6.884681583477677,-0.7212831421811507
1787022624072,0.001452,101274.0,0.001453,1899974.0,0.0014525,6.884681583477677,-0.8987891555669263
1787022624075,0.001451,1065134.0,0.001452,468896.0,0.0014515,6.889424733034212,0.38867427625274603
1787022624076,0.001452,48477.0,0.001453,2053049.0,0.0014525,6.884681583477677,-0.9538649533719783
1787022624077,0.001452,95237.0,0.001453,2096398.0,0.0014525,6.884681583477677,-0.9130904552993542
1787022624078,0.001452,95237.0,0.001453,1827979.0,0.0014525,6.884681583477677,-0.9009606825234399
1787022624079,0.001452,95237.0,0.001453,1350793.0,0.0014525,6.884681583477677,-0.8682779748691244
1787022624097,0.001452,48477.0,0.001453,1350793.0,0.0014525,6.884681583477677,-0.9307110135999486
1787022624098,0.001452,48477.0,0.001453,1364566.0,0.0014525,6.884681583477677,-0.9313863767769275
1787022624125,0.001452,40333.0,0.001453,1364566.0,0.0014525,6.884681583477677,-0.9425823493361445
1787022624127,0.001451,450019.0,0.001452,52231.0,0.0014515,6.889424733034212,0.7920119462419114
1787022624128,0.001451,358380.0,0.001452,513789.0,0.0014515,6.889424733034212,-0.17818679636630058
1787022624141,0.001451,319927.0,0.001452,513789.0,0.0014515,6.889424733034212,-0.23252762331537358
1787022624150,0.001451,319927.0,0.001452,461558.0,0.0014515,6.889424733034212,-0.18123316506394876
1787022624158,0.001451,319927.0,0.001452,679123.0,0.0014515,6.889424733034212,-0.3595375606826485
1787022624175,0.001451,331295.0,0.001452,690491.0,0.0014515,6.889424733034212,-0.35153740607133
1787022624190,0.001451,310985.0,0.001452,690491.0,0.0014515,6.889424733034212,-0.3789466747081308
1787022624191,0.001451,310985.0,0.001452,1690491.0,0.0014515,6.889424733034212,-0.689244337678793
1787022624192,0.001451,310985.0,0.001452,1679123.0,0.0014515,6.889424733034212,-0.6874692227758493
1787022624203,0.001451,282818.0,0.001452,1679123.0,0.0014515,6.889424733034212,-0.7116957135816011
1787022624267,0.001451,1036826.0,0.001452,1679123.0,0.0014515,6.889424733034212,-0.23649081775835998
1787022624268,0.001451,1025458.0,0.001452,1679123.0,0.0014515,6.889424733034212,-0.24168808403224012
1787022624269,0.001451,1073935.0,0.001452,1679123.0,0.0014515,6.889424733034212,-0.21982391943794863
1787022624276,0.001451,1085303.0,0.001452,1690491.0,0.0014515,6.889424733034212,-0.21802338357961723
1787022624298,0.001451,1092192.0,0.001452,1690491.0,0.0014515,6.889424733034212,-0.21500796174052164
1787022624318,0.001451,1092192.0,0.001452,1737380.0,0.0014515,6.889424733034212,-0.22801610985689708
1787022624350,0.001451,1088418.0,0.001452,1737380.0,0.0014515,6.889424733034212,-0.22965618915435568
1787022624352,0.001451,1092202.0,0.001452,1737380.0,0.0014515,6.889424733034212,-0.2280117699363369
1787022624356,0.001451,1088418.0,0.001452,1737380.0,0.0014515,6.889424733034212,-0.22965618915435568
1787022624370,0.001451,1088418.0,0.001452,1741167.0,0.0014515,6.889424733034212,-0.2306871855766835
1787022624470,0.001451,1088418.0,0.001452,2597836.0,0.0014515,6.889424733034212,-0.40947205482856036
1787022624472,0.001451,1088418.0,0.001452,2601624.0,0.0014515,6.889424733034212,-0.4100782592718457
1787022624589,0.001449,602509.0,0.001452,2601624.0,0.0014505,20.68252326783843,-0.623917608913238
1787022624590,0.001449,634982.0,0.00145,217565.0,0.0014494999999999998,6.89893066574623,0.48961171642149937
1787022624591,0.001449,393645.0,0.00145,217565.0,0.0014494999999999998,6.89893066574623,0.28808429181459727
1787022624592,0.00145,115105.0,0.001451,2624036.0,0.0014505,6.8941744226138075,-0.9159554035370943
1787022624593,0.00145,115105.0,0.001451,2348414.0,0.0014505,6.8941744226138075,-0.9065523748751279
1787022624594,0.00145,115105.0,0.001451,2380801.0,0.0014505,6.8941744226138075,-0.9077649558917683
1787022624595,0.00145,115105.0,0.001451,2394594.0,0.0014505,6.8941744226138075,-0.908271868459126
1787022624598,0.00145,115105.0,0.001451,2136657.0,0.0014505,6.8941744226138075,-0.8977645061955926
1787022624606,0.00145,108198.0,0.001451,2136657.0,0.0014505,6.8941744226138075,-0.9036035735047475
1787022624607,0.001449,503270.0,0.00145,52322.0,0.0014494999999999998,6.89893066574623,0.8116531555529958
1787022624608,0.001449,617294.0,0.00145,74169.0,0.0014494999999999998,6.89893066574623,0.7854722523114035
1787022624609,0.001449,479268.0,0.00145,1122646.0,0.0014494999999999998,6.89893066574623,-0.401630799156509
1787022624610,0.001449,269695.0,0.001451,2646588.0,0.00145,13.793103448276199,-0.8150419558047007
1787022624611,0.001449,341441.0,0.00145,413081.0,0.0014494999999999998,6.89893066574623,-0.09494752969429653
1787022624612,0.001449,628692.0,0.00145,745084.0,0.0014494999999999998,6.89893066574623,-0.08472414716809727
1787022624613,0.00145,221509.0,0.001451,2417848.0,0.0014505,6.8941744226138075,-0.8321492696895494
1787022624614,0.00145,106167.0,0.001451,2118667.0,0.0014505,6.8941744226138075,-0.9045618684360271
1787022624615,0.00145,47762.0,0.001451,2118667.0,0.0014505,6.8941744226138075,-0.9559071633549957
1787022624616,0.00145,170473.0,0.001451,2118667.0,0.0014505,6.8941744226138075,-0.851059349799488
1787022624629,0.00145,170473.0,0.001451,3497663.0,0.0014505,6.8941744226138075,-0.9070519740816589
1787022624635,0.00145,122711.0,0.001451,3497663.0,0.0014505,6.8941744226138075,-0.9322108710315564
1787022624644,0.00145,48477.0,0.001451,3497663.0,0.0014505,6.8941744226138075,-0.9726592858713982
1787022624737,0.00145,36327.0,0.001451,3497663.0,0.0014505,6.8941744226138075,-0.9794413679721787
1787022624738,0.00145,36327.0,0.001451,3529072.0,0.0014505,6.8941744226138075,-0.9796224770355295
1787022624739,0.001449,423567.0,0.00145,415270.0,0.0014494999999999998,6.89893066574623,0.009891075381748778
1787022624740,0.001449,397022.0,0.00145,1311038.0,0.0014494999999999998,6.89893066574623,-0.5351193751975926
1787022624741,0.001449,172066.0,0.00145,1311038.0,0.0014494999999999998,6.89893066574623,-0.7679650247049431
1787022624742,0.001449,172066.0,0.00145,1318604.0,0.0014494999999999998,6.89893066574623,-0.7691427344751018
1787022624743,0.001449,172066.0,0.00145,1525229.0,0.0014494999999999998,6.89893066574623,-0.7972467956365864
1787022624757,0.001449,183450.0,0.00145,1536613.0,0.0014494999999999998,6.89893066574623,-0.7866938594691009
1787022624768,0.001449,183450.0,0.00145,1538210.0,0.0014494999999999998,6.89893066574623,-0.7868917207811066
1787022624797,0.001449,190348.0,0.00145,1538210.0,0.0014494999999999998,6.89893066574623,-0.7797609336799807
1787022624815,0.001449,1066979.0,0.00145,1538210.0,0.0014494999999999998,6.89893066574623,-0.18088169418802244
1787022624816,0.001449,1055595.0,0.00145,2141641.0,0.0014494999999999998,6.89893066574623,-0.3396827759977681
1787022624817,0.001449,1055595.0,0.00145,1331585.0,0.0014494999999999998,6.89893066574623,-0.11561340158680954
1787022624818,0.001449,1055595.0,0.00145,1320201.0,0.0014494999999999998,6.89893066574623,-0.11137572417833855
1787022624878,0.001449,1066979.0,0.00145,1331585.0,0.0014494999999999998,6.89893066574623,-0.11031850724016537
1787022624943,0.001449,1066979.0,0.00145,1335379.0,0.0014494999999999998,6.89893066574623,-0.11172356493078883
1787022624971,0.001449,1066979.0,0.00145,1411404.0,0.0014494999999999998,6.89893066574623,-0.1389716601509936
1787022625061,0.001449,1070775.0,0.00145,1411404.0,0.0014494999999999998,6.89893066574623,-0.1372298291138552
1787022625109,0.001449,1062977.0,0.00145,1411404.0,0.0014494999999999998,6.89893066574623,-0.14081380353308565
1787022625110,0.001449,1062977.0,0.00145,1611404.0,0.0014494999999999998,6.89893066574623,-0.20506689211447435
1787022625111,0.001449,1062977.0,0.00145,2439386.0,0.0014494999999999998,6.89893066574623,-0.39299438693247957
1787022625115,0.001449,1062977.0,0.00145,2646011.0,0.0014494999999999998,6.89893066574623,-0.42681022424445697
1787022625236,0.001449,1062977.0,0.00145,2736707.0,0.0014494999999999998,6.89893066574623,-0.4404918935364099
1787022625237,0.001449,1062977.0,0.00145,2725323.0,0.0014494999999999998,6.89893066574623,-0.4388105482670327
1787022625239,0.001449,1062977.0,0.00145,2736707.0,0.0014494999999999998,6.89893066574623,-0.4404918935364099
1787022625281,0.001449,1059526.0,0.00145,2736707.0,0.0014494999999999998,6.89893066574623,-0.4418013857421291
1787022625317,0.001449,1059526.0,0.00145,2530082.0,0.0014494999999999998,6.89893066574623,-0.40967035954900927
1787022625318,0.001449,1059526.0,0.00145,1702100.0,0.0014494999999999998,6.89893066574623,-0.23267958803979974
1787022625523,0.001449,1059526.0,0.00145,2483445.0,0.0014494999999999998,6.89893066574623,-0.4018997050780263
1787022625616,0.001449,1059526.0,0.00145,2690070.0,0.0014494999999999998,6.89893066574623,-0.43485858209791134
1787022625699,0.001449,1059526.0,0.00145,2703870.0,0.0014494999999999998,6.89893066574623,-0.4369308996448952
1787022625715,0.001449,715216.0,0.00145,2703870.0,0.0014494999999999998,6.89893066574623,-0.5816332201061921
1787022625716,0.001448,871870.0,0.001449,60578.0,0.0014485000000000001,6.903693476009083,0.870066749030509
1787022625717,0.001448,868350.0,0.001449,922592.0,0.0014485000000000001,6.903693476009083,-0.030286854627341365
1787022625718,0.001448,232399.0,0.001449,704614.0,0.0014485000000000001,6.903693476009083,-0.5039577892729343
1787022625719,0.001448,218585.0,0.001449,444977.0,0.0014485000000000001,6.903693476009083,-0.34117686064000047
1787022625720,0.001448,104406.0,0.001449,421690.0,0.0014485000000000001,6.903693476009083,-0.6030914509899334
1787022625721,0.001448,104406.0,0.001449,450421.0,0.0014485000000000001,6.903693476009083,-0.6236448478534751
1787022625798,0.001448,111309.0,0.001449,450421.0,0.0014485000000000001,6.903693476009083,-0.6036921652751321
1787022625800,0.001448,111309.0,0.001449,464231.0,0.0014485000000000001,6.903693476009083,-0.6132015150988637
1787022625835,0.001448,111309.0,0.001449,670856.0,0.0014485000000000001,6.903693476009083,-0.7153823042452679
1787022625842,0.001448,111309.0,0.001449,750882.0,0.0014485000000000001,6.903693476009083,-0.7417996708385961
1787022625887,0.001448,111309.0,0.001449,754678.0,0.0014485000000000001,6.903693476009083,-0.7429314758766586
1787022625892,0.001448,122701.0,0.001449,754678.0,0.0014485000000000001,6.903693476009083,-0.7203010329629499
1787022625893,0.001448,122701.0,0.001449,766070.0,0.0014485000000000001,6.903693476009083,-0.7238861303980441
1787022625917,0.001448,902592.0,0.001449,766070.0,0.0014485000000000001,6.903693476009083,0.08181525078176408
1787022625918,0.001448,1097825.0,0.001449,766070.0,0.0014485000000000001,6.903693476009083,0.17799017648526338
1787022625919,0.001448,1097825.0,0.001449,754678.0,0.0014485000000000001,6.903693476009083,0.18523424793374155
1787022625998,0.001448,1109217.0,0.001449,766070.0,0.0014485000000000001,6.903693476009083,0.18298372462455081
1787022626036,0.001448,1109217.0,0.001449,559445.0,0.0014485000000000001,6.903693476009083,0.3294687600005274
1787022626187,0.001448,1109217.0,0.001449,451620.0,0.0014485000000000001,6.903693476009083,0.4213104891798439
1787022626188,0.001448,1120921.0,0.001449,451620.0,0.0014485000000000001,6.903693476009083,0.42561751967039335
1787022626231,0.001448,1120921.0,0.001449,382655.0,0.0014485000000000001,6.903693476009083,0.4910067731860578
1787022626251,0.001448,1115135.0,0.001449,382655.0,0.0014485000000000001,6.903693476009083,0.48904051969902324
1787022626252,0.001448,1115135.0,0.001449,1382655.0,0.0014485000000000001,6.903693476009083,-0.10710267876803094
1787022626253,0.001448,1115135.0,0.001449,1382655.0,0.0014485000000000001,6.903693476009083,-0.10710267876803094
1787022626254,0.001448,1115135.0,0.001449,2194226.0,0.0014485000000000001,6.903693476009083,-0.3260723142624815
1787022626283,0.001448,1115135.0,0.001449,2178353.0,0.0014485000000000001,6.903693476009083,-0.32282431270434264
1787022626317,0.001448,1115135.0,0.001449,2384978.0,0.0014485000000000001,6.903693476009083,-0.36280057243866126
1787022626430,0.001448,1115135.0,0.001449,2403586.0,0.0014485000000000001,6.903693476009083,-0.36617026470697733
1787022626556,0.001448,1115135.0,0.001449,2196961.0,0.0014485000000000001,6.903693476009083,-0.3266288175221974
1787022626569,0.001448,1165776.0,0.001449,2196961.0,0.0014485000000000001,6.903693476009083,-0.3066505052283304
1787022627099,0.001448,1350453.0,0.001449,2196961.0,0.0014485000000000001,6.903693476009083,-0.23862678559649367
1787022627189,0.001448,1350453.0,0.001449,1385390.0,0.0014485000000000001,6.903693476009083,-0.012770104132437425
1787022627191,0.001448,1350453.0,0.001449,1385390.0,0.0014485000000000001,6.903693476009083,-0.012770104132437425
1787022627206,0.001448,1350453.0,0.001449,1020743.0,0.0014485000000000001,6.903693476009083,0.13904797410252043
1787022627207,0.001448,1350453.0,0.001449,139493.0,0.0014485000000000001,6.903693476009083,0.8127542877392872
1787022627208,0.001449,473199.0,0.00145,2500512.0,0.0014494999999999998,6.89893066574623,-0.681745132596947
1787022627209,0.001449,729704.0,0.00145,2074673.0,0.0014494999999999998,6.89893066574623,-0.4795963595479495
1787022627210,0.001449,673382.0,0.00145,2074673.0,0.0014494999999999998,6.89893066574623,-0.5099210168646552
1787022627211,0.001449,650376.0,0.00145,2074673.0,0.0014494999999999998,6.89893066574623,-0.5226683997241884
1787022627212,0.001449,650376.0,0.00145,1867524.0,0.0014494999999999998,6.89893066574623,-0.48339806982008815
1787022627215,0.001449,573949.0,0.00145,1867524.0,0.0014494999999999998,6.89893066574623,-0.5298338339191135
1787022627276,0.001449,573949.0,0.00145,1660899.0,0.0014494999999999998,6.89893066574623,-0.4863641733129054
1787022627277,0.001449,780574.0,0.00145,1660899.0,0.0014494999999999998,6.89893066574623,-0.3605712616932483
1787022627298,0.001449,787472.0,0.00145,1867524.0,0.0014494999999999998,6.89893066574623,-0.4067998595854758
1787022627299,0.001449,787472.0,0.00145,1881324.0,0.0014494999999999998,6.89893066574623,-0.40986722102401235
1787022627369,0.001449,787472.0,0.00145,1877529.0,0.0014494999999999998,6.89893066574623,-0.4090268634045541
1787022627378,0.001449,798856.0,0.00145,1888913.0,0.0014494999999999998,6.89893066574623,-0.40556201072339176
1787022627399,0.001449,1622401.0,0.00145,2672038.0,0.0014494999999999998,6.89893066574623,-0.2444177225476948
1787022627400,0.001449,1611017.0,0.00145,2672038.0,0.0014494999999999998,6.89893066574623,-0.24772528020303264
1787022627445,0.001449,1605749.0,0.00145,2672038.0,0.0014494999999999998,6.89893066574623,-0.2492618262667122
1787022627556,0.001449,1617133.0,0.00145,2672038.0,0.0014494999999999998,6.89893066574623,-0.24594612805131807
1787022627664,0.001449,1628841.0,0.00145,2672038.0,0.0014494999999999998,6.89893066574623,-0.24255437086232837
1787022627799,0.001449,1628841.0,0.00145,2685837.0,0.0014494999999999998,6.89893066574623,-0.24497679780507375
1787022627835,0.001449,1616531.0,0.00145,2685837.0,0.0014494999999999998,6.89893066574623,-0.2485389441349508
1787022627837,0.001449,1604823.0,0.00145,2685837.0,0.0014494999999999998,6.89893066574623,-0.25194585448392554
1787022627895,0.001449,1604823.0,0.00145,2672038.0,0.0014494999999999998,6.89893066574623,-0.2495323088592311
1787022628128,0.001449,781278.0,0.00145,2672038.0,0.0014494999999999998,6.89893066574623,-0.5475201226878745
1787022628130,0.001449,558338.0,0.00145,2672038.0,0.0014494999999999998,6.89893066574623,-0.6543201162960597
1787022628132,0.001449,558338.0,0.00145,2798821.0,0.0014494999999999998,6.89893066574623,-0.6673747058152444
1787022628133,0.001448,354988.0,0.00145,2812614.0,0.001449,13.802622498273513,-0.7758632555478876
1787022628134,0.001448,354988.0,0.001449,762740.0,0.0014485000000000001,6.903693476009083,-0.36480431732943974
1787022628135,0.001448,320513.0,0.001449,889765.0,0.0014485000000000001,6.903693476009083,-0.4703481348913225
1787022628136,0.001448,110368.0,0.001449,1148663.0,0.0014485000000000001,6.903693476009083,-0.8246778673440129
1787022628137,0.001448,118099.0,0.001449,1172259.0,0.0014485000000000001,6.903693476009083,-0.816951574679275
1787022628141,0.001448,61891.0,0.001449,1148663.0,0.0014485000000000001,6.903693476009083,-0.8977476428147774
1787022628142,0.001447,1198378.0,0.001448,58621.0,0.0014475,6.908462867013006,0.906728644971078
1787022628143,0.001447,641024.0,0.001448,265246.0,0.0014475,6.908462867013006,0.414642435477286
1787022628144,0.001447,641024.0,0.001448,122054.0,0.0014475,6.908462867013006,0.6801008546963744
1787022628145,0.001447,690869.0,0.001448,122054.0,0.0014475,6.908462867013006,0.6997157172327514
1787022628146,0.001447,641024.0,0.001448,317720.0,0.0014475,6.908462867013006,0.337216191183465
1787022628147,0.001447,657639.0,0.001448,317720.0,0.0014475,6.908462867013006,0.348506549895987
1787022628148,0.001447,641024.0,0.001448,317720.0,0.0014475,6.908462867013006,0.337216191183465
1787022628151,0.001447,671085.0,0.001448,317720.0,0.0014475,6.908462867013006,0.35736570911352594
1787022628155,0.001447,436459.0,0.001448,366197.0,0.0014475,6.908462867013006,0.0875368775664793
1787022628156,0.001447,326504.0,0.001448,591153.0,0.0014475,6.908462867013006,-0.28839642698742557
1787022628157,0.001447,157416.0,0.001448,591153.0,0.0014475,6.908462867013006,-0.5794215362912437
1787022628158,0.001447,157416.0,0.001448,1191153.0,0.0014475,6.908462867013006,-0.766543647377331
1787022628159,0.001446,1169893.0,0.001447,344581.0,0.0014464999999999999,6.913238852401769,0.5449495996629853
1787022628160,0.001446,1166368.0,0.001447,656971.0,0.0014464999999999999,6.913238852401769,0.2793759141882009
1787022628161,0.001446,1030695.0,0.001447,647373.0,0.0014464999999999999,6.913238852401769,0.22843055227797682
1787022628162,0.001446,1030695.0,0.001447,589298.0,0.0014464999999999999,6.913238852401769,0.2724684612834747
1787022628163,0.001446,1030695.0,0.001447,660497.0,0.0014464999999999999,6.913238852401769,0.21889767690481032
1787022628195,0.001446,1030695.0,0.001447,589298.0,0.0014464999999999999,6.913238852401769,0.2724684612834747
1787022628196,0.001446,1030695.0,0.001447,603123.0,0.0014464999999999999,6.913238852401769,0.26170111970855997
1787022628216,0.001446,1030695.0,0.001447,406883.0,0.0014464999999999999,6.913238852401769,0.4339326283512964
1787022628217,0.001446,1030695.0,0.001447,303435.0,0.0014464999999999999,6.913238852401769,0.545119291223494
1787022628222,0.001447,269159.0,0.001448,1464569.0,0.0014475,6.908462867013006,-0.6895026209416932
1787022628223,0.001447,337677.0,0.001448,1155326.0,0.0014475,6.908462867013006,-0.5476539564890358
1787022628238,0.001447,386154.0,0.001448,1155326.0,0.0014475,6.908462867013006,-0.4989827957547292
1787022628242,0.001447,329035.0,0.001448,1155326.0,0.0014475,6.908462867013006,-0.5566644502247095
1787022628244,0.001447,329035.0,0.001448,930370.0,0.0014475,6.908462867013006,-0.477475474529639
1787022628250,0.001447,329035.0,0.001448,406395.0,0.0014475,6.908462867013006,-0.10519016085827339
1787022628296,0.001447,329035.0,0.001448,420212.0,0.0014475,6.908462867013006,-0.12169151161099077
1787022628299,0.001447,335943.0,0.001448,420212.0,0.0014475,6.908462867013006,-0.11144408223181755
1787022628334,0.001447,335943.0,0.001448,213587.0,0.0014475,6.908462867013006,0.22265572398231215
1787022628335,0.001447,532183.0,0.001448,213587.0,0.0014475,6.908462867013006,0.42720409777813534
1787022628336,0.001447,520784.0,0.001448,213587.0,0.0014475,6.908462867013006,0.4183130869819206
1787022628337,0.001447,520784.0,0.001448,228205.0,0.0014475,6.908462867013006,0.390631905141464
1787022628351,0.001447,524579.0,0.001448,228205.0,0.0014475,6.908462867013006,0.3937039044400519
1787022628362,0.001447,520784.0,0.001448,228205.0,0.0014475,6.908462867013006,0.390631905141464
1787022628363,0.001447,1395842.0,0.001448,228205.0,0.0014475,6.908462867013006,0.7189674929358572
1787022628365,0.001447,1395842.0,0.001448,232000.0,0.0014475,6.908462867013006,0.7149600514054804
1787022628368,0.001447,1395842.0,0.001448,228205.0,0.0014475,6.908462867013006,0.7189674929358572
1787022628379,0.001447,1395842.0,0.001448,235787.0,0.0014475,6.908462867013006,0.710979640592316
1787022628403,0.001447,1390650.0,0.001448,235787.0,0.0014475,6.908462867013006,0.7100570141972914
1787022628470,0.001447,1402049.0,0.001448,235787.0,0.0014475,6.908462867013006,0.7120749574438466
1787022628519,0.001447,1402049.0,0.001448,1235787.0,0.0014475,6.908462867013006,0.06302969555347641
1787022628520,0.001447,1402049.0,0.001448,1235787.0,0.0014475,6.908462867013006,0.06302969555347641
1787022628521,0.001447,1402049.0,0.001448,2030352.0,0.0014475,6.908462867013006,-0.18305058179391046
1787022628607,0.001447,1402049.0,0.001448,2034151.0,0.0014475,6.908462867013006,-0.18395378615912927
1787022628613,0.001447,1405850.0,0.001448,2034151.0,0.0014475,6.908462867013006,-0.1826455864402365
1787022628777,0.001447,1405850.0,0.001448,1895310.0,0.0014475,6.908462867013006,-0.14826909328841983
1787022628778,0.001447,1405850.0,0.001448,1100745.0,0.0014475,6.908462867013006,0.12172090026510067
1787022628780,0.001447,1405850.0,0.001448,89346.0,0.0014475,6.908462867013006,0.8804892468947215
1787022628781,0.001447,1405850.0,0.001448,100745.0,0.0014475,6.908462867013006,0.8662613376521229
1787022628783,0.001447,1405850.0,0.001448,149222.0,0.0014475,6.908462867013006,0.8080834842373857
1787022628838,0.001447,1405850.0,0.001448,335589.0,0.0014475,6.908462867013006,0.6145842604880217
1787022628839,0.001447,1405850.0,0.001448,324190.0,0.0014475,6.908462867013006,0.6252225382072091
1787022628848,0.001447,1405850.0,0.001448,123205.0,0.0014475,6.908462867013006,0.8388481774690904
1787022628855,0.001447,1393486.0,0.001448,123205.0,0.0014475,6.908462867013006,0.8375344747216144
1787022628856,0.001447,1393486.0,0.001448,1123205.0,0.0014475,6.908462867013006,0.10739538544859102
1787022628955,0.001447,1393486.0,0.001448,1134604.0,0.0014475,6.908462867013006,0.10240220878212405
1787022629095,0.001447,1393486.0,0.001448,134604.0,0.0014475,6.908462867013006,0.8238271306009463
1787022629316,0.001447,1393486.0,0.001448,190622.0,0.0014475,6.908462867013006,0.7593320657429923
1787022629508,0.001447,1393486.0,0.001448,1190622.0,0.0014475,6.908462867013006,0.07850445879196999
1787022629509,0.001447,1393486.0,0.001448,1951090.0,0.0014475,6.908462867013006,-0.16671889052603378
1787022629510,0.001447,1393486.0,0.001448,2137457.0,0.0014475,6.908462867013006,-0.21070037097738478
1787022629525,0.001447,1387069.0,0.001448,1376989.0,0.0014475,6.908462867013006,0.003646812042294337
1787022629526,0.001447,1387069.0,0.001448,1179223.0,0.0014475,6.908462867013006,0.08099078358970842
1787022629698,0.001447,1446077.0,0.001448,1179223.0,0.0014475,6.908462867013006,0.10164704986096827
1787022629699,0.001447,1446077.0,0.001448,1190622.0,0.0014475,6.908462867013006,0.0968843997741115
1787022629800,0.001447,1387069.0,0.001448,1190622.0,0.0014475,6.908462867013006,0.07621045346397222
1787022629816,0.001447,1387069.0,0.001448,1935880.0,0.0014475,6.908462867013006,-0.16515781614463537
1787022629817,0.001447,1387069.0,0.001448,2122247.0,0.0014475,6.908462867013006,-0.20949324597727875
1787022629836,0.001447,1387069.0,0.001448,1190622.0,0.0014475,6.908462867013006,0.07621045346397222
1787022629837,0.001447,1387069.0,0.001448,1179223.0,0.0014475,6.908462867013006,0.08099078358970842
1787022629838,0.001447,1387069.0,0.001448,1190622.0,0.0014475,6.908462867013006,0.07621045346397222
1787022629899,0.001447,1387069.0,0.001448,190622.0,0.0014475,6.908462867013006,0.7583531882985959
1787022630017,0.001447,1387069.0,0.001448,70245.0,0.0014475,6.908462867013006,0.9035966167895183
1787022630018,0.001447,1387069.0,0.001448,74044.0,0.0014475,6.908462867013006,0.8986471272242462
1787022630097,0.001447,1571472.0,0.001448,74044.0,0.0014475,6.908462867013006,0.9100051290902064
1787022630099,0.001447,1689522.0,0.001448,74044.0,0.0014475,6.908462867013006,0.9160292271454542
1787022630455,0.001447,1684377.0,0.001448,74044.0,0.0014475,6.908462867013006,0.9157835353422189
1787022630456,0.001447,1684377.0,0.001448,1074044.0,0.0014475,6.908462867013006,0.22126172908341402
1787022630457,0.001447,1684377.0,0.001448,1074044.0,0.0014475,6.908462867013006,0.22126172908341402
1787022630458,0.001447,1684377.0,0.001448,1906638.0,0.0014475,6.908462867013006,-0.061893642883697225
1787022630492,0.001447,1654053.0,0.001448,1906638.0,0.0014475,6.908462867013006,-0.07093707373091347
1787022630494,0.001447,1654053.0,0.001448,2093005.0,0.0014475,6.908462867013006,-0.11714577142921193
1787022630658,0.001447,1654053.0,0.001448,1093005.0,0.0014475,6.908462867013006,0.20423594987801497
1787022630659,0.001447,1654053.0,0.001448,1093005.0,0.0014475,6.908462867013006,0.20423594987801497
1787022630864,0.001447,1654053.0,0.001448,1066035.0,0.0014475,6.908462867013006,0.21617609430283138
1787022630866,0.001447,1654053.0,0.001448,233441.0,0.0014475,6.908462867013006,0.7526445117176531
1787022630868,0.001447,1654053.0,0.001448,281918.0,0.0014475,6.908462867013006,0.7087580340821221
1787022630873,0.001447,1358433.0,0.001448,281918.0,0.0014475,6.908462867013006,0.6562711273379904
1787022630875,0.001447,1358433.0,0.001448,1292872.0,0.0014475,6.908462867013006,0.024727822713720225
1787022630876,0.001447,1358433.0,0.001448,1292872.0,0.0014475,6.908462867013006,0.024727822713720225
1787022630877,0.001447,1192711.0,0.001448,1292872.0,0.0014475,6.908462867013006,-0.04029678349103611
1787022630899,0.001447,1074661.0,0.001448,1292872.0,0.0014475,6.908462867013006,-0.09216809227157552
1787022630998,0.001447,1074661.0,0.001448,292872.0,0.0014475,6.908462867013006,0.5716783434110914
1787022631091,0.001447,1074661.0,0.001448,1145070.0,0.0014475,6.908462867013006,-0.03171960926796986
1787022631092,0.001447,1074661.0,0.001448,1145070.0,0.0014475,6.908462867013006,-0.03171960926796986
1787022631098,0.001447,1133588.0,0.001448,1145070.0,0.0014475,6.908462867013006,-0.005038930809274582
1787022631099,0.001447,1192515.0,0.001448,1145070.0,0.0014475,6.908462867013006,0.020296588145457813
1787022631199,0.001447,1074661.0,0.001448,1145070.0,0.0014475,6.908462867013006,-0.03171960926796986
1787022631295,0.001447,1081569.0,0.001448,1145070.0,0.0014475,6.908462867013006,-0.028518767523608452
1787022631300,0.001447,1139136.0,0.001448,1145070.0,0.0014475,6.908462867013006,-0.002597839249174549
1787022631401,0.001447,1196721.0,0.001448,1145070.0,0.0014475,6.908462867013006,0.022056195450405266
1787022631402,0.001447,1185322.0,0.001448,1145070.0,0.0014475,6.908462867013006,0.01727263052739625
1787022631403,0.001447,1196721.0,0.001448,1145070.0,0.0014475,6.908462867013006,0.022056195450405266
1787022631459,0.001447,1190507.0,0.001448,1145070.0,0.0014475,6.908462867013006,0.019454293307392564
1787022631476,0.001447,1190507.0,0.001448,1185083.0,0.0014475,6.908462867013006,0.0022832222732037093
1787022631490,0.001447,1190507.0,0.001448,1110931.0,0.0014475,6.908462867013006,0.03457664295105929
1787022631493,0.001447,1190507.0,0.001448,1114730.0,0.0014475,6.908462867013006,0.03287167436580273
1787022631500,0.001447,1132922.0,0.001448,1114730.0,0.0014475,6.908462867013006,0.008093779642044231
1787022631524,0.001447,2441190.0,0.001448,1114730.0,0.0014475,6.908462867013006,0.37302863956444465
1787022631525,0.001447,2441190.0,0.001448,1114730.0,0.0014475,6.908462867013006,0.37302863956444465
1787022631540,0.001447,2441190.0,0.001448,1172082.0,0.0014475,6.908462867013006,0.35123511321594386
1787022631899,0.001447,2383623.0,0.001448,1172082.0,0.0014475,6.908462867013006,0.3407315848755732
1787022632099,0.001447,2498475.0,0.001448,1172082.0,0.0014475,6.908462867013006,0.361360142343519
1787022632199,0.001447,2441049.0,0.001448,1172082.0,0.0014475,6.908462867013006,0.3512097956038682
1787022632218,0.001447,2441049.0,0.001448,1106429.0,0.0014475,6.908462867013006,0.3762165685030323
1787022632219,0.001447,2441049.0,0.001448,254231.0,0.0014475,6.908462867013006,0.8113509542607819
1787022632220,0.001447,2441049.0,0.001448,243277.0,0.0014475,6.908462867013006,0.8187425819367692
1787022632221,0.001447,2441049.0,0.001448,291754.0,0.0014475,6.908462867013006,0.7864800353336848
1787022632222,0.001447,2441049.0,0.001448,280355.0,0.0014475,6.908462867013006,0.7939629691144718
1787022632224,0.001447,2441049.0,0.001448,291754.0,0.0014475,6.908462867013006,0.7864800353336848
1787022632299,0.001447,2498429.0,0.001448,291754.0,0.0014475,6.908462867013006,0.790871064729446
1787022632474,0.001447,2498429.0,0.001448,891754.0,0.0014475,6.908462867013006,0.47391984444497537
1787022632475,0.001447,2498429.0,0.001448,891754.0,0.0014475,6.908462867013006,0.47391984444497537
1787022632492,0.001447,2498429.0,0.001448,1647677.0,0.0014475,6.908462867013006,0.20519301725522696
1787022632516,0.001447,2498429.0,0.001448,1047677.0,0.0014475,6.908462867013006,0.4091112899614394
1787022632517,0.001447,2498429.0,0.001448,1036278.0,0.0014475,6.908462867013006,0.4136555024221244
1787022632597,0.001447,2491862.0,0.001448,1036278.0,0.0014475,6.908462867013006,0.412564127273861
1787022632598,0.001447,2491862.0,0.001448,1047677.0,0.0014475,6.908462867013006,0.40801499856337226
1787022632599,0.001447,2434482.0,0.001448,1047677.0,0.0014475,6.908462867013006,0.39826010242496107
1787022632698,0.001447,2491756.0,0.001448,1047677.0,0.0014475,6.908462867013006,0.4079972696191735
1787022632800,0.001447,2434482.0,0.001448,1047677.0,0.0014475,6.908462867013006,0.39826010242496107
1787022633000,0.001447,2377056.0,0.001448,1047677.0,0.0014475,6.908462867013006,0.3881701142833617
1787022633100,0.001447,2488792.0,0.001448,1047677.0,0.0014475,6.908462867013006,0.40750109784646776
1787022633296,0.001447,2488792.0,0.001448,389841.0,0.0014475,6.908462867013006,0.7291485229273756
1787022633297,0.001447,2675159.0,0.001448,63675.0,0.0014475,6.908462867013006,0.9535021107522398
1787022633298,0.001447,2675159.0,0.001448,100753.0,0.0014475,6.908462867013006,0.9274090821322866
1787022633299,0.001448,305391.0,0.001449,2235603.0,0.0014485000000000001,6.903693476009083,-0.7596287122283641
1787022633300,0.001448,357667.0,0.001449,1691708.0,0.0014485000000000001,6.903693476009083,-0.6509501677340652
1787022633301,0.001448,406144.0,0.001449,1691708.0,0.0014485000000000001,6.903693476009083,-0.6128001403340179
1787022633302,0.001448,592511.0,0.001449,1340875.0,0.0014485000000000001,6.903693476009083,-0.38707428314883835
1787022633304,0.001448,592511.0,0.001449,1239490.0,0.0014485000000000001,6.903693476009083,-0.3531542832127275
1787022633305,0.001448,592511.0,0.001449,1198479.0,0.0014485000000000001,6.903693476009083,-0.33834248097420977
1787022633306,0.001448,592511.0,0.001449,1157468.0,0.0014485000000000001,6.903693476009083,-0.322836445465917
1787022633321,0.001448,528253.0,0.001449,1157468.0,0.0014485000000000001,6.903693476009083,-0.3732616488730935
1787022633323,0.001448,528253.0,0.001449,1140149.0,0.0014485000000000001,6.903693476009083,-0.36675573392983224
1787022633363,0.001448,528253.0,0.001449,1136354.0,0.0014485000000000001,6.903693476009083,-0.3653120526346459
1787022633385,0.001448,497011.0,0.001449,1136354.0,0.0014485000000000001,6.903693476009083,-0.39142690090702326
1787022633386,0.001448,497011.0,0.001449,1536354.0,0.0014485000000000001,6.903693476009083,-0.5111443346374114
1787022633388,0.001448,310644.0,0.001449,1536354.0,0.0014485000000000001,6.903693476009083,-0.6636228084708267
1787022633395,0.001448,322036.0,0.001449,1547746.0,0.0014485000000000001,6.903693476009083,-0.6555363138590488
1787022633475,0.001448,322036.0,0.001449,1593094.0,0.0014485000000000001,6.903693476009083,-0.663692804143844
1787022633500,0.001448,377642.0,0.001449,1593094.0,0.0014485000000000001,6.903693476009083,-0.6167502902468925
1787022633501,0.001448,433248.0,0.001449,1593094.0,0.0014485000000000001,6.903693476009083,-0.5723841286416607
1787022633503,0.001448,433248.0,0.001449,2403696.0,0.0014485000000000001,6.903693476009083,-0.6945671116525388
1787022633599,0.001448,377642.0,0.001449,2403696.0,0.0014485000000000001,6.903693476009083,-0.7284458055799043
1787022633619,0.001448,373509.0,0.001449,2403696.0,0.0014485000000000001,6.903693476009083,-0.7310180559231314
1787022633764,0.001448,373509.0,0.001449,2003696.0,0.0014485000000000001,6.903693476009083,-0.6857578542868621
1787022633798,0.001448,380412.0,0.001449,2003696.0,0.0014485000000000001,6.903693476009083,-0.6808768730275642
1787022633945,0.001448,52276.0,0.001449,2446487.0,0.0014485000000000001,6.903693476009083,-0.9581584968242286
1787022633946,0.001448,48477.0,0.001449,2188882.0,0.0014485000000000001,6.903693476009083,-0.9566658725756573
1787022633947,0.001447,2968863.0,0.001448,534548.0,0.0014475,6.908462867013006,0.6948413988538599
1787022633948,0.001447,2080002.0,0.001448,515088.0,0.0014475,6.908462867013006,0.6030287966891321
1787022633954,0.001447,2080002.0,0.001448,518887.0,0.0014475,6.908462867013006,0.6006855236987805
1787022633956,0.001447,2080002.0,0.001448,452168.0,0.0014475,6.908462867013006,0.6428612612897239
1787022633958,0.001447,2080002.0,0.001448,500645.0,0.0014475,6.908462867013006,0.612000401449714
1787022634003,0.001447,2135657.0,0.001448,500645.0,0.0014475,6.908462867013006,0.6201914651659787
1787022634051,0.001447,2135657.0,0.001448,476311.0,0.0014475,6.908462867013006,0.6352857309124768
1787022634052,0.001447,2147056.0,0.001448,487710.0,0.0014475,6.908462867013006,0.6297887554340689
1787022634156,0.001447,2929604.0,0.001448,1267239.0,0.0014475,6.908462867013006,0.3960989248346912
1787022634157,0.001447,2929604.0,0.001448,1267239.0,0.0014475,6.908462867013006,0.3960989248346912
1787022634297,0.001447,2936512.0,0.001448,1267239.0,0.0014475,6.908462867013006,0.3970913120210974
1787022634334,0.001447,2543008.0,0.001448,1267239.0,0.0014475,6.908462867013006,0.33482580000719114
1787022634401,0.001447,2598681.0,0.001448,1267239.0,0.0014475,6.908462867013006,0.34440495406009436
1787022634440,0.001447,2552337.0,0.001448,1267239.0,0.0014475,6.908462867013006,0.33645043324180485
1787022634441,0.001447,2556138.0,0.001448,2253606.0,0.0014475,6.908462867013006,0.06289981337884096
1787022634444,0.001447,2556138.0,0.001448,1453606.0,0.0014475,6.908462867013006,0.27496318966996397
1787022634445,0.001447,2556138.0,0.001448,1465005.0,0.0014475,6.908462867013006,0.27134896719664037
1787022634446,0.001447,2556138.0,0.001448,1453606.0,0.0014475,6.908462867013006,0.27496318966996397
1787022634501,0.001447,2500465.0,0.001448,1453606.0,0.0014475,6.908462867013006,0.26475472999852556
1787022634713,0.001447,2493056.0,0.001448,1453606.0,0.0014475,6.908462867013006,0.2633744668279169
1787022634714,0.001447,2493056.0,0.001448,2253606.0,0.0014475,6.908462867013006,0.05044597656205561
1787022634745,0.001447,2493056.0,0.001448,3632602.0,0.0014475,6.908462867013006,-0.18602834177161048
1787022634746,0.001447,2493056.0,0.001448,3632602.0,0.0014475,6.908462867013006,-0.18602834177161048
1787022634747,0.001447,2306689.0,0.001448,3632602.0,0.0014475,6.908462867013006,-0.22324432327023547
1787022634779,0.001447,2306689.0,0.001448,3723298.0,0.0014475,6.908462867013006,-0.23492737214856352
1787022634800,0.001447,2251034.0,0.001448,3723298.0,0.0014475,6.908462867013006,-0.24643156757943818
1787022634837,0.001447,2244147.0,0.001448,3723298.0,0.0014475,6.908462867013006,-0.2478700683458331
1787022634856,0.001447,1461599.0,0.001448,3723298.0,0.0014475,6.908462867013006,-0.43620905101875695
1787022634857,0.001447,1181540.0,0.001448,3723298.0,0.0014475,6.908462867013006,-0.5182144649833491
1787022635093,0.001447,1181540.0,0.001448,2923298.0,0.0014475,6.908462867013006,-0.4243183287623044
1787022635277,0.001447,1181540.0,0.001448,2980650.0,0.0014475,6.908462867013006,-0.4322508102705547
1787022635430,0.001447,1181540.0,0.001448,1375465.0,0.0014475,6.908462867013006,-0.0758406807964787
1787022635431,0.001447,1990371.0,0.001448,1379264.0,0.0014475,6.908462867013006,0.18135703125115926
1787022635432,0.001447,2186211.0,0.001448,875029.0,0.0014475,6.908462867013006,0.42831728319243184
1787022635433,0.001447,2186211.0,0.001448,406399.0,0.0014475,6.908462867013006,0.6864943049668095
1787022635435,0.001447,2186211.0,0.001448,454876.0,0.0014475,6.908462867013006,0.6555387989869322
1787022635712,0.001447,2186211.0,0.001448,1235705.0,0.0014475,6.908462867013006,0.27777011475442415
1787022635713,0.001447,2186211.0,0.001448,1235705.0,0.0014475,6.908462867013006,0.27777011475442415
1787022635716,0.001447,2186211.0,0.001448,1431545.0,0.0014475,6.908462867013006,0.2086005800280616
1787022635744,0.001447,2186211.0,0.001448,1428027.0,0.0014475,6.908462867013006,0.2097769986370571
1787022635769,0.001447,2182184.0,0.001448,1428027.0,0.0014475,6.908462867013006,0.20889554654838735
1787022635773,0.001447,1986344.0,0.001448,1428027.0,0.0014475,6.908462867013006,0.1635197229592215
1787022635775,0.001447,1974945.0,0.001448,1428027.0,0.0014475,6.908462867013006,0.16071774907345696
1787022635776,0.001447,1986344.0,0.001448,1428027.0,0.0014475,6.908462867013006,0.1635197229592215
1787022635793,0.001447,1986344.0,0.001448,1376075.0,0.0014475,6.908462867013006,0.181497011526523
1787022635796,0.001447,1986344.0,0.001448,1289186.0,0.0014475,6.908462867013006,0.21283822770666122
1787022635880,0.001447,1986344.0,0.001448,1379882.0,0.0014475,6.908462867013006,0.18016080916729893
1787022635901,0.001447,1986344.0,0.001448,1372291.0,0.0014475,6.908462867013006,0.18282814298070496
1787022636546,0.001447,1986344.0,0.001448,1395125.0,0.0014475,6.908462867013006,0.17484087537102957
1787022636703,0.001447,1986344.0,0.001449,1523755.0,0.001448,13.812154696132932,0.13178802079371552
1787022636704,0.001447,2182184.0,0.001448,3799.0,0.0014475,6.908462867013006,0.996524218166381
1787022636705,0.001448,195840.0,0.001449,1390532.0,0.0014485000000000001,6.903693476009083,-0.753097003729264
1787022636706,0.001448,339707.0,0.001449,384482.0,0.0014485000000000001,6.903693476009083,-0.061827782526384684
1787022636707,0.001448,339707.0,0.001449,356746.0,0.0014485000000000001,6.903693476009083,-0.024465398239364323
1787022636708,0.001448,316765.0,0.001449,7811.0,0.0014485000000000001,6.903693476009083,0.951869515922311
1787022636710,0.001448,457864.0,0.001449,56288.0,0.0014485000000000001,6.903693476009083,0.7810452939986618
1787022636711,0.001448,458276.0,0.001449,56288.0,0.0014485000000000001,6.903693476009083,0.7812206061830987
1787022636713,0.001448,458276.0,0.001449,48477.0,0.0014485000000000001,6.903693476009083,0.8086760216515738
1787022636718,0.001448,458276.0,0.001449,244317.0,0.0014485000000000001,6.903693476009083,0.3045276568368885
1787022636719,0.001448,317177.0,0.001449,244317.0,0.0014485000000000001,6.903693476009083,0.12976095915539615
1787022636764,0.001448,248116.0,0.001449,244317.0,0.0014485000000000001,6.903693476009083,0.007714755103740001
1787022636765,0.001448,248116.0,0.001449,292794.0,0.0014485000000000001,6.903693476009083,-0.0825978443733708
1787022636773,0.001448,248116.0,0.001449,244317.0,0.0014485000000000001,6.903693476009083,0.007714755103740001
1787022636795,0.001448,248116.0,0.001449,258124.0,0.0014485000000000001,6.903693476009083,-0.0197692793931732
1787022636796,0.001448,255019.0,0.001449,258124.0,0.0014485000000000001,6.903693476009083,-0.0060509448633227
1787022636861,0.001448,248382.0,0.001449,258124.0,0.0014485000000000001,6.903693476009083,-0.01923373069618129
1787022636862,0.001448,248382.0,0.001449,1258124.0,0.0014485000000000001,6.903693476009083,-0.6702542173745076
1787022636864,0.001448,259774.0,0.001449,1258124.0,0.0014485000000000001,6.903693476009083,-0.6577187663466189
1787022636912,0.001448,1047998.0,0.001449,1258124.0,0.0014485000000000001,6.903693476009083,-0.09111660181031185
1787022636913,0.001448,1036606.0,0.001449,2098982.0,0.0014485000000000001,6.903693476009083,-0.33881236948221516
1787022637036,0.001448,1047998.0,0.001449,2110374.0,0.0014485000000000001,6.903693476009083,-0.3363682302148069
1787022637175,0.001448,1047998.0,0.001449,2114170.0,0.0014485000000000001,6.903693476009083,-0.33716488181526094
1787022637247,0.001448,1047998.0,0.001449,2974236.0,0.0014485000000000001,6.903693476009083,-0.47889754797955564
1787022637331,0.001448,1047998.0,0.001449,3031588.0,0.0014485000000000001,6.903693476009083,-0.48622335697788943
1787022637359,0.001448,1035252.0,0.001449,3031588.0,0.0014485000000000001,6.903693476009083,-0.49088137226937867
1787022637377,0.001448,247028.0,0.001449,3031588.0,0.0014485000000000001,6.903693476009083,-0.8493095867280585
1787022637719,0.001448,247028.0,0.001449,2633564.0,0.0014485000000000001,6.903693476009083,-0.8284880330154357
1787022637720,0.001448,247028.0,0.001449,1773464.0,0.0014485000000000001,6.903693476009083,-0.7554773787770503
1787022637721,0.001448,1105297.0,0.001449,1762072.0,0.0014485000000000001,6.903693476009083,-0.22905144053660342
1787022637722,0.001448,1093905.0,0.001449,1773464.0,0.0014485000000000001,6.903693476009083,-0.23699740075309456
1787022637723,0.001448,1105297.0,0.001449,1773464.0,0.0014485000000000001,6.903693476009083,-0.23210228289184132
1787022637750,0.001448,1105297.0,0.001449,1789808.0,0.0014485000000000001,6.903693476009083,-0.23643736582956404
1787022637799,0.001448,1105297.0,0.001449,1803617.0,0.0014485000000000001,6.903693476009083,-0.24006209877638185
1787022637848,0.001448,1105297.0,0.001449,1694573.0,0.0014485000000000001,6.903693476009083,-0.21046548589755953
1787022638013,0.001448,1098896.0,0.001449,1694573.0,0.0014485000000000001,6.903693476009083,-0.21323916606914198
1787022638015,0.001448,1098896.0,0.001449,2094573.0,0.0014485000000000001,6.903693476009083,-0.31178539700870744
1787022638018,0.001448,1098896.0,0.001449,1694573.0,0.0014485000000000001,6.903693476009083,-0.21323916606914198
1787022638032,0.001448,240627.0,0.001449,1890413.0,0.0014485000000000001,6.903693476009083,-0.7741694196260981
1787022638053,0.001448,240627.0,0.001449,1158599.0,0.0014485000000000001,6.903693476009083,-0.6560569915081623
1787022638054,0.001448,240627.0,0.001449,1147207.0,0.0014485000000000001,6.903693476009083,-0.6532337440933138
1787022638207,0.001448,240627.0,0.001449,1158599.0,0.0014485000000000001,6.903693476009083,-0.6560569915081623
1787022638223,0.001448,219898.0,0.001449,1158599.0,0.0014485000000000001,6.903693476009083,-0.6809597699523466
1787022638224,0.001448,219898.0,0.001449,1758599.0,0.0014485000000000001,6.903693476009083,-0.7777120713349578
1787022638227,0.001448,219898.0,0.001449,1158599.0,0.0014485000000000001,6.903693476009083,-0.6809597699523466
1787022638228,0.001448,219898.0,0.001449,1147207.0,0.0014485000000000001,6.903693476009083,-0.6783012277769447
1787022638266,0.001448,219898.0,0.001449,1958298.0,0.0014485000000000001,6.903693476009083,-0.7980916317907112
1787022638275,0.001448,70571.0,0.001449,1958298.0,0.0014485000000000001,6.903693476009083,-0.9304331625156675
1787022638280,0.001448,57787.0,0.001449,1958298.0,0.0014485000000000001,6.903693476009083,-0.942674044001121
1787022638282,0.001448,57787.0,0.001449,2358298.0,0.0014485000000000001,6.903693476009083,-0.9521647624152296
1787022638308,0.001448,57787.0,0.001449,2369690.0,0.0014485000000000001,6.903693476009083,-0.9523892502380044
1787022638352,0.001448,57787.0,0.001449,2558731.0,0.0014485000000000001,6.903693476009083,-0.9558290827733652
1787022638358,0.001448,22094.0,0.001449,2558731.0,0.0014485000000000001,6.903693476009083,-0.9828783431654606
1787022638359,0.001448,10702.0,0.001449,2558731.0,0.0014485000000000001,6.903693476009083,-0.9916697574912442
1787022638360,0.001448,59179.0,0.001449,2558731.0,0.0014485000000000001,6.903693476009083,-0.9547891256765894
1787022638395,0.001448,59179.0,0.001449,2572534.0,0.0014485000000000001,6.903693476009083,-0.9550262509627759
1787022638407,0.001448,59179.0,0.001449,3172534.0,0.0014485000000000001,6.903693476009083,-0.9633760794971583
1787022638445,0.001448,59179.0,0.001449,3240556.0,0.0014485000000000001,6.903693476009083,-0.9641310590092841
1787022638468,0.001448,70571.0,0.001449,3240556.0,0.0014485000000000001,6.903693476009083,-0.9573734260268483
1787022638469,0.001447,2182086.0,0.001448,636377.0,0.0014475,6.908462867013006,0.5484226686672843
1787022638470,0.001447,2151978.0,0.001448,1652135.0,0.0014475,6.908462867013006,0.1313954133328847
1787022638471,0.001447,2545618.0,0.001448,1472281.0,0.0014475,6.908462867013006,0.2671388703399463
1787022638472,0.001447,2545618.0,0.001448,1520758.0,0.0014475,6.908462867013006,0.252032768243763
1787022638500,0.001447,2545618.0,0.001448,1302645.0,0.0014475,6.908462867013006,0.32299585553274296
1787022638501,0.001447,2545618.0,0.001448,1254168.0,0.0014475,6.908462867013006,0.3398744034532471
1787022638502,0.001447,2545618.0,0.001448,997312.0,0.0014475,6.908462867013006,0.43701286788053956
1787022638529,0.001447,2545618.0,0.001448,203466.0,0.0014475,6.908462867013006,0.8519754216313506
1787022638531,0.001447,2545618.0,0.001448,154989.0,0.0014475,6.908462867013006,0.8852191377716195
1787022638585,0.001447,2821183.0,0.001448,154989.0,0.0014475,6.908462867013006,0.8958467454165956
1787022638586,0.001447,2832582.0,0.001448,166388.0,0.0014475,6.908462867013006,0.8890365692220996
1787022638747,0.001447,2832582.0,0.001448,28695.0,0.0014475,6.908462867013006,0.9799425221675496
1787022638748,0.001447,2832582.0,0.001448,17296.0,0.0014475,6.908462867013006,0.9878619365460557
1787022638800,0.001447,2839490.0,0.001448,17296.0,0.0014475,6.908462867013006,0.987891287621824
1787022638959,0.001447,2839490.0,0.001448,37487.0,0.0014475,6.908462867013006,0.9739400071672454
1787022639009,0.001447,2839490.0,0.001449,1685104.0,0.001448,13.812154696132932,0.2551358199210802
1787022639010,0.001448,1346065.0,0.001449,1570116.0,0.0014485000000000001,6.903693476009083,-0.07683027905332351
1787022639011,0.001448,1394542.0,0.001449,1107085.0,0.0014485000000000001,6.903693476009083,0.11490801786197542
1787022639012,0.001448,1398341.0,0.001449,214315.0,0.0014485000000000001,6.903693476009083,0.7342086595033287
1787022639013,0.001448,1398341.0,0.001449,213004.0,0.0014485000000000001,6.903693476009083,0.7356196221169272
1787022639093,0.001448,1392264.0,0.001449,213004.0,0.0014485000000000001,6.903693476009083,0.7346187677073236
1787022639095,0.001448,1392264.0,0.001449,813004.0,0.0014485000000000001,6.903693476009083,0.26267102229751665
1787022639098,0.001448,1759056.0,0.001449,826810.0,0.0014485000000000001,6.903693476009083,0.3605159741456054
1787022639103,0.001448,1815046.0,0.001449,826810.0,0.0014485000000000001,6.903693476009083,0.37406883645437145
1787022639129,0.001448,1815046.0,0.001449,226810.0,0.0014485000000000001,6.903693476009083,0.7778393775075225
1787022639170,0.001448,1826438.0,0.001449,238202.0,0.0014485000000000001,6.903693476009083,0.7692556571605703
1787022639200,0.001448,1770448.0,0.001449,238202.0,0.0014485000000000001,6.903693476009083,0.762823787120703
1787022639298,0.001448,1777351.0,0.001449,238202.0,0.0014485000000000001,6.903693476009083,0.7636360839928298
1787022639326,0.001448,1777351.0,0.001449,1044315.0,0.0014485000000000001,6.903693476009083,0.2597883661638195
1787022639327,0.001448,1777351.0,0.001449,1044315.0,0.0014485000000000001,6.903693476009083,0.2597883661638195
1787022639328,0.001448,1777351.0,0.001449,1092792.0,0.0014485000000000001,6.903693476009083,0.238510415683121
1787022639352,0.001448,1777351.0,0.001449,1088994.0,0.0014485000000000001,6.903693476009083,0.2401514821139814
1787022639401,0.001448,1833356.0,0.001449,1088994.0,0.0014485000000000001,6.903693476009083,0.2547135011206734
1787022639402,0.001448,1833356.0,0.00145,3211984.0,0.001449,13.802622498273513,-0.2732477890489045
1787022639403,0.001449,630552.0,0.00145,2939273.0,0.0014494999999999998,6.89893066574623,-0.6467322627859909
1787022639404,0.001449,630552.0,0.00145,2721160.0,0.0014494999999999998,6.89893066574623,-0.6237433287824252
1787022639405,0.001449,630552.0,0.00145,1693237.0,0.0014494999999999998,6.89893066574623,-0.4573070102319961
1787022639406,0.001449,1072126.0,0.00145,893237.0,0.0014494999999999998,6.89893066574623,0.09102084449539347
1787022639408,0.001449,1072126.0,0.00145,900134.0,0.0014494999999999998,6.89893066574623,0.08720554085161186
1787022639409,0.001449,1072126.0,0.00145,844760.0,0.0014494999999999998,6.89893066574623,0.1186121657730298
1787022639410,0.001449,1072126.0,0.00145,851657.0,0.0014494999999999998,6.89893066574623,0.11460180280208318
1787022639411,0.001449,1072126.0,0.00145,844760.0,0.0014494999999999998,6.89893066574623,0.1186121657730298
1787022639472,0.00145,480179.0,0.001451,2332348.0,0.0014505,6.8941744226138075,-0.6585426557682824
1787022639473,0.00145,480179.0,0.001451,1089510.0,0.0014505,6.8941744226138075,-0.38818581260364315
1787022639474,0.00145,528656.0,0.001451,770012.0,0.0014505,6.8941744226138075,-0.18584888516541564
1787022639476,0.00145,528656.0,0.001451,818489.0,0.0014505,6.8941744226138075,-0.215146105281911
1787022639482,0.00145,532450.0,0.001451,818489.0,0.0014505,6.8941744226138075,-0.21173346835053247
1787022639483,0.00145,532450.0,0.001451,822483.0,0.0014505,6.8941744226138075,-0.21405707883710856
1787022639484,0.00145,532450.0,0.001451,808699.0,0.0014505,6.8941744226138075,-0.20597935054196065
1787022639492,0.00145,465352.0,0.001451,808699.0,0.0014505,6.8941744226138075,-0.26949235156206464
1787022639498,0.00145,465352.0,0.001451,822489.0,0.0014505,6.8941744226138075,-0.27731451320465805
1787022639555,0.00145,385403.0,0.001451,822489.0,0.0014505,6.8941744226138075,-0.361858510529087
1787022639557,0.00145,385403.0,0.001451,1822489.0,0.0014505,6.8941744226138075,-0.6508860034820544
1787022639573,0.00145,396779.0,0.001451,1833865.0,0.0014505,6.8941744226138075,-0.644247132218319
1787022639605,0.00145,396779.0,0.001451,2733018.0,0.0014505,6.8941744226138075,-0.7464506483966852
1787022639612,0.00145,396779.0,0.001451,2686129.0,0.0014505,6.8941744226138075,-0.742594329769166
1787022639700,0.00145,453049.0,0.001451,2686129.0,0.0014505,6.8941744226138075,-0.7113581963176348
1787022639796,0.00145,459943.0,0.001451,2686129.0,0.0014505,6.8941744226138075,-0.7076080903424969
1787022639872,0.00145,459943.0,0.001451,1686129.0,0.0014505,6.8941744226138075,-0.571362936565036
1787022639873,0.00145,459943.0,0.001451,1674753.0,0.0014505,6.8941744226138075,-0.5690786884877285
1787022639875,0.00145,459943.0,0.001451,1686129.0,0.0014505,6.8941744226138075,-0.571362936565036
1787022640022,0.00145,1336769.0,0.001451,1686129.0,0.0014505,6.8941744226138075,-0.11557121675954664
1787022640023,0.00145,1336769.0,0.001451,1686129.0,0.0014505,6.8941744226138075,-0.11557121675954664
1787022640024,0.00145,1532609.0,0.001451,1686129.0,0.0014505,6.8941744226138075,-0.04769571179760515
1787022640027,0.00145,1532609.0,0.001451,1593952.0,0.0014505,6.8941744226138075,-0.0196199594378616
1787022640029,0.00145,1532609.0,0.001451,694799.0,0.0014505,6.8941744226138075,0.3761367472865321
1787022640031,0.00145,1532609.0,0.001451,473788.0,0.0014505,6.8941744226138075,0.527722579330013
1787022640032,0.001451,547165.0,0.001452,1961431.0,0.0014515,6.889424733034212,-0.5637679403140242
1787022640033,0.001451,561901.0,0.001452,1210085.0,0.0014515,6.889424733034212,-0.36579521508634943
1787022640034,0.001451,806218.0,0.001452,1210085.0,0.0014515,6.889424733034212,-0.20030074844901782
1787022640035,0.001451,1198773.0,0.001452,1210085.0,0.0014515,6.889424733034212,-0.004696001175660832
1787022640036,0.001451,1198773.0,0.001452,1255566.0,0.0014515,6.889424733034212,-0.023139835206139006
1787022640048,0.001451,536091.0,0.001452,1255566.0,0.0014515,6.889424733034212,-0.40156960846858525
1787022640049,0.00145,1524748.0,0.001452,1485047.0,0.001451,13.78359751895278,0.01319059935975706
1787022640050,0.00145,1521233.0,0.001451,250916.0,0.0014505,6.8941744226138075,0.716822908231757
1787022640051,0.00145,1521233.0,0.001451,299393.0,0.0014505,6.8941744226138075,0.671109827059484
1787022640052,0.00145,448567.0,0.001451,495233.0,0.0014505,6.8941744226138075,-0.049444797626615807
1787022640074,0.00145,448567.0,0.001451,416493.0,0.0014505,6.8941744226138075,0.03707719695743648
1787022640096,0.00145,497044.0,0.001451,430281.0,0.0014505,6.8941744226138075,0.07199525516943897
1787022640099,0.00145,497044.0,0.001451,495090.0,0.0014505,6.8941744226138075,0.0019694920242628515
1787022640100,0.00145,497044.0,0.001451,508874.0,0.0014505,6.8941744226138075,-0.011760401941311319
1787022640101,0.00145,440774.0,0.001451,508874.0,0.0014505,6.8941744226138075,-0.07171078125789766
1787022640102,0.00145,440774.0,0.001451,524990.0,0.0014505,6.8941744226138075,-0.0872014280921633
1787022640104,0.00145,636614.0,0.001451,460181.0,0.0014505,6.8941744226138075,0.1608623306999029
1787022640105,0.00145,636614.0,0.001451,446397.0,0.0014505,6.8941744226138075,0.17563718189381272
1787022640131,0.00145,632695.0,0.001451,446397.0,0.0014505,6.8941744226138075,0.17264329640104828
1787022640201,0.00145,687410.0,0.001451,446397.0,0.0014505,6.8941744226138075,0.21256968778636928
1787022640202,0.00145,698786.0,0.001451,457773.0,0.0014505,6.8941744226138075,0.2083879853946059
1787022640257,0.00145,1428297.0,0.001451,1366073.0,0.0014505,6.8941744226138075,0.022267630986590896
1787022640258,0.00145,1416921.0,0.001451,1354697.0,0.0014505,6.8941744226138075,0.022450424264815715
1787022640318,0.00145,1428297.0,0.001451,1354697.0,0.0014505,6.8941744226138075,0.026446338008633868
1787022640319,0.00145,1428297.0,0.001451,1366073.0,0.0014505,6.8941744226138075,0.022267630986590896
1787022640355,0.00145,1432089.0,0.001451,1366073.0,0.0014505,6.8941744226138075,0.02359262973337498
1787022640356,0.00145,1428297.0,0.001451,1366073.0,0.0014505,6.8941744226138075,0.022267630986590896
1787022640385,0.00145,2428297.0,0.001451,1366073.0,0.0014505,6.8941744226138075,0.2799473957468565
1787022640387,0.00145,2428297.0,0.001451,938636.0,0.0014505,6.8941744226138075,0.44243856352353905
1787022640388,0.001451,413081.0,0.001452,1254946.0,0.0014515,6.889424733034212,-0.5047070580991795
1787022640389,0.001451,517719.0,0.001452,1247091.0,0.0014515,6.889424733034212,-0.41328641610145
1787022640390,0.001451,1594863.0,0.001452,1138489.0,0.0014515,6.889424733034212,0.16696495731248664
1787022640391,0.001451,594863.0,0.001452,1138489.0,0.0014515,6.889424733034212,-0.3136270070937698
1787022640392,0.001451,594863.0,0.001452,956487.0,0.0014515,6.889424733034212,-0.2331027814484159
1787022640397,0.001451,594863.0,0.001452,784101.0,0.0014515,6.889424733034212,-0.13723200895744922
1787022640399,0.001451,594863.0,0.001452,846358.0,0.0014515,6.889424733034212,-0.17450134295850533
1787022640412,0.001451,538702.0,0.001452,846358.0,0.0014515,6.889424733034212,-0.22212467329935165
1787022640423,0.001451,542493.0,0.001452,846358.0,0.0014515,6.889424733034212,-0.21878876855760626
1787022640439,0.001451,529620.0,0.001452,846358.0,0.0014515,6.889424733034212,-0.23019118038224448
1787022640504,0.001451,584676.0,0.001452,846358.0,0.0014515,6.889424733034212,-0.1828621821703747
1787022640506,0.001451,780516.0,0.001452,846358.0,0.0014515,6.889424733034212,-0.04047148088911618
1787022640513,0.001451,780516.0,0.001452,864626.0,0.0014515,6.889424733034212,-0.05112628575527219
1787022640543,0.001451,780516.0,0.001452,729307.0,0.0014515,6.889424733034212,0.03391722076031429
1787022640546,0.001451,780516.0,0.001452,279363.0,0.0014515,6.889424733034212,0.4728398241686079
1787022640547,0.001451,997987.0,0.001452,279363.0,0.0014515,6.889424733034212,0.5625897365639801
1787022640551,0.001451,997987.0,0.001452,169171.0,0.0014515,6.889424733034212,0.7101146545711892
1787022640593,0.001451,1750897.0,0.001452,169171.0,0.0014515,6.889424733034212,0.8237864492299231
1787022640595,0.001451,1746299.0,0.001452,169171.0,0.0014515,6.889424733034212,0.8233634564884859
1787022640644,0.001451,1746299.0,0.001452,122282.0,0.0014515,6.889424733034212,0.8691177958033396
1787022640645,0.001451,1757667.0,0.001452,133650.0,0.0014515,6.889424733034212,0.8586699109668025
1787022640663,0.001451,1757667.0,0.001452,129818.0,0.0014515,6.889424733034212,0.8624434101463058
1787022640664,0.001451,1757667.0,0.001452,107110.0,0.0014515,6.889424733034212,0.8851229932587114
1787022640665,0.001451,1757667.0,0.001452,110898.0,0.0014515,6.889424733034212,0.8813014264957334
1787022640781,0.001451,1757667.0,0.001452,170918.0,0.0014515,6.889424733034212,0.8227529509977523
1787022640798,0.001451,1764556.0,0.001452,170918.0,0.0014515,6.889424733034212,0.8233838325908795
1787022640976,0.001451,1764556.0,0.001452,987192.0,0.0014515,6.889424733034212,0.2824982520201704
1787022640977,0.001451,1764556.0,0.001452,987192.0,0.0014515,6.889424733034212,0.2824982520201704
1787022641097,0.001451,2131062.0,0.001452,987192.0,0.0014515,6.889424733034212,0.3668302838703967
1787022641099,0.001451,2076006.0,0.001452,987192.0,0.0014515,6.889424733034212,0.35545008843698644
1787022641143,0.001451,2076006.0,0.001452,1013867.0,0.0014515,6.889424733034212,0.343748432378936
1787022641200,0.001451,2131320.0,0.001452,1013867.0,0.0014515,6.889424733034212,0.35528984445122025
1787022641243,0.001451,2124677.0,0.001452,1013867.0,0.0014515,6.889424733034212,0.35392525961082594
1787022641340,0.001451,2044831.0,0.001452,1013867.0,0.0014515,6.889424733034212,0.33705975549073497
1787022641341,0.001451,2044831.0,0.001452,1209707.0,0.0014515,6.889424733034212,0.2566029341184525
1787022641342,0.001451,1291921.0,0.001452,8728926.0,0.0014515,6.889424733034212,-0.7421533329468057
1787022641344,0.001451,878610.0,0.001452,8717558.0,0.0014515,6.889424733034212,-0.816883155859714
1787022641345,0.001451,568586.0,0.001452,8717558.0,0.0014515,6.889424733034212,-0.8775409901031042
1787022641346,0.00145,1825006.0,0.001451,437458.0,0.0014505,6.8941744226138075,0.6132906424146417
1787022641347,0.00145,1629593.0,0.001451,127208.0,0.0014505,6.8941744226138075,0.8551822317951777
1787022641348,0.00145,1629593.0,0.001451,130999.0,0.0014505,6.8941744226138075,0.8511875550951044
1787022641349,0.00145,1581116.0,0.001451,248108.0,0.0014505,6.8941744226138075,0.7287286849505583
1787022641354,0.00145,1581116.0,0.001451,296585.0,0.0014505,6.8941744226138075,0.6840977344103241
1787022641369,0.00145,581116.0,0.001451,296585.0,0.0014505,6.8941744226138075,0.3241775957871758
1787022641373,0.00145,577324.0,0.001451,296585.0,0.0014505,6.8941744226138075,0.3212451181988056
1787022641400,0.00145,632743.0,0.001451,296585.0,0.0014505,6.8941744226138075,0.3617215880722415
1787022641415,0.00145,436903.0,0.001451,296585.0,0.0014505,6.8941744226138075,0.1913023798617019
1787022641443,0.00145,448279.0,0.001451,307961.0,0.0014505,6.8941744226138075,0.18554691632286047
1787022641499,0.00145,392860.0,0.001451,307961.0,0.0014505,6.8941744226138075,0.12114220321594245
1787022641582,0.00145,392860.0,0.001451,1071973.0,0.0014505,6.8941744226138075,-0.46361121028813523
1787022641583,0.00145,392860.0,0.001451,1060597.0,0.0014505,6.8941744226138075,-0.45941297196958697
1787022641584,0.00145,392860.0,0.001451,1071973.0,0.0014505,6.8941744226138075,-0.46361121028813523
1787022641585,0.00145,392860.0,0.001451,1106432.0,0.0014505,6.8941744226138075,-0.4759393100209966
1787022641597,0.00145,392860.0,0.001451,1120223.0,0.0014505,6.8941744226138075,-0.4807158629103625
1787022641629,0.00145,234176.0,0.001451,1120223.0,0.0014505,6.8941744226138075,-0.6541993902830702
1787022641635,0.00145,126735.0,0.001451,1120223.0,0.0014505,6.8941744226138075,-0.7967293204743062
1787022641695,0.00145,126735.0,0.001451,1120224.0,0.0014505,6.8941744226138075,-0.7967294834874282
1787022641696,0.00145,175212.0,0.001451,1120224.0,0.0014505,6.8941744226138075,-0.729493390642224
1787022641712,0.00145,175212.0,0.001451,1292685.0,0.0014505,6.8941744226138075,-0.7612748033411063
1787022641713,0.00145,78258.0,0.001451,1530834.0,0.0014505,6.8941744226138075,-0.9027302354371285
1787022641714,0.00145,66882.0,0.001451,1544618.0,0.0014505,6.8941744226138075,-0.916994104871238
1787022641715,0.001449,2223473.0,0.00145,281518.0,0.0014494999999999998,6.89893066574623,0.7752343221991616
1787022641716,0.001449,1849906.0,0.00145,453812.0,0.0014494999999999998,6.89893066574623,0.6060177504364683
1787022641717,0.001449,1831212.0,0.00145,1315758.0,0.0014494999999999998,6.89893066574623,0.16379374445895575
1787022641718,0.001449,1662236.0,0.00145,1162841.0,0.0014494999999999998,6.89893066574623,0.17677217293546335
1787022641719,0.001449,1662236.0,0.00145,1358681.0,0.0014494999999999998,6.89893066574623,0.1004843893427062
1787022641720,0.001449,1514500.0,0.00145,1358681.0,0.0014494999999999998,6.89893066574623,0.0542322255367831
1787022641795,0.001449,1521398.0,0.00145,1372479.0,0.0014494999999999998,6.89893066574623,0.05146003095501295
1787022641796,0.001449,1532782.0,0.00145,1383863.0,0.0014494999999999998,6.89893066574623,0.05105832214753595
1787022641819,0.001449,1532782.0,0.00145,1387657.0,0.0014494999999999998,6.89893066574623,0.0496928715169192
1787022641895,0.001449,1532782.0,0.00145,1373859.0,0.0014494999999999998,6.89893066574623,0.05467582683929663
1787022641898,0.001449,1587319.0,0.00145,1373859.0,0.0014494999999999998,6.89893066574623,0.07208617651488698
1787022641999,0.001449,1532782.0,0.00145,1373859.0,0.0014494999999999998,6.89893066574623,0.05467582683929663
1787022642251,0.001449,1532782.0,0.00145,995447.0,0.0014494999999999998,6.89893066574623,0.2125341493986502
1787022642252,0.00145,61280.0,0.001451,2307442.0,0.0014505,6.8941744226138075,-0.9482590189984303
1787022642253,0.00145,541811.0,0.001451,2303996.0,0.0014505,6.8941744226138075,-0.6192215424306708
1787022642254,0.00145,1278155.0,0.001451,906346.0,0.0014505,6.8941744226138075,0.17020317225764603
1787022642255,0.00145,1375109.0,0.001451,906346.0,0.0014505,6.8941744226138075,0.20546668682923835
1787022642256,0.00145,1570949.0,0.001451,906346.0,0.0014505,6.8941744226138075,0.2682776980537239
1787022642262,0.00145,1570949.0,0.001451,940805.0,0.0014505,6.8941744226138075,0.2508780716582914
1787022642279,0.00145,1566523.0,0.001451,940805.0,0.0014505,6.8941744226138075,0.24955570232534396
1787022642299,0.00145,1566523.0,0.001451,969648.0,0.0014505,6.8941744226138075,0.235344935337562
1787022642367,0.00145,1566523.0,0.001451,965858.0,0.0014505,6.8941744226138075,0.2371937713953785
1787022642437,0.00145,1577899.0,0.001451,977234.0,0.0014505,6.8941744226138075,0.23508169633439824
1787022642465,0.00145,1564947.0,0.001451,977234.0,0.0014505,6.8941744226138075,0.2311845616028127
1787022642467,0.00145,2461556.0,0.001451,1836533.0,0.0014505,6.8941744226138075,0.14541881287241842
1787022642594,0.00145,2461556.0,0.001451,1850321.0,0.0014505,6.8941744226138075,0.14175613079872176
1787022642609,0.00145,1564947.0,0.001451,1850321.0,0.0014505,6.8941744226138075,-0.08355830347720881
1787022642610,0.00145,753571.0,0.001451,1850321.0,0.0014505,6.8941744226138075,-0.4211964244292774
1787022642611,0.00145,569107.0,0.001451,1850321.0,0.0014505,6.8941744226138075,-0.5295524396675578
1787022642617,0.00145,472153.0,0.001451,1850321.0,0.0014505,6.8941744226138075,-0.5934051360747203
1787022642627,0.00145,472153.0,0.001451,2022782.0,0.0014505,6.8941744226138075,-0.6215107808419859
1787022642629,0.00145,472153.0,0.001451,2022782.0,0.0014505,6.8941744226138075,-0.6215107808419859
1787022642737,0.00145,472153.0,0.001451,1988323.0,0.0014505,6.8941744226138075,-0.6162100341559926
1787022642774,0.00145,499933.0,0.001451,1988323.0,0.0014505,6.8941744226138075,-0.5981659443401321
1787022642896,0.00145,499933.0,0.001451,1974535.0,0.0014505,6.8941744226138075,-0.5959268820611138
1787022643298,0.00145,506827.0,0.001451,1974535.0,0.0014505,6.8941744226138075,-0.5914928978520667
1787022643361,0.00145,506827.0,0.001451,2008994.0,0.0014505,6.8941744226138075,-0.597088187116651
1787022643385,0.00145,506827.0,0.001451,1974535.0,0.0014505,6.8941744226138075,-0.5914928978520667
1787022643396,0.00145,506827.0,0.001451,1988326.0,0.0014505,6.8941744226138075,-0.5937507639812067
1787022643420,0.00145,506827.0,0.001451,2028339.0,0.0014505,6.8941744226138075,-0.6001626717934841
1787022643422,0.00145,458350.0,0.001451,2028339.0,0.0014505,6.8941744226138075,-0.6313571982664499
1787022643476,0.00145,458350.0,0.001451,2052376.0,0.0014505,6.8941744226138075,-0.6348864830331944
1787022643487,0.00145,451084.0,0.001451,2052376.0,0.0014505,6.8941744226138075,-0.6396315499348901
1787022643488,0.001449,2937352.0,0.00145,172294.0,0.0014494999999999998,6.89893066574623,0.889187386602848
1787022643489,0.001449,2552049.0,0.00145,885515.0,0.0014494999999999998,6.89893066574623,0.4848008647984445
1787022643490,0.001449,1711736.0,0.00145,912309.0,0.0014494999999999998,6.89893066574623,0.3046544552399063
1787022643491,0.001449,1711736.0,0.00145,960786.0,0.0014494999999999998,6.89893066574623,0.2809892678151948
1787022643492,0.001449,1711736.0,0.00145,1177020.0,0.0014494999999999998,6.89893066574623,0.18510251471567693
1787022643493,0.001449,1723120.0,0.00145,1188404.0,0.0014494999999999998,6.89893066574623,0.18365502053220237
1787022643519,0.001449,1723120.0,0.00145,985219.0,0.0014494999999999998,6.89893066574623,0.272455183786077
1787022643636,0.001449,1723120.0,0.00145,898330.0,0.0014494999999999998,6.89893066574623,0.31463121554864676
1787022643637,0.001449,1723120.0,0.00145,846378.0,0.0014494999999999998,6.89893066574623,0.3412113961559807
1787022643705,0.001449,2554757.0,0.00145,1679935.0,0.0014494999999999998,6.89893066574623,0.2065845638832765
1787022643706,0.001449,2554757.0,0.00145,1668551.0,0.0014494999999999998,6.89893066574623,0.20983693351278193
1787022643800,0.001449,2554757.0,0.00145,1679935.0,0.0014494999999999998,6.89893066574623,0.2065845638832765
1787022643893,0.001442,1038603.0,0.00145,1679935.0,0.0014459999999999998,55.325034578146465,-0.23591062549061298
1787022643894,0.001442,1020879.0,0.001443,467449.0,0.0014425,6.932409012132635,0.3718467972113674
1787022643895,0.001441,1496486.0,0.001442,77213.0,0.0014415,6.9372181755110365,0.9018706881049044
1787022643896,0.001441,1044788.0,0.001442,445077.0,0.0014415,6.9372181755110365,0.40252707460071885
1787022643897,0.001441,773943.0,0.001442,286863.0,0.0014415,6.9372181755110365,0.45916029886708787
1787022643898,0.001442,174566.0,0.001443,1108116.0,0.0014425,6.932409012132635,-0.7278109461269434
1787022643899,0.001442,1174566.0,0.001443,900000.0,0.0014425,6.932409012132635,0.132348645451627
1787022643900,0.001442,99593.0,0.001443,900000.0,0.0014425,6.932409012132635,-0.8007328982896039
1787022643902,0.001442,496517.0,0.001443,900000.0,0.0014425,6.932409012132635,-0.288920936873665
1787022643904,0.001442,496517.0,0.001443,907255.0,0.0014425,6.932409012132635,-0.29259594862983446
1787022643905,0.001442,1526707.0,0.001443,907255.0,0.0014425,6.932409012132635,0.2545035625042626
1787022643906,0.001442,1575184.0,0.001443,765755.0,0.0014425,6.932409012132635,0.345771077332643
1787022643907,0.001442,526707.0,0.001443,219935.0,0.0014425,6.932409012132635,0.41086893049145373
1787022643908,0.001442,1526707.0,0.001444,834812.0,0.0014429999999999998,13.860013860014199,0.29298726794067714
1787022643909,0.001443,137164.0,0.001444,834812.0,0.0014435,6.92760651194954,-0.7177625784998807
1787022643910,0.001443,937164.0,0.001444,1088277.0,0.0014435,6.92760651194954,-0.07460745585776135
1787022643911,0.001443,68582.0,0.001444,1084740.0,0.0014435,6.92760651194954,-0.8810705076292658
1787022643912,0.001443,85162.0,0.001444,1084740.0,0.0014435,6.92760651194954,-0.8544117370514795
1787022643913,0.001443,108562.0,0.001444,1002961.0,0.0014435,6.92760651194954,-0.8046608122369038
1787022643914,0.001443,203766.0,0.001444,1016894.0,0.0014435,6.92760651194954,-0.6661379909229433
1787022643915,0.001443,83408.0,0.001444,1044760.0,0.0014435,6.92760651194954,-0.8521354975500103
1787022643916,0.001443,83408.0,0.001444,1002961.0,0.0014435,6.92760651194954,-0.8464462811438839
1787022643917,0.001443,83408.0,0.001444,975702.0,0.0014435,6.92760651194954,-0.8424941696329937
1787022643919,0.001443,131885.0,0.001444,975702.0,0.0014435,6.92760651194954,-0.7618516649256447
1787022643929,0.001442,1546910.0,0.001443,462398.0,0.0014425,6.932409012132635,0.5397440312784302
1787022643930,0.001442,1472055.0,0.001443,480069.0,0.0014425,6.932409012132635,0.508157268698095
1787022643931,0.001442,1445401.0,0.001443,986134.0,0.0014425,6.932409012132635,0.18887945269140688
1787022643932,0.001442,697884.0,0.001443,679029.0,0.0014425,6.932409012132635,0.01369367563527979
1787022643933,0.001441,1854489.0,0.001442,67035.0,0.0014415,6.9372181755110365,0.9302272571146653
1787022643934,0.001441,1755550.0,0.001442,67035.0,0.0014415,6.9372181755110365,0.9264396447902292
1787022643935,0.001441,1755550.0,0.001442,284506.0,0.0014415,6.9372181755110365,0.7210802056414137
1787022643938,0.001441,955550.0,0.001442,284506.0,0.0014415,6.9372181755110365,0.541140077544885
1787022643940,0.001441,1094342.0,0.001442,340238.0,0.0014415,6.9372181755110365,0.5256618661908015
1787022643941,0.001441,981140.0,0.001442,340238.0,0.0014415,6.9372181755110365,0.4850254809751638
1787022643942,0.001441,860739.0,0.001442,340238.0,0.0014415,6.9372181755110365,0.43339797514856654
1787022643945,0.001441,860739.0,0.001442,374978.0,0.0014415,6.9372181755110365,0.393100523825439
1787022643954,0.001441,860739.0,0.001442,366703.0,0.0014415,6.9372181755110365,0.40249233772349324
1787022643955,0.001441,860739.0,0.001442,380573.0,0.0014415,6.9372181755110365,0.38682136320280475
1787022643956,0.001441,860739.0,0.001442,69474.0,0.0014415,6.9372181755110365,0.8506277594486424
1787022643957,0.001441,791343.0,0.001442,329375.0,0.0014415,6.9372181755110365,0.41220717432931386
1787022643958,0.001441,791343.0,0.001442,273771.0,0.0014415,6.9372181755110365,0.48593108343332264
1787022643959,0.001442,2036641.0,0.001443,1527505.0,0.0014425,6.932409012132635,0.14284936700123957
1787022643960,0.001442,365312.0,0.001443,455896.0,0.0014425,6.932409012132635,-0.11030579341652785
1787022643961,0.001441,1506851.0,0.001443,459708.0,0.0014420000000000001,13.869625520111294,0.5324747439563217
1787022643962,0.001441,1288793.0,0.001442,516389.0,0.0014415,6.9372181755110365,0.4278815100084091
1787022643963,0.001441,150001.0,0.001442,733860.0,0.0014415,6.9372181755110365,-0.6605778510421888
1787022643964,0.001441,80605.0,0.001442,733860.0,0.0014415,6.9372181755110365,-0.8020663871375688
1787022643965,0.001441,129082.0,0.001442,733860.0,0.0014415,6.9372181755110365,-0.7008327326749654
1787022643974,0.001441,129082.0,0.001442,740806.0,0.0014415,6.9372181755110365,-0.7032215641553855
1787022643975,0.001441,80605.0,0.001442,740806.0,0.0014415,6.9372181755110365,-0.8037401495718952
1787022643976,0.001441,66712.0,0.001442,180770.0,0.0014415,6.9372181755110365,-0.46087392214383266
1787022643977,0.001441,66712.0,0.001442,1098984.0,0.0014415,6.9372181755110365,-0.8855413418249698
1787022643978,0.001441,115189.0,0.001442,1140515.0,0.0014415,6.9372181755110365,-0.8165347884533297
1787022643983,0.001441,184833.0,0.001442,1140515.0,0.0014415,6.9372181755110365,-0.721080048409927
1787022643984,0.001441,254477.0,0.001442,1140515.0,0.0014415,6.9372181755110365,-0.6351563306456238
1787022643995,0.001441,254477.0,0.001442,140515.0,0.0014415,6.9372181755110365,0.2885172357921173
1787022643996,0.001441,254477.0,0.001442,103878.0,0.0014415,6.9372181755110365,0.42025086855213406
1787022643997,0.001441,439672.0,0.001442,103878.0,0.0014415,6.9372181755110365,0.6177794131174685
1787022643998,0.001441,469927.0,0.001442,103878.0,0.0014415,6.9372181755110365,0.6379327471876334
1787022644000,0.001441,469927.0,0.001442,140515.0,0.0014415,6.9372181755110365,0.5396286625101157
1787022644001,0.00144,1385647.0,0.001442,140515.0,0.001441,13.879250520470727,0.8158583426923223
1787022644002,0.00144,1355689.0,0.001441,413081.0,0.0014405,6.942034015966095,0.5329172249642407
1787022644003,0.00144,1355689.0,0.001441,461558.0,0.0014405,6.942034015966095,0.4920250246664322
1787022644004,0.00144,1272161.0,0.001441,461558.0,0.0014405,6.942034015966095,0.4675515467039353
1787022644005,0.00144,1411001.0,0.001441,461558.0,0.0014405,6.942034015966095,0.5070296850459719
1787022644006,0.00144,1430237.0,0.001441,461558.0,0.0014405,6.942034015966095,0.5120422667360893
1787022644007,0.00144,1430237.0,0.001441,468464.0,0.0014405,6.942034015966095,0.5065426309882388
1787022644010,0.00144,1423307.0,0.001441,468464.0,0.0014405,6.942034015966095,0.5047349811367232
1787022644023,0.00144,1423307.0,0.001441,55383.0,0.0014405,6.942034015966095,0.9250918042321243
1787022644024,0.00144,1423307.0,0.001442,711157.0,0.001441,13.879250520470727,0.3336434814548289
1787022644025,0.00144,1423307.0,0.001442,431449.0,0.001441,13.879250520470727,0.5347646806372375
1787022644026,0.001441,1048477.0,0.001442,292753.0,0.0014415,6.9372181755110365,0.5634559322413009
1787022644027,0.001441,1048477.0,0.001442,52157.0,0.0014415,6.9372181755110365,0.9052237165124828
1787022644032,0.001441,1048477.0,0.001443,609039.0,0.0014420000000000001,13.869625520111294,0.26511840609683407
1787022644033,0.001441,1265948.0,0.001444,1998773.0,0.0014425,20.7972270363949,-0.22446787949108055
1787022644034,0.001442,224401.0,0.001443,141011.0,0.0014425,6.932409012132635,0.22820815955688373
1787022644035,0.001442,98323.0,0.001444,1746149.0,0.0014429999999999998,13.860013860014199,-0.8933862915782945
1787022644036,0.001442,29883.0,0.001443,72167.0,0.0014425,6.932409012132635,-0.4143459088682019
1787022644037,0.001443,73610.0,0.001444,1304475.0,0.0014435,6.92760651194954,-0.893170595427713
1787022644038,0.001443,73610.0,0.001444,1290623.0,0.0014435,6.92760651194954,-0.892085882690127
1787022644039,0.001442,76278.0,0.001443,61958.0,0.0014425,6.932409012132635,0.10359096038658526
1787022644041,0.001442,6930.0,0.001443,61958.0,0.0014425,6.932409012132635,-0.7988038555336198
1787022644049,0.001442,6930.0,0.001443,220805.0,0.0014425,6.932409012132635,-0.9391397896678156
1787022644055,0.001442,6930.0,0.001443,222136.0,0.0014425,6.932409012132635,-0.9394934211100731
1787022644056,0.001442,6930.0,0.001443,144714.0,0.0014425,6.932409012132635,-0.908601725092981
1787022644067,0.001442,6930.0,0.001444,1342132.0,0.0014429999999999998,13.860013860014199,-0.989726194941374
1787022644068,0.001442,224401.0,0.001443,71327.0,0.0014425,6.932409012132635,0.5176175404425688
1787022644069,0.001442,272878.0,0.001443,260815.0,0.0014425,6.932409012132635,0.022602882181328967
1787022644070,0.001442,272878.0,0.001443,48477.0,0.0014425,6.932409012132635,0.6982962767033343
1787022644086,0.001442,272878.0,0.001443,519727.0,0.0014425,6.932409012132635,-0.3114401246522543
1787022644096,0.001442,1132910.0,0.001443,519727.0,0.0014425,6.932409012132635,0.37103308228001675
1787022644098,0.001442,1132910.0,0.001443,376912.0,0.0014425,6.932409012132635,0.5007199524182321
1787022644099,0.001443,71556.0,0.001444,1558009.0,0.0014435,6.92760651194954,-0.9121777897782537
1787022644100,0.001443,71556.0,0.001444,1585892.0,0.0014435,6.92760651194954,-0.9136552096958698
1787022644101,0.001443,71556.0,0.001444,1544524.0,0.0014435,6.92760651194954,-0.9114449779713876
1787022644103,0.001443,71556.0,0.001444,1324472.0,0.0014435,6.92760651194954,-0.8974862968364531
1787022644104,0.001443,71556.0,0.001444,333442.0,0.0014435,6.92760651194954,-0.6466352920261335
1787022644105,0.001443,120033.0,0.001444,341105.0,0.0014435,6.92760651194954,-0.4794052973296497
1787022644106,0.001443,120033.0,0.001444,155910.0,0.0014435,6.92760651194954,-0.13001598156140942
1787022644107,0.001443,120033.0,0.001444,204387.0,0.0014435,6.92760651194954,-0.26001479563528757
1787022644111,0.001443,120033.0,0.001445,1837342.0,0.001444,13.85041551246571,-0.8773530876812057
1787022644112,0.001444,71511.0,0.001445,1301964.0,0.0014445,6.922810661129337,-0.8958685087096598
1787022644113,0.001444,78441.0,0.001445,1022545.0,0.0014445,6.922810661129337,-0.8575077248938678
1787022644114,0.001444,6930.0,0.001445,884137.0,0.0014445,6.922810661129337,-0.9844456140784026
1787022644133,0.001442,1870383.0,0.001445,884137.0,0.0014435,20.782819535851623,0.35804641098993656
1787022644134,0.001442,1992871.0,0.001444,235665.0,0.0014429999999999998,13.860013860014199,0.7885024069613414
1787022644135,0.001442,1985937.0,0.001444,284142.0,0.0014429999999999998,13.860013860014199,0.7496633377076304
1787022644148,0.001442,1465104.0,0.001444,284142.0,0.0014429999999999998,13.860013860014199,0.6751263115650972
1787022644149,0.001442,1520780.0,0.001444,284142.0,0.0014429999999999998,13.860013860014199,0.685147613027045
1787022644170,0.001442,1482355.0,0.001444,284142.0,0.0014429999999999998,13.860013860014199,0.6782989158770154
1787022644198,0.001443,32095.0,0.001444,284142.0,0.0014435,6.92760651194954,-0.797019324114509
1787022644199,0.001443,249566.0,0.001444,284142.0,0.0014435,6.92760651194954,-0.06478448889655017
1787022644238,0.001443,249566.0,0.001445,1411758.0,0.001444,13.85041551246571,-0.6995577021700764
1787022644239,0.001444,137900.0,0.001445,1200322.0,0.0014445,6.922810661129337,-0.7939056449527806
1787022644240,0.001444,149323.0,0.001445,925070.0,0.0014445,6.922810661129337,-0.722032812946473
1787022644241,0.001444,78250.0,0.001445,925070.0,0.0014445,6.922810661129337,-0.8440178607024678
1787022644242,0.001444,66827.0,0.001445,925070.0,0.0014445,6.922810661129337,-0.8652541544132103
1787022644257,0.001443,483149.0,0.001445,925070.0,0.001444,13.85041551246571,-0.31381553579379345
1787022644259,0.001443,318866.0,0.001445,925070.0,0.001444,13.85041551246571,-0.4873273223059707
1787022644260,0.001443,249566.0,0.001445,925070.0,0.001444,13.85041551246571,-0.5750751722235654
1787022644269,0.001443,249566.0,0.001445,855866.0,0.001444,13.85041551246571,-0.548473357022413
1787022644296,0.001443,249566.0,0.001445,842012.0,0.001444,13.85041551246571,-0.5427427082627169
1787022644297,0.001443,256491.0,0.001445,842012.0,0.001444,13.85041551246571,-0.5330172061432695
1787022644307,0.001443,1020736.0,0.001445,1686430.0,0.001444,13.85041551246571,-0.24590069467480014
1787022644308,0.001443,1020736.0,0.001444,72801.0,0.0014435,6.92760651194954,0.8668522418537279
1787022644309,0.001444,71073.0,0.001445,1675008.0,0.0014445,6.922810661129337,-0.9185914055533506
1787022644310,0.001444,71073.0,0.001445,1675007.0,0.0014445,6.922810661129337,-0.9185913589297169
1787022644311,0.001444,71073.0,0.001445,493349.0,0.0014445,6.922810661129337,-0.7481565211845038
1787022644321,0.001444,71073.0,0.001445,562553.0,0.0014445,6.922810661129337,-0.7756626148548197
1787022644335,0.001443,352104.0,0.001445,562553.0,0.001444,13.85041551246571,-0.23008515760552864
1787022644336,0.001443,259957.0,0.001445,562553.0,0.001444,13.85041551246571,-0.36789339947234684
1787022644352,0.001443,259957.0,0.001444,3816.0,0.0014435,6.92760651194954,0.9710660302608682
1787022644353,0.001443,271388.0,0.001445,496885.0,0.001444,13.85041551246571,-0.2935115512324395
1787022644354,0.001444,71073.0,0.001445,497338.0,0.0014445,6.922810661129337,-0.7499239106913835
1787022644355,0.001444,71073.0,0.001445,471198.0,0.0014445,6.922810661129337,-0.737869072843652
1787022644356,0.001444,78426.0,0.001445,540229.0,0.0014445,6.922810661129337,-0.7464628912721953
1787022644363,0.001444,78426.0,0.001445,536413.0,0.0014445,6.922810661129337,-0.7448893124866836
1787022644367,0.001444,78426.0,0.001445,540229.0,0.0014445,6.922810661129337,-0.7464628912721953
1787022644370,0.001444,78426.0,0.001445,536413.0,0.0014445,6.922810661129337,-0.7448893124866836
1787022644371,0.001444,7353.0,0.001445,536413.0,0.0014445,6.922810661129337,-0.9729552785573206
1787022644378,0.001444,22545.0,0.001445,536413.0,0.0014445,6.922810661129337,-0.91933204283685
1787022644398,0.001444,22545.0,0.001445,550263.0,0.0014445,6.922810661129337,-0.9212825239870952
1787022644400,0.001444,22545.0,0.001445,597152.0,0.0014445,6.922810661129337,-0.927238634364859
1787022644430,0.001444,26354.0,0.001445,597152.0,0.0014445,6.922810661129337,-0.9154651278415925
1787022644431,0.001444,26354.0,0.001445,600959.0,0.0014445,6.922810661129337,-0.915978148069624
1787022644521,0.001444,26354.0,0.001445,1506613.0,0.0014445,6.922810661129337,-0.9656170028448101
1787022644522,0.001444,26354.0,0.001445,1506613.0,0.0014445,6.922810661129337,-0.9656170028448101
1787022644545,0.001444,26354.0,0.001445,1437409.0,0.0014445,6.922810661129337,-0.9639914385047306
1787022644631,0.001443,1158451.0,0.001445,1437409.0,0.001444,13.85041551246571,-0.10746265206906382
1787022644632,0.001443,1128256.0,0.001445,1437409.0,0.001444,13.85041551246571,-0.12049624561273588
1787022644633,0.001443,1894011.0,0.001445,1437409.0,0.001444,13.85041551246571,0.13705927202214072
1787022644634,0.001443,1894011.0,0.001445,1519436.0,0.001444,13.85041551246571,0.10973511526618107
1787022644636,0.001444,415512.0,0.001445,1519436.0,0.0014445,6.922810661129337,-0.5705186909415654
1787022644638,0.001444,1172531.0,0.001445,1519436.0,0.0014445,6.922810661129337,-0.12886673573635932
1787022644680,0.001444,1183954.0,0.001445,1519436.0,0.0014445,6.922810661129337,-0.12409678218828951
1787022644695,0.001444,1183954.0,0.001445,1485001.0,0.0014445,6.922810661129337,-0.11279583207659927
1787022644787,0.001444,1183954.0,0.001445,2863997.0,0.0014445,6.922810661129337,-0.41503540927249366
1787022644788,0.001444,1183954.0,0.001445,2863997.0,0.0014445,6.922810661129337,-0.41503540927249366
1787022644795,0.001444,1184407.0,0.001445,2863997.0,0.0014445,6.922810661129337,-0.41487707254513134
1787022644797,0.001444,1184407.0,0.001446,1645374.0,0.001445,13.840830449827326,-0.16289847164851273
1787022644798,0.001444,1401878.0,0.001446,1286084.0,0.001445,13.840830449827326,0.043078733999959824
1787022644799,0.001445,813977.0,0.001446,1303471.0,0.0014455000000000002,6.918021445865899,-0.23117167458185514
1787022644800,0.001445,813977.0,0.001446,605225.0,0.0014455000000000002,6.918021445865899,0.14709111176562603
1787022644801,0.001445,813977.0,0.001446,466913.0,0.0014455000000000002,6.918021445865899,0.2709553513572594
1787022644806,0.001445,813977.0,0.001446,474119.0,0.0014455000000000002,6.918021445865899,0.2638452413484709
1787022644807,0.001445,813977.0,0.001446,395679.0,0.0014455000000000002,6.918021445865899,0.3457991362833731
1787022644808,0.001446,70975.0,0.001447,1825024.0,0.0014464999999999999,6.913238852401769,-0.9251318170526461
1787022644809,0.001446,70975.0,0.001447,1676857.0,0.0014464999999999999,6.913238852401769,-0.9187851006275203
1787022644810,0.001446,70975.0,0.001447,1455570.0,0.0014464999999999999,6.913238852401769,-0.9070122400584326
1787022644827,0.001445,1035264.0,0.001447,1455570.0,0.001446,13.83125864453549,-0.16874107226736104
1787022644829,0.001445,1031448.0,0.001447,1469392.0,0.001446,13.83125864453549,-0.17511876009660754
1787022644868,0.001445,1031448.0,0.001447,1455570.0,0.001446,13.83125864453549,-0.1705343507767133
1787022644878,0.001445,1031448.0,0.001447,1488259.0,0.001446,13.83125864453549,-0.18129528552327712
1787022644895,0.001445,1031448.0,0.001447,1502092.0,0.001446,13.83125864453549,-0.1857653717723028
1787022644900,0.001445,1035255.0,0.001447,1502092.0,0.001446,13.83125864453549,-0.18398626596992843
1787022644901,0.001445,1035255.0,0.001447,1505893.0,0.001446,13.83125864453549,-0.18520684352111721
1787022644995,0.001445,1035255.0,0.001447,1519726.0,0.001446,13.83125864453549,-0.18961823982252707
1787022645008,0.001445,1035255.0,0.001447,2372203.0,0.001446,13.83125864453549,-0.3923593482296774
1787022645045,0.001445,1035255.0,0.001447,2383208.0,0.001446,13.83125864453549,-0.3943155154816653
1787022645098,0.001445,1222806.0,0.001447,2369375.0,0.001446,13.83125864453549,-0.3191846401949122
1787022645103,0.001445,1283507.0,0.001447,2369375.0,0.001446,13.83125864453549,-0.29726336629543465
1787022645120,0.001445,1283507.0,0.001447,2377889.0,0.001446,13.83125864453549,-0.2988974697082752
1787022645121,0.001446,48477.0,0.001447,2377889.0,0.0014464999999999999,6.913238852401769,-0.960041477666601
1787022645123,0.001446,59884.0,0.001447,1389296.0,0.0014464999999999999,6.913238852401769,-0.9173546419354394
1787022645153,0.001446,803852.0,0.001447,1389296.0,0.0014464999999999999,6.913238852401769,-0.26694231305867183
1787022645154,0.001446,792445.0,0.001447,1389296.0,0.0014464999999999999,6.913238852401769,-0.27356638574422903
1787022645183,0.001446,792445.0,0.001447,1690481.0,0.0014464999999999999,6.913238852401769,-0.3616845608769653
1787022645188,0.001446,792445.0,0.001447,1389296.0,0.0014464999999999999,6.913238852401769,-0.27356638574422903
1787022645190,0.001446,792445.0,0.001447,1380782.0,0.0014464999999999999,6.913238852401769,-0.270720453960861
1787022645221,0.001446,782215.0,0.001447,1380782.0,0.0014464999999999999,6.913238852401769,-0.27673038843789427
1787022645347,0.001446,2161210.0,0.001447,1380782.0,0.0014464999999999999,6.913238852401769,0.22033590137978853
1787022645349,0.001446,2161210.0,0.001448,1128024.0,0.001447,13.821700069108836,0.31411143141533865
1787022645350,0.001447,70930.0,0.001448,528783.0,0.0014475,6.908462867013006,-0.7634535185997302
1787022645351,0.001447,126757.0,0.001448,799115.0,0.0014475,6.908462867013006,-0.7261889332434721
1787022645352,0.001447,126757.0,0.001448,648312.0,0.0014475,6.908462867013006,-0.6729142824703349
1787022645354,0.001447,126757.0,0.001448,648578.0,0.0014475,6.908462867013006,-0.6730264982233486
1787022645355,0.001447,126757.0,0.001448,598311.0,0.0014475,6.908462867013006,-0.6503583112204648
1787022645358,0.001447,126757.0,0.001448,589797.0,0.0014475,6.908462867013006,-0.6462039148480087
1787022645360,0.001447,126757.0,0.001448,638274.0,0.0014475,6.908462867013006,-0.6686225786928895
1787022645371,0.001447,130558.0,0.001448,634458.0,0.0014475,6.908462867013006,-0.6586790341639913
1787022645372,0.001447,130558.0,0.001448,638257.0,0.0014475,6.908462867013006,-0.6603656276217296
1787022645381,0.001447,130558.0,0.001448,637991.0,0.0014475,6.908462867013006,-0.6602480778714175
1787022645397,0.001447,130558.0,0.001448,651811.0,0.0014475,6.908462867013006,-0.6662495574338962
1787022645418,0.001447,130558.0,0.001448,434340.0,0.0014475,6.908462867013006,-0.5377643397569118
1787022645419,0.001447,289214.0,0.001448,295753.0,0.0014475,6.908462867013006,-0.011178408354659322
1787022645421,0.001447,289214.0,0.001448,247276.0,0.0014475,6.908462867013006,0.07817107495013886
1787022645423,0.001447,289214.0,0.001448,295753.0,0.0014475,6.908462867013006,-0.011178408354659322
1787022645424,0.001447,289214.0,0.001448,344230.0,0.0014475,6.908462867013006,-0.0868521921432676
1787022645466,0.001447,300613.0,0.001448,355629.0,0.0014475,6.908462867013006,-0.08383492674958323
1787022645502,0.001447,361228.0,0.001448,355629.0,0.0014475,6.908462867013006,0.0078104838203435275
1787022645556,0.001447,1156478.0,0.001448,355629.0,0.0014475,6.908462867013006,0.5296245569923292
1787022645557,0.001447,1145079.0,0.001448,355629.0,0.0014475,6.908462867013006,0.5260517035959027
1787022645600,0.001447,1084464.0,0.001448,355629.0,0.0014475,6.908462867013006,0.5061027308652983
1787022645601,0.001447,1095863.0,0.001448,355629.0,0.0014475,6.908462867013006,0.5099814535663992
1787022645615,0.001447,1095863.0,0.001448,1144001.0,0.0014475,6.908462867013006,-0.021491483411492842
1787022645616,0.001447,1095863.0,0.001448,1144001.0,0.0014475,6.908462867013006,-0.021491483411492842
1787022645761,0.001447,1058532.0,0.001448,1144001.0,0.0014475,6.908462867013006,-0.038804866941834694
1787022645762,0.001447,263282.0,0.001448,2144001.0,0.0014475,6.908462867013006,-0.7812621116835868
1787022645764,0.001447,56149.0,0.001448,2144001.0,0.0014475,6.908462867013006,-0.9489589346180942
1787022645765,0.001447,22550.0,0.001448,2144001.0,0.0014475,6.908462867013006,-0.9791835041039884
1787022645766,0.001447,11151.0,0.001448,2144001.0,0.0014475,6.908462867013006,-0.9896517739816032
1787022645771,0.001446,994859.0,0.001448,2144001.0,0.001447,13.821700069108836,-0.36610170571481365
1787022645772,0.001446,972060.0,0.001447,67478.0,0.0014464999999999999,6.913238852401769,0.8701769439885796
1787022645773,0.001446,964731.0,0.001447,650622.0,0.0014464999999999999,6.913238852401769,0.19445223427944233
1787022645774,0.001446,964731.0,0.001447,736169.0,0.0014464999999999999,6.913238852401769,0.13437709447939325
1787022645791,0.001446,964731.0,0.001447,736435.0,0.0014464999999999999,6.913238852401769,0.1341997194865169
1787022645792,0.001446,964731.0,0.001447,687958.0,0.0014464999999999999,6.913238852401769,0.16746828955720042
1787022645807,0.001446,964731.0,0.001447,1388630.0,0.0014464999999999999,6.913238852401769,-0.18012493620825704
1787022645841,0.001446,968535.0,0.001447,1388630.0,0.0014464999999999999,6.913238852401769,-0.17822044702004314
1787022645842,0.001446,968535.0,0.001447,1392431.0,0.0014464999999999999,6.913238852401769,-0.17954345805911648
1787022645878,0.001446,979942.0,0.001447,1403838.0,0.0014464999999999999,6.913238852401769,-0.1778251348698286
1787022645887,0.001446,974683.0,0.001447,1403838.0,0.0014464999999999999,6.913238852401769,-0.18042935084449538
1787022645916,0.001446,974683.0,0.001447,1386621.0,0.0014464999999999999,6.913238852401769,-0.174453606990036
1787022645955,0.001446,961565.0,0.001447,1386621.0,0.0014464999999999999,6.913238852401769,-0.18101462149931904
1787022645960,0.001446,961565.0,0.001447,1375954.0,0.0014464999999999999,6.913238852401769,-0.17727727560717155
1787022645972,0.001446,961565.0,0.001447,2160320.0,0.0014464999999999999,6.913238852401769,-0.38398435560566774
1787022645973,0.001446,1722497.0,0.001447,2160320.0,0.0014464999999999999,6.913238852401769,-0.1127591127781711
1787022645995,0.001446,1722497.0,0.001447,2174147.0,0.0014464999999999999,6.913238852401769,-0.11590743213904067
1787022646017,0.001446,802909.0,0.001447,2174147.0,0.0014464999999999999,6.913238852401769,-0.4606020175636602
1787022646018,0.001446,783039.0,0.001447,2174147.0,0.0014464999999999999,6.913238852401769,-0.4704161320931453
1787022646098,0.001446,783039.0,0.001447,2160320.0,0.0014464999999999999,6.913238852401769,-0.4679283091189352
1787022646165,0.001446,783039.0,0.001447,2240346.0,0.0014464999999999999,6.913238852401769,-0.4820117186530991
1787022646271,0.001446,783039.0,0.001447,2248863.0,0.0014464999999999999,6.913238852401769,-0.483466813900977
1787022646298,0.001446,789952.0,0.001447,2248863.0,0.0014464999999999999,6.913238852401769,-0.4800920753649038
1787022646328,0.001446,783303.0,0.001447,2248863.0,0.0014464999999999999,6.913238852401769,-0.48333765367727227
1787022646376,0.001446,842279.0,0.001447,2248863.0,0.0014464999999999999,6.913238852401769,-0.4550370057409203
1787022646396,0.001446,478537.0,0.001447,2248863.0,0.0014464999999999999,6.913238852401769,-0.6490892425020166
1787022646402,0.001446,84761.0,0.001447,2248863.0,0.0014464999999999999,6.913238852401769,-0.927356763557454
1787022646403,0.001446,84761.0,0.001447,2248863.0,0.0014464999999999999,6.913238852401769,-0.927356763557454
1787022646404,0.001446,84761.0,0.001447,3323195.0,0.0014464999999999999,6.913238852401769,-0.9502569868859809
1787022646405,0.001446,84761.0,0.001447,3311788.0,0.0014464999999999999,6.913238852401769,-0.9500899295137506
1787022646406,0.001446,84761.0,0.001447,3323195.0,0.0014464999999999999,6.913238852401769,-0.9502569868859809
1787022646561,0.001446,84761.0,0.001447,3356410.0,0.0014464999999999999,6.913238852401769,-0.9507371182658462
1787022646562,0.001446,84761.0,0.001447,2941473.0,0.0014464999999999999,6.913238852401769,-0.9439825208493461
1787022646563,0.001446,870341.0,0.001447,1999951.0,0.0014464999999999999,6.913238852401769,-0.3935522936342365
1787022646564,0.001446,870341.0,0.001447,1858624.0,0.0014464999999999999,6.913238852401769,-0.3621457219128864
1787022646565,0.001446,870341.0,0.001447,1074258.0,0.0014464999999999999,6.913238852401769,-0.1048632648684896
1787022646566,0.001446,1077474.0,0.001448,2975028.0,0.001447,13.821700069108836,-0.4682425819900891
1787022646567,0.001447,77453.0,0.001448,2566334.0,0.0014475,6.908462867013006,-0.941407533965482
1787022646568,0.001447,125930.0,0.001448,2494862.0,0.0014475,6.908462867013006,-0.9038992793018293
1787022646569,0.001447,125930.0,0.001448,2446385.0,0.0014475,6.908462867013006,-0.9020881968188188
1787022646577,0.001446,2086386.0,0.001448,2446385.0,0.001447,13.821700069108836,-0.07942139587462062
1787022646578,0.001446,2079058.0,0.001447,58265.0,0.0014464999999999999,6.913238852401769,0.9454785261750329
1787022646581,0.001446,2079058.0,0.001447,106742.0,0.0014464999999999999,6.913238852401769,0.9023314118400586
1787022646582,0.001446,2079058.0,0.001447,58265.0,0.0014464999999999999,6.913238852401769,0.9454785261750329
1787022646585,0.001446,2079058.0,0.001447,106742.0,0.0014464999999999999,6.913238852401769,0.9023314118400586
1787022646586,0.001446,2079058.0,0.001447,155219.0,0.0014464999999999999,6.913238852401769,0.8610566192105992
1787022646597,0.001446,2079058.0,0.001447,96954.0,0.0014464999999999999,6.913238852401769,0.9108883590715492
1787022646598,0.001446,2079058.0,0.001447,48477.0,0.0014464999999999999,6.913238852401769,0.9544289518151288
1787022646616,0.001446,2079058.0,0.001447,207133.0,0.0014464999999999999,6.913238852401769,0.8187964172722226
1787022646618,0.001446,2079058.0,0.001447,255610.0,0.0014464999999999999,6.913238852401769,0.7810309645739779
1787022646619,0.001446,2079058.0,0.001447,207133.0,0.0014464999999999999,6.913238852401769,0.8187964172722226
1787022646636,0.001446,2079058.0,0.001447,48477.0,0.0014464999999999999,6.913238852401769,0.9544289518151288
1787022646637,0.001446,2079058.0,0.001448,1517028.0,0.001447,13.821700069108836,0.15628936571594784
1787022646638,0.001446,2079058.0,0.001448,1584646.0,0.001447,13.821700069108836,0.13494867489294987
1787022646641,0.001446,2079058.0,0.001448,1513224.0,0.001447,13.821700069108836,0.15751380320364605
1787022646642,0.001447,48477.0,0.001448,1513224.0,0.0014475,6.908462867013006,-0.9379176935917951
1787022646646,0.001447,48477.0,0.001448,1295753.0,0.0014475,6.908462867013006,-0.9278739501424608
1787022646669,0.001447,48477.0,0.001448,295753.0,0.0014475,6.908462867013006,-0.7183452923917149
1787022646674,0.001447,48477.0,0.001448,296020.0,0.0014475,6.908462867013006,-0.7185635869107714
1787022646739,0.001447,48477.0,0.001448,344497.0,0.0014475,6.908462867013006,-0.7532813875727148
1787022646740,0.001446,2086387.0,0.001448,344497.0,0.001447,13.821700069108836,0.7165664836331146
1787022646741,0.001446,2086387.0,0.001447,913536.0,0.0014464999999999999,6.913238852401769,0.3909603679827782
1787022646742,0.001446,2079058.0,0.001447,764594.0,0.0014464999999999999,6.913238852401769,0.4622450285759298
1787022646744,0.001446,2079058.0,0.001447,620214.0,0.0014464999999999999,6.913238852401769,0.5404583161682113
1787022646760,0.001446,2079058.0,0.001448,766194.0,0.001447,13.821700069108836,0.4614227491976106
1787022646761,0.001447,102296.0,0.001448,620741.0,0.0014475,6.908462867013006,-0.7170379939062593
1787022646762,0.001447,260952.0,0.001448,482619.0,0.0014475,6.908462867013006,-0.2981114110152225
1787022646763,0.001447,260952.0,0.001448,296020.0,0.0014475,6.908462867013006,-0.0629618724101032
1787022646765,0.001447,309429.0,0.001448,296020.0,0.0014475,6.908462867013006,0.02214719984672532
1787022646766,0.001447,1156503.0,0.001448,1117015.0,0.0014475,6.908462867013006,0.017368677089866894
1787022646767,0.001447,1156503.0,0.001448,296020.0,0.0014475,6.908462867013006,0.5924057656918341
1787022646782,0.001447,1160304.0,0.001448,296020.0,0.0014475,6.908462867013006,0.5934695850648619
1787022646789,0.001447,1160304.0,0.001448,344497.0,0.0014475,6.908462867013006,0.5421361362731684
1787022646795,0.001447,1160304.0,0.001448,296020.0,0.0014475,6.908462867013006,0.5934695850648619
1787022646806,0.001447,1160304.0,0.001448,344497.0,0.0014475,6.908462867013006,0.5421361362731684
1787022646847,0.001447,1171703.0,0.001448,355896.0,0.0014475,6.908462867013006,0.5340452566413044
1787022646989,0.001447,1166420.0,0.001448,355896.0,0.0014475,6.908462867013006,0.5324282212103137
1787022646990,0.001447,1166420.0,0.001448,1355896.0,0.0014475,6.908462867013006,-0.07511985016944744
1787022646991,0.001447,1166420.0,0.001448,2210138.0,0.0014475,6.908462867013006,-0.30910708478871085
1787022646992,0.001447,319346.0,0.001448,2210138.0,0.0014475,6.908462867013006,-0.7475010713647526
1787022646995,0.001447,319346.0,0.001448,2223958.0,0.0014475,6.908462867013006,-0.7488731193754267
1787022646997,0.001447,270869.0,0.001448,2223958.0,0.0014475,6.908462867013006,-0.7828554845686695
1787022647069,0.001447,270869.0,0.001448,3153626.0,0.0014475,6.908462867013006,-0.8418049960651133
1787022647070,0.001447,112213.0,0.001448,3153626.0,0.0014475,6.908462867013006,-0.9312807520517699
1787022647099,0.001447,112213.0,0.001448,3139806.0,0.0014475,6.908462867013006,-0.9309887180855955
1787022647104,0.001447,112213.0,0.001448,3148323.0,0.0014475,6.908462867013006,-0.9311689857127785
1787022647231,0.001447,112213.0,0.001448,2210138.0,0.0014475,6.908462867013006,-0.9033625838643685
1787022647296,0.001447,119121.0,0.001448,2210138.0,0.0014475,6.908462867013006,-0.8977176861826014
1787022647309,0.001447,119121.0,0.001448,2218655.0,0.0014475,6.908462867013006,-0.8980903217416896
1787022647697,0.001447,119121.0,0.001448,2195699.0,0.0014475,6.908462867013006,-0.8970796865415022
1787022647698,0.001447,119121.0,0.001448,2195699.0,0.0014475,6.908462867013006,-0.8970796865415022
1787022647699,0.001447,119121.0,0.001448,2184300.0,0.0014475,6.908462867013006,-0.8965703620831798
1787022647700,0.001447,119121.0,0.001448,2195699.0,0.0014475,6.908462867013006,-0.8970796865415022
1787022647703,0.001447,917754.0,0.001448,2195699.0,0.0014475,6.908462867013006,-0.41045906265487225
1787022647704,0.001447,917754.0,0.001448,2195699.0,0.0014475,6.908462867013006,-0.41045906265487225
1787022647705,0.001447,1124887.0,0.001448,2195699.0,0.0014475,6.908462867013006,-0.322476815839132
1787022647724,0.001447,1124887.0,0.001448,2177016.0,0.0014475,6.908462867013006,-0.31864321877414326
1787022647725,0.001447,1124887.0,0.001448,2168499.0,0.0014475,6.908462867013006,-0.3168811672849766
1787022647797,0.001447,1117979.0,0.001448,2168499.0,0.0014475,6.908462867013006,-0.31964918067304876
1787022647855,0.001447,1117979.0,0.001448,3098307.0,0.0014475,6.908462867013006,-0.4696854055915562
1787022647857,0.001447,319346.0,0.001448,3098307.0,0.0014475,6.908462867013006,-0.8131197052480167
1787022647858,0.001447,307947.0,0.001448,3098307.0,0.0014475,6.908462867013006,-0.8191872948993234
1787022647859,0.001447,112213.0,0.001448,3098307.0,0.0014475,6.908462867013006,-0.9300966821574075
1787022647860,0.001447,15200.0,0.001448,3098307.0,0.0014475,6.908462867013006,-0.9902360906848772
1787022647861,0.001447,3801.0,0.001448,3098307.0,0.0014475,6.908462867013006,-0.9975494083378141
1787022647872,0.001447,3801.0,0.001448,3248642.0,0.0014475,6.908462867013006,-0.9976626800223709
1787022647873,0.001447,3801.0,0.001448,3301658.0,0.0014475,6.908462867013006,-0.9977001681158351
1787022647874,0.001447,3801.0,0.001448,3419272.0,0.0014475,6.908462867013006,-0.9977791884660362
1787022647899,0.001446,769996.0,0.001448,3419272.0,0.001447,13.821700069108836,-0.6323959221515548
1787022647900,0.001446,739869.0,0.001447,461558.0,0.0014464999999999999,6.913238852401769,0.23165036244399367
1787022647901,0.001446,1110260.0,0.001447,631621.0,0.0014464999999999999,6.913238852401769,0.27478283533720155
1787022647902,0.001446,1504036.0,0.001447,635422.0,0.0014464999999999999,6.913238852401769,0.4059972198566179
1787022647955,0.001446,1500240.0,0.001447,635422.0,0.0014464999999999999,6.913238852401769,0.4049414186327237
1787022647974,0.001446,1511647.0,0.001447,635422.0,0.0014464999999999999,6.913238852401769,0.40810286022479947
1787022648020,0.001446,1511647.0,0.001447,656092.0,0.0014464999999999999,6.913238852401769,0.39467620410021687
1787022648071,0.001446,2397664.0,0.001447,656092.0,0.0014464999999999999,6.913238852401769,0.5703048966584102
1787022648074,0.001447,76869.0,0.001448,3143043.0,0.0014475,6.908462867013006,-0.9522539746427853
1787022648075,0.001447,566819.0,0.001448,3120714.0,0.0014475,6.908462867013006,-0.6925754969514849
1787022648076,0.001447,489950.0,0.001448,1284659.0,0.0014475,6.908462867013006,-0.4478220272747405
1787022648077,0.001447,697083.0,0.001448,1326124.0,0.0014475,6.908462867013006,-0.31091282305765056
1787022648126,0.001447,648606.0,0.001448,1326124.0,0.0014475,6.908462867013006,-0.34309399259645623
1787022648182,0.001447,648606.0,0.001448,1337523.0,0.0014475,6.908462867013006,-0.34686417649608864
1787022648194,0.001447,652407.0,0.001448,1337523.0,0.0014475,6.908462867013006,-0.3442915077414783
1787022648210,0.001447,663806.0,0.001448,1337523.0,0.0014475,6.908462867013006,-0.33663480617129915
1787022648298,0.001447,670714.0,0.001448,1337523.0,0.0014475,6.908462867013006,-0.3320370055924674
1787022648306,0.001447,1402235.0,0.001448,1337523.0,0.0014475,6.908462867013006,0.023619604359217127
1787022648307,0.001447,1402235.0,0.001448,2174832.0,0.0014475,6.908462867013006,-0.21598616967476428
1787022648308,0.001447,1390836.0,0.001448,2174832.0,0.0014475,6.908462867013006,-0.21987352720443967
1787022648358,0.001447,1390836.0,0.001448,2171032.0,0.0014475,6.908462867013006,-0.21904124465027902
1787022648455,0.001447,1402235.0,0.001448,2171032.0,0.0014475,6.908462867013006,-0.21515240814638256
1787022648488,0.001447,1483409.0,0.001448,2171032.0,0.0014475,6.908462867013006,-0.18816092529609862
1787022648526,0.001447,1483409.0,0.001448,3102325.0,0.0014475,6.908462867013006,-0.35303312403205245
1787022648528,0.001447,1483409.0,0.001448,3090926.0,0.0014475,6.908462867013006,-0.35142091692016436
1787022648529,0.001447,1483409.0,0.001448,3102325.0,0.0014475,6.908462867013006,-0.35303312403205245
1787022648691,0.001447,1483409.0,0.001448,3079366.0,0.0014475,6.908462867013006,-0.3497777120283161
1787022648745,0.001447,1483409.0,0.001448,5118861.0,0.0014475,6.908462867013006,-0.5506366749617935
1787022648746,0.001447,751888.0,0.001448,5118861.0,0.0014475,6.908462867013006,-0.7438527860755075
1787022648748,0.001447,180151.0,0.001448,5118861.0,0.0014475,6.908462867013006,-0.9320058154237054
1787022648749,0.001447,103282.0,0.001448,5118861.0,0.0014475,6.908462867013006,-0.9604445914253976
1787022648750,0.001447,103282.0,0.001448,5118861.0,0.0014475,6.908462867013006,-0.9604445914253976
1787022648770,0.001447,103282.0,0.001448,5127378.0,0.0014475,6.908462867013006,-0.960508998864388
1787022648777,0.001447,103282.0,0.001448,5103950.0,0.0014475,6.908462867013006,-0.9603313238204098
1787022648778,0.001447,103282.0,0.001448,4172657.0,0.0014475,6.908462867013006,-0.9516915465819321
1787022648797,0.001447,96374.0,0.001448,4172657.0,0.0014475,6.908462867013006,-0.9548497071115202
1787022649055,0.001447,83100.0,0.001448,4172657.0,0.0014475,6.908462867013006,-0.9609470183565462
1787022649141,0.001447,86901.0,0.001448,4172657.0,0.0014475,6.908462867013006,-0.9591971749181488
1787022649219,0.001447,79493.0,0.001448,4172657.0,0.0014475,6.908462867013006,-0.9626104441282646
1787022649378,0.001446,1571256.0,0.001447,98913.0,0.0014464999999999999,6.913238852401769,0.8815533038872114
1787022649379,0.001446,1552537.0,0.001447,199477.0,0.0014464999999999999,6.913238852401769,0.7722883492940125
1787022649380,0.001446,1923056.0,0.001447,241147.0,0.0014464999999999999,6.913238852401769,0.7771493709231527
1787022649381,0.001446,2099497.0,0.001447,241147.0,0.0014464999999999999,6.913238852401769,0.793948161275273
1787022649383,0.001446,2099497.0,0.001447,192670.0,0.0014464999999999999,6.913238852401769,0.831888339723938
1787022649384,0.001446,2099497.0,0.001447,134437.0,0.0014464999999999999,6.913238852401769,0.8796410278907076
1787022649431,0.001446,2163791.0,0.001447,134437.0,0.0014464999999999999,6.913238852401769,0.883008126260754
1787022649458,0.001446,2163791.0,0.001447,154628.0,0.0014464999999999999,6.913238852401769,0.8666090987004507
1787022649495,0.001446,2163791.0,0.001447,166035.0,0.0014464999999999999,6.913238852401769,0.8574700428272326
1787022649533,0.001446,2099497.0,0.001447,166035.0,0.0014464999999999999,6.913238852401769,0.8534251557691527
1787022649582,0.001446,1862903.0,0.001447,166035.0,0.0014464999999999999,6.913238852401769,0.8363330964277863
1787022649583,0.001446,1862903.0,0.001447,940530.0,0.0014464999999999999,6.913238852401769,0.3290155320280527
1787022649585,0.001446,1862903.0,0.001447,1104223.0,0.0014464999999999999,6.913238852401769,0.25569524179289993
1787022649588,0.001446,1862903.0,0.001447,1152700.0,0.0014464999999999999,6.913238852401769,0.23550944869069304
1787022649589,0.001446,1471968.0,0.001447,1104223.0,0.0014464999999999999,6.913238852401769,0.14274756801805455
1787022649590,0.001446,764431.0,0.001447,2104223.0,0.0014464999999999999,6.913238852401769,-0.46704552030325025
1787022649591,0.001446,775838.0,0.001447,1104223.0,0.0014464999999999999,6.913238852401769,-0.17466720494707352
1787022649601,0.001446,775838.0,0.001447,1115630.0,0.0014464999999999999,6.913238852401769,-0.17964459351149478
1787022649611,0.001446,779642.0,0.001447,1115630.0,0.0014464999999999999,6.913238852401769,-0.17727692911624296
1787022649692,0.001446,779642.0,0.001447,1092697.0,0.0014464999999999999,6.913238852401769,-0.1671999568454217
1787022649809,0.001446,779642.0,0.001447,1065156.0,0.0014464999999999999,6.913238852401769,-0.1547670801898094
1787022649826,0.001446,779642.0,0.001447,1042476.0,0.0014464999999999999,6.913238852401769,-0.14424642092334305
1787022649896,0.001446,1542188.0,0.001447,1042476.0,0.0014464999999999999,6.913238852401769,0.19333731579810762
1787022649922,0.001446,1717288.0,0.001447,8517.0,0.0014464999999999999,6.913238852401769,0.9901298234736833
1787022649923,0.001447,489934.0,0.001448,3277494.0,0.0014475,6.908462867013006,-0.739910623374886
1787022649924,0.001447,561221.0,0.001448,3273967.0,0.0014475,6.908462867013006,-0.7073306445472817
1787022649925,0.001447,736321.0,0.001448,3273967.0,0.0014475,6.908462867013006,-0.6327839796044573
1787022649926,0.001447,713511.0,0.001448,3295673.0,0.0014475,6.908462867013006,-0.6440617342581433
1787022649964,0.001447,538411.0,0.001448,3295673.0,0.0014475,6.908462867013006,-0.719144911796403
1787022649965,0.001447,461558.0,0.001448,3295673.0,0.0014475,6.908462867013006,-0.7543094901537861
1787022650044,0.001447,461558.0,0.001448,3258211.0,0.0014475,6.908462867013006,-0.7518351273963517
1787022650055,0.001447,448234.0,0.001448,3258211.0,0.0014475,6.908462867013006,-0.7581326581130976
1787022650075,0.001447,459633.0,0.001448,3269610.0,0.0014475,6.908462867013006,-0.753497961918813
1787022650078,0.001447,459633.0,0.001448,3302825.0,0.0014475,6.908462867013006,-0.7556740832721588
1787022650081,0.001447,463434.0,0.001448,3302825.0,0.0014475,6.908462867013006,-0.7539022143724051
1787022650141,0.001447,463434.0,0.001448,4173055.0,0.0014475,6.908462867013006,-0.8000926994542638
1787022650142,0.001447,414957.0,0.001448,4173055.0,0.0014475,6.908462867013006,-0.81911250450086
1787022650143,0.001447,15200.0,0.001448,4173055.0,0.0014475,6.908462867013006,-0.9927416071848538
1787022650144,0.001447,3801.0,0.001448,4173055.0,0.0014475,6.908462867013006,-0.9981799707722746
1787022650145,0.001446,1739666.0,0.001447,545877.0,0.0014464999999999999,6.913238852401769,0.5223218289920601
1787022650146,0.001446,1713342.0,0.001447,1058222.0,0.0014464999999999999,6.913238852401769,0.23637195460757898
1787022650147,0.001446,1713342.0,0.001447,1222969.0,0.0014464999999999999,6.913238852401769,0.16700308652591636
1787022650148,0.001446,1713342.0,0.001447,1164747.0,0.0014464999999999999,6.913238852401769,0.19061085324324578
1787022650149,0.001446,1713342.0,0.001447,1138433.0,0.0014464999999999999,6.913238852401769,0.20159690017620605
1787022650157,0.001446,1713342.0,0.001447,1313533.0,0.0014464999999999999,6.913238852401769,0.13208639273177783
1787022650196,0.001446,1713342.0,0.001447,2080164.0,0.0014464999999999999,6.913238852401769,-0.09669735595515072
1787022650197,0.001446,1724749.0,0.001447,2043094.0,0.0014464999999999999,6.913238852401769,-0.08448998538421054
1787022650338,0.001446,1724749.0,0.001447,1043094.0,0.0014464999999999999,6.913238852401769,0.24627661323275923
1787022650367,0.001446,1720949.0,0.001447,1043094.0,0.0014464999999999999,6.913238852401769,0.24524039604304274
1787022650382,0.001446,1350430.0,0.001447,1043094.0,0.0014464999999999999,6.913238852401769,0.12840314114251622
1787022650383,0.001446,956518.0,0.001447,1043094.0,0.0014464999999999999,6.913238852401769,-0.04329639950150329
1787022650394,0.001446,956518.0,0.001447,1046895.0,0.0014464999999999999,6.913238852401769,-0.045111517195905185
1787022650459,0.001446,951504.0,0.001447,1046895.0,0.0014464999999999999,6.913238852401769,-0.047733710835523836
1787022650460,0.001446,951504.0,0.001447,1095372.0,0.0014464999999999999,6.913238852401769,-0.07028662215004719
1787022650477,0.001446,190168.0,0.001447,1095372.0,0.0014464999999999999,6.913238852401769,-0.7041430060519315
1787022650479,0.001446,15068.0,0.001447,1095372.0,0.0014464999999999999,6.913238852401769,-0.9728612081697345
1787022650480,0.001446,3661.0,0.001447,1236563.0,0.0014464999999999999,6.913238852401769,-0.9940962277782078
1787022650481,0.001445,413741.0,0.001446,545772.0,0.0014455000000000002,6.918021445865899,-0.13760209606331544
1787022650482,0.001445,432072.0,0.001446,118167.0,0.0014455000000000002,6.918021445865899,0.5704884604689962
1787022650483,0.001445,979296.0,0.001446,300575.0,0.0014455000000000002,6.918021445865899,0.5303042259727738
1787022650484,0.001445,979296.0,0.001446,289160.0,0.0014455000000000002,6.918021445865899,0.5440756321070656
1787022650591,0.001445,990711.0,0.001446,300575.0,0.0014455000000000002,6.918021445865899,0.5344563481676406
1787022650633,0.001445,1054469.0,0.001446,300575.0,0.0014455000000000002,6.918021445865899,0.5563612694495529
1787022650690,0.001445,1837803.0,0.001446,300575.0,0.0014455000000000002,6.918021445865899,0.7188757085978251
1787022650796,0.001445,1844721.0,0.001446,300575.0,0.0014455000000000002,6.918021445865899,0.7197822584855423
1787022650862,0.001445,1844721.0,0.001446,180403.0,0.0014455000000000002,6.918021445865899,0.8218351073810789
1787022650863,0.001445,1844721.0,0.001446,228880.0,0.0014455000000000002,6.918021445865899,0.7792439336207881
1787022650864,0.001445,2844721.0,0.001446,59892.0,0.0014455000000000002,6.918021445865899,0.9587607712283874
1787022650865,0.001445,1833306.0,0.001446,48477.0,0.0014455000000000002,6.918021445865899,0.948477587479534
1787022650866,0.001445,1833306.0,0.001446,52281.0,0.0014455000000000002,6.918021445865899,0.9445467114484773
1787022650873,0.001445,1833306.0,0.001446,28496.0,0.0014455000000000002,6.918021445865899,0.9693887964455941
1787022650875,0.001445,2433306.0,0.001446,28496.0,0.0014455000000000002,6.918021445865899,0.9768494785527024
1787022650877,0.001445,2433306.0,0.001446,3804.0,0.0014455000000000002,6.918021445865899,0.9968782697539299
1787022650954,0.001445,2444721.0,0.001446,3804.0,0.0014455000000000002,6.918021445865899,0.9968928232303121
1787022650987,0.001445,2444721.0,0.001446,22.0,0.0014455000000000002,6.918021445865899,0.9999820021981861
1787022650989,0.001445,2444721.0,0.001446,48499.0,0.0014455000000000002,6.918021445865899,0.9610952904276397
1787022650998,0.001445,1844721.0,0.001446,48499.0,0.0014455000000000002,6.918021445865899,0.9487655951236518
1787022651001,0.001445,1844721.0,0.001446,814142.0,0.0014455000000000002,6.918021445865899,0.387601392023583
1787022651003,0.001445,1844721.0,0.001446,989242.0,0.0014455000000000002,6.918021445865899,0.3018666792756292
1787022651070,0.001445,1844721.0,0.001446,1000657.0,0.0014455000000000002,6.918021445865899,0.29664389054810997
1787022651095,0.001445,1844721.0,0.001446,1014492.0,0.0014455000000000002,6.918021445865899,0.2903697625885165
1787022651373,0.001445,1061387.0,0.001446,1014492.0,0.0014455000000000002,6.918021445865899,0.02259043036708787
1787022651390,0.001445,1061387.0,0.001446,981145.0,0.0014455000000000002,6.918021445865899,0.039285553420950074
1787022651392,0.001445,1061387.0,0.001446,984949.0,0.0014455000000000002,6.918021445865899,0.03735359198098455
1787022651455,0.001445,1012910.0,0.001446,984949.0,0.0014455000000000002,6.918021445865899,0.013995482163656195
1787022651504,0.001445,618862.0,0.001446,984949.0,0.0014455000000000002,6.918021445865899,-0.22826068657715903
1787022651510,0.001445,248215.0,0.001446,984949.0,0.0014455000000000002,6.918021445865899,-0.5974339179541407
1787022651511,0.001445,89559.0,0.001446,984949.0,0.0014455000000000002,6.918021445865899,-0.8333023113834425
1787022651513,0.001445,84663.0,0.001446,984949.0,0.0014455000000000002,6.918021445865899,-0.8416939974495424
1787022651515,0.001445,88470.0,0.001446,984949.0,0.0014455000000000002,6.918021445865899,-0.8351622246298975
1787022651578,0.001445,88470.0,0.001446,1922511.0,0.0014455000000000002,6.918021445865899,-0.9120130921177276
1787022651635,0.001445,24712.0,0.001446,1922511.0,0.0014455000000000002,6.918021445865899,-0.974618212705992
1787022651636,0.001445,13297.0,0.001446,1922511.0,0.0014455000000000002,6.918021445865899,-0.9862620673124607
1787022651761,0.001445,61774.0,0.001446,1922511.0,0.0014455000000000002,6.918021445865899,-0.9377367666439045
1787022651762,0.001445,73189.0,0.001446,1922511.0,0.0014455000000000002,6.918021445865899,-0.9266533046049006
1787022651927,0.001445,959610.0,0.001446,1901588.0,0.0014455000000000002,6.918021445865899,-0.3292250309136243
1787022651928,0.001445,959610.0,0.001446,1890173.0,0.0014455000000000002,6.918021445865899,-0.32653819606615664
1787022651929,0.001445,959610.0,0.001446,1901588.0,0.0014455000000000002,6.918021445865899,-0.3292250309136243
1787022651952,0.001445,959610.0,0.001446,1934277.0,0.0014455000000000002,6.918021445865899,-0.33680202440523765
1787022652021,0.001445,959610.0,0.001446,1801290.0,0.0014455000000000002,6.918021445865899,-0.3048571118113659
1787022652022,0.001445,959610.0,0.001446,236843.0,0.0014455000000000002,6.918021445865899,0.604091426909373
1787022652023,0.001445,1134710.0,0.001446,236843.0,0.0014455000000000002,6.918021445865899,0.6546352929853968
1787022652024,0.001445,1134710.0,0.001446,333797.0,0.0014455000000000002,6.918021445865899,0.5453927015669656
1787022652098,0.001445,1321402.0,0.001446,333797.0,0.0014455000000000002,6.918021445865899,0.5966684368465665
1787022652120,0.001445,3079172.0,0.001446,333797.0,0.0014455000000000002,6.918021445865899,0.8043949417647802
1787022652121,0.001445,3067757.0,0.001446,333797.0,0.0014455000000000002,6.918021445865899,0.803738526567563
1787022652135,0.001445,3079172.0,0.001446,333797.0,0.0014455000000000002,6.918021445865899,0.8043949417647802
1787022652155,0.001445,3079172.0,0.001446,285320.0,0.0014455000000000002,6.918021445865899,0.8303934145184474
1787022652233,0.001445,3142364.0,0.001446,285320.0,0.0014455000000000002,6.918021445865899,0.8335202428228506
1787022652247,0.001445,3142364.0,0.001446,1026909.0,0.0014455000000000002,6.918021445865899,0.5073918162710861
1787022652248,0.001445,3142364.0,0.001446,1026909.0,0.0014455000000000002,6.918021445865899,0.5073918162710861
1787022652263,0.001445,3142364.0,0.001446,1086687.0,0.0014455000000000002,6.918021445865899,0.4860847031639013
1787022652264,0.001445,3142364.0,0.001446,1040740.0,0.0014455000000000002,6.918021445865899,0.5024077813986935
1787022652265,0.001445,3142364.0,0.001446,1026909.0,0.0014455000000000002,6.918021445865899,0.5073918162710861
1787022652394,0.001445,3142364.0,0.001446,1964541.0,0.0014455000000000002,6.918021445865899,0.23063342670364928
1787022652395,0.001445,3142364.0,0.001446,1953126.0,0.0014455000000000002,6.918021445865899,0.23339031182477052
1787022652396,0.001445,3142364.0,0.001446,1964541.0,0.0014455000000000002,6.918021445865899,0.23063342670364928
1787022652400,0.001445,3202465.0,0.001446,1964541.0,0.0014455000000000002,6.918021445865899,0.2395824583907973
1787022652419,0.001445,3202465.0,0.001446,1222952.0,0.0014455000000000002,6.918021445865899,0.4473054177719297
1787022652420,0.001445,3202465.0,0.001446,285320.0,0.0014455000000000002,6.918021445865899,0.8363889976016297
1787022652422,0.001445,3202465.0,0.001446,110220.0,0.0014455000000000002,6.918021445865899,0.9334557919029428
1787022652583,0.001445,2709295.0,0.001446,110220.0,0.0014455000000000002,6.918021445865899,0.9218163407536403
1787022652584,0.001445,2258077.0,0.001446,285320.0,0.0014455000000000002,6.918021445865899,0.7756386439081276
1787022652585,0.001445,2258077.0,0.001446,2220931.0,0.0014455000000000002,6.918021445865899,0.008293354242725174
1787022652586,0.001445,2082977.0,0.001446,2209516.0,0.0014455000000000002,6.918021445865899,-0.02947913951170101
1787022652587,0.001445,2082977.0,0.001446,1209516.0,0.0014455000000000002,6.918021445865899,0.26528864298268817
1787022652611,0.001445,2080027.0,0.001446,1209516.0,0.0014455000000000002,6.918021445865899,0.26462976772153457
1787022652613,0.001445,2080027.0,0.001446,1809516.0,0.0014455000000000002,6.918021445865899,0.06954827340898403
1787022652623,0.001445,2080027.0,0.001446,1823937.0,0.0014455000000000002,6.918021445865899,0.06559742866481351
1787022652630,0.001445,2080027.0,0.001446,1223937.0,0.0014455000000000002,6.918021445865899,0.2591099660892189
1787022652717,0.001445,2080027.0,0.001446,1235352.0,0.0014455000000000002,6.918021445865899,0.2547747934700678
1787022652775,0.001445,2059262.0,0.001446,1235352.0,0.0014455000000000002,6.918021445865899,0.25007785434044777
1787022652776,0.001445,2059262.0,0.001446,2035352.0,0.0014455000000000002,6.918021445865899,0.00583937826618089
1787022652793,0.001445,2059262.0,0.001446,2914000.0,0.0014455000000000002,6.918021445865899,-0.1718666742270968
1787022652794,0.001445,2059262.0,0.001446,2902585.0,0.0014455000000000002,6.918021445865899,-0.16996150828512044
1787022652795,0.001445,2066180.0,0.001446,2902585.0,0.0014455000000000002,6.918021445865899,-0.16833257358719925
1787022652823,0.001445,2066180.0,0.001446,2102585.0,0.0014455000000000002,6.918021445865899,-0.008732802160831806
1787022652824,0.001445,2066180.0,0.001446,2114000.0,0.0014455000000000002,6.918021445865899,-0.011439698768952533
1787022652970,0.001445,2840951.0,0.001446,2114000.0,0.0014455000000000002,6.918021445865899,0.14671204619379688
1787022652975,0.001445,2840951.0,0.001446,2089224.0,0.0014455000000000002,6.918021445865899,0.15247470931559223
1787022652976,0.001445,2840951.0,0.001446,2093028.0,0.0014455000000000002,6.918021445865899,0.15158617416085476
1787022652997,0.001445,2840951.0,0.001446,2106863.0,0.0014455000000000002,6.918021445865899,0.1483661269400992
1787022652999,0.001445,2780850.0,0.001446,2106863.0,0.0014455000000000002,6.918021445865899,0.13789414394830465
1787022653033,0.001445,2717658.0,0.001446,2106863.0,0.0014455000000000002,6.918021445865899,0.12660220569047165
1787022653060,0.001445,2717658.0,0.001446,1328855.0,0.0014455000000000002,6.918021445865899,0.3432098204058655
1787022653061,0.001445,2717658.0,0.001446,43475.0,0.0014455000000000002,6.918021445865899,0.9685093039705077
1787022653063,0.001445,2717658.0,0.001446,91952.0,0.0014455000000000002,6.918021445865899,0.9345446521047405
1787022653064,0.001445,2717658.0,0.001446,80537.0,0.0014455000000000002,6.918021445865899,0.9424364635059387
1787022653082,0.001445,2892758.0,0.001446,80537.0,0.0014455000000000002,6.918021445865899,0.9458264316187933
1787022653083,0.001446,96005.0,0.001447,967375.0,0.0014464999999999999,6.913238852401769,-0.8194342568037767
1787022653084,0.001446,509086.0,0.001447,879406.0,0.0014464999999999999,6.913238852401769,-0.2667066140820401
1787022653085,0.001446,512890.0,0.001447,935174.0,0.0014464999999999999,6.913238852401769,-0.2916197074162468
1787022653086,0.001446,512890.0,0.001447,886697.0,0.0014464999999999999,6.913238852401769,-0.2670837897179668
1787022653087,0.001446,687990.0,0.001447,886697.0,0.0014464999999999999,6.913238852401769,-0.12618825201452732
1787022653088,0.001446,687990.0,0.001447,832975.0,0.0014464999999999999,6.913238852401769,-0.09532435000147932
1787022653090,0.001446,687990.0,0.001447,615522.0,0.0014464999999999999,6.913238852401769,0.05559442490748071
1787022653092,0.001446,687990.0,0.001447,601580.0,0.0014464999999999999,6.913238852401769,0.06700683173460921
1787022653096,0.001446,687990.0,0.001447,615406.0,0.0014464999999999999,6.913238852401769,0.055688370993926636
1787022653099,0.001446,687990.0,0.001447,514021.0,0.0014464999999999999,6.913238852401769,0.14473162059249042
1787022653105,0.001446,687990.0,0.001447,562498.0,0.0014464999999999999,6.913238852401769,0.10035442163379417
1787022653131,0.001446,751336.0,0.001447,562498.0,0.0014464999999999999,6.913238852401769,0.14373048649981657
1787022653138,0.001446,1144786.0,0.001447,164968.0,0.0014464999999999999,6.913238852401769,0.7480931533707856
1787022653139,0.001446,576236.0,0.001447,116491.0,0.0014464999999999999,6.913238852401769,0.6636741458034695
1787022653140,0.001446,576236.0,0.001447,340068.0,0.0014464999999999999,6.913238852401769,0.2577397894148667
1787022653167,0.001446,576236.0,0.001447,67036.0,0.0014464999999999999,6.913238852401769,0.7915780571826537
1787022653168,0.001446,751336.0,0.001447,67036.0,0.0014464999999999999,6.913238852401769,0.836172303060222
1787022653169,0.001447,509061.0,0.001448,3847338.0,0.0014475,6.908462867013006,-0.7662927569306668
1787022653170,0.001447,557538.0,0.001448,3311061.0,0.0014475,6.908462867013006,-0.7117623201577625
1787022653173,0.001447,557538.0,0.001448,3326210.0,0.0014475,6.908462867013006,-0.7128866239519145
1787022653198,0.001447,557538.0,0.001448,3340030.0,0.0014475,6.908462867013006,-0.7139046708101052
1787022653200,0.001447,617674.0,0.001448,3340030.0,0.0014475,6.908462867013006,-0.6878624576269473
1787022653213,0.001447,617674.0,0.001448,2340030.0,0.0014475,6.908462867013006,-0.5823287252544541
1787022653239,0.001447,617674.0,0.001448,2346937.0,0.0014475,6.908462867013006,-0.583301822734922
1787022653240,0.001447,1217674.0,0.001448,2346937.0,0.0014475,6.908462867013006,-0.3167983827688351
1787022653249,0.001447,617674.0,0.001448,2346937.0,0.0014475,6.908462867013006,-0.583301822734922
1787022653255,0.001447,604192.0,0.001448,2346937.0,0.0014475,6.908462867013006,-0.5905350121936385
1787022653278,0.001447,1427814.0,0.001448,2346937.0,0.0014475,6.908462867013006,-0.24349235221078158
1787022653279,0.001447,1427814.0,0.001448,3227111.0,0.0014475,6.908462867013006,-0.38653619553483676
1787022653280,0.001447,1611786.0,0.001448,3227111.0,0.0014475,6.908462867013006,-0.3338209100131704
1787022653296,0.001447,1618694.0,0.001448,3227111.0,0.0014475,6.908462867013006,-0.33191946436144254
1787022653309,0.001447,1618694.0,0.001448,3220204.0,0.0014475,6.908462867013006,-0.33096585214236796
1787022653327,0.001447,1618694.0,0.001448,4335708.0,0.0014475,6.908462867013006,-0.4563034205617961
1787022653338,0.001447,1618694.0,0.001448,4347107.0,0.0014475,6.908462867013006,-0.45734227474231876
1787022653352,0.001447,1630093.0,0.001448,4347107.0,0.0014475,6.908462867013006,-0.45456300608980793
1787022653356,0.001447,1630093.0,0.001448,4343307.0,0.0014475,6.908462867013006,-0.45421602437472797
1787022653400,0.001447,1569957.0,0.001448,4343307.0,0.0014475,6.908462867013006,-0.4690049353453524
1787022653401,0.001447,1573757.0,0.001448,4343307.0,0.0014475,6.908462867013006,-0.46806152510772236
1787022653499,0.001447,1633679.0,0.001448,4343307.0,0.0014475,6.908462867013006,-0.45334354137687455
1787022653556,0.001447,1637480.0,0.001448,4343307.0,0.0014475,6.908462867013006,-0.45241989055955345
1787022653566,0.001447,1640936.0,0.001448,4343307.0,0.0014475,6.908462867013006,-0.45158109388271833
1787022653573,0.001447,1640936.0,0.001448,4359651.0,0.0014475,6.908462867013006,-0.45307484084473737
1787022653600,0.001447,1581014.0,0.001448,4359651.0,0.0014475,6.908462867013006,-0.4677316428379651
1787022653615,0.001447,1577328.0,0.001448,4359651.0,0.0014475,6.908462867013006,-0.46864289060143216
1787022653699,0.001447,1637230.0,0.001448,4359651.0,0.0014475,6.908462867013006,-0.4539728235394366
1787022653899,0.001447,1577328.0,0.001448,4359651.0,0.0014475,6.908462867013006,-0.46864289060143216
1787022654028,0.001447,1577328.0,0.001448,4337624.0,0.0014475,6.908462867013006,-0.46666414199134665
1787022654029,0.001447,2577328.0,0.001449,2800643.0,0.001448,13.812154696132932,-0.041524024581017636
1787022654030,0.001448,413081.0,0.001449,1705432.0,0.0014485000000000001,6.903693476009083,-0.6100274107357377
1787022654031,0.001448,1261558.0,0.001449,1705432.0,0.0014485000000000001,6.903693476009083,-0.14960414426742255
1787022654032,0.001448,1557734.0,0.00145,2397387.0,0.001449,13.802622498273513,-0.21229514849229644
1787022654033,0.001449,1413081.0,0.00145,1502487.0,0.0014494999999999998,6.89893066574623,-0.030665036795574654
1787022654034,0.001449,1490400.0,0.00145,1502487.0,0.0014494999999999998,6.89893066574623,-0.0040385754624214015
1787022654036,0.001449,1490400.0,0.00145,651015.0,0.0014494999999999998,6.89893066574623,0.3919768003866602
1787022654037,0.001449,1490400.0,0.00145,237934.0,0.0014494999999999998,6.89893066574623,0.7246666442944477
1787022654039,0.001449,1490400.0,0.00145,286411.0,0.0014494999999999998,6.89893066574623,0.6776123065424516
1787022654044,0.001449,1490400.0,0.00145,237934.0,0.0014494999999999998,6.89893066574623,0.7246666442944477
1787022654053,0.001449,490400.0,0.00145,237934.0,0.0014494999999999998,6.89893066574623,0.34663492298862886
1787022654054,0.001449,413081.0,0.00145,237934.0,0.0014494999999999998,6.89893066574623,0.2690368117478092
1787022654055,0.001449,461558.0,0.00145,286411.0,0.0014494999999999998,6.89893066574623,0.23416344795038296
1787022654095,0.001449,364604.0,0.00145,286411.0,0.0014494999999999998,6.89893066574623,0.12010936767970017
1787022654096,0.001449,364604.0,0.00145,886411.0,0.0014494999999999998,6.89893066574623,-0.4171069091897379
1787022654097,0.001449,316127.0,0.00145,286411.0,0.0014494999999999998,6.89893066574623,0.049318051309626944
1787022654098,0.001449,665524.0,0.00145,314005.0,0.0014494999999999998,6.89893066574623,0.3588653322157894
1787022654099,0.001449,714001.0,0.00145,314005.0,0.0014494999999999998,6.89893066574623,0.3890988963099437
1787022654104,0.001449,714001.0,0.00145,265528.0,0.0014494999999999998,6.89893066574623,0.4578455563847523
1787022654111,0.001449,714001.0,0.00145,260969.0,0.0014494999999999998,6.89893066574623,0.4646625024359724
1787022654113,0.001449,1562478.0,0.00145,260969.0,0.0014494999999999998,6.89893066574623,0.713762999418135
1787022654114,0.001449,1600572.0,0.00145,260969.0,0.0014494999999999998,6.89893066574623,0.7196204649803577
1787022654115,0.001449,1514001.0,0.00145,109248.0,0.0014494999999999998,6.89893066574623,0.8653958819626564
1787022654116,0.00145,498329.0,0.001451,800069.0,0.0014505,6.8941744226138075,-0.23239407331188125
1787022654117,0.00145,509349.0,0.001451,693047.0,0.0014505,6.8941744226138075,-0.15277662267672215
1787022654118,0.001449,997183.0,0.00145,291487.0,0.0014494999999999998,6.89893066574623,0.5476157588831897
1787022654119,0.001449,714001.0,0.00145,314649.0,0.0014494999999999998,6.89893066574623,0.38822923248918484
1787022654120,0.001449,714001.0,0.00145,256129.0,0.0014494999999999998,6.89893066574623,0.4719697360147609
1787022654121,0.001449,714001.0,0.00145,220771.0,0.0014494999999999998,6.89893066574623,0.5276473835330968
1787022654128,0.001449,714001.0,0.00145,48477.0,0.0014494999999999998,6.89893066574623,0.8728435443383284
1787022654129,0.001449,665524.0,0.00145,48477.0,0.0014494999999999998,6.89893066574623,0.8642102742153022
1787022654130,0.001449,617047.0,0.00145,48477.0,0.0014494999999999998,6.89893066574623,0.8543193032858319
1787022654131,0.001449,617047.0,0.00145,650607.0,0.0014494999999999998,6.89893066574623,-0.026474100977080497
1787022654132,0.001449,568570.0,0.00145,843783.0,0.0014494999999999998,6.89893066574623,-0.1948613413218933
1787022654163,0.001449,520093.0,0.00145,843783.0,0.0014494999999999998,6.89893066574623,-0.23733095970601434
1787022654164,0.001449,520093.0,0.00145,1243783.0,0.0014494999999999998,6.89893066574623,-0.41028394286219666
1787022654166,0.001449,471616.0,0.00145,1243783.0,0.0014494999999999998,6.89893066574623,-0.4501384226060526
1787022654195,0.001449,471616.0,0.00145,1257583.0,0.0014494999999999998,6.89893066574623,-0.4545266334296978
1787022654218,0.001449,471616.0,0.00145,1268967.0,0.0014494999999999998,6.89893066574623,-0.4580942132607293
1787022654235,0.001449,483000.0,0.00145,1268967.0,0.0014494999999999998,6.89893066574623,-0.44861975139942706
1787022654252,0.001449,483000.0,0.00145,1315856.0,0.0014494999999999998,6.89893066574623,-0.4629920349377604
1787022654308,0.001449,483000.0,0.00145,915856.0,0.0014494999999999998,6.89893066574623,-0.30943571032329276
1787022654321,0.001448,2774198.0,0.001449,471644.0,0.0014485000000000001,6.903693476009083,0.7093857310368157
1787022654322,0.001448,2649180.0,0.001449,520121.0,0.0014485000000000001,6.903693476009083,0.6717755744878761
1787022654323,0.001448,2649180.0,0.001449,557643.0,0.0014485000000000001,6.903693476009083,0.65221466853643
1787022654325,0.001448,2660572.0,0.001449,569035.0,0.0014485000000000001,6.903693476009083,0.6476134712365932
1787022654331,0.001448,1860572.0,0.001449,569035.0,0.0014485000000000001,6.903693476009083,0.531582679832582
1787022654337,0.001448,1860572.0,0.001449,762211.0,0.0014485000000000001,6.903693476009083,0.4187769251211404
1787022654346,0.001448,1860572.0,0.001449,766011.0,0.0014485000000000001,6.903693476009083,0.41672431444199554
1787022654347,0.001448,1860572.0,0.001449,762211.0,0.0014485000000000001,6.903693476009083,0.4187769251211404
1787022654349,0.001448,1864372.0,0.001449,762211.0,0.0014485000000000001,6.903693476009083,0.41961780762306006
1787022654369,0.001448,1860572.0,0.001449,762211.0,0.0014485000000000001,6.903693476009083,0.4187769251211404
1787022654370,0.001448,1872004.0,0.001449,762211.0,0.0014485000000000001,6.903693476009083,0.4212993244666817
1787022654372,0.001448,1872004.0,0.001449,1649186.0,0.0014485000000000001,6.903693476009083,0.06327917550600791
1787022654373,0.001448,1872004.0,0.001449,1637794.0,0.0014485000000000001,6.903693476009083,0.06673033604782953
1787022654404,0.001448,1870245.0,0.001449,1637794.0,0.0014485000000000001,6.903693476009083,0.06626237621645598
1787022654432,0.001448,1932195.0,0.001449,1637794.0,0.0014485000000000001,6.903693476009083,0.08246552020188297
1787022654433,0.001448,1932195.0,0.001449,1649186.0,0.0014485000000000001,6.903693476009083,0.07902231010886583
1787022654499,0.001448,1993256.0,0.001449,1649186.0,0.0014485000000000001,6.903693476009083,0.0944613531251836
1787022654501,0.001448,1993256.0,0.001449,1652982.0,0.0014485000000000001,6.903693476009083,0.09332193894090293
1787022654533,0.001448,1931306.0,0.001449,1652982.0,0.0014485000000000001,6.903693476009083,0.07765112624878358
1787022654569,0.001448,1931306.0,0.001449,1673652.0,0.0014485000000000001,6.903693476009083,0.0714721225600964
1787022654596,0.001448,1931306.0,0.001449,1687459.0,0.0014485000000000001,6.903693476009083,0.06738403847721529
1787022654654,0.001448,1934760.0,0.001449,1687459.0,0.0014485000000000001,6.903693476009083,0.06827334294254433
1787022654721,0.001448,1928017.0,0.001449,1687459.0,0.0014485000000000001,6.903693476009083,0.06653563735452815
1787022654896,0.001448,1928017.0,0.001449,1673652.0,0.0014485000000000001,6.903693476009083,0.07062420227955428
1787022654995,0.001448,1928017.0,0.001449,1687459.0,0.0014485000000000001,6.903693476009083,0.06653563735452815
1787022655078,0.001448,1928017.0,0.001449,1665400.0,0.0014485000000000001,6.903693476009083,0.0730828066990277
1787022655083,0.001448,1928017.0,0.001449,778425.0,0.0014485000000000001,6.903693476009083,0.42476136566015454
1787022655084,0.001449,22738.0,0.00145,1449282.0,0.0014494999999999998,6.89893066574623,-0.9691063980108966
1787022655085,0.001449,495951.0,0.00145,1304747.0,0.0014494999999999998,6.89893066574623,-0.4491569380318077
1787022655086,0.001449,1541400.0,0.00145,1235781.0,0.0014494999999999998,6.89893066574623,0.11004648238627587
1787022655087,0.001449,741400.0,0.00145,1235781.0,0.0014494999999999998,6.89893066574623,-0.2500433698280532
1787022655088,0.001449,789877.0,0.00145,635781.0,0.0014494999999999998,6.89893066574623,0.10808763392061771
1787022655089,0.001449,789877.0,0.00145,151922.0,0.0014494999999999998,6.89893066574623,0.6773791435327495
1787022655090,0.001449,1182974.0,0.00145,151922.0,0.0014494999999999998,6.89893066574623,0.7723837662259831
1787022655091,0.001449,1182974.0,0.00145,241764.0,0.0014494999999999998,6.89893066574623,0.6606197069215533
1787022655144,0.001449,1134497.0,0.00145,241764.0,0.0014494999999999998,6.89893066574623,0.6486654784230608
1787022655163,0.001449,1137949.0,0.00145,241764.0,0.0014494999999999998,6.89893066574623,0.6495445067198758
1787022655200,0.001449,1198888.0,0.00145,241764.0,0.0014494999999999998,6.89893066574623,0.6643686330911281
1787022655218,0.001449,2198888.0,0.00145,241764.0,0.0014494999999999998,6.89893066574623,0.8018857256175809
1787022655220,0.001449,2198888.0,0.00145,193287.0,0.0014494999999999998,6.89893066574623,0.8384006186838338
1787022655304,0.001449,3054898.0,0.00145,193287.0,0.0014494999999999998,6.89893066574623,0.8809876900484425
1787022655305,0.00145,483845.0,0.001451,2448551.0,0.0014505,6.8941744226138075,-0.670000231892282
1787022655306,0.00145,483845.0,0.001451,1961690.0,0.0014505,6.8941744226138075,-0.604303352845083
1787022655307,0.00145,483845.0,0.001451,1732116.0,0.0014505,6.8941744226138075,-0.5633091015590979
1787022655308,0.00145,483845.0,0.001451,1563140.0,0.0014505,6.8941744226138075,-0.5272608250671109
1787022655309,0.00145,677021.0,0.001451,441255.0,0.0014505,6.8941744226138075,0.21082988457232382
1787022655310,0.00145,628544.0,0.001451,245415.0,0.0014505,6.8941744226138075,0.43838326511884423
1787022655311,0.00145,435368.0,0.001451,245415.0,0.0014505,6.8941744226138075,0.2790213621667991
1787022655312,0.00145,628544.0,0.001451,293892.0,0.0014505,6.8941744226138075,0.3627915649432589
1787022655313,0.00145,580067.0,0.001451,487068.0,0.0014505,6.8941744226138075,0.08714829894999226
1787022655314,0.00145,386891.0,0.001451,487068.0,0.0014505,6.8941744226138075,-0.11462437025077836
1787022655315,0.00145,316127.0,0.001451,438591.0,0.0014505,6.8941744226138075,-0.16226458094281573
1787022655316,0.00145,267650.0,0.001451,438591.0,0.0014505,6.8941744226138075,-0.24204343842965786
1787022655317,0.00145,316127.0,0.001451,438591.0,0.0014505,6.8941744226138075,-0.16226458094281573
1787022655372,0.00145,316127.0,0.001451,434791.0,0.0014505,6.8941744226138075,-0.15802524376829427
1787022655373,0.00145,509303.0,0.001451,434791.0,0.0014505,6.8941744226138075,0.07892434439790953
1787022655375,0.00145,524535.0,0.001451,434791.0,0.0014505,6.8941744226138075,0.09354901253588457
1787022655396,0.00145,524535.0,0.001451,448579.0,0.0014505,6.8941744226138075,0.07805457531183396
1787022655485,0.00145,535911.0,0.001451,459955.0,0.0014505,6.8941744226138075,0.07627130557725638
1787022655499,0.00145,535911.0,0.001451,473743.0,0.0014505,6.8941744226138075,0.0615735687671222
1787022655500,0.00145,596675.0,0.001451,473743.0,0.0014505,6.8941744226138075,0.11484485500056987
1787022655518,0.00145,1333647.0,0.001451,1221034.0,0.0014505,6.8941744226138075,0.04408104182087705
1787022655519,0.00145,1322271.0,0.001451,1209658.0,0.0014505,6.8941744226138075,0.044477155560049275
1787022655547,0.00145,585299.0,0.001451,1209658.0,0.0014505,6.8941744226138075,-0.3478406446505404
1787022655549,0.00145,392123.0,0.001451,1209658.0,0.0014505,6.8941744226138075,-0.5103912457445806
1787022655557,0.00145,395917.0,0.001451,1209658.0,0.0014505,6.8941744226138075,-0.5068221665135544
1787022655595,0.00145,395917.0,0.001451,1195870.0,0.0014505,6.8941744226138075,-0.5025502783978008
1787022655596,0.00145,407293.0,0.001451,1207246.0,0.0014505,6.8941744226138075,-0.49546836589267895
1787022655605,0.001449,2085282.0,0.00145,450947.0,0.0014494999999999998,6.89893066574623,0.6443956756270826
1787022655606,0.001449,2235118.0,0.00145,671040.0,0.0014494999999999998,6.89893066574623,0.5381944133801397
1787022655607,0.001449,2235118.0,0.00145,674834.0,0.0014494999999999998,6.89893066574623,0.5361889130817278
1787022655608,0.001449,2235118.0,0.00145,610051.0,0.0014494999999999998,6.89893066574623,0.571167125748945
1787022655609,0.001449,2235118.0,0.00145,658528.0,0.0014494999999999998,6.89893066574623,0.544845499414925
1787022655698,0.001449,2246502.0,0.00145,658528.0,0.0014494999999999998,6.89893066574623,0.5466291225908166
1787022655699,0.001449,2307280.0,0.00145,669912.0,0.0014494999999999998,6.89893066574623,0.5499705763014276
1787022655751,0.001449,3195556.0,0.00145,669912.0,0.0014494999999999998,6.89893066574623,0.6533863428697378
1787022655753,0.001449,3195556.0,0.00145,621435.0,0.0014494999999999998,6.89893066574623,0.6743848754162638
1787022655769,0.001449,3187681.0,0.00145,621435.0,0.0014494999999999998,6.89893066574623,0.6737116958370394
1787022655776,0.001449,3234570.0,0.00145,621435.0,0.0014494999999999998,6.89893066574623,0.6776793598556018
1787022655943,0.001449,3234570.0,0.00145,428259.0,0.0014494999999999998,6.89893066574623,0.7661594357803763
1787022655944,0.001449,3234570.0,0.00145,324776.0,0.0014494999999999998,6.89893066574623,0.8175080478267637
1787022655946,0.001449,3234570.0,0.00145,125871.0,0.0014494999999999998,6.89893066574623,0.9250866180956606
1787022655947,0.001449,3234570.0,0.00145,15178.0,0.0014494999999999998,6.89893066574623,0.9906589680184433
1787022655948,0.001449,3234570.0,0.00145,3794.0,0.0014494999999999998,6.89893066574623,0.9976568415409757
1787022656027,0.001449,3234570.0,0.00145,28311.0,0.0014494999999999998,6.89893066574623,0.9826466242562938
1787022656092,0.001449,3058184.0,0.00145,28311.0,0.0014494999999999998,6.89893066574623,0.9816549192530686
1787022656099,0.001449,3431144.0,0.00145,28311.0,0.0014494999999999998,6.89893066574623,0.9836326820265042
1787022656100,0.001449,3370366.0,0.00145,28311.0,0.0014494999999999998,6.89893066574623,0.9833399878835205
1787022656126,0.001449,3370366.0,0.00145,4014.0,0.0014494999999999998,6.89893066574623,0.9976208962831691
1787022656127,0.001449,3370366.0,0.00145,7808.0,0.0014494999999999998,6.89893066574623,0.9953773843502437
1787022656133,0.001449,3432421.0,0.00145,7808.0,0.0014494999999999998,6.89893066574623,0.9954607672919448
1787022656137,0.001449,3039324.0,0.00145,11502.0,0.0014494999999999998,6.89893066574623,0.992459746966887
1787022656170,0.001449,2947381.0,0.00145,11502.0,0.0014494999999999998,6.89893066574623,0.9922254445343057
1787022656234,0.001449,2947381.0,0.00145,59979.0,0.0014494999999999998,6.89893066574623,0.9601118589061503
1787022656454,0.001449,2947381.0,0.00145,71363.0,0.0014494999999999998,6.89893066574623,0.9527200716589416
1787022656628,0.001449,2947381.0,0.00145,930907.0,0.0014494999999999998,6.89893066574623,0.5199392102907262
1787022656629,0.001449,2947381.0,0.00145,930907.0,0.0014494999999999998,6.89893066574623,0.5199392102907262
1787022656635,0.001449,2885326.0,0.00145,930907.0,0.0014494999999999998,6.89893066574623,0.512133037998466
1787022656803,0.001449,2879992.0,0.00145,930907.0,0.0014494999999999998,6.89893066574623,0.5114501853762065
1787022656829,0.001449,2879992.0,0.00145,963596.0,0.0014494999999999998,6.89893066574623,0.49859558308538793
1787022657088,0.001449,2879992.0,0.00145,964394.0,0.0014494999999999998,6.89893066574623,0.49828451149286257
1787022657098,0.001449,2693512.0,0.00145,964394.0,0.0014494999999999998,6.89893066574623,0.47270706245595157
1787022657099,0.001449,2507032.0,0.00145,964394.0,0.0014494999999999998,6.89893066574623,0.44438164604401764
1787022657100,0.001449,2495648.0,0.00145,964394.0,0.0014494999999999998,6.89893066574623,0.4425535874998049
1787022657101,0.001449,2507032.0,0.00145,964394.0,0.0014494999999999998,6.89893066574623,0.44438164604401764
1787022657139,0.001449,2571324.0,0.00145,964394.0,0.0014494999999999998,6.89893066574623,0.45448477508670093
1787022657177,0.001449,2571324.0,0.00145,942134.0,0.0014494999999999998,6.89893066574623,0.4636998649194042
1787022657178,0.001449,2571324.0,0.00145,945928.0,0.0014494999999999998,6.89893066574623,0.46212099673267654
1787022657383,0.001449,2571324.0,0.00145,1139104.0,0.0014494999999999998,6.89893066574623,0.38599859638834116
1787022657384,0.001449,1683048.0,0.00145,1139104.0,0.0014494999999999998,6.89893066574623,0.19274085874892635
1787022657498,0.001449,1683048.0,0.00145,1166698.0,0.0014494999999999998,6.89893066574623,0.18119158689932366
1787022657593,0.001449,2538984.0,0.00145,1166698.0,0.0014494999999999998,6.89893066574623,0.37031941758629044
1787022657598,0.001449,2538984.0,0.00145,1187368.0,0.0014494999999999998,6.89893066574623,0.3627182831895645
1787022657601,0.001449,2538984.0,0.00145,1173571.0,0.0014494999999999998,6.89893066574623,0.3677825648374233
1787022657695,0.001449,2538984.0,0.00145,1187367.0,0.0014494999999999998,6.89893066574623,0.3627186488873431
1787022657797,0.001449,2538984.0,0.00145,1194265.0,0.0014494999999999998,6.89893066574623,0.36020072596282754
1787022657921,0.001449,2532865.0,0.00145,1194265.0,0.0014494999999999998,6.89893066574623,0.3591503381958773
1787022658018,0.001449,2532865.0,0.00145,1141180.0,0.0014494999999999998,6.89893066574623,0.3787882293221776
1787022658019,0.001449,2532865.0,0.00145,103826.0,0.0014494999999999998,6.89893066574623,0.9212452274460678
1787022658021,0.001449,2532865.0,0.00145,103826.0,0.0014494999999999998,6.89893066574623,0.9212452274460678
1787022658023,0.001449,2532865.0,0.00145,152303.0,0.0014494999999999998,6.89893066574623,0.886559798120639
1787022658095,0.001449,2532865.0,0.00145,138507.0,0.0014494999999999998,6.89893066574623,0.8963027238437776
1787022658198,0.001449,2532865.0,0.00145,124710.0,0.0014494999999999998,6.89893066574623,0.9061475217068192
1787022658226,0.001449,2532865.0,0.00145,106405.0,0.0014494999999999998,6.89893066574623,0.9193678555054996
1787022658296,0.001449,2532865.0,0.00145,99507.0,0.0014494999999999998,6.89893066574623,0.9243974635803754
1787022659032,0.001449,2532865.0,0.00145,98709.0,0.0014494999999999998,6.89893066574623,0.9249810189643156
1787022659052,0.001449,2485976.0,0.00145,98709.0,0.0014494999999999998,6.89893066574623,0.9236200929707101
1787022659061,0.001449,2482011.0,0.00145,98709.0,0.0014494999999999998,6.89893066574623,0.9235027434204408
1787022659253,0.001449,2482011.0,0.00145,834085.0,0.0014494999999999998,6.89893066574623,0.4969476155093218
1787022659254,0.001449,1482011.0,0.00145,822701.0,0.0014494999999999998,6.89893066574623,0.2860704504510759
1787022659256,0.001449,1470627.0,0.00145,822701.0,0.0014494999999999998,6.89893066574623,0.2825265291314631
1787022659278,0.001449,1470627.0,0.00145,804500.0,0.0014494999999999998,6.89893066574623,0.2927867323450515
1787022659279,0.001449,1470627.0,0.00145,808294.0,0.0014494999999999998,6.89893066574623,0.29063447131339787
1787022659301,0.001449,1531392.0,0.00145,808294.0,0.0014494999999999998,6.89893066574623,0.30905771116295094
1787022659401,0.001449,1470627.0,0.00145,808294.0,0.0014494999999999998,6.89893066574623,0.29063447131339787
1787022659447,0.001449,1470627.0,0.00145,8323155.0,0.0014494999999999998,6.89893066574623,-0.6996814917873402
1787022659448,0.001448,1307280.0,0.001449,247755.0,0.0014485000000000001,6.903693476009083,0.6813512236058995
1787022659449,0.001448,1307280.0,0.001449,413081.0,0.0014485000000000001,6.903693476009083,0.5197740474237674
1787022659450,0.001448,780465.0,0.001449,440468.0,0.0014485000000000001,6.903693476009083,0.27847310212763515
1787022659451,0.001448,587288.0,0.001449,633644.0,0.0014485000000000001,6.903693476009083,-0.03796771646578188
1787022659452,0.001448,980520.0,0.001449,682121.0,0.0014485000000000001,6.903693476009083,0.1794728988398578
1787022659453,0.001448,952560.0,0.001449,654734.0,0.0014485000000000001,6.903693476009083,0.18529652944638628
1787022659454,0.001448,122751.0,0.001449,654734.0,0.0014485000000000001,6.903693476009083,-0.6842357087274996
1787022659455,0.001448,122751.0,0.001449,654734.0,0.0014485000000000001,6.903693476009083,-0.6842357087274996
1787022659456,0.001448,3799.0,0.001449,795745.0,0.0014485000000000001,6.903693476009083,-0.9904970833375024
1787022659457,0.001448,52276.0,0.001449,795745.0,0.0014485000000000001,6.903693476009083,-0.8767106003271146
1787022659458,0.001448,100753.0,0.001449,795745.0,0.0014485000000000001,6.903693476009083,-0.7752298387726465
1787022659475,0.001448,100753.0,0.001449,797342.0,0.0014485000000000001,6.903693476009083,-0.7756295269431408
1787022659476,0.001448,118072.0,0.001449,797342.0,0.0014485000000000001,6.903693476009083,-0.7420358438913978
1787022659573,0.001448,118072.0,0.001449,815610.0,0.0014485000000000001,6.903693476009083,-0.7470830539734085
1787022659615,0.001447,1731145.0,0.001449,815610.0,0.001448,13.812154696132932,0.3594908030022519
1787022659616,0.001447,1704577.0,0.001448,413081.0,0.0014475,6.908462867013006,0.6098699601163172
1787022659617,0.001447,1733137.0,0.001448,461558.0,0.0014475,6.908462867013006,0.5793875686598822
1787022659618,0.001447,1992676.0,0.001448,510035.0,0.0014475,6.908462867013006,0.5924139862732852
1787022659619,0.001447,1992676.0,0.001448,461558.0,0.0014475,6.908462867013006,0.6238679767291954
1787022659621,0.001447,1992676.0,0.001449,1017609.0,0.001448,13.812154696132932,0.3239118555219855
1787022659622,0.001447,1992676.0,0.001448,413081.0,0.0014475,6.908462867013006,0.6565895890565838
1787022659623,0.001447,2004075.0,0.001448,11399.0,0.0014475,6.908462867013006,0.9886885169444012
1787022659624,0.001447,2004075.0,0.001449,1006669.0,0.001448,13.812154696132932,0.33128223455730543
1787022659625,0.001448,1022713.0,0.001449,815610.0,0.0014485000000000001,6.903693476009083,0.11265865683016532
1787022659626,0.001448,1022713.0,0.001449,674599.0,0.0014485000000000001,6.903693476009083,0.20509723610037517
1787022659627,0.001448,1071190.0,0.001449,674599.0,0.0014485000000000001,6.903693476009083,0.22717006465271578
1787022659628,0.001448,1071190.0,0.001449,723076.0,0.0014485000000000001,6.903693476009083,0.1940147113081338
1787022659633,0.001448,1071190.0,0.001449,674599.0,0.0014485000000000001,6.903693476009083,0.22717006465271578
1787022659635,0.001448,1071190.0,0.001449,481423.0,0.0014485000000000001,6.903693476009083,0.37985447758069785
1787022659653,0.001448,1813384.0,0.001449,481423.0,0.0014485000000000001,6.903693476009083,0.5804239746523346
1787022659677,0.001448,1813384.0,0.001449,1308156.0,0.0014485000000000001,6.903693476009083,0.16185216271455755
1787022659689,0.001448,1813384.0,0.001449,1173740.0,0.0014485000000000001,6.903693476009083,0.2141337286299464
1787022659725,0.001448,2016369.0,0.001449,1173740.0,0.0014485000000000001,6.903693476009083,0.26413799653867626
1787022659727,0.001448,1993656.0,0.001449,1173740.0,0.0014485000000000001,6.903693476009083,0.25886122227848996
1787022659742,0.001448,993656.0,0.001449,1173740.0,0.0014485000000000001,6.903693476009083,-0.08308772370162167
1787022659750,0.001448,993656.0,0.001449,1177536.0,0.0014485000000000001,6.903693476009083,-0.08469080578778845
1787022659832,0.001448,1005048.0,0.001449,1188928.0,0.0014485000000000001,6.903693476009083,-0.0838113087836877
1787022659927,0.001448,1008847.0,0.001449,1188928.0,0.0014485000000000001,6.903693476009083,-0.08193786898112865
1787022660001,0.001448,1042615.0,0.001449,1188928.0,0.0014485000000000001,6.903693476009083,-0.06556584390262701
1787022660162,0.001448,1042615.0,0.001449,1391913.0,0.0014485000000000001,6.903693476009083,-0.1434766821330459
1787022660171,0.001448,1035468.0,0.001449,1391913.0,0.0014485000000000001,6.903693476009083,-0.14684344979218342
1787022660198,0.001448,90289.0,0.001449,1391913.0,0.0014485000000000001,6.903693476009083,-0.8781691024570201
1787022660199,0.001448,138766.0,0.001449,1533041.0,0.0014485000000000001,6.903693476009083,-0.8339927994080657
1787022660201,0.001448,138766.0,0.001449,1533041.0,0.0014485000000000001,6.903693476009083,-0.8339927994080657
1787022660296,0.001448,145669.0,0.001449,1533041.0,0.0014485000000000001,6.903693476009083,-0.8264512631723169
1787022660325,0.001448,145669.0,0.001449,1512346.0,0.0014485000000000001,6.903693476009083,-0.8242850637660094
1787022660469,0.001448,901145.0,0.001449,1512346.0,0.0014485000000000001,6.903693476009083,-0.25324353809481787
1787022660470,0.001448,901145.0,0.001449,1371218.0,0.0014485000000000001,6.903693476009083,-0.20686527636649601
1787022660498,0.001448,901145.0,0.001449,1385026.0,0.0014485000000000001,6.903693476009083,-0.2116556460562224
1787022660531,0.001448,901145.0,0.001449,899316.0,0.0014485000000000001,6.903693476009083,0.0010158509403980424
1787022660533,0.001448,1104130.0,0.001449,280458.0,0.0014485000000000001,6.903693476009083,0.5948859877450909
1787022660534,0.001448,1094130.0,0.001449,269066.0,0.0014485000000000001,6.903693476009083,0.6052423862746076
1787022660536,0.001448,1059611.0,0.001449,269066.0,0.0014485000000000001,6.903693476009083,0.5949865919256524
1787022660537,0.001448,1059611.0,0.001449,48477.0,0.0014485000000000001,6.903693476009083,0.9125033390849824
1787022660538,0.001448,1059611.0,0.001449,3796.0,0.0014485000000000001,6.903693476009083,0.9928606826925157
1787022660541,0.001449,2957.0,0.00145,7838075.0,0.0014494999999999998,6.89893066574623,-0.999245762547583
1787022660542,0.001449,419834.0,0.00145,7838075.0,0.0014494999999999998,6.89893066574623,-0.8983195382753673
1787022660543,0.001449,495326.0,0.00145,7838075.0,0.0014494999999999998,6.89893066574623,-0.8811227252834707
1787022660545,0.001449,495326.0,0.00145,7881875.0,0.0014494999999999998,6.89893066574623,-0.8817442723410839
1787022660561,0.001449,461383.0,0.00145,7881875.0,0.0014494999999999998,6.89893066574623,-0.8893998004136993
1787022660564,0.001449,426861.0,0.00145,7881875.0,0.0014494999999999998,6.89893066574623,-0.8972500751016761
1787022660568,0.001449,392341.0,0.00145,7881875.0,0.0014494999999999998,6.89893066574623,-0.9051653957305441
1787022660579,0.001449,392341.0,0.00145,7137762.0,0.0014494999999999998,6.89893066574623,-0.8957939884753237
1787022660581,0.001449,605477.0,0.00145,6944586.0,0.0014494999999999998,6.89893066574623,-0.8396100800748285
1787022660583,0.001449,653954.0,0.00145,6944586.0,0.0014494999999999998,6.89893066574623,-0.8278737757516575
1787022660592,0.001449,653954.0,0.00145,6049782.0,0.0014494999999999998,6.89893066574623,-0.8048986415932847
1787022660593,0.001449,726024.0,0.00145,6049782.0,0.0014494999999999998,6.89893066574623,-0.7857010664118778
1787022660597,0.001449,726024.0,0.00145,6063584.0,0.0014494999999999998,6.89893066574623,-0.7861366959624179
1787022660669,0.001449,712180.0,0.00145,6063584.0,0.0014494999999999998,6.89893066574623,-0.7897860669291316
1787022660672,0.001449,707712.0,0.00145,6063584.0,0.0014494999999999998,6.89893066574623,-0.7909670467810003
1787022660696,0.001449,707712.0,0.00145,6077386.0,0.0014494999999999998,6.89893066574623,-0.7913922540249234
1787022660737,0.001449,1512052.0,0.00145,6077386.0,0.0014494999999999998,6.89893066574623,-0.6015378213775513
1787022660738,0.001449,1512052.0,0.00145,6975225.0,0.0014494999999999998,6.89893066574623,-0.6436897252204682
1787022660782,0.001449,1523436.0,0.00145,6986609.0,0.0014494999999999998,6.89893066574623,-0.6419675806649671
1787022660904,0.001449,1523436.0,0.00145,6088770.0,0.0014494999999999998,6.89893066574623,-0.5997386302998106
1787022661009,0.001449,1523436.0,0.00145,6092564.0,0.0014494999999999998,6.89893066574623,-0.599938025210084
1787022661095,0.001449,1523436.0,0.00145,6078762.0,0.0014494999999999998,6.89893066574623,-0.5992117016683859
1787022661155,0.001449,1448318.0,0.00145,6078762.0,0.0014494999999999998,6.89893066574623,-0.6151713546288866
1787022661158,0.001449,1448318.0,0.00145,6949119.0,0.0014494999999999998,6.89893066574623,-0.6550571323131094
1787022661331,0.001449,1448318.0,0.00145,6989132.0,0.0014494999999999998,6.89893066574623,-0.6566929581804929
1787022661378,0.001449,1448318.0,0.00145,6966542.0,0.0014494999999999998,6.89893066574623,-0.6557713378475697
1787022661379,0.001449,1448318.0,0.00145,6096185.0,0.0014494999999999998,6.89893066574623,-0.6160600638637164
1787022661581,0.001449,1448318.0,0.00145,6901452.0,0.0014494999999999998,6.89893066574623,-0.6530879293681143
1787022661995,0.001449,1448318.0,0.00145,6915253.0,0.0014494999999999998,6.89893066574623,-0.653660380237102
1787022662063,0.001449,1448318.0,0.00145,6570188.0,0.0014494999999999998,6.89893066574623,-0.6387561473421608
1787022662167,0.001449,1442118.0,0.00145,6570188.0,0.0014494999999999998,6.89893066574623,-0.6400242327240123
1787022662299,0.001449,1442118.0,0.00145,6556387.0,0.0014494999999999998,6.89893066574623,-0.6394031134568272
1787022662399,0.001449,1442118.0,0.00145,6570188.0,0.0014494999999999998,6.89893066574623,-0.6400242327240123
1787022662402,0.001449,1442118.0,0.00145,5053043.0,0.0014494999999999998,6.89893066574623,-0.5559407996199016
1787022662403,0.001449,1442118.0,0.00145,967922.0,0.0014494999999999998,6.89893066574623,0.19675856002390002
1787022662405,0.001449,1442118.0,0.00145,11384.0,0.0014494999999999998,6.89893066574623,0.9843357628678874
1787022662406,0.00145,941887.0,0.001451,1801284.0,0.0014505,6.8941744226138075,-0.31328597451635354
1787022662407,0.00145,1965073.0,0.001451,1692834.0,0.0014505,6.8941744226138075,0.07442480084922881
1787022662408,0.00145,2192795.0,0.001451,1477095.0,0.0014505,6.8941744226138075,0.19501946924839708
1787022662409,0.00145,2219810.0,0.001451,1477095.0,0.0014505,6.8941744226138075,0.2009018354542516
1787022662410,0.00145,2219810.0,0.001451,1483664.0,0.0014505,6.8941744226138075,0.19877174782380003
1787022662426,0.00145,2219810.0,0.001451,1463954.0,0.0014505,6.8941744226138075,0.20518578280258995
1787022662474,0.00145,2219810.0,0.001451,1240723.0,0.0014505,6.8941744226138075,0.28292953715511454
1787022662498,0.00145,2219810.0,0.001451,1254510.0,0.0014505,6.8941744226138075,0.27783854106702893
1787022662571,0.00145,2231186.0,0.001451,1265886.0,0.0014505,6.8941744226138075,0.2760309195807235
1787022662592,0.00145,2231186.0,0.001451,1259680.0,0.0014505,6.8941744226138075,0.2782994248418587
1787022662695,0.00145,2231186.0,0.001451,1273467.0,0.0014505,6.8941744226138075,0.27327070611555554
1787022662740,0.00145,2231186.0,0.001451,379827.0,0.0014505,6.8941744226138075,0.7090577488507334
1787022662741,0.00145,2231186.0,0.001451,183205.0,0.0014505,6.8941744226138075,0.8482391625879984
1787022662743,0.00145,2231186.0,0.001451,179759.0,0.0014505,6.8941744226138075,0.8508808786596127
1787022662763,0.00145,2231186.0,0.001451,173190.0,0.0014505,6.8941744226138075,0.8559376736417266
1787022662778,0.00145,2210496.0,0.001451,173190.0,0.0014505,6.8941744226138075,0.8546872364900411
1787022662826,0.00145,2210496.0,0.001451,126301.0,0.0014505,6.8941744226138075,0.8919024630723165
1787022662877,0.00145,2210496.0,0.001451,130092.0,0.0014505,6.8941744226138075,0.8888381893780537
1787022662956,0.00145,2210496.0,0.001451,956880.0,0.0014505,6.8941744226138075,0.39579007986421566
1787022662957,0.00145,2210496.0,0.001451,956880.0,0.0014505,6.8941744226138075,0.39579007986421566
1787022662959,0.00145,2210496.0,0.001451,1180808.0,0.0014505,6.8941744226138075,0.30362597985907486
1787022663098,0.00145,2210496.0,0.001451,1132331.0,0.0014505,6.8941744226138075,0.3225308997444379
1787022663101,0.00145,2210496.0,0.001451,1045705.0,0.0014505,6.8941744226138075,0.3577147111004511
1787022663102,0.001451,61373.0,0.001452,769748.0,0.0014515,6.889424733034212,-0.8523127198085477
1787022663103,0.001451,535827.0,0.001452,769748.0,0.0014515,6.889424733034212,-0.17917086341267258
1787022663104,0.001451,746859.0,0.001452,621237.0,0.0014515,6.889424733034212,0.091822503683952
1787022663105,0.001451,769541.0,0.001452,621237.0,0.0014515,6.889424733034212,0.10663384091494113
1787022663106,0.001451,769541.0,0.001452,669714.0,0.0014515,6.889424733034212,0.06936018982042794
1787022663107,0.001451,796556.0,0.001452,669714.0,0.0014515,6.889424733034212,0.08650657791539075
1787022663108,0.001451,848824.0,0.001452,669714.0,0.0014515,6.889424733034212,0.11794897460583799
1787022663110,0.001451,800347.0,0.001452,669714.0,0.0014515,6.889424733034212,0.08886229891140572
1787022663111,0.001451,777665.0,0.001452,669714.0,0.0014515,6.889424733034212,0.07458378213308332
1787022663115,0.001451,777665.0,0.001452,621237.0,0.0014515,6.889424733034212,0.11182198610052742
1787022663117,0.001451,826142.0,0.001452,621237.0,0.0014515,6.889424733034212,0.14156969252697463
1787022663129,0.001451,826142.0,0.001452,1421237.0,0.0014515,6.889424733034212,-0.26479512356393825
1787022663131,0.001451,826142.0,0.001452,1469714.0,0.0014515,6.889424733034212,-0.2803189747092152
1787022663132,0.001451,777665.0,0.001452,1469714.0,0.0014515,6.889424733034212,-0.30793604461018814
1787022663140,0.001451,777665.0,0.001452,669714.0,0.0014515,6.889424733034212,0.07458378213308332
1787022663141,0.001451,826142.0,0.001452,669714.0,0.0014515,6.889424733034212,0.10457423709234044
1787022663151,0.001451,820999.0,0.001452,669714.0,0.0014515,6.889424733034212,0.10148499409343045
1787022663153,0.001451,820999.0,0.001452,1469714.0,0.0014515,6.889424733034212,-0.2831934860456111
1787022663154,0.001451,772522.0,0.001452,1469714.0,0.0014515,6.889424733034212,-0.3109360477666044
1787022663169,0.001451,772522.0,0.001452,669714.0,0.0014515,6.889424733034212,0.07128375661126196
1787022663171,0.001451,820999.0,0.001452,408101.0,0.0014515,6.889424733034212,0.3359352371654056
1787022663173,0.001451,820999.0,0.001452,184870.0,0.0014515,6.889424733034212,0.6324173426161857
1787022663271,0.001451,887168.0,0.001452,184870.0,0.0014515,6.889424733034212,0.6551055093196323
1787022663277,0.001451,898536.0,0.001452,196238.0,0.0014515,6.889424733034212,0.641500437533226
1787022663314,0.001451,1709347.0,0.001452,196238.0,0.0014515,6.889424733034212,0.7940391008535437
1787022663352,0.001451,1709347.0,0.001452,192433.0,0.0014515,6.889424733034212,0.7976285374754177
1787022663368,0.001451,1709347.0,0.001452,1034726.0,0.0014515,6.889424733034212,0.24584659373128923
1787022663369,0.001451,1709347.0,0.001452,1023358.0,0.0014515,6.889424733034212,0.25102929148956804
1787022663383,0.001451,1709347.0,0.001452,1034726.0,0.0014515,6.889424733034212,0.24584659373128923
1787022663426,0.001451,850059.0,0.001452,1258654.0,0.0014515,6.889424733034212,-0.19376510696334684
1787022663427,0.001451,626131.0,0.001452,1258654.0,0.0014515,6.889424733034212,-0.33559424549749706
1787022663430,0.001451,626131.0,0.001452,1576705.0,0.0014515,6.889424733034212,-0.4315228187663539
1787022663475,0.001451,626131.0,0.001452,1555014.0,0.0014515,6.889424733034212,-0.42586944013350786
1787022663476,0.001451,626131.0,0.001452,1558802.0,0.0014515,6.889424733034212,-0.42686480546543076
1787022663542,0.001451,850059.0,0.001452,1558802.0,0.0014515,6.889424733034212,-0.2942232864411853
1787022663594,0.001451,1083879.0,0.001452,1558802.0,0.0014515,6.889424733034212,-0.17971257219467654
1787022663599,0.001451,1058066.0,0.001452,1558802.0,0.0014515,6.889424733034212,-0.19134935350197257
1787022663600,0.001451,1058066.0,0.001452,2358802.0,0.0014515,6.889424733034212,-0.380680787200442
1787022663601,0.001451,1058066.0,0.001452,2358802.0,0.0014515,6.889424733034212,-0.380680787200442
1787022663638,0.001451,1789292.0,0.001452,2358802.0,0.0014515,6.889424733034212,-0.13729438146772951
1787022663639,0.001451,1789292.0,0.001452,2358802.0,0.0014515,6.889424733034212,-0.13729438146772951
1787022663696,0.001451,1789292.0,0.001452,2372582.0,0.0014515,6.889424733034212,-0.14015080706431765
1787022663819,0.001451,1789292.0,0.001452,1572582.0,0.0014515,6.889424733034212,0.06446107141433617
1787022663864,0.001451,1789292.0,0.001452,1525693.0,0.0014515,6.889424733034212,0.07951740354782902
1787022664116,0.001451,1823866.0,0.001452,1525693.0,0.0014515,6.889424733034212,0.08901858423750708
1787022664149,0.001451,1823866.0,0.001452,1514395.0,0.0014515,6.889424733034212,0.09270425529939091
1787022664156,0.001451,1823866.0,0.001452,672102.0,0.0014515,6.889424733034212,0.4614498262798241
1787022664159,0.001451,1823866.0,0.001452,448174.0,0.0014515,6.889424733034212,0.6054875794440239
1787022664199,0.001451,1269827.0,0.001452,448174.0,0.0014515,6.889424733034212,0.4782610720249872
1787022664201,0.001451,318464.0,0.001452,1472102.0,0.0014515,6.889424733034212,-0.6442867785940312
1787022664202,0.001451,318464.0,0.001452,1520579.0,0.0014515,6.889424733034212,-0.6536633455552697
1787022664204,0.001451,366941.0,0.001452,1520579.0,0.0014515,6.889424733034212,-0.61119246418581
1787022664219,0.001451,360570.0,0.001452,1520579.0,0.0014515,6.889424733034212,-0.616649186215446
1787022664296,0.001451,360570.0,0.001452,1506799.0,0.0014515,6.889424733034212,-0.6138203001120829
1787022664395,0.001451,360570.0,0.001452,1520581.0,0.0014515,6.889424733034212,-0.6166495937859321
1787022664403,0.001451,360570.0,0.001452,2352560.0,0.0014515,6.889424733034212,-0.7342036688253051
1787022664496,0.001451,360570.0,0.001452,2338778.0,0.0014515,6.889424733034212,-0.732846598511937
1787022664509,0.001451,1235621.0,0.001452,2338778.0,0.0014515,6.889424733034212,-0.3086272685282197
1787022664511,0.001451,1224253.0,0.001452,2338778.0,0.0014515,6.889424733034212,-0.3128024987714112
1787022664528,0.001451,1224253.0,0.001452,2333948.0,0.0014515,6.889424733034212,-0.3118696779636676
1787022664536,0.001451,1448181.0,0.001452,2333948.0,0.0014515,6.889424733034212,-0.2341979874298312
1787022664537,0.001451,1448181.0,0.001452,2285471.0,0.0014515,6.889424733034212,-0.2242549653797408
1787022664596,0.001451,1448181.0,0.001452,2299251.0,0.0014515,6.889424733034212,-0.22710752323190922
1787022664602,0.001451,1459549.0,0.001452,2299251.0,0.0014515,6.889424733034212,-0.22339629669043312
1787022664624,0.001451,1536043.0,0.001452,2299251.0,0.0014515,6.889424733034212,-0.19899595702441586
1787022664629,0.001451,1536043.0,0.001452,2269251.0,0.0014515,6.889424733034212,-0.19268103857415486
1787022664631,0.001451,1536043.0,0.001452,1469251.0,0.0014515,6.889424733034212,0.022224780670377007
1787022664632,0.001451,1536043.0,0.001452,1469251.0,0.0014515,6.889424733034212,0.022224780670377007
1787022664795,0.001451,1466943.0,0.001452,1469251.0,0.0014515,6.889424733034212,-0.0007860516028573044
1787022664797,0.001451,1466943.0,0.001452,2469251.0,0.0014515,6.889424733034212,-0.25463887196616836
1787022664808,0.001451,1466943.0,0.001452,1469251.0,0.0014515,6.889424733034212,-0.0007860516028573044
1787022664809,0.001451,1466943.0,0.001452,1469251.0,0.0014515,6.889424733034212,-0.0007860516028573044
1787022664997,0.001451,1462813.0,0.001452,1469251.0,0.0014515,6.889424733034212,-0.002195722876444716
1787022664999,0.001451,1462813.0,0.001452,2069251.0,0.0014515,6.889424733034212,-0.17169507687289925
1787022665017,0.001451,1462813.0,0.001452,1469251.0,0.0014515,6.889424733034212,-0.002195722876444716
1787022665231,0.001451,1189833.0,0.001452,1469251.0,0.0014515,6.889424733034212,-0.10508054653406963
1787022665232,0.001451,94645.0,0.001452,2429972.0,0.0014515,6.889424733034212,-0.925022290509808
1787022665233,0.001451,83277.0,0.001452,2429972.0,0.0014515,6.889424733034212,-0.9337296065769846
1787022665235,0.001451,83277.0,0.001452,2418604.0,0.0014515,6.889424733034212,-0.9334284884053239
1787022665264,0.001451,90620.0,0.001452,2418604.0,0.0014515,6.889424733034212,-0.9277704979706873
1787022665265,0.001451,83968.0,0.001452,2418604.0,0.0014515,6.889424733034212,-0.9328946379964292
1787022665266,0.001451,132445.0,0.001452,2418604.0,0.0014515,6.889424733034212,-0.8961642837907072
1787022665299,0.001451,132445.0,0.001452,2404824.0,0.0014515,6.889424733034212,-0.8956003482484514
1787022665300,0.001451,143813.0,0.001452,2416192.0,0.0014515,6.889424733034212,-0.8876463131907946
1787022665370,0.001451,143813.0,0.001452,1616192.0,0.0014515,6.889424733034212,-0.8365766006346573
1787022665372,0.001451,367741.0,0.001452,1616192.0,0.0014515,6.889424733034212,-0.6292808275279458
1787022665373,0.001451,356373.0,0.001452,1616192.0,0.0014515,6.889424733034212,-0.6386704620633541
1787022665396,0.001451,356373.0,0.001452,1629974.0,0.0014515,6.889424733034212,-0.6411774981914036
1787022665399,0.001451,356373.0,0.001452,1469253.0,0.0014515,6.889424733034212,-0.6095881631834779
1787022665457,0.001451,1194848.0,0.001452,1469253.0,0.0014515,6.889424733034212,-0.10300097481289186
1787022665495,0.001451,1194848.0,0.001452,1455471.0,0.0014515,6.889424733034212,-0.09833646440296433
1787022665512,0.001451,1206216.0,0.001452,1455471.0,0.0014515,6.889424733034212,-0.09364549625857586
1787022665545,0.001451,1206216.0,0.001452,1231543.0,0.0014515,6.889424733034212,-0.010389460155823442
1787022665595,0.001451,1206216.0,0.001452,1245322.0,0.0014515,6.889424733034212,-0.015951618942884018
1787022665633,0.001451,1320180.0,0.001452,1245322.0,0.0014515,6.889424733034212,0.029178694851923717
1787022665862,0.001451,1304613.0,0.001452,1245322.0,0.0014515,6.889424733034212,0.023251965246172943
1787022665893,0.001451,1304613.0,0.001452,1197113.0,0.0014515,6.889424733034212,0.042970333281902175
1787022665894,0.001451,1304613.0,0.001452,1192578.0,0.0014515,6.889424733034212,0.04486440965068351
1787022665895,0.001451,1304613.0,0.001452,360599.0,0.0014515,6.889424733034212,0.5669031931069437
1787022665957,0.001451,1304613.0,0.001452,409076.0,0.0014515,6.889424733034212,0.5225784841940398
1787022666026,0.001451,449714.0,0.001452,409076.0,0.0014515,6.889424733034212,0.04732006660534007
1787022666027,0.001451,226077.0,0.001452,1233004.0,0.0014515,6.889424733034212,-0.6901104188184206
1787022666028,0.001451,214709.0,0.001452,1221636.0,0.0014515,6.889424733034212,-0.7010342222794663
1787022666029,0.001451,166232.0,0.001452,1221636.0,0.0014515,6.889424733034212,-0.7604498410511662
1787022666135,0.001451,177600.0,0.001452,1233004.0,0.0014515,6.889424733034212,-0.7481929726556851
1787022666155,0.001451,248587.0,0.001452,1233004.0,0.0014515,6.889424733034212,-0.6644323568380207
1787022666163,0.001451,461236.0,0.001452,1233004.0,0.0014515,6.889424733034212,-0.4555246010010388
1787022666164,0.001451,449868.0,0.001452,1233004.0,0.0014515,6.889424733034212,-0.46535684235045804
1787022666171,0.001451,449868.0,0.001452,1114808.0,0.0014515,6.889424733034212,-0.4249697700993688
1787022666172,0.001451,449868.0,0.001452,514808.0,0.0014515,6.889424733034212,-0.06731793887274069
1787022666236,0.001451,1315129.0,0.001452,514808.0,0.0014515,6.889424733034212,0.4373489360562686
1787022666237,0.001451,1326497.0,0.001452,290880.0,0.0014515,6.889424733034212,0.6403064962590663
1787022666263,0.001451,2965313.0,0.001452,290880.0,0.0014515,6.889424733034212,0.8213373715870036
1787022666265,0.001451,2953945.0,0.001452,290880.0,0.0014515,6.889424733034212,0.8207114405245275
1787022666277,0.001451,2953945.0,0.001452,242403.0,0.0014515,6.889424733034212,0.8483250259358492
1787022666292,0.001451,2948879.0,0.001452,242403.0,0.0014515,6.889424733034212,0.848084249527306
1787022666293,0.001451,2948879.0,0.001452,842403.0,0.0014515,6.889424733034212,0.5556104768782697
1787022666295,0.001451,2948879.0,0.001452,890880.0,0.0014515,6.889424733034212,0.5359708773389164
1787022666296,0.001451,2948879.0,0.001452,290880.0,0.0014515,6.889424733034212,0.8204310876210237
1787022666372,0.001451,2960247.0,0.001452,290880.0,0.0014515,6.889424733034212,0.8210589743187516
1787022666400,0.001451,2960247.0,0.001452,294555.0,0.0014515,6.889424733034212,0.8190028149177738
1787022666441,0.001451,2960247.0,0.001452,261259.0,0.0014515,6.889424733034212,0.8378031889433079
1787022666447,0.001451,2960247.0,0.001452,294555.0,0.0014515,6.889424733034212,0.8190028149177738
1787022666614,0.001451,2960247.0,0.001452,246078.0,0.0014515,6.889424733034212,0.8465046431662417
1787022666678,0.001451,3224399.0,0.001452,246078.0,0.0014515,6.889424733034212,0.8581877937816618
1787022666782,0.001451,3224399.0,0.001452,231648.0,0.0014515,6.889424733034212,0.8659462675131444
1787022666784,0.001451,3224399.0,0.001452,235436.0,0.0014515,6.889424733034212,0.8639033364307835
1787022667071,0.001451,3224399.0,0.001452,283913.0,0.0014515,6.889424733034212,0.838148374488928
1787022667158,0.001451,3224399.0,0.001452,1091899.0,0.0014515,6.889424733034212,0.4940576392084142
1787022667159,0.001451,3224399.0,0.001452,1091899.0,0.0014515,6.889424733034212,0.4940576392084142
1787022667230,0.001451,3224399.0,0.001452,1075321.0,0.0014515,6.889424733034212,0.49981812769203576
1787022667265,0.001451,3224399.0,0.001452,1104164.0,0.0014515,6.889424733034212,0.4898242211098695
1787022667350,0.001451,3224399.0,0.001452,1100055.0,0.0014515,6.889424733034212,0.4912398189459294
1787022667363,0.001451,3217386.0,0.001452,1100055.0,0.0014515,6.889424733034212,0.4904134185041556
1787022667396,0.001451,3217386.0,0.001452,1113832.0,0.0014515,6.889424733034212,0.4856726214196561
1787022667792,0.001451,3217386.0,0.001452,1326481.0,0.0014515,6.889424733034212,0.4161444426080253
1787022667800,0.001451,3217386.0,0.001452,1333370.0,0.0014515,6.889424733034212,0.4140006627470249
1787022667801,0.001451,1702160.0,0.001452,1333370.0,0.0014515,6.889424733034212,0.12149113993273003
1787022667807,0.001451,1705951.0,0.001452,1333370.0,0.0014515,6.889424733034212,0.12258691990743985
1787022667809,0.001451,1476039.0,0.001452,1333370.0,0.0014515,6.889424733034212,0.05078256672488769
1787022667815,0.001451,1181970.0,0.001452,1333370.0,0.0014515,6.889424733034212,-0.060190670048581904
1787022667869,0.001451,833989.0,0.001452,1333370.0,0.0014515,6.889424733034212,-0.23040991363221322
1787022667870,0.001451,523233.0,0.001452,1333370.0,0.0014515,6.889424733034212,-0.436354460269643
1787022667871,0.001451,328599.0,0.001452,1933370.0,0.0014515,6.889424733034212,-0.7094575566685485
1787022667872,0.001451,328599.0,0.001452,2333370.0,0.0014515,6.889424733034212,-0.7531158326787427
1787022667873,0.001451,328599.0,0.001452,2322002.0,0.0014515,6.889424733034212,-0.7520569863212154
1787022667894,0.001451,328599.0,0.001452,1922002.0,0.0014515,6.889424733034212,-0.7079899991157917
1787022667896,0.001451,236813.0,0.001452,1922002.0,0.0014515,6.889424733034212,-0.7806083430029901
1787022667912,0.001451,236813.0,0.001452,1322002.0,0.0014515,6.889424733034212,-0.6961627903247017
1787022667938,0.001451,236813.0,0.001452,1333370.0,0.0014515,6.889424733034212,-0.69836254755019
1787022667939,0.001451,248181.0,0.001452,1333370.0,0.0014515,6.889424733034212,-0.6861549200752932
1787022668098,0.001451,248181.0,0.001452,1319593.0,0.0014515,6.889424733034212,-0.6833969692060208
1787022668100,0.001451,248181.0,0.001452,1825598.0,0.0014515,6.889424733034212,-0.7606485551256909
1787022668235,0.001451,227498.0,0.001452,1825598.0,0.0014515,6.889424733034212,-0.7783854237697604
1787022668237,0.001451,268316.0,0.001452,1825598.0,0.0014515,6.889424733034212,-0.7437182233845325
1787022668299,0.001451,268316.0,0.001452,1818709.0,0.0014515,6.889424733034212,-0.7428722703369629
1787022668393,0.001451,265595.0,0.001452,1818709.0,0.0014515,6.889424733034212,-0.7451475408577636
1787022668556,0.001451,265595.0,0.001452,1614300.0,0.0014515,6.889424733034212,-0.717436346178909
1787022668557,0.001451,1265595.0,0.001452,1618088.0,0.0014515,6.889424733034212,-0.12223708361841437
1787022668558,0.001451,1314072.0,0.001452,1618088.0,0.0014515,6.889424733034212,-0.10368329149841755
1787022668559,0.001451,2203549.0,0.001452,1618088.0,0.0014515,6.889424733034212,0.15319639201734753
1787022668566,0.001451,2203549.0,0.001452,1634262.0,0.0014515,6.889424733034212,0.14833638238047678
1787022668592,0.001451,2416198.0,0.001452,826276.0,0.0014515,6.889424733034212,0.49034225100956863
1787022668593,0.001451,2416198.0,0.001452,602259.0,0.0014515,6.889424733034212,0.6009490941895147
1787022668594,0.001452,199532.0,0.001453,1686531.0,0.0014525,6.884681583477677,-0.788414278844344
1787022668595,0.001452,250008.0,0.001453,929006.0,0.0014525,6.884681583477677,-0.5759032547535483
1787022668596,0.001452,812158.0,0.001453,679518.0,0.0014525,6.884681583477677,0.08892011401939831
1787022668597,0.001452,860635.0,0.001453,518797.0,0.0014525,6.884681583477677,0.24781069309686884
1787022668599,0.001451,2519026.0,0.001453,518797.0,0.0014520000000000002,13.774104683195926,0.6584415879397845
1787022668600,0.001451,2691463.0,0.001453,518797.0,0.0014520000000000002,13.774104683195926,0.6767881729205734
1787022668601,0.001451,2627159.0,0.001452,317274.0,0.0014515,6.889424733034212,0.7844922944417482
1787022668602,0.001451,2532356.0,0.001452,262870.0,0.0014515,6.889424733034212,0.8119150294108598
1787022668603,0.001451,2532356.0,0.001452,311347.0,0.0014515,6.889424733034212,0.7810270622494684
1787022668604,0.001451,2384670.0,0.001452,311347.0,0.0014515,6.889424733034212,0.7690318718316688
1787022668606,0.001451,2172021.0,0.001452,311347.0,0.0014515,6.889424733034212,0.7492542385985484
1787022668607,0.001451,1999584.0,0.001452,311347.0,0.0014515,6.889424733034212,0.7305440967298461
1787022668617,0.001451,1098739.0,0.001452,311347.0,0.0014515,6.889424733034212,0.5583999841144441
1787022668618,0.001451,1098739.0,0.001452,359824.0,0.0014515,6.889424733034212,0.5066047884116078
1787022668622,0.001451,1098739.0,0.001452,309603.0,0.0014515,6.889424733034212,0.5603298062544467
1787022668661,0.001451,1098739.0,0.001452,261126.0,0.0014515,6.889424733034212,0.6159530541634648
1787022668673,0.001451,1098739.0,0.001452,212649.0,0.0014515,6.889424733034212,0.6756886596491656
1787022668722,0.001451,1098739.0,0.001452,261126.0,0.0014515,6.889424733034212,0.6159530541634648
1787022668723,0.001451,1110107.0,0.001452,272494.0,0.0014515,6.889424733034212,0.6058240953102161
1787022668753,0.001451,1221784.0,0.001452,272494.0,0.0014515,6.889424733034212,0.6352833943884605
1787022668789,0.001451,1221784.0,0.001452,320971.0,0.0014515,6.889424733034212,0.5838989340498005
1787022668829,0.001451,1221784.0,0.001452,1175132.0,0.0014515,6.889424733034212,0.01946334373002642
1787022668830,0.001451,1221784.0,0.001453,1150982.0,0.0014520000000000002,13.774104683195926,0.029839436337169362
1787022668831,0.001452,1258529.0,0.001453,936994.0,0.0014525,6.884681583477677,0.14645029908591256
1787022668832,0.001452,94765.0,0.001453,581235.0,0.0014525,6.884681583477677,-0.7196301775147929
1787022668833,0.001452,106125.0,0.001453,287456.0,0.0014525,6.884681583477677,-0.46072091894679873
1787022668834,0.001452,229996.0,0.001453,335933.0,0.0014525,6.884681583477677,-0.1871913261204144
1787022668835,0.001452,218636.0,0.001453,653984.0,0.0014525,6.884681583477677,-0.4988975728266599
1787022668837,0.001452,143242.0,0.001453,653984.0,0.0014525,6.884681583477677,-0.6406489502349396
1787022668838,0.001452,96954.0,0.001453,653984.0,0.0014525,6.884681583477677,-0.7417789484617905
1787022668839,0.001452,48477.0,0.001453,653984.0,0.0014525,6.884681583477677,-0.8619795262655151
1787022668886,0.001452,48477.0,0.001453,1430032.0,0.0014525,6.884681583477677,-0.9344244776325339
1787022668908,0.001452,250492.0,0.001453,1430032.0,0.0014525,6.884681583477677,-0.7018882205788195
1787022668909,0.001452,298969.0,0.001453,1430032.0,0.0014525,6.884681583477677,-0.6541713972403718
1787022668951,0.001452,1179969.0,0.001453,745071.0,0.0014525,6.884681583477677,0.22591634459543697
1787022668952,0.001452,1179969.0,0.001453,11360.0,0.0014525,6.884681583477677,0.9809288618005606
1787022668953,0.001453,825271.0,0.001454,1886218.0,0.0014535,6.8799449604397385,-0.3912783714040514
1787022668954,0.001453,917317.0,0.001454,1323866.0,0.0014535,6.8799449604397385,-0.18139928778685185
1787022668955,0.001453,917317.0,0.001454,1105752.0,0.0014535,6.8799449604397385,-0.09314314044651963
1787022668956,0.001453,917317.0,0.001454,880796.0,0.0014535,6.8799449604397385,0.020310736866926606
1787022668960,0.001453,1119332.0,0.001454,880796.0,0.0014535,6.8799449604397385,0.11926036733649047
1787022668996,0.001453,1119332.0,0.001454,908314.0,0.0014535,6.8799449604397385,0.10407043438548938
1787022669057,0.001453,1130684.0,0.001454,919666.0,0.0014535,6.8799449604397385,0.10291803838369058
1787022669062,0.001453,1330684.0,0.001454,919666.0,0.0014535,6.8799449604397385,0.1826462550269958
1787022669066,0.001453,1334470.0,0.001454,919666.0,0.0014535,6.8799449604397385,0.18401906539800617
1787022669162,0.001453,2126480.0,0.001454,919666.0,0.0014535,6.8799449604397385,0.39617733358808144
1787022669163,0.001453,2126480.0,0.001454,1696038.0,0.0014535,6.8799449604397385,0.1126069255919789
1787022669221,0.001453,2126480.0,0.001454,1588980.0,0.0014535,6.8799449604397385,0.1446658018118887
1787022669226,0.001453,2126480.0,0.001454,812608.0,0.0014535,6.8799449604397385,0.4470339098386983
1787022669227,0.001453,2126480.0,0.001454,588680.0,0.0014535,6.8799449604397385,0.5663754622195377
1787022669228,0.001454,78743.0,0.001455,2059944.0,0.0014545,6.8752148504634985,-0.9263632312722713
1787022669229,0.001454,86045.0,0.001455,775451.0,0.0014545,6.8752148504634985,-0.8002428333967888
1787022669230,0.001454,288060.0,0.001455,652462.0,0.0014545,6.8752148504634985,-0.3874465456416756
1787022669231,0.001454,333293.0,0.001455,652462.0,0.0014545,6.8752148504634985,-0.32378126410720715
1787022669232,0.001454,333293.0,0.001455,1252462.0,0.0014545,6.8752148504634985,-0.5796412434455511
1787022669233,0.001454,257794.0,0.001455,1252462.0,0.0014545,6.8752148504634985,-0.658608871608522
1787022669234,0.001454,48477.0,0.001455,652462.0,0.0014545,6.8752148504634985,-0.8616798323391908
1787022669235,0.001453,2049796.0,0.001454,650722.0,0.0014535,6.8799449604397385,0.5180761616845361
1787022669236,0.001453,1254278.0,0.001454,259393.0,0.0014535,6.8799449604397385,0.6572663412326721
1787022669237,0.001453,1254278.0,0.001454,100061.0,0.0014535,6.8799449604397385,0.8522364046224764
1787022669238,0.001453,1254278.0,0.001454,3783.0,0.0014535,6.8799449604397385,0.993985983191594
1787022669239,0.001453,1254278.0,0.001454,205798.0,0.0014535,6.8799449604397385,0.718099605773946
1787022669253,0.001453,1254278.0,0.001454,254275.0,0.0014535,6.8799449604397385,0.6628888743053774
1787022669320,0.001453,1257892.0,0.001454,254275.0,0.0014535,6.8799449604397385,0.6636945522551412
1787022669381,0.001453,1269244.0,0.001454,254275.0,0.0014535,6.8799449604397385,0.6662004215241162
1787022669382,0.001453,1269244.0,0.001454,265627.0,0.0014535,6.8799449604397385,0.6538771010723377
1787022669384,0.001453,1273028.0,0.001454,265627.0,0.0014535,6.8799449604397385,0.6547283179140223
1787022669385,0.001453,1265700.0,0.001454,265627.0,0.0014535,6.8799449604397385,0.6530760575631462
1787022669439,0.001453,1265700.0,0.001454,998525.0,0.0014535,6.8799449604397385,0.1179984321346156
1787022669440,0.001453,1265700.0,0.001454,987173.0,0.0014535,6.8799449604397385,0.12363191356103961
1787022669494,0.001453,2088119.0,0.001454,987173.0,0.0014535,6.8799449604397385,0.3579972243286166
1787022669495,0.001453,2088119.0,0.001454,998525.0,0.0014535,6.8799449604397385,0.35300280822796537
1787022669598,0.001453,2140848.0,0.001454,998525.0,0.0014535,6.8799449604397385,0.3638697918342293
1787022669657,0.001453,1318429.0,0.001454,998525.0,0.0014535,6.8799449604397385,0.13807093278502724
1787022669659,0.001453,1318429.0,0.001454,998525.0,0.0014535,6.8799449604397385,0.13807093278502724
1787022669668,0.001453,1318429.0,0.001454,1153143.0,0.0014535,6.8799449604397385,0.0668748472631993
1787022669676,0.001453,1116414.0,0.001454,1153143.0,0.0014535,6.8799449604397385,-0.01618333445690062
1787022669693,0.001453,1116414.0,0.001454,998525.0,0.0014535,6.8799449604397385,0.05574108756801024
1787022669698,0.001453,1116414.0,0.001454,1012285.0,0.0014535,6.8799449604397385,0.04891673270856988
1787022669779,0.001453,1274562.0,0.001454,1012285.0,0.0014535,6.8799449604397385,0.11468935175811937
1787022669786,0.001453,1074562.0,0.001454,1012285.0,0.0014535,6.8799449604397385,0.029842628616280925
1787022669787,0.001453,278106.0,0.001454,1012285.0,0.0014535,6.8799449604397385,-0.5689585559725695
1787022669788,0.001453,266754.0,0.001454,1012285.0,0.0014535,6.8799449604397385,-0.5828837119118339
1787022669799,0.001453,274056.0,0.001454,1012285.0,0.0014535,6.8799449604397385,-0.5738983675401779
1787022669818,0.001453,285408.0,0.001454,1012285.0,0.0014535,6.8799449604397385,-0.5601301694622688
1787022669839,0.001453,487423.0,0.001454,1012285.0,0.0014535,6.8799449604397385,-0.3499761286863843
1787022669840,0.001453,535900.0,0.001454,1012285.0,0.0014535,6.8799449604397385,-0.3077054744749497
1787022669859,0.001453,1370623.0,0.001454,1012285.0,0.0014535,6.8799449604397385,0.15037844516028315
1787022669860,0.001453,1359271.0,0.001454,1012285.0,0.0014535,6.8799449604397385,0.14631153554881268
1787022669895,0.001453,524548.0,0.001454,1012285.0,0.0014535,6.8799449604397385,-0.3173649967172751
1787022669899,0.001453,471819.0,0.001454,1012285.0,0.0014535,6.8799449604397385,-0.3641698964493054
1787022669936,0.001453,221327.0,0.001454,1012285.0,0.0014535,6.8799449604397385,-0.6411724269867674
1787022669937,0.001452,2024946.0,0.001453,874778.0,0.0014525,6.884681583477677,0.3966474050633784
1787022669938,0.001452,1594079.0,0.001453,513081.0,0.0014525,6.884681583477677,0.5130118263444636
1787022669939,0.001452,1369187.0,0.001453,3786.0,0.0014525,6.884681583477677,0.994484960738485
1787022669941,0.001452,1457665.0,0.001453,3786.0,0.0014525,6.884681583477677,0.9948188478436841
1787022669943,0.001453,49306.0,0.001454,1891606.0,0.0014535,6.8799449604397385,-0.9491929567131328
1787022669944,0.001453,71884.0,0.001454,1899174.0,0.0014535,6.8799449604397385,-0.9270604923853077
1787022669945,0.001453,149632.0,0.001454,1612285.0,0.0014535,6.8799449604397385,-0.8301486392378301
1787022669946,0.001453,257185.0,0.001454,1012285.0,0.0014535,6.8799449604397385,-0.5948151590821367
1787022669947,0.001453,305662.0,0.001454,1012285.0,0.0014535,6.8799449604397385,-0.5361543370105171
1787022669965,0.001453,250492.0,0.001454,1012285.0,0.0014535,6.8799449604397385,-0.603268035448856
1787022670008,0.001453,254278.0,0.001454,1012285.0,0.0014535,6.8799449604397385,-0.5984755594471021
1787022670009,0.001453,13398.0,0.001454,1012285.0,0.0014535,6.8799449604397385,-0.9738749691668869
1787022670010,0.001453,13398.0,0.001454,1230398.0,0.0014535,6.8799449604397385,-0.9784562741800102
1787022670012,0.001453,13398.0,0.001454,1012285.0,0.0014535,6.8799449604397385,-0.9738749691668869
1787022670013,0.001453,79325.0,0.001454,1081061.0,0.0014535,6.8799449604397385,-0.8632782539603201
1787022670015,0.001453,127802.0,0.001454,1081061.0,0.0014535,6.8799449604397385,-0.7885583395306168
1787022670058,0.001453,52263.0,0.001454,1081061.0,0.0014535,6.8799449604397385,-0.9077704169328453
1787022670059,0.001453,52263.0,0.001454,1221713.0,0.0014535,6.8799449604397385,-0.9179529284696101
1787022670095,0.001453,52263.0,0.001454,1235477.0,0.0014535,6.8799449604397385,-0.9188298880208737
1787022670097,0.001453,63615.0,0.001454,1235477.0,0.0014535,6.8799449604397385,-0.9020623635585471
1787022670198,0.001453,63615.0,0.001454,1221717.0,0.0014535,6.8799449604397385,-0.9010139014667028
1787022670286,0.001453,63615.0,0.001454,1175016.0,0.0014535,6.8799449604397385,-0.8972817570365993
1787022670287,0.001453,1667158.0,0.001454,1175016.0,0.0014535,6.8799449604397385,0.1731568862427142
1787022670288,0.001453,1859065.0,0.001454,1034364.0,0.0014535,6.8799449604397385,0.28502548360440155
1787022670289,0.001453,1047713.0,0.001454,965588.0,0.0014535,6.8799449604397385,0.040791218004660006
1787022670344,0.001453,244170.0,0.001454,965588.0,0.0014535,6.8799449604397385,-0.5963324896384236
1787022670369,0.001453,237210.0,0.001454,965588.0,0.0014535,6.8799449604397385,-0.6055696800293981
1787022670410,0.001453,237210.0,0.001454,969371.0,0.0014535,6.8799449604397385,-0.6068063395660963
1787022670411,0.001453,248562.0,0.001454,969371.0,0.0014535,6.8799449604397385,-0.591829764034639
1787022670478,0.001453,252348.0,0.001454,969371.0,0.0014535,6.8799449604397385,-0.5868968232465894
1787022670606,0.001453,300825.0,0.001454,969371.0,0.0014535,6.8799449604397385,-0.5263329438921237
1787022670612,0.001453,1051733.0,0.001454,969371.0,0.0014535,6.8799449604397385,0.040750995495531156
1787022670613,0.001453,1040381.0,0.001454,969371.0,0.0014535,6.8799449604397385,0.03533271766864767
1787022670614,0.001453,1051733.0,0.001454,969371.0,0.0014535,6.8799449604397385,0.040750995495531156
1787022670698,0.001453,1051733.0,0.001454,983131.0,0.0014535,6.8799449604397385,0.03371330958727463
1787022671040,0.001453,2051733.0,0.001454,983131.0,0.0014535,6.8799449604397385,0.35210869416224255
1787022671105,0.001453,1051733.0,0.001454,983131.0,0.0014535,6.8799449604397385,0.03371330958727463
1787022671106,0.001453,1040381.0,0.001454,983131.0,0.0014535,6.8799449604397385,0.028292394608976867
1787022671107,0.001453,1051733.0,0.001454,983131.0,0.0014535,6.8799449604397385,0.03371330958727463
1787022671242,0.001453,1002323.0,0.001454,983131.0,0.0014535,6.8799449604397385,0.00966630302187812
1787022671243,0.001453,251415.0,0.001454,983131.0,0.0014535,6.8799449604397385,-0.5927004745064177
1787022671245,0.001453,299892.0,0.001454,983131.0,0.0014535,6.8799449604397385,-0.5325227996692187
1787022671300,0.001453,299892.0,0.001454,969371.0,0.0014535,6.8799449604397385,-0.527454908872314
1787022671409,0.001453,293204.0,0.001454,969371.0,0.0014535,6.8799449604397385,-0.535546007167891
1787022671449,0.001453,1037358.0,0.001454,954341.0,0.0014535,6.8799449604397385,0.04168149906185623
1787022671450,0.001453,2026006.0,0.001454,221443.0,0.0014535,6.8799449604397385,0.8029383536623078
1787022671451,0.001453,2026006.0,0.001454,77376.0,0.0014535,6.8799449604397385,0.9264270588984788
1787022671452,0.001453,2037358.0,0.001454,28899.0,0.0014535,6.8799449604397385,0.9720276809709537
1787022671453,0.001453,2037358.0,0.001454,17547.0,0.0014535,6.8799449604397385,0.9829218382358309
1787022671473,0.001453,2209581.0,0.001454,17547.0,0.0014535,6.8799449604397385,0.9842424862872722
1787022671699,0.001453,2261749.0,0.001454,17547.0,0.0014535,6.8799449604397385,0.9846031406188578
1787022671729,0.001453,2261749.0,0.001456,2310964.0,0.0014545,20.625644551391986,-0.01076275725154848
1787022671730,0.001454,549291.0,0.001456,2310964.0,0.0014550000000000001,13.745704467354285,-0.615914664951202
1787022671731,0.001455,419953.0,0.001456,1847499.0,0.0014555,6.870491240124581,-0.629581574383934
1787022671732,0.001455,423734.0,0.001456,1260942.0,0.0014555,6.870491240124581,-0.49695490408838255
1787022671733,0.001455,13540.0,0.001456,820399.0,0.0014555,6.870491240124581,-0.9675276009396371
1787022671734,0.001455,199195.0,0.001456,1618384.0,0.0014555,6.870491240124581,-0.7808128284932869
1787022671735,0.001455,7288.0,0.001456,1810291.0,0.0014555,6.870491240124581,-0.9919805411484177
1787022671736,0.001454,2011978.0,0.001455,376292.0,0.0014545,6.8752148504634985,0.6848831999732024
1787022671737,0.001454,2065674.0,0.001455,294175.0,0.0014545,6.8752148504634985,0.7506832004929129
1787022671738,0.001454,2017197.0,0.001455,61236.0,0.0014545,6.8752148504634985,0.9410748385923434
1787022671740,0.001454,2017197.0,0.001456,2509935.0,0.0014550000000000001,13.745704467354285,-0.10884109409665987
1787022671741,0.001455,413081.0,0.001456,2513020.0,0.0014555,6.870491240124581,-0.7176577295178806
1787022671742,0.001455,323477.0,0.001456,1810291.0,0.0014555,6.870491240124581,-0.6968020890743511
1787022671750,0.001455,371954.0,0.001456,1810291.0,0.0014555,6.870491240124581,-0.6591088534972013
1787022671759,0.001455,371954.0,0.001456,1806782.0,0.0014555,6.870491240124581,-0.6585598255135088
1787022671779,0.001455,375738.0,0.001456,1806782.0,0.0014555,6.870491240124581,-0.6556842548980079
1787022671798,0.001455,375738.0,0.001456,1834270.0,0.0014555,6.870491240124581,-0.6599668417489891
1787022671802,0.001455,567645.0,0.001456,1834270.0,0.0014555,6.870491240124581,-0.5273396435760632
1787022671811,0.001455,375738.0,0.001456,1834270.0,0.0014555,6.870491240124581,-0.6599668417489891
1787022671878,0.001455,567645.0,0.001456,1834270.0,0.0014555,6.870491240124581,-0.5273396435760632
1787022671898,0.001455,578982.0,0.001456,1845607.0,0.0014555,6.870491240124581,-0.5224081277280397
1787022671938,0.001455,1477447.0,0.001456,2704956.0,0.0014555,6.870491240124581,-0.2934937164113549
1787022671939,0.001455,1466110.0,0.001456,1704956.0,0.0014555,6.870491240124581,-0.07532041275709808
1787022671940,0.001455,1466110.0,0.001456,1693619.0,0.0014555,6.870491240124581,-0.07200269390191374
1787022671948,0.001455,1466110.0,0.001456,1745175.0,0.0014555,6.870491240124581,-0.08690134945979569
1787022672007,0.001455,1477447.0,0.001456,1756512.0,0.0014555,6.870491240124581,-0.08629206492723006
1787022672028,0.001455,2477447.0,0.001456,1756512.0,0.0014555,6.870491240124581,0.17027444054134677
1787022672099,0.001455,2662745.0,0.001456,1756512.0,0.0014555,6.870491240124581,0.20506456175777965
1787022672101,0.001455,1764280.0,0.001456,1756512.0,0.0014555,6.870491240124581,0.0022063217594223117
1787022672102,0.001455,1561036.0,0.001456,1756512.0,0.0014555,6.870491240124581,-0.058921830219185976
1787022672107,0.001455,1572373.0,0.001456,1756512.0,0.0014555,6.870491240124581,-0.055315518559517676
1787022672201,0.001455,1572373.0,0.001456,1760290.0,0.0014555,6.870491240124581,-0.05638643931294583
1787022672203,0.001455,1576154.0,0.001456,1760290.0,0.0014555,6.870491240124581,-0.05518929734771511
1787022672259,0.001455,1599558.0,0.001456,1760290.0,0.0014555,6.870491240124581,-0.04783906891026023
1787022672365,0.001455,2474749.0,0.001456,1760290.0,0.0014555,6.870491240124581,0.16870187027793604
1787022672393,0.001455,2470567.0,0.001456,1760290.0,0.0014555,6.870491240124581,0.1678801717949815
1787022672406,0.001455,1595376.0,0.001456,1760290.0,0.0014555,6.870491240124581,-0.04914493873943354
1787022672407,0.001455,1584039.0,0.001456,1760290.0,0.0014555,6.870491240124581,-0.052701453714631544
1787022672408,0.001455,1595376.0,0.001456,1760290.0,0.0014555,6.870491240124581,-0.04914493873943354
1787022672419,0.001455,1598985.0,0.001456,1760290.0,0.0014555,6.870491240124581,-0.04801780146013649
1787022672443,0.001455,1598985.0,0.001456,1713401.0,0.0014555,6.870491240124581,-0.03454186800692914
1787022672456,0.001455,1598985.0,0.001456,1661845.0,0.0014555,6.870491240124581,-0.019277300564580182
1787022672470,0.001455,1461528.0,0.001456,1661845.0,0.0014555,6.870491240124581,-0.06413483115849436
1787022672675,0.001455,1461528.0,0.001456,1712009.0,0.0014555,6.870491240124581,-0.07892802258174396
1787022672677,0.001455,2287072.0,0.001456,1712009.0,0.0014555,6.870491240124581,0.1437987877714905
1787022672679,0.001455,2478979.0,0.001456,1712009.0,0.0014555,6.870491240124581,0.18300458030421465
1787022672680,0.001455,2478979.0,0.001456,2030060.0,0.0014555,6.870491240124581,0.09955979533554711
1787022672991,0.001455,1478979.0,0.001456,2030060.0,0.0014555,6.870491240124581,-0.1570461314337059
1787022672992,0.001455,1478979.0,0.001456,2030060.0,0.0014555,6.870491240124581,-0.1570461314337059
1787022672993,0.001455,653435.0,0.001456,2030060.0,0.0014555,6.870491240124581,-0.5129970430352954
1787022673030,0.001455,653435.0,0.001456,1979896.0,0.0014555,6.870491240124581,-0.5037198134226195
1787022673098,0.001455,468137.0,0.001456,1979896.0,0.0014555,6.870491240124581,-0.6175402864258774
1787022673347,0.001455,468137.0,0.001456,2030049.0,0.0014555,6.870491240124581,-0.6252184585134974
1787022673375,0.001455,461137.0,0.001456,2030049.0,0.0014555,6.870491240124581,-0.6297851705974584
1787022673697,0.001455,461137.0,0.001456,1979896.0,0.0014555,6.870491240124581,-0.6221788070869997
1787022673701,0.001455,1274496.0,0.001456,1979896.0,0.0014555,6.870491240124581,-0.2167532368565311
1787022673702,0.001455,1263159.0,0.001456,1979896.0,0.0014555,6.870491240124581,-0.22100673593263143
1787022673703,0.001455,1274496.0,0.001456,1979896.0,0.0014555,6.870491240124581,-0.2167532368565311
1787022673786,0.001455,1274496.0,0.001456,1956367.0,0.0014555,6.870491240124581,-0.21104918407249085
1787022673787,0.001455,2074496.0,0.001456,1956367.0,0.0014555,6.870491240124581,0.029306131218054296
1787022673789,0.001455,2074496.0,0.001456,905111.0,0.0014555,6.870491240124581,0.39246283150764516
1787022673791,0.001455,2074496.0,0.001456,45256.0,0.0014555,6.870491240124581,0.9573006653608536
1787022673792,0.001455,2074496.0,0.001456,42385.0,0.0014555,6.870491240124581,0.9599552360288557
1787022673796,0.001455,2246483.0,0.001456,42385.0,0.0014555,6.870491240124581,0.9629642251104039
1787022673826,0.001455,2246483.0,0.001456,38608.0,0.0014555,6.870491240124581,0.9662087855582119
1787022673877,0.001455,2211869.0,0.001456,49945.0,0.0014555,6.870491240124581,0.9558363331379149
1787022673945,0.001455,2211869.0,0.001456,322740.0,0.0014555,6.870491240124581,0.7453335011435689
1787022673946,0.001455,2211869.0,0.001456,311403.0,0.0014555,6.870491240124581,0.7531752423044364
1787022673951,0.001455,2211869.0,0.001456,321829.0,0.0014555,6.870491240124581,0.745961041923702
1787022673957,0.001455,2211869.0,0.001456,38608.0,0.0014555,6.870491240124581,0.9656890516988176
1787022674003,0.001455,2211869.0,0.001456,49945.0,0.0014555,6.870491240124581,0.9558363331379149
1787022674034,0.001456,41924.0,0.001457,2310463.0,0.0014565,6.865774116031005,-0.9643562049951815
1787022674035,0.001456,319841.0,0.001457,2036481.0,0.0014565,6.865774116031005,-0.7285252185397412
1787022674036,0.001456,368318.0,0.001457,885663.0,0.0014565,6.865774116031005,-0.4125620723121004
1787022674037,0.001456,564003.0,0.001457,962700.0,0.0014565,6.865774116031005,-0.2611490250559539
1787022674096,0.001456,564003.0,0.001457,976313.0,0.0014565,6.865774116031005,-0.2676788399263528
1787022674135,0.001456,575332.0,0.001457,987642.0,0.0014565,6.865774116031005,-0.2637983741252254
1787022674237,0.001456,1314173.0,0.001457,1759856.0,0.0014565,6.865774116031005,-0.14498334270756716
1787022674238,0.001456,1314173.0,0.001457,987642.0,0.0014565,6.865774116031005,0.14185805549099298
1787022674239,0.001456,1314173.0,0.001457,987642.0,0.0014565,6.865774116031005,0.14185805549099298
1787022674279,0.001456,1314173.0,0.001457,981886.0,0.0014565,6.865774116031005,0.14472058427070036
1787022674280,0.001456,2314173.0,0.001457,981886.0,0.0014565,6.865774116031005,0.40420605335037996
1787022674292,0.001456,2314173.0,0.001457,47087.0,0.0014565,6.865774116031005,0.9601170561479888
1787022674293,0.001456,2314173.0,0.001458,1262379.0,0.001457,13.72683596431056,0.2940804439583152
1787022674294,0.001457,319797.0,0.001458,1258876.0,0.0014575,6.86106346483796,-0.5948533990256374
1787022674295,0.001457,1569803.0,0.001458,596694.0,0.0014575,6.86106346483796,0.4491624036405312
1787022674296,0.001457,1569803.0,0.001458,570080.0,0.0014575,6.86106346483796,0.46718582277629195
1787022674297,0.001457,1569803.0,0.001458,597530.0,0.0014575,6.86106346483796,0.44860342180920054
1787022674298,0.001457,1569803.0,0.001458,964058.0,0.0014575,6.86106346483796,0.23906007472390947
1787022674315,0.001457,1527923.0,0.001458,964058.0,0.0014575,6.86106346483796,0.22627178939165266
1787022674319,0.001457,1524765.0,0.001458,964058.0,0.0014575,6.86106346483796,0.22529002665115197
1787022674383,0.001457,1524765.0,0.001458,960268.0,0.0014575,6.86106346483796,0.22715875402861854
1787022674385,0.001457,1532341.0,0.001458,960268.0,0.0014575,6.86106346483796,0.22950771661339583
1787022674441,0.001457,2400927.0,0.001458,960268.0,0.0014575,6.86106346483796,0.4286151205151739
1787022674442,0.001457,2400927.0,0.001458,1792661.0,0.0014575,6.86106346483796,0.1450466760206296
1787022674454,0.001457,2400927.0,0.001458,1785940.0,0.0014575,6.86106346483796,0.14688477087999213
1787022674468,0.001457,2400927.0,0.001458,1797261.0,0.0014575,6.86106346483796,0.14379203599267112
1787022674469,0.001457,2412248.0,0.001458,1797261.0,0.0014575,6.86106346483796,0.14609471080831518
1787022674510,0.001457,2416023.0,0.001458,1797261.0,0.0014575,6.86106346483796,0.14685978918107587
1787022674512,0.001457,2399419.0,0.001458,1797261.0,0.0014575,6.86106346483796,0.14348437336180028
1787022674513,0.001457,2399419.0,0.001458,1848304.0,0.0014575,6.86106346483796,0.12974362970466766
1787022674522,0.001457,2011303.0,0.001458,1848304.0,0.0014575,6.86106346483796,0.04223201999581823
1787022674523,0.001457,74741.0,0.001458,1848304.0,0.0014575,6.86106346483796,-0.9222680696499562
1787022674524,0.001456,720324.0,0.001457,1161611.0,0.0014565,6.865774116031005,-0.2344857819212672
1787022674525,0.001456,705223.0,0.001457,964692.0,0.0014565,6.865774116031005,-0.15537856717258064
1787022674526,0.001456,705223.0,0.001457,1134294.0,0.0014565,6.865774116031005,-0.2332519895168134
1787022674530,0.001456,705223.0,0.001457,1130705.0,0.0014565,6.865774116031005,-0.23175309707134484
1787022674531,0.001456,533400.0,0.001457,1130705.0,0.0014565,6.865774116031005,-0.3589346826071672
1787022674532,0.001456,1333400.0,0.001457,1130705.0,0.0014565,6.865774116031005,0.08225907581048697
1787022674534,0.001456,533400.0,0.001457,1130705.0,0.0014565,6.865774116031005,-0.3589346826071672
1787022674579,0.001456,533400.0,0.001457,1332234.0,0.0014565,6.865774116031005,-0.42818366303358535
1787022674628,0.001456,533400.0,0.001457,1309509.0,0.0014565,6.865774116031005,-0.4211325681300596
1787022674654,0.001456,544729.0,0.001457,1320838.0,0.0014565,6.865774116031005,-0.4160177576039885
1787022674735,0.001456,544729.0,0.001457,1324613.0,0.0014565,6.865774116031005,-0.4171970672033261
1787022674739,0.001456,1277411.0,0.001457,1324613.0,0.0014565,6.865774116031005,-0.018140493707975023
1787022674740,0.001456,1266082.0,0.001457,2130958.0,0.0014565,6.865774116031005,-0.2545969432211572
1787022674766,0.001456,1277411.0,0.001457,2130958.0,0.0014565,6.865774116031005,-0.2504268170494451
1787022674935,0.001456,544729.0,0.001457,2130958.0,0.0014565,6.865774116031005,-0.5928305515555444
1787022675200,0.001456,1350813.0,0.001457,2130958.0,0.0014565,6.865774116031005,-0.2240655689302944
1787022675201,0.001456,1345703.0,0.001457,2130958.0,0.0014565,6.865774116031005,-0.22586470179289841
1787022675327,0.001456,1311363.0,0.001457,2130958.0,0.0014565,6.865774116031005,-0.23809371641982255
1787022675332,0.001456,505279.0,0.001457,2130958.0,0.0014565,6.865774116031005,-0.6166664833245266
1787022675337,0.001456,553774.0,0.001457,2130958.0,0.0014565,6.865774116031005,-0.5874642236171059
1787022675430,0.001456,553774.0,0.001457,1123084.0,0.0014565,6.865774116031005,-0.33950996446926335
1787022675431,0.001456,553774.0,0.001457,1123084.0,0.0014565,6.865774116031005,-0.33950996446926335
1787022675443,0.001456,549033.0,0.001457,1123084.0,0.0014565,6.865774116031005,-0.343307914458139
1787022675549,0.001456,549033.0,0.001457,719035.0,0.0014565,6.865774116031005,-0.13406378837727945
1787022675550,0.001456,549033.0,0.001457,536053.0,0.0014565,6.865774116031005,0.011962185485758732
1787022675687,0.001456,1408053.0,0.001457,1360439.0,0.0014565,6.865774116031005,0.017198532630760717
1787022675688,0.001456,1408053.0,0.001457,1360439.0,0.0014565,6.865774116031005,0.017198532630760717
1787022675765,0.001456,1408053.0,0.001457,1356943.0,0.0014565,6.865774116031005,0.01848465603566877
1787022675768,0.001456,1408053.0,0.001457,532557.0,0.0014565,6.865774116031005,0.45114474314777314
1787022676012,0.001456,1408053.0,0.001457,537291.0,0.0014565,6.865774116031005,0.4476133784050533
1787022676037,0.001456,1413203.0,0.001457,537291.0,0.0014565,6.865774116031005,0.4490718761503496
1787022676136,0.001456,1409091.0,0.001457,537291.0,0.0014565,6.865774116031005,0.44790796462359395
1787022676455,0.001456,1405484.0,0.001457,537291.0,0.0014565,6.865774116031005,0.44688293806539614
1787022676480,0.001456,1405484.0,0.001457,1317685.0,0.0014565,6.865774116031005,0.03224148042225804
1787022676481,0.001456,1405484.0,0.001457,1317685.0,0.0014565,6.865774116031005,0.03224148042225804
1787022676973,0.001456,1805484.0,0.001457,1317685.0,0.0014565,6.865774116031005,0.15618719320023988
1787022676975,0.001456,1805484.0,0.001457,537291.0,0.0014565,6.865774116031005,0.5413208694817044
1787022677024,0.001456,1405484.0,0.001457,537291.0,0.0014565,6.865774116031005,0.44688293806539614
1787022677025,0.001456,1400256.0,0.001457,537291.0,0.0014565,6.865774116031005,0.4453904860114361
1787022677245,0.001456,1400256.0,0.001457,1357778.0,0.0014565,6.865774116031005,0.015401550524757853
1787022677246,0.001456,1400256.0,0.001457,1357778.0,0.0014565,6.865774116031005,0.015401550524757853
1787022677427,0.001456,1400256.0,0.001457,537291.0,0.0014565,6.865774116031005,0.4453904860114361
1787022677579,0.001456,1394956.0,0.001457,537291.0,0.0014565,6.865774116031005,0.4438692361794325
1787022677581,0.001456,1394956.0,0.001457,1537291.0,0.0014565,6.865774116031005,-0.04854127227344763
1787022677582,0.001456,1394956.0,0.001457,1537291.0,0.0014565,6.865774116031005,-0.04854127227344763
1787022677655,0.001456,1394956.0,0.001457,537291.0,0.0014565,6.865774116031005,0.4438692361794325
1787022677708,0.001456,1394956.0,0.001457,1426642.0,0.0014565,6.865774116031005,-0.011229806655661083
1787022677709,0.001456,1394956.0,0.001457,1426642.0,0.0014565,6.865774116031005,-0.011229806655661083
1787022677830,0.001456,1349837.0,0.001457,1426642.0,0.0014565,6.865774116031005,-0.027662733987903382
1787022677854,0.001456,1349837.0,0.001457,1408062.0,0.0014565,6.865774116031005,-0.021112085685516403
1787022677855,0.001456,1349837.0,0.001457,1389482.0,0.0014565,6.865774116031005,-0.014472575118122425
1787022677856,0.001456,1349837.0,0.001457,500131.0,0.0014565,6.865774116031005,0.4593084853359626
1787022678067,0.001456,1349837.0,0.001457,1322960.0,0.0014565,6.865774116031005,0.01005575806916874
1787022678069,0.001456,1349837.0,0.001457,1322960.0,0.0014565,6.865774116031005,0.01005575806916874
1787022678072,0.001456,490817.0,0.001457,1322960.0,0.0014565,6.865774116031005,-0.45879013792765044
1787022678073,0.001456,490817.0,0.001457,1322960.0,0.0014565,6.865774116031005,-0.45879013792765044
1787022678074,0.001456,490817.0,0.001457,1322960.0,0.0014565,6.865774116031005,-0.45879013792765044
1787022678146,0.001456,490817.0,0.001457,1524489.0,0.0014565,6.865774116031005,-0.5129106944553333
1787022678279,0.001456,1219631.0,0.001457,1524489.0,0.0014565,6.865774116031005,-0.11109499584566272
1787022678280,0.001456,1219631.0,0.001457,1524489.0,0.0014565,6.865774116031005,-0.11109499584566272
1787022678532,0.001456,1171136.0,0.001457,1524489.0,0.0014565,6.865774116031005,-0.1310838859262694
1787022678537,0.001456,1241984.0,0.001457,1524489.0,0.0014565,6.865774116031005,-0.1021173891810981
1787022678578,0.001456,1241984.0,0.001457,701660.0,0.0014565,6.865774116031005,0.2779953530584819
1787022678761,0.001456,1234588.0,0.001457,701660.0,0.0014565,6.865774116031005,0.275237469580343
1787022678791,0.001456,1220499.0,0.001457,701660.0,0.0014565,6.865774116031005,0.26992512065859275
1787022678859,0.001456,1220499.0,0.001457,1489022.0,0.0014565,6.865774116031005,-0.09910349467673438
1787022678860,0.001456,1220499.0,0.001457,1489022.0,0.0014565,6.865774116031005,-0.09910349467673438
1787022678951,0.001456,1820499.0,0.001457,1489022.0,0.0014565,6.865774116031005,0.10015860301233925
1787022678987,0.001456,1753244.0,0.001457,1489022.0,0.0014565,6.865774116031005,0.08149300520068371
1787022678989,0.001456,1153244.0,0.001457,1489022.0,0.0014565,6.865774116031005,-0.12707955974152488
1787022678990,0.001456,1141915.0,0.001457,1489022.0,0.0014565,6.865774116031005,-0.13193284369789166
1787022678991,0.001456,1153244.0,0.001457,1489022.0,0.0014565,6.865774116031005,-0.12707955974152488
1787022679232,0.001456,1131541.0,0.001457,1489022.0,0.0014565,6.865774116031005,-0.13641381642036463
1787022679236,0.001456,1672336.0,0.001457,1489022.0,0.0014565,6.865774116031005,0.05798584026231765
1787022679242,0.001456,1609597.0,0.001457,1489022.0,0.0014565,6.865774116031005,0.038912496179749755
1787022679258,0.001457,1052124.0,0.001458,1097255.0,0.0014575,6.86106346483796,-0.02099722757131246
1787022679259,0.001457,543074.0,0.001459,1665130.0,0.001458,13.717421124828865,-0.5081305893839518
1787022679260,0.001457,1693060.0,0.001458,403772.0,0.0014575,6.86106346483796,0.6148742483899521
1787022679261,0.001457,1819111.0,0.001458,494254.0,0.0014575,6.86106346483796,0.5726969155321361
1787022679262,0.001457,1876130.0,0.001458,137322.0,0.0014575,6.86106346483796,0.8635954569565105
1787022679263,0.001457,1876130.0,0.001458,34294.0,0.0014575,6.86106346483796,0.9640980222191513
1787022679264,0.001457,1827653.0,0.001458,34294.0,0.0014575,6.86106346483796,0.9631632908992576
1787022679274,0.001457,1812217.0,0.001458,34294.0,0.0014575,6.86106346483796,0.9628553526082433
1787022679285,0.001457,1812217.0,0.001458,48498.0,0.0014575,6.86106346483796,0.9478716514888094
1787022679286,0.001457,1812217.0,0.001458,48961.0,0.0014575,6.86106346483796,0.9473870849537228
1787022679291,0.001457,1906573.0,0.001458,48961.0,0.0014575,6.86106346483796,0.9499256980446261
1787022679292,0.001457,1906573.0,0.001458,97438.0,0.0014575,6.86106346483796,0.902757020794796
1787022679309,0.001457,906573.0,0.001458,97438.0,0.0014575,6.86106346483796,0.8059025249723359
1787022679310,0.001457,858149.0,0.001458,97438.0,0.0014575,6.86106346483796,0.7960667108280042
1787022679353,0.001457,858149.0,0.001458,101215.0,0.0014575,6.86106346483796,0.7889956262690699
1787022679363,0.001457,858149.0,0.001458,292648.0,0.0014575,6.86106346483796,0.4913994388237022
1787022679364,0.001457,763793.0,0.001458,292648.0,0.0014575,6.86106346483796,0.44597379314131125
1787022679366,0.001457,686219.0,0.001458,292648.0,0.0014575,6.86106346483796,0.4020679009507931
1787022679388,0.001457,686219.0,0.001458,288871.0,0.0014575,6.86106346483796,0.4074987949830272
1787022679389,0.001457,689998.0,0.001458,288871.0,0.0014575,6.86106346483796,0.4097861920236518
1787022679451,0.001457,667592.0,0.001458,288871.0,0.0014575,6.86106346483796,0.39595990644698226
1787022679459,0.001457,667592.0,0.001458,1184433.0,0.0014575,6.86106346483796,-0.27906804713759265
1787022679491,0.001457,678913.0,0.001458,1195754.0,0.0014575,6.86106346483796,-0.2756974972088376
1787022679730,0.001457,678913.0,0.001458,1199527.0,0.0014575,6.86106346483796,-0.2771523178807947
1787022679732,0.001457,678913.0,0.001458,1245835.0,0.0014575,6.86106346483796,-0.2945434934859005
1787022679787,0.001457,673599.0,0.001458,1245835.0,0.0014575,6.86106346483796,-0.2981274688267479
1787022679792,0.001457,673599.0,0.001458,1211541.0,0.0014575,6.86106346483796,-0.2853591775677138
1787022679844,0.001457,1511825.0,0.001458,1211541.0,0.0014575,6.86106346483796,0.11026208008765623
1787022679845,0.001457,1511825.0,0.001458,1211541.0,0.0014575,6.86106346483796,0.11026208008765623
1787022679929,0.001457,1511825.0,0.001458,1529592.0,0.0014575,6.86106346483796,-0.005841684977758723
1787022680230,0.001457,1511825.0,0.001458,1483284.0,0.0014575,6.86106346483796,0.009529202443049651
1787022680463,0.001457,673599.0,0.001458,1483284.0,0.0014575,6.86106346483796,-0.3753958837822914
1787022680467,0.001457,685227.0,0.001458,1475327.0,0.0014575,6.86106346483796,-0.3656932434921784
1787022680468,0.001457,1673599.0,0.001458,1475327.0,0.0014575,6.86106346483796,0.06296496011656037
1787022680469,0.001457,1662278.0,0.001458,1475327.0,0.0014575,6.86106346483796,0.059583982050003106
1787022680664,0.001457,2457868.0,0.001458,1475327.0,0.0014575,6.86106346483796,0.24980734491933404
1787022680678,0.001457,2457868.0,0.001458,1518222.0,0.0014575,6.86106346483796,0.23632412747196366
1787022680805,0.001457,2581008.0,0.001458,1518222.0,0.0014575,6.86106346483796,0.25926478875300973
1787022680904,0.001457,2639984.0,0.001458,1518222.0,0.0014575,6.86106346483796,0.26977066552258355
1787022681021,0.001457,2636211.0,0.001458,1518222.0,0.0014575,6.86106346483796,0.2691074810930878
1787022681027,0.001457,2647532.0,0.001458,1518222.0,0.0014575,6.86106346483796,0.2710937803816548
1787022681079,0.001457,2647532.0,0.001458,1475327.0,0.0014575,6.86106346483796,0.2843184789972201
1787022681432,0.001457,2656417.0,0.001458,1475327.0,0.0014575,6.86106346483796,0.28585749746354083
1787022681665,0.001457,2656417.0,0.001458,1518216.0,0.0014575,6.86106346483796,0.27264696082266393
1787022681756,0.001457,2656417.0,0.001458,1539846.0,0.0014575,6.86106346483796,0.2660869921642185
1787022681924,0.001457,2656417.0,0.001458,1496957.0,0.0014575,6.86106346483796,0.2791609905585194
1787022681973,0.001457,2656417.0,0.001458,601395.0,0.0014575,6.86106346483796,0.6307982167172324
1787022681974,0.001457,2656417.0,0.001458,590074.0,0.0014575,6.86106346483796,0.6364850541707955
1787022681975,0.001457,2656417.0,0.001458,409962.0,0.0014575,6.86106346483796,0.7326083957658202
1787022682071,0.001457,2659849.0,0.001458,409962.0,0.0014575,6.86106346483796,0.7329073353375827
1787022682099,0.001457,2653733.0,0.001458,409962.0,0.0014575,6.86106346483796,0.732374142987471
1787022682226,0.001457,2653733.0,0.001458,1294828.0,0.0014575,6.86106346483796,0.34415195814373895
1787022682227,0.001457,2653733.0,0.001458,1283507.0,0.0014575,6.86106346483796,0.34801688492446486
1787022682228,0.001457,2653733.0,0.001458,1294828.0,0.0014575,6.86106346483796,0.34415195814373895
1787022682280,0.001457,2653733.0,0.001458,1195063.0,0.0014575,6.86106346483796,0.3789938463872858
1787022682281,0.001457,2653733.0,0.001458,1198836.0,0.0014575,6.86106346483796,0.3776433335781916
1787022682284,0.001457,2653733.0,0.001458,313970.0,0.0014575,6.86106346483796,0.7884087457538709
1787022682285,0.001457,2653733.0,0.001458,362447.0,0.0014575,6.86106346483796,0.7596648741122878
1787022682335,0.001457,2653733.0,0.001458,403854.0,0.0014575,6.86106346483796,0.7358348266132738
1787022682477,0.001457,2653733.0,0.001458,446743.0,0.0014575,6.86106346483796,0.7118229587972944
1787022682511,0.001457,2653733.0,0.001458,1318154.0,0.0014575,6.86106346483796,0.3362580556798318
1787022682512,0.001457,2653733.0,0.001458,1318154.0,0.0014575,6.86106346483796,0.3362580556798318
1787022682584,0.001457,2653733.0,0.001458,1358167.0,0.0014575,6.86106346483796,0.32293078092674293
1787022682858,0.001457,2653733.0,0.001458,728929.0,0.0014575,6.86106346483796,0.5690204933274445
1787022682859,0.001457,2653733.0,0.001458,732702.0,0.0014575,6.86106346483796,0.5672723675487644
1787022682860,0.001457,2653733.0,0.001458,55107.0,0.0014575,6.86106346483796,0.9593132115591914
1787022682861,0.001457,2867241.0,0.001458,43786.0,0.0014575,6.86106346483796,0.9699171460793734
1787022682862,0.001457,2867241.0,0.001458,92263.0,0.0014575,6.86106346483796,0.9376496872448897
1787022682863,0.001458,135164.0,0.001459,1396886.0,0.0014585000000000002,6.85635927322534,-0.82355145067067
1787022682864,0.001458,221435.0,0.001459,1393384.0,0.0014585000000000002,6.85635927322534,-0.7257463529968374
1787022682865,0.001458,221435.0,0.001459,741097.0,0.0014585000000000002,6.85635927322534,-0.5398906218182876
1787022682866,0.001458,202844.0,0.001459,741097.0,0.0014585000000000002,6.85635927322534,-0.5702189013932015
1787022682867,0.001458,214157.0,0.001459,818075.0,0.0014585000000000002,6.85635927322534,-0.5850603352734657
1787022682868,0.001458,161309.0,0.001459,829388.0,0.0014585000000000002,6.85635927322534,-0.6743525013197779
1787022682877,0.001458,209786.0,0.001459,829388.0,0.0014585000000000002,6.85635927322534,-0.5962447097406209
1787022682878,0.001458,401219.0,0.001459,529584.0,0.0014585000000000002,6.85635927322534,-0.13790780648536802
1787022682879,0.001458,389906.0,0.001459,529584.0,0.0014585000000000002,6.85635927322534,-0.15190812298121784
1787022682883,0.001458,389906.0,0.001459,742695.0,0.0014585000000000002,6.85635927322534,-0.3114856864862383
1787022682906,0.001458,989906.0,0.001459,742695.0,0.0014585000000000002,6.85635927322534,0.142682013920112
1787022682907,0.001458,995049.0,0.001459,742695.0,0.0014585000000000002,6.85635927322534,0.14521931884098002
1787022682913,0.001458,395049.0,0.001459,742695.0,0.0014585000000000002,6.85635927322534,-0.30555731342024217
1787022682953,0.001458,395049.0,0.001459,551262.0,0.0014585000000000002,6.85635927322534,-0.16507575205191527
1787022682954,0.001458,395049.0,0.001459,539949.0,0.0014585000000000002,6.85635927322534,-0.15497359352640327
1787022683057,0.001458,406362.0,0.001459,551262.0,0.0014585000000000002,6.85635927322534,-0.1513119971930528
1787022683060,0.001458,1177755.0,0.001459,1381554.0,0.0014585000000000002,6.85635927322534,-0.07963047838303229
1787022683061,0.001458,1177755.0,0.001459,1370241.0,0.0014585000000000002,6.85635927322534,-0.07554407463747981
1787022683062,0.001458,1166442.0,0.001459,1370241.0,0.0014585000000000002,6.85635927322534,-0.08034074419231729
1787022683064,0.001458,1155048.0,0.001459,1370241.0,0.0014585000000000002,6.85635927322534,-0.08521519715169235
1787022683160,0.001458,1166361.0,0.001459,1381554.0,0.0014585000000000002,6.85635927322534,-0.08445846898346294
1787022683245,0.001458,1159129.0,0.001459,1381554.0,0.0014585000000000002,6.85635927322534,-0.08754535689812543
1787022683247,0.001458,1330762.0,0.001459,73655.0,0.0014585000000000002,6.85635927322534,0.8951095009530645
1787022683248,0.001459,173119.0,0.00146,1273095.0,0.0014594999999999999,6.851661527919945,-0.7605900648175167
1787022683249,0.001459,184036.0,0.00146,411243.0,0.0014594999999999999,6.851661527919945,-0.38168153084520035
1787022683250,0.001459,446295.0,0.00146,104379.0,0.0014594999999999999,6.851661527919945,0.6209045642249317
1787022683251,0.001459,671693.0,0.00146,104379.0,0.0014594999999999999,6.851661527919945,0.7310069168840004
1787022683252,0.001459,1671693.0,0.00146,212416.0,0.0014594999999999999,6.851661527919945,0.774518353237525
1787022683253,0.001459,1649344.0,0.00146,212416.0,0.0014594999999999999,6.851661527919945,0.7718116191130973
1787022683257,0.001459,1649344.0,0.00146,163939.0,0.0014594999999999999,6.851661527919945,0.8191799073834586
1787022683259,0.001459,1649344.0,0.00146,115462.0,0.0014594999999999999,6.851661527919945,0.8691504901955229
1787022683306,0.001459,1649344.0,0.00146,41496.0,0.0014594999999999999,6.851661527919945,0.9509167041233942
1787022683316,0.001459,1649344.0,0.001461,1903893.0,0.00146,13.698630136986635,-0.07163862134723915
1787022683317,0.00146,116538.0,0.001461,1533213.0,0.0014605,6.8469702156804715,-0.8587204978205802
1787022683318,0.00146,443501.0,0.001461,1315052.0,0.0014605,6.8469702156804715,-0.4956068995361527
1787022683319,0.00146,326963.0,0.001461,1315052.0,0.0014605,6.8469702156804715,-0.6017539425644711
1787022683320,0.00146,254459.0,0.001461,1315052.0,0.0014605,6.8469702156804715,-0.6757474143220404
1787022683322,0.00146,63026.0,0.001461,1315052.0,0.0014605,6.8469702156804715,-0.9085305766437023
1787022683330,0.00146,136242.0,0.001461,1315052.0,0.0014605,6.8469702156804715,-0.8122475528735046
1787022683341,0.00146,331443.0,0.001461,1315052.0,0.0014605,6.8469702156804715,-0.5973956799139991
1787022683349,0.00146,336579.0,0.001461,1315052.0,0.0014605,6.8469702156804715,-0.5924283329629924
1787022683367,0.00146,336579.0,0.001461,1311268.0,0.0014605,6.8469702156804715,-0.5914924140408666
1787022683400,0.00146,347877.0,0.001461,1322566.0,0.0014605,6.8469702156804715,-0.5834913253550106
1787022683402,0.00146,355440.0,0.001461,1322566.0,0.0014605,6.8469702156804715,-0.5763543157771784
1787022683427,0.00146,282224.0,0.001461,1322566.0,0.0014605,6.8469702156804715,-0.6482729827578686
1787022683448,0.00146,282224.0,0.001461,2163348.0,0.0014605,6.8469702156804715,-0.7691959181737442
1787022683732,0.00146,302823.0,0.001461,2163348.0,0.0014605,6.8469702156804715,-0.7544184892288491
1787022683740,0.00146,302823.0,0.001461,2157861.0,0.0014605,6.8469702156804715,-0.7538708749274592
1787022683741,0.00146,1302823.0,0.001461,2140736.0,0.0014605,6.8469702156804715,-0.24332761541184572
1787022683742,0.00146,2201340.0,0.001461,2140736.0,0.0014605,6.8469702156804715,0.013957378912759702
1787022683906,0.00146,1572102.0,0.001461,2140736.0,0.0014605,6.8469702156804715,-0.15315346373852023
1787022683907,0.00146,673585.0,0.001461,2140736.0,0.0014605,6.8469702156804715,-0.5213161540563426
1787022683945,0.00146,678721.0,0.001461,2140736.0,0.0014605,6.8469702156804715,-0.5185448829331322
1787022684094,0.00146,678721.0,0.001462,3249231.0,0.001461,13.689253935660838,-0.6544148197330314
1787022684095,0.001461,104972.0,0.001462,2442546.0,0.0014615000000000001,6.842285323297405,-0.9175888060457277
1787022684096,0.001461,269013.0,0.001462,1454779.0,0.0014615000000000001,6.842285323297405,-0.6878822967040107
1787022684097,0.001461,164041.0,0.001462,1454779.0,0.0014615000000000001,6.842285323297405,-0.7973326249984557
1787022684098,0.00146,1310097.0,0.001462,1454779.0,0.001461,13.689253935660838,-0.052328567357089434
1787022684099,0.00146,1310097.0,0.001461,237735.0,0.0014605,6.8469702156804715,0.6928154993565193
1787022684100,0.00146,1381021.0,0.001461,304472.0,0.0014605,6.8469702156804715,0.6387146075361927
1787022684101,0.00146,1377530.0,0.001461,237735.0,0.0014605,6.8469702156804715,0.7056396318870278
1787022684102,0.00146,1301175.0,0.001461,485697.0,0.0014605,6.8469702156804715,0.45637180503136204
1787022684107,0.00146,2101083.0,0.001461,485697.0,0.0014605,6.8469702156804715,0.6244775357780715
1787022684119,0.00146,2101083.0,0.001461,418960.0,0.0014605,6.8469702156804715,0.6674977371417868
1787022684137,0.00146,2131167.0,0.001461,418960.0,0.0014605,6.8469702156804715,0.6714202861269263
1787022684148,0.00146,1959772.0,0.001461,418960.0,0.0014605,6.8469702156804715,0.6477451011715485
1787022684271,0.00146,1959772.0,0.001461,422725.0,0.0014605,6.8469702156804715,0.645141211090717
1787022684284,0.00146,1963540.0,0.001461,422725.0,0.0014605,6.8469702156804715,0.6457015461400976
1787022684302,0.00146,1910347.0,0.001461,422725.0,0.0014605,6.8469702156804715,0.6376236995686374
1787022684303,0.00146,1910347.0,0.001461,1043972.0,0.0014605,6.8469702156804715,0.29325709241283693
1787022684305,0.00146,1892616.0,0.001461,1043972.0,0.0014605,6.8469702156804715,0.28898980721844536
1787022684369,0.00146,1888647.0,0.001461,1043972.0,0.0014605,6.8469702156804715,0.28802752761269024
1787022684397,0.00146,1899945.0,0.001461,1043972.0,0.0014605,6.8469702156804715,0.29075989574434336
1787022684407,0.00146,1899945.0,0.001461,1055270.0,0.0014605,6.8469702156804715,0.2858252276061133
1787022684427,0.00146,1899945.0,0.001461,1089493.0,0.0014605,6.8469702156804715,0.2711051374873806
1787022684539,0.00146,1869861.0,0.001461,1089493.0,0.0014605,6.8469702156804715,0.2636953875744504
1787022684596,0.00146,1869861.0,0.001461,1050901.0,0.0014605,6.8469702156804715,0.28039258248361215
1787022684597,0.00146,1869861.0,0.001461,429654.0,0.0014605,6.8469702156804715,0.6263090260337506
1787022684600,0.00146,1869861.0,0.001461,463877.0,0.0014605,6.8469702156804715,0.6024600876362299
1787022684639,0.00146,1899945.0,0.001461,463877.0,0.0014605,6.8469702156804715,0.6075195171210015
1787022684796,0.00146,1899945.0,0.001461,459855.0,0.0014605,6.8469702156804715,0.6102593440122044
1787022684805,0.00146,2071343.0,0.001461,459855.0,0.0014605,6.8469702156804715,0.6366503134089075
1787022684843,0.00146,2041259.0,0.001461,459855.0,0.0014605,6.8469702156804715,0.6322798560961236
1787022685100,0.00146,2041259.0,0.001461,1105675.0,0.0014605,6.8469702156804715,0.29730016581218416
1787022685101,0.00146,2041259.0,0.001461,1105675.0,0.0014605,6.8469702156804715,0.29730016581218416
1787022685137,0.00146,2041259.0,0.001461,459855.0,0.0014605,6.8469702156804715,0.6322798560961236
1787022685230,0.00146,2032440.0,0.001461,459855.0,0.0014605,6.8469702156804715,0.6309786762802959
1787022685299,0.00146,2028885.0,0.001461,459855.0,0.0014605,6.8469702156804715,0.6304515537983075
1787022685371,0.00146,2028885.0,0.001461,277783.0,0.0014605,6.8469702156804715,0.7591478270821809
1787022685372,0.00146,2028885.0,0.001461,255683.0,0.0014605,6.8469702156804715,0.776165121808587
1787022685377,0.00146,2028885.0,0.001461,304160.0,0.0014605,6.8469702156804715,0.739259208459331
1787022685429,0.00146,2028885.0,0.001461,235714.0,0.0014605,6.8469702156804715,0.7918271623364667
1787022685797,0.00146,2028885.0,0.001461,242560.0,0.0014605,6.8469702156804715,0.7864267019452374
1787022685980,0.00146,2028885.0,0.001461,215866.0,0.0014605,6.8469702156804715,0.8076704275886278
1787022686219,0.00146,2024092.0,0.001461,215866.0,0.0014605,6.8469702156804715,0.8072588861041144
1787022686297,0.00146,2024092.0,0.001461,209020.0,0.0014605,6.8469702156804715,0.8127993580259297
1787022686429,0.00146,2024092.0,0.001461,209376.0,0.0014605,6.8469702156804715,0.8125104098200646
1787022686616,0.00146,2024092.0,0.001461,807656.0,0.0014605,6.8469702156804715,0.42957071038807126
1787022686618,0.00146,2024092.0,0.001461,796358.0,0.0014605,6.8469702156804715,0.43529720434682406
1787022686627,0.00146,2024092.0,0.001461,807656.0,0.0014605,6.8469702156804715,0.42957071038807126
1787022686797,0.00146,2024092.0,0.001461,814502.0,0.0014605,6.8469702156804715,0.42612293269132534
1787022687074,0.00146,1224184.0,0.001461,814502.0,0.0014605,6.8469702156804715,0.2009539477879379
1787022687075,0.00146,1224184.0,0.001461,1005935.0,0.0014605,6.8469702156804715,0.09786428437226892
1787022687077,0.00146,1052786.0,0.001461,1005935.0,0.0014605,6.8469702156804715,0.022757333315199097
1787022687191,0.00146,1494921.0,0.001461,39775.0,0.0014605,6.8469702156804715,0.9481656301964688
1787022687192,0.00146,1255695.0,0.001461,10967.0,0.0014605,6.8469702156804715,0.9826836204133383
1787022687193,0.00146,1134889.0,0.001461,10967.0,0.0014605,6.8469702156804715,0.9808579786639857
1787022687194,0.00146,1200918.0,0.001461,10967.0,0.0014605,6.8469702156804715,0.9819009229423584
1787022687197,0.00146,1241973.0,0.001461,10967.0,0.0014605,6.8469702156804715,0.9824939741727458
1787022687198,0.00146,1269343.0,0.001461,10967.0,0.0014605,6.8469702156804715,0.9828682116050019
1787022687205,0.00146,1255658.0,0.001461,59444.0,0.0014605,6.8469702156804715,0.909597886703845
1787022687206,0.00146,1214603.0,0.001461,59444.0,0.0014605,6.8469702156804715,0.9066847612372227
1787022687207,0.00146,1200918.0,0.001461,59444.0,0.0014605,6.8469702156804715,0.9056715451592479
1787022687295,0.00146,1200918.0,0.001461,52598.0,0.0014605,6.8469702156804715,0.9160792522791891
1787022687395,0.00146,2019204.0,0.001461,52598.0,0.0014605,6.8469702156804715,0.9492248776668812
1787022687494,0.00146,2030502.0,0.001461,52598.0,0.0014605,6.8469702156804715,0.9495002640295713
1787022687495,0.00146,2030502.0,0.001461,63896.0,0.0014605,6.8469702156804715,0.938983898953303
1787022687523,0.00146,2025357.0,0.001461,63896.0,0.0014605,6.8469702156804715,0.9388336405404228
1787022687559,0.00146,1207071.0,0.001461,814483.0,0.0014605,6.8469702156804715,0.1942010948013261
1787022687560,0.00146,1207071.0,0.001461,803185.0,0.0014605,6.8469702156804715,0.2009127195740244
1787022687566,0.00146,1047641.0,0.001461,803185.0,0.0014605,6.8469702156804715,0.13207940670814003
1787022687567,0.00146,856208.0,0.001461,803185.0,0.0014605,6.8469702156804715,0.03195325037528783
1787022687569,0.00146,1027606.0,0.001461,803185.0,0.0014605,6.8469702156804715,0.1225814415736149
1787022687615,0.00146,1027606.0,0.001461,814483.0,0.0014605,6.8469702156804715,0.11569636429075902
1787022687650,0.00146,907154.0,0.001461,814483.0,0.0014605,6.8469702156804715,0.05382725859167757
1787022687798,0.00146,907154.0,0.001461,821329.0,0.0014605,6.8469702156804715,0.049653366564785424
1787022687859,0.00146,866294.0,0.001461,821329.0,0.0014605,6.8469702156804715,0.026643983875545663
1787022687860,0.00146,666294.0,0.001461,821329.0,0.0014605,6.8469702156804715,-0.1042165925103336
1787022687861,0.00146,1412457.0,0.001461,821329.0,0.0014605,6.8469702156804715,0.264630542048343
1787022687862,0.00146,666294.0,0.001461,821329.0,0.0014605,6.8469702156804715,-0.1042165925103336
1787022688009,0.00146,191600.0,0.001461,821329.0,0.0014605,6.8469702156804715,-0.6216911550562774
1787022688011,0.00146,48477.0,0.001461,821329.0,0.0014605,6.8469702156804715,-0.8885337650004713
1787022688012,0.001459,2065164.0,0.00146,413081.0,0.0014594999999999999,6.851661527919945,0.6666342512544159
1787022688013,0.001459,1836769.0,0.00146,699173.0,0.0014594999999999999,6.851661527919945,0.4485891238837481
1787022688014,0.001459,2207413.0,0.00146,702941.0,0.0014594999999999999,6.851661527919945,0.5169378020680646
1787022688015,0.001459,711654.0,0.00146,723259.0,0.0014594999999999999,6.851661527919945,-0.008087598342199144
1787022688016,0.001459,341010.0,0.00146,656759.0,0.0014594999999999999,6.851661527919945,-0.31645501112983065
1787022688017,0.001459,359682.0,0.00146,656759.0,0.0014594999999999999,6.851661527919945,-0.2922717599939396
1787022688099,0.001459,359682.0,0.00146,684169.0,0.0014594999999999999,6.851661527919945,-0.31085566809822474
1787022688117,0.001459,341010.0,0.00146,684169.0,0.0014594999999999999,6.851661527919945,-0.33473081286292444
1787022688123,0.001459,149577.0,0.00146,684169.0,0.0014594999999999999,6.851661527919945,-0.6411928812851876
1787022688181,0.001459,160883.0,0.00146,684169.0,0.0014594999999999999,6.851661527919945,-0.6192352659954654
1787022688182,0.001459,160883.0,0.00146,695475.0,0.0014594999999999999,6.851661527919945,-0.6242622828303116
1787022688217,0.001459,160883.0,0.00146,1351179.0,0.0014594999999999999,6.851661527919945,-0.7872005248462034
1787022688332,0.001459,900082.0,0.00146,1351179.0,0.0014594999999999999,6.851661527919945,-0.20037525635632653
1787022688333,0.001459,900082.0,0.00146,1351179.0,0.0014594999999999999,6.851661527919945,-0.20037525635632653
1787022688344,0.001459,896311.0,0.00146,1351179.0,0.0014594999999999999,6.851661527919945,-0.2023893320993642
1787022688687,0.001459,896311.0,0.00146,1371209.0,0.0014594999999999999,6.851661527919945,-0.20943497742026532
1787022688715,0.001459,890079.0,0.00146,1371209.0,0.0014594999999999999,6.851661527919945,-0.21276812153073824
1787022688724,0.001459,890079.0,0.00146,1351179.0,0.0014594999999999999,6.851661527919945,-0.20573267334684361
1787022688725,0.001459,890079.0,0.00146,1339873.0,0.0014594999999999999,6.851661527919945,-0.20170568693855292
1787022688738,0.001459,890079.0,0.00146,1351179.0,0.0014594999999999999,6.851661527919945,-0.20573267334684361
1787022688797,0.001459,890079.0,0.00146,1358030.0,0.0014594999999999999,6.851661527919945,-0.20815316339198855
1787022688839,0.001459,1890079.0,0.00146,1358030.0,0.0014594999999999999,6.851661527919945,0.16380269258205313
1787022688840,0.001459,1890079.0,0.00146,1358030.0,0.0014594999999999999,6.851661527919945,0.16380269258205313
1787022688938,0.001459,1869563.0,0.00146,1358030.0,0.0014594999999999999,6.851661527919945,0.15848745489285668
1787022688939,0.001459,869563.0,0.00146,1358030.0,0.0014594999999999999,6.851661527919945,-0.21928018269046456
1787022689098,0.001459,869563.0,0.00146,1723038.0,0.0014594999999999999,6.851661527919945,-0.32919643246299757
1787022689296,0.001459,869563.0,0.00146,1716187.0,0.0014594999999999999,6.851661527919945,-0.327419124045248
1787022689465,0.001459,869563.0,0.00146,1510567.0,0.0014594999999999999,6.851661527919945,-0.26931470129782825
1787022689467,0.001459,1060996.0,0.00146,854863.0,0.0014594999999999999,6.851661527919945,0.10759299092469748
1787022689707,0.001459,1057996.0,0.00146,854863.0,0.0014594999999999999,6.851661527919945,0.10619339951350308
1787022689723,0.001459,1011107.0,0.00146,854863.0,0.0014594999999999999,6.851661527919945,0.08373339335573456
1787022689778,0.001459,1011107.0,0.00146,1436357.0,0.0014594999999999999,6.851661527919945,-0.1737512788747863
1787022689779,0.001459,1011107.0,0.00146,1425051.0,0.0014594999999999999,6.851661527919945,-0.1699167295388887
1787022689780,0.001459,1011107.0,0.00146,1436357.0,0.0014594999999999999,6.851661527919945,-0.1737512788747863
1787022689796,0.001459,1011107.0,0.00146,1443208.0,0.0014594999999999999,6.851661527919945,-0.17605767800791666
1787022689828,0.001459,1011107.0,0.00146,2243208.0,0.0014594999999999999,6.851661527919945,-0.37860532861754315
1787022689859,0.001459,1011107.0,0.00146,1443208.0,0.0014594999999999999,6.851661527919945,-0.17605767800791666
1787022689860,0.001459,1011107.0,0.00146,1431902.0,0.0014594999999999999,6.851661527919945,-0.17224455579164874
1787022690114,0.001459,1011107.0,0.00146,1443208.0,0.0014594999999999999,6.851661527919945,-0.17605767800791666
1787022690276,0.001459,983853.0,0.00146,1443208.0,0.0014594999999999999,6.851661527919945,-0.1892638874754281
1787022690297,0.001459,983853.0,0.00146,1436357.0,0.0014594999999999999,6.851661527919945,-0.18696889939302788
1787022690387,0.001459,939689.0,0.00146,1436357.0,0.0014594999999999999,6.851661527919945,-0.20903130663295239
1787022690388,0.001459,943459.0,0.00146,1654470.0,0.0014594999999999999,6.851661527919945,-0.27368376887898016
1787022690389,0.001459,943459.0,0.00146,1436357.0,0.0014594999999999999,6.851661527919945,-0.20711601233036503
1787022690570,0.001459,943459.0,0.00146,1429508.0,0.0014594999999999999,6.851661527919945,-0.20482754290304078
1787022690571,0.001459,1543459.0,0.00146,1429508.0,0.0014594999999999999,6.851661527919945,0.0383290497338181
1787022690572,0.001459,1543459.0,0.00146,1429508.0,0.0014594999999999999,6.851661527919945,0.0383290497338181
1787022690656,0.001459,943459.0,0.00146,1429508.0,0.0014594999999999999,6.851661527919945,-0.20482754290304078
1787022690665,0.001459,980998.0,0.00146,1429508.0,0.0014594999999999999,6.851661527919945,-0.1860646685799579
1787022690798,0.001459,980998.0,0.00146,1436359.0,0.0014594999999999999,6.851661527919945,-0.18837143210539445
1787022690817,0.001459,1980998.0,0.00146,1436359.0,0.0014594999999999999,6.851661527919945,0.1593743351952986
1787022690818,0.001459,1980998.0,0.00146,1436359.0,0.0014594999999999999,6.851661527919945,0.1593743351952986
1787022690845,0.001459,1974594.0,0.00146,1436359.0,0.0014594999999999999,6.851661527919945,0.1577960763458189
1787022690848,0.001459,1974594.0,0.00146,1347751.0,0.0014594999999999999,6.851661527919945,0.18867486669807018
1787022690850,0.001459,1974594.0,0.00146,766257.0,0.0014594999999999999,6.851661527919945,0.44086198045789426
1787022690851,0.001459,1974594.0,0.001461,2250621.0,0.00146,13.698630136986635,-0.06532850991014659
1787022690852,0.00146,362782.0,0.001461,1760998.0,0.0014605,6.8469702156804715,-0.6583619772292799
1787022690853,0.00146,628287.0,0.001461,853343.0,0.0014605,6.8469702156804715,-0.1518975722683801
1787022690854,0.00146,676764.0,0.001461,898149.0,0.0014605,6.8469702156804715,-0.14056966956269965
1787022690855,0.00146,676764.0,0.001461,1146156.0,0.0014605,6.8469702156804715,-0.25749456915278784
1787022690856,0.00146,602692.0,0.001461,1146156.0,0.0014605,6.8469702156804715,-0.3107554229984538
1787022690857,0.00146,558706.0,0.001461,1126128.0,0.0014605,6.8469702156804715,-0.336782139961563
1787022690858,0.00146,558706.0,0.001461,1203094.0,0.0014605,6.8469702156804715,-0.36575547735270747
1787022690859,0.00146,562474.0,0.001461,1203094.0,0.0014605,6.8469702156804715,-0.36284074020371915
1787022690898,0.00146,562474.0,0.001461,1230486.0,0.0014605,6.8469702156804715,-0.37257495984294126
1787022690899,0.00146,567610.0,0.001461,1230486.0,0.0014605,6.8469702156804715,-0.3686543988752547
1787022690925,0.00146,578908.0,0.001461,1241784.0,0.0014605,6.8469702156804715,-0.3640791523223038
1787022690955,0.00146,556655.0,0.001461,1241784.0,0.0014605,6.8469702156804715,-0.3809575971161657
1787022691074,0.00146,556655.0,0.001461,1252132.0,0.0014605,6.8469702156804715,-0.3844991146000054
1787022691076,0.00146,556655.0,0.001461,1872500.0,0.0014605,6.8469702156804715,-0.5416883648840852
1787022691077,0.00146,1289780.0,0.001461,1872500.0,0.0014605,6.8469702156804715,-0.18427210746676448
1787022691078,0.00146,1289780.0,0.001461,1872500.0,0.0014605,6.8469702156804715,-0.18427210746676448
1787022691097,0.00146,1289780.0,0.001461,1930952.0,0.0014605,6.8469702156804715,-0.19907648323424612
1787022691112,0.00146,1289780.0,0.001461,1920604.0,0.0014605,6.8469702156804715,-0.196494874133437
1787022691776,0.00146,1289780.0,0.001461,1889651.0,0.0014605,6.8469702156804715,-0.18867243855897486
1787022691777,0.00146,1289780.0,0.001461,1870804.0,0.0014605,6.8469702156804715,-0.18383437997534632
1787022691778,0.00146,2289780.0,0.001461,1059003.0,0.0014605,6.8469702156804715,0.3675296368859971
1787022691779,0.00146,2512189.0,0.001461,1037358.0,0.0014605,6.8469702156804715,0.415498372045785
1787022691797,0.00146,2512189.0,0.001461,1044204.0,0.0014605,6.8469702156804715,0.41277356017740446
1787022691854,0.00146,2512189.0,0.001461,641124.0,0.0014605,6.8469702156804715,0.5933648197942926
1787022691855,0.00146,2529192.0,0.001461,641124.0,0.0014605,6.8469702156804715,0.5955456806198499
1787022691898,0.00146,1529192.0,0.001461,641124.0,0.0014605,6.8469702156804715,0.4091883393938947
1787022691899,0.00146,1517894.0,0.001461,641124.0,0.0014605,6.8469702156804715,0.40609666061144467
1787022691900,0.00146,1529192.0,0.001461,641124.0,0.0014605,6.8469702156804715,0.4091883393938947
1787022691983,0.00146,1523353.0,0.001461,641124.0,0.0014605,6.8469702156804715,0.40759453669408363
1787022692034,0.00146,1523353.0,0.001461,1219493.0,0.0014605,6.8469702156804715,0.11078274172155492
1787022692098,0.00146,1523353.0,0.001461,1161041.0,0.0014605,6.8469702156804715,0.13496975481244555
1787022692099,0.00146,1523353.0,0.001461,1149743.0,0.0014605,6.8469702156804715,0.13976677231195586
1787022692100,0.00146,1523353.0,0.001461,1161041.0,0.0014605,6.8469702156804715,0.13496975481244555
1787022692297,0.00146,1523353.0,0.001461,1154195.0,0.0014605,6.8469702156804715,0.13787166467230466
1787022692552,0.00146,1624306.0,0.001461,1154195.0,0.0014605,6.8469702156804715,0.1691959081533532
1787022692794,0.00146,2424306.0,0.001461,1154195.0,0.0014605,6.8469702156804715,0.35492822273907426
1787022692796,0.00146,2424306.0,0.001461,575826.0,0.0014605,6.8469702156804715,0.6161328901528332
1787022692799,0.00146,2424306.0,0.001461,582672.0,0.0014605,6.8469702156804715,0.6124534333141114
1787022692809,0.00146,1624306.0,0.001461,582672.0,0.0014605,6.8469702156804715,0.4719729874969302
1787022692810,0.00146,1613008.0,0.001461,582672.0,0.0014605,6.8469702156804715,0.469255993587408
1787022692812,0.00146,1624306.0,0.001461,582672.0,0.0014605,6.8469702156804715,0.4719729874969302
1787022692884,0.00146,1557235.0,0.001461,582672.0,0.0014605,6.8469702156804715,0.45542306277796185
1787022692886,0.00146,1489221.0,0.001461,582672.0,0.0014605,6.8469702156804715,0.4375462439421341
1787022693006,0.00146,1489221.0,0.001461,1238309.0,0.0014605,6.8469702156804715,0.0919923887179976
1787022693007,0.00146,1489221.0,0.001461,1238309.0,0.0014605,6.8469702156804715,0.0919923887179976
1787022693020,0.00146,1489221.0,0.001461,1180156.0,0.0014605,6.8469702156804715,0.11578169737732812
1787022693022,0.00146,2089221.0,0.001461,1180156.0,0.0014605,6.8469702156804715,0.2780545039620698
1787022693027,0.00146,2083073.0,0.001461,1180156.0,0.0014605,6.8469702156804715,0.2766943417087799
1787022693028,0.00146,1486567.0,0.001461,1180156.0,0.0014605,6.8469702156804715,0.11490169770163605
1787022693049,0.00146,1486567.0,0.001461,1135023.0,0.0014605,6.8469702156804715,0.1340957205360106
1787022693298,0.00146,1486567.0,0.001461,1128177.0,0.0014605,6.8469702156804715,0.1370650434612337
1787022693327,0.001461,335303.0,0.001462,2552580.0,0.0014615000000000001,6.842285323297405,-0.7677862988216628
1787022693328,0.001461,596714.0,0.001462,2023462.0,0.0014615000000000001,6.842285323297405,-0.5445237266504235
1787022693329,0.001461,678697.0,0.001462,1660548.0,0.0014615000000000001,6.842285323297405,-0.41972987010766294
1787022693330,0.001461,870130.0,0.001462,1652000.0,0.0014615000000000001,6.842285323297405,-0.31000384595560104
1787022693331,0.001461,873895.0,0.001462,1652000.0,0.0014615000000000001,6.842285323297405,-0.3080512056122681
1787022693332,0.001461,818675.0,0.001462,1652000.0,0.0014615000000000001,6.842285323297405,-0.33728636910965626
1787022693334,0.001461,818675.0,0.001462,1728957.0,0.0014615000000000001,6.842285323297405,-0.3573051366916415
1787022693335,0.001461,818675.0,0.001462,1920390.0,0.0014615000000000001,6.842285323297405,-0.4022230213594785
1787022693363,0.001461,818675.0,0.001462,1916624.0,0.0014615000000000001,6.842285323297405,-0.40139999320001213
1787022693396,0.001461,818675.0,0.001462,1943996.0,0.0014615000000000001,6.842285323297405,-0.40733080413845874
1787022693412,0.001461,818675.0,0.001462,1925853.0,0.0014615000000000001,6.842285323297405,-0.4034129001416637
1787022693458,0.001461,796463.0,0.001462,1925853.0,0.0014615000000000001,6.842285323297405,-0.4148636675536565
1787022693462,0.001461,796463.0,0.001462,1960053.0,0.0014615000000000001,6.842285323297405,-0.4221234340740268
1787022693512,0.001461,807753.0,0.001462,1960053.0,0.0014615000000000001,6.842285323297405,-0.41632253127567465
1787022693558,0.001461,807753.0,0.001462,2640371.0,0.0014615000000000001,6.842285323297405,-0.5314826264948709
1787022693559,0.001461,807753.0,0.001462,2640371.0,0.0014615000000000001,6.842285323297405,-0.5314826264948709
1787022693593,0.001461,802339.0,0.001462,2640371.0,0.0014615000000000001,6.842285323297405,-0.5338910335172001
1787022693678,0.001461,802339.0,0.001462,2660412.0,0.0014615000000000001,6.842285323297405,-0.5365886833907492
1787022693748,0.001461,1582248.0,0.001462,2660412.0,0.0014615000000000001,6.842285323297405,-0.25412453507940774
1787022693798,0.001461,1582248.0,0.001462,2667254.0,0.0014615000000000001,6.842285323297405,-0.25532544754655956
1787022694099,0.001461,1582248.0,0.001462,2725706.0,0.0014615000000000001,6.842285323297405,-0.2654294823018073
1787022694297,0.001461,1582248.0,0.001462,2718864.0,0.0014615000000000001,6.842285323297405,-0.26426096321137416
1787022694325,0.001461,1576492.0,0.001462,2718864.0,0.0014615000000000001,6.842285323297405,-0.26595513852635266
1787022694339,0.001461,1576492.0,0.001462,2316060.0,0.0014615000000000001,6.842285323297405,-0.1899956635132941
1787022694534,0.001461,1576492.0,0.001462,2282174.0,0.0014615000000000001,6.842285323297405,-0.18288237437497828
1787022694535,0.001461,1576492.0,0.001462,1182749.0,0.0014615000000000001,6.842285323297405,0.14269974967753812
1787022694536,0.001461,2576492.0,0.001462,1186511.0,0.0014615000000000001,6.842285323297405,0.36938078444263794
1787022694537,0.001461,2565202.0,0.001463,1794711.0,0.0014620000000000002,13.679890560875844,0.1767216455924694
1787022694538,0.001462,334690.0,0.001463,1794711.0,0.0014625,6.837606837607745,-0.6856486871190537
1787022694539,0.001462,339293.0,0.001463,1031666.0,0.0014625,6.837606837607745,-0.5050282320623739
1787022694540,0.001462,339293.0,0.001463,1434195.0,0.0014625,6.837606837607745,-0.6173720938624901
1787022694542,0.001462,407692.0,0.001463,1434195.0,0.0014625,6.837606837607745,-0.5573105190492142
1787022694545,0.001462,411454.0,0.001463,1434195.0,0.0014625,6.837606837607745,-0.5541362415063753
1787022694567,0.001462,416583.0,0.001463,1434195.0,0.0014625,6.837606837607745,-0.5498293150231957
1787022694568,0.001462,416583.0,0.001463,1427634.0,0.0014625,6.837606837607745,-0.5482277844743867
1787022694595,0.001462,416583.0,0.001463,1441312.0,0.0014625,6.837606837607745,-0.551553774567454
1787022694596,0.001462,416583.0,0.001463,1454990.0,0.0014625,6.837606837607745,-0.554831150053992
1787022694641,0.001462,394389.0,0.001463,1454990.0,0.0014625,6.837606837607745,-0.5734903445967539
1787022694655,0.001462,405672.0,0.001463,1466273.0,0.0014625,6.837606837607745,-0.5665770094741032
1787022694720,0.001462,409182.0,0.001463,1466273.0,0.0014625,6.837606837607745,-0.5636450887917865
1787022694722,0.001462,409182.0,0.001463,1486311.0,0.0014625,6.837606837607745,-0.5682579677160506
1787022694736,0.001462,1297226.0,0.001463,2086818.0,0.0014625,6.837606837607745,-0.23332793545237593
1787022694737,0.001462,1217544.0,0.001463,2086818.0,0.0014625,6.837606837607745,-0.2630686347319089
1787022694760,0.001462,1228827.0,0.001463,2086818.0,0.0014625,6.837606837607745,-0.25877046547504334
1787022694772,0.001462,1228827.0,0.001463,3086818.0,0.0014625,6.837606837607745,-0.43052452182698064
1787022694773,0.001462,1228827.0,0.001463,3075535.0,0.0014625,6.837606837607745,-0.4290317589459251
1787022694775,0.001462,1228827.0,0.001463,3086818.0,0.0014625,6.837606837607745,-0.43052452182698064
1787022694789,0.001462,340783.0,0.001463,3086818.0,0.0014625,6.837606837607745,-0.8011536348600669
1787022694790,0.001462,175491.0,0.001463,3086818.0,0.0014625,6.837606837607745,-0.8924130117655931
1787022694792,0.001461,982904.0,0.001462,735710.0,0.0014615000000000001,6.842285323297405,0.14383334477666307
1787022694793,0.001461,643723.0,0.001462,784187.0,0.0014615000000000001,6.842285323297405,-0.09837034546995259
1787022694794,0.001461,1006477.0,0.001462,1093172.0,0.0014615000000000001,6.842285323297405,-0.04129023470113338
1787022694795,0.001461,1006477.0,0.001462,1298291.0,0.0014615000000000001,6.842285323297405,-0.12661317755192714
1787022694822,0.001461,1006477.0,0.001462,1080178.0,0.0014615000000000001,6.842285323297405,-0.03532016552808202
1787022694895,0.001461,1006477.0,0.001462,1056546.0,0.0014615000000000001,6.842285323297405,-0.02426972457408376
1787022694898,0.001461,1017767.0,0.001462,1067836.0,0.0014615000000000001,6.842285323297405,-0.024006965851123153
1787022694965,0.001461,934469.0,0.001462,1067836.0,0.0014615000000000001,6.842285323297405,-0.06660673573706304
1787022694967,0.001461,934469.0,0.001462,1867836.0,0.0014615000000000001,6.842285323297405,-0.33307116819903615
1787022694974,0.001461,934469.0,0.001462,1067836.0,0.0014615000000000001,6.842285323297405,-0.06660673573706304
1787022694975,0.001461,934469.0,0.001462,1056546.0,0.0014615000000000001,6.842285323297405,-0.06131395293355399
1787022694992,0.001461,1763479.0,0.001462,1737444.0,0.0014615000000000001,6.842285323297405,0.00743661028820114
1787022695004,0.001461,1763479.0,0.001462,1748734.0,0.0014615000000000001,6.842285323297405,0.004198207796622813
1787022695006,0.001461,1763479.0,0.001462,1752496.0,0.0014615000000000001,6.842285323297405,0.0031237423474285227
1787022695020,0.001461,1763479.0,0.001462,1071598.0,0.0014615000000000001,6.842285323297405,0.244043107118431
1787022695022,0.001461,1763479.0,0.001462,880165.0,0.0014615000000000001,6.842285323297405,0.3341274392467367
1787022695353,0.001461,1756600.0,0.001462,880165.0,0.0014615000000000001,6.842285323297405,0.3323902585175395
1787022695355,0.001461,1756600.0,0.001462,1880165.0,0.0014615000000000001,6.842285323297405,-0.033976624830034385
1787022695356,0.001461,1756600.0,0.001462,1880165.0,0.0014615000000000001,6.842285323297405,-0.033976624830034385
1787022695613,0.001461,1756600.0,0.001462,1914365.0,0.0014615000000000001,6.842285323297405,-0.042976438075546894
1787022695626,0.001461,1756600.0,0.001462,1948565.0,0.0014615000000000001,6.842285323297405,-0.051810108321761646
1787022695798,0.001461,1393846.0,0.001462,1565538.0,0.0014615000000000001,6.842285323297405,-0.058016127680625425
1787022695799,0.001461,1393846.0,0.001462,1565538.0,0.0014615000000000001,6.842285323297405,-0.058016127680625425
1787022696141,0.001461,1390229.0,0.001462,1565538.0,0.0014615000000000001,6.842285323297405,-0.059310832010777574
1787022696218,0.001461,24448657.0,0.001462,1565538.0,0.0014615000000000001,6.842285323297405,0.8796397120879581
1787022696220,0.001462,262392.0,0.001463,3892423.0,0.0014625,6.837606837607745,-0.8736925711493773
1787022696221,0.001462,581679.0,0.001463,1963660.0,0.0014625,6.837606837607745,-0.5429457530018594
1787022696222,0.001462,705690.0,0.001463,1371813.0,0.0014625,6.837606837607745,-0.3206363600918988
1787022696223,0.001462,705690.0,0.001463,1761549.0,0.0014625,6.837606837607745,-0.4279516495969786
1787022696224,0.001462,705690.0,0.001463,2009332.0,0.0014625,6.837606837607745,-0.4801589084729332
1787022696231,0.001462,633918.0,0.001463,2009332.0,0.0014625,6.837606837607745,-0.5203495696585643
1787022696275,0.001462,639047.0,0.001463,2009332.0,0.0014625,6.837606837607745,-0.5174051750146033
1787022696296,0.001462,639047.0,0.001463,2023010.0,0.0014625,6.837606837607745,-0.5198848108812095
1787022696310,0.001462,639047.0,0.001463,2002972.0,0.0014625,6.837606837607745,-0.5162434486655849
1787022696337,0.001462,636401.0,0.001463,2002972.0,0.0014625,6.837606837607745,-0.5177634991340746
1787022696338,0.001462,636401.0,0.001463,3002972.0,0.0014625,6.837606837607745,-0.6502688787326828
1787022696366,0.001462,647684.0,0.001463,3014255.0,0.0014625,6.837606837607745,-0.6462617209079671
1787022696368,0.001462,647684.0,0.001463,3010491.0,0.0014625,6.837606837607745,-0.645897749560915
1787022696424,0.001462,1438420.0,0.001463,3010491.0,0.0014625,6.837606837607745,-0.353360856173567
1787022696425,0.001462,1427137.0,0.001463,3010491.0,0.0014625,6.837606837607745,-0.35680187703881444
1787022696457,0.001462,1427137.0,0.001463,2010491.0,0.0014625,6.837606837607745,-0.16969666293153302
1787022696533,0.001462,1438420.0,0.001463,2010491.0,0.0014625,6.837606837607745,-0.16587003839762754
1787022696565,0.001462,1438420.0,0.001463,913493.0,0.0014625,6.837606837607745,0.22319150410750738
1787022696566,0.001463,24749.0,0.001464,3012364.0,0.0014635,6.832934745472606,-0.9837022856903909
1787022696567,0.001463,46910.0,0.001464,3012364.0,0.0014635,6.832934745472606,-0.969332593288473
1787022696568,0.001463,95387.0,0.001464,1050129.0,0.0014635,6.832934745472606,-0.833460204833455
1787022696569,0.001463,170120.0,0.001464,1050129.0,0.0014635,6.832934745472606,-0.7211716625049478
1787022696570,0.001463,147959.0,0.001464,1050129.0,0.0014635,6.832934745472606,-0.7530081262812081
1787022696571,0.001463,216312.0,0.001464,1050129.0,0.0014635,6.832934745472606,-0.6583938770144049
1787022696598,0.001463,216312.0,0.001464,1077467.0,0.0014635,6.832934745472606,-0.6656121331386582
1787022696600,0.001463,147959.0,0.001464,1077467.0,0.0014635,6.832934745472606,-0.7585182622206482
1787022696614,0.001463,147959.0,0.001464,1070898.0,0.0014635,6.832934745472606,-0.7572168022992033
1787022696639,0.001463,147959.0,0.001464,1048263.0,0.0014635,6.832934745472606,-0.7526228409108008
1787022696680,0.001463,147959.0,0.001464,1366314.0,0.0014635,6.832934745472606,-0.8045808120464407
1787022696696,0.001463,151719.0,0.001464,1366314.0,0.0014635,6.832934745472606,-0.8001110647792241
1787022696750,0.001463,151719.0,0.001464,2166314.0,0.0014635,6.832934745472606,-0.8690967729967606
1787022696751,0.001463,126970.0,0.001464,2166314.0,0.0014635,6.832934745472606,-0.8892679668109139
1787022696763,0.001463,52237.0,0.001464,2166314.0,0.0014635,6.832934745472606,-0.9529089031534547
1787022696772,0.001463,52237.0,0.001464,2861320.0,0.0014635,6.832934745472606,-0.9641421122016833
1787022696779,0.001463,63512.0,0.001464,2872595.0,0.0014635,6.832934745472606,-0.9567372714958957
1787022696780,0.001463,63512.0,0.001464,2072595.0,0.0014635,6.832934745472606,-0.9405348140331922
1787022696783,0.001463,63512.0,0.001464,2142239.0,0.0014635,6.832934745472606,-0.9424123575145155
1787022696798,0.001463,63512.0,0.001464,2149071.0,0.0014635,6.832934745472606,-0.9425901762781328
1787022696819,0.001463,12723.0,0.001464,2149071.0,0.0014635,6.832934745472606,-0.9882292207305599
1787022696820,0.001463,1448.0,0.001464,2149071.0,0.0014635,6.832934745472606,-0.9986533483312633
1787022696821,0.001463,49925.0,0.001464,2149071.0,0.0014635,6.832934745472606,-0.9545929142208536
1787022696831,0.001463,49925.0,0.001464,2236889.0,0.0014635,6.832934745472606,-0.9563366325376703
1787022696887,0.001463,49925.0,0.001464,2252789.0,0.0014635,6.832934745472606,-0.9566381235359667
1787022696888,0.001463,61200.0,0.001464,2252789.0,0.0014635,6.832934745472606,-0.9471043293637091
1787022696890,0.001462,2602387.0,0.001463,255239.0,0.0014625,6.837606837607745,0.8213629075323363
1787022696891,0.001462,1897199.0,0.001463,472411.0,0.0014625,6.837606837607745,0.6012753153472512
1787022696892,0.001462,1657126.0,0.001463,520888.0,0.0014625,6.837606837607745,0.5216853518847905
1787022696893,0.001462,1961244.0,0.001463,1147779.0,0.0014625,6.837606837607745,0.2616465043841747
1787022696894,0.001462,1961244.0,0.001463,509605.0,0.0014625,6.837606837607745,0.5875061567906416
1787022696896,0.001462,1961244.0,0.001463,427467.0,0.0014625,6.837606837607745,0.6420939996508577
1787022696921,0.001462,1961244.0,0.001463,254366.0,0.0014625,6.837606837607745,0.7703873876720181
1787022696922,0.001462,1961244.0,0.001463,48477.0,0.0014625,6.837606837607745,0.951757482755069
1787022696923,0.001462,2054803.0,0.001463,48477.0,0.0014625,6.837606837607745,0.9539034270282606
1787022697004,0.001462,2066086.0,0.001463,59760.0,0.0014625,6.837606837607745,0.9437776772165059
1787022697147,0.001462,2066086.0,0.001463,63454.0,0.0014625,6.837606837607745,0.9404059092573983
1787022697164,0.001462,2066086.0,0.001463,67214.0,0.0014625,6.837606837607745,0.9369858904045376
1787022697329,0.001462,2060000.0,0.001463,67214.0,0.0014625,6.837606837607745,0.936805605829973
1787022697331,0.001462,2060000.0,0.001463,667214.0,0.0014625,6.837606837607745,0.5106991970560433
1787022697332,0.001462,1966441.0,0.001463,667214.0,0.0014625,6.837606837607745,0.4933170821538888
1787022697333,0.001462,1966441.0,0.001463,1347620.0,0.0014625,6.837606837607745,0.1867258930961138
1787022697334,0.001462,1966441.0,0.001463,1336337.0,0.0014625,6.837606837607745,0.19078000398452455
1787022697479,0.001462,1966441.0,0.001463,1347620.0,0.0014625,6.837606837607745,0.1867258930961138
1787022697601,0.001462,1966441.0,0.001463,667214.0,0.0014625,6.837606837607745,0.4933170821538888
1787022697739,0.001462,1966441.0,0.001463,1067214.0,0.0014625,6.837606837607745,0.29641702830414135
1787022697796,0.001462,1966441.0,0.001463,1074051.0,0.0014625,6.837606837607745,0.29350184114939293
1787022697809,0.001462,1966441.0,0.001463,1737480.0,0.0014625,6.837606837607745,0.06181584326447567
1787022697810,0.001462,1966441.0,0.001463,1726197.0,0.0014625,6.837606837607745,0.06506026315062564
1787022697813,0.001462,1966441.0,0.001463,1737480.0,0.0014625,6.837606837607745,0.06181584326447567
1787022697913,0.001462,1603935.0,0.001463,1737480.0,0.0014625,6.837606837607745,-0.039966600975933846
1787022698106,0.001462,1603935.0,0.001463,2008572.0,0.0014625,6.837606837607745,-0.11201002517088549
1787022698266,0.001462,1432776.0,0.001463,2008572.0,0.0014625,6.837606837607745,-0.16731699322474797
1787022698288,0.001462,1432776.0,0.001463,1988572.0,0.0014625,6.837606837607745,-0.16244942052080058
1787022698292,0.001462,1432776.0,0.001463,1325143.0,0.0014625,6.837606837607745,0.039026889477174635
1787022698298,0.001462,1432776.0,0.001463,1318306.0,0.0014625,6.837606837607745,0.04160908326251271
1787022698413,0.001462,5953488.0,0.001463,1318306.0,0.0014625,6.837606837607745,0.6374193218344744
1787022698414,0.001462,5953488.0,0.001463,1318306.0,0.0014625,6.837606837607745,0.6374193218344744
1787022698415,0.001462,5953488.0,0.001463,1047214.0,0.0014625,6.837606837607745,0.7008260028779971
1787022698553,0.001462,5947301.0,0.001463,1047214.0,0.0014625,6.837606837607745,0.700561368443702
1787022698555,0.001462,5947301.0,0.001463,1635853.0,0.0014625,6.837606837607745,0.5685560388197312
1787022698556,0.001462,5947301.0,0.001463,1624570.0,0.0014625,6.837606837607745,0.5708933762870498
1787022698557,0.001462,5947301.0,0.001463,1635853.0,0.0014625,6.837606837607745,0.5685560388197312
1787022698592,0.001462,5947301.0,0.001463,1921249.0,0.0014625,6.837606837607745,0.5116637754097006
1787022698778,0.001462,5947301.0,0.001463,1915883.0,0.0014625,6.837606837607745,0.5126953661519303
1787022698798,0.001462,5947301.0,0.001463,1922720.0,0.0014625,6.837606837607745,0.511381227572328
1787022698977,0.001462,5947301.0,0.001463,1937141.0,0.0014625,6.837606837607745,0.508616843145019
1787022699052,0.001462,5947301.0,0.001463,1348502.0,0.0014625,6.837606837607745,0.6303348651272519
1787022699054,0.001462,5947301.0,0.001463,1063106.0,0.0014625,6.837606837607745,0.696706339589128
1787022699092,0.001462,5947301.0,0.001463,857782.0,0.0014625,6.837606837607745,0.7478996215035144
1787022699093,0.001462,5947301.0,0.001463,457782.0,0.0014625,6.837606837607745,0.8570566532861479
1787022699094,0.001462,5947301.0,0.001463,450259.0,0.0014625,6.837606837607745,0.8592403979017
1787022699095,0.001462,6040860.0,0.001463,510019.0,0.0014625,6.837606837607745,0.8442899036907872
1787022699142,0.001462,6040860.0,0.001463,461542.0,0.0014625,6.837606837607745,0.8580395367742567
1787022699143,0.001462,6053984.0,0.001463,461542.0,0.0014625,6.837606837607745,0.858325482854339
1787022699145,0.001462,6212023.0,0.001463,461542.0,0.0014625,6.837606837607745,0.8616805260756433
1787022699162,0.001462,6212023.0,0.001463,510019.0,0.0014625,6.837606837607745,0.8482547416395196
1787022699298,0.001462,6212023.0,0.001463,503182.0,0.0014625,6.837606837607745,0.8501365185426208
1787022699444,0.001462,6212023.0,0.001463,349284.0,0.0014625,6.837606837607745,0.8935321880229046
1787022699557,0.001462,6207666.0,0.001463,349284.0,0.0014625,6.837606837607745,0.8934614416763892
1787022699559,0.001462,6207666.0,0.001463,949284.0,0.0014625,6.837606837607745,0.734723869804875
1787022699560,0.001462,6207666.0,0.001463,938001.0,0.0014625,6.837606837607745,0.7374629968063163
1787022699561,0.001462,6207666.0,0.001463,949284.0,0.0014625,6.837606837607745,0.734723869804875
1787022699606,0.001462,6207666.0,0.001463,1951868.0,0.0014625,6.837606837607745,0.5215736584956935
1787022699607,0.001462,6114107.0,0.001463,1940585.0,0.0014625,6.837606837607745,0.518147931665171
1787022699668,0.001462,6114107.0,0.001463,1956488.0,0.0014625,6.837606837607745,0.5151564413776184
1787022699717,0.001462,6114107.0,0.001463,1967771.0,0.0014625,6.837606837607745,0.5130411520688632
1787022699794,0.001462,6114107.0,0.001463,965187.0,0.0014625,6.837606837607745,0.7273211142241021
1787022699796,0.001462,6114107.0,0.001463,949284.0,0.0014625,6.837606837607745,0.7312101227300032
1787022699799,0.001462,6114107.0,0.001463,956121.0,0.0014625,6.837606837607745,0.7295360206205515
1787022700035,0.001462,29205610.0,0.001463,956121.0,0.0014625,6.837606837607745,0.9366003894139895
1787022700036,0.001462,29194327.0,0.001463,956121.0,0.0014625,6.837606837607745,0.9365766638028065
1787022700037,0.001463,24718.0,0.001464,3340525.0,0.0014635,6.832934745472606,-0.985309827551829
1787022700038,0.001463,327375.0,0.001464,2305860.0,0.0014635,6.832934745472606,-0.7513514745170864
1787022700039,0.001463,1203817.0,0.001464,2087747.0,0.0014635,6.832934745472606,-0.26854407205814623
1787022700040,0.001463,1280997.0,0.001464,1939284.0,0.0014635,6.832934745472606,-0.20441911746210967
1787022700041,0.001463,1280997.0,0.001464,2139556.0,0.0014635,6.832934745472606,-0.2510000575930266
1787022700045,0.001463,1203817.0,0.001464,2139556.0,0.0014635,6.832934745472606,-0.2798787332433444
1787022700073,0.001463,1215092.0,0.001464,2150831.0,0.0014635,6.832934745472606,-0.2780036857646476
1787022700269,0.001463,1148113.0,0.001464,2150831.0,0.0014635,6.832934745472606,-0.30395120377914875
1787022700270,0.001463,1148113.0,0.001464,2166734.0,0.0014635,6.832934745472606,-0.30729050239724487
1787022700356,0.001463,1148113.0,0.001464,2162970.0,0.0014635,6.832934745472606,-0.30650303843183635
1787022700379,0.001463,1148113.0,0.001464,2232614.0,0.0014635,6.832934745472606,-0.32078928585478805
1787022700479,0.001463,1148113.0,0.001464,2162970.0,0.0014635,6.832934745472606,-0.30650303843183635
1787022700589,0.001463,1142928.0,0.001464,2162970.0,0.0014635,6.832934745472606,-0.30855216948617287
1787022700678,0.001463,1142928.0,0.001464,2167117.0,0.0014635,6.832934745472606,-0.30941845201500284
1787022700783,0.001463,1142928.0,0.001464,2236761.0,0.0014635,6.832934745472606,-0.3236490103083449
1787022700797,0.001463,1142928.0,0.001464,2243593.0,0.0014635,6.832934745472606,-0.3250134872927113
1787022700833,0.001463,1142928.0,0.001464,2155775.0,0.0014635,6.832934745472606,-0.30704401093399436
1787022701183,0.001463,1142928.0,0.001464,2283985.0,0.0014635,6.832934745472606,-0.3329693517168367
1787022701243,0.001463,1243881.0,0.001464,2283985.0,0.0014635,6.832934745472606,-0.2948252569683769
1787022701297,0.001463,1243881.0,0.001464,2277153.0,0.0014635,6.832934745472606,-0.2934569788306503
1787022701381,0.001463,1243881.0,0.001464,2148943.0,0.0014635,6.832934745472606,-0.26675772159121725
1787022701454,0.001463,1302857.0,0.001464,2148943.0,0.0014635,6.832934745472606,-0.24511443304942349
1787022701480,0.001463,1302857.0,0.001464,2079299.0,0.0014635,6.832934745472606,-0.2295701321878707
1787022701498,0.001463,1302857.0,0.001464,2045458.0,0.0014635,6.832934745472606,-0.22178349408583123
1787022701499,0.001463,1302857.0,0.001464,1418123.0,0.0014635,6.832934745472606,-0.04236194312343347
1787022701500,0.001463,1690075.0,0.001464,1418123.0,0.0014635,6.832934745472606,0.087495069490425
1787022701502,0.001463,1690075.0,0.001464,1226690.0,0.0014635,6.832934745472606,0.1588695009711101
1787022701516,0.001463,1696942.0,0.001464,1226690.0,0.0014635,6.832934745472606,0.1608451405648864
1787022701663,0.001463,1690461.0,0.001464,1246738.0,0.0014635,6.832934745472606,0.15107011816359736
1787022701778,0.001463,1690461.0,0.001464,1883609.0,0.0014635,6.832934745472606,-0.054041470928101576
1787022701779,0.001463,1690461.0,0.001464,2290328.0,0.0014635,6.832934745472606,-0.1506904786965599
1787022701796,0.001463,1690461.0,0.001464,2297160.0,0.0014635,6.832934745472606,-0.15214560260365767
1787022702066,0.001463,1861507.0,0.001464,2297160.0,0.0014635,6.832934745472606,-0.10475784668500748
1787022702157,0.001463,1861507.0,0.001464,2308435.0,0.0014635,6.832934745472606,-0.10717846914897138
1787022702180,0.001463,1861507.0,0.001464,2506289.0,0.0014635,6.832934745472606,-0.14762182116564052
1787022702297,0.001463,1861507.0,0.001464,2499457.0,0.0014635,6.832934745472606,-0.14628646326821318
1787022702483,0.001463,1861507.0,0.001464,2301603.0,0.0014635,6.832934745472606,-0.10571327685312182
1787022702691,0.001463,1854605.0,0.001464,2301603.0,0.0014635,6.832934745472606,-0.1075494777932192
1787022702797,0.001463,1854605.0,0.001464,2308435.0,0.0014635,6.832934745472606,-0.10901408586033283
1787022702812,0.001463,1854605.0,0.001464,2297531.0,0.0014635,6.832934745472606,-0.10667425151777302
1787022702813,0.001463,1854605.0,0.001464,2301288.0,0.0014635,6.832934745472606,-0.10748183362757414
1787022702826,0.001463,1775237.0,0.001464,2301288.0,0.0014635,6.832934745472606,-0.12904397740722798
1787022703176,0.001463,1775237.0,0.001464,2271252.0,0.0014635,6.832934745472606,-0.12257910499694921
1787022703178,0.001463,1775237.0,0.001464,2251204.0,0.0014635,6.832934745472606,-0.1182103500336898
1787022703182,0.001463,1775237.0,0.001464,1614333.0,0.0014635,6.832934745472606,0.047470328094714076
1787022703208,0.001463,1775237.0,0.001464,1207614.0,0.0014635,6.832934745472606,0.19029545894179764
1787022703297,0.001463,1775237.0,0.001464,1200782.0,0.0014635,6.832934745472606,0.1930280015013345
1787022703329,0.001463,1775237.0,0.001464,1394999.0,0.0014635,6.832934745472606,0.11993996661447287
1787022703340,0.001463,1775237.0,0.001464,1381833.0,0.0014635,6.832934745472606,0.12461047743635713
1787022703418,0.001463,1775237.0,0.001464,1809001.0,0.0014635,6.832934745472606,-0.009420133372839638
1787022703438,0.001463,1775237.0,0.001464,2464382.0,0.0014635,6.832934745472606,-0.16254880450342354
1787022703439,0.001463,1775237.0,0.001464,2464382.0,0.0014635,6.832934745472606,-0.16254880450342354
1787022703582,0.001463,1775237.0,0.001464,2662236.0,0.0014635,6.832934745472606,-0.19988831481340844
1787022703782,0.001463,1775237.0,0.001464,2534026.0,0.0014635,6.832934745472606,-0.1760832420764293
1787022703783,0.001463,1775237.0,0.001464,2464382.0,0.0014635,6.832934745472606,-0.16254880450342354
1787022703791,0.001463,1768601.0,0.001464,2464382.0,0.0014635,6.832934745472606,-0.16437131923279635
1787022703799,0.001463,1768601.0,0.001464,2471214.0,0.0014635,6.832934745472606,-0.1657178438210158
1787022703867,0.001463,1768601.0,0.001464,2023297.0,0.0014635,6.832934745472606,-0.06716847341357811
1787022703868,0.001463,1768601.0,0.001464,940748.0,0.0014635,6.832934745472606,0.3055542124694899
1787022704099,0.001463,1768601.0,0.001464,929473.0,0.0014635,6.832934745472606,0.3110100019495388
1787022704101,0.001463,1768601.0,0.001465,3047859.0,0.001464,13.6612021857912,-0.2656012922353762
1787022704102,0.001464,244950.0,0.001465,2279314.0,0.0014645,6.828269033799358,-0.8059236276395813
1787022704103,0.001464,313256.0,0.001465,1889177.0,0.0014645,6.828269033799358,-0.715536409053079
1787022704104,0.001464,449868.0,0.001465,2089381.0,0.0014645,6.828269033799358,-0.6456684633921289
1787022704105,0.001464,453625.0,0.001465,2089381.0,0.0014645,6.828269033799358,-0.6432371767899879
1787022704106,0.001464,453625.0,0.001465,1863990.0,0.0014645,6.828269033799358,-0.6085415394705332
1787022704108,0.001464,453625.0,0.001465,2329987.0,0.0014645,6.828269033799358,-0.6740745477458784
1787022704110,0.001464,624554.0,0.001465,2329987.0,0.0014645,6.828269033799358,-0.577224347199785
1787022704131,0.001464,628654.0,0.001465,2329987.0,0.0014645,6.828269033799358,-0.575038674851055
1787022704196,0.001464,628654.0,0.001465,2357305.0,0.0014645,6.828269033799358,-0.5789265693199405
1787022704207,0.001464,617787.0,0.001465,2368572.0,0.0014645,6.828269033799358,-0.5862607275280701
1787022704330,0.001464,617787.0,0.001465,2975056.0,0.0014645,6.828269033799358,-0.6561013102993924
1787022704359,0.001464,617787.0,0.001465,2971285.0,0.0014645,6.828269033799358,-0.6557399795824659
1787022704466,0.001464,1400391.0,0.001465,2971285.0,0.0014645,6.828269033799358,-0.35933449779901344
1787022704467,0.001464,1400391.0,0.001465,2971285.0,0.0014645,6.828269033799358,-0.35933449779901344
1787022704480,0.001464,1263779.0,0.001465,2971285.0,0.0014645,6.828269033799358,-0.40318304516767633
1787022704481,0.001464,1195473.0,0.001465,2971285.0,0.0014645,6.828269033799358,-0.42618553801300674
1787022704581,0.001464,1195473.0,0.001465,3169139.0,0.0014645,6.828269033799358,-0.4521973545414804
1787022704592,0.001464,412869.0,0.001465,3169139.0,0.0014645,6.828269033799358,-0.7694762267420955
1787022704593,0.001464,481175.0,0.001465,3169139.0,0.0014645,6.828269033799358,-0.7363651455737781
1787022704601,0.001464,432698.0,0.001465,3169139.0,0.0014645,6.828269033799358,-0.7597348242022057
1787022704602,0.001463,1246149.0,0.001464,1315211.0,0.0014635,6.832934745472606,-0.02696301964581316
1787022704603,0.001463,1291142.0,0.001464,1448908.0,0.0014635,6.832934745472606,-0.057577781427346215
1787022704604,0.001463,1359631.0,0.001464,1423475.0,0.0014635,6.832934745472606,-0.02293983772087732
1787022704605,0.001463,1222925.0,0.001464,1252827.0,0.0014635,6.832934745472606,-0.012077946417896461
1787022704606,0.001463,1154572.0,0.001464,1276950.0,0.0014635,6.832934745472606,-0.05032979343801948
1787022704608,0.001463,1154572.0,0.001464,1325427.0,0.0014635,6.832934745472606,-0.06889317294079554
1787022704610,0.001463,1154572.0,0.001464,1301304.0,0.0014635,6.832934745472606,-0.05974731623257852
1787022704632,0.001463,1154572.0,0.001464,1083191.0,0.0014635,6.832934745472606,0.03189837350961652
1787022704665,0.001463,1154572.0,0.001464,633994.0,0.0014635,6.832934745472606,0.29105887062596514
1787022704666,0.001463,1203049.0,0.001464,538526.0,0.0014635,6.832934745472606,0.3815643885563355
1787022704667,0.001463,1154572.0,0.001464,76968.0,0.0014635,6.832934745472606,0.8750052779446872
1787022704668,0.001463,1296608.0,0.001464,76968.0,0.0014635,6.832934745472606,0.8879304821866427
1787022704679,0.001463,1296608.0,0.001464,395019.0,0.0014635,6.832934745472606,0.5329715120413661
1787022704681,0.001463,1203049.0,0.001464,395019.0,0.0014635,6.832934745472606,0.5056292973765822
1787022704718,0.001463,1154572.0,0.001464,395019.0,0.0014635,6.832934745472606,0.4901635334743168
1787022704719,0.001463,1154572.0,0.001464,844216.0,0.0014635,6.832934745472606,0.15527209488950303
1787022704727,0.001463,1165847.0,0.001464,903968.0,0.0014635,6.832934745472606,0.1265229018052338
1787022704795,0.001463,1165847.0,0.001464,1571109.0,0.0014635,6.832934745472606,-0.14807033799593416
1787022704796,0.001463,1895705.0,0.001464,1571109.0,0.0014635,6.832934745472606,0.0936294822854644
1787022704799,0.001463,1895705.0,0.001464,1605275.0,0.0014635,6.832934745472606,0.08295677210381093
1787022704837,0.001463,1889472.0,0.001464,1605275.0,0.0014635,6.832934745472606,0.08132119435255256
1787022704839,0.001463,1889472.0,0.001464,2405275.0,0.0014635,6.832934745472606,-0.12010090466330146
1787022704842,0.001463,1889472.0,0.001464,2405275.0,0.0014635,6.832934745472606,-0.12010090466330146
1787022704945,0.001463,1885853.0,0.001464,2405275.0,0.0014635,6.832934745472606,-0.12104556191285834
1787022705037,0.001463,1885853.0,0.001464,2564431.0,0.0014635,6.832934745472606,-0.1524797069130869
1787022705042,0.001463,1885853.0,0.001464,2568188.0,0.0014635,6.832934745472606,-0.1531945934040571
1787022705134,0.001463,1885853.0,0.001464,1756913.0,0.0014635,6.832934745472606,0.0353961797161827
1787022705136,0.001463,1885853.0,0.001464,1089772.0,0.0014635,6.832934745472606,0.2675340474690191
1787022705137,0.001463,1885853.0,0.001464,1041295.0,0.0014635,6.832934745472606,0.2885258961965709
1787022705140,0.001463,1885853.0,0.001464,592098.0,0.0014635,6.832934745472606,0.5221067728942178
1787022705153,0.001463,1880864.0,0.001464,592098.0,0.0014635,6.832934745472606,0.5211426621193532
1787022705155,0.001463,1880864.0,0.001464,1392098.0,0.0014635,6.832934745472606,0.14933445606762316
1787022705157,0.001463,1880864.0,0.001464,1863966.0,0.0014635,6.832934745472606,0.0045123543658857675
1787022705168,0.001463,1151006.0,0.001464,1863966.0,0.0014635,6.832934745472606,-0.23647317454357786
1787022705197,0.001463,1151006.0,0.001464,1933610.0,0.0014635,6.832934745472606,-0.2537119693342705
1787022705198,0.001463,763788.0,0.001464,1933610.0,0.0014635,6.832934745472606,-0.4336853515869738
1787022705199,0.001463,763788.0,0.001464,2061820.0,0.0014635,6.832934745472606,-0.459381485329883
1787022705209,0.001463,752513.0,0.001464,2061820.0,0.0014635,6.832934745472606,-0.4652281730697824
1787022705211,0.001463,652748.0,0.001464,2061820.0,0.0014635,6.832934745472606,-0.5190778053819245
1787022705220,0.001463,823794.0,0.001464,2061820.0,0.0014635,6.832934745472606,-0.42903382087832953
1787022705227,0.001463,823794.0,0.001464,2073095.0,0.0014635,6.832934745472606,-0.4312560819555047
1787022705233,0.001463,835069.0,0.001464,2073095.0,0.0014635,6.832934745472606,-0.4257070784178609
1787022705398,0.001463,1682993.0,0.001464,2684517.0,0.0014635,6.832934745472606,-0.22931235417892576
1787022705399,0.001463,1682993.0,0.001464,2684517.0,0.0014635,6.832934745472606,-0.22931235417892576
1787022705408,0.001463,835069.0,0.001464,2684517.0,0.0014635,6.832934745472606,-0.525473166446281
1787022705477,0.001462,28538711.0,0.001464,2684517.0,0.0014629999999999999,13.670539986329793,0.8280435962610913
1787022705478,0.001462,28538711.0,0.001464,2902630.0,0.0014629999999999999,13.670539986329793,0.8153622009951802
1787022705479,0.001463,86029.0,0.001464,3572106.0,0.0014635,6.832934745472606,-0.9529656505295732
1787022705480,0.001463,3760.0,0.001464,4145716.0,0.0014635,6.832934745472606,-0.9981877229799618
1787022705481,0.001462,28362240.0,0.001463,507299.0,0.0014625,6.837606837607745,0.9648557602530473
1787022705482,0.001462,28358481.0,0.001463,1263586.0,0.0014625,6.837606837607745,0.9146861696045722
1787022705483,0.001462,28699073.0,0.001463,980876.0,0.0014625,6.837606837607745,0.9339031209251741
1787022705484,0.001462,28708924.0,0.001463,935618.0,0.0014625,6.837606837607745,0.9368775540536265
1787022705485,0.001462,28708924.0,0.001463,833215.0,0.0014625,6.837606837607745,0.9435914237625109
1787022705500,0.001462,28708924.0,0.001463,350096.0,0.0014625,6.837606837607745,0.9759044867996237
1787022705513,0.001462,28708924.0,0.001463,353856.0,0.0014625,6.837606837607745,0.9756488539637296
1787022705581,0.001462,28708924.0,0.001463,875026.0,0.0014625,6.837606837607745,0.9408445457756656
1787022705582,0.001462,28708924.0,0.001463,886309.0,0.0014625,6.837606837607745,0.9401046107662001
1787022705583,0.001462,28574200.0,0.001463,886309.0,0.0014625,6.837606837607745,0.9398307069304199
1787022705585,0.001462,28574200.0,0.001463,1862129.0,0.0014625,6.837606837607745,0.8776377400835692
1787022705586,0.001462,28223757.0,0.001463,1850846.0,0.0014625,6.837606837607745,0.8769163469921781
1787022705616,0.001462,29026373.0,0.001463,2449631.0,0.0014625,6.837606837607745,0.844349301772868
1787022705648,0.001462,29026373.0,0.001463,1449631.0,0.0014625,6.837606837607745,0.904867383532303
1787022705699,0.001462,29026373.0,0.001463,1621315.0,0.0014625,6.837606837607745,0.8941965867050069
1787022705700,0.001462,29026373.0,0.001463,1634072.0,0.0014625,6.837606837607745,0.8934084616188708
1787022705797,0.001462,29026373.0,0.001463,1640909.0,0.0014625,6.837606837607745,0.8929863429044673
1787022705798,0.001462,29026373.0,0.001463,1652192.0,0.0014625,6.837606837607745,0.8922901380817518
1787022705804,0.001462,29026373.0,0.001463,1639435.0,0.0014625,6.837606837607745,0.8930773322522596
1787022705861,0.001462,29019710.0,0.001463,1639435.0,0.0014625,6.837606837607745,0.8930540952789127
1787022705863,0.001462,29019710.0,0.001463,2439435.0,0.0014625,6.837606837607745,0.8449140941370149
1787022705873,0.001462,29019710.0,0.001463,1639435.0,0.0014625,6.837606837607745,0.8930540952789127
1787022705899,0.001462,29019710.0,0.001463,1467751.0,0.0014625,6.837606837607745,0.9037144483760061
1787022705901,0.001462,29019710.0,0.001463,1456468.0,0.0014625,6.837606837607745,0.9044192483716298
1787022705902,0.001462,29019710.0,0.001463,1467751.0,0.0014625,6.837606837607745,0.9037144483760061
1787022706002,0.001462,29019710.0,0.001463,96950.0,0.0014625,6.837606837607745,0.9933405823332758
1787022706003,0.001462,29019710.0,0.001463,21880.0,0.0014625,6.837606837607745,0.9984931954483208
1787022706004,0.001462,29019710.0,0.001463,59074.0,0.0014625,6.837606837607745,0.9959369690286911
1787022706056,0.001462,29190793.0,0.001463,59074.0,0.0014625,6.837606837607745,0.995960733770174
1787022706079,0.001462,29190793.0,0.001463,70357.0,0.0014625,6.837606837607745,0.9951910980942308
1787022706147,0.001462,29190793.0,0.001463,59074.0,0.0014625,6.837606837607745,0.995960733770174
1787022706150,0.001462,29230569.0,0.001464,2826989.0,0.0014629999999999999,13.670539986329793,0.8236304212566659
1787022706151,0.001463,75847.0,0.001464,2823499.0,0.0014635,6.832934745472606,-0.9476799250589616
1787022706153,0.001463,79607.0,0.001464,2823499.0,0.0014635,6.832934745472606,-0.945157359049239
1787022706154,0.001463,128084.0,0.001464,2871976.0,0.0014635,6.832934745472606,-0.9146123744191783
1787022706205,0.001463,128084.0,0.001464,3056330.0,0.0014635,6.832934745472606,-0.9195556859126985
1787022706207,0.001463,79607.0,0.001464,3056330.0,0.0014635,6.832934745472606,-0.9492292096429233
1787022706208,0.001462,29051689.0,0.001463,1101708.0,0.0014625,6.837606837607745,0.9269264421517748
1787022706209,0.001462,29048203.0,0.001463,642442.0,0.0014625,6.837606837607745,0.9567242813350805
1787022706210,0.001462,29410709.0,0.001463,539943.0,0.0014625,6.837606837607745,0.9639444910915462
1787022706212,0.001462,29410709.0,0.001463,515580.0,0.0014625,6.837606837607745,0.9655433388349621
1787022706213,0.001462,29410709.0,0.001463,413081.0,0.0014625,6.837606837607745,0.9722985576279876
1787022706234,0.001462,29410709.0,0.001463,461558.0,0.0014625,6.837606837607745,0.9690978927042933
1787022706257,0.001462,29421992.0,0.001463,461558.0,0.0014625,6.837606837607745,0.9691095602764732
1787022706299,0.001462,29421992.0,0.001463,468395.0,0.0014625,6.837606837607745,0.9686591545301839
1787022706376,0.001462,29425753.0,0.001463,468395.0,0.0014625,6.837606837607745,0.9686630975400269
1787022706380,0.001462,29421992.0,0.001463,468395.0,0.0014625,6.837606837607745,0.9686591545301839
1787022706381,0.001462,29421992.0,0.001463,538039.0,0.0014625,6.837606837607745,0.9640828809556306
1787022706473,0.001462,29421992.0,0.001463,541799.0,0.0014625,6.837606837607745,0.9638364184291633
1787022706505,0.001463,508370.0,0.001464,2615984.0,0.0014635,6.832934745472606,-0.6745759283359056
1787022706506,0.001463,114840.0,0.001464,2612494.0,0.0014635,6.832934745472606,-0.9157858920102928
1787022706507,0.001463,751793.0,0.001464,1152511.0,0.0014635,6.832934745472606,-0.21042753677984188
1787022706508,0.001463,800270.0,0.001464,1541847.0,0.0014635,6.832934745472606,-0.31662679533089083
1787022706513,0.001463,800270.0,0.001464,1536648.0,0.0014635,6.832934745472606,-0.3151064778481744
1787022706534,0.001463,800270.0,0.001464,1134394.0,0.0014635,6.832934745472606,-0.17270389070143446
1787022706609,0.001463,800270.0,0.001464,1771347.0,0.0014635,6.832934745472606,-0.377613384885852
1787022706624,0.001463,804030.0,0.001464,1771347.0,0.0014635,6.832934745472606,-0.3756020963144425
1787022706658,0.001463,815305.0,0.001464,1782622.0,0.0014635,6.832934745472606,-0.3723418710379468
1787022706680,0.001463,815305.0,0.001464,1910832.0,0.0014635,6.832934745472606,-0.4018605814748122
1787022706716,0.001463,1564349.0,0.001464,1910832.0,0.0014635,6.832934745472606,-0.09970214501057642
1787022706717,0.001463,1564349.0,0.001464,2094405.0,0.0014635,6.832934745472606,-0.14487336399222248
1787022706775,0.001463,1564349.0,0.001464,1262604.0,0.0014635,6.832934745472606,0.10673859805946544
1787022706776,0.001463,1564349.0,0.001464,1214127.0,0.0014635,6.832934745472606,0.12604823651526953
1787022706796,0.001463,1564349.0,0.001464,1220959.0,0.0014635,6.832934745472606,0.12328618594424746
1787022706797,0.001463,1564349.0,0.001464,1269436.0,0.0014635,6.832934745472606,0.1040703511381421
1787022706887,0.001463,1564349.0,0.001464,1280711.0,0.0014635,6.832934745472606,0.09969490977343184
1787022707057,0.001463,1564349.0,0.001464,1284386.0,0.0014635,6.832934745472606,0.09827625244187332
1787022707175,0.001463,1560580.0,0.001464,1284386.0,0.0014635,6.832934745472606,0.09708165229391143
1787022707215,0.001463,1556769.0,0.001464,1284386.0,0.0014635,6.832934745472606,0.0958705174480097
1787022707297,0.001463,1556769.0,0.001464,1277554.0,0.0014635,6.832934745472606,0.09851206090484395
1787022707327,0.001463,1556769.0,0.001464,1229077.0,0.0014635,6.832934745472606,0.11762746397324188
1787022707367,0.001463,1556769.0,0.001464,1277554.0,0.0014635,6.832934745472606,0.09851206090484395
1787022707369,0.001463,1556769.0,0.001464,1440629.0,0.0014635,6.832934745472606,0.03874693984582628
1787022707372,0.001463,1556769.0,0.001464,2109481.0,0.0014635,6.832934745472606,-0.15075676781452438
1787022707566,0.001463,1556769.0,0.001464,1720145.0,0.0014635,6.832934745472606,-0.04985666392221462
1787022707567,0.001463,1556769.0,0.001464,1708870.0,0.0014635,6.832934745472606,-0.04657618309923418
1787022707568,0.001463,1556769.0,0.001464,1720145.0,0.0014635,6.832934745472606,-0.04985666392221462
1787022707798,0.001463,1556769.0,0.001464,1726977.0,0.0014635,6.832934745472606,-0.05183348529392955
1787022707805,0.001463,1727815.0,0.001464,1726977.0,0.0014635,6.832934745472606,0.00024256163612744268
1787022707806,0.001463,1716540.0,0.001464,1726977.0,0.0014635,6.832934745472606,-0.0030309128719271604
1787022707807,0.001463,1727815.0,0.001464,1726977.0,0.0014635,6.832934745472606,0.00024256163612744268
1787022708096,0.001463,1727815.0,0.001464,1764596.0,0.0014635,6.832934745472606,-0.010531692862037144
1787022708166,0.001463,1727815.0,0.001464,1590246.0,0.0014635,6.832934745472606,0.041460660307330095
1787022708167,0.001463,1727815.0,0.001464,1541769.0,0.0014635,6.832934745472606,0.05690204013721623
1787022708177,0.001463,1727815.0,0.001464,1590246.0,0.0014635,6.832934745472606,0.041460660307330095
1787022708277,0.001463,1727815.0,0.001464,1601521.0,0.0014635,6.832934745472606,0.03793369008114531
1787022708298,0.001463,1727815.0,0.001464,1594689.0,0.0014635,6.832934745472606,0.04006797283013053
1787022708331,0.001463,1721981.0,0.001464,1594689.0,0.0014635,6.832934745472606,0.03837945891511667
1787022708399,0.001463,1721981.0,0.001464,1205293.0,0.0014635,6.832934745472606,0.1765082462386507
1787022708499,0.001463,1721981.0,0.001464,1232623.0,0.0014635,6.832934745472606,0.16562557960389954
1787022708500,0.001463,2256490.0,0.001464,1232623.0,0.0014635,6.832934745472606,0.29344621398045867
1787022708605,0.001463,2256490.0,0.001464,1396063.0,0.0014635,6.832934745472606,0.23556865567727558
1787022708680,0.001463,2256490.0,0.001464,1714114.0,0.0014635,6.832934745472606,0.1365978576559133
1787022708683,0.001463,2256490.0,0.001464,1585904.0,0.0014635,6.832934745472606,0.17452296667129918
1787022708795,0.001463,2256490.0,0.001464,1592736.0,0.0014635,6.832934745472606,0.17243830318095119
1787022709079,0.001463,2256490.0,0.001464,1720946.0,0.0014635,6.832934745472606,0.13464553546556124
1787022709149,0.001463,2377662.0,0.001464,1720946.0,0.0014635,6.832934745472606,0.16022903385734863
1787022709296,0.001463,2377662.0,0.001464,1714114.0,0.0014635,6.832934745472606,0.1621662573904339
1787022709307,0.001463,2377662.0,0.001464,1550674.0,0.0014635,6.832934745472606,0.21051865217231927
1787022709359,0.001463,2374511.0,0.001464,1550674.0,0.0014635,6.832934745472606,0.20988488440672223
1787022709509,0.001463,2374511.0,0.001464,1729733.0,0.0014635,6.832934745472606,0.1571003088510332
1787022709799,0.001463,2374511.0,0.001464,1736565.0,0.0014635,6.832934745472606,0.1551773793527534
1787022709981,0.001463,2374511.0,0.001464,1608355.0,0.0014635,6.832934745472606,0.19236298685418993
1787022709982,0.001463,2374511.0,0.001464,1597080.0,0.0014635,6.832934745472606,0.1957480012418197
1787022709983,0.001463,2374511.0,0.001464,1608355.0,0.0014635,6.832934745472606,0.19236298685418993
1787022709989,0.001463,2374511.0,0.001464,1429296.0,0.0014635,6.832934745472606,0.24849183988567244
1787022709990,0.001463,2374511.0,0.001464,1418021.0,0.0014635,6.832934745472606,0.2522035410643865
1787022710035,0.001463,1625467.0,0.001464,1418021.0,0.0014635,6.832934745472606,0.06816061045747511
1787022710036,0.001463,988514.0,0.001464,1418021.0,0.0014635,6.832934745472606,-0.1784752766945006
1787022710037,0.001463,977239.0,0.001464,1418021.0,0.0014635,6.832934745472606,-0.18402261132403164
1787022710077,0.001463,988514.0,0.001464,819763.0,0.0014635,6.832934745472606,0.09332143250176826
1787022710078,0.001463,1588514.0,0.001465,1506234.0,0.001464,13.6612021857912,0.02658697897211663
1787022710079,0.001464,118767.0,0.001465,1499127.0,0.0014645,6.828269033799358,-0.853183212249999
1787022710080,0.001464,705510.0,0.001465,1901106.0,0.0014645,6.828269033799358,-0.45867745766925394
1787022710081,0.001464,695264.0,0.001465,2101310.0,0.0014645,6.828269033799358,-0.5027744661861263
1787022710082,0.001464,1671657.0,0.001465,2101310.0,0.0014645,6.828269033799358,-0.11387669173888879
1787022710083,0.001464,1671657.0,0.001465,1681935.0,0.0014645,6.828269033799358,-0.00306477353237961
1787022710084,0.001464,1535045.0,0.001465,1681935.0,0.0014645,6.828269033799358,-0.0456608371826993
1787022710086,0.001464,1535045.0,0.001465,2071138.0,0.0014645,6.828269033799358,-0.14865939970323191
1787022710091,0.001464,1535045.0,0.001465,2148144.0,0.0014645,6.828269033799358,-0.16645873996691454
1787022710098,0.001464,1535045.0,0.001465,2830653.0,0.0014645,6.828269033799358,-0.2967699552282361
1787022710099,0.001464,1535045.0,0.001465,2817006.0,0.0014645,6.828269033799358,-0.29456479255413137
1787022710100,0.001464,1535045.0,0.001465,2824997.0,0.0014645,6.828269033799358,-0.29585770045334425
1787022710104,0.001464,1535045.0,0.001465,2811350.0,0.0014645,6.828269033799358,-0.29364680384548575
1787022710105,0.001464,1535045.0,0.001465,2797703.0,0.0014645,6.828269033799358,-0.29142197976895956
1787022710113,0.001464,1539141.0,0.001465,2797703.0,0.0014645,6.828269033799358,-0.29020227612521915
1787022710115,0.001464,1539141.0,0.001465,2784056.0,0.0014645,6.828269033799358,-0.2879616635559286
1787022710140,0.001464,870289.0,0.001465,2784056.0,0.0014645,6.828269033799358,-0.5236963121982189
1787022710142,0.001464,821812.0,0.001465,2784056.0,0.0014645,6.828269033799358,-0.5441807631338695
1787022710145,0.001464,870289.0,0.001465,2784056.0,0.0014645,6.828269033799358,-0.5236963121982189
1787022710148,0.001464,870289.0,0.001465,2798602.0,0.0014645,6.828269033799358,-0.5255847066593148
1787022710181,0.001464,870289.0,0.001465,2926812.0,0.0014645,6.828269033799358,-0.5416034495790341
1787022710217,0.001464,870289.0,0.001465,2919092.0,0.0014645,6.828269033799358,-0.5406695710988153
1787022710218,0.001464,870289.0,0.001465,2912266.0,0.0014645,6.828269033799358,-0.5398406632553922
1787022710239,0.001464,870289.0,0.001465,3096968.0,0.0014645,6.828269033799358,-0.5612641177518876
1787022710241,0.001464,821812.0,0.001465,3096968.0,0.0014645,6.828269033799358,-0.5805776287518054
1787022710258,0.001464,833079.0,0.001465,3108235.0,0.0014645,6.828269033799358,-0.5772582443317127
1787022710259,0.001464,881556.0,0.001465,3108235.0,0.0014645,6.828269033799358,-0.5580941457835761
1787022710295,0.001464,881556.0,0.001465,3115063.0,0.0014645,6.828269033799358,-0.5588491172163271
1787022710339,0.001464,877408.0,0.001465,3115063.0,0.0014645,6.828269033799358,-0.5604686921958857
1787022710340,0.001464,1622881.0,0.001465,3115063.0,0.0014645,6.828269033799358,-0.3149429372740581
1787022710363,0.001464,1622881.0,0.001465,3111304.0,0.0014645,6.828269033799358,-0.3143989937021895
1787022710367,0.001464,877408.0,0.001465,3111304.0,0.0014645,6.828269033799358,-0.5600544737248515
1787022710368,0.001464,591587.0,0.001465,3111304.0,0.0014645,6.828269033799358,-0.6804729061698008
1787022710369,0.001463,1211060.0,0.001464,248611.0,0.0014635,6.832934745472606,0.6593602256946942
1787022710370,0.001463,1211060.0,0.001464,521838.0,0.0014635,6.832934745472606,0.3977279678319209
1787022710371,0.001463,1516258.0,0.001464,992728.0,0.0014635,6.832934745472606,0.20866198535982267
1787022710372,0.001463,1878516.0,0.001464,1518648.0,0.0014635,6.832934745472606,0.10593188906982412
1787022710374,0.001463,1878516.0,0.001464,1567125.0,0.0014635,6.832934745472606,0.09037244448855815
1787022710375,0.001463,1710474.0,0.001464,1567125.0,0.0014635,6.832934745472606,0.04373597868439672
1787022710376,0.001463,1416531.0,0.001464,1567125.0,0.0014635,6.832934745472606,-0.05047297677748373
1787022710381,0.001463,1416531.0,0.001464,1578400.0,0.0014635,6.832934745472606,-0.05404765585584442
1787022710395,0.001463,1416531.0,0.001464,1605732.0,0.0014635,6.832934745472606,-0.06260242738636577
1787022710397,0.001463,1412772.0,0.001464,1605732.0,0.0014635,6.832934745472606,-0.0639257062438877
1787022710465,0.001463,1409148.0,0.001464,1605732.0,0.0014635,6.832934745472606,-0.06520458525712466
1787022710477,0.001463,1420423.0,0.001464,1605732.0,0.0014635,6.832934745472606,-0.06123579261472066
1787022710499,0.001463,1420423.0,0.001464,1777416.0,0.0014635,6.832934745472606,-0.11163570148465886
1787022710549,0.001463,1420423.0,0.001464,1781173.0,0.0014635,6.832934745472606,-0.11267817675934128
1787022710615,0.001463,1420423.0,0.001464,1958819.0,0.0014635,6.832934745472606,-0.1593244875625954
1787022710616,0.001463,2184497.0,0.001464,1958819.0,0.0014635,6.832934745472606,0.054467967203080815
1787022710679,0.001463,2184497.0,0.001464,2276870.0,0.0014635,6.832934745472606,-0.02070508882143074
1787022710698,0.001463,2184497.0,0.001464,2105186.0,0.0014635,6.832934745472606,0.01848877877456213
1787022710781,0.001463,2184497.0,0.001464,2233396.0,0.0014635,6.832934745472606,-0.01106839844242493
1787022710798,0.001463,2184497.0,0.001464,2240228.0,0.0014635,6.832934745472606,-0.01259535903361226
1787022710801,0.001463,2184497.0,0.001464,2411912.0,0.0014635,6.832934745472606,-0.04947666754633889
1787022710805,0.001463,2355543.0,0.001464,2411912.0,0.0014635,6.832934745472606,-0.01182370887611944
1787022710981,0.001463,2355543.0,0.001464,2283702.0,0.0014635,6.832934745472606,0.015485493868075517
1787022710999,0.001463,2355543.0,0.001464,2112018.0,0.0014635,6.832934745472606,0.054509608262763506
1787022711039,0.001463,2355543.0,0.001464,2267718.0,0.0014635,6.832934745472606,0.01899633180994973
1787022711041,0.001463,2355543.0,0.001464,2256443.0,0.0014635,6.832934745472606,0.021487489337565203
1787022711042,0.001463,2355543.0,0.001464,2267718.0,0.0014635,6.832934745472606,0.01899633180994973
1787022711181,0.001463,2355543.0,0.001464,2395928.0,0.0014635,6.832934745472606,-0.008499473110537769
1787022711388,0.001463,1993285.0,0.001464,2395928.0,0.0014635,6.832934745472606,-0.09173466860687782
1787022711451,0.001463,2003369.0,0.001464,2395928.0,0.0014635,6.832934745472606,-0.08923221141923357
1787022711484,0.001463,2003369.0,0.001464,2267718.0,0.0014635,6.832934745472606,-0.06189267509652695
1787022711511,0.001463,1998489.0,0.001464,2267718.0,0.0014635,6.832934745472606,-0.06310734570544749
1787022711684,0.001463,1998489.0,0.001464,2395928.0,0.0014635,6.832934745472606,-0.09044180377055705
1787022711685,0.001462,28779436.0,0.001463,109413.0,0.0014625,6.837606837607745,0.992425243387163
1787022711686,0.001462,28610123.0,0.001463,109413.0,0.0014625,6.837606837607745,0.9923805872072585
1787022711687,0.001462,28570721.0,0.001463,905673.0,0.0014625,6.837606837607745,0.9385492675935869
1787022711688,0.001462,28420898.0,0.001463,925579.0,0.0014625,6.837606837607745,0.936920605495508
1787022711689,0.001462,28245587.0,0.001463,823666.0,0.0014625,6.837606837607745,0.9433307763360826
1787022711690,0.001462,28000293.0,0.001463,823666.0,0.0014625,6.837606837607745,0.9428485170964891
1787022711713,0.001462,28000293.0,0.001463,334172.0,0.0014625,6.837606837607745,0.97641233035457
1787022711714,0.001463,32553.0,0.001464,4108519.0,0.0014635,6.832934745472606,-0.9842779840582342
1787022711715,0.001463,42806.0,0.001464,3720297.0,0.0014635,6.832934745472606,-0.9772496261728685
1787022711716,0.001463,106685.0,0.001464,3720297.0,0.0014635,6.832934745472606,-0.9442458835709183
1787022711735,0.001463,96432.0,0.001464,3720297.0,0.0014635,6.832934745472606,-0.9494687728680763
1787022711736,0.001463,144909.0,0.001464,3720297.0,0.0014635,6.832934745472606,-0.9250187441497296
1787022711737,0.001463,70777.0,0.001464,3720297.0,0.0014635,6.832934745472606,-0.9626612405877596
1787022711759,0.001463,22300.0,0.001464,3720297.0,0.0014635,6.832934745472606,-0.988083141198478
1787022711760,0.001462,28004052.0,0.001463,413081.0,0.0014625,6.837606837607745,0.9709273275386366
1787022711761,0.001462,28000293.0,0.001463,1056304.0,0.0014625,6.837606837607745,0.927293344089812
1787022711762,0.001462,28000293.0,0.001463,570960.0,0.0014625,6.837606837607745,0.9600325544000468
1787022711763,0.001462,28000293.0,0.001463,771369.0,0.0014625,6.837606837607745,0.9463799484367639
1787022711764,0.001462,28000293.0,0.001463,1471810.0,0.0014625,6.837606837607745,0.9001218202854407
1787022711782,0.001462,28000293.0,0.001463,949327.0,0.0014625,6.837606837607745,0.9344152358476553
1787022711798,0.001462,28000293.0,0.001463,956164.0,0.0014625,6.837606837607745,0.9339584949912898
1787022711892,0.001462,28011576.0,0.001463,967447.0,0.0014625,6.837606837607745,0.9332312203900042
1787022711898,0.001462,28011576.0,0.001463,1139131.0,0.0014625,6.837606837607745,0.9218453946931716
1787022711943,0.001462,28772908.0,0.001463,1960310.0,0.0014625,6.837606837607745,0.8724305407914004
1787022711944,0.001462,28772908.0,0.001463,1949027.0,0.0014625,6.837606837607745,0.8731182134198253
1787022711975,0.001462,28764706.0,0.001463,1949027.0,0.0014625,6.837606837607745,0.8730843300617349
1787022711981,0.001462,28764706.0,0.001463,1919027.0,0.0014625,6.837606837607745,0.8749156760033077
1787022712039,0.001462,28764706.0,0.001463,2074761.0,0.0014625,6.837606837607745,0.8654476745658413
1787022712096,0.001462,28764706.0,0.001463,2086044.0,0.0014625,6.837606837607745,0.864765427096586
1787022712158,0.001462,28764706.0,0.001463,2089804.0,0.0014625,6.837606837607745,0.8645381825865975
1787022712201,0.001462,28764706.0,0.001463,1918120.0,0.0014625,6.837606837607745,0.874971099467826
1787022712371,0.001462,29299215.0,0.001463,1918120.0,0.0014625,6.837606837607745,0.877111867492853
1787022712580,0.001462,29299215.0,0.001463,2046330.0,0.0014625,6.837606837607745,0.8694340774741673
1787022712599,0.001462,29294186.0,0.001463,2046330.0,0.0014625,6.837606837607745,0.8694131264462908
1787022712601,0.001462,28759677.0,0.001463,2046330.0,0.0014625,6.837606837607745,0.8671473391536917
1787022712679,0.001462,28759677.0,0.001463,1918120.0,0.0014625,6.837606837607745,0.8749506035260616
1787022712805,0.001462,28930840.0,0.001463,1918120.0,0.0014625,6.837606837607745,0.8756444301525886
1787022712866,0.001462,29328405.0,0.001463,1918120.0,0.0014625,6.837606837607745,0.8772266676054378
1787022712901,0.001462,29862914.0,0.001463,1918120.0,0.0014625,6.837606837607745,0.8792915296588525
1787022713225,0.001462,29897702.0,0.001463,1918120.0,0.0014625,6.837606837607745,0.8794235145016841
1787022713582,0.001462,29897702.0,0.001463,2046330.0,0.0014625,6.837606837607745,0.8718802936335651
1787022713611,0.001462,29894005.0,0.001463,2046330.0,0.0014625,6.837606837607745,0.8718654641537104
1787022713637,0.001462,29894005.0,0.001463,1905137.0,0.0014625,6.837606837607745,0.8801768299283044
1787022713638,0.001462,29894005.0,0.001463,1831385.0,0.0014625,6.837606837607745,0.884547676167259
1787022713639,0.001462,29894005.0,0.001463,1010206.0,0.0014625,6.837606837607745,0.934623407793844
1787022713640,0.001462,29894005.0,0.001463,790881.0,0.0014625,6.837606837607745,0.9484514298016293
1787022713679,0.001462,29894005.0,0.001463,662671.0,0.0014625,6.837606837607745,0.9566267613663214
1787022713706,0.001462,29894005.0,0.001463,276770.0,0.0014625,6.837606837607745,0.9816531063587196
1787022713707,0.001462,29894005.0,0.001463,265487.0,0.0014625,6.837606837607745,0.982394464734353
1787022713708,0.001462,29894005.0,0.001463,214808.0,0.0014625,6.837606837607745,0.9857312209551403
1787022713709,0.001462,29894005.0,0.001463,226091.0,0.0014625,6.837606837607745,0.9849873652461134
1787022713889,0.001462,29879459.0,0.001463,226091.0,0.0014625,6.837606837607745,0.9849801116405447
1787022713891,0.001462,29879459.0,0.001463,11305.0,0.0014625,6.837606837607745,0.9992435790533825
1787022713892,0.001462,29708296.0,0.001463,22.0,0.0014625,6.837606837607745,0.9999985189333169
1787022713893,0.001462,29708296.0,0.001463,3782.0,0.0014625,6.837606837607745,0.99974542339314
1787022713894,0.001462,29879459.0,0.001463,3782.0,0.0014625,6.837606837607745,0.99974688153805
1787022714202,0.001462,31854554.0,0.001463,3782.0,0.0014625,6.837606837607745,0.9997625739147205
1787022714204,0.001462,31854554.0,0.001464,2907438.0,0.0014629999999999999,13.670539986329793,0.8327231650015914
1787022714205,0.001463,71518.0,0.001464,2903949.0,0.0014635,6.832934745472606,-0.9519282183267366
1787022714206,0.001463,82793.0,0.001464,3689175.0,0.0014635,6.832934745472606,-0.9561009001136808
1787022714207,0.001463,669539.0,0.001464,3386812.0,0.0014635,6.832934745472606,-0.6698811320815186
1787022714208,0.001463,658264.0,0.001464,3386812.0,0.0014635,6.832934745472606,-0.6745356576736754
1787022714209,0.001462,31675594.0,0.001463,614602.0,0.0014625,6.837606837607745,0.9619325940294695
1787022714210,0.001462,31672108.0,0.001463,512684.0,0.0014625,6.837606837607745,0.9681412264525432
1787022714211,0.001462,32034614.0,0.001463,73903.0,0.0014625,6.837606837607745,0.9953966731007851
1787022714212,0.001462,32034614.0,0.001463,125654.0,0.0014625,6.837606837607745,0.992185761636066
1787022714225,0.001462,32846882.0,0.001464,3975476.0,0.0014629999999999999,13.670539986329793,0.7840727093034074
1787022714228,0.001463,48477.0,0.001464,3613343.0,0.0014635,6.832934745472606,-0.9735230022229383
1787022714229,0.001463,125425.0,0.001464,3395230.0,0.0014635,6.832934745472606,-0.9287490537982279
1787022714266,0.001463,296471.0,0.001464,3395230.0,0.0014635,6.832934745472606,-0.839385150639231
1787022714309,0.001463,307746.0,0.001464,3406505.0,0.0014635,6.832934745472606,-0.8342890666247381
1787022714361,0.001463,307746.0,0.001464,3402746.0,0.0014635,6.832934745472606,-0.8341211893193679
1787022714362,0.001463,307746.0,0.001464,3406507.0,0.0014635,6.832934745472606,-0.8342891558544882
1787022714363,0.001463,307746.0,0.001464,3402746.0,0.0014635,6.832934745472606,-0.8341211893193679
1787022714364,0.001462,32327134.0,0.001464,3620859.0,0.0014629999999999999,13.670539986329793,0.7985501443710641
1787022714365,0.001462,32327134.0,0.001463,461558.0,0.0014625,6.837606837607745,0.9718465134260311
1787022714366,0.001462,32316134.0,0.001463,461558.0,0.0014625,6.837606837607745,0.9718370652820827
1787022714367,0.001462,32316134.0,0.001463,465318.0,0.0014625,6.837606837607745,0.971610897528273
1787022714375,0.001462,32312373.0,0.001463,465318.0,0.0014625,6.837606837607745,0.9716076400866674
1787022714445,0.001462,32323656.0,0.001463,465318.0,0.0014625,6.837606837607745,0.9716174101696503
1787022714797,0.001462,32323656.0,0.001463,472155.0,0.0014625,6.837606837607745,0.9712063836445454
1787022714805,0.001462,32494819.0,0.001463,472155.0,0.0014625,6.837606837607745,0.9713558787652151
1787022714825,0.001462,32490260.0,0.001463,472155.0,0.0014625,6.837606837607745,0.9713519170242836
1787022714827,0.001462,32490260.0,0.001463,1472155.0,0.0014625,6.837606837607745,0.9133068128400175
1787022714848,0.001462,32490260.0,0.001463,472155.0,0.0014625,6.837606837607745,0.9713519170242836
1787022714849,0.001462,32490260.0,0.001463,59074.0,0.0014625,6.837606837607745,0.9963701868677252
1787022714908,0.001462,32534099.0,0.001463,59074.0,0.0014625,6.837606837607745,0.9963750690980593
1787022715181,0.001462,32534099.0,0.001463,187284.0,0.0014625,6.837606837607745,0.9885528065852229
1787022715243,0.001462,32171593.0,0.001463,187284.0,0.0014625,6.837606837607745,0.9884245673915074
1787022715481,0.001462,32171593.0,0.001463,59074.0,0.0014625,6.837606837607745,0.99633429863552
1787022715538,0.001462,32171593.0,0.001463,10597.0,0.0014625,6.837606837607745,0.9993414369873523
1787022715546,0.001462,32985115.0,0.001463,10597.0,0.0014625,6.837606837607745,0.999357674112321
1787022715973,0.001462,32980470.0,0.001463,10597.0,0.0014625,6.837606837607745,0.9993575836756052
1787022716001,0.001462,32980470.0,0.001464,3258307.0,0.0014629999999999999,13.670539986329793,0.820175664316707
1787022716002,0.001462,32809307.0,0.001464,3254818.0,0.0014629999999999999,13.670539986329793,0.8194982964372489
1787022716003,0.001463,247277.0,0.001464,3657072.0,0.0014635,6.832934745472606,-0.8733325325169445
1787022716004,0.001463,295754.0,0.001464,2652049.0,0.0014635,6.832934745472606,-0.7993393724071792
1787022716005,0.001463,299514.0,0.001464,3041518.0,0.0014635,6.832934745472606,-0.8207056981196229
1787022716006,0.001463,299514.0,0.001464,3178176.0,0.0014635,6.832934745472606,-0.8277511796623621
1787022716007,0.001463,299514.0,0.001464,3157735.0,0.0014635,6.832934745472606,-0.8267327577504542
1787022716040,0.001463,146568.0,0.001464,3157735.0,0.0014635,6.832934745472606,-0.9112865860061865
1787022716081,0.001463,146568.0,0.001464,3285945.0,0.0014635,6.832934745472606,-0.9146001777706304
1787022716222,0.001463,146568.0,0.001464,4127720.0,0.0014635,6.832934745472606,-0.9314187532520036
1787022716223,0.001463,157843.0,0.001464,4127720.0,0.0014635,6.832934745472606,-0.9263373330411897
1787022716312,0.001463,808430.0,0.001464,4127720.0,0.0014635,6.832934745472606,-0.6724451242365002
1787022716313,0.001463,797155.0,0.001464,4127720.0,0.0014635,6.832934745472606,-0.6762740171070332
1787022716314,0.001463,1633310.0,0.001464,4127720.0,0.0014635,6.832934745472606,-0.4329798664474929
1787022716328,0.001463,1644585.0,0.001464,4127720.0,0.0014635,6.832934745472606,-0.4301808376376508
1787022716343,0.001463,1644585.0,0.001464,4123959.0,0.0014635,6.832934745472606,-0.4298093245019887
1787022716708,0.001463,1644585.0,0.001464,4144398.0,0.0014635,6.832934745472606,-0.4318224807362537
1787022716798,0.001463,1644585.0,0.001464,4151230.0,0.0014635,6.832934745472606,-0.43249223793375047
1787022716916,0.001463,1703562.0,0.001464,4151230.0,0.0014635,6.832934745472606,-0.41806233253034436
1787022716943,0.001463,1698547.0,0.001464,4151230.0,0.0014635,6.832934745472606,-0.41927803401736513
1787022716968,0.001463,1698547.0,0.001464,2617683.0,0.0014635,6.832934745472606,-0.21294880022612325
1787022716969,0.001463,2552018.0,0.001464,1747951.0,0.0014635,6.832934745472606,0.18699367367532185
1787022716970,0.001463,2552018.0,0.001464,1796428.0,0.0014635,6.832934745472606,0.17376092516728964
1787022716972,0.001464,22990.0,0.001465,3227024.0,0.0014645,6.828269033799358,-0.9858523686359505
1787022716973,0.001464,22990.0,0.001465,3223265.0,0.0014645,6.828269033799358,-0.9858359863904714
1787022716974,0.001464,952472.0,0.001465,1734955.0,0.0014645,6.828269033799358,-0.29116437395322736
1787022716975,0.001464,1073012.0,0.001465,1783432.0,0.0014645,6.828269033799358,-0.2487078339361808
1787022716978,0.001464,1073012.0,0.001465,1932247.0,0.0014645,6.828269033799358,-0.28591046562043404
1787022716991,0.001464,1059847.0,0.001465,1932247.0,0.0014645,6.828269033799358,-0.2915683798704185
1787022716993,0.001464,1059847.0,0.001465,2532247.0,0.0014645,6.828269033799358,-0.40990018635369785
1787022716994,0.001464,206376.0,0.001465,2532247.0,0.0014645,6.828269033799358,-0.8492848413235411
1787022716995,0.001464,157899.0,0.001465,2532247.0,0.0014645,6.828269033799358,-0.8826093453663854
1787022716996,0.001464,89593.0,0.001465,2559563.0,0.0014645,6.828269033799358,-0.9323610991576186
1787022717007,0.001464,100860.0,0.001465,2570830.0,0.0014645,6.828269033799358,-0.924497228346103
1787022717018,0.001463,2571458.0,0.001464,276646.0,0.0014635,6.832934745472606,0.8057332176072222
1787022717019,0.001464,274128.0,0.001465,3489405.0,0.0014645,6.828269033799358,-0.854324115133307
1787022717020,0.001464,274128.0,0.001465,3087007.0,0.0014645,6.828269033799358,-0.8368836717358868
1787022717021,0.001463,2560191.0,0.001464,487094.0,0.0014635,6.832934745472606,0.6803095214264501
1787022717022,0.001463,1630300.0,0.001464,413081.0,0.0014635,6.832934745472606,0.5956887139500661
1787022717023,0.001463,1705464.0,0.001464,468396.0,0.0014635,6.832934745472606,0.5690651651900306
1787022717088,0.001463,1705464.0,0.001464,1321867.0,0.0014635,6.832934745472606,0.12671128462662326
1787022717090,0.001463,1630300.0,0.001464,1321867.0,0.0014635,6.832934745472606,0.10447681313421632
1787022717096,0.001463,1630300.0,0.001464,1335532.0,0.0014635,6.832934745472606,0.09938796263577977
1787022717097,0.001463,1630300.0,0.001464,1349197.0,0.0014635,6.832934745472606,0.09434579058143036
1787022717107,0.001463,1641575.0,0.001464,1360472.0,0.0014635,6.832934745472606,0.09363710827978376
1787022717183,0.001463,1641575.0,0.001464,1380912.0,0.0014635,6.832934745472606,0.0862412311450802
1787022717225,0.001463,1641575.0,0.001464,2237641.0,0.0014635,6.832934745472606,-0.1536563058102462
1787022717226,0.001463,2377931.0,0.001464,2237641.0,0.0014635,6.832934745472606,0.03039493263240179
1787022717249,0.001463,2520816.0,0.001464,2237641.0,0.0014635,6.832934745472606,0.05950983690721593
1787022717303,0.001463,2691769.0,0.001464,2237641.0,0.0014635,6.832934745472606,0.0921262382313502
1787022717345,0.001463,2688008.0,0.001464,2237641.0,0.0014635,6.832934745472606,0.09143302740410451
1787022717426,0.001463,25839003.0,0.001464,2237641.0,0.0014635,6.832934745472606,0.8406048101760311
1787022717427,0.001463,25839003.0,0.001464,120685.0,0.0014635,6.832934745472606,0.9907021224600234
1787022717428,0.001463,25839003.0,0.001464,120685.0,0.0014635,6.832934745472606,0.9907021224600234
1787022717429,0.001463,25839003.0,0.001464,93920.0,0.0014635,6.832934745472606,0.992756697731297
1787022717439,0.001463,25839003.0,0.001464,97677.0,0.0014635,6.832934745472606,0.9924680413992847
1787022717655,0.001463,25839003.0,0.001465,3665085.0,0.001464,13.6612021857912,0.7515540897247867
1787022717656,0.001464,483215.0,0.001465,3661329.0,0.0014645,6.828269033799358,-0.7668187380807153
1787022717657,0.001464,657901.0,0.001465,2444201.0,0.0014645,6.828269033799358,-0.5758353529316573
1787022717658,0.001464,706378.0,0.001465,1844201.0,0.0014645,6.828269033799358,-0.44610380623380025
1787022717659,0.001464,657901.0,0.001465,1844201.0,0.0014645,6.828269033799358,-0.4741213587615533
1787022717670,0.001464,706378.0,0.001465,1844201.0,0.0014645,6.828269033799358,-0.44610380623380025
1787022717697,0.001464,711053.0,0.001465,1844201.0,0.0014645,6.828269033799358,-0.4434580671823623
1787022717698,0.001464,711053.0,0.001465,1871519.0,0.0014645,6.828269033799358,-0.44934507150236275
1787022717699,0.001464,634594.0,0.001465,1871519.0,0.0014645,6.828269033799358,-0.493563139411511
1787022717798,0.001464,634594.0,0.001465,1878347.0,0.0014645,6.828269033799358,-0.4949391967419848
1787022717833,0.001464,634594.0,0.001465,1949793.0,0.0014645,6.828269033799358,-0.508901724083893
1787022717861,0.001464,629010.0,0.001465,1949793.0,0.0014645,6.828269033799358,-0.5121690179513518
1787022717862,0.001464,629010.0,0.001465,3481511.0,0.0014645,6.828269033799358,-0.6939512047256297
1787022717883,0.001464,629010.0,0.001465,2681511.0,0.0014645,6.828269033799358,-0.6199933484789857
1787022717957,0.001464,640277.0,0.001465,2692778.0,0.0014645,6.828269033799358,-0.6158017194435735
1787022718039,0.001464,640277.0,0.001465,2722922.0,0.0014645,6.828269033799358,-0.6192452483483731
1787022718295,0.001464,640277.0,0.001465,2716094.0,0.0014645,6.828269033799358,-0.6184706637019567
1787022718564,0.001463,25675282.0,0.001464,901724.0,0.0014635,6.832934745472606,0.9321425445740578
1787022718565,0.001463,25656775.0,0.001464,1465103.0,0.0014635,6.832934745472606,0.8919615374717046
1787022718566,0.001463,24920419.0,0.001464,1345045.0,0.0014635,6.832934745472606,0.8975807166399192
1787022718568,0.001463,24920419.0,0.001464,1318786.0,0.0014635,6.832934745472606,0.8994797289018475
1787022718694,0.001463,24931694.0,0.001464,1330061.0,0.0014635,6.832934745472606,0.8987073788480625
1787022718797,0.001463,25831762.0,0.001464,1330061.0,0.0014635,6.832934745472606,0.9020639373137804
1787022718798,0.001463,25831762.0,0.001464,2079945.0,0.0014635,6.832934745472606,0.8509625369741808
1787022718802,0.001463,25831762.0,0.001464,2031468.0,0.0014635,6.832934745472606,0.8541828782951582
1787022718851,0.001463,25831762.0,0.001464,1903572.0,0.0014635,6.832934745472606,0.8627330754336688
1787022718855,0.001463,25831762.0,0.001464,875335.0,0.0014635,6.832934745472606,0.9344492589366789
1787022718856,0.001463,25831762.0,0.001464,864060.0,0.0014635,6.832934745472606,0.9352662749998858
1787022718909,0.001463,25826727.0,0.001464,864060.0,0.0014635,6.832934745472606,0.9352540635088804
1787022718911,0.001463,25826727.0,0.001464,1864060.0,0.0014635,6.832934745472606,0.8653660511707377
1787022718912,0.001463,25826727.0,0.001464,864060.0,0.0014635,6.832934745472606,0.9352540635088804
1787022718918,0.001463,25826727.0,0.001464,912537.0,0.0014635,6.832934745472606,0.9317455409393467
1787022718919,0.001463,25997773.0,0.001464,912537.0,0.0014635,6.832934745472606,0.9321793766032423
1787022718927,0.001463,25997773.0,0.001464,923812.0,0.0014635,6.832934745472606,0.9313701626408698
1787022718940,0.001463,25997773.0,0.001464,1241863.0,0.0014635,6.832934745472606,0.9088194130053721
1787022718995,0.001463,25993794.0,0.001464,1241863.0,0.0014635,6.832934745472606,0.9088060919551161
1787022718996,0.001463,25993794.0,0.001464,1841863.0,0.0014635,6.832934745472606,0.867661611148607
1787022719039,0.001463,25993794.0,0.001464,1990102.0,0.0014635,6.832934745472606,0.8577680534547442
1787022719040,0.001463,25993794.0,0.001464,1978827.0,0.0014635,6.832934745472606,0.8585168690484886
1787022719041,0.001463,25993794.0,0.001464,1990102.0,0.0014635,6.832934745472606,0.8577680534547442
1787022719062,0.001463,25993794.0,0.001464,2801165.0,0.0014635,6.832934745472606,0.8054405981269152
1787022719063,0.001463,25093726.0,0.001464,2801165.0,0.0014635,6.832934745472606,0.7991628646263575
1787022719107,0.001463,25093726.0,0.001464,2201165.0,0.0014635,6.832934745472606,0.8387123070028014
1787022719265,0.001463,25920927.0,0.001464,2201165.0,0.0014635,6.832934745472606,0.8434565252115668
1787022719276,0.001463,25920927.0,0.001464,1736778.0,0.0014635,6.832934745472606,0.8744091022736702
1787022719278,0.001463,25920927.0,0.001464,1688301.0,0.0014635,6.832934745472606,0.8777002384854803
1787022719296,0.001463,25920927.0,0.001464,1681469.0,0.0014635,6.832934745472606,0.8781649969806969
1787022719347,0.001463,25920927.0,0.001464,1729946.0,0.0014635,6.832934745472606,0.8748722327862849
1787022719533,0.001463,25869391.0,0.001464,1729946.0,0.0014635,6.832934745472606,0.8746385828036376
1787022719535,0.001463,25873151.0,0.001464,1729946.0,0.0014635,6.832934745472606,0.8746556591095557
1787022719741,0.001463,25873151.0,0.001464,1724479.0,0.0014635,6.832934745472606,0.875027022247925
1787022719798,0.001463,25873151.0,0.001464,1731311.0,0.0014635,6.832934745472606,0.8745629601475298
1787022719799,0.001463,25873151.0,0.001464,1720036.0,0.0014635,6.832934745472606,0.8753289353636461
1787022719800,0.001463,25873151.0,0.001464,1731311.0,0.0014635,6.832934745472606,0.8745629601475298
1787022719906,0.001463,25873151.0,0.001464,1663284.0,0.0014635,6.832934745472606,0.8791939479456945
1787022720002,0.001463,25906920.0,0.001464,1663284.0,0.0014635,6.832934745472606,0.8793419156419735
1787022720027,0.001463,25906920.0,0.001464,1345233.0,0.0014635,6.832934745472606,0.9012751029248955
1787022720039,0.001463,25906920.0,0.001464,1196994.0,0.0014635,6.832934745472606,0.9116737162020216
1787022720060,0.001463,25901993.0,0.001464,1196994.0,0.0014635,6.832934745472606,0.9116576571662992
1787022720061,0.001463,25901993.0,0.001464,1596994.0,0.0014635,6.832934745472606,0.8838507033004525
1787022720203,0.001463,25897895.0,0.001464,1596994.0,0.0014635,6.832934745472606,0.8838333917260041
1787022720298,0.001463,25897895.0,0.001464,1590162.0,0.0014635,6.832934745472606,0.8843016077855194
1787022720477,0.001463,25859157.0,0.001464,1590162.0,0.0014635,6.832934745472606,0.8841383278033237
1787022720478,0.001463,25859157.0,0.001464,2190162.0,0.0014635,6.832934745472606,0.8438349251901623
1787022720490,0.001463,25859157.0,0.001464,1590162.0,0.0014635,6.832934745472606,0.8841383278033237
1787022720492,0.001463,25859157.0,0.001464,1578887.0,0.0014635,6.832934745472606,0.8849125688405486
1787022720493,0.001463,25859157.0,0.001464,1590162.0,0.0014635,6.832934745472606,0.8841383278033237
1787022720539,0.001463,25859157.0,0.001464,3757.0,0.0014635,6.832934745472606,0.9997094681596977
1787022720540,0.001463,25676428.0,0.001464,3757.0,0.0014635,6.832934745472606,0.9997074008617929
1787022720541,0.001463,25676428.0,0.001464,1491006.0,0.0014635,6.832934745472606,0.8902357874505189
1787022720542,0.001463,25676428.0,0.001464,1568239.0,0.0014635,6.832934745472606,0.8848773596682242
1787022720546,0.001463,25676428.0,0.001464,568239.0,0.0014635,6.832934745472606,0.9566968024399014
1787022720551,0.001463,25676428.0,0.001464,519762.0,0.0014635,6.832934745472606,0.9603177408623162
1787022720552,0.001464,138142.0,0.001465,2735279.0,0.0014645,6.828269033799358,-0.9038484092654714
1787022720553,0.001464,148388.0,0.001465,2718800.0,0.0014645,6.828269033799358,-0.896492312328316
1787022720554,0.001464,213695.0,0.001465,2263687.0,0.0014645,6.828269033799358,-0.8274832060618831
1787022720555,0.001464,213695.0,0.001465,2597394.0,0.0014645,6.828269033799358,-0.8479628357551112
1787022720556,0.001464,1141028.0,0.001465,2563959.0,0.0014645,6.828269033799358,-0.3840582976404506
1787022720557,0.001464,2037931.0,0.001465,2563959.0,0.0014645,6.828269033799358,-0.11430694779753536
1787022720567,0.001464,2043053.0,0.001465,2563959.0,0.0014645,6.828269033799358,-0.11306807970111647
1787022720576,0.001464,2054320.0,0.001465,2563959.0,0.0014645,6.828269033799358,-0.11035257939158721
1787022720617,0.001464,2054320.0,0.001465,2575226.0,0.0014645,6.828269033799358,-0.112517728520248
1787022720832,0.001464,2054320.0,0.001465,2503780.0,0.0014645,6.828269033799358,-0.09860687567188083
1787022720956,0.001464,1212990.0,0.001465,2503780.0,0.0014645,6.828269033799358,-0.34728810230388213
1787022720957,0.001463,24826112.0,0.001464,522268.0,0.0014635,6.832934745472606,0.9587927907029956
1787022720958,0.001463,24814844.0,0.001464,389022.0,0.0014635,6.832934745472606,0.9691299739492346
1787022720959,0.001463,25169859.0,0.001464,437499.0,0.0014635,6.832934745472606,0.9658302117696015
1787022720960,0.001463,25169859.0,0.001464,48477.0,0.0014635,6.832934745472606,0.9961554164398476
1787022720961,0.001463,25306564.0,0.001464,48477.0,0.0014635,6.832934745472606,0.9961761450119525
1787022721009,0.001463,25306564.0,0.001464,52234.0,0.0014635,6.832934745472606,0.9958804041106365
1787022721042,0.001463,25477610.0,0.001464,52234.0,0.0014635,6.832934745472606,0.9959080047649331
1787022721113,0.001463,25488885.0,0.001464,63509.0,0.0014635,6.832934745472606,0.9950291154715288
1787022721141,0.001463,25484970.0,0.001464,63509.0,0.0014635,6.832934745472606,0.9950283537427023
1787022721205,0.001463,26348907.0,0.001464,63509.0,0.0014635,6.832934745472606,0.995190973820797
1787022721207,0.001463,26348907.0,0.001465,2466858.0,0.001464,13.6612021857912,0.8287841395152966
1787022721208,0.001464,1000478.0,0.001465,2124751.0,0.0014645,6.828269033799358,-0.3597409981796534
1787022721209,0.001464,1076893.0,0.001465,2590165.0,0.0014645,6.828269033799358,-0.41266650268416805
1787022721210,0.001464,1080650.0,0.001465,1921313.0,0.0014645,6.828269033799358,-0.280037761957759
1787022721214,0.001464,1080650.0,0.001465,1872836.0,0.0014645,6.828269033799358,-0.2682206721142406
1787022721229,0.001464,1080650.0,0.001465,1869077.0,0.0014645,6.828269033799358,-0.2672881253078675
1787022721250,0.001464,1080650.0,0.001465,1865318.0,0.0014645,6.828269033799358,-0.2663531986769714
1787022721257,0.001464,1085772.0,0.001465,1865318.0,0.0014645,6.828269033799358,-0.26415527821923424
1787022721299,0.001464,1092600.0,0.001465,1865318.0,0.0014645,6.828269033799358,-0.26123712692508716
1787022721327,0.001464,1103867.0,0.001465,1876585.0,0.0014645,6.828269033799358,-0.25926201797579695
1787022721349,0.001464,1107454.0,0.001465,1876585.0,0.0014645,6.828269033799358,-0.2577483069088574
1787022721358,0.001464,1107454.0,0.001465,1872826.0,0.0014645,6.828269033799358,-0.2568121116136739
1787022721367,0.001464,1107454.0,0.001465,1772827.0,0.0014645,6.828269033799358,-0.23100975217348585
1787022721438,0.001464,1107454.0,0.001465,1889520.0,0.0014645,6.828269033799358,-0.26095188012975756
1787022721439,0.001464,1909625.0,0.001465,1889520.0,0.0014645,6.828269033799358,0.0052919801692222854
1787022721494,0.001464,1909625.0,0.001465,2831275.0,0.0014645,6.828269033799358,-0.19440401611508362
1787022721496,0.001464,1107454.0,0.001465,2831275.0,0.0014645,6.828269033799358,-0.43765920427630334
1787022721497,0.001464,1096187.0,0.001465,2831275.0,0.0014645,6.828269033799358,-0.4417835233033445
1787022721498,0.001464,1107454.0,0.001465,2831275.0,0.0014645,6.828269033799358,-0.43765920427630334
1787022721537,0.001464,1136599.0,0.001465,2831275.0,0.0014645,6.828269033799358,-0.4270992476071569
1787022721547,0.001464,1136599.0,0.001465,2694663.0,0.0014645,6.828269033799358,-0.40667122217170215
1787022721564,0.001464,1136599.0,0.001465,2667914.0,0.0014645,6.828269033799358,-0.402499610331204
1787022721571,0.001464,1307528.0,0.001465,2667914.0,0.0014645,6.828269033799358,-0.34219742106663864
1787022721598,0.001464,1307528.0,0.001465,2301949.0,0.0014645,6.828269033799358,-0.27550279444916814
1787022721663,0.001464,1232994.0,0.001465,2301949.0,0.0014645,6.828269033799358,-0.3023966723084361
1787022721664,0.001464,1281471.0,0.001465,2301949.0,0.0014645,6.828269033799358,-0.28477767049355085
1787022721665,0.001464,1281471.0,0.001465,2350426.0,0.0014645,6.828269033799358,-0.29432415071242385
1787022721692,0.001464,1235707.0,0.001465,2350426.0,0.0014645,6.828269033799358,-0.31084151089767165
1787022721693,0.001464,1138159.0,0.001465,2350426.0,0.0014645,6.828269033799358,-0.347495331201619
1787022721694,0.001464,1112290.0,0.001465,2350426.0,0.0014645,6.828269033799358,-0.35756209865319594
1787022721696,0.001464,1024792.0,0.001465,2350426.0,0.0014645,6.828269033799358,-0.392755075375872
1787022721699,0.001464,1002599.0,0.001465,2350426.0,0.0014645,6.828269033799358,-0.4019734418920229
1787022721702,0.001464,945005.0,0.001465,2350426.0,0.0014645,6.828269033799358,-0.42647562640516523
1787022721711,0.001464,840729.0,0.001465,2350426.0,0.0014645,6.828269033799358,-0.4730879571816474
1787022721726,0.001464,348264.0,0.001465,2350426.0,0.0014645,6.828269033799358,-0.741901441069556
1787022721727,0.001464,336997.0,0.001465,2350426.0,0.0014645,6.828269033799358,-0.7492043492967054
1787022721729,0.001464,159195.0,0.001465,2350426.0,0.0014645,6.828269033799358,-0.8731322378956823
1787022721730,0.001464,162952.0,0.001465,2823749.0,0.0014645,6.828269033799358,-0.890881611517189
1787022721731,0.001463,26370932.0,0.001464,1007068.0,0.0014635,6.832934745472606,0.9264323179194974
1787022721732,0.001463,26355905.0,0.001464,1662513.0,0.0014635,6.832934745472606,0.8813271327453249
1787022721733,0.001463,26268597.0,0.001464,1552435.0,0.0014635,6.832934745472606,0.8883984605603416
1787022721734,0.001463,26268597.0,0.001464,2521658.0,0.0014635,6.832934745472606,0.8248255876858333
1787022721737,0.001463,26201724.0,0.001464,2521658.0,0.0014635,6.832934745472606,0.8244177513636799
1787022721739,0.001463,26201724.0,0.001464,2473181.0,0.0014635,6.832934745472606,0.8275020614715202
1787022721785,0.001463,26201724.0,0.001464,1988384.0,0.0014635,6.832934745472606,0.8589303737325164
1787022721799,0.001463,25418829.0,0.001464,1988384.0,0.0014635,6.832934745472606,0.854900678883329
1787022721804,0.001463,25418829.0,0.001464,1995216.0,0.0014635,6.832934745472606,0.8544384092168813
1787022721861,0.001463,25418829.0,0.001464,1977798.0,0.0014635,6.832934745472606,0.8556174086685927
1787022721907,0.001463,25430104.0,0.001464,1989073.0,0.0014635,6.832934745472606,0.8549137342816672
1787022721909,0.001463,25430104.0,0.001464,2037550.0,0.0014635,6.832934745472606,0.8516400417742265
1787022721964,0.001463,25067846.0,0.001464,2037550.0,0.0014635,6.832934745472606,0.8496572416798486
1787022722004,0.001463,25976510.0,0.001464,2037550.0,0.0014635,6.832934745472606,0.8545337591195279
1787022722012,0.001463,25976510.0,0.001464,1989073.0,0.0014635,6.832934745472606,0.857748504653023
1787022722104,0.001463,26147556.0,0.001464,1989073.0,0.0014635,6.832934745472606,0.8586132688461009
1787022722193,0.001463,26140949.0,0.001464,1989073.0,0.0014635,6.832934745472606,0.8585800608332265
1787022722198,0.001463,26140949.0,0.001464,1593410.0,0.0014635,6.832934745472606,0.8850948745561417
1787022722298,0.001463,26140949.0,0.001464,1586578.0,0.0014635,6.832934745472606,0.8855593576736938
1787022722637,0.001463,25232285.0,0.001464,1635055.0,0.0014635,6.832934745472606,0.8782867972787779
1787022722721,0.001463,25406208.0,0.001464,1635055.0,0.0014635,6.832934745472606,0.8790696277758919
1787022722751,0.001463,25406208.0,0.001464,1498397.0,0.0014635,6.832934745472606,0.8886140866963109
1787022722798,0.001463,25406208.0,0.001464,1139014.0,0.0014635,6.832934745472606,0.9141831249329917
1787022722894,0.001463,26174311.0,0.001464,1139014.0,0.0014635,6.832934745472606,0.9165964597865693
1787022722987,0.001463,26174311.0,0.001464,842254.0,0.0014635,6.832934745472606,0.9376490682660804
1787022722988,0.001463,26174311.0,0.001464,806976.0,0.0014635,6.832934745472606,0.9401825420707322
1787022723002,0.001463,26174311.0,0.001464,855453.0,0.0014635,6.832934745472606,0.9367028879719409
1787022723093,0.001463,26174311.0,0.001465,2735796.0,0.001464,13.6612021857912,0.8107377464912184
1787022723094,0.001464,70350.0,0.001465,2720987.0,0.0014645,6.828269033799358,-0.949594047583649
1787022723095,0.001464,241279.0,0.001465,3098224.0,0.0014645,6.828269033799358,-0.8555000549482962
1787022723096,0.001464,245036.0,0.001465,3237900.0,0.0014645,6.828269033799358,-0.8592934237091925
1787022723097,0.001464,1235268.0,0.001465,3237900.0,0.0014645,6.828269033799358,-0.4476988121170499
1787022723098,0.001464,1235268.0,0.001465,3486221.0,0.0014645,6.828269033799358,-0.4767464246978019
1787022723100,0.001464,1653393.0,0.001465,3486221.0,0.0014645,6.828269033799358,-0.35660810325444675
1787022723121,0.001464,1658515.0,0.001465,3486221.0,0.0014645,6.828269033799358,-0.35525749037462756
1787022723215,0.001464,1669782.0,0.001465,3497488.0,0.0014645,6.828269033799358,-0.35370824439210646
1787022723317,0.001464,2194405.0,0.001465,3497488.0,0.0014645,6.828269033799358,-0.22893666483189337
1787022723352,0.001464,2194405.0,0.001465,3493729.0,0.0014645,6.828269033799358,-0.22842710808149033
1787022723423,0.001464,2187936.0,0.001465,3493729.0,0.0014645,6.828269033799358,-0.2298257641026002
1787022723617,0.001464,2985451.0,0.001465,3493729.0,0.0014645,6.828269033799358,-0.07844789001077297
1787022723645,0.001464,2187936.0,0.001465,3493729.0,0.0014645,6.828269033799358,-0.2298257641026002
1787022723646,0.001464,2176669.0,0.001465,3493729.0,0.0014645,6.828269033799358,-0.23226941036590376
1787022723648,0.001464,2187936.0,0.001465,3493729.0,0.0014645,6.828269033799358,-0.2298257641026002
1787022723849,0.001464,2936986.0,0.001465,3493729.0,0.0014645,6.828269033799358,-0.08657559851431762
1787022724049,0.001464,2936986.0,0.001465,3445252.0,0.0014645,6.828269033799358,-0.07963758167589488
1787022724098,0.001464,2936986.0,0.001465,3056049.0,0.0014645,6.828269033799358,-0.019866895487845475
1787022724099,0.001464,2936986.0,0.001465,2689959.0,0.0014645,6.828269033799358,0.043900731213829175
1787022724100,0.001464,2936986.0,0.001465,2553347.0,0.0014645,6.828269033799358,0.06987536092983795
1787022724105,0.001464,2936986.0,0.001465,1611592.0,0.0014645,6.828269033799358,0.2913864508864089
1787022724144,0.001464,2936986.0,0.001465,1209613.0,0.0014645,6.828269033799358,0.41657584926827984
1787022724501,0.001464,2932065.0,0.001465,1209613.0,0.0014645,6.828269033799358,0.41588264466720976
1787022724591,0.001464,2932065.0,0.001465,2151368.0,0.0014645,6.828269033799358,0.15357672659401628
1787022724592,0.001464,2183015.0,0.001465,2151368.0,0.0014645,6.828269033799358,0.007301385225994103
1787022724594,0.001464,2183015.0,0.001465,2199845.0,0.0014645,6.828269033799358,-0.0038399583833387332
1787022724805,0.001464,2919205.0,0.001465,2199845.0,0.0014645,6.828269033799358,0.140526074173919
1787022724807,0.001464,2907938.0,0.001465,2151368.0,0.0014645,6.828269033799358,0.14954027291490177
1787022724809,0.001464,2919205.0,0.001465,2151368.0,0.0014645,6.828269033799358,0.15143002575843006
1787022725040,0.001464,2915075.0,0.001465,2151368.0,0.0014645,6.828269033799358,0.15073829903938524
1787022725585,0.001464,2912279.0,0.001465,2151368.0,0.0014645,6.828269033799358,0.15026936119362191
1787022725811,0.001464,2912279.0,0.001465,2065132.0,0.0014645,6.828269033799358,0.1701983219790369
1787022725812,0.001464,2931251.0,0.001465,2065132.0,0.0014645,6.828269033799358,0.1733492008118673
1787022725814,0.001464,2931251.0,0.001465,1978896.0,0.0014645,6.828269033799358,0.19395651494751584
1787022725815,0.001464,2931251.0,0.001465,1029629.0,0.0014645,6.828269033799358,0.48010088667164874
1787022725817,0.001464,2931251.0,0.001465,1040896.0,0.0014645,6.828269033799358,0.4759025786306499
1787022725818,0.001464,2931251.0,0.001465,38335.0,0.0014645,6.828269033799358,0.9741815862547843
1787022725819,0.001464,3024634.0,0.001465,38335.0,0.0014645,6.828269033799358,0.9749687313191874
1787022725824,0.001464,3024634.0,0.001466,3007405.0,0.0014650000000000002,13.651877133106131,0.0028562481111279285
1787022725825,0.001465,23436.0,0.001466,2853430.0,0.0014655,6.823609689526665,-0.9837072703421015
1787022725826,0.001465,155800.0,0.001466,3513145.0,0.0014655,6.823609689526665,-0.9150709536392614
1787022725827,0.001465,1216156.0,0.001466,2938527.0,0.0014655,6.823609689526665,-0.41456135161214464
1787022725828,0.001465,1216156.0,0.001466,2917044.0,0.0014655,6.823609689526665,-0.4115184360785832
1787022725829,0.001465,1219911.0,0.001466,2917044.0,0.0014655,6.823609689526665,-0.41023723970891635
1787022725830,0.001465,2161666.0,0.001466,2917044.0,0.0014655,6.823609689526665,-0.14873422581718587
1787022725840,0.001465,2161666.0,0.001466,3196921.0,0.0014655,6.823609689526665,-0.19319551963978565
1787022725842,0.001465,2161666.0,0.001466,3190249.0,0.0014655,6.823609689526665,-0.1921897115331615
1787022725843,0.001465,2161666.0,0.001466,2910372.0,0.0014655,6.823609689526665,-0.14761443033352667
1787022725898,0.001465,2161666.0,0.001466,2924020.0,0.0014655,6.823609689526665,-0.14990190113978724
1787022725899,0.001465,2161666.0,0.001466,2937668.0,0.0014655,6.823609689526665,-0.1521771274444859
1787022725954,0.001465,2172925.0,0.001466,2948927.0,0.0014655,6.823609689526665,-0.1515080873090437
1787022726018,0.001465,1283382.0,0.001466,2948927.0,0.0014655,6.823609689526665,-0.3935310488908064
1787022726020,0.001465,1234905.0,0.001466,2948927.0,0.0014655,6.823609689526665,-0.40967753963352255
1787022726028,0.001465,293150.0,0.001466,2948927.0,0.0014655,6.823609689526665,-0.8191591377996266
1787022726029,0.001465,216504.0,0.001466,2948927.0,0.0014655,6.823609689526665,-0.8632072536093821
1787022726122,0.001465,216504.0,0.001466,3228804.0,0.0014655,6.823609689526665,-0.8743195093152775
1787022726124,0.001464,1663473.0,0.001466,3228804.0,0.0014650000000000002,13.651877133106131,-0.31995960163334985
1787022726125,0.001464,1566607.0,0.001465,1222817.0,0.0014645,6.828269033799358,0.12324766690184066
1787022726126,0.001464,1614917.0,0.001465,1004704.0,0.0014645,6.828269033799358,0.23293942138958268
1787022726127,0.001464,1976928.0,0.001465,692478.0,0.0014645,6.828269033799358,0.4811744635323364
1787022726128,0.001464,2078609.0,0.001465,692478.0,0.0014645,6.828269033799358,0.5002120106658506
1787022726129,0.001464,2129449.0,0.001465,533213.0,0.0014645,6.828269033799358,0.5994887822787872
1787022726130,0.001464,2140716.0,0.001465,472825.0,0.0014645,6.828269033799358,0.6381728849863079
1787022726189,0.001464,1880149.0,0.001465,472825.0,0.0014645,6.828269033799358,0.5981043564442277
1787022726218,0.001464,2747820.0,0.001465,472825.0,0.0014645,6.828269033799358,0.7063786912248944
1787022726286,0.001464,2747820.0,0.001465,476580.0,0.0014645,6.828269033799358,0.7043915147004094
1787022726299,0.001464,2754648.0,0.001465,476580.0,0.0014645,6.828269033799358,0.7050161734176604
1787022726374,0.001464,2750892.0,0.001465,476580.0,0.0014645,6.828269033799358,0.7046728832968961
1787022726587,0.001464,3163526.0,0.001465,476580.0,0.0014645,6.828269033799358,0.7381504824310061
1787022726613,0.001464,3163526.0,0.001465,428103.0,0.0014645,6.828269033799358,0.7616106786085088
1787022726671,0.001464,3157556.0,0.001465,428103.0,0.0014645,6.828269033799358,0.7612137685150763
1787022726672,0.001464,3157556.0,0.001465,1228103.0,0.0014645,6.828269033799358,0.43994596935147035
1787022726673,0.001464,3157556.0,0.001465,1228103.0,0.0014645,6.828269033799358,0.43994596935147035
1787022726674,0.001464,3157556.0,0.001465,1276580.0,0.0014645,6.828269033799358,0.4242034975923156
1787022726694,0.001464,3157556.0,0.001465,1456918.0,0.0014645,6.828269033799358,0.3685442804532001
1787022726698,0.001464,3149365.0,0.001465,1456918.0,0.0014645,6.828269033799358,0.36742141114647103
1787022726799,0.001464,3142537.0,0.001465,1456918.0,0.0014645,6.828269033799358,0.36648233323295915
1787022726805,0.001464,3313466.0,0.001465,1456918.0,0.0014645,6.828269033799358,0.3891820868089445
1787022727005,0.001464,3313466.0,0.001465,1408441.0,0.0014645,6.828269033799358,0.40344398989645497
1787022727109,0.001464,3397852.0,0.001465,1408441.0,0.0014645,6.828269033799358,0.41391796130614594
1787022727185,0.001464,3035841.0,0.001465,1408441.0,0.0014645,6.828269033799358,0.3661783838199286
1787022727186,0.001464,3024574.0,0.001465,1408441.0,0.0014645,6.828269033799358,0.3645674557834792
1787022727187,0.001464,3035841.0,0.001465,1408441.0,0.0014645,6.828269033799358,0.3661783838199286
1787022727259,0.001464,3035841.0,0.001465,1073837.0,0.0014645,6.828269033799358,0.47741063898436814
1787022727260,0.001464,3035841.0,0.001465,995360.0,0.0014645,6.828269033799358,0.5061719819974246
1787022727261,0.001465,375453.0,0.001466,3080817.0,0.0014655,6.823609689526665,-0.7827409316980444
1787022727262,0.001465,1279675.0,0.001466,1895348.0,0.0014655,6.823609689526665,-0.19391135119336145
1787022727263,0.001465,2414091.0,0.001466,3051437.0,0.0014655,6.823609689526665,-0.1166119723474109
1787022727264,0.001465,2462568.0,0.001466,3298154.0,0.0014655,6.823609689526665,-0.14504883242065839
1787022727283,0.001465,2462568.0,0.001466,3018277.0,0.0014655,6.823609689526665,-0.10139111761051443
1787022727328,0.001465,1576798.0,0.001466,3018277.0,0.0014655,6.823609689526665,-0.31370086451254875
1787022727329,0.001465,1566559.0,0.001466,3018277.0,0.0014655,6.823609689526665,-0.3166346626138863
1787022727330,0.001465,672576.0,0.001466,3018277.0,0.0014655,6.823609689526665,-0.6355444120911887
1787022727331,0.001465,624099.0,0.001466,3018277.0,0.0014655,6.823609689526665,-0.6573121500910395
1787022727338,0.001465,672576.0,0.001466,3018277.0,0.0014655,6.823609689526665,-0.6355444120911887
1787022727368,0.001465,672576.0,0.001466,3014524.0,0.0014655,6.823609689526665,-0.63517344254292
1787022727462,0.001465,676160.0,0.001466,3014524.0,0.0014655,6.823609689526665,-0.6335855359060814
1787022727486,0.001465,652729.0,0.001466,3014524.0,0.0014655,6.823609689526665,-0.6440229239706123
1787022727502,0.001465,657095.0,0.001466,3014524.0,0.0014655,6.823609689526665,-0.6420679814545027
1787022727503,0.001465,668354.0,0.001466,3025783.0,0.0014655,6.823609689526665,-0.638154188650827
1787022727533,0.001465,668354.0,0.001466,3305660.0,0.0014655,6.823609689526665,-0.6636378231178853
1787022727583,0.001465,668354.0,0.001466,3025783.0,0.0014655,6.823609689526665,-0.638154188650827
1787022727634,0.001465,343497.0,0.001466,3025783.0,0.0014655,6.823609689526665,-0.7961006505841011
1787022727635,0.001465,267855.0,0.001466,3025783.0,0.0014655,6.823609689526665,-0.8373500670079711
1787022727636,0.001465,193777.0,0.001466,3025783.0,0.0014655,6.823609689526665,-0.879625166171775
1787022727655,0.001465,193777.0,0.001466,3312361.0,0.0014655,6.823609689526665,-0.8894641340415009
1787022727661,0.001465,186854.0,0.001466,3312361.0,0.0014655,6.823609689526665,-0.8932023325231516
1787022727718,0.001464,2414773.0,0.001465,583613.0,0.0014645,6.828269033799358,0.6107152314611928
1787022727719,0.001464,1503970.0,0.001465,692465.0,0.0014645,6.828269033799358,0.3694646096970773
1787022727720,0.001464,1850965.0,0.001465,740046.0,0.0014645,6.828269033799358,0.42875888986963007
1787022727721,0.001464,1850965.0,0.001465,817374.0,0.0014645,6.828269033799358,0.38735370580724565
1787022727727,0.001464,1850965.0,0.001465,865851.0,0.0014645,6.828269033799358,0.36259871849989106
1787022727732,0.001464,1850965.0,0.001465,869606.0,0.0014645,6.828269033799358,0.3607180257379793
1787022727733,0.001464,1850965.0,0.001465,760754.0,0.0014645,6.828269033799358,0.4174304356632547
1787022727734,0.001464,1850965.0,0.001465,712277.0,0.0014645,6.828269033799358,0.4442374149612093
1787022727753,0.001464,1850965.0,0.001465,494164.0,0.0014645,6.828269033799358,0.5785613499300039
1787022727846,0.001464,1862232.0,0.001465,494164.0,0.0014645,6.828269033799358,0.5805764396137152
1787022727847,0.001464,1862232.0,0.001465,505431.0,0.0014645,6.828269033799358,0.5730549491207152
1787022727855,0.001464,1862232.0,0.001465,852087.0,0.0014645,6.828269033799358,0.3721541204257864
1787022727922,0.001464,2621883.0,0.001465,852087.0,0.0014645,6.828269033799358,0.5094448138584962
1787022728130,0.001464,3015165.0,0.001465,852087.0,0.0014645,6.828269033799358,0.5593320528375187
1787022728221,0.001464,3015165.0,0.001466,4548653.0,0.0014650000000000002,13.651877133106131,-0.20273993900963772
1787022728222,0.001465,413081.0,0.001466,3855304.0,0.0014655,6.823609689526665,-0.806446232005782
1787022728223,0.001465,681786.0,0.001466,3250679.0,0.0014655,6.823609689526665,-0.653252603646822
1787022728224,0.001465,2373676.0,0.001466,2716719.0,0.0014655,6.823609689526665,-0.06739025164058977
1787022728225,0.001465,2362417.0,0.001466,379479.0,0.0014655,6.823609689526665,0.7231995670149415
1787022728226,0.001465,2353895.0,0.001466,379479.0,0.0014655,6.823609689526665,0.7223365701144446
1787022728227,0.001466,10232.0,0.001467,4626694.0,0.0014665,6.818956699624384,-0.9955867313819543
1787022728228,0.001466,10232.0,0.001467,3830888.0,0.0014665,6.818956699624384,-0.9946723872203941
1787022728229,0.001466,87003.0,0.001467,3872566.0,0.0014665,6.818956699624384,-0.9560543079309894
1787022728230,0.001466,132008.0,0.001467,4562985.0,0.0014665,6.818956699624384,-0.9437664763291447
1787022728231,0.001466,83531.0,0.001467,4964416.0,0.0014665,6.818956699624384,-0.9669049615616012
1787022728232,0.001465,2324008.0,0.001466,108766.0,0.0014655,6.823609689526665,0.9105827339489817
1787022728233,0.001465,2320529.0,0.001466,326298.0,0.0014655,6.823609689526665,0.753442140343891
1787022728234,0.001465,2320529.0,0.001466,108766.0,0.0014655,6.823609689526665,0.9104546792382152
1787022728237,0.001465,2320529.0,0.001466,357106.0,0.0014655,6.823609689526665,0.7332676036875825
1787022728239,0.001465,2457048.0,0.001466,357106.0,0.0014655,6.823609689526665,0.7462072082764483
1787022728240,0.001465,2457048.0,0.001466,636983.0,0.0014655,6.823609689526665,0.5882504086093514
1787022728242,0.001465,2457048.0,0.001466,685460.0,0.0014655,6.823609689526665,0.5637497183778053
1787022728254,0.001465,2457048.0,0.001466,405583.0,0.0014655,6.823609689526665,0.7166361993564662
1787022728256,0.001465,2457048.0,0.001466,296817.0,0.0014655,6.823609689526665,0.7844360562336934
1787022728298,0.001465,2457048.0,0.001466,248340.0,0.0014655,6.823609689526665,0.8164108068787176
1787022728359,0.001465,2457048.0,0.001466,252096.0,0.0014655,6.823609689526665,0.8138925062676624
1787022728362,0.001465,2457048.0,0.001466,300573.0,0.0014655,6.823609689526665,0.7820055765458706
1787022728372,0.001465,2457048.0,0.001466,296817.0,0.0014655,6.823609689526665,0.7844360562336934
1787022728393,0.001465,2457048.0,0.001466,1296817.0,0.0014655,6.823609689526665,0.3090763786124434
1787022728405,0.001465,2460804.0,0.001466,1296817.0,0.0014655,6.823609689526665,0.30976700417631264
1787022728407,0.001465,1678895.0,0.001466,2062127.0,0.0014655,6.823609689526665,-0.10244045611065639
1787022728409,0.001465,681982.0,0.001466,2062127.0,0.0014655,6.823609689526665,-0.5029483158285623
1787022728411,0.001465,605588.0,0.001466,2062127.0,0.0014655,6.823609689526665,-0.545987483670482
1787022728412,0.001465,557111.0,0.001466,2062127.0,0.0014655,6.823609689526665,-0.5746007044796998
1787022728414,0.001465,605588.0,0.001466,2062127.0,0.0014655,6.823609689526665,-0.545987483670482
1787022728432,0.001465,616847.0,0.001466,2073386.0,0.0014655,6.823609689526665,-0.5414174162609707
1787022728499,0.001465,616847.0,0.001466,2087036.0,0.0014655,6.823609689526665,-0.5437324765901483
1787022728500,0.001465,616847.0,0.001466,2100686.0,0.0014655,6.823609689526665,-0.546024280109938
1787022728612,0.001465,1498698.0,0.001466,2100686.0,0.0014655,6.823609689526665,-0.16724750679560724
1787022728613,0.001465,1487439.0,0.001466,2100686.0,0.0014655,6.823609689526665,-0.17091015502525692
1787022728638,0.001465,1498698.0,0.001466,2100686.0,0.0014655,6.823609689526665,-0.16724750679560724
1787022728693,0.001465,1498698.0,0.001466,2104438.0,0.0014655,6.823609689526665,-0.16811466455887317
1787022728777,0.001465,1492691.0,0.001466,2104438.0,0.0014655,6.823609689526665,-0.17006534933831954
1787022728793,0.001465,1605888.0,0.001466,2104438.0,0.0014655,6.823609689526665,-0.13436824688720075
1787022728805,0.001465,1776701.0,0.001466,2104438.0,0.0014655,6.823609689526665,-0.0844435100108499
1787022728809,0.001465,1776701.0,0.001466,2189043.0,0.0014655,6.823609689526665,-0.10397595003610924
1787022728838,0.001465,1776701.0,0.001466,1189043.0,0.0014655,6.823609689526665,0.1981485927308628
1787022729163,0.001465,2043206.0,0.001466,1189043.0,0.0014655,6.823609689526665,0.264262747084151
1787022729381,0.001465,2769798.0,0.001466,1189043.0,0.0014655,6.823609689526665,0.3992974206339684
1787022729666,0.001465,2918763.0,0.001466,1189043.0,0.0014655,6.823609689526665,0.42108122924987207
1787022729764,0.001465,3669165.0,0.001466,1189043.0,0.0014655,6.823609689526665,0.510501402986451
1787022729765,0.001465,3657906.0,0.001466,1189043.0,0.0014655,6.823609689526665,0.5093643444566881
1787022729767,0.001465,3669165.0,0.001466,1189043.0,0.0014655,6.823609689526665,0.510501402986451
1787022729801,0.001465,3662345.0,0.001466,1189043.0,0.0014655,6.823609689526665,0.5098132740568266
1787022729802,0.001465,3662345.0,0.001466,1789043.0,0.0014655,6.823609689526665,0.34363762036384127
1787022729804,0.001465,3662345.0,0.001466,1189043.0,0.0014655,6.823609689526665,0.5098132740568266
1787022729805,0.001465,3662345.0,0.001466,1189043.0,0.0014655,6.823609689526665,0.5098132740568266
1787022730187,0.001465,3796227.0,0.001466,1189043.0,0.0014655,6.823609689526665,0.5229774916905203
1787022730300,0.001465,3796227.0,0.001466,1145204.0,0.0014655,6.823609689526665,0.5364889239574528
1787022730303,0.001465,3796227.0,0.001466,379894.0,0.0014655,6.823609689526665,0.8180637007404719
1787022730371,0.001465,3796227.0,0.001466,1179894.0,0.0014655,6.823609689526665,0.5257776087036469
1787022730372,0.001465,3796227.0,0.001466,1179894.0,0.0014655,6.823609689526665,0.5257776087036469
1787022730408,0.001465,3796227.0,0.001466,379894.0,0.0014655,6.823609689526665,0.8180637007404719
1787022730410,0.001465,3796227.0,0.001466,331417.0,0.0014655,6.823609689526665,0.8394158992393724
1787022730411,0.001465,3796227.0,0.001466,379894.0,0.0014655,6.823609689526665,0.8180637007404719
1787022730797,0.001465,3803050.0,0.001466,379894.0,0.0014655,6.823609689526665,0.8183604657389628
1787022730857,0.001465,3799603.0,0.001466,379894.0,0.0014655,6.823609689526665,0.8182106602780191
1787022730941,0.001465,3799603.0,0.001466,376135.0,0.0014655,6.823609689526665,0.819847413798471
1787022731179,0.001465,8502756.0,0.001466,376135.0,0.0014655,6.823609689526665,0.9152743287421818
1787022731180,0.001465,8491497.0,0.001466,376135.0,0.0014655,6.823609689526665,0.9151667547773746
1787022731181,0.001465,8491497.0,0.001467,4454773.0,0.0014659999999999999,13.642564802183145,0.31180594874044804
1787022731182,0.001466,413081.0,0.001467,3892305.0,0.0014665,6.818956699624384,-0.8081096561376843
1787022731183,0.001466,659842.0,0.001467,4165487.0,0.0014665,6.818956699624384,-0.7265090110954092
1787022731184,0.001466,1598231.0,0.001467,4631476.0,0.0014665,6.818956699624384,-0.48690010621687346
1787022731187,0.001466,1601983.0,0.001467,4631476.0,0.0014665,6.818956699624384,-0.4860051217149259
1787022731189,0.001466,2291585.0,0.001467,4631476.0,0.0014665,6.818956699624384,-0.3379850329211313
1787022731198,0.001466,2291585.0,0.001467,4658754.0,0.0014665,6.818956699624384,-0.34058324349359076
1787022731233,0.001466,2296700.0,0.001467,4658754.0,0.0014665,6.818956699624384,-0.33959738645385334
1787022731296,0.001466,2303467.0,0.001467,4658754.0,0.0014665,6.818956699624384,-0.3382953514402947
1787022731297,0.001466,2310285.0,0.001467,4658754.0,0.0014665,6.818956699624384,-0.33698606077538096
1787022731334,0.001466,2321537.0,0.001467,4670006.0,0.0014665,6.818956699624384,-0.3359013882915402
1787022731367,0.001466,2321537.0,0.001467,4666250.0,0.0014665,6.818956699624384,-0.33554442915904564
1787022731368,0.001466,2325293.0,0.001467,4666250.0,0.0014665,6.818956699624384,-0.33482694735625596
1787022731748,0.001466,2874645.0,0.001467,4666250.0,0.0014665,6.818956699624384,-0.2375851937999402
1787022731796,0.001466,2867827.0,0.001467,4666250.0,0.0014665,6.818956699624384,-0.238705152601971
1787022731940,0.001466,2867827.0,0.001467,4653028.0,0.0014665,6.818956699624384,-0.23736676215669628
1787022731955,0.001466,2861836.0,0.001467,4653028.0,0.0014665,6.818956699624384,-0.2383532157068977
1787022732035,0.001466,1971924.0,0.001467,4653028.0,0.0014665,6.818956699624384,-0.40469787554687187
1787022732036,0.001466,1282322.0,0.001467,4653028.0,0.0014665,6.818956699624384,-0.5679034934755322
1787022732169,0.001466,1009432.0,0.001467,4662365.0,0.0014665,6.818956699624384,-0.6440521407941786
1787022732170,0.001466,1009432.0,0.001467,4662365.0,0.0014665,6.818956699624384,-0.6440521407941786
1787022732204,0.001466,1009432.0,0.001467,4273693.0,0.0014665,6.818956699624384,-0.6178655625221815
1787022732206,0.001466,797813.0,0.001467,4273693.0,0.0014665,6.818956699624384,-0.6853743247074932
1787022732211,0.001466,797813.0,0.001467,3908102.0,0.0014665,6.818956699624384,-0.6609318272854482
1787022732223,0.001466,797813.0,0.001467,3506671.0,0.0014665,6.818956699624384,-0.629310737361319
1787022732224,0.001466,846290.0,0.001467,3506671.0,0.0014665,6.818956699624384,-0.6111658248259059
1787022732226,0.001466,846290.0,0.001467,3786548.0,0.0014665,6.818956699624384,-0.6346559063796317
1787022732228,0.001466,797813.0,0.001467,3786548.0,0.0014665,6.818956699624384,-0.6519414592349948
1787022732331,0.001466,23958292.0,0.001467,3786548.0,0.0014665,6.818956699624384,0.7270448847425323
1787022732332,0.001466,24025741.0,0.001467,2844793.0,0.0014665,6.818956699624384,0.7882592880364789
1787022732333,0.001466,24728250.0,0.001467,2844793.0,0.0014665,6.818956699624384,0.793654041013899
1787022732335,0.001466,24776727.0,0.001467,2844793.0,0.0014665,6.818956699624384,0.7940161873785367
1787022732372,0.001466,24776727.0,0.001467,2564916.0,0.0014665,6.818956699624384,0.8123802582017474
1787022732466,0.001466,24781858.0,0.001467,2564916.0,0.0014665,6.818956699624384,0.812415460777933
1787022732797,0.001466,24781858.0,0.001467,2553589.0,0.0014665,6.818956699624384,0.8131664720902497
1787022732798,0.001466,24781858.0,0.001467,2544252.0,0.0014665,6.818956699624384,0.8137860090587354
1787022732799,0.001466,25436734.0,0.001467,2544252.0,0.0014665,6.818956699624384,0.8181442212222257
1787022732800,0.001466,25436734.0,0.001467,2422539.0,0.0014665,6.818956699624384,0.8260874215920854
1787022732802,0.001466,25436734.0,0.001467,1812982.0,0.0014665,6.818956699624384,0.8669357141190022
1787022732803,0.001466,25436734.0,0.001467,867171.0,0.0014665,6.818956699624384,0.9340652271972546
1787022732804,0.001466,25436734.0,0.001467,450947.0,0.0014665,6.818956699624384,0.9651612672452199
1787022732805,0.001466,25436734.0,0.001467,439695.0,0.0014665,6.818956699624384,0.9660157898912559
1787022732830,0.001466,25436734.0,0.001467,279695.0,0.0014665,6.818956699624384,0.9782477574938573
1787022732865,0.001466,25610657.0,0.001467,279695.0,0.0014665,6.818956699624384,0.9783938820144276
1787022733002,0.001466,25610657.0,0.001467,119695.0,0.0014665,6.818956699624384,0.9906962019019405
1787022733003,0.001466,25610657.0,0.001467,130947.0,0.0014665,6.818956699624384,0.9898260419203092
1787022733004,0.001466,25610657.0,0.001467,17237.0,0.0014665,6.818956699624384,0.9986548250901928
1787022733005,0.001466,25468903.0,0.001467,5985.0,0.0014665,6.818956699624384,0.9995301255102672
1787022733067,0.001466,25464596.0,0.001467,5985.0,0.0014665,6.818956699624384,0.9995300460558791
1787022733188,0.001466,25464596.0,0.001468,2863598.0,0.001467,13.633265167006352,0.7978269987843206
1787022733189,0.001467,153029.0,0.001468,2702161.0,0.0014675,6.814310051106752,-0.8928064331970902
1787022733190,0.001467,164273.0,0.001468,3572049.0,0.0014675,6.814310051106752,-0.9120670006493017
1787022733191,0.001467,164273.0,0.001468,3619638.0,0.0014675,6.814310051106752,-0.9131729049652595
1787022733192,0.001467,153029.0,0.001468,3619638.0,0.0014675,6.814310051106752,-0.9188748967242537
1787022733193,0.001467,146554.0,0.001468,3601163.0,0.0014675,6.814310051106752,-0.9217902525724327
1787022733195,0.001467,195031.0,0.001468,3601163.0,0.0014675,6.814310051106752,-0.8972491922172576
1787022733198,0.001467,195031.0,0.001468,3614796.0,0.0014675,6.814310051106752,-0.897616873417087
1787022733204,0.001467,195031.0,0.001468,3900695.0,0.0014675,6.814310051106752,-0.9047636487401746
1787022733223,0.001467,156196.0,0.001468,3900695.0,0.0014675,6.814310051106752,-0.9229971916918646
1787022733258,0.001467,156196.0,0.001468,3911939.0,0.0014675,6.814310051106752,-0.9232100212996864
1787022733310,0.001467,167440.0,0.001468,3911939.0,0.0014675,6.814310051106752,-0.9179090739056116
1787022733339,0.001467,167440.0,0.001468,3922647.0,0.0014675,6.814310051106752,-0.9181239910055703
1787022733364,0.001467,167440.0,0.001468,3918883.0,0.0014675,6.814310051106752,-0.9180485732527752
1787022733366,0.001467,171196.0,0.001468,3918883.0,0.0014675,6.814310051106752,-0.9162871915187947
1787022733527,0.001467,918923.0,0.001468,3918883.0,0.0014675,6.814310051106752,-0.6201075446183663
1787022733528,0.001467,907679.0,0.001468,3419896.0,0.0014675,6.814310051106752,-0.580513798143302
1787022733539,0.001467,918923.0,0.001468,3419896.0,0.0014675,6.814310051106752,-0.576417914644515
1787022733594,0.001467,918923.0,0.001468,3306360.0,0.0014675,6.814310051106752,-0.5650359987721533
1787022733595,0.001467,918923.0,0.001468,3295652.0,0.0014675,6.814310051106752,-0.5639308827105936
1787022733601,0.001467,1607040.0,0.001468,3009753.0,0.0014675,6.814310051106752,-0.30382843675252497
1787022733619,0.001467,1607040.0,0.001468,2374909.0,0.0014675,6.814310051106752,-0.192837477325802
1787022733643,0.001467,1607040.0,0.001468,2368348.0,0.0014675,6.814310051106752,-0.1915053323097016
1787022733744,0.001467,1607040.0,0.001468,2372095.0,0.0014675,6.814310051106752,-0.19226666097028625
1787022733772,0.001467,1962854.0,0.001468,2372095.0,0.0014675,6.814310051106752,-0.09440503221606529
1787022733773,0.001467,1962854.0,0.001468,2372095.0,0.0014675,6.814310051106752,-0.09440503221606529
1787022733801,0.001467,1941918.0,0.001468,2372095.0,0.0014675,6.814310051106752,-0.09971620391500906
1787022733805,0.001467,2112498.0,0.001468,2372095.0,0.0014675,6.814310051106752,-0.0578864124347516
1787022734159,0.001467,2107675.0,0.001468,2372095.0,0.0014675,6.814310051106752,-0.059025351747969204
1787022734213,0.001467,2107675.0,0.001468,1983688.0,0.0014675,6.814310051106752,0.030304570872836264
1787022734255,0.001467,2107675.0,0.001468,1582531.0,0.0014675,6.814310051106752,0.1423075026163851
1787022734257,0.001467,2107675.0,0.001468,1217189.0,0.0014675,6.814310051106752,0.2678262930453697
1787022734288,0.001467,2107675.0,0.001468,717189.0,0.0014675,6.814310051106752,0.49223113041902194
1787022734291,0.001467,2107675.0,0.001468,367962.0,0.0014675,6.814310051106752,0.7027334782926576
1787022734434,0.001467,2107675.0,0.001468,195490.0,0.0014675,6.814310051106752,0.8302422970130234
1787022734451,0.001467,2107675.0,0.001468,167509.0,0.0014675,6.814310051106752,0.8527512500087905
1787022734453,0.001467,2030126.0,0.001468,167509.0,0.0014675,6.814310051106752,0.847555212762811
1787022734454,0.001467,2200706.0,0.001468,167509.0,0.0014675,6.814310051106752,0.8585356481569452
1787022734483,0.001467,2200706.0,0.001468,45801.0,0.0014675,6.814310051106752,0.9592246986098864
1787022734734,0.001467,2200706.0,0.001468,30633.0,0.0014675,6.814310051106752,0.9725429439453172
1787022734735,0.001467,3200706.0,0.001468,19389.0,0.0014675,6.814310051106752,0.9879574981483465
1787022734738,0.001468,10218.0,0.001469,3004510.0,0.0014685,6.809669731018949,-0.9932212790009579
1787022734739,0.001468,1068913.0,0.001469,2048947.0,0.0014685,6.809669731018949,-0.3143290590340811
1787022734740,0.001468,1058695.0,0.001469,3022040.0,0.0014685,6.809669731018949,-0.48112533648962746
1787022734741,0.001468,1066198.0,0.001469,3487463.0,0.0014685,6.809669731018949,-0.5317183251014953
1787022734756,0.001468,1066198.0,0.001469,3767340.0,0.0014685,6.809669731018949,-0.5588333018174265
1787022734781,0.001468,1017721.0,0.001469,3767340.0,0.0014685,6.809669731018949,-0.574625694426884
1787022734791,0.001468,1022829.0,0.001469,3767340.0,0.0014685,6.809669731018949,-0.5729465912371776
1787022734795,0.001468,1022829.0,0.001469,3780962.0,0.0014685,6.809669731018949,-0.5741575767971587
1787022734805,0.001468,1898332.0,0.001469,3792198.0,0.0014685,6.809669731018949,-0.332810124891706
1787022734806,0.001468,1082542.0,0.001469,3792198.0,0.0014685,6.809669731018949,-0.5558565174758039
1787022734807,0.001468,1071306.0,0.001469,3792198.0,0.0014685,6.809669731018949,-0.5594509637495929
1787022734818,0.001468,1071306.0,0.001469,3106015.0,0.0014685,6.809669731018949,-0.48708466502813647
1787022734826,0.001468,1271611.0,0.001469,3106015.0,0.0014685,6.809669731018949,-0.4190408225828337
1787022734873,0.001468,271611.0,0.001469,3106015.0,0.0014685,6.809669731018949,-0.8391704706204891
1787022734910,0.001468,282847.0,0.001469,3106015.0,0.0014685,6.809669731018949,-0.8330725771660221
1787022735004,0.001468,970964.0,0.001469,3106015.0,0.0014685,6.809669731018949,-0.5236845713455969
1787022735005,0.001468,959728.0,0.001469,3106015.0,0.0014685,6.809669731018949,-0.5278953932897382
1787022735007,0.001468,1829047.0,0.001469,3106015.0,0.0014685,6.809669731018949,-0.2587541959959166
1787022735011,0.001468,1840283.0,0.001469,3106015.0,0.0014685,6.809669731018949,-0.2558948126457403
1787022735018,0.001468,1840283.0,0.001469,2998152.0,0.0014685,6.809669731018949,-0.23930651129962477
1787022735023,0.001468,1840283.0,0.001469,3001726.0,0.0014685,6.809669731018949,-0.2398679969409392
1787022735199,0.001468,1836299.0,0.001469,3001726.0,0.0014685,6.809669731018949,-0.24088899912670977
1787022735311,0.001468,2086253.0,0.001469,3001726.0,0.0014685,6.809669731018949,-0.1799286121267403
1787022735441,0.001468,2059868.0,0.001469,3001726.0,0.0014685,6.809669731018949,-0.18607932599888494
1787022735442,0.001468,2063615.0,0.001469,3001726.0,0.0014685,6.809669731018949,-0.18520194395599426
1787022735443,0.001468,1194296.0,0.001469,3001726.0,0.0014685,6.809669731018949,-0.430748456514289
1787022735475,0.001468,1204391.0,0.001469,3001726.0,0.0014685,6.809669731018949,-0.4273145516399092
1787022735516,0.001468,516274.0,0.001469,3001726.0,0.0014685,6.809669731018949,-0.7064957362137578
1787022735517,0.001468,516274.0,0.001469,3001726.0,0.0014685,6.809669731018949,-0.7064957362137578
1787022735664,0.001468,516274.0,0.001469,2967143.0,0.0014685,6.809669731018949,-0.7035818565506226
1787022735665,0.001468,1516274.0,0.001469,2967143.0,0.0014685,6.809669731018949,-0.32360786426959615
1787022735666,0.001468,1516274.0,0.001469,2967143.0,0.0014685,6.809669731018949,-0.32360786426959615
1787022735679,0.001468,1516274.0,0.001469,2970888.0,0.0014685,6.809669731018949,-0.3241723833460882
1787022735701,0.001468,2369761.0,0.001469,2970888.0,0.0014685,6.809669731018949,-0.1125569195803731
1787022735742,0.001468,2369761.0,0.001469,2801498.0,0.0014685,6.809669731018949,-0.08348779281795787
1787022735754,0.001468,2369761.0,0.001469,2111785.0,0.0014685,6.809669731018949,0.057564063829758746
1787022735755,0.001468,2369761.0,0.001469,1953082.0,0.0014685,6.809669731018949,0.09639003775987239
1787022735756,0.001468,3023432.0,0.001469,1953082.0,0.0014685,6.809669731018949,0.21508027506804964
1787022735773,0.001468,3023432.0,0.001469,1673205.0,0.0014685,6.809669731018949,0.28748804729852445
1787022735774,0.001468,3023432.0,0.001469,1537012.0,0.0014685,6.809669731018949,0.32593756221981895
1787022735779,0.001468,3023432.0,0.001469,1148869.0,0.0014685,6.809669731018949,0.4492875753690829
1787022735790,0.001468,3023432.0,0.001469,747985.0,0.0014685,6.809669731018949,0.6033400708540053
1787022735801,0.001468,3027517.0,0.001469,747985.0,0.0014685,6.809669731018949,0.6037692471093911
1787022736056,0.001468,2027517.0,0.001469,747985.0,0.0014685,6.809669731018949,0.4610092156301815
1787022736058,0.001468,2016281.0,0.001469,747985.0,0.0014685,6.809669731018949,0.4588183626322503
1787022736059,0.001468,2027517.0,0.001469,796462.0,0.0014685,6.809669731018949,0.4359292331848077
1787022736285,0.001468,2023893.0,0.001469,796462.0,0.0014685,6.809669731018949,0.43520443348443727
1787022736604,0.001468,2020068.0,0.001469,796462.0,0.0014685,6.809669731018949,0.434437410572584
1787022736726,0.001468,2020068.0,0.001469,636462.0,0.0014685,6.809669731018949,0.5208320628790188
1787022736737,0.001468,2020068.0,0.001469,293248.0,0.0014685,6.809669731018949,0.7464695700889978
1787022736738,0.001468,2020068.0,0.001469,244771.0,0.0014685,6.809669731018949,0.7838513024546115
1787022736754,0.001468,2017835.0,0.001469,244771.0,0.0014685,6.809669731018949,0.7836379820437142
1787022736801,0.001468,2017835.0,0.001469,251580.0,0.0014685,6.809669731018949,0.7782864747082398
1787022736914,0.001468,2017835.0,0.001469,91580.0,0.0014685,6.809669731018949,0.9131702391421318
1787022736915,0.001468,2017835.0,0.001469,80344.0,0.0014685,6.809669731018949,0.9234154950554743
1787022737001,0.001468,2017835.0,0.001469,128821.0,0.0014685,6.809669731018949,0.879979838409135
1787022737002,0.001468,2017835.0,0.001469,140057.0,0.0014685,6.809669731018949,0.8701909085348108
1787022737092,0.001468,2017835.0,0.00147,3027737.0,0.0014689999999999998,13.61470388019094,-0.20015609726706904
1787022737093,0.001468,3017835.0,0.001469,3745.0,0.0014685,6.809669731018949,0.9975211644239107
1787022737095,0.001468,1164348.0,0.001469,3745.0,0.0014685,6.809669731018949,0.9935878393244374
1787022737096,0.001468,1153112.0,0.001469,48477.0,0.0014685,6.809669731018949,0.9193118445658207
1787022737097,0.001468,1201589.0,0.001469,48477.0,0.0014685,6.809669731018949,0.9224408951207377
1787022737098,0.001468,2201589.0,0.001469,48477.0,0.0014685,6.809669731018949,0.9569105972891462
1787022737119,0.001468,2201589.0,0.00147,3188106.0,0.0014689999999999998,13.61470388019094,-0.18303763014419183
1787022737120,0.001469,124492.0,0.00147,3176870.0,0.0014694999999999999,6.8050357264369925,-0.9245814303308756
1787022737121,0.001469,124492.0,0.00147,3016821.0,0.0014694999999999999,6.8050357264369925,-0.920738875750363
1787022737122,0.001469,133726.0,0.00147,2798708.0,0.0014694999999999999,6.8050357264369925,-0.9087952192615418
1787022737124,0.001469,133726.0,0.00147,3487717.0,0.0014694999999999999,6.8050357264369925,-0.9261476709698316
1787022737125,0.001469,137471.0,0.00147,3487717.0,0.0014694999999999999,6.8050357264369925,-0.9241578643645516
1787022737126,0.001469,61456.0,0.00147,3487717.0,0.0014694999999999999,6.8050357264369925,-0.9653688338100171
1787022737143,0.001469,61456.0,0.00147,3767594.0,0.0014694999999999999,6.8050357264369925,-0.9679001318864993
1787022737173,0.001469,72685.0,0.00147,3778823.0,0.0014694999999999999,6.8050357264369925,-0.9622563421911625
1787022737232,0.001469,67123.0,0.00147,3778823.0,0.0014694999999999999,6.8050357264369925,-0.9650941536880653
1787022737233,0.001469,24208.0,0.00147,3778823.0,0.0014694999999999999,6.8050357264369925,-0.9872691019347463
1787022737234,0.001469,12979.0,0.00147,3778823.0,0.0014694999999999999,6.8050357264369925,-0.9931541784091047
1787022737241,0.001468,2156585.0,0.001469,65836.0,0.0014685,6.809669731018949,0.940752899653126
1787022737242,0.001468,2156585.0,0.001469,922718.0,0.0014685,6.809669731018949,0.4006968460070347
1787022737243,0.001468,2153112.0,0.001469,1704931.0,0.0014685,6.809669731018949,0.11616796391331045
1787022737245,0.001468,2153112.0,0.001469,1953039.0,0.0014685,6.809669731018949,0.04872519300921958
1787022737249,0.001468,2289352.0,0.001469,1953039.0,0.0014685,6.809669731018949,0.07927439974297514
1787022737258,0.001468,2289352.0,0.001469,1793039.0,0.0014685,6.809669731018949,0.12157409714062176
1787022737273,0.001468,2289352.0,0.001469,1458690.0,0.0014685,6.809669731018949,0.22162558477199562
1787022737274,0.001468,2300588.0,0.001469,1469926.0,0.0014685,6.809669731018949,0.22030471177139244
1787022737296,0.001468,3066809.0,0.001469,1469926.0,0.0014685,6.809669731018949,0.3519894814222122
1787022737299,0.001468,3066809.0,0.001469,1497162.0,0.0014685,6.809669731018949,0.34392133517062223
1787022737364,0.001468,3070555.0,0.001469,1497162.0,0.0014685,6.809669731018949,0.34445938747956584
1787022737369,0.001468,3066809.0,0.001469,1497162.0,0.0014685,6.809669731018949,0.34392133517062223
1787022737434,0.001468,3066809.0,0.001469,1337162.0,0.0014685,6.809669731018949,0.3927471366182929
1787022737555,0.001468,3066809.0,0.001469,1068793.0,0.0014685,6.809669731018949,0.48312579401983075
1787022737556,0.001468,3066809.0,0.001469,850680.0,0.0014685,6.809669731018949,0.5657013969917976
1787022737565,0.001468,3066809.0,0.001469,854425.0,0.0014685,6.809669731018949,0.5642060637034159
1787022737585,0.001468,3066809.0,0.001469,821517.0,0.0014685,6.809669731018949,0.5774443809495398
1787022737586,0.001469,1034382.0,0.00147,4157636.0,0.0014694999999999999,6.8050357264369925,-0.6015491471716777
1787022737587,0.001469,1967301.0,0.00147,3736605.0,0.0014694999999999999,6.8050357264369925,-0.3101916476183163
1787022737588,0.001469,2015778.0,0.00147,3531157.0,0.0014694999999999999,6.8050357264369925,-0.27319213223158373
1787022737593,0.001469,662541.0,0.00147,3531157.0,0.0014694999999999999,6.8050357264369925,-0.6840301805232518
1787022737594,0.001469,627296.0,0.00147,3531157.0,0.0014694999999999999,6.8050357264369925,-0.6983031911145804
1787022737595,0.001469,557656.0,0.00147,3544770.0,0.0014694999999999999,6.8050357264369925,-0.7281335482955695
1787022737596,0.001469,561401.0,0.00147,3558383.0,0.0014694999999999999,6.8050357264369925,-0.7274609542636216
1787022737603,0.001469,609878.0,0.00147,3558383.0,0.0014694999999999999,6.8050357264369925,-0.7073705317397351
1787022737604,0.001469,561401.0,0.00147,3558383.0,0.0014694999999999999,6.8050357264369925,-0.7274609542636216
1787022737614,0.001469,561401.0,0.00147,3398383.0,0.0014694999999999999,6.8050357264369925,-0.7164486749782312
1787022737615,0.001469,609878.0,0.00147,4013280.0,0.0014694999999999999,6.8050357264369925,-0.7361638948960861
1787022737654,0.001469,609878.0,0.00147,3334453.0,0.0014694999999999999,6.8050357264369925,-0.69075719050962
1787022737690,0.001469,609878.0,0.00147,2719556.0,0.0014694999999999999,6.8050357264369925,-0.6336446374969439
1787022737817,0.001469,621107.0,0.00147,2730785.0,0.0014694999999999999,6.8050357264369925,-0.6293991572520833
1787022737872,0.001469,621107.0,0.00147,2450908.0,0.0014694999999999999,6.8050357264369925,-0.5956354379780047
1787022737982,0.001469,621107.0,0.00147,2737486.0,0.0014694999999999999,6.8050357264369925,-0.6301385729083577
1787022738036,0.001469,621107.0,0.00147,2741228.0,0.0014694999999999999,6.8050357264369925,-0.6305501980022812
1787022738119,0.001469,621107.0,0.00147,2605081.0,0.0014694999999999999,6.8050357264369925,-0.6149592026255134
1787022738127,0.001469,621107.0,0.00147,2204470.0,0.0014694999999999999,6.8050357264369925,-0.5603680239469673
1787022738133,0.001469,621107.0,0.00147,1816591.0,0.0014694999999999999,6.8050357264369925,-0.49041513756010796
1787022738196,0.001469,621107.0,0.00147,1127582.0,0.0014694999999999999,6.8050357264369925,-0.2896312609045977
1787022738279,0.001469,613642.0,0.00147,1127582.0,0.0014694999999999999,6.8050357264369925,-0.2951601861678911
1787022738282,0.001469,1213642.0,0.00147,1127582.0,0.0014694999999999999,6.8050357264369925,0.03675855022842752
1787022738308,0.001469,1213642.0,0.00147,841004.0,0.0014694999999999999,6.8050357264369925,0.18136360229450718
1787022738355,0.001469,1945159.0,0.00147,841004.0,0.0014694999999999999,6.8050357264369925,0.39629949862947716
1787022738356,0.001469,1945159.0,0.00147,841004.0,0.0014694999999999999,6.8050357264369925,0.39629949862947716
1787022738383,0.001469,2236933.0,0.00147,841004.0,0.0014694999999999999,6.8050357264369925,0.453527476358353
1787022738384,0.001469,2295910.0,0.00147,841004.0,0.0014694999999999999,6.8050357264369925,0.46380168535063443
1787022738780,0.001469,2855921.0,0.00147,841004.0,0.0014694999999999999,6.8050357264369925,0.5450251222299614
1787022738900,0.001469,2992535.0,0.00147,841004.0,0.0014694999999999999,6.8050357264369925,0.5612388448376291
1787022739033,0.001469,2992535.0,0.00147,841886.0,0.0014694999999999999,6.8050357264369925,0.5608797260394724
1787022739053,0.001469,2992535.0,0.00147,169118.0,0.0014694999999999999,6.8050357264369925,0.8930192529034654
1787022739054,0.001469,2992535.0,0.00147,157889.0,0.0014694999999999999,6.8050357264369925,0.8997665076192919
1787022739061,0.001469,1701007.0,0.00147,206366.0,0.0014694999999999999,6.8050357264369925,0.7836123296282373
1787022739062,0.001469,1689778.0,0.00147,737967.0,0.0014694999999999999,6.8050357264369925,0.39205559068188794
1787022739130,0.001469,1701007.0,0.00147,749196.0,0.0014694999999999999,6.8050357264369925,0.3884620988546663
1787022739156,0.001469,1701007.0,0.00147,1035774.0,0.0014694999999999999,6.8050357264369925,0.24307133088106064
1787022739376,0.001469,2595197.0,0.00147,1035774.0,0.0014694999999999999,6.8050357264369925,0.42947823047884437
1787022739393,0.001469,2588088.0,0.00147,1035774.0,0.0014694999999999999,6.8050357264369925,0.4283590269165879
1787022739453,0.001469,2588088.0,0.00147,749196.0,0.0014694999999999999,6.8050357264369925,0.5510145375700719
1787022739496,0.001469,3594806.0,0.00147,749196.0,0.0014694999999999999,6.8050357264369925,0.6550664571517232
1787022739497,0.001469,3594806.0,0.00147,749196.0,0.0014694999999999999,6.8050357264369925,0.6550664571517232
1787022739543,0.001469,3594806.0,0.00147,758049.0,0.0014694999999999999,6.8050357264369925,0.651700320823919
1787022739702,0.001469,3594806.0,0.00147,749196.0,0.0014694999999999999,6.8050357264369925,0.6550664571517232
1787022739937,0.001469,3705639.0,0.00147,749196.0,0.0014694999999999999,6.8050357264369925,0.6636481485846277
1787022740187,0.001469,3705639.0,0.00147,700719.0,0.0014694999999999999,6.8050357264369925,0.68195094452153
1787022740189,0.001469,3705639.0,0.00147,711453.0,0.0014694999999999999,6.8050357264369925,0.6778636261141946
1787022740484,0.001469,3716294.0,0.00147,711453.0,0.0014694999999999999,6.8050357264369925,0.6786388201493897
1787022740529,0.001469,3711875.0,0.00147,711453.0,0.0014694999999999999,6.8050357264369925,0.6783177734050019
1787022740532,0.001469,3711875.0,0.00147,619042.0,0.0014694999999999999,6.8050357264369925,0.7141289015698061
1787022740534,0.001469,3711875.0,0.00147,608308.0,0.0014694999999999999,6.8050357264369925,0.7183878553292765
1787022740535,0.001469,3711875.0,0.00147,597079.0,0.0014694999999999999,6.8050357264369925,0.7228659205923293
1787022740536,0.001469,3711875.0,0.00147,608308.0,0.0014694999999999999,6.8050357264369925,0.7183878553292765
1787022740687,0.001469,3711875.0,0.00147,612002.0,0.0014694999999999999,6.8050357264369925,0.7169197921217463
1787022740689,0.001469,3711875.0,0.00147,622736.0,0.0014694999999999999,6.8050357264369925,0.7126681033199981
1787022740758,0.001469,3711875.0,0.00147,612002.0,0.0014694999999999999,6.8050357264369925,0.7169197921217463
1787022741329,0.001469,3708021.0,0.00147,612002.0,0.0014694999999999999,6.8050357264369925,0.7166672492252935
1787022741331,0.001468,2131646.0,0.00147,612002.0,0.0014689999999999998,13.61470388019094,0.553877173748236
1787022741332,0.001468,1843973.0,0.001469,896888.0,0.0014685,6.809669731018949,0.3455428786793639
1787022741333,0.001468,1515606.0,0.001469,949110.0,0.0014685,6.809669731018949,0.22984230231799527
1787022741334,0.001468,1515606.0,0.001469,1026411.0,0.0014685,6.809669731018949,0.1924436382604837
1787022741335,0.001468,1515606.0,0.001469,1531388.0,0.0014685,6.809669731018949,-0.005179531039444121
1787022741344,0.001468,1515606.0,0.001469,1524581.0,0.0014685,6.809669731018949,-0.002952121037291456
1787022741369,0.001468,1511860.0,0.001469,1524581.0,0.0014685,6.809669731018949,-0.004189444155180358
1787022741371,0.001468,1511860.0,0.001469,1438345.0,0.0014685,6.809669731018949,0.02491860735101459
1787022741372,0.001468,1511860.0,0.001469,1352109.0,0.0014685,6.809669731018949,0.0557795842063933
1787022741392,0.001468,1511860.0,0.001469,1324128.0,0.0014685,6.809669731018949,0.06619633087305024
1787022741393,0.001468,1511860.0,0.001469,1047581.0,0.0014685,6.809669731018949,0.18139859445871187
1787022741398,0.001468,1511860.0,0.001469,1074817.0,0.0014685,6.809669731018949,0.16895924771434548
1787022741401,0.001468,1500631.0,0.001469,1074817.0,0.0014685,6.809669731018949,0.16533589495885764
1787022741421,0.001468,1469376.0,0.001469,1698575.0,0.0014685,6.809669731018949,-0.07234928823078388
1787022741435,0.001468,1469376.0,0.001469,1984474.0,0.0014685,6.809669731018949,-0.14913733949071326
1787022741476,0.001468,1469376.0,0.001469,1360716.0,0.0014685,6.809669731018949,0.03839451155651477
1787022741495,0.001468,1480612.0,0.001469,1371952.0,0.0014685,6.809669731018949,0.03809204631342189
1787022741498,0.001468,1497510.0,0.001469,1371952.0,0.0014685,6.809669731018949,0.04375663451894467
1787022741502,0.001468,1497510.0,0.001469,1086053.0,0.0014685,6.809669731018949,0.15925951873439897
1787022741538,0.001468,2378068.0,0.001469,1828320.0,0.0014685,6.809669731018949,0.13069360220692908
1787022741566,0.001468,2378068.0,0.001469,2115780.0,0.0014685,6.809669731018949,0.05836601504990823
1787022741667,0.001468,2372296.0,0.001469,2115780.0,0.0014685,6.809669731018949,0.057155003614020795
1787022741738,0.001468,2372296.0,0.001469,1828320.0,0.0014685,6.809669731018949,0.12949910203646323
1787022741739,0.001468,2372296.0,0.001469,1817084.0,0.0014685,6.809669731018949,0.13252844096262453
1787022741740,0.001468,2372296.0,0.001469,1828320.0,0.0014685,6.809669731018949,0.12949910203646323
1787022741802,0.001468,2376043.0,0.001469,1828320.0,0.0014685,6.809669731018949,0.13027490728084135
1787022741863,0.001468,2376043.0,0.001469,1011852.0,0.0014685,6.809669731018949,0.40266625736629974
1787022741864,0.001468,2376043.0,0.001469,38472.0,0.0014685,6.809669731018949,0.9681327305897872
1787022741865,0.001469,718422.0,0.00147,3190722.0,0.0014694999999999999,6.8050357264369925,-0.6324402477882626
1787022741866,0.001469,741830.0,0.00147,3001730.0,0.0014694999999999999,6.8050357264369925,-0.6036767141437562
1787022741867,0.001469,718422.0,0.00147,2276300.0,0.0014694999999999999,6.8050357264369925,-0.5202078857403124
1787022741868,0.001469,718422.0,0.00147,2208273.0,0.0014694999999999999,6.8050357264369925,-0.5090557779338127
1787022741870,0.001469,718422.0,0.00147,2199426.0,0.0014694999999999999,6.8050357264369925,-0.5075672207736661
1787022741871,0.001469,718422.0,0.00147,1979119.0,0.0014694999999999999,6.8050357264369925,-0.46735044990975116
1787022741882,0.001469,718422.0,0.00147,2258996.0,0.0014694999999999999,6.8050357264369925,-0.5174194553804672
1787022741887,0.001469,682666.0,0.00147,2258996.0,0.0014694999999999999,6.8050357264369925,-0.5358637396138646
1787022741895,0.001469,682666.0,0.00147,2286222.0,0.0014694999999999999,6.8050357264369925,-0.5401200718922371
1787022741937,0.001469,682666.0,0.00147,2293595.0,0.0014694999999999999,6.8050357264369925,-0.5412593183191932
1787022741996,0.001469,693895.0,0.00147,2304824.0,0.0014694999999999999,6.8050357264369925,-0.5372057201758484
1787022742007,0.001469,693895.0,0.00147,2297451.0,0.0014694999999999999,6.8050357264369925,-0.5360650356060449
1787022742118,0.001469,693895.0,0.00147,3162685.0,0.0014694999999999999,6.8050357264369925,-0.6401500811599915
1787022742237,0.001469,1293895.0,0.00147,3162685.0,0.0014694999999999999,6.8050357264369925,-0.4193327618936494
1787022742243,0.001468,2856990.0,0.001469,1091698.0,0.0014685,6.809669731018949,0.44705785820505445
1787022742244,0.001468,2853517.0,0.001469,1141753.0,0.0014685,6.809669731018949,0.4284476393335119
1787022742245,0.001468,2037577.0,0.001469,2107302.0,0.0014685,6.809669731018949,-0.016821962715920055
1787022742246,0.001468,1157019.0,0.001469,2032852.0,0.0014685,6.809669731018949,-0.27456690254872373
1787022742272,0.001468,1157019.0,0.001469,2317769.0,0.0014685,6.809669731018949,-0.3340491563801878
1787022742299,0.001468,1157019.0,0.001469,2331390.0,0.0014685,6.809669731018949,-0.3366494582487317
1787022742300,0.001468,1157019.0,0.001469,2345011.0,0.0014685,6.809669731018949,-0.3392295325853862
1787022742318,0.001468,2931019.0,0.001469,2345011.0,0.0014685,6.809669731018949,0.11106987640328049
1787022742322,0.001468,2931019.0,0.001469,2351819.0,0.0014685,6.809669731018949,0.10963803925087236
1787022742336,0.001468,2931019.0,0.001469,2355564.0,0.0014685,6.809669731018949,0.1088519748956935
1787022742344,0.001468,2986695.0,0.001469,2355564.0,0.0014685,6.809669731018949,0.11813934891587997
1787022742351,0.001468,2986695.0,0.001469,2351710.0,0.0014685,6.809669731018949,0.1189465767396816
1787022742356,0.001468,2931019.0,0.001469,2351710.0,0.0014685,6.809669731018949,0.1096609347176431
1787022742357,0.001468,2986695.0,0.001469,2351710.0,0.0014685,6.809669731018949,0.1189465767396816
1787022742361,0.001468,2982952.0,0.001469,2351710.0,0.0014685,6.809669731018949,0.11832839643823732
1787022742391,0.001468,2982952.0,0.001469,2344902.0,0.0014685,6.809669731018949,0.11975741076988972
1787022742398,0.001468,2994188.0,0.001469,2356138.0,0.0014685,6.809669731018949,0.11925441552533435
1787022742530,0.001468,3011086.0,0.001469,2356138.0,0.0014685,6.809669731018949,0.12202732734836481
1787022742547,0.001468,3822089.0,0.001469,2356138.0,0.0014685,6.809669731018949,0.2372769728273176
1787022742597,0.001468,3815566.0,0.001469,2356138.0,0.0014685,6.809669731018949,0.23647083528309198
1787022742784,0.001468,3769794.0,0.001469,2356138.0,0.0014685,6.809669731018949,0.23076586550422043
1787022742786,0.001468,3714118.0,0.001469,2356138.0,0.0014685,6.809669731018949,0.22371049919476213
1787022742787,0.001468,3714118.0,0.001469,2444252.0,0.0014685,6.809669731018949,0.20620164101864616
1787022742811,0.001468,3719226.0,0.001469,2444252.0,0.0014685,6.809669731018949,0.2068595036763334
1787022742906,0.001468,3719226.0,0.001469,2060474.0,0.0014685,6.809669731018949,0.286996210875997
1787022743024,0.001468,3893149.0,0.001469,2060474.0,0.0014685,6.809669731018949,0.3078251679691509
1787022743044,0.001468,3893149.0,0.001469,2248485.0,0.0014685,6.809669731018949,0.2677893212132146
1787022743291,0.001468,3893149.0,0.001469,2257848.0,0.0014685,6.809669731018949,0.26585950212624065
1787022743293,0.001467,5154054.0,0.001469,2257848.0,0.0014680000000000001,13.623978201635207,0.39075071418915147
1787022743294,0.001467,4892274.0,0.001468,413081.0,0.0014675,6.814310051106752,0.8442777156288316
1787022743295,0.001467,1199471.0,0.001468,872095.0,0.0014675,6.814310051106752,0.15803310152802277
1787022743296,0.001467,929110.0,0.001468,1197750.0,0.0014675,6.814310051106752,-0.1263082666466058
1787022743298,0.001467,925701.0,0.001468,1197750.0,0.0014675,6.814310051106752,-0.1281164481779895
1787022743352,0.001467,925701.0,0.001468,1483649.0,0.0014675,6.814310051106752,-0.2315761512441115
1787022743361,0.001467,925701.0,0.001468,1372274.0,0.0014675,6.814310051106752,-0.19433327168485298
1787022743363,0.001467,921953.0,0.001468,1372274.0,0.0014675,6.814310051106752,-0.19628441300708255
1787022743381,0.001467,921953.0,0.001468,868530.0,0.0014675,6.814310051106752,0.029837200353200786
1787022743398,0.001467,921953.0,0.001468,895786.0,0.0014675,6.814310051106752,0.014395355988951109
1787022743406,0.001467,921953.0,0.001468,735786.0,0.0014675,6.814310051106752,0.11230175558396105
1787022743407,0.001467,1921953.0,0.001468,735786.0,0.0014675,6.814310051106752,0.4463068043927564
1787022743495,0.001467,2740367.0,0.001468,735786.0,0.0014675,6.814310051106752,0.576666504610125
1787022743512,0.001467,2751611.0,0.001468,747030.0,0.0014675,6.814310051106752,0.5729599007157351
1787022743573,0.001467,2748904.0,0.001468,747030.0,0.0014675,6.814310051106752,0.5726292315587194
1787022743576,0.001467,2748904.0,0.001468,1525676.0,0.0014675,6.814310051106752,0.28616331896934905
1787022743577,0.001467,2748904.0,0.001468,1514432.0,0.0014675,6.814310051106752,0.28955540919129996
1787022743606,0.001467,2748904.0,0.001468,1354432.0,0.0014675,6.814310051106752,0.33983860936564786
1787022743608,0.001467,2748904.0,0.001468,575786.0,0.0014675,6.814310051106752,0.653630263272666
1787022743616,0.001467,2748904.0,0.001468,587030.0,0.0014675,6.814310051106752,0.6480565862514066
1787022743657,0.001467,11244.0,0.001468,1847924.0,0.0014675,6.814310051106752,-0.9879042668548512
1787022743658,0.001466,24093308.0,0.001467,137693.0,0.0014665,6.818956699624384,0.9886349721994564
1787022743659,0.001466,24093308.0,0.001467,731324.0,0.0014665,6.818956699624384,0.9410807781561475
1787022743660,0.001466,24071491.0,0.001467,805820.0,0.0014665,6.818956699624384,0.9352164709441466
1787022743661,0.001466,24071491.0,0.001467,264726.0,0.0014665,6.818956699624384,0.9782442768323442
1787022743662,0.001466,24071491.0,0.001467,190230.0,0.0014665,6.818956699624384,0.9843185073309515
1787022743718,0.001466,24024602.0,0.001467,190230.0,0.0014665,6.818956699624384,0.9842881420775498
1787022743766,0.001466,24024602.0,0.001467,193980.0,0.0014665,6.818956699624384,0.983980895330701
1787022743774,0.001466,24024602.0,0.001467,33980.0,0.0014665,6.818956699624384,0.9971752283654955
1787022743775,0.001467,170415.0,0.001468,2240063.0,0.0014675,6.814310051106752,-0.8586048078430917
1787022743776,0.001467,642794.0,0.001468,2006951.0,0.0014675,6.814310051106752,-0.514825766252979
1787022743777,0.001467,1442794.0,0.001468,1337000.0,0.0014675,6.814310051106752,0.03805821582462585
1787022743778,0.001467,642794.0,0.001468,1337000.0,0.0014675,6.814310051106752,-0.35064557221609927
1787022743779,0.001467,619340.0,0.001468,1337000.0,0.0014675,6.814310051106752,-0.3668380751812057
1787022743780,0.001467,667817.0,0.001468,1337000.0,0.0014675,6.814310051106752,-0.3337875726313175
1787022743845,0.001467,667817.0,0.001468,1352351.0,0.0014675,6.814310051106752,-0.3388500362346102
1787022743846,0.001467,679061.0,0.001468,1363595.0,0.0014675,6.814310051106752,-0.335119569814986
1787022743858,0.001467,1437000.0,0.001468,2274279.0,0.0014675,6.814310051106752,-0.22560389558424468
1787022743859,0.001467,1425756.0,0.001468,2274279.0,0.0014675,6.814310051106752,-0.2293283712181101
1787022743861,0.001467,1425756.0,0.001468,2307951.0,0.0014675,6.814310051106752,-0.23627858318823625
1787022743914,0.001467,1425756.0,0.001468,2299412.0,0.0014675,6.814310051106752,-0.23452794612216146
1787022743915,0.001467,1425756.0,0.001468,2292600.0,0.0014675,6.814310051106752,-0.23312560712314798
1787022743976,0.001467,1437000.0,0.001468,2292600.0,0.0014675,6.814310051106752,-0.2294079794079794
1787022743982,0.001467,1437000.0,0.001468,1381916.0,0.0014675,6.814310051106752,0.01954084477863122
1787022743983,0.001467,1437000.0,0.001468,1370672.0,0.0014675,6.814310051106752,0.023623842101214102
1787022743984,0.001467,1964451.0,0.001468,1370672.0,0.0014675,6.814310051106752,0.1780381113380226
1787022743985,0.001467,1964451.0,0.001468,1381916.0,0.0014675,6.814310051106752,0.17407983045493813
1787022744007,0.001466,24013030.0,0.001468,1381916.0,0.001467,13.633265167006352,0.8911660611524829
1787022744008,0.001467,137693.0,0.001468,1904111.0,0.0014675,6.814310051106752,-0.865126133556404
1787022744009,0.001467,137693.0,0.001468,2305268.0,0.0014675,6.814310051106752,-0.8872736814054748
1787022744010,0.001467,137693.0,0.001468,2830007.0,0.0014675,6.814310051106752,-0.907205580078849
1787022744011,0.001467,137693.0,0.001468,3177681.0,0.0014675,6.814310051106752,-0.916936671398159
1787022744012,0.001467,137693.0,0.001468,2983486.0,0.0014675,6.814310051106752,-0.9117685976997795
1787022744013,0.001467,137693.0,0.001468,3159791.0,0.0014675,6.814310051106752,-0.9164860238897292
1787022744015,0.001467,137693.0,0.001468,3168821.0,0.0014675,6.814310051106752,-0.9167140982920381
1787022744032,0.001467,186170.0,0.001468,3168821.0,0.0014675,6.814310051106752,-0.8890190763551974
1787022744078,0.001467,197414.0,0.001468,3168821.0,0.0014675,6.814310051106752,-0.8827093176798412
1787022744115,0.001467,197414.0,0.001468,3191530.0,0.0014675,6.814310051106752,-0.8834952716834507
1787022744116,0.001467,197414.0,0.001468,3202774.0,0.0014675,6.814310051106752,-0.8838805383702313
1787022744129,0.001467,201164.0,0.001468,3202774.0,0.0014675,6.814310051106752,-0.8818051327609375
1787022744188,0.001467,1087599.0,0.001468,4102214.0,0.0014675,6.814310051106752,-0.5808716036589372
1787022744189,0.001467,1087599.0,0.001468,4102214.0,0.0014675,6.814310051106752,-0.5808716036589372
1787022744190,0.001466,23343433.0,0.001467,413081.0,0.0014665,6.818956699624384,0.9652237697837317
1787022744191,0.001466,23343432.0,0.001467,489858.0,0.0014665,6.818956699624384,0.9588929602249626
1787022744193,0.001466,23343432.0,0.001467,496804.0,0.0014665,6.818956699624384,0.9583222246625411
1787022744198,0.001466,23343432.0,0.001467,545281.0,0.0014665,6.818956699624384,0.9543482313174427
1787022744236,0.001466,23343432.0,0.001467,549031.0,0.0014665,6.818956699624384,0.9540414899878678
1787022744252,0.001466,24132684.0,0.001467,549031.0,0.0014665,6.818956699624384,0.9555111141993172
1787022744345,0.001466,24128938.0,0.001467,549031.0,0.0014665,6.818956699624384,0.9555043609950236
1787022744347,0.001466,24132686.0,0.001467,549031.0,0.0014665,6.818956699624384,0.9555111178043245
1787022744355,0.001466,24128938.0,0.001467,549031.0,0.0014665,6.818956699624384,0.9555043609950236
1787022744374,0.001467,451315.0,0.001468,3693341.0,0.0014675,6.814310051106752,-0.7822183553954779
1787022744375,0.001467,451315.0,0.001468,4132067.0,0.0014675,6.814310051106752,-0.803064636550041
1787022744376,0.001467,432198.0,0.001468,4002784.0,0.0014675,6.814310051106752,-0.8050959395100138
1787022744379,0.001467,432198.0,0.001468,3675380.0,0.0014675,6.814310051106752,-0.7895606608079019
1787022744380,0.001467,432198.0,0.001468,3630017.0,0.0014675,6.814310051106752,-0.787210672010221
1787022744382,0.001467,1305349.0,0.001468,3630017.0,0.0014675,6.814310051106752,-0.47102241252219185
1787022744384,0.001467,1353826.0,0.001468,3630017.0,0.0014675,6.814310051106752,-0.45671402570265557
1787022744519,0.001467,1365070.0,0.001468,3641261.0,0.0014675,6.814310051106752,-0.4546625063344793
1787022744536,0.001467,1365070.0,0.001468,3654216.0,0.0014675,6.814310051106752,-0.45607004661619205
1787022744599,0.001467,1368820.0,0.001468,3654216.0,0.0014675,6.814310051106752,-0.4549830023117493
1787022744609,0.001467,1365033.0,0.001468,3654216.0,0.0014675,6.814310051106752,-0.45608078021233855
1787022744612,0.001467,491882.0,0.001468,3654216.0,0.0014675,6.814310051106752,-0.7627253383783982
1787022744613,0.001467,443405.0,0.001468,3654216.0,0.0014675,6.814310051106752,-0.7835793012579738
1787022744706,0.001467,443405.0,0.001468,3657963.0,0.0014675,6.814310051106752,-0.7837770226909655
1787022744750,0.001467,443405.0,0.001468,3704852.0,0.0014675,6.814310051106752,-0.7862210562171051
1787022744951,0.001467,491882.0,0.001468,3704852.0,0.0014675,6.814310051106752,-0.7655881931044474
1787022744952,0.001467,1288174.0,0.001468,3704852.0,0.0014675,6.814310051106752,-0.4840106981217402
1787022744953,0.001467,1276930.0,0.001468,3704852.0,0.0014675,6.814310051106752,-0.4873601454258737
1787022744954,0.001467,1276930.0,0.001468,3691897.0,0.0014675,6.814310051106752,-0.48602356250277984
1787022744956,0.001467,1276930.0,0.001468,3169702.0,0.0014675,6.814310051106752,-0.42566418808662376
1787022745018,0.001467,1288174.0,0.001468,3169702.0,0.0014675,6.814310051106752,-0.42206826748882204
1787022745020,0.001467,1288174.0,0.001468,2768545.0,0.0014675,6.814310051106752,-0.36491829973927203
1787022745025,0.001467,1288174.0,0.001468,2380138.0,0.0014675,6.814310051106752,-0.2976747888402077
1787022745043,0.001467,1288174.0,0.001468,2243806.0,0.0014675,6.814310051106752,-0.2705655184910447
1787022745226,0.001467,1288174.0,0.001468,2256763.0,0.0014675,6.814310051106752,-0.27323165404632016
1787022745297,0.001467,1294988.0,0.001468,2256763.0,0.0014675,6.814310051106752,-0.2707889714115657
1787022745367,0.001467,1294988.0,0.001468,2309179.0,0.0014675,6.814310051106752,-0.2813940086572015
1787022745428,0.001467,1294988.0,0.001468,2130860.0,0.0014675,6.814310051106752,-0.24398980923847177
1787022745429,0.001467,1894988.0,0.001468,2117903.0,0.0014675,6.814310051106752,-0.0555497271169339
1787022745430,0.001467,1294988.0,0.001468,2117903.0,0.0014675,6.814310051106752,-0.24111962556085148
1787022745456,0.001467,1102335.0,0.001468,2117903.0,0.0014675,6.814310051106752,-0.31537047882796243
1787022745457,0.001467,18058.0,0.001468,2117903.0,0.0014675,6.814310051106752,-0.983091451576129
1787022745458,0.001467,59041.0,0.001468,2718235.0,0.0014675,6.814310051106752,-0.9574827996929365
1787022745461,0.001467,59041.0,0.001468,3229853.0,0.0014675,6.814310051106752,-0.9640967449847881
1787022745462,0.001467,59041.0,0.001468,3241544.0,0.0014675,6.814310051106752,-0.9642239178812241
1787022745463,0.001467,59041.0,0.001468,3400861.0,0.0014675,6.814310051106752,-0.9658712876838708
1787022745466,0.001467,93624.0,0.001468,3400861.0,0.0014675,6.814310051106752,-0.9464161385726366
1787022745618,0.001467,104868.0,0.001468,3400861.0,0.0014675,6.814310051106752,-0.9401733562405993
1787022745663,0.001467,100456.0,0.001468,3400861.0,0.0014675,6.814310051106752,-0.9426181633939458
1787022745691,0.001467,100456.0,0.001468,3413818.0,0.0014675,6.814310051106752,-0.9428297281316141
1787022745718,0.001466,24243733.0,0.001467,248756.0,0.0014665,6.818956699624384,0.9796871604188533
1787022745720,0.001466,24236515.0,0.001467,891202.0,0.0014665,6.818956699624384,0.9290662179934611
1787022745721,0.001466,24236515.0,0.001467,1858390.0,0.0014665,6.818956699624384,0.8575668315328222
1787022745723,0.001466,24236515.0,0.001467,2440609.0,0.0014665,6.818956699624384,0.8170260782234247
1787022745750,0.001466,24236515.0,0.001467,2222496.0,0.0014665,6.818956699624384,0.83200460516079
1787022745822,0.001466,24236515.0,0.001467,1973740.0,0.0014665,6.818956699624384,0.8493917743264993
1787022745823,0.001466,24236515.0,0.001467,1984992.0,0.0014665,6.818956699624384,0.8485981755358302
1787022745847,0.001466,24236515.0,0.001467,2718726.0,0.0014665,6.818956699624384,0.7982784869183696
1787022745882,0.001466,24236515.0,0.001467,3004625.0,0.0014665,6.818956699624384,0.7794053405988148
1787022746032,0.001466,24236515.0,0.001467,2718726.0,0.0014665,6.818956699624384,0.7982784869183696
1787022746176,0.001466,24236515.0,0.001467,1984992.0,0.0014665,6.818956699624384,0.8485981755358302
1787022746177,0.001466,24236515.0,0.001467,1973740.0,0.0014665,6.818956699624384,0.8493917743264993
1787022746193,0.001466,24236515.0,0.001467,1986696.0,0.0014665,6.818956699624384,0.8484780525161468
1787022746407,0.001466,24236515.0,0.001467,1997948.0,0.0014665,6.818956699624384,0.8476852375442181
1787022746600,0.001466,24236515.0,0.001467,1963865.0,0.0014665,6.818956699624384,0.8500888155057293
1787022746601,0.001466,24236515.0,0.001467,1950909.0,0.0014665,6.818956699624384,0.8510041308377639
1787022746772,0.001466,24236515.0,0.001467,1413236.0,0.0014665,6.818956699624384,0.8898050901156896
1787022746773,0.001466,24236515.0,0.001467,1024696.0,0.0014665,6.818956699624384,0.9188719812363707
1787022746774,0.001466,24236515.0,0.001467,442477.0,0.0014665,6.818956699624384,0.9641414041545944
1787022746775,0.001466,24236515.0,0.001467,63479.0,0.0014665,6.818956699624384,0.9947753896564748
1787022746800,0.001467,44308.0,0.001468,2973181.0,0.0014675,6.814310051106752,-0.9706325358601141
1787022746801,0.001467,55552.0,0.001468,2911874.0,0.0014675,6.814310051106752,-0.9625587967484278
1787022746802,0.001467,903644.0,0.001468,3959638.0,0.0014675,6.814310051106752,-0.6283809986753801
1787022746803,0.001467,892400.0,0.001468,3959638.0,0.0014675,6.814310051106752,-0.63215457092463
1787022746806,0.001467,868812.0,0.001468,3959638.0,0.0014675,6.814310051106752,-0.6401279913843987
1787022746821,0.001467,868812.0,0.001468,4246216.0,0.0014675,6.814310051106752,-0.6602904226526228
1787022746823,0.001467,48058.0,0.001468,4246216.0,0.0014675,6.814310051106752,-0.9776176368811119
1787022746824,0.001467,37833.0,0.001468,4246216.0,0.0014675,6.814310051106752,-0.9823377370333533
1787022746827,0.001467,86310.0,0.001468,4246216.0,0.0014675,6.814310051106752,-0.9601571923630695
1787022746832,0.001467,35161.0,0.001468,4246216.0,0.0014675,6.814310051106752,-0.9835749105953528
1787022746856,0.001467,30116.0,0.001468,4246216.0,0.0014675,6.814310051106752,-0.9859150318544023
1787022746857,0.001466,23408651.0,0.001468,4246216.0,0.001467,13.633265167006352,0.6929136560302387
1787022746858,0.001466,23393655.0,0.001467,935727.0,0.0014665,6.818956699624384,0.9230784407100846
1787022746859,0.001466,23393655.0,0.001467,984204.0,0.0014665,6.818956699624384,0.919254270852908
1787022746881,0.001466,23393655.0,0.001467,881933.0,0.0014665,6.818956699624384,0.9273399268433786
1787022746888,0.001466,23393655.0,0.001467,461558.0,0.0014665,6.818956699624384,0.9613033847151145
1787022746908,0.001466,23404907.0,0.001467,461558.0,0.0014665,6.818956699624384,0.9613216284858273
1787022746909,0.001466,23404907.0,0.001467,472810.0,0.0014665,6.818956699624384,0.9603973864000482
1787022746910,0.001466,23404907.0,0.001467,424333.0,0.0014665,6.818956699624384,0.9643855196388974
1787022746954,0.001466,23325956.0,0.001467,424333.0,0.0014665,6.818956699624384,0.9642671295494551
1787022747049,0.001466,24068177.0,0.001467,424333.0,0.0014665,6.818956699624384,0.9653499784219747
1787022747051,0.001466,24068177.0,0.001467,472810.0,0.0014665,6.818956699624384,0.9614677274389983
1787022747159,0.001466,24068177.0,0.001467,485766.0,0.0014665,6.818956699624384,0.9604327500475178
1787022747271,0.001466,24068177.0,0.001467,489516.0,0.0014665,6.818956699624384,0.960133388751134
1787022747272,0.001466,24071929.0,0.001467,489516.0,0.0014665,6.818956699624384,0.9601394787643805
1787022747337,0.001466,20845071.0,0.001467,489516.0,0.0014665,6.818956699624384,0.9541105717209337
1787022747339,0.001466,20845071.0,0.001467,709823.0,0.0014665,6.818956699624384,0.9341381126717673
1787022747340,0.001466,20845071.0,0.001467,2134581.0,0.0014665,6.818956699624384,0.8142199020246259
1787022747341,0.001466,20845071.0,0.001467,2134581.0,0.0014665,6.818956699624384,0.8142199020246259
1787022747367,0.001466,20850186.0,0.001467,2134581.0,0.0014665,6.818956699624384,0.8142612452847575
1787022747379,0.001466,20850186.0,0.001467,2419498.0,0.0014665,6.818956699624384,0.7920471975468167
1787022747491,0.001466,20853839.0,0.001467,2419498.0,0.0014665,6.818956699624384,0.7920798379708075
1787022747730,0.001466,20853839.0,0.001467,1670408.0,0.0014665,6.818956699624384,0.8516791260546912
1787022747865,0.001466,20853839.0,0.001467,1426109.0,0.0014665,6.818956699624384,0.8719827353277485
1787022747866,0.001466,20853839.0,0.001467,1192846.0,0.0014665,6.818956699624384,0.8917890830299431
1787022747867,0.001466,20853839.0,0.001467,1024064.0,0.0014665,6.818956699624384,0.9063837151120013
1787022747893,0.001466,20850818.0,0.001467,1024064.0,0.0014665,6.818956699624384,0.9063707863658419
1787022747894,0.001466,20850818.0,0.001467,739147.0,0.0014665,6.818956699624384,0.9315286523160181
1787022748192,0.001466,20717226.0,0.001467,739147.0,0.0014665,6.818956699624384,0.9311023349566118
1787022748256,0.001466,20704271.0,0.001467,739147.0,0.0014665,6.818956699624384,0.9310607105639596
1787022748331,0.001466,20704271.0,0.001467,742822.0,0.0014665,6.818956699624384,0.9307298196543466
1787022748789,0.001466,20704271.0,0.001467,67154.0,0.0014665,6.818956699624384,0.9935340016392713
1787022748793,0.001466,20704271.0,0.001467,81992.0,0.0014665,6.818956699624384,0.9921109436554324
1787022748799,0.001466,20704271.0,0.001467,70740.0,0.0014665,6.818956699624384,0.9931898953025825
1787022748881,0.001466,20704271.0,0.001467,81992.0,0.0014665,6.818956699624384,0.9921109436554324
1787022748973,0.001466,20699132.0,0.001467,81992.0,0.0014665,6.818956699624384,0.9921089927570809
1787022748990,0.001466,20699132.0,0.001467,67154.0,0.0014665,6.818956699624384,0.9935324015088688
1787022749092,0.001467,89628.0,0.001468,2983992.0,0.0014675,6.814310051106752,-0.9416791926132704
1787022749094,0.001467,1374103.0,0.001468,3042887.0,0.0014675,6.814310051106752,-0.3778102282323483
1787022749095,0.001467,1374103.0,0.001468,3961080.0,0.0014675,6.814310051106752,-0.484890021579391
1787022749096,0.001467,2258201.0,0.001468,4006907.0,0.0014675,6.814310051106752,-0.2791182530293173
1787022749097,0.001467,2245605.0,0.001468,4006907.0,0.0014675,6.814310051106752,-0.2816951011049639
1787022749098,0.001467,2294082.0,0.001468,4006907.0,0.0014675,6.814310051106752,-0.271834310455073
1787022749105,0.001467,2294082.0,0.001468,3920671.0,0.0014675,6.814310051106752,-0.26173027310980823
1787022749107,0.001467,2294082.0,0.001468,3017955.0,0.0014675,6.814310051106752,-0.1362703234183045
1787022749108,0.001467,2294082.0,0.001468,2958968.0,0.0014675,6.814310051106752,-0.12657142041290298
1787022749111,0.001467,2294082.0,0.001468,3243885.0,0.0014675,6.814310051106752,-0.17150752252586554
1787022749124,0.001467,2294082.0,0.001468,3215904.0,0.0014675,6.814310051106752,-0.16730024359408535
1787022749198,0.001467,2294082.0,0.001468,3243162.0,0.0014675,6.814310051106752,-0.17139934595621936
1787022749301,0.001467,2300896.0,0.001468,3243162.0,0.0014675,6.814310051106752,-0.16995962163455
1787022749354,0.001467,2300896.0,0.001468,3239411.0,0.0014675,6.814310051106752,-0.16939765251275787
1787022749494,0.001467,2284389.0,0.001468,3239411.0,0.0014675,6.814310051106752,-0.17289221188312393
1787022749798,0.001467,2277575.0,0.001468,3239411.0,0.0014675,6.814310051106752,-0.17434084480185377
1787022750033,0.001467,2272876.0,0.001468,3239411.0,0.0014675,6.814310051106752,-0.1753419225087518
1787022750060,0.001467,2272876.0,0.001468,3248241.0,0.0014675,6.814310051106752,-0.176660809760054
1787022750095,0.001467,2272876.0,0.001468,3111955.0,0.0014675,6.814310051106752,-0.15582271755603844
1787022750100,0.001467,2272876.0,0.001468,2710935.0,0.0014675,6.814310051106752,-0.08789639093456794
1787022750103,0.001467,2272876.0,0.001468,2322660.0,0.0014675,6.814310051106752,-0.0108331215335926
1787022750104,0.001467,2272876.0,0.001468,2311416.0,0.0014675,6.814310051106752,-0.008406968840553787
1787022750105,0.001467,2272876.0,0.001468,2322660.0,0.0014675,6.814310051106752,-0.0108331215335926
1787022750129,0.001467,2272876.0,0.001468,1487245.0,0.0014675,6.814310051106752,0.20893769110089808
1787022750130,0.001467,2948544.0,0.001468,1487245.0,0.0014675,6.814310051106752,0.32943383916592966
1787022750131,0.001467,2937300.0,0.001468,1487245.0,0.0014675,6.814310051106752,0.32772974396237353
1787022750132,0.001467,2937300.0,0.001468,1438768.0,0.0014675,6.814310051106752,0.3424380059907661
1787022750211,0.001467,2937300.0,0.001468,1151224.0,0.0014675,6.814310051106752,0.43685104942517156
1787022750298,0.001467,2944114.0,0.001468,1151224.0,0.0014675,6.814310051106752,0.43778804093825713
1787022750314,0.001467,2955358.0,0.001468,1151224.0,0.0014675,6.814310051106752,0.4393274017175354
1787022750614,0.001467,2955358.0,0.001468,1941661.0,0.0014675,6.814310051106752,0.2070028725639006
1787022750616,0.001467,2955358.0,0.001468,1990138.0,0.0014675,6.814310051106752,0.19517152576809282
1787022750797,0.001467,2948544.0,0.001468,1990138.0,0.0014675,6.814310051106752,0.19406108755331888
1787022750798,0.001467,2948544.0,0.001468,2000855.0,0.0014675,6.814310051106752,0.191475571074387
1787022750957,0.001467,2943490.0,0.001468,2000855.0,0.0014675,6.814310051106752,0.19064911530243137
1787022751102,0.001466,19508556.0,0.001468,2000855.0,0.001467,13.633265167006352,0.8139553891085163
1787022751103,0.001467,3750.0,0.001468,2802234.0,0.0014675,6.814310051106752,-0.9973271408532621
1787022751104,0.001467,3750.0,0.001468,2468017.0,0.0014675,6.814310051106752,-0.9969657334206663
1787022751105,0.001467,3750.0,0.001468,3024006.0,0.0014675,6.814310051106752,-0.9975229179630063
1787022751106,0.001467,52227.0,0.001468,3132817.0,0.0014675,6.814310051106752,-0.9672048486614314
1787022751107,0.001467,52227.0,0.001468,3370937.0,0.0014675,6.814310051106752,-0.9694861245327422
1787022751108,0.001467,52227.0,0.001468,3389027.0,0.0014675,6.814310051106752,-0.9696465300149306
1787022751110,0.001467,52227.0,0.001468,3398057.0,0.0014675,6.814310051106752,-0.9697259703838872
1787022751122,0.001467,52227.0,0.001468,3351168.0,0.0014675,6.814310051106752,-0.9693088812788407
1787022751123,0.001467,123277.0,0.001468,3351168.0,0.0014675,6.814310051106752,-0.9290378751138672
1787022751135,0.001467,123277.0,0.001468,3314890.0,0.0014675,6.814310051106752,-0.9282891145194518
1787022751137,0.001467,1123277.0,0.001468,3314890.0,0.0014675,6.814310051106752,-0.493810395147366
1787022751158,0.001467,1955754.0,0.001468,3314890.0,0.0014675,6.814310051106752,-0.25786905736756266
1787022751170,0.001467,1123277.0,0.001468,3314890.0,0.0014675,6.814310051106752,-0.493810395147366
1787022751180,0.001467,1123277.0,0.001468,3304173.0,0.0014675,6.814310051106752,-0.49258512236163027
1787022751182,0.001467,1123277.0,0.001468,3310985.0,0.0014675,6.814310051106752,-0.49336462301956896
1787022751218,0.001467,1123277.0,0.001468,3321700.0,0.0014675,6.814310051106752,-0.4945859112431853
1787022751252,0.001467,1123277.0,0.001468,3314888.0,0.0014675,6.814310051106752,-0.4938101670397563
1787022751261,0.001467,1052227.0,0.001468,3314888.0,0.0014675,6.814310051106752,-0.518113445604249
1787022751273,0.001467,1063471.0,0.001468,3326132.0,0.0014675,6.814310051106752,-0.5154591428883204
1787022751388,0.001467,1939825.0,0.001468,3326132.0,0.0014675,6.814310051106752,-0.2632583213269687
1787022751761,0.001467,1951845.0,0.001468,1941714.0,0.0014675,6.814310051106752,0.002601989593582632
1787022751762,0.001467,2624508.0,0.001468,1941714.0,0.0014675,6.814310051106752,0.14953149452654732
1787022751763,0.001467,2615493.0,0.001468,1941714.0,0.0014675,6.814310051106752,0.14784911021158353
1787022751764,0.001467,2604249.0,0.001468,1941714.0,0.0014675,6.814310051106752,0.1457413973672905
1787022752028,0.001467,2604249.0,0.001468,2756362.0,0.0014675,6.814310051106752,-0.028376056386109717
1787022752118,0.001467,2604249.0,0.001468,2620030.0,0.0014675,6.814310051106752,-0.0030207039095729764
1787022752123,0.001467,2615493.0,0.001468,2620030.0,0.0014675,6.814310051106752,-0.0008665800914254412
1787022752124,0.001467,2615493.0,0.001468,2498118.0,0.0014675,6.814310051106752,0.022953447182431357
1787022752141,0.001467,2615493.0,0.001468,2109711.0,0.0014675,6.814310051106752,0.10703918814933705
1787022752151,0.001467,2615493.0,0.001468,1708554.0,0.0014675,6.814310051106752,0.20974309483685075
1787022752179,0.001467,2608565.0,0.001468,1708554.0,0.0014675,6.814310051106752,0.2084749111618188
1787022752181,0.001467,2612315.0,0.001468,1708554.0,0.0014675,6.814310051106752,0.20916186072755272
1787022752298,0.001467,2619129.0,0.001468,1708554.0,0.0014675,6.814310051106752,0.21040704691170772
1787022752360,0.001467,2619129.0,0.001468,1640435.0,0.0014675,6.814310051106752,0.22976389132784483
1787022752564,0.001467,2619129.0,0.001468,731346.0,0.0014675,6.814310051106752,0.5634374230519553
1787022752566,0.001467,2619129.0,0.001468,720102.0,0.0014675,6.814310051106752,0.5687018957358745
1787022752567,0.001467,2619129.0,0.001468,671625.0,0.0014675,6.814310051106752,0.5918108737389668
1787022752675,0.001467,2619129.0,0.001468,682869.0,0.0014675,6.814310051106752,0.5863904217991652
1787022752677,0.001467,2619129.0,0.001468,731346.0,0.0014675,6.814310051106752,0.5634374230519553
1787022752724,0.001467,2619129.0,0.001468,571346.0,0.0014675,6.814310051106752,0.6418426723293553
1787022752726,0.001467,2619129.0,0.001468,526616.0,0.0014675,6.814310051106752,0.6651883735013486
1787022752728,0.001467,2619129.0,0.001468,575093.0,0.0014675,6.814310051106752,0.6399166995906984
1787022752797,0.001467,2612315.0,0.001468,575093.0,0.0014675,6.814310051106752,0.6391469181228133
1787022752823,0.001467,2612315.0,0.001468,697005.0,0.0014675,6.814310051106752,0.5787624043610168
1787022752824,0.001467,2612315.0,0.001468,1372673.0,0.0014675,6.814310051106752,0.3110779756425866
1787022752825,0.001467,2612315.0,0.001468,1372673.0,0.0014675,6.814310051106752,0.3110779756425866
1787022752826,0.001467,2612315.0,0.001468,2221884.0,0.0014675,6.814310051106752,0.08076436241040139
1787022753075,0.001467,2612315.0,0.001468,2183737.0,0.0014675,6.814310051106752,0.08936058241236751
1787022753199,0.001467,21943866.0,0.001468,2183737.0,0.0014675,6.814310051106752,0.8189843392234197
1787022753200,0.001467,20391844.0,0.001468,2183737.0,0.0014675,6.814310051106752,0.806539906990655
1787022753201,0.001468,12483.0,0.001469,2618235.0,0.0014685,6.809669731018949,-0.9905098151911379
1787022753202,0.001468,12483.0,0.001469,1425507.0,0.0014685,6.809669731018949,-0.9826382659128367
1787022753203,0.001468,35202.0,0.001469,1630302.0,0.0014685,6.809669731018949,-0.9577281111303245
1787022753204,0.001468,35202.0,0.001469,2625872.0,0.0014685,6.809669731018949,-0.9735430130841908
1787022753205,0.001468,83679.0,0.001469,2625872.0,0.0014685,6.809669731018949,-0.9382340468955926
1787022753211,0.001468,759347.0,0.001469,2703563.0,0.0014685,6.809669731018949,-0.561439945017341
1787022753214,0.001468,759347.0,0.001469,2990141.0,0.0014685,6.809669731018949,-0.5949596318217314
1787022753249,0.001468,763435.0,0.001469,2990141.0,0.0014685,6.809669731018949,-0.593222569624273
1787022753282,0.001468,763435.0,0.001469,3007871.0,0.0014685,6.809669731018949,-0.5951349479464143
1787022753298,0.001468,763435.0,0.001469,3021493.0,0.0014685,6.809669731018949,-0.5965920619890259
1787022753300,0.001468,763435.0,0.001469,2580368.0,0.0014685,6.809669731018949,-0.5433732190562661
1787022753302,0.001468,763435.0,0.001469,2604081.0,0.0014685,6.809669731018949,-0.5465886427859585
1787022753303,0.001468,760785.0,0.001469,2604081.0,0.0014685,6.809669731018949,-0.5478066585712477
1787022753316,0.001468,760785.0,0.001469,2444081.0,0.0014685,6.809669731018949,-0.5252313201238367
1787022753317,0.001468,1760785.0,0.001469,2444081.0,0.0014685,6.809669731018949,-0.1625012544989543
1787022753361,0.001468,1760785.0,0.001469,2440335.0,0.0014685,6.809669731018949,-0.16175448451841415
1787022753381,0.001468,1760785.0,0.001469,2416622.0,0.0014685,6.809669731018949,-0.15699619405051984
1787022753382,0.001468,1760785.0,0.001469,2398892.0,0.0014685,6.809669731018949,-0.15340301662845457
1787022753394,0.001468,1760785.0,0.001469,2112314.0,0.0014685,6.809669731018949,-0.09076168721739361
1787022753395,0.001468,1772021.0,0.001469,2112314.0,0.0014685,6.809669731018949,-0.08760650149896958
1787022753396,0.001468,1772021.0,0.001469,2063837.0,0.0014685,6.809669731018949,-0.07607580885423809
1787022753412,0.001468,1772021.0,0.001469,2057116.0,0.0014685,6.809669731018949,-0.07445411328975693
1787022753450,0.001468,2561375.0,0.001469,2057116.0,0.0014685,6.809669731018949,0.10918263129667244
1787022753510,0.001468,2561375.0,0.001469,2811869.0,0.0014685,6.809669731018949,-0.04661876512587182
1787022753511,0.001468,2561375.0,0.001469,2933740.0,0.0014685,6.809669731018949,-0.06776291306005425
1787022753512,0.001468,2561375.0,0.001469,3609408.0,0.0014685,6.809669731018949,-0.16983792818512658
1787022753536,0.001468,2561375.0,0.001469,3895307.0,0.0014685,6.809669731018949,-0.20659713456540063
1787022753637,0.001468,2820276.0,0.001469,3895307.0,0.0014685,6.809669731018949,-0.16008007048680659
1787022753702,0.001468,2820276.0,0.001469,3888500.0,0.0014685,6.809669731018949,-0.15922785318812255
1787022753703,0.001468,2820276.0,0.001469,3899216.0,0.0014685,6.809669731018949,-0.16056868584708486
1787022753858,0.001468,2820276.0,0.001469,3852327.0,0.0014685,6.809669731018949,-0.15466992416602637
1787022753973,0.001468,2908828.0,0.001469,3852327.0,0.0014685,6.809669731018949,-0.13954701526588284
1787022754250,0.001468,2908828.0,0.001469,3063569.0,0.0014685,6.809669731018949,-0.025909362689720727
1787022754251,0.001468,2908828.0,0.001469,2916140.0,0.0014685,6.809669731018949,-0.0012552858659481048
1787022754252,0.001468,2908828.0,0.001469,2927376.0,0.0014685,6.809669731018949,-0.0031780931578128525
1787022754279,0.001468,2908828.0,0.001469,2237897.0,0.0014685,6.809669731018949,0.13036076339808325
1787022754529,0.001468,2901820.0,0.001469,2237897.0,0.0014685,6.809669731018949,0.12917501099768722
1787022754533,0.001468,2901820.0,0.001469,3482713.0,0.0014685,6.809669731018949,-0.09098441499166815
1787022754747,0.001468,2901820.0,0.001469,3471997.0,0.0014685,6.809669731018949,-0.08945612966296333
1787022754751,0.001468,2901820.0,0.001469,3486846.0,0.0014685,6.809669731018949,-0.09157248164170737
1787022754753,0.001468,1250602.0,0.001469,3486846.0,0.0014685,6.809669731018949,-0.4720355769604226
1787022754754,0.001468,362436.0,0.001469,3486846.0,0.0014685,6.809669731018949,-0.8116864391852818
1787022754755,0.001467,20413836.0,0.001468,908252.0,0.0014675,6.814310051106752,0.9148064673591066
1787022754756,0.001467,20526584.0,0.001468,1053450.0,0.0014675,6.814310051106752,0.9023680870938386
1787022754757,0.001467,20526584.0,0.001468,2270171.0,0.0014675,6.814310051106752,0.8008338467470479
1787022754758,0.001467,20526584.0,0.001468,2749844.0,0.0014675,6.814310051106752,0.7637228530082021
1787022754759,0.001467,20526584.0,0.001468,2639483.0,0.0014675,6.814310051106752,0.7721250655106885
1787022754828,0.001467,20526584.0,0.001468,2561401.0,0.0014675,6.814310051106752,0.7781182723394874
1787022754837,0.001467,20300541.0,0.001468,2561401.0,0.0014675,6.814310051106752,0.7759244599605756
1787022754838,0.001467,19481285.0,0.001468,2561401.0,0.0014675,6.814310051106752,0.7675962902161741
1787022754839,0.001467,19353552.0,0.001468,2561401.0,0.0014675,6.814310051106752,0.7662417072032963
1787022754840,0.001467,19353552.0,0.001468,2683313.0,0.0014675,6.814310051106752,0.7564705324464256
1787022754863,0.001467,19353552.0,0.001468,2969891.0,0.0014675,6.814310051106752,0.7339217790015635
1787022754937,0.001467,19364796.0,0.001468,2981135.0,0.0014675,6.814310051106752,0.7331831911590526
1787022754958,0.001467,20190172.0,0.001468,3764391.0,0.0014675,6.814310051106752,0.6857057254603225
1787022755137,0.001467,20190172.0,0.001468,2667659.0,0.0014675,6.814310051106752,0.7665868646942048
1787022755140,0.001467,20190172.0,0.001468,1884403.0,0.0014675,6.814310051106752,0.8292693743820663
1787022755240,0.001467,20190172.0,0.001468,1160258.0,0.0014675,6.814310051106752,0.891312915009206
1787022755242,0.001467,20190172.0,0.001468,1149014.0,0.0014675,6.814310051106752,0.8923094817206242
1787022755246,0.001467,20190172.0,0.001468,1044003.0,0.0014675,6.814310051106752,0.9016676654496819
1787022755274,0.001467,20190172.0,0.001468,757425.0,0.0014675,6.814310051106752,0.9276838293194203
1787022755319,0.001467,20190172.0,0.001468,805902.0,0.0014675,6.814310051106752,0.9232330768123602
1787022755496,0.001467,20190172.0,0.001468,533210.0,0.0014675,6.814310051106752,0.9485402527444603
1787022755497,0.001467,20190172.0,0.001468,536957.0,0.0014675,6.814310051106752,0.9481880003738096
1787022755498,0.001467,20245848.0,0.001468,536957.0,0.0014675,6.814310051106752,0.9483268018922374
1787022755499,0.001467,20245848.0,0.001468,585434.0,0.0014675,6.814310051106752,0.9437928016144181
1787022755697,0.001467,20304824.0,0.001468,585434.0,0.0014675,6.814310051106752,0.9439514820736058
1787022755725,0.001467,20301289.0,0.001468,585434.0,0.0014675,6.814310051106752,0.9439419960709011
1787022755734,0.001467,20301289.0,0.001468,579982.0,0.0014675,6.814310051106752,0.944449550029785
1787022755761,0.001467,20301289.0,0.001468,263138.0,0.0014675,6.814310051106752,0.9744084286909623
1787022755875,0.001467,20294939.0,0.001468,263138.0,0.0014675,6.814310051106752,0.9744005239400553
1787022755876,0.001467,20298689.0,0.001468,263138.0,0.0014675,6.814310051106752,0.9744051926903188
1787022755934,0.001467,20298689.0,0.001468,176902.0,0.0014675,6.814310051106752,0.982720694118182
1787022755951,0.001467,20298689.0,0.001468,148921.0,0.0014675,6.814310051106752,0.985433896675455
1787022756046,0.001467,20458689.0,0.001468,148921.0,0.0014675,6.814310051106752,0.985546989680026
1787022756309,0.001467,20391984.0,0.001468,148921.0,0.0014675,6.814310051106752,0.9855000546470567
1787022756410,0.001467,20551984.0,0.001468,148921.0,0.0014675,6.814310051106752,0.985612126619585
1787022756590,0.001467,20711984.0,0.001468,148921.0,0.0014675,6.814310051106752,0.9857224794418076
1787022757129,0.001467,20704958.0,0.001468,148921.0,0.0014675,6.814310051106752,0.9857176691204548
1787022757265,0.001467,20704958.0,0.001468,143510.0,0.0014675,6.814310051106752,0.9862330411999577
1787022757779,0.001467,20704958.0,0.001468,140152.0,0.0014675,6.814310051106752,0.9865530093148944
1787022758283,0.001467,20701673.0,0.001468,140152.0,0.0014675,6.814310051106752,0.9865508898572942
1787022758453,0.001467,20701673.0,0.001468,91675.0,0.0014675,6.814310051106752,0.9911822761779392
1787022758454,0.001467,20701673.0,0.001468,80431.0,0.0014675,6.814310051106752,0.992259590270552
1787022758455,0.001468,603816.0,0.001469,4086979.0,0.0014685,6.809669731018949,-0.7425528082126803
1787022758456,0.001468,684139.0,0.001469,2467132.0,0.0014685,6.809669731018949,-0.5658012275047116
1787022758457,0.001468,552099.0,0.001469,2662302.0,0.0014685,6.809669731018949,-0.6564840541052595
1787022758458,0.001468,541881.0,0.001469,3098922.0,0.0014685,6.809669731018949,-0.702328854376356
1787022758459,0.001468,541881.0,0.001469,3105404.0,0.0014685,6.809669731018949,-0.7028578792170066
1787022758476,0.001468,541881.0,0.001469,3391982.0,0.0014685,6.809669731018949,-0.7245043866550512
1787022758478,0.001468,541881.0,0.001469,3380738.0,0.0014685,6.809669731018949,-0.7237146916384181
1787022758511,0.001468,545969.0,0.001469,3380738.0,0.0014685,6.809669731018949,-0.7219201738250397
1787022758525,0.001468,545969.0,0.001469,3394354.0,0.0014685,6.809669731018949,-0.7228810937580498
1787022758577,0.001468,557205.0,0.001469,3405590.0,0.0014685,6.809669731018949,-0.7187818193976726
1787022758594,0.001468,557205.0,0.001469,3398782.0,0.0014685,6.809669731018949,-0.7182978609383701
1787022758595,0.001468,557205.0,0.001469,3391974.0,0.0014685,6.809669731018949,-0.7178122338845618
1787022758678,0.001468,557205.0,0.001469,4199013.0,0.0014685,6.809669731018949,-0.7656940871928074
1787022758680,0.001468,557205.0,0.001469,4213862.0,0.0014685,6.809669731018949,-0.7664233178867537
1787022758830,0.001468,557205.0,0.001469,4301209.0,0.0014685,6.809669731018949,-0.770622676453674
1787022758912,0.001468,1461843.0,0.001469,4301209.0,0.0014685,6.809669731018949,-0.49268443179065535
1787022758913,0.001468,1461843.0,0.001469,4301209.0,0.0014685,6.809669731018949,-0.49268443179065535
1787022758931,0.001468,1385267.0,0.001469,4301209.0,0.0014685,6.809669731018949,-0.5127854228172246
1787022759048,0.001468,1985267.0,0.001469,4301209.0,0.0014685,6.809669731018949,-0.3684006747182364
1787022759331,0.001468,1978312.0,0.001469,4301209.0,0.0014685,6.809669731018949,-0.36991627227618157
1787022759333,0.001468,1378312.0,0.001469,4301209.0,0.0014685,6.809669731018949,-0.5146379421785746
1787022759334,0.001468,473674.0,0.001469,4301209.0,0.0014685,6.809669731018949,-0.8015976517120943
1787022759335,0.001468,473674.0,0.001469,4301209.0,0.0014685,6.809669731018949,-0.8015976517120943
1787022759492,0.001468,473674.0,0.001469,3913066.0,0.0014685,6.809669731018949,-0.784042819952858
1787022759494,0.001468,473674.0,0.001469,3512182.0,0.0014685,6.809669731018949,-0.7623225726167729
1787022759507,0.001468,480228.0,0.001469,3512182.0,0.0014685,6.809669731018949,-0.7594295175094742
1787022759585,0.001468,497135.0,0.001469,3512182.0,0.0014685,6.809669731018949,-0.7520101304037571
1787022759976,0.001468,525670.0,0.001469,3512182.0,0.0014685,6.809669731018949,-0.7396288917969257
1787022760036,0.001468,1525670.0,0.001469,3512182.0,0.0014685,6.809669731018949,-0.39431726061027594
1787022760038,0.001468,1525670.0,0.001469,3512182.0,0.0014685,6.809669731018949,-0.39431726061027594
1787022760039,0.001468,2424982.0,0.001469,3512182.0,0.0014685,6.809669731018949,-0.18311773095706974
1787022760549,0.001468,2418515.0,0.001469,3512182.0,0.0014685,6.809669731018949,-0.1844078360435544
1787022760724,0.001468,2418515.0,0.001469,2688443.0,0.0014685,6.809669731018949,-0.052854948092386896
1787022760725,0.001468,2418515.0,0.001469,1870300.0,0.0014685,6.809669731018949,0.12782435241436155
1787022760727,0.001468,3128007.0,0.001469,1870300.0,0.0014685,6.809669731018949,0.2516266007670197
1787022760728,0.001468,3128007.0,0.001469,1870300.0,0.0014685,6.809669731018949,0.2516266007670197
1787022760777,0.001468,3131413.0,0.001469,1870300.0,0.0014685,6.809669731018949,0.2521362181316681
1787022760800,0.001468,3131413.0,0.001469,1897536.0,0.0014685,6.809669731018949,0.24535484452119122
1787022760832,0.001468,3131413.0,0.001469,1810189.0,0.0014685,6.809669731018949,0.2673675459901465
1787022760833,0.001468,3131413.0,0.001469,1798953.0,0.0014685,6.809669731018949,0.2702557984539079
1787022760834,0.001468,3131413.0,0.001469,1810189.0,0.0014685,6.809669731018949,0.2673675459901465
1787022760902,0.001468,3114897.0,0.001469,1810189.0,0.0014685,6.809669731018949,0.2649107040973498
1787022760966,0.001468,3114897.0,0.001469,2717208.0,0.0014685,6.809669731018949,0.06818961592769678
1787022761630,0.001468,3143439.0,0.001469,2717208.0,0.0014685,6.809669731018949,0.0727276357030205
1787022761665,0.001468,3143439.0,0.001469,2730173.0,0.0014685,6.809669731018949,0.07035977180651361
1787022761747,0.001468,3140089.0,0.001469,2730173.0,0.0014685,6.809669731018949,0.06982925123273885
1787022762000,0.001468,3140089.0,0.001469,2717208.0,0.0014685,6.809669731018949,0.07219729510045333
1787022762002,0.001468,3140089.0,0.001469,1810189.0,0.0014685,6.809669731018949,0.26865157875981915
1787022762003,0.001468,3140089.0,0.001469,1798953.0,0.0014685,6.809669731018949,0.27153767876442436
1787022762005,0.001468,3140089.0,0.001469,1658205.0,0.0014685,6.809669731018949,0.3088355986523544
1787022762261,0.001468,3140089.0,0.001469,2367697.0,0.0014685,6.809669731018949,0.14023638536428248
1787022762291,0.001468,3140089.0,0.001469,3256826.0,0.0014685,6.809669731018949,-0.018248952815536863
1787022762295,0.001468,3140089.0,0.001469,3268062.0,0.0014685,6.809669731018949,-0.01997034714069628
1787022762382,0.001468,2430597.0,0.001469,3268062.0,0.0014685,6.809669731018949,-0.1469582580743996
1787022762584,0.001468,1531285.0,0.001469,3268062.0,0.0014685,6.809669731018949,-0.36187777212191574
1787022762632,0.001468,1531285.0,0.001469,3282910.0,0.0014685,6.809669731018949,-0.36384587662111734
1787022762831,0.001468,1531285.0,0.001469,3538124.0,0.0014685,6.809669731018949,-0.3958723788118102
1787022762843,0.001468,1524639.0,0.001469,3538124.0,0.0014685,6.809669731018949,-0.3977047710904105
1787022762853,0.001468,1174639.0,0.001469,3538124.0,0.0014685,6.809669731018949,-0.5015072898849359
1787022762856,0.001468,504411.0,0.001469,3538124.0,0.0014685,6.809669731018949,-0.750448171753615
1787022762857,0.001467,20667942.0,0.001468,1072479.0,0.0014675,6.814310051106752,0.9013377891808075
1787022762858,0.001467,20656705.0,0.001468,1256915.0,0.0014675,6.814310051106752,0.8852845855682447
1787022762859,0.001467,19833806.0,0.001468,1393047.0,0.0014675,6.814310051106752,0.8687467237842558
1787022762860,0.001467,19819887.0,0.001468,1349488.0,0.0014675,6.814310051106752,0.8725056360898704
1787022762861,0.001467,19819887.0,0.001468,1319253.0,0.0014675,6.814310051106752,0.8751838532693383
1787022762862,0.001467,19805968.0,0.001468,1323000.0,0.0014675,6.814310051106752,0.8747690847939189
1787022762895,0.001467,19805968.0,0.001468,1610460.0,0.0014675,6.814310051106752,0.8496051722537484
1787022762931,0.001467,19805968.0,0.001468,1606640.0,0.0014675,6.814310051106752,0.8499351410159846
1787022763059,0.001467,20692740.0,0.001468,2483898.0,0.0014675,6.814310051106752,0.7856550203700813
1787022763107,0.001467,20703984.0,0.001468,2495142.0,0.0014675,6.814310051106752,0.7848934481411067
1787022763256,0.001467,20703984.0,0.001468,1645110.0,0.0014675,6.814310051106752,0.8527806093616144
1787022763257,0.001467,20703984.0,0.001468,1489008.0,0.0014675,6.814310051106752,0.8658127754923717
1787022763285,0.001467,20703984.0,0.001469,2556414.0,0.0014680000000000001,13.623978201635207,0.7801917232886557
1787022763286,0.001468,420313.0,0.001469,2541692.0,0.0014685,6.809669731018949,-0.7161969679321946
1787022763287,0.001468,1068790.0,0.001469,2430625.0,0.0014685,6.809669731018949,-0.38916075972698294
1787022763288,0.001468,468790.0,0.001469,2430625.0,0.0014685,6.809669731018949,-0.676631320456023
1787022763303,0.001468,468790.0,0.001469,2710502.0,0.0014685,6.809669731018949,-0.7050978645560081
1787022763327,0.001468,472537.0,0.001469,2710502.0,0.0014685,6.809669731018949,-0.703090662728292
1787022763341,0.001468,477645.0,0.001469,2710502.0,0.0014685,6.809669731018949,-0.70036199710992
1787022763374,0.001468,477645.0,0.001469,2706756.0,0.0014685,6.809669731018949,-0.7000095151333013
1787022763494,0.001468,477645.0,0.001469,3554537.0,0.0014685,6.809669731018949,-0.7630836108092343
1787022763497,0.001468,2004149.0,0.001469,3565773.0,0.0014685,6.809669731018949,-0.2803673013733406
1787022763498,0.001468,1992913.0,0.001469,3565773.0,0.0014685,6.809669731018949,-0.2829553603135705
1787022763557,0.001468,1187137.0,0.001469,3565773.0,0.0014685,6.809669731018949,-0.5004588767723352
1787022763558,0.001468,477645.0,0.001469,3565773.0,0.0014685,6.809669731018949,-0.7637419628640917
1787022763618,0.001468,477645.0,0.001469,3578737.0,0.0014685,6.809669731018949,-0.7644970320842563
1787022763619,0.001468,488881.0,0.001469,3578737.0,0.0014685,6.809669731018949,-0.7596229537778622
1787022763746,0.001468,488881.0,0.00147,1533057.0,0.0014689999999999998,13.61470388019094,-0.5164233522491788
1787022763747,0.001468,1268078.0,0.001469,3745.0,0.0014685,6.809669731018949,0.9941108157345794
1787022763748,0.001468,1256842.0,0.001469,3745.0,0.0014685,6.809669731018949,0.994058323622249
1787022763762,0.001468,1256842.0,0.001469,286984.0,0.0014685,6.809669731018949,0.6282171695514909
1787022763774,0.001468,1256842.0,0.001469,3745.0,0.0014685,6.809669731018949,0.994058323622249
1787022763777,0.001468,1256842.0,0.001469,24918.0,0.0014685,6.809669731018949,0.9611190862563974
1787022763778,0.001468,1349522.0,0.001469,24918.0,0.0014685,6.809669731018949,0.9637408690084689
1787022763796,0.001468,1349522.0,0.001469,31727.0,0.0014685,6.809669731018949,0.9540604192292628
1787022763835,0.001468,1349522.0,0.001469,228467.0,0.0014685,6.809669731018949,0.7104327089732565
1787022763855,0.001468,1349522.0,0.001469,514233.0,0.0014685,6.809669731018949,0.4481753234733106
1787022763856,0.001468,1256842.0,0.001469,514233.0,0.0014685,6.809669731018949,0.4192984486822975
1787022763858,0.001468,1256842.0,0.001469,562710.0,0.0014685,6.809669731018949,0.3814851128189796
1787022763860,0.001468,1187137.0,0.001469,562710.0,0.0014685,6.809669731018949,0.35684662716226045
1787022763898,0.001468,1198373.0,0.001469,573946.0,0.0014685,6.809669731018949,0.3523220142649264
1787022763925,0.001468,1193380.0,0.001469,573946.0,0.0014685,6.809669731018949,0.3504922125289845
1787022763930,0.001468,1193380.0,0.001469,1283438.0,0.0014685,6.809669731018949,-0.036360362368167545
1787022763932,0.001468,1193380.0,0.001469,1272202.0,0.0014685,6.809669731018949,-0.031968922550537765
1787022763938,0.001468,1193380.0,0.001469,1280906.0,0.0014685,6.809669731018949,-0.03537424533784696
1787022763951,0.001468,1975849.0,0.001469,2114780.0,0.0014685,6.809669731018949,-0.033963236460700784
1787022763995,0.001468,1975849.0,0.001469,2142018.0,0.0014685,6.809669731018949,-0.040353173135509235
1787022763999,0.001468,1975849.0,0.001469,2313702.0,0.0014685,6.809669731018949,-0.07876185642739765
1787022764000,0.001468,1975849.0,0.001469,2324938.0,0.0014685,6.809669731018949,-0.08116863262468009
1787022764043,0.001468,1975849.0,0.001469,2238702.0,0.0014685,6.809669731018949,-0.06236797229408305
1787022764044,0.001468,1975849.0,0.001469,2229998.0,0.0014685,6.809669731018949,-0.060427542894451465
1787022764062,0.001468,1975849.0,0.001469,2202017.0,0.0014685,6.809669731018949,-0.05413481428078354
1787022764098,0.001468,1975849.0,0.001469,2030333.0,0.0014685,6.809669731018949,-0.013599981229010565
1787022764217,0.001468,1975849.0,0.001469,2034078.0,0.0014685,6.809669731018949,-0.014521211982163267
1787022764715,0.001468,1975849.0,0.001469,2042782.0,0.0014685,6.809669731018949,-0.016655672043539207
1787022765048,0.001468,1975849.0,0.001469,2044547.0,0.0014685,6.809669731018949,-0.017087371492758425
1787022765078,0.001468,1193380.0,0.001469,2044547.0,0.0014685,6.809669731018949,-0.2628740549122942
1787022765079,0.001468,1193380.0,0.001469,2044547.0,0.0014685,6.809669731018949,-0.2628740549122942
1787022765104,0.001468,1193380.0,0.001469,2064315.0,0.0014685,6.809669731018949,-0.2673470045538333
1787022765105,0.001468,1187052.0,0.001469,2064315.0,0.0014685,6.809669731018949,-0.269813589176491
1787022765108,0.001468,421851.0,0.001469,2661307.0,0.0014685,6.809669731018949,-0.7263513579258669
1787022765110,0.001468,70871.0,0.001469,2661307.0,0.0014685,6.809669731018949,-0.9481212424666329
1787022765111,0.001468,20091.0,0.001469,2783168.0,0.0014685,6.809669731018949,-0.9856659695019262
1787022765112,0.001468,8855.0,0.001469,2783168.0,0.0014685,6.809669731018949,-0.9936569290439227
1787022765113,0.001468,8855.0,0.001469,3224050.0,0.0014685,6.809669731018949,-0.9945219547125573
1787022765114,0.001468,8855.0,0.001469,3246750.0,0.0014685,6.809669731018949,-0.9945601508782546
1787022765115,0.001468,8855.0,0.001469,3246750.0,0.0014685,6.809669731018949,-0.9945601508782546
1787022765117,0.001468,57332.0,0.001469,3246750.0,0.0014685,6.809669731018949,-0.9652962608070865
1787022765118,0.001468,57332.0,0.001469,3406428.0,0.0014685,6.809669731018949,-0.9668960897983694
1787022765121,0.001468,8855.0,0.001469,3406428.0,0.0014685,6.809669731018949,-0.9948144853588999
1787022765130,0.001467,20530445.0,0.001468,328381.0,0.0014675,6.814310051106752,0.9685139518398591
1787022765132,0.001467,20519208.0,0.001468,587379.0,0.0014675,6.814310051106752,0.9443416408346835
1787022765133,0.001467,20519208.0,0.001468,1036876.0,0.0014675,6.814310051106752,0.9037973687614133
1787022765149,0.001467,20536250.0,0.001468,1036876.0,0.0014675,6.814310051106752,0.9038733654084253
1787022765158,0.001467,20536250.0,0.001468,1040623.0,0.0014675,6.814310051106752,0.9035427422685391
1787022765160,0.001467,20536250.0,0.001468,1318851.0,0.0014675,6.814310051106752,0.8793095488325586
1787022765162,0.001467,20536250.0,0.001468,990470.0,0.0014675,6.814310051106752,0.9079776203713339
1787022765163,0.001467,20536250.0,0.001468,772357.0,0.0014675,6.814310051106752,0.9275075090549091
1787022765212,0.001467,20536250.0,0.001468,906375.0,0.0014675,6.814310051106752,0.9154604438589026
1787022765233,0.001467,20547494.0,0.001468,917619.0,0.0014675,6.814310051106752,0.9145013585532953
1787022765266,0.001467,20547494.0,0.001468,917619.0,0.0014675,6.814310051106752,0.9145013585532953
1787022765318,0.001467,21366986.0,0.001468,917619.0,0.0014675,6.814310051106752,0.9176454776739368
1787022765361,0.001467,21363238.0,0.001468,917619.0,0.0014675,6.814310051106752,0.917631624313194
1787022765399,0.001467,21363238.0,0.001468,971796.0,0.0014675,6.814310051106752,0.9129801190363086
1787022765402,0.001467,21363238.0,0.001468,1143480.0,0.0014675,6.814310051106752,0.8983876725162683
1787022765500,0.001467,21363238.0,0.001468,971796.0,0.0014675,6.814310051106752,0.9129801190363086
1787022765990,0.001467,21359079.0,0.001468,971796.0,0.0014675,6.814310051106752,0.912963912072411
1787022766178,0.001467,21354430.0,0.001468,971796.0,0.0014675,6.814310051106752,0.9129457885089939
1787022766188,0.001467,21354430.0,0.001468,570776.0,0.0014675,6.814310051106752,0.9479342634226561
1787022766308,0.001467,21349954.0,0.001468,570776.0,0.0014675,6.814310051106752,0.9479236321053177
1787022766398,0.001467,21349954.0,0.001468,516599.0,0.0014675,6.814310051106752,0.9527498458490462
1787022766707,0.001467,21353405.0,0.001468,516599.0,0.0014675,6.814310051106752,0.9527573017362045
1787022766709,0.001467,21353405.0,0.001468,525302.0,0.0014675,6.814310051106752,0.9519805260886761
1787022766903,0.001467,21280607.0,0.001468,525302.0,0.0014675,6.814310051106752,0.9518202153370446
1787022767118,0.001467,21280607.0,0.001468,646846.0,0.0014675,6.814310051106752,0.9410012644879457
1787022767119,0.001467,21280607.0,0.001468,635602.0,0.0014675,6.814310051106752,0.9419970853535846
1787022767120,0.001467,21280607.0,0.001468,646846.0,0.0014675,6.814310051106752,0.9410012644879457
1787022767127,0.001467,21275258.0,0.001468,646846.0,0.0014675,6.814310051106752,0.9409868687786537
1787022768387,0.001467,21272587.0,0.001468,646846.0,0.0014675,6.814310051106752,0.9409796777133788
1787022769289,0.001467,21272587.0,0.001468,441236.0,0.0014675,6.814310051106752,0.9593589760771284
1787022769291,0.001467,21272587.0,0.001468,484757.0,0.0014675,6.814310051106752,0.955439689697419
1787022769404,0.001467,21272587.0,0.001468,493460.0,0.0014675,6.814310051106752,0.9546578209630807
1787022769431,0.001467,21266215.0,0.001468,493460.0,0.0014675,6.814310051106752,0.954644543174473
1787022769793,0.001467,21266215.0,0.001468,444983.0,0.0014675,6.814310051106752,0.9590088948569305
1787022769865,0.001467,21294771.0,0.001468,444983.0,0.0014675,6.814310051106752,0.9590627382444162
1787022770165,0.001467,21291183.0,0.001468,444983.0,0.0014675,6.814310051106752,0.9590559807097535
1787022770768,0.001467,21291183.0,0.001468,493460.0,0.0014675,6.814310051106752,0.9546965263557452
1787022770797,0.001467,21288661.0,0.001468,493460.0,0.0014675,6.814310051106752,0.9546912809822331
1787022770798,0.001467,21288661.0,0.001468,500274.0,0.0014675,6.814310051106752,0.9540799951902192
1787022771295,0.001467,21288661.0,0.001468,493460.0,0.0014675,6.814310051106752,0.9546912809822331
1787022771517,0.001467,21296682.0,0.001468,493460.0,0.0014675,6.814310051106752,0.9547079592230284
1787022771520,0.001467,21264649.0,0.001468,493460.0,0.0014675,6.814310051106752,0.9546412787986309
1787022771661,0.001467,24279597.0,0.001468,493460.0,0.0014675,6.814310051106752,0.9601615577762567
1787022771765,0.001467,23570105.0,0.001468,1267008.0,0.0014675,6.814310051106752,0.8979746156487672
1787022771766,0.001467,22750613.0,0.001468,1255764.0,0.0014675,6.814310051106752,0.8953807981937466
1787022771767,0.001467,22750613.0,0.001468,2000765.0,0.0014675,6.814310051106752,0.8383310214081818
1787022771768,0.001467,22750613.0,0.001468,2012009.0,0.0014675,6.814310051106752,0.8374962877517574
1787022771975,0.001467,23650328.0,0.001468,2012009.0,0.0014675,6.814310051106752,0.8431936265196736
1787022772004,0.001467,23647431.0,0.001468,2012009.0,0.0014675,6.814310051106752,0.8431759227792969
1787022772712,0.001467,23647431.0,0.001468,2003306.0,0.0014675,6.814310051106752,0.8438012911675793
1787022772798,0.001467,23647431.0,0.001468,2010120.0,0.0014675,6.814310051106752,0.8433116239348019
1787022772831,0.001467,23647431.0,0.001468,2059236.0,0.0014675,6.814310051106752,0.8397897323678717
1787022772896,0.001467,23647431.0,0.001468,2045572.0,0.0014675,6.814310051106752,0.8407681655585375
1787022773027,0.001467,23647431.0,0.001468,2054275.0,0.0014675,6.814310051106752,0.8401448526412993
1787022773034,0.001467,23647431.0,0.001468,1280727.0,0.0014675,6.814310051106752,0.8972465594930841
1787022773035,0.001467,23647431.0,0.001468,524482.0,0.0014675,6.814310051106752,0.9566040139231016
1787022773036,0.001467,23647431.0,0.001468,535726.0,0.0014675,6.814310051106752,0.955694287557245
1787022773039,0.001467,23647431.0,0.001468,657626.0,0.0014675,6.814310051106752,0.9458856648639006
1787022773298,0.001467,23647431.0,0.001468,650812.0,0.0014675,6.814310051106752,0.9464313530817846
1787022773391,0.001467,23643873.0,0.001468,650812.0,0.0014675,6.814310051106752,0.9464235078577886
1787022773526,0.001467,24388874.0,0.001468,650812.0,0.0014675,6.814310051106752,0.9480175590061313
1787022773527,0.001467,24388874.0,0.001468,593632.0,0.0014675,6.814310051106752,0.9524761847350302
1787022773528,0.001468,10218.0,0.001469,3234838.0,0.0014685,6.809669731018949,-0.9937024199274219
1787022773529,0.001468,97486.0,0.001469,1780876.0,0.0014685,6.809669731018949,-0.8962010517674441
1787022773530,0.001468,97486.0,0.001469,2052175.0,0.0014685,6.809669731018949,-0.9093010479326741
1787022773531,0.001468,97486.0,0.001469,2068812.0,0.0014685,6.809669731018949,-0.9099976088239015
1787022773532,0.001468,149710.0,0.001469,2351801.0,0.0014685,6.809669731018949,-0.8803043440544535
1787022773547,0.001468,101233.0,0.001469,2351801.0,0.0014685,6.809669731018949,-0.917463027418291
1787022773548,0.001468,149710.0,0.001469,2351801.0,0.0014685,6.809669731018949,-0.8803043440544535
1787022773553,0.001468,139492.0,0.001469,2351801.0,0.0014685,6.809669731018949,-0.8880163834603156
1787022773563,0.001468,144548.0,0.001469,2351801.0,0.0014685,6.809669731018949,-0.8841924746900374
1787022773598,0.001468,144548.0,0.001469,2610004.0,0.0014685,6.809669731018949,-0.8950479061567906
1787022773602,0.001468,144548.0,0.001469,2619227.0,0.0014685,6.809669731018949,-0.8953981420339934
1787022773611,0.001468,96071.0,0.001469,2619227.0,0.0014685,6.809669731018949,-0.929237232893038
1787022773614,0.001468,144548.0,0.001469,2619227.0,0.0014685,6.809669731018949,-0.8953981420339934
1787022773724,0.001468,144548.0,0.001469,2630463.0,0.0014685,6.809669731018949,-0.8958216742203905
1787022773725,0.001468,155784.0,0.001469,2630463.0,0.0014685,6.809669731018949,-0.8881764610244534
1787022773726,0.001468,107307.0,0.001469,2630463.0,0.0014685,6.809669731018949,-0.9216099234048148
1787022773727,0.001468,155784.0,0.001469,2630463.0,0.0014685,6.809669731018949,-0.8881764610244534
1787022773736,0.001468,155784.0,0.001469,3401139.0,0.0014685,6.809669731018949,-0.9124051884170672
1787022773756,0.001468,155784.0,0.001469,3425111.0,0.0014685,6.809669731018949,-0.9129915845061081
1787022773758,0.001468,107307.0,0.001469,3425111.0,0.0014685,6.809669731018949,-0.939244449552686
1787022773761,0.001467,24396090.0,0.001469,3643224.0,0.0014680000000000001,13.623978201635207,0.7401345838917457
1787022773762,0.001467,23477915.0,0.001468,362301.0,0.0014675,6.814310051106752,0.9696058961881889
1787022773763,0.001467,23477915.0,0.001468,450814.0,0.0014675,6.814310051106752,0.9623202720044178
1787022773764,0.001467,23477915.0,0.001468,712052.0,0.0014675,6.814310051106752,0.9411283198526067
1787022773765,0.001467,22732914.0,0.001468,672016.0,0.0014675,6.814310051106752,0.9425748335927516
1787022773766,0.001467,22708942.0,0.001468,672016.0,0.0014675,6.814310051106752,0.9425159567884258
1787022773767,0.001467,21726698.0,0.001468,2017017.0,0.0014675,6.814310051106752,0.8301009761951742
1787022773769,0.001467,21726698.0,0.001468,2429989.0,0.0014675,6.814310051106752,0.7988143821211907
1787022773770,0.001467,21062047.0,0.001468,2029989.0,0.0014675,6.814310051106752,0.8241827615373543
1787022773772,0.001467,20647611.0,0.001468,2029989.0,0.0014675,6.814310051106752,0.8209696793311462
1787022773776,0.001467,20647611.0,0.001468,2200453.0,0.0014675,6.814310051106752,0.8073838553673519
1787022773794,0.001467,20647611.0,0.001468,2481905.0,0.0014675,6.814310051106752,0.7853906670593539
1787022773829,0.001467,20647611.0,0.001468,2601265.0,0.0014675,6.814310051106752,0.7762244505927942
1787022773831,0.001467,20647611.0,0.001468,2860609.0,0.0014675,6.814310051106752,0.7566290429475306
1787022773834,0.001467,19013294.0,0.001468,2860609.0,0.0014675,6.814310051106752,0.7384454891292148
1787022773835,0.001467,17137078.0,0.001468,2860609.0,0.0014675,6.814310051106752,0.7139060132304301
1787022773836,0.001467,16787429.0,0.001468,2860609.0,0.0014675,6.814310051106752,0.708814793619597
1787022773846,0.001467,16557643.0,0.001468,2860609.0,0.0014675,6.814310051106752,0.7053690517560489
1787022773901,0.001467,16557643.0,0.001468,2872088.0,0.0014675,6.814310051106752,0.704361527187381
1787022773923,0.001467,16568887.0,0.001468,2883332.0,0.0014675,6.814310051106752,0.7035472405487518
1787022773967,0.001467,17361090.0,0.001468,3681494.0,0.0014675,6.814310051106752,0.6500910724652448
1787022773999,0.001467,17361090.0,0.001468,3856925.0,0.0014675,6.814310051106752,0.6364480843283408
1787022774055,0.001467,17354846.0,0.001468,3856925.0,0.0014675,6.814310051106752,0.6363410674195945
1787022774057,0.001467,17354846.0,0.001468,3863745.0,0.0014675,6.814310051106752,0.6358151208060894
1787022774058,0.001467,17354846.0,0.001468,3856925.0,0.0014675,6.814310051106752,0.6363410674195945
1787022774059,0.001467,17354846.0,0.001468,3863745.0,0.0014675,6.814310051106752,0.6358151208060894
1787022774060,0.001467,17354846.0,0.001468,3856925.0,0.0014675,6.814310051106752,0.6363410674195945
1787022774074,0.001467,17354846.0,0.001468,3863745.0,0.0014675,6.814310051106752,0.6358151208060894
1787022774075,0.001467,17354846.0,0.001468,3856925.0,0.0014675,6.814310051106752,0.6363410674195945
1787022774077,0.001467,17354846.0,0.001468,3856925.0,0.0014675,6.814310051106752,0.6363410674195945
1787022774103,0.001467,17354846.0,0.001468,3856925.0,0.0014675,6.814310051106752,0.6363410674195945
1787022774105,0.001467,17354846.0,0.001468,3863745.0,0.0014675,6.814310051106752,0.6358151208060894
1787022774106,0.001467,17354846.0,0.001468,3856925.0,0.0014675,6.814310051106752,0.6363410674195945
1787022774122,0.001467,17354846.0,0.001468,3856925.0,0.0014675,6.814310051106752,0.6363410674195945
1787022774124,0.001467,17354846.0,0.001468,3863745.0,0.0014675,6.814310051106752,0.6358151208060894
1787022774134,0.001467,17354846.0,0.001468,3856925.0,0.0014675,6.814310051106752,0.6363410674195945
1787022774140,0.001467,17354846.0,0.001468,3863745.0,0.0014675,6.814310051106752,0.6358151208060894
1787022774141,0.001467,17354846.0,0.001468,3856925.0,0.0014675,6.814310051106752,0.6363410674195945
1787022774158,0.001467,17354846.0,0.001468,3863745.0,0.0014675,6.814310051106752,0.6358151208060894
1787022774188,0.001467,17354846.0,0.001468,3955996.0,0.0014675,6.814310051106752,0.6287339561712296
1787022774200,0.001467,17288411.0,0.001468,3955996.0,0.0014675,6.814310051106752,0.6275729419041916
1787022774201,0.001467,17288411.0,0.001468,3949176.0,0.0014675,6.814310051106752,0.628095602386467
1787022774202,0.001467,17288411.0,0.001468,3937697.0,0.0014675,6.814310051106752,0.6289760704129085
1787022774264,0.001467,17288411.0,0.001468,3944517.0,0.0014675,6.814310051106752,0.6284528445629355
1787022774265,0.001467,17288411.0,0.001468,3937697.0,0.0014675,6.814310051106752,0.6289760704129085
1787022774283,0.001467,17288411.0,0.001468,3944517.0,0.0014675,6.814310051106752,0.6284528445629355
1787022774284,0.001467,17288411.0,0.001468,3937697.0,0.0014675,6.814310051106752,0.6289760704129085
1787022774301,0.001467,17288411.0,0.001468,3950454.0,0.0014675,6.814310051106752,0.627997635466867
1787022774302,0.001467,17288411.0,0.001468,3957274.0,0.0014675,6.814310051106752,0.6274750378723962
1787022774303,0.001467,17288411.0,0.001468,3950454.0,0.0014675,6.814310051106752,0.627997635466867
1787022774321,0.001467,17288411.0,0.001468,3950454.0,0.0014675,6.814310051106752,0.627997635466867
1787022774323,0.001467,17288411.0,0.001468,3957274.0,0.0014675,6.814310051106752,0.6274750378723962
1787022774324,0.001467,17288411.0,0.001468,3950454.0,0.0014675,6.814310051106752,0.627997635466867
1787022774339,0.001467,17288411.0,0.001468,3957274.0,0.0014675,6.814310051106752,0.6274750378723962
1787022774340,0.001467,17288411.0,0.001468,3950454.0,0.0014675,6.814310051106752,0.627997635466867
1787022774359,0.001467,17288411.0,0.001468,3957274.0,0.0014675,6.814310051106752,0.6274750378723962
1787022774360,0.001467,17288411.0,0.001468,3950454.0,0.0014675,6.814310051106752,0.627997635466867
1787022774368,0.001467,17288411.0,0.001468,3957274.0,0.0014675,6.814310051106752,0.6274750378723962
1787022774369,0.001467,17288411.0,0.001468,3950454.0,0.0014675,6.814310051106752,0.627997635466867
1787022774377,0.001467,17288411.0,0.001468,3957274.0,0.0014675,6.814310051106752,0.6274750378723962
1787022774378,0.001467,17288411.0,0.001468,3950454.0,0.0014675,6.814310051106752,0.627997635466867
1787022774401,0.001467,17288411.0,0.001468,4055826.0,0.0014675,6.814310051106752,0.6199605542236061
1787022774402,0.001467,17288411.0,0.001468,3871385.0,0.0014675,6.814310051106752,0.6340810658098972
1787022774485,0.001467,17288411.0,0.001468,3803219.0,0.0014675,6.814310051106752,0.6393622493851826
1787022774490,0.001467,17288411.0,0.001468,3810039.0,0.0014675,6.814310051106752,0.6388323312849996
1787022774492,0.001467,17288411.0,0.001468,3803219.0,0.0014675,6.814310051106752,0.6393622493851826
1787022774511,0.001467,17288411.0,0.001468,3810039.0,0.0014675,6.814310051106752,0.6388323312849996
1787022774512,0.001467,17288411.0,0.001468,3803219.0,0.0014675,6.814310051106752,0.6393622493851826
1787022774547,0.001467,17288411.0,0.001468,3810039.0,0.0014675,6.814310051106752,0.6388323312849996
1787022774548,0.001467,17288411.0,0.001468,3803219.0,0.0014675,6.814310051106752,0.6393622493851826
1787022774581,0.001467,17288411.0,0.001468,3810039.0,0.0014675,6.814310051106752,0.6388323312849996
1787022774582,0.001467,17288411.0,0.001468,3803219.0,0.0014675,6.814310051106752,0.6393622493851826
1787022774609,0.001467,17283406.0,0.001468,3803219.0,0.0014675,6.814310051106752,0.6392766504834225
1787022774839,0.001467,17279789.0,0.001468,3803219.0,0.0014675,6.814310051106752,0.6392147648001651
1787022774899,0.001467,17279789.0,0.001468,3987660.0,0.0014675,6.814310051106752,0.6249987480868062
1787022775038,0.001467,17279789.0,0.001468,4117901.0,0.0014675,6.814310051106752,0.6151078924874601
1787022775098,0.001467,17279789.0,0.001468,4292397.0,0.0014675,6.814310051106752,0.6020433905029374
1787022775099,0.001467,17279789.0,0.001468,4466893.0,0.0014675,6.814310051106752,0.5891885483955668
1787022775440,0.001467,17279789.0,0.001468,3853397.0,0.0014675,6.814310051106752,0.6353226626595725
1787022775441,0.001467,17279789.0,0.001468,3842153.0,0.0014675,6.814310051106752,0.6361932060981893
1787022775442,0.001467,17279789.0,0.001468,3853397.0,0.0014675,6.814310051106752,0.6353226626595725
1787022775695,0.001467,17276263.0,0.001468,3853397.0,0.0014675,6.814310051106752,0.6352618073362278
1787022775799,0.001467,17276263.0,0.001468,3860211.0,0.0014675,6.814310051106752,0.6347346298157394
1787022775922,0.001467,17276263.0,0.001468,3898064.0,0.0014675,6.814310051106752,0.6318122413052373
1787022775941,0.001467,17276263.0,0.001468,3919729.0,0.0014675,6.814310051106752,0.6301443216245788
1787022776295,0.001467,17276263.0,0.001468,3912915.0,0.0014675,6.814310051106752,0.6306685422152761
1787022776802,0.001467,17276263.0,0.001468,3919729.0,0.0014675,6.814310051106752,0.6301443216245788
1787022776821,0.001467,17269793.0,0.001468,3919729.0,0.0014675,6.814310051106752,0.6300313900426824
1787022776921,0.001467,17269793.0,0.001468,3881876.0,0.0014675,6.814310051106752,0.6329484921497212
1787022777098,0.001467,17269793.0,0.001468,3707380.0,0.0014675,6.814310051106752,0.6465319707283722
1787022777099,0.001467,17269793.0,0.001468,4000632.0,0.0014675,6.814310051106752,0.6238314937289687
1787022777297,0.001467,17269793.0,0.001468,3993818.0,0.0014675,6.814310051106752,0.624351856323933
1787022777367,0.001467,16477590.0,0.001468,3993818.0,0.0014675,6.814310051106752,0.6098150161434914
1787022777368,0.001467,16129861.0,0.001468,3993818.0,0.0014675,6.814310051106752,0.6030727780939061
1787022777370,0.001467,16027647.0,0.001468,3993818.0,0.0014675,6.814310051106752,0.6010463769759106
1787022777537,0.001467,16027647.0,0.001468,2968234.0,0.0014675,6.814310051106752,0.6874865661666337
1787022777541,0.001467,16027647.0,0.001468,3016711.0,0.0014675,6.814310051106752,0.683191105733257
1787022777599,0.001467,16027647.0,0.001468,3188274.0,0.0014675,6.814310051106752,0.6681632902216865
1787022777601,0.001467,16914441.0,0.001468,3188274.0,0.0014675,6.814310051106752,0.6828016514187263
1787022777621,0.001467,16914441.0,0.001468,3166609.0,0.0014675,6.814310051106752,0.6846171888422169
1787022777798,0.001467,16914441.0,0.001468,3173423.0,0.0014675,6.814310051106752,0.6840457502101767
1787022777899,0.001467,16911545.0,0.001468,3173423.0,0.0014675,6.814310051106752,0.6840001935776049
1787022777910,0.001467,17693878.0,0.001468,1591429.0,0.0014675,6.814310051106752,0.8349594331062503
1787022777912,0.001467,17693878.0,0.001468,918017.0,0.0014675,6.814310051106752,0.9013515818781483
1787022777913,0.001468,25365.0,0.001469,1674161.0,0.0014685,6.809669731018949,-0.97015050078669
1787022777914,0.001468,438446.0,0.001469,1670684.0,0.0014685,6.809669731018949,-0.5842399472768393
1787022777915,0.001468,1243891.0,0.001469,1690191.0,0.0014685,6.809669731018949,-0.15210890493176402
1787022777916,0.001468,1199161.0,0.001469,1690191.0,0.0014685,6.809669731018949,-0.16994467963751042
1787022777917,0.001468,1199161.0,0.001469,1768229.0,0.0014685,6.809669731018949,-0.19177391579805822
1787022777920,0.001468,1247638.0,0.001469,1768229.0,0.0014685,6.809669731018949,-0.1726173601156815
1787022777923,0.001468,974851.0,0.001469,1768229.0,0.0014685,6.809669731018949,-0.28922889598553453
1787022777924,0.001468,955895.0,0.001469,1768229.0,0.0014685,6.809669731018949,-0.29820008193459624
1787022777938,0.001468,955895.0,0.001469,2043230.0,0.0014685,6.809669731018949,-0.3625507439669904
1787022777955,0.001468,962953.0,0.001469,2043230.0,0.0014685,6.809669731018949,-0.359351709460136
1787022778026,0.001468,5686798.0,0.001469,2043230.0,0.0014685,6.809669731018949,0.47135249704140786
1787022778030,0.001468,5698034.0,0.001469,2054466.0,0.0014685,6.809669731018949,0.46998619800064495
1787022778037,0.001468,5698034.0,0.001469,2149295.0,0.0014685,6.809669731018949,0.4522225332976354
1787022778064,0.001468,5303307.0,0.001469,2149295.0,0.0014685,6.809669731018949,0.42320950454619743
1787022778099,0.001468,5303307.0,0.001469,2497541.0,0.0014685,6.809669731018949,0.3596744866711927
1787022778124,0.001468,6100217.0,0.001469,3313197.0,0.0014685,6.809669731018949,0.29606899260990754
1787022778161,0.001468,5303307.0,0.001469,3313197.0,0.0014685,6.809669731018949,0.230964901774548
1787022778317,0.001468,5303307.0,0.001469,3374698.0,0.0014685,6.809669731018949,0.22224105655620158
1787022778322,0.001468,5303307.0,0.001469,3339825.0,0.0014685,6.809669731018949,0.22717251107584613
1787022778345,0.001468,5303307.0,0.001469,3510173.0,0.0014685,6.809669731018949,0.20345357338985282
1787022778381,0.001468,5303307.0,0.001469,3540923.0,0.0014685,6.809669731018949,0.19926935414388816
1787022778384,0.001468,6138757.0,0.001469,3540923.0,0.0014685,6.809669731018949,0.2683801530629112
1787022778399,0.001468,6009823.0,0.001469,3540923.0,0.0014685,6.809669731018949,0.2585033671715278
1787022778421,0.001468,5174373.0,0.001469,4004449.0,0.0014685,6.809669731018949,0.12745905738230898
1787022778422,0.001468,5174373.0,0.001469,4018064.0,0.0014685,6.809669731018949,0.1257891677691128
1787022778423,0.001468,4794363.0,0.001469,4018064.0,0.0014685,6.809669731018949,0.08809139638830484
1787022778424,0.001468,4745886.0,0.001469,4018064.0,0.0014685,6.809669731018949,0.08304725608886404
1787022778598,0.001468,4745886.0,0.001469,4275764.0,0.0014685,6.809669731018949,0.052110423259603286
1787022778599,0.001468,4745886.0,0.001469,4264528.0,0.0014685,6.809669731018949,0.05342240656200703
1787022778600,0.001468,4745886.0,0.001469,4275764.0,0.0014685,6.809669731018949,0.052110423259603286
1787022778675,0.001468,4710522.0,0.001469,4275764.0,0.0014685,6.809669731018949,0.04838016506485549
1787022778677,0.001468,4714269.0,0.001469,4275764.0,0.0014685,6.809669731018949,0.048776795368826786
1787022778737,0.001468,4714269.0,0.001469,4001383.0,0.0014685,6.809669731018949,0.0817937659741348
1787022778738,0.001468,5487131.0,0.001469,3798623.0,0.0014685,6.809669731018949,0.18183854536745211
1787022778796,0.001468,5487131.0,0.001469,3805432.0,0.0014685,6.809669731018949,0.18097256913942902
1787022778833,0.001468,5487131.0,0.001469,4062784.0,0.0014685,6.809669731018949,0.14914761021433176
1787022778923,0.001468,5487131.0,0.001469,4114265.0,0.0014685,6.809669731018949,0.14298608244051178
1787022778951,0.001468,5484388.0,0.001469,4114265.0,0.0014685,6.809669731018949,0.14274117420433888
1787022778964,0.001468,5484388.0,0.001469,3713518.0,0.0014685,6.809669731018949,0.19252969099705955
1787022779094,0.001468,5484388.0,0.001469,4177044.0,0.0014685,6.809669731018949,0.13531575857491934
1787022779097,0.001468,4711526.0,0.001469,4177044.0,0.0014685,6.809669731018949,0.0601313822133369
1787022779098,0.001468,4700290.0,0.001469,4177044.0,0.0014685,6.809669731018949,0.058941794912751956
1787022779099,0.001468,4711526.0,0.001469,4177044.0,0.0014685,6.809669731018949,0.0601313822133369
1787022779143,0.001468,4651315.0,0.001469,4177044.0,0.0014685,6.809669731018949,0.053721308795892875
1787022779144,0.001468,4651315.0,0.001469,4190659.0,0.0014685,6.809669731018949,0.05209877341869587
1787022779296,0.001468,4651315.0,0.001469,4183850.0,0.0014685,6.809669731018949,0.052909594784024974
1787022779398,0.001468,4651315.0,0.001469,4312132.0,0.0014685,6.809669731018949,0.03784068785144822
1787022779402,0.001468,5443668.0,0.001469,4312132.0,0.0014685,6.809669731018949,0.11598597757231596
1787022779403,0.001468,5443668.0,0.001469,3848606.0,0.0014685,6.809669731018949,0.17165464556899634
1787022779404,0.001468,5443668.0,0.001469,3834991.0,0.0014685,6.809669731018949,0.17337386792638892
1787022779462,0.001468,5436011.0,0.001469,3834991.0,0.0014685,6.809669731018949,0.17269115032010562
1787022779596,0.001468,5436011.0,0.001469,3577291.0,0.0014685,6.809669731018949,0.20621965179908539
1787022779669,0.001468,5436011.0,0.001469,4040817.0,0.0014685,6.809669731018949,0.14722162310004994
1787022779765,0.001468,4643658.0,0.001469,4040817.0,0.0014685,6.809669731018949,0.06941594051453888
1787022779921,0.001468,4643658.0,0.001469,3989336.0,0.0014685,6.809669731018949,0.07579317210228571
1787022780003,0.001468,4677426.0,0.001469,3989336.0,0.0014685,6.809669731018949,0.07939412666460668
1787022780004,0.001468,4677426.0,0.001469,4057521.0,0.0014685,6.809669731018949,0.0709683756524224
1787022780005,0.001468,4677426.0,0.001469,4176799.0,0.0014685,6.809669731018949,0.05654102984733277
1787022780006,0.001468,4677426.0,0.001469,4190414.0,0.0014685,6.809669731018949,0.05491889795034642
1787022780007,0.001468,4677426.0,0.001469,4336940.0,0.0014685,6.809669731018949,0.037771486092310874
1787022780107,0.001468,4677426.0,0.001469,3546233.0,0.0014685,6.809669731018949,0.13755349048398044
1787022780108,0.001468,5437628.0,0.001469,3654523.0,0.0014685,6.809669731018949,0.1961147587628054
1787022780109,0.001468,5437628.0,0.001469,3643287.0,0.0014685,6.809669731018949,0.19759473577277178
1787022780111,0.001468,5437628.0,0.001469,3654523.0,0.0014685,6.809669731018949,0.1961147587628054
1787022780162,0.001468,4677426.0,0.001469,3654523.0,0.0014685,6.809669731018949,0.12276875434547187
1787022780189,0.001468,4674525.0,0.001469,3654523.0,0.0014685,6.809669731018949,0.12246321548393045
1787022780254,0.001468,5456858.0,0.001469,2834368.0,0.0014685,6.809669731018949,0.3162970108401339
1787022780255,0.001469,10211.0,0.00147,2448637.0,0.0014694999999999999,6.8050357264369925,-0.9916944845716368
1787022780256,0.001469,1890166.0,0.00147,2179489.0,0.0014694999999999999,6.8050357264369925,-0.07109275847706992
1787022780257,0.001469,1917468.0,0.00147,2579963.0,0.0014694999999999999,6.8050357264369925,-0.14730520601650143
1787022780258,0.001469,1942865.0,0.00147,2739753.0,0.0014694999999999999,6.8050357264369925,-0.17018001468409338
1787022780259,0.001469,1942865.0,0.00147,3057804.0,0.0014694999999999999,6.8050357264369925,-0.22295796822385164
1787022780263,0.001469,1917468.0,0.00147,3331022.0,0.0014694999999999999,6.8050357264369925,-0.26932584419518757
1787022780265,0.001469,1917468.0,0.00147,3409047.0,0.0014694999999999999,6.8050357264369925,-0.2800290621541477
1787022780293,0.001468,5530464.0,0.001469,115265.0,0.0014685,6.809669731018949,0.9591673635061123
1787022780294,0.001468,5423083.0,0.001469,730150.0,0.0014685,6.809669731018949,0.7626776037897476
1787022780295,0.001468,5423083.0,0.001469,115265.0,0.0014685,6.809669731018949,0.9583756744791045
1787022780296,0.001468,5423083.0,0.001469,133866.0,0.0014685,6.809669731018949,0.9518203244262274
1787022780320,0.001468,5423083.0,0.001469,18601.0,0.0014685,6.809669731018949,0.9931635133535869
1787022780323,0.001468,5423083.0,0.001469,31834.0,0.0014685,6.809669731018949,0.9883283283686993
1787022780332,0.001468,5515763.0,0.001469,31834.0,0.0014685,6.809669731018949,0.9885233191956806
1787022780342,0.001468,5515763.0,0.001469,299296.0,0.0014685,6.809669731018949,0.8970617495024557
1787022780378,0.001468,5515763.0,0.001469,347773.0,0.0014685,6.809669731018949,0.881377721565963
1787022780386,0.001468,5519509.0,0.001469,347773.0,0.0014685,6.809669731018949,0.8814534566431271
1787022780388,0.001468,5515763.0,0.001469,347773.0,0.0014685,6.809669731018949,0.881377721565963
1787022780398,0.001468,5526999.0,0.001469,487515.0,0.0014685,6.809669731018949,0.8378871509817751
1787022780399,0.001468,5526999.0,0.001469,439038.0,0.0014685,6.809669731018949,0.8528208926629185
1787022780401,0.001469,137693.0,0.00147,3164477.0,0.0014694999999999999,6.8050357264369925,-0.9166045358052433
1787022780402,0.001469,147904.0,0.00147,3159089.0,0.0014694999999999999,6.8050357264369925,-0.9105507631857703
1787022780403,0.001469,219919.0,0.00147,3159089.0,0.0014694999999999999,6.8050357264369925,-0.8698322111104798
1787022780404,0.001469,268396.0,0.00147,3159089.0,0.0014694999999999999,6.8050357264369925,-0.8433860396179707
1787022780417,0.001469,268396.0,0.00147,3430293.0,0.0014694999999999999,6.8050357264369925,-0.8548696578706672
1787022780418,0.001469,196381.0,0.00147,3430293.0,0.0014694999999999999,6.8050357264369925,-0.8917018733969472
1787022780427,0.001469,203189.0,0.00147,3430293.0,0.0014694999999999999,6.8050357264369925,-0.8881574203477546
1787022780451,0.001469,203189.0,0.00147,3395420.0,0.0014694999999999999,6.8050357264369925,-0.8870735887116383
1787022780455,0.001469,203189.0,0.00147,4198528.0,0.0014694999999999999,6.8050357264369925,-0.9076773904365046
1787022780471,0.001468,6240157.0,0.001469,413081.0,0.0014685,6.809669731018949,0.8758255754566423
1787022780472,0.001468,6140259.0,0.001469,1424843.0,0.0014685,6.809669731018949,0.6233116222358932
1787022780473,0.001468,6140258.0,0.001469,317737.0,0.0014685,6.809669731018949,0.9015988708569765
1787022780474,0.001468,6140258.0,0.00147,4250419.0,0.0014689999999999998,13.61470388019094,0.18187833189309993
1787022780475,0.001469,423292.0,0.00147,4365870.0,0.0014694999999999999,6.8050357264369925,-0.8232291995969232
1787022780476,0.001469,423292.0,0.00147,4198528.0,0.0014694999999999999,6.8050357264369925,-0.8168288682813264
1787022780477,0.001469,499424.0,0.00147,4198528.0,0.0014694999999999999,6.8050357264369925,-0.7873865037360961
1787022780496,0.001469,547901.0,0.00147,4198528.0,0.0014694999999999999,6.8050357264369925,-0.769131277429832
1787022780549,0.001469,547901.0,0.00147,4063276.0,0.0014694999999999999,6.8050357264369925,-0.7623595884521457
1787022780551,0.001469,1441113.0,0.00147,4063276.0,0.0014694999999999999,6.8050357264369925,-0.4763767604360811
1787022780555,0.001469,1441113.0,0.00147,4056474.0,0.0014694999999999999,6.8050357264369925,-0.4757288970597464
1787022780597,0.001469,1441113.0,0.00147,3705577.0,0.0014694999999999999,6.8050357264369925,-0.4399845337488755
1787022780600,0.001469,1441113.0,0.00147,2217148.0,0.0014694999999999999,6.8050357264369925,-0.21213221254579703
1787022780601,0.001469,2183881.0,0.00147,2217148.0,0.0014694999999999999,6.8050357264369925,-0.007558914063052073
1787022780657,0.001469,2183881.0,0.00147,2387470.0,0.0014694999999999999,6.8050357264369925,-0.044535849467695655
1787022780680,0.001469,1931579.0,0.00147,2387470.0,0.0014694999999999999,6.8050357264369925,-0.10555356051760469
1787022780694,0.001469,1942808.0,0.00147,2387470.0,0.0014694999999999999,6.8050357264369925,-0.10268670972163912
1787022780695,0.001469,1942808.0,0.00147,2398699.0,0.0014694999999999999,6.8050357264369925,-0.10500754691861605
1787022780728,0.001469,1946553.0,0.00147,2398699.0,0.0014694999999999999,6.8050357264369925,-0.10405518483162772
1787022780801,0.001469,1953358.0,0.00147,2398699.0,0.0014694999999999999,6.8050357264369925,-0.1023288527700809
1787022780803,0.001469,1953358.0,0.00147,3220386.0,0.0014694999999999999,6.8050357264369925,-0.24489576600620364
1787022780921,0.001469,1953358.0,0.00147,3349393.0,0.0014694999999999999,6.8050357264369925,-0.2632661801393277
1787022780946,0.001469,1812328.0,0.00147,3349393.0,0.0014694999999999999,6.8050357264369925,-0.29778149574531443
1787022780948,0.001468,5465059.0,0.001469,327266.0,0.0014685,6.809669731018949,0.8870001251656287
1787022780949,0.001468,5353931.0,0.001469,740347.0,0.0014685,6.809669731018949,0.7570353698994368
1787022780950,0.001468,5353931.0,0.001469,570279.0,0.0014685,6.809669731018949,0.807475089505605
1787022780951,0.001468,5353931.0,0.001469,808455.0,0.0014685,6.809669731018949,0.7376162415012627
1787022780953,0.001468,5353931.0,0.001469,812200.0,0.0014685,6.809669731018949,0.736560900181978
1787022780955,0.001468,5353931.0,0.001469,1554968.0,0.0014685,6.809669731018949,0.5498651811236493
1787022780976,0.001468,5353931.0,0.001469,1824600.0,0.0014685,6.809669731018949,0.49165086840190564
1787022781017,0.001468,5353931.0,0.001469,1994948.0,0.0014685,6.809669731018949,0.4570742013850004
1787022781019,0.001468,4571598.0,0.001469,1781893.0,0.0014685,6.809669731018949,0.43908223054065865
1787022781078,0.001468,4582834.0,0.001469,1793129.0,0.0014685,6.809669731018949,0.43753469083807417
1787022781098,0.001468,4582834.0,0.001469,1806746.0,0.0014685,6.809669731018949,0.43447112329761894
1787022781099,0.001468,4582834.0,0.001469,1994822.0,0.0014685,6.809669731018949,0.3934550545057388
1787022781132,0.001468,4576795.0,0.001469,1994822.0,0.0014685,6.809669731018949,0.39289766886901656
1787022781161,0.001468,5442456.0,0.001469,2831212.0,0.0014685,6.809669731018949,0.31560898987003105
1787022781255,0.001468,5442456.0,0.001469,3328867.0,0.0014685,6.809669731018949,0.24096581553318697
1787022781268,0.001468,5438714.0,0.001469,3328867.0,0.0014685,6.809669731018949,0.24064186005239074
1787022781347,0.001468,4573053.0,0.001469,3328867.0,0.0014685,6.809669731018949,0.15745363152246541
1787022781416,0.001467,16752927.0,0.001468,1049079.0,0.0014675,6.814310051106752,0.8821392375668226
1787022781417,0.001467,15955609.0,0.001468,1550411.0,0.0014675,6.814310051106752,0.822871103768875
1787022781418,0.001467,15952134.0,0.001468,2669040.0,0.0014675,6.814310051106752,0.713332789865988
1787022781419,0.001467,15943049.0,0.001468,1868766.0,0.0014675,6.814310051106752,0.7901655726830759
1787022781420,0.001467,15943049.0,0.001468,2574365.0,0.0014675,6.814310051106752,0.7219519961048557
1787022781424,0.001467,15943049.0,0.001468,2578112.0,0.0014675,6.814310051106752,0.7216036294916933
1787022781437,0.001467,15943049.0,0.001468,2849316.0,0.0014675,6.814310051106752,0.6967581249087063
1787022781521,0.001467,15943049.0,0.001468,3057360.0,0.0014675,6.814310051106752,0.6781795591873838
1787022781522,0.001467,15954293.0,0.001468,3187964.0,0.0014675,6.814310051106752,0.6669186919807837
1787022781551,0.001467,15954293.0,0.001468,3959980.0,0.0014675,6.814310051106752,0.6022973070621257
1787022781552,0.001467,15389671.0,0.001468,3959980.0,0.0014675,6.814310051106752,0.590692359257539
1787022781553,0.001467,15386262.0,0.001468,3959980.0,0.0014675,6.814310051106752,0.5906202351857276
1787022781554,0.001467,15081706.0,0.001468,4461312.0,0.0014675,6.814310051106752,0.5434367404256599
1787022781556,0.001467,15081706.0,0.001468,4485289.0,0.0014675,6.814310051106752,0.5415454442544704
1787022781561,0.001467,12547225.0,0.001468,4485289.0,0.0014675,6.814310051106752,0.4733262511922785
1787022781562,0.001467,7833693.0,0.001468,4485289.0,0.0014675,6.814310051106752,0.2718084984619671
1787022781563,0.001467,3815576.0,0.001468,4461312.0,0.0014675,6.814310051106752,-0.07801676185542199
1787022781564,0.001467,231623.0,0.001468,3913565.0,0.0014675,6.814310051106752,-0.8882448757450808
1787022781565,0.001466,1922893.0,0.001467,1217112.0,0.0014665,6.818956699624384,0.22477066119321465
1787022781566,0.001466,1848140.0,0.001467,1590563.0,0.0014665,6.818956699624384,0.07490527678604404
1787022781567,0.001466,973477.0,0.001467,855957.0,0.0014665,6.818956699624384,0.064238447519834
1787022781568,0.001466,973477.0,0.001467,96874.0,0.0014665,6.818956699624384,0.8189864820045013
1787022781569,0.001466,1021954.0,0.001467,391981.0,0.0014665,6.818956699624384,0.445545940937879
1787022781570,0.001466,1021954.0,0.001467,295107.0,0.0014665,6.818956699624384,0.5518704145062377
1787022781572,0.001467,48166.0,0.001468,1862279.0,0.0014675,6.814310051106752,-0.9495761458717733
1787022781573,0.001467,753765.0,0.001468,1118543.0,0.0014675,6.814310051106752,-0.19482798770287796
1787022781574,0.001467,749268.0,0.001468,192293.0,0.0014675,6.814310051106752,0.5915442547004389
1787022781575,0.001467,749268.0,0.001468,1192293.0,0.0014675,6.814310051106752,-0.22817979965604995
1787022781577,0.001467,749268.0,0.001468,240770.0,0.0014675,6.814310051106752,0.5136146289334349
1787022781579,0.001467,797745.0,0.001468,233950.0,0.0014675,6.814310051106752,0.5464744910075168
1787022781580,0.001467,797745.0,0.001468,227130.0,0.0014675,6.814310051106752,0.5567654592023418
1787022781581,0.001467,797745.0,0.001468,237468.0,0.0014675,6.814310051106752,0.5412190534701554
1787022781583,0.001467,797745.0,0.001468,505337.0,0.0014675,6.814310051106752,0.22439723670498096
1787022781590,0.001467,797745.0,0.001468,420284.0,0.0014675,6.814310051106752,0.309894920400089
1787022781598,0.001467,754076.0,0.001468,433911.0,0.0014675,6.814310051106752,0.2695021073462925
1787022781600,0.001467,754076.0,0.001468,447538.0,0.0014675,6.814310051106752,0.25510521681671483
1787022781609,0.001467,705599.0,0.001468,447538.0,0.0014675,6.814310051106752,0.2237904082515781
1787022781625,0.001467,373452.0,0.001468,447538.0,0.0014675,6.814310051106752,-0.09023983239747134
1787022781626,0.001467,200380.0,0.001468,447538.0,0.0014675,6.814310051106752,-0.3814649384644353
1787022781627,0.001467,120649.0,0.001468,447538.0,0.0014675,6.814310051106752,-0.5753193930871351
1787022781628,0.001467,41305.0,0.001468,447538.0,0.0014675,6.814310051106752,-0.8310091379031713
1787022781630,0.001467,41305.0,0.001468,1047538.0,0.0014675,6.814310051106752,-0.924130476110881
1787022781641,0.001467,41305.0,0.001468,1716940.0,0.0014675,6.814310051106752,-0.9530156491273969
1787022781661,0.001467,41305.0,0.001468,1706602.0,0.0014675,6.814310051106752,-0.9527377600753358
1787022781680,0.001467,41305.0,0.001468,2024653.0,0.0014675,6.814310051106752,-0.9600137079262986
1787022781685,0.001467,37173.0,0.001468,2024653.0,0.0014675,6.814310051106752,-0.9639416711206474
1787022781741,0.001467,37173.0,0.001468,2031465.0,0.0014675,6.814310051106752,-0.9640604107630237
1787022781772,0.001467,19263.0,0.001468,2031465.0,0.0014675,6.814310051106752,-0.981213500766557
1787022781773,0.001467,19263.0,0.001468,1431465.0,0.0014675,6.814310051106752,-0.9734436779327345
1787022781775,0.001467,19263.0,0.001468,2505526.0,0.0014675,6.814310051106752,-0.9847409031012097
1787022781776,0.001466,1912540.0,0.001468,2548174.0,0.001467,13.633265167006352,-0.14249602193729524
1787022781777,0.001466,1912540.0,0.001467,68557.0,0.0014665,6.818956699624384,0.9307888508235589
1787022781778,0.001466,1040918.0,0.001467,356675.0,0.0014665,6.818956699624384,0.4895867394871039
1787022781780,0.001466,1052170.0,0.001467,367927.0,0.0014665,6.818956699624384,0.48182835397863666
1787022781799,0.001466,1052170.0,0.001467,297922.0,0.0014665,6.818956699624384,0.5586641502949429
1787022781808,0.001466,1052170.0,0.001467,79809.0,0.0014665,6.818956699624384,0.8589920837754057
1787022781809,0.001466,1052170.0,0.001467,11252.0,0.0014665,6.818956699624384,0.9788381282313137
1787022781810,0.001467,102756.0,0.001468,3010984.0,0.0014675,6.814310051106752,-0.9339983428288811
1787022781811,0.001467,102756.0,0.001468,2114869.0,0.0014675,6.814310051106752,-0.907327884561186
1787022781812,0.001467,102756.0,0.001468,2108057.0,0.0014675,6.814310051106752,-0.9070423414372902
1787022781813,0.001467,151233.0,0.001468,2108057.0,0.0014675,6.814310051106752,-0.8661234281566332
1787022781814,0.001467,786815.0,0.001468,2108057.0,0.0014675,6.814310051106752,-0.4564077444529499
1787022781882,0.001467,786815.0,0.001468,2114869.0,0.0014675,6.814310051106752,-0.4576838828762884
1787022781883,0.001467,786815.0,0.001468,2126113.0,0.0014675,6.814310051106752,-0.4597772413187006
1787022781888,0.001467,790565.0,0.001468,2126113.0,0.0014675,6.814310051106752,-0.45790039215847617
1787022781894,0.001467,790565.0,0.001468,2129860.0,0.0014675,6.814310051106752,-0.4585959235385261
1787022781921,0.001467,653676.0,0.001468,2129860.0,0.0014675,6.814310051106752,-0.5303268935627202
1787022781922,0.001467,639332.0,0.001468,2129860.0,0.0014675,6.814310051106752,-0.5382537577748311
1787022781950,0.001467,687809.0,0.001468,2129860.0,0.0014675,6.814310051106752,-0.511788645153139
1787022781952,0.001467,687809.0,0.001468,2123048.0,0.0014675,6.814310051106752,-0.5106054843771846
1787022781981,0.001467,699053.0,0.001468,2123048.0,0.0014675,6.814310051106752,-0.5045868308752947
1787022782021,0.001467,699053.0,0.001468,2129860.0,0.0014675,6.814310051106752,-0.5057797818455357
1787022782022,0.001467,539476.0,0.001468,2129860.0,0.0014675,6.814310051106752,-0.5957976065957976
1787022782023,0.001467,270676.0,0.001468,3023973.0,0.0014675,6.814310051106752,-0.8356875041924041
1787022782025,0.001467,173488.0,0.001468,3023973.0,0.0014675,6.814310051106752,-0.8914838992563162
1787022782036,0.001467,4008.0,0.001468,3023973.0,0.0014675,6.814310051106752,-0.997352691446875
1787022782037,0.001467,4008.0,0.001468,3389178.0,0.0014675,6.814310051106752,-0.9976376184506243
1787022782038,0.001466,1871279.0,0.001467,86332.0,0.0014665,6.818956699624384,0.9117986157617627
1787022782039,0.001466,1871278.0,0.001467,499413.0,0.0014665,6.818956699624384,0.5786772717321659
1787022782153,0.001466,1882530.0,0.001467,510665.0,0.0014665,6.818956699624384,0.5732357789482261
1787022782336,0.001466,1878398.0,0.001467,510665.0,0.0014665,6.818956699624384,0.5724976695884537
1787022782337,0.001466,1873015.0,0.001467,559142.0,0.0014665,6.818956699624384,0.540208958549962
1787022782339,0.001466,1873015.0,0.001467,1359142.0,0.0014665,6.818956699624384,0.15898763581100794
1787022782340,0.001466,1873015.0,0.001467,1359142.0,0.0014665,6.818956699624384,0.15898763581100794
1787022782341,0.001466,1873015.0,0.001467,2210148.0,0.0014665,6.818956699624384,-0.0825666278813753
1787022782347,0.001466,1869269.0,0.001467,2210148.0,0.0014665,6.818956699624384,-0.08356071468055362
1787022782351,0.001466,1869269.0,0.001467,2380728.0,0.0014665,6.818956699624384,-0.12034337906591464
1787022782359,0.001466,1873021.0,0.001467,2380728.0,0.0014665,6.818956699624384,-0.11935518527303797
1787022782365,0.001466,1873021.0,0.001467,2384478.0,0.0014665,6.818956699624384,-0.12013085616696563
1787022782399,0.001466,1873021.0,0.001467,2398116.0,0.0014665,6.818956699624384,-0.12294033181328531
1787022782400,0.001466,1873021.0,0.001467,2548584.0,0.0014665,6.818956699624384,-0.15278682740769473
1787022782489,0.001466,1873021.0,0.001467,1748584.0,0.0014665,6.818956699624384,0.034359627844560627
1787022782490,0.001466,1873021.0,0.001467,1737332.0,0.0014665,6.818956699624384,0.03758330556596543
1787022782491,0.001466,1873021.0,0.001467,1748584.0,0.0014665,6.818956699624384,0.034359627844560627
1787022782492,0.001466,1873021.0,0.001467,2017915.0,0.0014665,6.818956699624384,-0.037238854609790546
1787022782573,0.001466,1873021.0,0.001467,1748584.0,0.0014665,6.818956699624384,0.034359627844560627
1787022782655,0.001466,1873021.0,0.001467,2017915.0,0.0014665,6.818956699624384,-0.037238854609790546
1787022782664,0.001466,1873021.0,0.001467,1748584.0,0.0014665,6.818956699624384,0.034359627844560627
1787022782669,0.001467,29122.0,0.001468,113300.0,0.0014675,6.814310051106752,-0.5910463271123844
1787022782670,0.001467,1162979.0,0.001468,217659.0,0.0014675,6.814310051106752,0.6846979439940085
1787022782671,0.001467,2043726.0,0.001468,122220.0,0.0014675,6.814310051106752,0.887144000819965
1787022782672,0.001467,1137548.0,0.001468,122220.0,0.0014675,6.814310051106752,0.8059642727867353
1787022782673,0.001467,1137548.0,0.001468,390725.0,0.0014675,6.814310051106752,0.4886711994519304
1787022782683,0.001467,1137548.0,0.001468,122220.0,0.0014675,6.814310051106752,0.8059642727867353
1787022782691,0.001467,1137548.0,0.001468,117723.0,0.0014675,6.814310051106752,0.8124341277700193
1787022782692,0.001467,2133031.0,0.001468,117723.0,0.0014675,6.814310051106752,0.8953923885062517
1787022782693,0.001468,3014105.0,0.001469,2434749.0,0.0014685,6.809669731018949,0.10632621097940961
1787022782694,0.001468,1481525.0,0.001469,1991073.0,0.0014685,6.809669731018949,-0.14673394386565908
1787022782695,0.001468,968155.0,0.001469,1311205.0,0.0014685,6.809669731018949,-0.1505027727081286
1787022782697,0.001468,461558.0,0.001469,568437.0,0.0014685,6.809669731018949,-0.10376652313846184
1787022782698,0.001468,461558.0,0.001469,595677.0,0.0014685,6.809669731018949,-0.1268582670834772
1787022782699,0.001468,461558.0,0.001469,584433.0,0.0014685,6.809669731018949,-0.11747233006784953
1787022782709,0.001469,55209.0,0.00147,1919692.0,0.0014694999999999999,6.8050357264369925,-0.9440893492889011
1787022782710,0.001469,468290.0,0.00147,1908850.0,0.0014694999999999999,6.8050357264369925,-0.6060055360643463
1787022782711,0.001469,523989.0,0.00147,1908850.0,0.0014694999999999999,6.8050357264369925,-0.5692365997092286
1787022782713,0.001469,523989.0,0.00147,4325392.0,0.0014694999999999999,6.8050357264369925,-0.7838944805532913
1787022782714,0.001469,523989.0,0.00147,3554398.0,0.0014694999999999999,6.8050357264369925,-0.7430410601053798
1787022782725,0.001469,523989.0,0.00147,1406361.0,0.0014694999999999999,6.8050357264369925,-0.4571046701375398
1787022782740,0.001469,523989.0,0.00147,475715.0,0.0014694999999999999,6.8050357264369925,0.048288293334827107
1787022782751,0.001469,523989.0,0.00147,696869.0,0.0014694999999999999,6.8050357264369925,-0.14160533002200093
1787022782759,0.001469,468290.0,0.00147,696869.0,0.0014694999999999999,6.8050357264369925,-0.1961783756551681
1787022782761,0.001469,468290.0,0.00147,1199182.0,0.0014694999999999999,6.8050357264369925,-0.43832340213208976
1787022782762,0.001469,468290.0,0.00147,1562757.0,0.0014694999999999999,6.8050357264369925,-0.5388683767534675
1787022782763,0.001469,468290.0,0.00147,1455163.0,0.0014694999999999999,6.8050357264369925,-0.5130736233222231
1787022782764,0.001469,468290.0,0.00147,1441558.0,0.0014694999999999999,6.8050357264369925,-0.5096049528548868
1787022782766,0.001468,584620.0,0.001469,2230501.0,0.0014685,6.809669731018949,-0.5846572847135167
1787022782767,0.001468,584620.0,0.001469,704372.0,0.0014685,6.809669731018949,-0.09290360219458306
1787022782768,0.001468,472787.0,0.001469,4535101.0,0.0014685,6.809669731018949,-0.8111830775768148
1787022782769,0.001468,472787.0,0.001469,974003.0,0.0014685,6.809669731018949,-0.34643313818867977
1787022782770,0.001468,472787.0,0.001469,913921.0,0.0014685,6.809669731018949,-0.31811599846543037
1787022782773,0.001468,424310.0,0.001469,913921.0,0.0014685,6.809669731018949,-0.36586433881743885
1787022782778,0.001468,914163.0,0.001469,913921.0,0.0014685,6.809669731018949,0.00013237903728712685
1787022782780,0.001468,914163.0,0.001469,1913921.0,0.0014685,6.809669731018949,-0.3535107160890553
1787022782795,0.001468,914163.0,0.001469,2183252.0,0.0014685,6.809669731018949,-0.40972520634141696
1787022782799,0.001468,914163.0,0.001469,2196873.0,0.0014685,6.809669731018949,-0.4123095971888464
1787022782802,0.001468,914163.0,0.001469,2184391.0,0.0014685,6.809669731018949,-0.4099421859357623
1787022782804,0.001468,914163.0,0.001469,1915060.0,0.0014685,6.809669731018949,-0.3537709823509847
1787022782812,0.001468,887155.0,0.001469,1915060.0,0.0014685,6.809669731018949,-0.36681874873983616
1787022782825,0.001468,887155.0,0.001469,1408463.0,0.0014685,6.809669731018949,-0.2270883047615065
1787022782830,0.001468,890902.0,0.001469,1408463.0,0.0014685,6.809669731018949,-0.22508866578381423
1787022782836,0.001468,890902.0,0.001469,1412208.0,0.0014685,6.809669731018949,-0.2263487197745657
1787022782862,0.001468,890902.0,0.001469,1674434.0,0.0014685,6.809669731018949,-0.30543055568549304
1787022782878,0.001468,1746362.0,0.001469,2525951.0,0.0014685,6.809669731018949,-0.18247469228027066
1787022782883,0.001468,1746362.0,0.001469,1674434.0,0.0014685,6.809669731018949,0.02102668501717144
1787022782886,0.001468,1746362.0,0.001469,1412208.0,0.0014685,6.809669731018949,0.10579281130384953
1787022782924,0.001468,1608032.0,0.001469,1412208.0,0.0014685,6.809669731018949,0.06483723147829312
1787022782962,0.001468,1619268.0,0.001469,1423444.0,0.0014685,6.809669731018949,0.06435837502859292
1787022783007,0.001468,1619268.0,0.001469,1412208.0,0.0014685,6.809669731018949,0.06830336113497187
1787022783008,0.001468,1619268.0,0.001469,142577.0,0.0014685,6.809669731018949,0.838150348072617
1787022783009,0.001468,1619268.0,0.001469,17366.0,0.0014685,6.809669731018949,0.9787783951695981
1787022783010,0.001468,2444034.0,0.001469,17366.0,0.0014685,6.809669731018949,0.9858893312748842
1787022783082,0.001468,2444034.0,0.001469,482266.0,0.0014685,6.809669731018949,0.6703919625465605
1787022783083,0.001468,2444034.0,0.001469,703420.0,0.0014685,6.809669731018949,0.5530228559337166
1787022783084,0.001468,1619268.0,0.001469,703420.0,0.0014685,6.809669731018949,0.39430521878099856
1787022783085,0.001468,1608032.0,0.001469,703420.0,0.0014685,6.809669731018949,0.3913609281092577
1787022783087,0.001468,1608032.0,0.001469,751897.0,0.0014685,6.809669731018949,0.36277998194013467
1787022783137,0.001468,1608032.0,0.001469,1565877.0,0.0014685,6.809669731018949,0.013281729249326303
1787022783246,0.001468,1608032.0,0.001469,1499716.0,0.0014685,6.809669731018949,0.0348535338129089
1787022783247,0.001468,1608032.0,0.001469,1451239.0,0.0014685,6.809669731018949,0.05125175245998148
1787022783249,0.001467,201002.0,0.001469,1451239.0,0.0014680000000000001,13.623978201635207,-0.7566916690724901
1787022783250,0.001467,813118.0,0.001468,634235.0,0.0014675,6.814310051106752,0.12359320773854063
1787022783251,0.001467,861595.0,0.001468,1846416.0,0.0014675,6.814310051106752,-0.36366949764975104
1787022783252,0.001467,48477.0,0.001468,1894893.0,0.0014675,6.814310051106752,-0.9501103752759382
1787022783292,0.001467,48477.0,0.001468,2163398.0,0.0014675,6.814310051106752,-0.9561666007346709
1787022783299,0.001467,48477.0,0.001468,2177031.0,0.0014675,6.814310051106752,-0.9564351150389034
1787022783301,0.001467,52227.0,0.001468,2177031.0,0.0014675,6.814310051106752,-0.9531440506213278
1787022783307,0.001467,52227.0,0.001468,2180778.0,0.0014675,6.814310051106752,-0.9532226752739023
1787022783343,0.001467,55973.0,0.001468,2180778.0,0.0014675,6.814310051106752,-0.9499515144958022
1787022783355,0.001467,55973.0,0.001468,2302973.0,0.0014675,6.814310051106752,-0.9525440599318509
1787022783356,0.001467,52227.0,0.001468,1090792.0,0.0014675,6.814310051106752,-0.9086156923025777
1787022783357,0.001467,493385.0,0.001468,1531950.0,0.0014675,6.814310051106752,-0.5127867735461047
1787022783362,0.001467,493385.0,0.001468,1090792.0,0.0014675,6.814310051106752,-0.37710874479303763
1787022783384,0.001467,493385.0,0.001468,822287.0,0.0014675,6.814310051106752,-0.24998783891425827
1787022783385,0.001467,493385.0,0.001468,826035.0,0.0014675,6.814310051106752,-0.252118355034788
1787022783389,0.001467,657004.0,0.001468,826035.0,0.0014675,6.814310051106752,-0.1139760990776372
1787022783475,0.001467,668248.0,0.001468,837279.0,0.0014675,6.814310051106752,-0.11227364238568953
1787022783540,0.001467,665820.0,0.001468,837279.0,0.0014675,6.814310051106752,-0.11407033069678045
1787022783551,0.001467,665820.0,0.001468,2970531.0,0.0014675,6.814310051106752,-0.6337977274471028
1787022783552,0.001467,665820.0,0.001468,2959287.0,0.0014675,6.814310051106752,-0.6326618772907945
1787022783565,0.001467,665820.0,0.001468,3768398.0,0.0014675,6.814310051106752,-0.6996900017094333
1787022783567,0.001467,665820.0,0.001468,4209556.0,0.0014675,6.814310051106752,-0.7268641434014526
1787022783571,0.001467,224662.0,0.001468,4209556.0,0.0014675,6.814310051106752,-0.8986689423027916
1787022783592,0.001467,224662.0,0.001468,4477425.0,0.0014675,6.814310051106752,-0.9044415809405483
1787022783707,0.001467,224662.0,0.001468,4488669.0,0.0014675,6.814310051106752,-0.9046695426228287
1787022783709,0.001467,219329.0,0.001468,4488669.0,0.0014675,6.814310051106752,-0.9068270632230515
1787022783710,0.001467,178613.0,0.001468,4488669.0,0.0014675,6.814310051106752,-0.9234616635549341
1787022783832,0.001467,178613.0,0.001468,4778619.0,0.0014675,6.814310051106752,-0.9279384140181456
1787022783833,0.001467,178613.0,0.001468,4792243.0,0.0014675,6.814310051106752,-0.9281359186425839
1787022783899,0.001467,416926.0,0.001468,4792243.0,0.0014675,6.814310051106752,-0.8399260995371814
