ts,bid,bidq,ask,askq,mid,spread_bp,qimb
1787023270099,0.0809,252441.5,0.081,280967.6,0.08095,12.3533045089565,-0.053478840162269406
1787023270102,0.0809,252441.5,0.081,280767.6,0.08095,12.3533045089565,-0.05312381202796422
1787023270128,0.0809,252386.9,0.081,280767.6,0.08095,12.3533045089565,-0.05323166174157769
1787023270232,0.0809,252386.9,0.081,281963.6,0.08095,12.3533045089565,-0.05535074824483178
1787023270234,0.0809,252386.9,0.081,284363.4,0.08095,12.3533045089565,-0.059574256409358366
1787023270235,0.0809,252386.9,0.081,284301.5,0.08095,12.3533045089565,-0.059465790577921944
1787023270236,0.0809,252386.9,0.081,284363.4,0.08095,12.3533045089565,-0.059574256409358366
1787023270331,0.0809,252386.9,0.081,286920.0,0.08095,12.3533045089565,-0.0640323719203296
1787023270332,0.0809,252386.9,0.081,294836.4,0.08095,12.3533045089565,-0.0775725375728702
1787023270333,0.0809,252244.8,0.081,294836.4,0.08095,12.3533045089565,-0.07785242848776386
1787023270334,0.0809,252244.8,0.081,294774.5,0.08095,12.3533045089565,-0.07774807945533185
1787023270467,0.0809,252244.8,0.081,294592.4,0.08095,12.3533045089565,-0.07744096414801341
1787023270470,0.0809,252354.3,0.081,294592.4,0.08095,12.3533045089565,-0.07722525796389308
1787023270472,0.0809,252354.3,0.081,294654.3,0.08095,12.3533045089565,-0.07732968000868726
1787023270733,0.0809,252354.3,0.081,292097.7,0.08095,12.3533045089565,-0.0729970686121091
1787023270805,0.0809,252954.3,0.081,292097.7,0.08095,12.3533045089565,-0.07181590013429916
1787023270818,0.0809,252354.3,0.081,292097.7,0.08095,12.3533045089565,-0.0729970686121091
1787023270865,0.0809,285944.3,0.081,292097.7,0.08095,12.3533045089565,-0.010645247231170094
1787023270866,0.0809,285882.4,0.081,292097.7,0.08095,12.3533045089565,-0.010753484419273237
1787023270888,0.0809,286482.4,0.081,292097.7,0.08095,12.3533045089565,-0.009705311330272139
1787023270889,0.0809,286544.3,0.081,292097.7,0.08095,12.3533045089565,-0.009597298502355555
1787023271097,0.0809,286544.3,0.081,291356.9,0.08095,12.3533045089565,-0.008327721070660583
1787023271185,0.0809,286514.4,0.081,291356.9,0.08095,12.3533045089565,-0.008379893585301779
1787023271187,0.0809,285914.4,0.081,291356.9,0.08095,12.3533045089565,-0.009427976066019564
1787023271204,0.0809,285914.4,0.081,291267.5,0.08095,12.3533045089565,-0.009274545858073472
1787023271206,0.0809,286514.4,0.081,291267.5,0.08095,12.3533045089565,-0.008226460538137274
1787023271208,0.0809,299563.7,0.081,291267.5,0.08095,12.3533045089565,0.014041573972396875
1787023271209,0.0809,299501.8,0.081,291267.5,0.08095,12.3533045089565,0.013938266595776029
1787023271211,0.0809,298901.8,0.081,291267.5,0.08095,12.3533045089565,0.012935779614425874
1787023271300,0.0809,299025.3,0.081,291267.5,0.08095,12.3533045089565,0.013142291418767072
1787023271301,0.0809,299087.2,0.081,291267.5,0.08095,12.3533045089565,0.013245765638860861
1787023271315,0.0809,299087.2,0.081,271249.1,0.08095,12.3533045089565,0.04880997404513799
1787023271316,0.0809,299087.2,0.081,271045.2,0.08095,12.3533045089565,0.049185066486310894
1787023271317,0.0809,299087.2,0.081,271249.1,0.08095,12.3533045089565,0.04880997404513799
1787023271327,0.0809,299087.2,0.081,270053.1,0.08095,12.3533045089565,0.05101395912396299
1787023271328,0.0809,299087.2,0.081,268857.1,0.08095,12.3533045089565,0.053227226684025235
1787023271329,0.0809,299087.2,0.081,266856.2,0.08095,12.3533045089565,0.05695092477445624
1787023271340,0.0809,299087.2,0.081,258939.8,0.08095,12.3533045089565,0.0719452642972473
1787023271382,0.0809,299087.2,0.081,254480.0,0.08095,12.3533045089565,0.08058136392474123
1787023271387,0.0809,299087.2,0.081,254541.8,0.08095,12.3533045089565,0.08046074176027633
1787023271600,0.0809,299087.2,0.081,254029.8,0.08095,12.3533045089565,0.08146088440601179
1787023271877,0.0809,299087.2,0.081,253672.1,0.08095,12.3533045089565,0.08216071624665565
1787023272040,0.0809,299434.4,0.081,253672.1,0.08095,12.3533045089565,0.08273686893934534
1787023272138,0.0809,299434.4,0.081,252743.3,0.08095,12.3533045089565,0.08455810511724765
1787023272333,0.0809,299434.4,0.081,247496.4,0.08095,12.3533045089565,0.09496265341063262
1787023272334,0.0809,299434.4,0.081,247126.0,0.08095,12.3533045089565,0.09570470162126642
1787023272335,0.0809,301289.6,0.081,222139.3,0.08095,12.3533045089565,0.15121499787268144
1787023272336,0.0809,301289.6,0.081,222077.4,0.08095,12.3533045089565,0.15135115511677272
1787023272338,0.0809,301289.6,0.081,214878.0,0.08095,12.3533045089565,0.16740996529034363
1787023272340,0.0809,301289.6,0.081,213999.0,0.08095,12.3533045089565,0.1694013801198008
1787023272342,0.0809,301289.6,0.081,214060.8,0.08095,12.3533045089565,0.16926114736691772
1787023272343,0.0809,301289.6,0.081,214122.7,0.08095,12.3533045089565,0.16912072141080056
1787023272362,0.0809,301249.8,0.081,214122.7,0.08095,12.3533045089565,0.16905655618023852
1787023272367,0.0809,301249.8,0.081,226199.2,0.08095,12.3533045089565,0.1422897758835451
1787023272368,0.0809,301249.8,0.081,226137.3,0.08095,12.3533045089565,0.1424238476822812
1787023272381,0.0809,301249.8,0.081,225760.0,0.08095,12.3533045089565,0.14324173857867536
1787023272802,0.0809,301249.8,0.081,225883.5,0.08095,12.3533045089565,0.14297389294131102
1787023272803,0.0809,301249.8,0.081,225945.4,0.08095,12.3533045089565,0.1428396920154053
1787023272806,0.0809,301126.3,0.081,225945.4,0.08095,12.3533045089565,0.14263884780761327
1787023272862,0.0809,301126.3,0.081,226154.8,0.08095,12.3533045089565,0.1421850697853574
1787023273038,0.0809,300779.1,0.081,226154.8,0.08095,12.3533045089565,0.1416198502316894
1787023273148,0.0809,300779.1,0.081,226354.8,0.08095,12.3533045089565,0.1411867079692655
1787023273301,0.0809,300779.1,0.081,226231.3,0.08095,12.3533045089565,0.14145413449146355
1787023273414,0.0809,300779.1,0.081,224648.3,0.08095,12.3533045089565,0.14489309084375881
1787023273569,0.0809,298523.9,0.081,224648.3,0.08095,12.3533045089565,0.14120704425808564
1787023273572,0.0809,298523.9,0.081,224448.3,0.08095,12.3533045089565,0.1416434755040517
1787023273600,0.0809,298484.6,0.081,224448.3,0.08095,12.3533045089565,0.14157896739715553
1787023273799,0.0809,298608.1,0.081,224448.3,0.08095,12.3533045089565,0.1417816510800747
1787023273862,0.0809,298608.1,0.081,224238.9,0.08095,12.3533045089565,0.14223893414325794
1787023274041,0.0809,298952.2,0.081,224238.9,0.08095,12.3533045089565,0.14280307902791164
1787023274138,0.0809,298813.0,0.081,224238.9,0.08095,12.3533045089565,0.14257495288708444
1787023274297,0.0809,298689.5,0.081,224238.9,0.08095,12.3533045089565,0.14237245481408162
1787023274598,0.0809,298689.5,0.081,224696.8,0.08095,12.3533045089565,0.14137301645075542
1787023274627,0.0809,298655.6,0.081,224696.8,0.08095,12.3533045089565,0.14131739913679578
1787023274796,0.0809,298655.6,0.081,224820.3,0.08095,12.3533045089565,0.1410481361224079
1787023274801,0.0809,288490.9,0.081,224820.3,0.08095,12.3533045089565,0.12403898453803469
1787023274812,0.0809,322733.0,0.081,224820.3,0.08095,12.3533045089565,0.17881857346125027
1787023274813,0.0809,322671.1,0.081,224820.3,0.08095,12.3533045089565,0.17872572975575507
1787023275040,0.0809,322327.0,0.081,224820.3,0.08095,12.3533045089565,0.178209231773601
1787023275101,0.0809,322327.0,0.081,225557.6,0.08095,12.3533045089565,0.1766236904632837
1787023275102,0.0809,322388.9,0.081,225557.6,0.08095,12.3533045089565,0.17671670500678446
1787023275188,0.0809,321277.2,0.081,225557.6,0.08095,12.3533045089565,0.17504299287463052
1787023275598,0.0809,321277.2,0.081,225099.7,0.08095,12.3533045089565,0.17602775666394388
1787023275801,0.0809,321277.2,0.081,224976.2,0.08095,12.3533045089565,0.1762936395453099
1787023275831,0.0809,321232.0,0.081,224976.2,0.08095,12.3533045089565,0.17622547592657892
1787023276206,0.0809,321041.5,0.081,224976.2,0.08095,12.3533045089565,0.1759380694069075
1787023276299,0.0809,321165.0,0.081,224976.2,0.08095,12.3533045089565,0.17612441617662244
1787023276833,0.0809,321165.0,0.081,224252.6,0.08095,12.3533045089565,0.1776847685149874
1787023276924,0.0809,321165.0,0.081,223888.8,0.08095,12.3533045089565,0.17847082251330051
1787023277030,0.0809,321108.6,0.081,223888.8,0.08095,12.3533045089565,0.1783858051432906
1787023277038,0.0809,321446.9,0.081,223888.8,0.08095,12.3533045089565,0.1788954950134386
1787023277100,0.0809,321446.9,0.081,223151.5,0.08095,12.3533045089565,0.18049153284328417
1787023277298,0.0809,321323.4,0.081,223151.5,0.08095,12.3533045089565,0.1803056486166764
1787023277801,0.0809,321323.4,0.081,223275.0,0.08095,12.3533045089565,0.18003798762537682
1787023277829,0.0809,321323.4,0.081,223342.9,0.08095,12.3533045089565,0.17989087997550063
1787023277833,0.0809,321323.4,0.081,224016.0,0.08095,12.3533045089565,0.17843456753720713
1787023277834,0.0809,321323.4,0.081,223954.1,0.08095,12.3533045089565,0.17856834364154034
1787023277922,0.0809,321323.4,0.081,224290.6,0.08095,12.3533045089565,0.17784147767469313
1787023277923,0.0809,321323.4,0.081,224352.5,0.08095,12.3533045089565,0.17770786651930207
1787023277952,0.0809,321285.4,0.081,224352.5,0.08095,12.3533045089565,0.17765059941767244
1787023277967,0.0809,321474.3,0.081,224352.5,0.08095,12.3533045089565,0.1779351984915361
1787023278038,0.0809,321136.0,0.081,224352.5,0.08095,12.3533045089565,0.17742537193726357
1787023278098,0.0809,321136.0,0.081,225087.3,0.08095,12.3533045089565,0.17584145531690062
1787023278128,0.0809,321026.5,0.081,225087.3,0.08095,12.3533045089565,0.17567620521583596
1787023278132,0.0809,321162.6,0.081,225087.3,0.08095,12.3533045089565,0.17588158826207567
1787023278748,0.0809,321162.6,0.081,225458.3,0.08095,12.3533045089565,0.1750834993685752
1787023278776,0.0809,321162.6,0.081,225087.3,0.08095,12.3533045089565,0.17588158826207567
1787023278862,0.0809,321162.6,0.081,225306.0,0.08095,12.3533045089565,0.17541099342212887
1787023279110,0.0809,321162.6,0.081,225107.2,0.08095,12.3533045089565,0.17583875220632728
1787023279121,0.0809,321108.7,0.081,225107.2,0.08095,12.3533045089565,0.17575742485709406
1787023279299,0.0809,321108.7,0.081,224983.7,0.08095,12.3533045089565,0.17602332499042286
1787023279832,0.0809,321108.7,0.081,225354.7,0.08095,12.3533045089565,0.17522490984757624
1787023279946,0.0809,321108.7,0.081,224983.7,0.08095,12.3533045089565,0.17602332499042286
1787023280547,0.0809,321108.7,0.081,225354.7,0.08095,12.3533045089565,0.17522490984757624
1787023280575,0.0809,321063.3,0.081,225354.7,0.08095,12.3533045089565,0.17515638211039897
1787023280595,0.0809,321063.3,0.081,226016.9,0.08095,12.3533045089565,0.17373394248229054
1787023280635,0.0809,321063.3,0.081,228573.5,0.08095,12.3533045089565,0.1682743950186741
1787023280637,0.0809,321063.3,0.081,228511.6,0.08095,12.3533045089565,0.16840598069526097
1787023280714,0.0809,321063.3,0.081,247509.7,0.08095,12.3533045089565,0.1293652705984983
1787023280715,0.0809,321063.3,0.081,247447.9,0.08095,12.3533045089565,0.12948803823038138
1787023280716,0.0809,321063.3,0.081,248991.1,0.08095,12.3533045089565,0.12643038980139434
1787023280717,0.0809,321063.3,0.081,250040.8,0.08095,12.3533045089565,0.12435998971115775
1787023280719,0.0809,321063.3,0.081,250164.5,0.08095,12.3533045089565,0.12411650833520355
1787023280720,0.0809,321063.3,0.081,253868.2,0.08095,12.3533045089565,0.11687496684387615
1787023280721,0.0809,321063.3,0.081,253806.3,0.08095,12.3533045089565,0.11699522813521536
1787023280753,0.0809,319208.1,0.081,253806.3,0.08095,12.3533045089565,0.11413639866642095
1787023280805,0.0809,319208.1,0.081,253929.8,0.08095,12.3533045089565,0.11389632407837624
1787023280806,0.0809,319208.1,0.081,253991.7,0.08095,12.3533045089565,0.11377603411585273
1787023280827,0.0809,319208.1,0.081,272111.4,0.08095,12.3533045089565,0.07964678993336081
1787023280828,0.0809,319208.1,0.081,272928.5,0.08095,12.3533045089565,0.07815696580822733
1787023280829,0.0809,319208.1,0.081,272990.4,0.08095,12.3533045089565,0.07804427062885157
1787023280890,0.0809,319208.1,0.081,273367.7,0.08095,12.3533045089565,0.07735786712855969
1787023281084,0.0809,319208.1,0.081,273744.7,0.08095,12.3533045089565,0.07667288188874387
1787023281131,0.0809,319208.1,0.081,278857.0,0.08095,12.3533045089565,0.06746941093870881
1787023281133,0.0809,319208.1,0.081,278795.1,0.08095,12.3533045089565,0.06757990592692481
1787023281231,0.0809,319208.1,0.081,273682.8,0.08095,12.3533045089565,0.07678529051466297
1787023281332,0.0809,319208.1,0.081,278795.1,0.08095,12.3533045089565,0.06757990592692481
1787023281333,0.0809,319208.1,0.081,278857.0,0.08095,12.3533045089565,0.06746941093870881
1787023281479,0.0809,256831.8,0.081,278857.0,0.08095,12.3533045089565,-0.041115662675792385
1787023281480,0.0809,256831.8,0.081,278857.0,0.08095,12.3533045089565,-0.041115662675792385
1787023281487,0.0809,256831.8,0.081,279227.4,0.08095,12.3533045089565,-0.041778221509863156
1787023281630,0.0809,229131.8,0.081,279227.4,0.08095,12.3533045089565,-0.09854370689071829
1787023281631,0.0809,195541.8,0.081,294227.4,0.08095,12.3533045089565,-0.20149409150269154
1787023281632,0.0809,195541.8,0.081,294165.5,0.08095,12.3533045089565,-0.2013931587297147
1787023281654,0.0809,195541.8,0.081,295332.7,0.08095,12.3533045089565,-0.2032920838218323
1787023281655,0.0809,195541.8,0.081,295394.6,0.08095,12.3533045089565,-0.20339253720033795
1787023281733,0.0809,195541.8,0.081,296545.1,0.08095,12.3533045089565,-0.2052550067884351
1787023281734,0.0809,195541.8,0.081,297695.6,0.08095,12.3533045089565,-0.20710878777643382
1787023281735,0.0809,195541.8,0.081,303964.5,0.08095,12.3533045089565,-0.21705972477224014
1787023281736,0.0809,195541.8,0.081,303902.6,0.08095,12.3533045089565,-0.21696268893995008
1787023281800,0.0809,195541.8,0.081,303779.1,0.08095,12.3533045089565,-0.2167690156770926
1787023281881,0.0809,248682.2,0.081,303779.1,0.08095,12.3533045089565,-0.0997298815319733
1787023281888,0.0809,248620.3,0.081,303779.1,0.08095,12.3533045089565,-0.09985311352619138
1787023281889,0.0809,248620.3,0.081,304707.9,0.08095,12.3533045089565,-0.1013640728956161
1787023281891,0.0809,248682.2,0.081,304769.8,0.08095,12.3533045089565,-0.10134139907345167
1787023281910,0.0809,248654.5,0.081,304769.8,0.08095,12.3533045089565,-0.10139652342696188
1787023281915,0.0809,248654.5,0.081,304392.8,0.08095,12.3533045089565,-0.10078396549445226
1787023281937,0.0809,195514.1,0.081,304392.8,0.08095,12.3533045089565,-0.21779795397903084
1787023281975,0.0809,195514.1,0.081,310500.0,0.08095,12.3533045089565,-0.2272385295192367
1787023281977,0.0809,195514.1,0.081,310438.1,0.08095,12.3533045089565,-0.22714398711973183
1787023282158,0.0809,257588.0,0.081,310438.1,0.08095,12.3533045089565,-0.09304167537371959
1787023282160,0.0809,257526.1,0.081,310500.0,0.08095,12.3533045089565,-0.09325962310534673
1787023282161,0.0809,257588.0,0.081,310500.0,0.08095,12.3533045089565,-0.0931404993592542
1787023282166,0.0809,257588.0,0.081,310877.0,0.08095,12.3533045089565,-0.09374191902755667
1787023282401,0.0809,257588.0,0.081,311013.7,0.08095,12.3533045089565,-0.09395979646209292
1787023282518,0.0809,257588.0,0.081,307078.9,0.08095,12.3533045089565,-0.08764618574242623
1787023282521,0.0809,257588.0,0.081,311016.6,0.08095,12.3533045089565,-0.09396441745283098
1787023282574,0.0809,257588.0,0.081,311437.5,0.08095,12.3533045089565,-0.09463459897667152
1787023282670,0.0809,195514.1,0.081,311437.5,0.08095,12.3533045089565,-0.22866758877967838
1787023282672,0.0809,195310.2,0.081,311437.5,0.08095,12.3533045089565,-0.22916196758268462
1787023282748,0.0809,195514.1,0.081,311437.5,0.08095,12.3533045089565,-0.22866758877967838
1787023282799,0.0809,195514.1,0.081,311561.0,0.08095,12.3533045089565,-0.2288554496168319
1787023282833,0.0809,195514.1,0.081,301330.3,0.08095,12.3533045089565,-0.21297653752361903
1787023282937,0.0809,268455.8,0.081,301330.3,0.08095,12.3533045089565,-0.05769621266647256
1787023282938,0.0809,268393.9,0.081,301330.3,0.08095,12.3533045089565,-0.057811130367992035
1787023283026,0.0809,268393.9,0.081,309458.3,0.08095,12.3533045089565,-0.0710638464299348
1787023283027,0.0809,268455.8,0.081,309396.4,0.08095,12.3533045089565,-0.07084960479513626
1787023283028,0.0809,268455.8,0.081,309458.3,0.08095,12.3533045089565,-0.07094912548421989
1787023283029,0.0809,268392.8,0.081,309458.3,0.08095,12.3533045089565,-0.07106588531197743
1787023283155,0.0809,268392.8,0.081,310108.3,0.08095,12.3533045089565,-0.07210962952360851
1787023283297,0.0809,268392.8,0.081,309984.8,0.08095,12.3533045089565,-0.07191149864725052
1787023283304,0.0809,268348.6,0.081,309984.8,0.08095,12.3533045089565,-0.07199342109585927
1787023283345,0.0809,195406.9,0.081,309984.8,0.08095,12.3533045089565,-0.22671108370002913
1787023283613,0.0809,266712.7,0.081,309984.8,0.08095,12.3533045089565,-0.07503431174922724
1787023283614,0.0809,266446.9,0.081,309984.8,0.08095,12.3533045089565,-0.07553002376517455
1787023283615,0.0809,266650.8,0.081,309984.8,0.08095,12.3533045089565,-0.07514971326778992
1787023283616,0.0809,266712.7,0.081,309984.8,0.08095,12.3533045089565,-0.07503431174922724
1787023283630,0.0809,266712.7,0.081,294984.8,0.08095,12.3533045089565,-0.05033331998095056
1787023283821,0.0809,195406.9,0.081,294984.8,0.08095,12.3533045089565,-0.2030578820971073
1787023283834,0.0809,195406.9,0.081,292428.2,0.08095,12.3533045089565,-0.1988813433063755
1787023283840,0.0809,194495.3,0.081,292428.2,0.08095,12.3533045089565,-0.20112584420345295
1787023283931,0.0809,194495.3,0.081,294984.8,0.08095,12.3533045089565,-0.2052984380774622
1787023283962,0.0809,194495.3,0.081,294792.8,0.08095,12.3533045089565,-0.2049865917442096
1787023284031,0.0809,194495.3,0.081,305023.5,0.08095,12.3533045089565,-0.2212693496220763
1787023284032,0.0809,194495.3,0.081,304961.6,0.08095,12.3533045089565,-0.2211728379365667
1787023284039,0.0809,194495.3,0.081,304584.3,0.08095,12.3533045089565,-0.2205840511213041
1787023284091,0.0809,194495.3,0.081,304938.3,0.08095,12.3533045089565,-0.22113650343108673
1787023284093,0.0809,194495.3,0.081,305000.2,0.08095,12.3533045089565,-0.22123302412133847
1787023284132,0.0809,194495.3,0.081,299881.8,0.08095,12.3533045089565,-0.21317027022489513
1787023284203,0.0809,194495.3,0.081,295944.1,0.08095,12.3533045089565,-0.2068528751972211
1787023284208,0.0809,194495.3,0.081,299907.1,0.08095,12.3533045089565,-0.21321053457669298
1787023284231,0.0809,194495.3,0.081,299913.2,0.08095,12.3533045089565,-0.21322024196590475
1787023284232,0.0809,194495.3,0.081,299709.3,0.08095,12.3533045089565,-0.21289563067603987
1787023284234,0.0809,194495.3,0.081,299913.2,0.08095,12.3533045089565,-0.21322024196590475
1787023284332,0.0809,194495.3,0.081,305025.5,0.08095,12.3533045089565,-0.22127246753288354
1787023284333,0.0809,194495.3,0.081,304963.6,0.08095,12.3533045089565,-0.22117595662025444
1787023284399,0.0809,194495.3,0.081,304826.9,0.08095,12.3533045089565,-0.22096273708639438
1787023284433,0.0809,194495.3,0.081,305026.9,0.08095,12.3533045089565,-0.22127465005559319
1787023284435,0.0809,194495.3,0.081,305088.8,0.08095,12.3533045089565,-0.22137113651135015
1787023284463,0.0809,194448.9,0.081,305088.8,0.08095,12.3533045089565,-0.2214845846469646
1787023284591,0.0809,259638.6,0.081,305088.8,0.08095,12.3533045089565,-0.08048166247998588
1787023284592,0.0809,259576.7,0.081,305088.8,0.08095,12.3533045089565,-0.08060010749727047
1787023284593,0.0809,259576.7,0.081,304511.8,0.08095,12.3533045089565,-0.07965966333296988
1787023284607,0.0809,259576.7,0.081,303361.3,0.08095,12.3533045089565,-0.07777872518820896
1787023284609,0.0809,259576.7,0.081,302210.8,0.08095,12.3533045089565,-0.0758900829940146
1787023284613,0.0809,259576.7,0.081,301060.3,0.08095,12.3533045089565,-0.07399368932125418
1787023284660,0.0809,259576.7,0.081,294953.1,0.08095,12.3533045089565,-0.06379530910692259
1787023284691,0.0809,194387.0,0.081,294953.1,0.08095,12.3533045089565,-0.20551371122047832
1787023284692,0.0809,194448.9,0.081,294953.1,0.08095,12.3533045089565,-0.205361236774676
1787023284797,0.0809,194448.9,0.081,295076.6,0.08095,12.3533045089565,-0.20556171231120746
1787023284872,0.0809,194448.9,0.081,295453.6,0.08095,12.3533045089565,-0.2061730650486576
1787023284878,0.0809,194448.9,0.081,295701.6,0.08095,12.3533045089565,-0.20657471531703014
1787023284879,0.0809,194448.9,0.081,295453.6,0.08095,12.3533045089565,-0.2061730650486576
1787023284880,0.0809,194448.9,0.081,295577.6,0.08095,12.3533045089565,-0.2063739410011499
1787023284881,0.0809,194448.9,0.081,317215.1,0.08095,12.3533045089565,-0.239935191844648
1787023284882,0.0809,194448.9,0.081,317463.1,0.08095,12.3533045089565,-0.24030341152385562
1787023284883,0.0809,194448.9,0.081,317401.2,0.08095,12.3533045089565,-0.24021153849535248
1787023284885,0.0809,194448.9,0.081,317339.1,0.08095,12.3533045089565,-0.24011934629182394
1787023284886,0.0809,194448.9,0.081,317215.1,0.08095,12.3533045089565,-0.239935191844648
1787023284887,0.0809,194448.9,0.081,317463.1,0.08095,12.3533045089565,-0.24030341152385562
1787023284888,0.0809,194448.9,0.081,317215.1,0.08095,12.3533045089565,-0.239935191844648
1787023284890,0.0809,194448.9,0.081,317587.1,0.08095,12.3533045089565,-0.24048738760555896
1787023284891,0.0809,194448.9,0.081,317215.1,0.08095,12.3533045089565,-0.239935191844648
1787023284893,0.0809,194448.9,0.081,317463.1,0.08095,12.3533045089565,-0.24030341152385562
1787023284894,0.0809,194448.9,0.081,317215.1,0.08095,12.3533045089565,-0.239935191844648
1787023284895,0.0809,194448.9,0.081,317339.1,0.08095,12.3533045089565,-0.24011934629182394
1787023284896,0.0809,194448.9,0.081,317215.1,0.08095,12.3533045089565,-0.239935191844648
1787023284897,0.0809,194448.9,0.081,317215.1,0.08095,12.3533045089565,-0.239935191844648
1787023284909,0.0809,194448.9,0.081,317339.1,0.08095,12.3533045089565,-0.24011934629182394
1787023284910,0.0809,194448.9,0.081,317463.1,0.08095,12.3533045089565,-0.24030341152385562
1787023284911,0.0809,194448.9,0.081,317215.1,0.08095,12.3533045089565,-0.239935191844648
1787023284912,0.0809,194448.9,0.081,317339.1,0.08095,12.3533045089565,-0.24011934629182394
1787023284913,0.0809,194448.9,0.081,317339.1,0.08095,12.3533045089565,-0.24011934629182394
1787023284914,0.0809,194448.9,0.081,317215.1,0.08095,12.3533045089565,-0.239935191844648
1787023284915,0.0809,194448.9,0.081,317339.1,0.08095,12.3533045089565,-0.24011934629182394
1787023284916,0.0809,194448.9,0.081,317463.1,0.08095,12.3533045089565,-0.24030341152385562
1787023284917,0.0809,194448.9,0.081,317215.1,0.08095,12.3533045089565,-0.239935191844648
1787023284919,0.0809,194448.9,0.081,317463.1,0.08095,12.3533045089565,-0.24030341152385562
1787023284920,0.0809,194448.9,0.081,317215.1,0.08095,12.3533045089565,-0.239935191844648
1787023284923,0.0809,194448.9,0.081,317587.1,0.08095,12.3533045089565,-0.24048738760555896
1787023284924,0.0809,194448.9,0.081,317215.1,0.08095,12.3533045089565,-0.239935191844648
1787023284926,0.0809,194448.9,0.081,317339.1,0.08095,12.3533045089565,-0.24011934629182394
1787023284927,0.0809,194448.9,0.081,317215.1,0.08095,12.3533045089565,-0.239935191844648
1787023285010,0.0809,194448.9,0.081,317339.1,0.08095,12.3533045089565,-0.24011934629182394
1787023285011,0.0809,194448.9,0.081,317339.1,0.08095,12.3533045089565,-0.24011934629182394
1787023285012,0.0809,194448.9,0.081,317215.1,0.08095,12.3533045089565,-0.239935191844648
1787023285013,0.0809,194448.9,0.081,317463.1,0.08095,12.3533045089565,-0.24030341152385562
1787023285014,0.0809,194448.9,0.081,317215.1,0.08095,12.3533045089565,-0.239935191844648
1787023285016,0.0809,194448.9,0.081,317339.1,0.08095,12.3533045089565,-0.24011934629182394
1787023285017,0.0809,194448.9,0.081,317215.1,0.08095,12.3533045089565,-0.239935191844648
1787023285018,0.0809,194448.9,0.081,317339.1,0.08095,12.3533045089565,-0.24011934629182394
1787023285019,0.0809,194448.9,0.081,317215.1,0.08095,12.3533045089565,-0.239935191844648
1787023285020,0.0809,194448.9,0.081,317339.1,0.08095,12.3533045089565,-0.24011934629182394
1787023285021,0.0809,194448.9,0.081,317463.1,0.08095,12.3533045089565,-0.24030341152385562
1787023285022,0.0809,194448.9,0.081,317215.1,0.08095,12.3533045089565,-0.239935191844648
1787023285025,0.0809,194448.9,0.081,317339.1,0.08095,12.3533045089565,-0.24011934629182394
1787023285026,0.0809,194448.9,0.081,317215.1,0.08095,12.3533045089565,-0.239935191844648
1787023285027,0.0809,194448.9,0.081,317339.1,0.08095,12.3533045089565,-0.24011934629182394
1787023285028,0.0809,194448.9,0.081,317215.1,0.08095,12.3533045089565,-0.239935191844648
1787023285038,0.0809,194448.9,0.081,317463.1,0.08095,12.3533045089565,-0.24030341152385562
1787023285039,0.0809,188824.5,0.081,317339.1,0.08095,12.3533045089565,-0.25389933215268734
1787023285040,0.0809,188824.5,0.081,317215.1,0.08095,12.3533045089565,-0.25371650756185876
1787023285041,0.0809,163365.6,0.081,332463.1,0.08095,12.3533045089565,-0.341040161652603
1787023285042,0.0809,31581.0,0.081,403289.7,0.08095,12.3533045089565,-0.8547568277191359
1787023285043,0.0809,31581.0,0.081,332339.1,0.08095,12.3533045089565,-0.8264399245878422
1787023285044,0.0809,60543.6,0.081,334167.8,0.08095,12.3533045089565,-0.6932259873923075
1787023285045,0.0809,14691.9,0.081,403647.4,0.08095,12.3533045089565,-0.9297608424549163
1787023285046,0.0809,14753.8,0.081,415626.6,0.08095,12.3533045089565,-0.9314383275818323
1787023285047,0.0809,59757.0,0.081,415626.6,0.08095,12.3533045089565,-0.7485946086486787
1787023285048,0.0809,59757.0,0.081,417322.7,0.08095,12.3533045089565,-0.7494883978505059
1787023285049,0.0809,59757.0,0.081,392136.8,0.08095,12.3533045089565,-0.7355263559712482
1787023285050,0.0809,61657.0,0.081,392384.8,0.08095,12.3533045089565,-0.7284082654944986
1787023285051,0.0809,61595.1,0.081,392322.7,0.08095,12.3533045089565,-0.728606809426729
1787023285052,0.0809,62537.9,0.081,392322.7,0.08095,12.3533045089565,-0.725023886439054
1787023285053,0.0809,62599.8,0.081,392322.7,0.08095,12.3533045089565,-0.7247891673856537
1787023285054,0.0809,62599.8,0.081,392322.7,0.08095,12.3533045089565,-0.7247891673856537
1787023285055,0.0809,62599.8,0.081,392198.7,0.08095,12.3533045089565,-0.7247141316429144
1787023285056,0.0809,62599.8,0.081,392322.7,0.08095,12.3533045089565,-0.7247891673856537
1787023285057,0.0809,62599.8,0.081,392322.7,0.08095,12.3533045089565,-0.7247891673856537
1787023285058,0.0809,62599.8,0.081,392322.7,0.08095,12.3533045089565,-0.7247891673856537
1787023285059,0.0809,62599.8,0.081,392198.7,0.08095,12.3533045089565,-0.7247141316429144
1787023285060,0.0809,62599.8,0.081,392446.7,0.08095,12.3533045089565,-0.7248641622339695
1787023285061,0.0809,62599.8,0.081,392198.7,0.08095,12.3533045089565,-0.7247141316429144
1787023285063,0.0809,62599.8,0.081,392198.7,0.08095,12.3533045089565,-0.7247141316429144
1787023285064,0.0809,62599.8,0.081,392446.7,0.08095,12.3533045089565,-0.7248641622339695
1787023285065,0.0809,62599.8,0.081,392322.7,0.08095,12.3533045089565,-0.7247891673856537
1787023285066,0.0809,62599.8,0.081,392322.7,0.08095,12.3533045089565,-0.7247891673856537
1787023285067,0.0809,62599.8,0.081,392198.7,0.08095,12.3533045089565,-0.7247141316429144
1787023285068,0.0809,62599.8,0.081,392446.7,0.08095,12.3533045089565,-0.7248641622339695
1787023285069,0.0809,62599.8,0.081,392322.7,0.08095,12.3533045089565,-0.7247891673856537
1787023285070,0.0809,62599.8,0.081,392198.7,0.08095,12.3533045089565,-0.7247141316429144
1787023285071,0.0809,62599.8,0.081,392446.7,0.08095,12.3533045089565,-0.7248641622339695
1787023285072,0.0809,62599.8,0.081,392198.7,0.08095,12.3533045089565,-0.7247141316429144
1787023285073,0.0809,62599.8,0.081,392322.7,0.08095,12.3533045089565,-0.7247891673856537
1787023285074,0.0809,62599.8,0.081,392322.7,0.08095,12.3533045089565,-0.7247891673856537
1787023285075,0.0809,62599.8,0.081,392322.7,0.08095,12.3533045089565,-0.7247891673856537
1787023285076,0.0809,62599.8,0.081,392322.7,0.08095,12.3533045089565,-0.7247891673856537
1787023285077,0.0809,62599.8,0.081,392198.7,0.08095,12.3533045089565,-0.7247141316429144
1787023285079,0.0809,62599.8,0.081,392198.7,0.08095,12.3533045089565,-0.7247141316429144
1787023285080,0.0809,62599.8,0.081,392322.7,0.08095,12.3533045089565,-0.7247891673856537
1787023285081,0.0809,62599.8,0.081,392322.7,0.08095,12.3533045089565,-0.7247891673856537
1787023285082,0.0809,62599.8,0.081,392198.7,0.08095,12.3533045089565,-0.7247141316429144
1787023285083,0.0809,62599.8,0.081,392322.7,0.08095,12.3533045089565,-0.7247891673856537
1787023285084,0.0809,62599.8,0.081,392198.7,0.08095,12.3533045089565,-0.7247141316429144
1787023285086,0.0809,62599.8,0.081,392446.7,0.08095,12.3533045089565,-0.7248641622339695
1787023285087,0.0809,62599.8,0.081,392322.7,0.08095,12.3533045089565,-0.7247891673856537
1787023285088,0.0809,62599.8,0.081,392198.7,0.08095,12.3533045089565,-0.7247141316429144
1787023285089,0.0809,62599.8,0.081,392322.7,0.08095,12.3533045089565,-0.7247891673856537
1787023285090,0.0809,62599.8,0.081,392198.7,0.08095,12.3533045089565,-0.7247141316429144
1787023285091,0.0809,62599.8,0.081,392446.7,0.08095,12.3533045089565,-0.7248641622339695
1787023285092,0.0809,62908.9,0.081,392198.7,0.08095,12.3533045089565,-0.7235427402223121
1787023285093,0.0809,62908.9,0.081,392322.7,0.08095,12.3533045089565,-0.723618044090085
1787023285094,0.0809,62908.9,0.081,392198.7,0.08095,12.3533045089565,-0.7235427402223121
1787023285095,0.0809,62908.9,0.081,392446.7,0.08095,12.3533045089565,-0.7236933069451654
1787023285096,0.0809,62908.9,0.081,392198.7,0.08095,12.3533045089565,-0.7235427402223121
1787023285097,0.0809,62908.9,0.081,392322.7,0.08095,12.3533045089565,-0.723618044090085
1787023285098,0.0809,62908.9,0.081,392446.7,0.08095,12.3533045089565,-0.7236933069451654
1787023285099,0.0809,62908.9,0.081,392951.8,0.08095,12.3533045089565,-0.7239994586065436
1787023285100,0.0809,62908.9,0.081,393075.8,0.08095,12.3533045089565,-0.7240745139036462
1787023285101,0.0809,62908.9,0.081,393075.8,0.08095,12.3533045089565,-0.7240745139036462
1787023285102,0.0809,62908.9,0.081,393075.8,0.08095,12.3533045089565,-0.7240745139036462
1787023285103,0.0809,62908.9,0.081,392951.8,0.08095,12.3533045089565,-0.7239994586065436
1787023285104,0.0809,62908.9,0.081,392951.8,0.08095,12.3533045089565,-0.7239994586065436
1787023285106,0.0809,62908.9,0.081,393199.8,0.08095,12.3533045089565,-0.7241495283909295
1787023285107,0.0809,62908.9,0.081,392951.8,0.08095,12.3533045089565,-0.7239994586065436
1787023285109,0.0809,62908.9,0.081,393199.8,0.08095,12.3533045089565,-0.7241495283909295
1787023285110,0.0809,62908.9,0.081,392951.8,0.08095,12.3533045089565,-0.7239994586065436
1787023285111,0.0809,62908.9,0.081,393075.8,0.08095,12.3533045089565,-0.7240745139036462
1787023285112,0.0809,62908.9,0.081,393199.8,0.08095,12.3533045089565,-0.7241495283909295
1787023285113,0.0809,62908.9,0.081,393075.8,0.08095,12.3533045089565,-0.7240745139036462
1787023285114,0.0809,62908.9,0.081,392951.8,0.08095,12.3533045089565,-0.7239994586065436
1787023285115,0.0809,62908.9,0.081,393075.8,0.08095,12.3533045089565,-0.7240745139036462
1787023285116,0.0809,62908.9,0.081,392951.8,0.08095,12.3533045089565,-0.7239994586065436
1787023285117,0.0809,62908.9,0.081,393199.8,0.08095,12.3533045089565,-0.7241495283909295
1787023285118,0.0809,62908.9,0.081,393075.8,0.08095,12.3533045089565,-0.7240745139036462
1787023285119,0.0809,62908.9,0.081,392951.8,0.08095,12.3533045089565,-0.7239994586065436
1787023285120,0.0809,62908.9,0.081,393199.8,0.08095,12.3533045089565,-0.7241495283909295
1787023285121,0.0809,62908.9,0.081,392951.8,0.08095,12.3533045089565,-0.7239994586065436
1787023285122,0.0809,62908.9,0.081,393075.8,0.08095,12.3533045089565,-0.7240745139036462
1787023285123,0.0809,62908.9,0.081,392951.8,0.08095,12.3533045089565,-0.7239994586065436
1787023285124,0.0809,62908.9,0.081,393075.8,0.08095,12.3533045089565,-0.7240745139036462
1787023285125,0.0809,62908.9,0.081,392951.8,0.08095,12.3533045089565,-0.7239994586065436
1787023285126,0.0809,62908.9,0.081,393075.8,0.08095,12.3533045089565,-0.7240745139036462
1787023285127,0.0809,62908.9,0.081,392951.8,0.08095,12.3533045089565,-0.7239994586065436
1787023285140,0.0809,62908.9,0.081,393322.6,0.08095,12.3533045089565,-0.72422377674492
1787023285166,0.0809,62908.9,0.081,392951.8,0.08095,12.3533045089565,-0.7239994586065436
1787023285197,0.0809,63112.8,0.081,393155.7,0.08095,12.3533045089565,-0.7233523681779479
1787023285199,0.0809,63112.8,0.081,398324.6,0.08095,12.3533045089565,-0.7264513019534178
1787023285200,0.0809,63112.8,0.081,398262.7,0.08095,12.3533045089565,-0.7264146015555659
1787023285209,0.0809,63112.8,0.081,398634.7,0.08095,12.3533045089565,-0.726635011559348
1787023285210,0.0809,63112.8,0.081,398262.7,0.08095,12.3533045089565,-0.7264146015555659
1787023285211,0.0809,63112.8,0.081,398324.6,0.08095,12.3533045089565,-0.7264513019534178
1787023285212,0.0809,63112.8,0.081,398696.6,0.08095,12.3533045089565,-0.7266716528507216
1787023285213,0.0809,63112.8,0.081,398324.6,0.08095,12.3533045089565,-0.7264513019534178
1787023285215,0.0809,63112.8,0.081,398696.6,0.08095,12.3533045089565,-0.7266716528507216
1787023285216,0.0809,63112.8,0.081,398324.6,0.08095,12.3533045089565,-0.7264513019534178
1787023285217,0.0809,63112.8,0.081,398448.6,0.08095,12.3533045089565,-0.7265247917178517
1787023285218,0.0809,63112.8,0.081,398572.6,0.08095,12.3533045089565,-0.7265982420063533
1787023285219,0.0809,63112.8,0.081,398324.6,0.08095,12.3533045089565,-0.7264513019534178
1787023285221,0.0809,63112.8,0.081,406120.4,0.08095,12.3533045089565,-0.7309960164796524
1787023285222,0.0809,63112.8,0.081,406058.5,0.08095,12.3533045089565,-0.7309605255052899
1787023285223,0.0809,63112.8,0.081,406306.5,0.08095,12.3533045089565,-0.7311026623745551
1787023285224,0.0809,63112.8,0.081,406058.5,0.08095,12.3533045089565,-0.7309605255052899
1787023285225,0.0809,63112.8,0.081,406244.4,0.08095,12.3533045089565,-0.731067084940851
1787023285226,0.0809,63112.8,0.081,406244.4,0.08095,12.3533045089565,-0.731067084940851
1787023285227,0.0809,63112.8,0.081,406120.4,0.08095,12.3533045089565,-0.7309960164796524
1787023285228,0.0809,63112.8,0.081,405996.4,0.08095,12.3533045089565,-0.7309249104472904
1787023285267,0.0809,63112.8,0.081,406120.4,0.08095,12.3533045089565,-0.7309960164796524
1787023285268,0.0809,63112.8,0.081,406244.4,0.08095,12.3533045089565,-0.731067084940851
1787023285269,0.0809,63112.8,0.081,405996.4,0.08095,12.3533045089565,-0.7309249104472904
1787023285270,0.0809,63112.8,0.081,406244.4,0.08095,12.3533045089565,-0.731067084940851
1787023285271,0.0809,63112.8,0.081,406244.4,0.08095,12.3533045089565,-0.731067084940851
1787023285272,0.0809,63112.8,0.081,406120.4,0.08095,12.3533045089565,-0.7309960164796524
1787023285273,0.0809,63112.8,0.081,406368.4,0.08095,12.3533045089565,-0.7311381158606565
1787023285274,0.0809,63112.8,0.081,406120.4,0.08095,12.3533045089565,-0.7309960164796524
1787023285276,0.0809,63112.8,0.081,406368.4,0.08095,12.3533045089565,-0.7311381158606565
1787023285277,0.0809,63112.8,0.081,406120.4,0.08095,12.3533045089565,-0.7309960164796524
1787023285299,0.0809,63112.8,0.081,405996.9,0.08095,12.3533045089565,-0.7309251972406455
1787023285309,0.0809,63112.8,0.081,406120.9,0.08095,12.3533045089565,-0.730996303121451
1787023285310,0.0809,63112.8,0.081,406120.9,0.08095,12.3533045089565,-0.730996303121451
1787023285311,0.0809,63112.8,0.081,405996.9,0.08095,12.3533045089565,-0.7309251972406455
1787023285312,0.0809,63112.8,0.081,406120.9,0.08095,12.3533045089565,-0.730996303121451
1787023285313,0.0809,63112.8,0.081,405996.9,0.08095,12.3533045089565,-0.7309251972406455
1787023285314,0.0809,63112.8,0.081,405872.9,0.08095,12.3533045089565,-0.7308540537589953
1787023285315,0.0809,63112.8,0.081,405996.9,0.08095,12.3533045089565,-0.7309251972406455
1787023285316,0.0809,63112.8,0.081,406120.9,0.08095,12.3533045089565,-0.730996303121451
1787023285317,0.0809,63112.8,0.081,405872.9,0.08095,12.3533045089565,-0.7308540537589953
1787023285318,0.0809,63112.8,0.081,405996.9,0.08095,12.3533045089565,-0.7309251972406455
1787023285319,0.0809,63112.8,0.081,405996.9,0.08095,12.3533045089565,-0.7309251972406455
1787023285320,0.0809,63112.8,0.081,405996.9,0.08095,12.3533045089565,-0.7309251972406455
1787023285321,0.0809,63112.8,0.081,405996.9,0.08095,12.3533045089565,-0.7309251972406455
1787023285322,0.0809,63112.8,0.081,405872.9,0.08095,12.3533045089565,-0.7308540537589953
1787023285323,0.0809,63112.8,0.081,405872.9,0.08095,12.3533045089565,-0.7308540537589953
1787023285324,0.0809,63112.8,0.081,406120.9,0.08095,12.3533045089565,-0.730996303121451
1787023285325,0.0809,63112.8,0.081,405996.9,0.08095,12.3533045089565,-0.7309251972406455
1787023285326,0.0809,63112.8,0.081,405872.9,0.08095,12.3533045089565,-0.7308540537589953
1787023285327,0.0809,63112.8,0.081,406120.9,0.08095,12.3533045089565,-0.730996303121451
1787023285328,0.0809,63112.8,0.081,405872.9,0.08095,12.3533045089565,-0.7308540537589953
1787023285384,0.0809,63112.8,0.081,394645.5,0.08095,12.3533045089565,-0.7242527333747963
1787023285399,0.0809,63112.8,0.081,395039.5,0.08095,12.3533045089565,-0.7244898694167857
1787023285409,0.0809,63112.8,0.081,395287.5,0.08095,12.3533045089565,-0.7246389236656259
1787023285410,0.0809,63112.8,0.081,395039.5,0.08095,12.3533045089565,-0.7244898694167857
1787023285411,0.0809,63112.8,0.081,395163.5,0.08095,12.3533045089565,-0.7245644167066899
1787023285412,0.0809,63112.8,0.081,395163.5,0.08095,12.3533045089565,-0.7245644167066899
1787023285413,0.0809,63112.8,0.081,395039.5,0.08095,12.3533045089565,-0.7244898694167857
1787023285414,0.0809,63070.1,0.081,395039.5,0.08095,12.3533045089565,-0.7246506076275198
1787023285415,0.0809,63070.1,0.081,395163.5,0.08095,12.3533045089565,-0.724725118367575
1787023285416,0.0809,63070.1,0.081,395039.5,0.08095,12.3533045089565,-0.7246506076275198
1787023285418,0.0809,63070.1,0.081,395039.5,0.08095,12.3533045089565,-0.7246506076275198
1787023285420,0.0809,63070.1,0.081,395163.5,0.08095,12.3533045089565,-0.724725118367575
1787023285421,0.0809,63070.1,0.081,395039.5,0.08095,12.3533045089565,-0.7246506076275198
1787023285424,0.0809,63070.1,0.081,395163.5,0.08095,12.3533045089565,-0.724725118367575
1787023285425,0.0809,63070.1,0.081,395039.5,0.08095,12.3533045089565,-0.7246506076275198
1787023285491,0.0809,63070.1,0.081,395239.5,0.08095,12.3533045089565,-0.7247707663116811
1787023285509,0.0809,63070.1,0.081,395363.5,0.08095,12.3533045089565,-0.7248452120437945
1787023285510,0.0809,63070.1,0.081,395239.5,0.08095,12.3533045089565,-0.7247707663116811
1787023285512,0.0809,63070.1,0.081,395363.5,0.08095,12.3533045089565,-0.7248452120437945
1787023285513,0.0809,63070.1,0.081,395239.5,0.08095,12.3533045089565,-0.7247707663116811
1787023285514,0.0809,63070.1,0.081,395363.5,0.08095,12.3533045089565,-0.7248452120437945
1787023285515,0.0809,63070.1,0.081,395239.5,0.08095,12.3533045089565,-0.7247707663116811
1787023285526,0.0809,63070.1,0.081,395363.5,0.08095,12.3533045089565,-0.7248452120437945
1787023285527,0.0809,63070.1,0.081,395239.5,0.08095,12.3533045089565,-0.7247707663116811
1787023285637,0.0809,62955.5,0.081,395239.5,0.08095,12.3533045089565,-0.7252021519222165
1787023285741,0.0809,62955.5,0.081,396435.5,0.08095,12.3533045089565,-0.7259175734831549
1787023285809,0.0809,62955.5,0.081,396559.5,0.08095,12.3533045089565,-0.7259915345527349
1787023285810,0.0809,62955.5,0.081,396435.5,0.08095,12.3533045089565,-0.7259175734831549
1787023285812,0.0809,62955.5,0.081,396559.5,0.08095,12.3533045089565,-0.7259915345527349
1787023285813,0.0809,62955.5,0.081,396435.5,0.08095,12.3533045089565,-0.7259175734831549
1787023286006,0.0809,122903.0,0.081,396435.5,0.08095,12.3533045089565,-0.5266940540707072
1787023286007,0.0809,122841.1,0.081,396435.5,0.08095,12.3533045089565,-0.5268760425561253
1787023286061,0.0809,122841.1,0.081,381435.5,0.08095,12.3533045089565,-0.5128026959807376
1787023286099,0.0809,122841.1,0.081,379947.6,0.08095,12.3533045089565,-0.5113609355182406
1787023286114,0.0809,123441.1,0.081,379947.6,0.08095,12.3533045089565,-0.5095595113676569
1787023286115,0.0809,123503.0,0.081,379947.6,0.08095,12.3533045089565,-0.5093739087807224
1787023286134,0.0809,123503.0,0.081,367160.3,0.08095,12.3533045089565,-0.49658757848814045
1787023286149,0.0809,157093.0,0.081,367160.3,0.08095,12.3533045089565,-0.4006980976562284
1787023286150,0.0809,156827.2,0.081,367160.3,0.08095,12.3533045089565,-0.40140862138886896
1787023286151,0.0809,157031.1,0.081,367160.3,0.08095,12.3533045089565,-0.400863501385181
1787023286152,0.0809,157093.0,0.081,367160.3,0.08095,12.3533045089565,-0.4006980976562284
1787023286153,0.0809,157093.0,0.081,367067.7,0.08095,12.3533045089565,-0.40059222295757774
1787023286161,0.0809,157093.0,0.081,366942.7,0.08095,12.3533045089565,-0.4004492442022557
1787023286166,0.0809,157093.0,0.081,366571.7,0.08095,12.3533045089565,-0.4000244813140928
1787023286168,0.0809,157093.0,0.081,366446.7,0.08095,12.3533045089565,-0.3998812315474834
1787023286175,0.0809,157093.0,0.081,364591.5,0.08095,12.3533045089565,-0.39774710576986666
1787023286187,0.0809,157093.0,0.081,364466.5,0.08095,12.3533045089565,-0.39760276631908725
1787023286189,0.0809,156904.1,0.081,364466.5,0.08095,12.3533045089565,-0.3981091377227638
1787023286196,0.0809,156904.1,0.081,364837.5,0.08095,12.3533045089565,-0.39853713025758347
1787023286209,0.0809,156904.1,0.081,364712.5,0.08095,12.3533045089565,-0.39839299592842714
1787023286211,0.0809,156904.1,0.081,364512.5,0.08095,12.3533045089565,-0.39816223725903627
1787023286221,0.0809,156904.1,0.081,346107.0,0.08095,12.3533045089565,-0.3761406060422921
1787023286224,0.0809,156904.1,0.081,364387.5,0.08095,12.3533045089565,-0.39801792317390117
1787023286225,0.0809,156904.1,0.081,364325.6,0.08095,12.3533045089565,-0.39794643321361
1787023286301,0.0809,156904.1,0.081,364449.1,0.08095,12.3533045089565,-0.3980890498034729
1787023286302,0.0809,156904.1,0.081,364511.0,0.08095,12.3533045089565,-0.39816050590019353
1787023286320,0.0809,156904.1,0.081,346230.5,0.08095,12.3533045089565,-0.3762937392896454
1787023286326,0.0809,156904.1,0.081,364386.0,0.08095,12.3533045089565,-0.39801619098463603
1787023286327,0.0809,156904.1,0.081,364324.1,0.08095,12.3533045089565,-0.3979447006128985
1787023286382,0.0809,156904.1,0.081,353790.0,0.08095,12.3533045089565,-0.3855260908633955
1787023286395,0.0809,156876.6,0.081,353790.0,0.08095,12.3533045089565,-0.3856007030810317
1787023286483,0.0809,157000.7,0.081,353790.0,0.08095,12.3533045089565,-0.3852640621687121
1787023286484,0.0809,157000.7,0.081,353851.9,0.08095,12.3533045089565,-0.38533854971081677
1787023286599,0.0809,159472.9,0.081,353851.9,0.08095,12.3533045089565,-0.37866668432929795
1787023286601,0.0809,159411.0,0.081,353851.9,0.08095,12.3533045089565,-0.3788329528590514
1787023286777,0.0809,158811.0,0.081,353851.9,0.08095,12.3533045089565,-0.38044668338590526
1787023286782,0.0809,158811.0,0.081,364386.0,0.08095,12.3533045089565,-0.39292083096806746
1787023286783,0.0809,158872.9,0.081,364324.1,0.08095,12.3533045089565,-0.392684208816182
1787023286784,0.0809,158872.9,0.081,364386.0,0.08095,12.3533045089565,-0.39275605250097034
1787023286957,0.0809,159472.9,0.081,364386.0,0.08095,12.3533045089565,-0.39116086411818146
1787023286958,0.0809,158872.9,0.081,364386.0,0.08095,12.3533045089565,-0.39275605250097034
1787023286982,0.0809,158872.9,0.081,375613.4,0.08095,12.3533045089565,-0.4055117970282868
1787023286983,0.0809,158872.9,0.081,375551.5,0.08095,12.3533045089565,-0.4054429401052796
1787023287080,0.0809,158872.9,0.081,364324.1,0.08095,12.3533045089565,-0.392684208816182
1787023287117,0.0809,156400.7,0.081,364324.1,0.08095,12.3533045089565,-0.3992961349257803
1787023287332,0.0809,156400.7,0.081,371993.0,0.08095,12.3533045089565,-0.40801451644862535
1787023287333,0.0809,156400.7,0.081,372054.9,0.08095,12.3533045089565,-0.4080838579437894
1787023287440,0.0809,156400.7,0.081,371957.7,0.08095,12.3533045089565,-0.40797496547797857
1787023287445,0.0809,156400.7,0.081,372063.9,0.08095,12.3533045089565,-0.40809393855331083
1787023287533,0.0809,156400.7,0.081,364395.0,0.08095,12.3533045089565,-0.39937791345051427
1787023287581,0.0809,156400.7,0.081,375622.4,0.08095,12.3533045089565,-0.4120529728878313
1787023287631,0.0809,156400.7,0.081,385853.1,0.08095,12.3533045089565,-0.4231457667977614
1787023287632,0.0809,156400.7,0.081,388347.8,0.08095,12.3533045089565,-0.4257874964318396
1787023287633,0.0809,156400.7,0.081,388409.7,0.08095,12.3533045089565,-0.4258527370255781
1787023287745,0.0809,156355.4,0.081,388409.7,0.08095,12.3533045089565,-0.42597130396201965
1787023287830,0.0809,156355.4,0.081,383297.4,0.08095,12.3533045089565,-0.42053335033191713
1787023287831,0.0809,156355.4,0.081,375622.4,0.08095,12.3533045089565,-0.4121732147469312
1787023287983,0.0809,156541.8,0.081,375622.4,0.08095,12.3533045089565,-0.4116785758981909
1787023288226,0.0809,156116.6,0.081,375622.4,0.08095,12.3533045089565,-0.4128074111547207
1787023288321,0.0809,155994.9,0.081,375622.4,0.08095,12.3533045089565,-0.41313083678804285
1787023288481,0.0809,155994.9,0.081,364395.0,0.08095,12.3533045089565,-0.400469148229049
1787023288601,0.0809,155994.9,0.081,359226.1,0.08095,12.3533045089565,-0.39445441858930436
1787023288796,0.0809,155994.9,0.081,359102.6,0.08095,12.3533045089565,-0.3943092327180776
1787023288825,0.0809,155957.1,0.081,359102.6,0.08095,12.3533045089565,-0.3944115604462939
1787023288883,0.0809,155957.1,0.081,370330.0,0.08095,12.3533045089565,-0.4073307135971982
1787023288884,0.0809,155957.1,0.081,370268.1,0.08095,12.3533045089565,-0.40726099776293495
1787023288902,0.0809,96009.6,0.081,370268.1,0.08095,12.3533045089565,-0.5881870396118022
1787023288903,0.0809,96009.6,0.081,370330.0,0.08095,12.3533045089565,-0.5882417019699807
1787023288997,0.0809,96009.6,0.081,375498.9,0.08095,12.3533045089565,-0.5927555918928292
1787023288998,0.0809,96009.6,0.081,375437.0,0.08095,12.3533045089565,-0.5927021215128077
1787023289083,0.0809,96009.6,0.081,364209.6,0.08095,12.3533045089565,-0.5827657776989749
1787023289102,0.0809,148408.7,0.081,364209.6,0.08095,12.3533045089565,-0.4209777528426121
1787023289103,0.0809,148346.8,0.081,364271.5,0.08095,12.3533045089565,-0.4212192580717466
1787023289105,0.0809,148408.7,0.081,364271.5,0.08095,12.3533045089565,-0.4210476628510326
1787023289199,0.0809,148408.7,0.081,359102.6,0.08095,12.3533045089565,-0.4151511503290665
1787023289298,0.0809,148408.7,0.081,359226.1,0.08095,12.3533045089565,-0.4152934353594355
1787023289301,0.0809,148408.7,0.081,364395.0,0.08095,12.3533045089565,-0.42118709361886425
1787023289302,0.0809,148408.7,0.081,364333.1,0.08095,12.3533045089565,-0.4211172172816805
1787023289708,0.0809,148408.7,0.081,364271.1,0.08095,12.3533045089565,-0.4210472111442658
1787023289802,0.0809,148408.7,0.081,359102.2,0.08095,12.3533045089565,-0.4151506893743563
1787023289915,0.0809,149008.7,0.081,359102.2,0.08095,12.3533045089565,-0.413479616359342
1787023289916,0.0809,149008.7,0.081,359164.1,0.08095,12.3533045089565,-0.41355105979698237
1787023289982,0.0809,149008.7,0.081,370391.5,0.08095,12.3533045089565,-0.42622779120993787
1787023289983,0.0809,149008.7,0.081,370329.6,0.08095,12.3533045089565,-0.42615940322521945
1787023289984,0.0809,148408.7,0.081,370329.6,0.08095,12.3533045089565,-0.4278089741975867
1787023290015,0.0809,148361.6,0.081,370329.6,0.08095,12.3533045089565,-0.42793862706751146
1787023290018,0.0809,148961.6,0.081,370329.6,0.08095,12.3533045089565,-0.4262887566744824
1787023290019,0.0809,148361.6,0.081,370391.5,0.08095,12.3533045089565,-0.4280068880552232
1787023290052,0.0809,148961.6,0.081,370391.5,0.08095,12.3533045089565,-0.42635713544407455
1787023290067,0.0809,148361.6,0.081,370391.5,0.08095,12.3533045089565,-0.4280068880552232
1787023290071,0.0809,148961.6,0.081,370266.5,0.08095,12.3533045089565,-0.4262190355260049
1787023290072,0.0809,148361.6,0.081,370266.5,0.08095,12.3533045089565,-0.42786902599377086
1787023290182,0.0809,148361.6,0.081,348505.0,0.08095,12.3533045089565,-0.4028111368323007
1787023290183,0.0809,148961.6,0.081,348505.0,0.08095,12.3533045089565,-0.4011191907155174
1787023290246,0.0809,148961.6,0.081,349711.9,0.08095,12.3533045089565,-0.4025686145343597
1787023290247,0.0809,148361.6,0.081,349711.9,0.08095,12.3533045089565,-0.4042582068710743
1787023290253,0.0809,148361.6,0.081,350907.9,0.08095,12.3533045089565,-0.40568530623240556
1787023290275,0.0809,148961.6,0.081,350907.9,0.08095,12.3533045089565,-0.40399804348935076
1787023290277,0.0809,148899.7,0.081,350907.9,0.08095,12.3533045089565,-0.40417192535687735
1787023290297,0.0809,148899.7,0.081,350784.4,0.08095,12.3533045089565,-0.40402466278194565
1787023290299,0.0809,148299.7,0.081,350784.4,0.08095,12.3533045089565,-0.4057125843119426
1787023290400,0.0809,148299.7,0.081,350390.4,0.08095,12.3533045089565,-0.40524305575747344
1787023290484,0.0809,148899.7,0.081,350390.4,0.08095,12.3533045089565,-0.40355436648954185
1787023290485,0.0809,148961.6,0.081,350390.4,0.08095,12.3533045089565,-0.403380380973742
1787023290500,0.0809,148361.6,0.081,350390.4,0.08095,12.3533045089565,-0.40506865135377906
1787023290991,0.0809,147908.3,0.081,350390.4,0.08095,12.3533045089565,-0.4063468357433002
1787023291020,0.0809,147881.6,0.081,350390.4,0.08095,12.3533045089565,-0.40642219510628735
1787023291327,0.0809,148481.6,0.081,350390.4,0.08095,12.3533045089565,-0.4047306723969275
1787023291485,0.0809,147881.6,0.081,350390.4,0.08095,12.3533045089565,-0.40642219510628735
1787023291584,0.0809,147881.6,0.081,349969.5,0.08095,12.3533045089565,-0.4059203645427318
1787023291585,0.0809,148481.6,0.081,349969.5,0.08095,12.3533045089565,-0.404228017552775
1787023291659,0.0809,148481.6,0.081,352264.4,0.08095,12.3533045089565,-0.40695841804028393
1787023291661,0.0809,148481.6,0.081,352202.5,0.08095,12.3533045089565,-0.4068850998064448
1787023291781,0.0809,148481.6,0.081,362736.6,0.08095,12.3533045089565,-0.4191067532415708
1787023291782,0.0809,147881.6,0.081,362798.5,0.08095,12.3533045089565,-0.42084447778560397
1787023291798,0.0809,148005.1,0.081,362798.5,0.08095,12.3533045089565,-0.4205009518335423
1787023291799,0.0809,148605.1,0.081,362798.5,0.08095,12.3533045089565,-0.4188343609626526
1787023291901,0.0809,148005.1,0.081,362798.5,0.08095,12.3533045089565,-0.4205009518335423
1787023292049,0.0809,148605.1,0.081,362798.5,0.08095,12.3533045089565,-0.4188343609626526
1787023292183,0.0809,148605.1,0.081,352264.4,0.08095,12.3533045089565,-0.40661150259698386
1787023292201,0.0809,148005.1,0.081,352264.4,0.08095,12.3533045089565,-0.4082985270938964
1787023292212,0.0809,147976.8,0.081,352264.4,0.08095,12.3533045089565,-0.4083781983571126
1787023292256,0.0809,147976.8,0.081,352501.7,0.08095,12.3533045089565,-0.40865871361107425
1787023292257,0.0809,147976.8,0.081,352501.7,0.08095,12.3533045089565,-0.40865871361107425
1787023292259,0.0809,148576.8,0.081,352501.7,0.08095,12.3533045089565,-0.40697196147908965
1787023292331,0.0809,148576.8,0.081,352376.8,0.08095,12.3533045089565,-0.4068241050668166
1787023292343,0.0809,148576.8,0.081,352005.8,0.08095,12.3533045089565,-0.4063844808029684
1787023292345,0.0809,148576.8,0.081,351880.8,0.08095,12.3533045089565,-0.40623621261821186
1787023292352,0.0809,148576.8,0.081,351755.8,0.08095,12.3533045089565,-0.4060878703486441
1787023292356,0.0809,148576.8,0.081,352126.8,0.08095,12.3533045089565,-0.406527933891428
1787023292369,0.0809,148576.8,0.081,352001.8,0.08095,12.3533045089565,-0.4063797373679179
1787023292373,0.0809,148576.8,0.081,351624.8,0.08095,12.3533045089565,-0.40593232808531604
1787023292374,0.0809,148576.8,0.081,351499.8,0.08095,12.3533045089565,-0.40578383391664397
1787023292406,0.0809,148576.8,0.081,334156.2,0.08095,12.3533045089565,-0.384434873936524
1787023292409,0.0809,148576.8,0.081,351374.8,0.08095,12.3533045089565,-0.4056352654936998
1787023292410,0.0809,148576.8,0.081,351109.0,0.08095,12.3533045089565,-0.40531910252402614
1787023292427,0.0809,148576.8,0.081,342241.2,0.08095,12.3533045089565,-0.3945747710964146
1787023292429,0.0809,148576.8,0.081,341045.2,0.08095,12.3533045089565,-0.3930958984686146
1787023292430,0.0809,148576.8,0.081,339838.3,0.08095,12.3533045089565,-0.391596205768413
1787023292441,0.0809,148576.8,0.081,339041.1,0.08095,12.3533045089565,-0.3906015345211897
1787023292476,0.0809,148576.8,0.081,339462.0,0.08095,12.3533045089565,-0.39112709891098824
1787023292478,0.0809,148576.8,0.081,339523.9,0.08095,12.3533045089565,-0.3912043150112262
1787023292482,0.0809,148576.8,0.081,322305.3,0.08095,12.3533045089565,-0.36894267163691297
1787023292485,0.0809,148576.8,0.081,339398.9,0.08095,12.3533045089565,-0.3910483657280476
1787023292487,0.0809,148576.8,0.081,339337.0,0.08095,12.3533045089565,-0.39097111006083457
1787023292497,0.0809,148576.8,0.081,340134.1,0.08095,12.3533045089565,-0.3919644517852988
1787023292498,0.0809,148576.8,0.081,340196.0,0.08095,12.3533045089565,-0.39204145566201726
1787023292511,0.0809,148576.8,0.081,339398.9,0.08095,12.3533045089565,-0.3910483657280476
1787023292561,0.0809,148576.8,0.081,339602.8,0.08095,12.3533045089565,-0.39130270908493514
1787023292831,0.0809,148576.8,0.081,339266.8,0.08095,12.3533045089565,-0.39088347167001886
1787023292832,0.0809,148576.8,0.081,338952.8,0.08095,12.3533045089565,-0.39049116197252437
1787023292842,0.0809,148576.8,0.081,338582.8,0.08095,12.3533045089565,-0.3900282371526703
1787023292892,0.0809,148576.8,0.081,321489.2,0.08095,12.3533045089565,-0.36784706828402824
1787023292895,0.0809,148576.8,0.081,338457.8,0.08095,12.3533045089565,-0.3898716846811294
1787023292896,0.0809,148576.8,0.081,338395.9,0.08095,12.3533045089565,-0.38979413014322983
1787023293229,0.0808,538926.6,0.081,338395.9,0.0809,24.72187886279428,0.22857124945501792
1787023293230,0.0808,518475.8,0.0809,43458.4,0.08085,12.36858379715558,0.8453256626843498
1787023293231,0.0808,431662.9,0.0809,157651.6,0.08085,12.36858379715558,0.46496615983485906
1787023293232,0.0808,391164.3,0.0809,199154.9,0.08085,12.36858379715558,0.32526368784887905
1787023293233,0.0808,349497.3,0.0809,164154.9,0.08085,12.36858379715558,0.36083248548336794
1787023293234,0.0808,334500.4,0.0809,164154.9,0.08085,12.36858379715558,0.3416097251949393
1787023293235,0.0808,297266.9,0.0809,164917.7,0.08085,12.36858379715558,0.2863557115490218
1787023293236,0.0808,297328.8,0.0809,164979.6,0.08085,12.36858379715558,0.28627902932328286
1787023293237,0.0808,297049.0,0.0809,164979.6,0.08085,12.36858379715558,0.28584680688598063
1787023293241,0.0808,297106.9,0.0809,164979.6,0.08085,12.36858379715558,0.2859362911489516
1787023293258,0.0808,297071.5,0.0809,164979.6,0.08085,12.36858379715558,0.28588158322748286
1787023293287,0.0808,309148.0,0.0809,164979.6,0.08085,12.36858379715558,0.30407088724638687
1787023293298,0.0808,309148.0,0.0809,165579.6,0.08085,12.36858379715558,0.30242269461476434
1787023293301,0.0808,309271.6,0.0809,165579.6,0.08085,12.36858379715558,0.3026042684529385
1787023293317,0.0808,297195.1,0.0809,165579.6,0.08085,12.36858379715558,0.28440513277843404
1787023293329,0.0808,296824.4,0.0809,165579.6,0.08085,12.36858379715558,0.2838314547452012
1787023293337,0.0808,297122.8,0.0809,165579.6,0.08085,12.36858379715558,0.2842933168274035
1787023293338,0.0808,299530.6,0.0809,165579.6,0.08085,12.36858379715558,0.28799841413927274
1787023293352,0.0808,299734.7,0.0809,165783.7,0.08085,12.36858379715558,0.28774587642507793
1787023293359,0.0808,297689.3,0.0809,165783.7,0.08085,12.36858379715558,0.2846025550571446
1787023293365,0.0808,297621.2,0.0809,165783.7,0.08085,12.36858379715558,0.28449742331166544
1787023293412,0.0808,297621.2,0.0809,170374.5,0.08085,12.36858379715558,0.27189715632002603
1787023293435,0.0808,317665.0,0.0809,241947.6,0.08085,12.36858379715558,0.13530324370823674
1787023293436,0.0808,321874.5,0.0809,241947.6,0.08085,12.36858379715558,0.14175907613412103
1787023293437,0.0808,321874.5,0.0809,237356.8,0.08085,12.36858379715558,0.15113191983352864
1787023293664,0.0808,321874.5,0.0809,241765.0,0.08085,12.36858379715558,0.14212896718558582
1787023293673,0.0808,320760.7,0.0809,241765.0,0.08085,12.36858379715558,0.14043038389179377
1787023293720,0.0808,323215.7,0.0809,241765.0,0.08085,12.36858379715558,0.14416545556334937
1787023293721,0.0808,322146.4,0.0809,241765.0,0.08085,12.36858379715558,0.14254260509718375
1787023293841,0.0808,322146.4,0.0809,242682.5,0.08085,12.36858379715558,0.1406866752037653
1787023293842,0.0808,322208.3,0.0809,242744.4,0.08085,12.36858379715558,0.14065584605578485
1787023293869,0.0808,320351.9,0.0809,242744.4,0.08085,12.36858379715558,0.13782278448641916
1787023294043,0.0808,320780.5,0.0809,242744.4,0.08085,12.36858379715558,0.13847853040744074
1787023294075,0.0808,320780.5,0.0809,171171.3,0.08085,12.36858379715558,0.30411353307376865
1787023294203,0.0808,320741.9,0.0809,171171.3,0.08085,12.36858379715558,0.30405892746931784
1787023294251,0.0808,323194.1,0.0809,171171.3,0.08085,12.36858379715558,0.3075110029949507
1787023294256,0.0808,323194.1,0.0809,171334.5,0.08085,12.36858379715558,0.3070795096582887
1787023294338,0.0808,323492.5,0.0809,171334.5,0.08085,12.36858379715558,0.3074973677669165
1787023294721,0.0808,325913.2,0.0809,171334.5,0.08085,12.36858379715558,0.31086860733594146
1787023294724,0.0808,325851.3,0.0809,171334.5,0.08085,12.36858379715558,0.31078280996762175
1787023294725,0.0808,325851.3,0.0809,170734.5,0.08085,12.36858379715558,0.31236656384455613
1787023294729,0.0808,325851.3,0.0809,171334.5,0.08085,12.36858379715558,0.31078280996762175
1787023294731,0.0808,325913.2,0.0809,171334.5,0.08085,12.36858379715558,0.31086860733594146
1787023294899,0.0808,325913.2,0.0809,171469.9,0.08085,12.36858379715558,0.3105117564308076
1787023295198,0.0808,327027.0,0.0809,171469.9,0.08085,12.36858379715558,0.31205229159900494
1787023295207,0.0808,327027.0,0.0809,245382.2,0.08085,12.36858379715558,0.14263362643367716
1787023295211,0.0808,327027.0,0.0809,245178.1,0.08085,12.36858379715558,0.14304119274714608
1787023295218,0.0808,327027.0,0.0809,245116.2,0.08085,12.36858379715558,0.14316485802854947
1787023295237,0.0808,328096.3,0.0809,245116.2,0.08085,12.36858379715558,0.1447632422530911
1787023295238,0.0808,328096.3,0.0809,245178.1,0.08085,12.36858379715558,0.14463963505085867
1787023295240,0.0808,328066.0,0.0809,245178.1,0.08085,12.36858379715558,0.1445944232134269
1787023295252,0.0808,330457.5,0.0809,245178.1,0.08085,12.36858379715558,0.14814823822571085
1787023295253,0.0808,330395.6,0.0809,245178.1,0.08085,12.36858379715558,0.14805662593686955
1787023295263,0.0808,330395.6,0.0809,171265.8,0.08085,12.36858379715558,0.31720558926798037
1787023295265,0.0808,330457.5,0.0809,170665.8,0.08085,12.36858379715558,0.3188670333229367
1787023295276,0.0808,330457.5,0.0809,171265.8,0.08085,12.36858379715558,0.3172898288757967
1787023295285,0.0808,330457.5,0.0809,171469.9,0.08085,12.36858379715558,0.3167541760023462
1787023295380,0.0808,332313.9,0.0809,171469.9,0.08085,12.36858379715558,0.3192718781350254
1787023295584,0.0808,332313.9,0.0809,170869.9,0.08085,12.36858379715558,0.32084498745786333
1787023295716,0.0808,332313.9,0.0809,171469.9,0.08085,12.36858379715558,0.3192718781350254
1787023295720,0.0808,334643.9,0.0809,171469.9,0.08085,12.36858379715558,0.3224057514337685
1787023295721,0.0808,334582.0,0.0809,171469.9,0.08085,12.36858379715558,0.3223228684646772
1787023295722,0.0808,334582.0,0.0809,170869.9,0.08085,12.36858379715558,0.32389254051671384
1787023295724,0.0808,334582.0,0.0809,171469.9,0.08085,12.36858379715558,0.3223228684646772
1787023295725,0.0808,334643.9,0.0809,171469.9,0.08085,12.36858379715558,0.3224057514337685
1787023295735,0.0808,334545.0,0.0809,171469.9,0.08085,12.36858379715558,0.32227331645767743
1787023296223,0.0808,334429.5,0.0809,171469.9,0.08085,12.36858379715558,0.32211858721318903
1787023296236,0.0808,336818.6,0.0809,171469.9,0.08085,12.36858379715558,0.3253048219662652
1787023296279,0.0808,336794.5,0.0809,171469.9,0.08085,12.36858379715558,0.3252728304402197
1787023296648,0.0808,336856.4,0.0809,171469.9,0.08085,12.36858379715558,0.32535499343630264
1787023296720,0.0808,339197.3,0.0809,171469.9,0.08085,12.36858379715558,0.32844756820097315
1787023296721,0.0808,339135.4,0.0809,171469.9,0.08085,12.36858379715558,0.32836615679469056
1787023296865,0.0808,339135.4,0.0809,242436.2,0.08085,12.36858379715558,0.16627221824449473
1787023296867,0.0808,339197.3,0.0809,242374.3,0.08085,12.36858379715558,0.16648508971208362
1787023296868,0.0808,339197.3,0.0809,242436.2,0.08085,12.36858379715558,0.1663609472287961
1787023297220,0.0808,341518.5,0.0809,242436.2,0.08085,12.36858379715558,0.16967463400842564
1787023297222,0.0808,345863.5,0.0809,242436.2,0.08085,12.36858379715558,0.1758071608739559
1787023297223,0.0808,345801.6,0.0809,242436.2,0.08085,12.36858379715558,0.17572043143096203
1787023297225,0.0808,345801.6,0.0809,242673.5,0.08085,12.36858379715558,0.17524632732973747
1787023297226,0.0808,345863.5,0.0809,242673.5,0.08085,12.36858379715558,0.17533307166754172
1787023297650,0.0808,345863.5,0.0809,242073.5,0.08085,12.36858379715558,0.17653251964070982
1787023297720,0.0808,348165.3,0.0809,242073.5,0.08085,12.36858379715558,0.17974385960394332
1787023297749,0.0808,348136.3,0.0809,242073.5,0.08085,12.36858379715558,0.17970355626084145
1787023298019,0.0808,348136.3,0.0809,171107.2,0.08085,12.36858379715558,0.3409365740736282
1787023298074,0.0808,348136.3,0.0809,178010.9,0.08085,12.36858379715558,0.3233418328559004
1787023298075,0.0808,348136.3,0.0809,177949.0,0.08085,12.36858379715558,0.3234975392773757
1787023298236,0.0808,350461.4,0.0809,177949.0,0.08085,12.36858379715558,0.32647427075621527
1787023298237,0.0808,350461.4,0.0809,178010.9,0.08085,12.36858379715558,0.32631890072573344
1787023298238,0.0808,350399.5,0.0809,178010.9,0.08085,12.36858379715558,0.32623998316460084
1787023298436,0.0808,350631.7,0.0809,178010.9,0.08085,12.36858379715558,0.3265359242709536
1787023298437,0.0808,350693.6,0.0809,178010.9,0.08085,12.36858379715558,0.32661477252416043
1787023298736,0.0808,353068.1,0.0809,178010.9,0.08085,12.36858379715558,0.3296255359372146
1787023298896,0.0808,353068.1,0.0809,178610.9,0.08085,12.36858379715558,0.3281250528984594
1787023298925,0.0808,353037.8,0.0809,178610.9,0.08085,12.36858379715558,0.32808676105104745
1787023298927,0.0808,353037.8,0.0809,178010.9,0.08085,12.36858379715558,0.32958728643907803
1787023299005,0.0808,353037.8,0.0809,178610.9,0.08085,12.36858379715558,0.32808676105104745
1787023299099,0.0808,353797.1,0.0809,178610.9,0.08085,12.36858379715558,0.3290450181064146
1787023299171,0.0808,353797.1,0.0809,171707.2,0.08085,12.36858379715558,0.3465050618995885
1787023299236,0.0808,356131.6,0.0809,171707.2,0.08085,12.36858379715558,0.34939530780988426
1787023299237,0.0808,356069.7,0.0809,171707.2,0.08085,12.36858379715558,0.34931900202528754
1787023299426,0.0808,356069.7,0.0809,171107.2,0.08085,12.36858379715558,0.35085471309535754
1787023299707,0.0808,356069.7,0.0809,171707.2,0.08085,12.36858379715558,0.34931900202528754
1787023299709,0.0808,356131.6,0.0809,171707.2,0.08085,12.36858379715558,0.34939530780988426
1787023299720,0.0808,358647.6,0.0809,171707.2,0.08085,12.36858379715558,0.35248177257941277
1787023299727,0.0808,358647.6,0.0809,138117.2,0.08085,12.36858379715558,0.44393322554255044
1787023299728,0.0808,358647.6,0.0809,137517.2,0.08085,12.36858379715558,0.445679338800334
1787023299731,0.0808,358647.6,0.0809,137313.1,0.08085,12.36858379715558,0.44627427132835323
1787023299732,0.0808,358647.6,0.0809,92309.9,0.08085,12.36858379715558,0.5906048796172587
1787023299733,0.0808,358647.6,0.0809,50486.3,0.08085,12.36858379715558,0.7532040244037466
1787023299735,0.0808,358647.6,0.0809,45499.9,0.08085,12.36858379715558,0.7748351777506973
1787023299736,0.0808,358647.6,0.0809,44899.9,0.08085,12.36858379715558,0.7774740272210829
1787023299737,0.0809,7600.1,0.081,525106.0,0.08095,12.3533045089565,-0.971466067311788
1787023299738,0.0809,34537.1,0.081,509260.2,0.08095,12.3533045089565,-0.8729780379564224
1787023299739,0.0809,55594.9,0.081,440463.2,0.08095,12.3533045089565,-0.7758532720259985
1787023299740,0.0809,99127.1,0.081,435378.0,0.08095,12.3533045089565,-0.6290882912062018
1787023299741,0.0809,121599.1,0.081,436015.0,0.08095,12.3533045089565,-0.5638593070010246
1787023299742,0.0809,121599.1,0.081,410130.7,0.08095,12.3533045089565,-0.5426282296008235
1787023299743,0.0809,121599.1,0.081,363068.5,0.08095,12.3533045089565,-0.4982165096243281
1787023299744,0.0809,121599.1,0.081,364120.9,0.08095,12.3533045089565,-0.49930371407395213
1787023299745,0.0809,115357.8,0.081,364057.7,0.08095,12.3533045089565,-0.5187564857623502
1787023299746,0.0809,115357.8,0.081,348398.7,0.08095,12.3533045089565,-0.5025070268556884
1787023299747,0.0809,123873.3,0.081,340350.6,0.08095,12.3533045089565,-0.46632088524524484
1787023299749,0.0809,123873.3,0.081,343808.0,0.08095,12.3533045089565,-0.47026618340309956
1787023299755,0.0809,123873.3,0.081,311596.1,0.08095,12.3533045089565,-0.43108149504879106
1787023299756,0.0809,172266.3,0.081,310150.5,0.08095,12.3533045089565,-0.2858196480719577
1787023299758,0.0809,172266.3,0.081,308295.3,0.08095,12.3533045089565,-0.2830625667968477
1787023299761,0.0809,172266.3,0.081,280908.8,0.08095,12.3533045089565,-0.23973625205797935
1787023299762,0.0809,172266.3,0.081,275039.5,0.08095,12.3533045089565,-0.22976049047430194
1787023299763,0.0809,172266.3,0.081,274977.6,0.08095,12.3533045089565,-0.22965388683892612
1787023299764,0.0809,172266.3,0.081,274913.5,0.08095,12.3533045089565,-0.22954346327808192
1787023299765,0.0809,180298.4,0.081,231317.7,0.08095,12.3533045089565,-0.1239487473886469
1787023299773,0.0809,180298.4,0.081,212833.4,0.08095,12.3533045089565,-0.08275850490853195
1787023299777,0.0809,194388.5,0.081,212833.4,0.08095,12.3533045089565,-0.04529446967365948
1787023299787,0.0809,194388.5,0.081,223367.5,0.08095,12.3533045089565,-0.06936824366376546
1787023299788,0.0809,194573.8,0.081,223367.5,0.08095,12.3533045089565,-0.06889412460553675
1787023299793,0.0809,194573.8,0.081,245430.8,0.08095,12.3533045089565,-0.11558288254259161
1787023299794,0.0809,194573.8,0.081,257507.3,0.08095,12.3533045089565,-0.13920842963795657
1787023299800,0.0809,196173.8,0.081,257507.3,0.08095,12.3533045089565,-0.13519077607597055
1787023299801,0.0809,196173.8,0.081,257630.8,0.08095,12.3533045089565,-0.13542612833805565
1787023299803,0.0809,182083.7,0.081,257630.8,0.08095,12.3533045089565,-0.17180943544049598
1787023299807,0.0809,182083.7,0.081,242096.9,0.08095,12.3533045089565,-0.1414803034367908
1787023299811,0.0809,182083.7,0.081,257505.8,0.08095,12.3533045089565,-0.17157393431826734
1787023299814,0.0809,182083.7,0.081,242467.7,0.08095,12.3533045089565,-0.1422301280834311
1787023299816,0.0809,182083.7,0.081,257751.6,0.08095,12.3533045089565,-0.17203689653831783
1787023299824,0.0809,182083.7,0.081,242467.7,0.08095,12.3533045089565,-0.1422301280834311
1787023299831,0.0809,182083.7,0.081,242096.9,0.08095,12.3533045089565,-0.1414803034367908
1787023299842,0.0809,182287.6,0.081,242300.8,0.08095,12.3533045089565,-0.141344417322753
1787023299871,0.0809,182287.6,0.081,241507.8,0.08095,12.3533045089565,-0.13973771305681934
1787023299872,0.0809,182254.2,0.081,241507.8,0.08095,12.3533045089565,-0.1398275447066985
1787023299903,0.0809,182254.2,0.081,233379.8,0.08095,12.3533045089565,-0.12300629881097307
1787023299949,0.0809,182254.2,0.081,237777.6,0.08095,12.3533045089565,-0.1321885628659544
1787023299950,0.0809,199282.8,0.081,237777.6,0.08095,12.3533045089565,-0.08807661366712705
1787023299951,0.0809,199282.8,0.081,327820.5,0.08095,12.3533045089565,-0.24385675445401309
1787023300226,0.0809,199282.8,0.081,346304.8,0.08095,12.3533045089565,-0.2694745994960296
1787023300258,0.0809,199344.7,0.081,346304.8,0.08095,12.3533045089565,-0.26933058675944904
1787023300259,0.0809,199406.6,0.081,346366.7,0.08095,12.3533045089565,-0.2692694933958843
1787023300398,0.0809,199406.6,0.081,346811.4,0.08095,12.3533045089565,-0.26986441310978404
1787023300401,0.0809,199406.6,0.081,347246.4,0.08095,12.3533045089565,-0.2704454196720772
1787023300713,0.0809,199406.6,0.081,362030.3,0.08095,12.3533045089565,-0.28965623741510393
1787023300714,0.0809,199406.6,0.081,361968.4,0.08095,12.3533045089565,-0.28957791137831224
1787023300812,0.0809,199406.6,0.081,361843.4,0.08095,12.3533045089565,-0.2894196881959911
1787023300899,0.0809,199406.6,0.081,367012.3,0.08095,12.3533045089565,-0.2959041444415078
1787023300900,0.0809,199406.6,0.081,367074.2,0.08095,12.3533045089565,-0.2959810817948287
1787023300940,0.0809,199406.6,0.081,368743.4,0.08095,12.3533045089565,-0.29804945876969113
1787023300965,0.0809,199353.4,0.081,368743.4,0.08095,12.3533045089565,-0.298171015925455
1787023301040,0.0809,199353.4,0.081,367691.0,0.08095,12.3533045089565,-0.29686846391570043
1787023301097,0.0809,199353.4,0.081,368458.5,0.08095,12.3533045089565,-0.29781887276402624
1787023301232,0.0809,199353.4,0.081,371015.1,0.08095,12.3533045089565,-0.30096630511677974
1787023301233,0.0809,199353.4,0.081,370953.2,0.08095,12.3533045089565,-0.3008904333213048
1787023301382,0.0809,199353.4,0.081,382180.6,0.08095,12.3533045089565,-0.31438780879535844
1787023301384,0.0809,199353.4,0.081,382242.5,0.08095,12.3533045089565,-0.3144607793830734
1787023301591,0.0809,199131.0,0.081,382242.5,0.08095,12.3533045089565,-0.31496361633270176
1787023301619,0.0809,182102.4,0.081,382242.5,0.08095,12.3533045089565,-0.35464146127660584
1787023301833,0.0809,182102.4,0.081,383438.5,0.08095,12.3533045089565,-0.35600625878694186
1787023301834,0.0809,182102.4,0.081,384643.3,0.08095,12.3533045089565,-0.35737527430733046
1787023301835,0.0809,182102.4,0.081,385839.3,0.08095,12.3533045089565,-0.3587285455531792
1787023301971,0.0809,182102.4,0.081,386216.3,0.08095,12.3533045089565,-0.35915393950612573
1787023301973,0.0809,182102.4,0.081,386154.4,0.08095,12.3533045089565,-0.3590841323852174
1787023301983,0.0809,182081.7,0.081,386154.4,0.08095,12.3533045089565,-0.35913364180839613
1787023302041,0.0809,184553.9,0.081,386154.4,0.08095,12.3533045089565,-0.3532461329193916
1787023302042,0.0809,184492.0,0.081,386216.3,0.08095,12.3533045089565,-0.3534630563459476
1787023302043,0.0809,184553.9,0.081,386216.3,0.08095,12.3533045089565,-0.3533162733443337
1787023302061,0.0809,182081.7,0.081,386216.3,0.08095,12.3533045089565,-0.3592034460793457
1787023302100,0.0809,182081.7,0.081,386983.0,0.08095,12.3533045089565,-0.3600667902964285
1787023302443,0.0809,182081.7,0.081,383020.0,0.08095,12.3533045089565,-0.3555790046287244
1787023302446,0.0809,182081.7,0.081,386982.9,0.08095,12.3533045089565,-0.36006667784290214
1787023303026,0.0809,182081.7,0.081,395110.9,0.08095,12.3533045089565,-0.3690781898451227
1787023303027,0.0809,181481.7,0.081,395049.0,0.08095,12.3533045089565,-0.3704352604293232
1787023303055,0.0809,181446.9,0.081,395049.0,0.08095,12.3533045089565,-0.370517986337804
1787023303138,0.0809,168317.1,0.081,395049.0,0.08095,12.3533045089565,-0.4024592534055564
1787023303142,0.0809,168317.1,0.081,395110.9,0.08095,12.3533045089565,-0.4025249011408734
1787023303146,0.0809,156872.2,0.081,395110.9,0.08095,12.3533045089565,-0.43160506182163905
1787023303150,0.0809,156872.2,0.081,394690.0,0.08095,12.3533045089565,-0.43117131667108444
1787023303153,0.0809,149994.0,0.081,394690.0,0.08095,12.3533045089565,-0.44924396530832555
1787023303160,0.0809,104990.8,0.081,394690.0,0.08095,12.3533045089565,-0.5797685242258658
1787023303162,0.0809,101816.2,0.081,394690.0,0.08095,12.3533045089565,-0.5898693712183252
1787023303172,0.0809,101816.2,0.081,395475.5,0.08095,12.3533045089565,-0.5905171954408247
1787023303232,0.0809,101816.2,0.081,400587.8,0.08095,12.3533045089565,-0.5946839595226152
1787023303233,0.0809,101816.2,0.081,400525.9,0.08095,12.3533045089565,-0.5946340153453195
1787023303447,0.0809,101816.2,0.081,400725.9,0.08095,12.3533045089565,-0.5947953415246205
1787023303448,0.0809,101816.2,0.081,400787.8,0.08095,12.3533045089565,-0.5948452459590452
1787023303449,0.0809,101816.2,0.081,400587.8,0.08095,12.3533045089565,-0.5946839595226152
1787023303514,0.0809,101816.2,0.081,401008.7,0.08095,12.3533045089565,-0.5950232377115771
1787023303718,0.0809,101816.2,0.081,408520.9,0.08095,12.3533045089565,-0.6009845257183928
1787023303720,0.0809,103945.5,0.081,408459.0,0.08095,12.3533045089565,-0.594283422569474
1787023303721,0.0809,103883.6,0.081,408520.9,0.08095,12.3533045089565,-0.5945250285662987
1787023303722,0.0809,103945.5,0.081,408520.9,0.08095,12.3533045089565,-0.5943324284284784
1787023303966,0.0809,103945.5,0.081,408720.9,0.08095,12.3533045089565,-0.5944906863410593
1787023304054,0.0809,70355.5,0.081,408720.9,0.08095,12.3533045089565,-0.7062869304353127
1787023304062,0.0809,25455.6,0.081,408720.9,0.08095,12.3533045089565,-0.8827407747770781
1787023304063,0.0808,563804.1,0.0809,18009.1,0.08085,12.36858379715558,0.9380931886729281
1787023304064,0.0808,570009.4,0.0809,119372.9,0.08085,12.36858379715558,0.6536815639159868
1787023304065,0.0808,411711.5,0.0809,167438.0,0.08085,12.36858379715558,0.4217796959161667
1787023304066,0.0808,391736.1,0.0809,168380.8,0.08085,12.36858379715558,0.39876550770026764
1787023304067,0.0808,331584.8,0.0809,168442.7,0.08085,12.36858379715558,0.3262662553559554
1787023304068,0.0808,331584.8,0.0809,167050.0,0.08085,12.36858379715558,0.32997055159407246
1787023304070,0.0808,331646.7,0.0809,167050.0,0.08085,12.36858379715558,0.3300537180213946
1787023304072,0.0808,332129.7,0.0809,167050.0,0.08085,12.36858379715558,0.3307019496185442
1787023304073,0.0808,337183.6,0.0809,167050.0,0.08085,12.36858379715558,0.33741027967989434
1787023304081,0.0808,336870.1,0.0809,167050.0,0.08085,12.36858379715558,0.3369980677492324
1787023304084,0.0808,336814.5,0.0809,167050.0,0.08085,12.36858379715558,0.3369249073907767
1787023304094,0.0808,336814.5,0.0809,147767.8,0.08085,12.36858379715558,0.3901229987145631
1787023304095,0.0808,336814.5,0.0809,86123.2,0.08085,12.36858379715558,0.5927381266791776
1787023304096,0.0808,337096.1,0.0809,86123.2,0.08085,12.36858379715558,0.5930091089891221
1787023304098,0.0808,332886.6,0.0809,86123.2,0.08085,12.36858379715558,0.5889203546074578
1787023304123,0.0808,332886.6,0.0809,90521.0,0.08085,12.36858379715558,0.5724167445270231
1787023304135,0.0808,333090.7,0.0809,90725.1,0.08085,12.36858379715558,0.5718654188918865
1787023304140,0.0808,333389.1,0.0809,90725.1,0.08085,12.36858379715558,0.5721666475680371
1787023304141,0.0808,335796.9,0.0809,90725.1,0.08085,12.36858379715558,0.5745818504086542
1787023304266,0.0808,351154.4,0.0809,90725.1,0.08085,12.36858379715558,0.5893672369956063
1787023304267,0.0808,353810.1,0.0809,90725.1,0.08085,12.36858379715558,0.5918204002742641
1787023304276,0.0808,362427.8,0.0809,86327.3,0.08085,12.36858379715558,0.6152587458058972
1787023304300,0.0808,362551.4,0.0809,86327.3,0.08085,12.36858379715558,0.6153646853815965
1787023304341,0.0808,362849.8,0.0809,86327.3,0.08085,12.36858379715558,0.6156202085992363
1787023304361,0.0808,362781.7,0.0809,86327.3,0.08085,12.36858379715558,0.6155619237200769
1787023304362,0.0808,362781.7,0.0809,86225.7,0.08085,12.36858379715558,0.6159274880547625
1787023304380,0.0808,362781.7,0.0809,90457.9,0.08085,12.36858379715558,0.600838496900977
1787023304399,0.0808,362781.7,0.0809,90915.0,0.08085,12.36858379715558,0.5992256500873822
1787023304454,0.0808,360392.6,0.0809,90915.0,0.08085,12.36858379715558,0.5971040594042732
1787023304491,0.0808,360392.6,0.0809,91193.0,0.08085,12.36858379715558,0.5961208683359257
1787023304641,0.0808,360094.2,0.0809,91193.0,0.08085,12.36858379715558,0.5958538154860142
1787023304720,0.0808,362716.9,0.0809,91193.0,0.08085,12.36858379715558,0.5981889797953295
1787023304721,0.0808,362716.9,0.0809,91254.9,0.08085,12.36858379715558,0.5979710634008544
1787023304722,0.0808,362778.8,0.0809,91254.9,0.08085,12.36858379715558,0.5980258734098373
1787023304738,0.0808,362699.8,0.0809,91254.9,0.08085,12.36858379715558,0.5979559193901948
1787023304740,0.0808,362699.8,0.0809,116254.9,0.08085,12.36858379715558,0.5145474091808683
1787023304741,0.0808,362699.8,0.0809,116193.0,0.08085,12.36858379715558,0.5147431742552822
1787023304742,0.0808,362699.8,0.0809,182184.8,0.08085,12.36858379715558,0.331290331934505
1787023304743,0.0808,362699.8,0.0809,182042.6,0.08085,12.36858379715558,0.33163785304760557
1787023304744,0.0808,362699.8,0.0809,182246.7,0.08085,12.36858379715558,0.33113911182106864
1787023304774,0.0808,362418.2,0.0809,182246.7,0.08085,12.36858379715558,0.33079330061474493
1787023304827,0.0808,362418.2,0.0809,182846.7,0.08085,12.36858379715558,0.329328918842933
1787023304828,0.0808,362418.2,0.0809,182246.7,0.08085,12.36858379715558,0.33079330061474493
1787023304867,0.0808,362418.2,0.0809,182846.7,0.08085,12.36858379715558,0.329328918842933
1787023304868,0.0808,362418.2,0.0809,182246.7,0.08085,12.36858379715558,0.33079330061474493
1787023304910,0.0808,362418.2,0.0809,182846.7,0.08085,12.36858379715558,0.329328918842933
1787023304912,0.0808,362418.2,0.0809,182246.7,0.08085,12.36858379715558,0.33079330061474493
1787023304946,0.0808,362418.2,0.0809,178434.7,0.08085,12.36858379715558,0.3401729009865714
1787023304954,0.0808,360077.3,0.0809,178434.7,0.08085,12.36858379715558,0.33730464687880674
1787023304990,0.0808,359905.4,0.0809,178434.7,0.08085,12.36858379715558,0.3370930383971025
1787023305011,0.0808,359905.4,0.0809,178507.2,0.08085,12.36858379715558,0.33691299200650204
1787023305038,0.0808,359905.4,0.0809,178049.4,0.08085,12.36858379715558,0.33805070611880406
1787023305039,0.0808,359905.4,0.0809,112057.6,0.08085,12.36858379715558,0.525142437013071
1787023305127,0.0808,359849.0,0.0809,112057.6,0.08085,12.36858379715558,0.5250856843282125
1787023305171,0.0808,359849.0,0.0809,107825.4,0.08085,12.36858379715558,0.538886883695152
1787023305192,0.0808,360158.5,0.0809,107825.4,0.08085,12.36858379715558,0.5391918397192724
1787023305246,0.0808,362768.7,0.0809,107825.4,0.08085,12.36858379715558,0.541747760968529
1787023305399,0.0808,362768.7,0.0809,107368.3,0.08085,12.36858379715558,0.5432467557329035
1787023305440,0.0808,363067.1,0.0809,107368.3,0.08085,12.36858379715558,0.5435364770593369
1787023305466,0.0808,360745.9,0.0809,107368.3,0.08085,12.36858379715558,0.5412730483288053
1787023305571,0.0808,360914.5,0.0809,107368.3,0.08085,12.36858379715558,0.5414382078521782
1787023305682,0.0808,360914.5,0.0809,82368.3,0.08085,12.36858379715558,0.6283713241298783
1787023305684,0.0808,361196.1,0.0809,82368.3,0.08085,12.36858379715558,0.6286072552260732
1787023305731,0.0808,363748.4,0.0809,82368.3,0.08085,12.36858379715558,0.6307320483631301
1787023305732,0.0808,363686.5,0.0809,82368.3,0.08085,12.36858379715558,0.63068080424199
1787023305892,0.0808,361211.3,0.0809,82368.3,0.08085,12.36858379715558,0.6286199816222388
1787023305965,0.0808,358909.5,0.0809,82368.3,0.08085,12.36858379715558,0.6266827834982862
1787023306023,0.0808,358909.5,0.0809,83420.7,0.08085,12.36858379715558,0.6228125504430853
1787023306025,0.0808,358971.4,0.0809,83420.7,0.08085,12.36858379715558,0.6228653269350877
1787023306040,0.0808,358971.4,0.0809,82965.3,0.08085,12.36858379715558,0.6245376317468091
1787023306041,0.0808,358971.4,0.0809,37962.1,0.08085,12.36858379715558,0.8087231236466563
1787023306042,0.0808,358971.4,0.0809,27677.1,0.08085,12.36858379715558,0.856835859960662
1787023306043,0.0808,371047.9,0.0809,27677.1,0.08085,12.36858379715558,0.861171985704433
1787023306044,0.0808,371047.9,0.0809,3400.0,0.08085,12.36858379715558,0.9818399302012376
1787023306045,0.0808,370986.0,0.0809,3195.9,0.08085,12.36858379715558,0.9829179337643
1787023306046,0.0808,371047.9,0.0809,3400.0,0.08085,12.36858379715558,0.9818399302012376
1787023306054,0.0808,370999.0,0.0809,3400.0,0.08085,12.36858379715558,0.9818375583268117
1787023306055,0.0808,370999.0,0.0809,18400.0,0.08085,12.36858379715558,0.9054953916163113
1787023306056,0.0808,370999.0,0.0809,18338.1,0.08085,12.36858379715558,0.9057983428756212
1787023306057,0.0808,370999.0,0.0809,18134.0,0.08085,12.36858379715558,0.9067979328404427
1787023306098,0.0808,371770.7,0.0809,18134.0,0.08085,12.36858379715558,0.9069823985194331
1787023306099,0.0808,371770.7,0.0809,18195.9,0.08085,12.36858379715558,0.9066797002615095
1787023306155,0.0808,371770.7,0.0809,18400.0,0.08085,12.36858379715558,0.9056823077693943
1787023306156,0.0808,371770.7,0.0809,18338.1,0.08085,12.36858379715558,0.9059846893994702
1787023306277,0.0808,374385.1,0.0809,18338.1,0.08085,12.36858379715558,0.9066105592946891
1787023306278,0.0808,374385.1,0.0809,18400.0,0.08085,12.36858379715558,0.9063100917015436
1787023306299,0.0808,374261.5,0.0809,18400.0,0.08085,12.36858379715558,0.906280600466305
1787023306355,0.0808,378606.5,0.0809,18400.0,0.08085,12.36858379715558,0.9073063035491862
1787023306357,0.0808,378544.6,0.0809,18400.0,0.08085,12.36858379715558,0.9072918487869592
1787023306465,0.0808,376219.5,0.0809,18400.0,0.08085,12.36858379715558,0.9067456119122345
1787023306655,0.0808,375987.3,0.0809,18400.0,0.08085,12.36858379715558,0.9066907073326144
1787023306746,0.0808,378550.9,0.0809,18400.0,0.08085,12.36858379715558,0.9072933201562209
1787023306747,0.0808,378612.8,0.0809,18400.0,0.08085,12.36858379715558,0.9073077744596648
1787023306799,0.0808,378612.8,0.0809,18592.8,0.08085,12.36858379715558,0.9063819845440246
1787023306800,0.0808,378612.8,0.0809,18530.9,0.08085,12.36858379715558,0.9066791189184166
1787023306801,0.0808,378736.4,0.0809,18530.9,0.08085,12.36858379715558,0.906708153427176
1787023306802,0.0808,378736.4,0.0809,18592.8,0.08085,12.36858379715558,0.9064111069611799
1787023306965,0.0808,376361.9,0.0809,18592.8,0.08085,12.36858379715558,0.905848442872056
1787023307038,0.0808,376361.9,0.0809,18139.8,0.08085,12.36858379715558,0.9080368981933412
1787023307041,0.0808,376361.9,0.0809,18201.7,0.08085,12.36858379715558,0.9077375611941901
1787023307048,0.0808,376361.9,0.0809,18592.8,0.08085,12.36858379715558,0.905848442872056
1787023307049,0.0808,376361.9,0.0809,18530.9,0.08085,12.36858379715558,0.9061471872872839
1787023307098,0.0808,375590.2,0.0809,20072.3,0.08085,12.36858379715558,0.8985382744131678
1787023307099,0.0808,375590.2,0.0809,20134.2,0.08085,12.36858379715558,0.8982413012692672
1787023307203,0.0808,375568.7,0.0809,20134.2,0.08085,12.36858379715558,0.8982357723433414
1787023307205,0.0808,371223.7,0.0809,20134.2,0.08085,12.36858379715558,0.8971059482892768
1787023307262,0.0808,373779.9,0.0809,20134.2,0.08085,12.36858379715558,0.8977736516666958
1787023307263,0.0808,373779.9,0.0809,20072.3,0.08085,12.36858379715558,0.8980719163178472
1787023307465,0.0808,371445.4,0.0809,20072.3,0.08085,12.36858379715558,0.8974641504075039
1787023307481,0.0808,371445.4,0.0809,20139.0,0.08085,12.36858379715558,0.8971409484136753
1787023307482,0.0808,371445.4,0.0809,20200.9,0.08085,12.36858379715558,0.896841103822505
1787023307505,0.0808,375790.4,0.0809,20200.9,0.08085,12.36858379715558,0.8979730110232219
1787023307506,0.0808,375728.5,0.0809,20200.9,0.08085,12.36858379715558,0.8979570600213067
1787023307746,0.0808,378264.7,0.0809,20200.9,0.08085,12.36858379715558,0.8986065547439979
1787023307747,0.0808,378326.6,0.0809,20200.9,0.08085,12.36858379715558,0.8986223033542227
1787023307868,0.0808,378943.8,0.0809,20200.9,0.08085,12.36858379715558,0.8987790643343128
1787023307966,0.0808,376427.8,0.0809,20200.9,0.08085,12.36858379715558,0.8981369729422
1787023308038,0.0808,376427.8,0.0809,19750.3,0.08085,12.36858379715558,0.9002958517898895
1787023308246,0.0808,378984.4,0.0809,19750.3,0.08085,12.36858379715558,0.900935133059651
1787023308285,0.0808,378984.4,0.081,565590.1,0.0809,24.72187886279428,-0.19755530135526628
1787023308286,0.0809,38051.8,0.081,565525.1,0.08095,12.3533045089565,-0.8739123382621169
1787023308287,0.0809,130671.5,0.081,338213.4,0.08095,12.3533045089565,-0.44262867070362044
1787023308288,0.0809,134416.5,0.081,264600.6,0.08095,12.3533045089565,-0.32626195719431567
1787023308289,0.0809,135016.5,0.081,262620.4,0.08095,12.3533045089565,-0.32090557993988994
1787023308292,0.0809,135016.5,0.081,262682.2,0.08095,12.3533045089565,-0.32101110715222353
1787023308301,0.0809,135016.5,0.081,263018.2,0.08095,12.3533045089565,-0.32158427393390576
1787023308302,0.0809,134416.5,0.081,263018.2,0.08095,12.3533045089565,-0.3235794458812983
1787023308304,0.0809,135016.5,0.081,263018.2,0.08095,12.3533045089565,-0.32158427393390576
1787023308305,0.0809,134416.5,0.081,263018.2,0.08095,12.3533045089565,-0.3235794458812983
1787023308309,0.0809,134416.5,0.081,263388.2,0.08095,12.3533045089565,-0.324208587781894
1787023308312,0.0809,134416.5,0.081,260976.9,0.08095,12.3533045089565,-0.3200872852202388
1787023308330,0.0809,134416.5,0.081,261347.7,0.08095,12.3533045089565,-0.32072431008160923
1787023308340,0.0809,134601.8,0.081,261347.7,0.08095,12.3533045089565,-0.3201062256676673
1787023308346,0.0809,134601.8,0.081,261222.7,0.08095,12.3533045089565,-0.3198915175791292
1787023308357,0.0809,134601.8,0.081,261097.8,0.08095,12.3533045089565,-0.319676845768861
1787023308378,0.0809,134601.8,0.081,261029.8,0.08095,12.3533045089565,-0.3195599138188153
1787023308380,0.0809,134805.7,0.081,261233.7,0.08095,12.3533045089565,-0.31923086440389514
1787023308386,0.0809,134805.7,0.081,260862.9,0.08095,12.3533045089565,-0.3185928830339329
1787023308398,0.0809,134805.7,0.081,266031.8,0.08095,12.3533045089565,-0.3273797985467926
1787023308432,0.0809,134805.7,0.081,268588.4,0.08095,12.3533045089565,-0.3316426789583685
1787023308454,0.0809,134764.2,0.081,268588.4,0.08095,12.3533045089565,-0.33177968854049783
1787023308499,0.0809,134764.2,0.081,272371.2,0.08095,12.3533045089565,-0.33798829578562806
1787023308501,0.0809,134764.2,0.081,341121.7,0.08095,12.3533045089565,-0.4336281028708772
1787023308510,0.0809,134764.2,0.081,341498.7,0.08095,12.3533045089565,-0.4340764313155612
1787023308580,0.0809,135364.2,0.081,341498.7,0.08095,12.3533045089565,-0.43227204297084126
1787023308581,0.0809,134764.2,0.081,341498.7,0.08095,12.3533045089565,-0.4340764313155612
1787023308583,0.0809,135364.2,0.081,341498.7,0.08095,12.3533045089565,-0.43227204297084126
1787023308584,0.0809,134764.2,0.081,341498.7,0.08095,12.3533045089565,-0.4340764313155612
1787023308586,0.0809,135364.2,0.081,341498.7,0.08095,12.3533045089565,-0.43227204297084126
1787023308588,0.0809,134764.2,0.081,341498.7,0.08095,12.3533045089565,-0.4340764313155612
1787023308652,0.0809,134764.2,0.081,341373.7,0.08095,12.3533045089565,-0.4339278599750198
1787023308664,0.0809,134764.2,0.081,342569.7,0.08095,12.3533045089565,-0.43534620105548755
1787023308668,0.0809,134764.2,0.081,343765.7,0.08095,12.3533045089565,-0.43675745235564173
1787023308674,0.0809,134764.2,0.081,345559.7,0.08095,12.3533045089565,-0.4388611518185957
1787023308748,0.0809,134764.2,0.081,331899.6,0.08095,12.3533045089565,-0.42243559496151184
1787023308751,0.0809,134764.2,0.081,345434.7,0.08095,12.3533045089565,-0.43871508243771484
1787023308756,0.0809,134764.2,0.081,345869.7,0.08095,12.3533045089565,-0.43922307602522415
1787023308797,0.0809,134764.2,0.081,345993.2,0.08095,12.3533045089565,-0.43936713194638294
1787023308798,0.0809,134826.1,0.081,346055.1,0.08095,12.3533045089565,-0.43925401949587545
1787023308818,0.0809,135135.2,0.081,346055.1,0.08095,12.3533045089565,-0.43832949251055137
1787023308880,0.0809,135135.2,0.081,356589.2,0.08095,12.3533045089565,-0.4503620320651161
1787023308881,0.0809,135135.2,0.081,367816.6,0.08095,12.3533045089565,-0.46263160803878217
1787023308882,0.0809,135135.2,0.081,367754.7,0.08095,12.3533045089565,-0.462565464130419
1787023308940,0.0809,135135.2,0.081,368565.7,0.08095,12.3533045089565,-0.46343077806690436
1787023308941,0.0809,135135.2,0.081,368627.6,0.08095,12.3533045089565,-0.463496709165504
1787023309088,0.0809,101545.2,0.081,368627.6,0.08095,12.3533045089565,-0.568051575931232
1787023309089,0.0809,83222.1,0.081,368627.6,0.08095,12.3533045089565,-0.6316381309979846
1787023309090,0.0809,66621.0,0.081,368627.6,0.08095,12.3533045089565,-0.6938715024011565
1787023309098,0.0809,66621.0,0.081,370169.6,0.08095,12.3533045089565,-0.6949522265360106
1787023309099,0.0809,66621.0,0.081,370940.6,0.08095,12.3533045089565,-0.695489732188565
1787023309343,0.0809,67221.0,0.081,370940.6,0.08095,12.3533045089565,-0.6931680001168519
1787023309399,0.0809,67221.0,0.081,371393.8,0.08095,12.3533045089565,-0.6934850351606923
1787023309646,0.0809,67221.0,0.081,371593.8,0.08095,12.3533045089565,-0.6936247364491809
1787023309649,0.0809,67221.0,0.081,371393.8,0.08095,12.3533045089565,-0.6934850351606923
1787023309672,0.0809,67193.4,0.081,371393.8,0.08095,12.3533045089565,-0.6935916050445614
1787023309744,0.0809,67193.4,0.081,371208.1,0.08095,12.3533045089565,-0.6934618152538254
1787023309768,0.0809,66593.4,0.081,371208.1,0.08095,12.3533045089565,-0.6957826777660651
1787023310084,0.0809,65972.6,0.081,371208.1,0.08095,12.3533045089565,-0.6981907023800457
1787023310097,0.0809,65972.6,0.081,370437.1,0.08095,12.3533045089565,-0.6976574993635568
1787023310101,0.0809,65726.8,0.081,370437.1,0.08095,12.3533045089565,-0.6986142136018135
1787023310252,0.0809,66326.8,0.081,370437.1,0.08095,12.3533045089565,-0.6962807594675293
1787023310331,0.0809,66326.8,0.081,375549.4,0.08095,12.3533045089565,-0.6997946483653115
1787023310332,0.0809,66326.8,0.081,375487.5,0.08095,12.3533045089565,-0.6997525883612188
1787023310402,0.0809,65726.8,0.081,375487.5,0.08095,12.3533045089565,-0.7020640536809437
1787023310584,0.0809,68199.0,0.081,375487.5,0.08095,12.3533045089565,-0.6925802340165861
1787023310585,0.0809,68137.1,0.081,375549.4,0.08095,12.3533045089565,-0.6928592598602843
1787023310586,0.0809,68199.0,0.081,375549.4,0.08095,12.3533045089565,-0.6926231170636333
1787023310591,0.0809,65726.8,0.081,375549.4,0.08095,12.3533045089565,-0.7021058466330159
1787023310990,0.0809,66326.8,0.081,375549.4,0.08095,12.3533045089565,-0.6997946483653115
1787023311020,0.0809,66274.0,0.081,375549.4,0.08095,12.3533045089565,-0.6999977819192013
1787023311021,0.0809,65674.0,0.081,375549.4,0.08095,12.3533045089565,-0.7023095329939437
1787023311026,0.0809,65580.0,0.081,375549.4,0.08095,12.3533045089565,-0.7026722771141529
1787023311092,0.0809,65580.0,0.081,381346.0,0.08095,12.3533045089565,-0.7065285975754375
1787023311093,0.0809,65580.0,0.081,381284.1,0.08095,12.3533045089565,-0.7064879456640173
1787023311329,0.0809,65580.0,0.081,381484.1,0.08095,12.3533045089565,-0.7066192521385636
1787023311330,0.0809,65580.0,0.081,381546.0,0.08095,12.3533045089565,-0.7066598676883026
1787023311331,0.0809,65580.0,0.081,386664.4,0.08095,12.3533045089565,-0.7099798250680385
1787023311391,0.0809,65580.0,0.081,386729.3,0.08095,12.3533045089565,-0.7100214388693754
1787023311393,0.0809,65580.0,0.081,386667.4,0.08095,12.3533045089565,-0.7099817489276887
1787023311772,0.0809,66180.0,0.081,386667.4,0.08095,12.3533045089565,-0.7077161092235487
1787023311773,0.0809,66180.0,0.081,386729.3,0.08095,12.3533045089565,-0.7077560562346589
1787023311775,0.0809,66180.0,0.081,386529.3,0.08095,12.3533045089565,-0.7076269473589343
1787023311910,0.0809,66180.0,0.081,386108.4,0.08095,12.3533045089565,-0.7073548647279038
1787023312034,0.0809,66180.0,0.081,380990.0,0.08095,12.3533045089565,-0.7040051881834649
1787023312144,0.0809,86492.4,0.081,380990.0,0.08095,12.3533045089565,-0.6299651067077605
1787023312145,0.0809,86430.5,0.081,380990.0,0.08095,12.3533045089565,-0.6301809612543737
1787023312173,0.0809,86388.2,0.081,380990.0,0.08095,12.3533045089565,-0.6303285005590761
1787023312218,0.0809,86388.2,0.081,380865.0,0.08095,12.3533045089565,-0.630229605704145
1787023312222,0.0809,86388.2,0.081,380740.0,0.08095,12.3533045089565,-0.630130657922172
1787023312284,0.0809,86388.2,0.081,369512.6,0.08095,12.3533045089565,-0.6210219416153689
1787023312333,0.0809,86388.2,0.081,374631.0,0.08095,12.3533045089565,-0.6252294915266001
1787023312334,0.0809,86450.1,0.081,374631.0,0.08095,12.3533045089565,-0.6250113049526429
1787023312405,0.0809,84462.2,0.081,374631.0,0.08095,12.3533045089565,-0.6320476975045589
1787023312441,0.0809,83862.2,0.081,374631.0,0.08095,12.3533045089565,-0.634183451357621
1787023312481,0.0809,83862.2,0.081,385858.4,0.08095,12.3533045089565,-0.6429273061475268
1787023312482,0.0809,83862.2,0.081,385796.5,0.08095,12.3533045089565,-0.6428802447394246
1787023312483,0.0809,63549.8,0.081,385796.5,0.08095,12.3533045089565,-0.7171455512151764
1787023312484,0.0809,63549.8,0.081,385858.4,0.08095,12.3533045089565,-0.7171845106520086
1787023312485,0.0809,64149.8,0.081,385858.4,0.08095,12.3533045089565,-0.7148949730249361
1787023313013,0.0809,64149.8,0.081,386172.4,0.08095,12.3533045089565,-0.7150937706380011
1787023313032,0.0809,64149.8,0.081,381054.0,0.08095,12.3533045089565,-0.7118182728898541
1787023313094,0.0809,64149.8,0.081,381474.9,0.08095,12.3533045089565,-0.7120904653624451
1787023313100,0.0809,64149.8,0.081,379932.9,0.08095,12.3533045089565,-0.7110907495383181
1787023313296,0.0809,64149.8,0.081,379809.4,0.08095,12.3533045089565,-0.7110103811341223
1787023313415,0.0809,63549.8,0.081,379809.4,0.08095,12.3533045089565,-0.7133258991806193
1787023313417,0.0809,84167.5,0.081,379809.4,0.08095,12.3533045089565,-0.6371909894652084
1787023313418,0.0809,83901.7,0.081,379809.4,0.08095,12.3533045089565,-0.6381294301559742
1787023313419,0.0809,84105.6,0.081,379809.4,0.08095,12.3533045089565,-0.6374094392291693
1787023313420,0.0809,84167.5,0.081,379809.4,0.08095,12.3533045089565,-0.6371909894652084
1787023313433,0.0809,84167.5,0.081,384927.8,0.08095,12.3533045089565,-0.6411496768353893
1787023313434,0.0809,84167.5,0.081,384865.9,0.08095,12.3533045089565,-0.6411023180865159
1787023313444,0.0809,84117.0,0.081,384865.9,0.08095,12.3533045089565,-0.641279031708832
1787023313497,0.0809,84717.0,0.081,384865.9,0.08095,12.3533045089565,-0.6391819208067415
1787023313498,0.0809,84717.0,0.081,384927.8,0.08095,12.3533045089565,-0.6392294772560029
1787023313531,0.0809,84717.0,0.081,374697.1,0.08095,12.3533045089565,-0.63119547266834
1787023313796,0.0809,84717.0,0.081,374820.6,0.08095,12.3533045089565,-0.6312945882991946
1787023313805,0.0809,64099.3,0.081,374820.6,0.08095,12.3533045089565,-0.7079225617248158
1787023313875,0.0809,63499.3,0.081,374820.6,0.08095,12.3533045089565,-0.7102604741422874
1787023314034,0.0809,63499.3,0.081,379932.9,0.08095,12.3533045089565,-0.7136008616424337
1787023314035,0.0809,63499.3,0.081,379871.0,0.08095,12.3533045089565,-0.71356087676599
1787023314098,0.0809,63499.3,0.081,381405.0,0.08095,12.3533045089565,-0.7145484995312475
1787023314099,0.0809,63499.3,0.081,381466.9,0.08095,12.3533045089565,-0.7145882091718427
1787023314229,0.0809,64099.3,0.081,381466.9,0.08095,12.3533045089565,-0.7122793425533624
1787023314231,0.0809,64037.4,0.081,381466.9,0.08095,12.3533045089565,-0.7125172529198932
1787023314232,0.0809,63437.4,0.081,381466.9,0.08095,12.3533045089565,-0.7148267616204204
1787023314269,0.0809,62846.7,0.081,381466.9,0.08095,12.3533045089565,-0.7171065661730813
1787023314277,0.0809,64960.6,0.081,381466.9,0.08095,12.3533045089565,-0.7089758135419526
1787023314278,0.0809,65022.5,0.081,381466.9,0.08095,12.3533045089565,-0.7087388860743391
1787023314331,0.0809,65022.5,0.081,386585.3,0.08095,12.3533045089565,-0.7120399603372661
1787023314333,0.0809,65022.5,0.081,386523.4,0.08095,12.3533045089565,-0.7120004854434511
1787023314697,0.0809,65622.5,0.081,386523.4,0.08095,12.3533045089565,-0.7097286517471463
1787023314698,0.0809,65560.6,0.081,386585.3,0.08095,12.3533045089565,-0.7100024571714572
1787023314699,0.0809,65622.5,0.081,386585.3,0.08095,12.3533045089565,-0.7097683852423599
1787023314700,0.0809,65022.5,0.081,386585.3,0.08095,12.3533045089565,-0.7120399603372661
1787023314725,0.0809,64982.3,0.081,386585.3,0.08095,12.3533045089565,-0.7121923716404809
1787023314746,0.0809,67073.6,0.081,386585.3,0.08095,12.3533045089565,-0.7042994196741207
1787023314748,0.0809,67011.7,0.081,386585.3,0.08095,12.3533045089565,-0.7045319964638214
1787023315008,0.0809,34250.3,0.081,386585.3,0.08095,12.3533045089565,-0.8372271737467077
1787023315011,0.0809,10905.7,0.081,386585.3,0.08095,12.3533045089565,-0.9451273110586151
1787023315013,0.0809,7765.8,0.081,386585.3,0.08095,12.3533045089565,-0.9606147922498505
1787023315014,0.0808,566752.8,0.0809,6089.8,0.08085,12.36858379715558,0.9787383131073002
1787023315015,0.0808,566690.4,0.0809,21634.3,0.08085,12.36858379715558,0.9264545581717033
1787023315016,0.0808,515168.1,0.0809,54636.0,0.08085,12.36858379715558,0.8082288281182954
1787023315017,0.0808,515168.1,0.0809,92907.9,0.08085,12.36858379715558,0.6944201053815641
1787023315018,0.0808,495919.4,0.0809,142582.2,0.08085,12.36858379715558,0.5533849876022237
1787023315019,0.0808,487381.2,0.0809,142582.2,0.08085,12.36858379715558,0.5473317973710854
1787023315020,0.0808,445714.2,0.0809,142582.2,0.08085,12.36858379715558,0.515270873661644
1787023315021,0.0808,381124.2,0.0809,163763.4,0.08085,12.36858379715558,0.39890942645786037
1787023315022,0.0808,362626.2,0.0809,175441.8,0.08085,12.36858379715558,0.34788242378286766
1787023315023,0.0808,350611.6,0.0809,175503.7,0.08085,12.36858379715558,0.33283179561590387
1787023315027,0.0808,350549.7,0.0809,175503.7,0.08085,12.36858379715558,0.3327532908256082
1787023315029,0.0808,332065.4,0.0809,175503.7,0.08085,12.36858379715558,0.3084539622289852
1787023315030,0.0808,332269.5,0.0809,175503.7,0.08085,12.36858379715558,0.30873192992461984
1787023315034,0.0808,332269.5,0.0809,178758.8,0.08085,12.36858379715558,0.3003956923716358
1787023315037,0.0808,332269.5,0.0809,178294.6,0.08085,12.36858379715558,0.30157799970659904
1787023315041,0.0808,331956.7,0.0809,175243.6,0.08085,12.36858379715558,0.30897674942226966
1787023315045,0.0808,331956.7,0.0809,115790.5,0.08085,12.36858379715558,0.4827862686801838
1787023315047,0.0808,332238.3,0.0809,115790.5,0.08085,12.36858379715558,0.48311135355584284
1787023315055,0.0808,323620.6,0.0809,115790.5,0.08085,12.36858379715558,0.47297416929158137
1787023315064,0.0808,335697.1,0.0809,115790.5,0.08085,12.36858379715558,0.4870711842362891
1787023315101,0.0808,335697.1,0.0809,118114.0,0.08085,12.36858379715558,0.47945742182154644
1787023315209,0.0808,335697.1,0.0809,121896.8,0.08085,12.36858379715558,0.4672271636488161
1787023315234,0.0808,344314.8,0.0809,118114.0,0.08085,12.36858379715558,0.48915811471949844
1787023315235,0.0808,364286.8,0.0809,118114.0,0.08085,12.36858379715558,0.5103076114301635
1787023315262,0.0808,366857.6,0.0809,118114.0,0.08085,12.36858379715558,0.512903435995015
1787023315358,0.0808,366789.5,0.0809,118114.0,0.08085,12.36858379715558,0.5128350280004166
1787023315385,0.0808,366789.5,0.0809,122810.2,0.08085,12.36858379715558,0.4983240390057428
1787023315399,0.0808,366789.5,0.0809,123272.8,0.08085,12.36858379715558,0.49690967862657465
1787023315465,0.0808,364233.3,0.0809,123272.8,0.08085,12.36858379715558,0.49427176398408146
1787023315746,0.0808,366748.0,0.0809,123272.8,0.08085,12.36858379715558,0.49686707176511696
1787023315748,0.0808,366809.9,0.0809,123334.7,0.08085,12.36858379715558,0.49674157381311557
1787023315892,0.0808,366778.1,0.0809,123334.7,0.08085,12.36858379715558,0.4967089208851513
1787023315965,0.0808,364241.9,0.0809,123334.7,0.08085,12.36858379715558,0.4940909797557963
1787023316038,0.0808,364703.6,0.0809,123334.7,0.08085,12.36858379715558,0.4945695860345386
1787023316098,0.0808,364703.6,0.0809,121011.2,0.08085,12.36858379715558,0.5017191158268185
1787023316141,0.0808,367111.4,0.0809,121011.2,0.08085,12.36858379715558,0.5041770243787114
1787023316298,0.0808,367235.0,0.0809,121011.2,0.08085,12.36858379715558,0.5043025424468229
1787023316340,0.0808,364827.2,0.0809,121011.2,0.08085,12.36858379715558,0.5018458812642228
1787023316401,0.0808,364827.2,0.0809,120548.6,0.08085,12.36858379715558,0.5032772544490269
1787023316438,0.0808,367235.0,0.0809,120548.6,0.08085,12.36858379715558,0.5057291799068275
1787023316465,0.0808,364678.4,0.0809,120548.6,0.08085,12.36858379715558,0.5031249291568689
1787023316875,0.0808,367198.6,0.0809,120548.6,0.08085,12.36858379715558,0.505692293056731
1787023316939,0.0808,367497.0,0.0809,120548.6,0.08085,12.36858379715558,0.5059945218233706
1787023316967,0.0808,367444.0,0.0809,120548.6,0.08085,12.36858379715558,0.5059408687754692
1787023317156,0.0808,367307.3,0.0809,120548.6,0.08085,12.36858379715558,0.5058024305947719
1787023317246,0.0808,369816.7,0.0809,120548.6,0.08085,12.36858379715558,0.5083314418862835
1787023317247,0.0808,369754.8,0.0809,120548.6,0.08085,12.36858379715558,0.5082693695373109
1787023317328,0.0808,369754.8,0.0809,107436.1,0.08085,12.36858379715558,0.5497143805550356
1787023317329,0.0808,369816.7,0.0809,107436.1,0.08085,12.36858379715558,0.5497727828940971
1787023317465,0.0808,367725.5,0.0809,107436.1,0.08085,12.36858379715558,0.5477913198372932
1787023317627,0.0808,367725.5,0.0809,185652.2,0.08085,12.36858379715558,0.32902175132825195
1787023317628,0.0808,367725.5,0.0809,108036.1,0.08085,12.36858379715558,0.5458393447474533
1787023317629,0.0808,355587.1,0.0809,120807.6,0.08085,12.36858379715558,0.4928255918884068
1787023317630,0.0808,355587.1,0.0809,120269.5,0.08085,12.36858379715558,0.4945136833239257
1787023317632,0.0808,355649.0,0.0809,107170.1,0.08085,12.36858379715558,0.53688125662921
1787023317633,0.0808,355649.0,0.0809,107232.0,0.08085,12.36858379715558,0.5366757330717831
1787023317666,0.0808,367725.5,0.0809,107232.0,0.08085,12.36858379715558,0.5484564408394436
1787023317667,0.0808,367663.6,0.0809,107232.0,0.08085,12.36858379715558,0.5483975846480784
1787023317746,0.0808,370153.7,0.0809,107232.0,0.08085,12.36858379715558,0.5507531960006343
1787023317747,0.0808,370215.6,0.0809,107232.0,0.08085,12.36858379715558,0.550811439831303
1787023317895,0.0808,370215.6,0.0809,185684.1,0.08085,12.36858379715558,0.33195106959043147
1787023317896,0.0808,369934.0,0.0809,185622.2,0.08085,12.36858379715558,0.331760855157408
1787023317914,0.0808,369895.6,0.0809,185622.2,0.08085,12.36858379715558,0.33171466332851973
1787023317937,0.0808,369597.2,0.0809,185622.2,0.08085,12.36858379715558,0.331355496583873
1787023318026,0.0808,369597.2,0.0809,107170.1,0.08085,12.36858379715558,0.5504301574373912
1787023318027,0.0808,369597.2,0.0809,107232.0,0.08085,12.36858379715558,0.5502288869893035
1787023318037,0.0808,369895.6,0.0809,107232.0,0.08085,12.36858379715558,0.5505101779901226
1787023318232,0.0808,369895.6,0.0809,107436.1,0.08085,12.36858379715558,0.5498472026894506
1787023318246,0.0808,372412.0,0.0809,107436.1,0.08085,12.36858379715558,0.5522078757840242
1787023318436,0.0808,372635.4,0.0809,107436.1,0.08085,12.36858379715558,0.552416254662066
1787023318506,0.0808,372635.4,0.0809,109731.0,0.08085,12.36858379715558,0.5450304996367906
1787023318507,0.0808,372635.4,0.0809,109669.1,0.08085,12.36858379715558,0.5452287921841907
1787023318655,0.0808,372635.4,0.0809,185951.6,0.08085,12.36858379715558,0.3342072049653859
1787023318657,0.0808,372635.4,0.0809,186013.5,0.08085,12.36858379715558,0.3340593707425183
1787023318731,0.0808,375198.9,0.0809,186013.5,0.08085,12.36858379715558,0.33710124722832213
1787023318732,0.0808,375137.0,0.0809,186013.5,0.08085,12.36858379715558,0.33702812347133254
1787023319096,0.0808,375063.5,0.0809,186013.5,0.08085,12.36858379715558,0.33694127543991287
1787023319232,0.0808,375063.5,0.0809,190252.6,0.08085,12.36858379715558,0.32691603865518776
1787023319233,0.0808,375125.4,0.0809,190190.7,0.08085,12.36858379715558,0.3271350311799009
1787023319235,0.0808,375125.4,0.0809,190252.6,0.08085,12.36858379715558,0.32698973076419674
1787023319244,0.0808,375064.2,0.0809,190252.6,0.08085,12.36858379715558,0.3269168720972028
1787023319262,0.0808,377588.8,0.0809,190252.6,0.08085,12.36858379715558,0.32990937258185116
1787023319338,0.0808,377290.4,0.0809,190252.6,0.08085,12.36858379715558,0.32955705558873954
1787023319438,0.0808,377290.4,0.0809,190852.6,0.08085,12.36858379715558,0.328152947409367
1787023319637,0.0808,377588.8,0.0809,190852.6,0.08085,12.36858379715558,0.32850562960403656
1787023319646,0.0808,377588.8,0.0809,190252.6,0.08085,12.36858379715558,0.32990937258185116
1787023319648,0.0808,377588.8,0.0809,190852.6,0.08085,12.36858379715558,0.32850562960403656
1787023319650,0.0808,377588.8,0.0809,190252.6,0.08085,12.36858379715558,0.32990937258185116
1787023319651,0.0808,377588.8,0.0809,190852.6,0.08085,12.36858379715558,0.32850562960403656
1787023319652,0.0808,377588.8,0.0809,190252.6,0.08085,12.36858379715558,0.32990937258185116
1787023319655,0.0808,377588.8,0.0809,190852.6,0.08085,12.36858379715558,0.32850562960403656
1787023319657,0.0808,377588.8,0.0809,190252.6,0.08085,12.36858379715558,0.32990937258185116
1787023319731,0.0808,380125.9,0.0809,190252.6,0.08085,12.36858379715558,0.33289000198990676
1787023319732,0.0808,380064.0,0.0809,190252.6,0.08085,12.36858379715558,0.33281759640171793
1787023319802,0.0808,380064.0,0.0809,190320.5,0.08085,12.36858379715558,0.33265893445561723
1787023319803,0.0808,380125.9,0.0809,190320.5,0.08085,12.36858379715558,0.33273134864204595
1787023319805,0.0808,380125.9,0.0809,190920.5,0.08085,12.36858379715558,0.3313310442023626
1787023319807,0.0808,380125.9,0.0809,190320.5,0.08085,12.36858379715558,0.33273134864204595
1787023319809,0.0808,380125.9,0.0809,190920.5,0.08085,12.36858379715558,0.3313310442023626
1787023319810,0.0808,380125.9,0.0809,190320.5,0.08085,12.36858379715558,0.33273134864204595
1787023319812,0.0808,380125.9,0.0809,190920.5,0.08085,12.36858379715558,0.3313310442023626
1787023319813,0.0808,380125.9,0.0809,190320.5,0.08085,12.36858379715558,0.33273134864204595
1787023319913,0.0808,380125.9,0.0809,190920.5,0.08085,12.36858379715558,0.3313310442023626
1787023319919,0.0808,365365.4,0.0809,190920.5,0.08085,12.36858379715558,0.3135885701938518
1787023319933,0.0808,372481.1,0.0809,190920.5,0.08085,12.36858379715558,0.32225787076217033
1787023319934,0.0808,372419.2,0.0809,190920.5,0.08085,12.36858379715558,0.3221834001757732
1787023319961,0.0808,372660.3,0.0809,190920.5,0.08085,12.36858379715558,0.32247337027805056
1787023319962,0.0808,372722.2,0.0809,190920.5,0.08085,12.36858379715558,0.32254777716450517
1787023320002,0.0808,373893.2,0.0809,190920.5,0.08085,12.36858379715558,0.32395230498127087
1787023320021,0.0808,370837.4,0.0809,190920.5,0.08085,12.36858379715558,0.3202748016538797
1787023320027,0.0808,367781.6,0.0809,190920.5,0.08085,12.36858379715558,0.3165570703958335
1787023320038,0.0808,366253.7,0.0809,190920.5,0.08085,12.36858379715558,0.31468291245359176
1787023320099,0.0808,367793.9,0.0809,190920.5,0.08085,12.36858379715558,0.3165721162726431
1787023320266,0.0808,367631.1,0.0809,190920.5,0.08085,12.36858379715558,0.31637291881358853
1787023320267,0.0808,367631.1,0.0809,190320.5,0.08085,12.36858379715558,0.31778849634986256
1787023320279,0.0808,370174.9,0.0809,190320.5,0.08085,12.36858379715558,0.3208847030680359
1787023320351,0.0808,370174.9,0.0809,190639.3,0.08085,12.36858379715558,0.320133833986372
1787023320367,0.0808,370174.9,0.0809,191239.3,0.08085,12.36858379715558,0.3187229678194817
1787023320369,0.0808,370174.9,0.0809,190577.4,0.08085,12.36858379715558,0.3202795601551701
1787023320370,0.0808,370174.9,0.0809,191177.4,0.08085,12.36858379715558,0.3188683826538165
1787023320371,0.0808,370174.9,0.0809,191239.3,0.08085,12.36858379715558,0.3187229678194817
1787023320372,0.0808,370174.9,0.0809,190639.3,0.08085,12.36858379715558,0.320133833986372
1787023320382,0.0808,370117.8,0.0809,190639.3,0.08085,12.36858379715558,0.3200646055127969
1787023320385,0.0808,370117.8,0.0809,191239.3,0.08085,12.36858379715558,0.31865366982977505
1787023320386,0.0808,370117.8,0.0809,190639.3,0.08085,12.36858379715558,0.3200646055127969
1787023320461,0.0808,370117.8,0.0809,190320.5,0.08085,12.36858379715558,0.3208155117164547
1787023320485,0.0808,370117.8,0.0809,190920.5,0.08085,12.36858379715558,0.3194029712410008
1787023320585,0.0808,370117.8,0.0809,190320.5,0.08085,12.36858379715558,0.3208155117164547
1787023320724,0.0808,370117.8,0.0809,190920.5,0.08085,12.36858379715558,0.3194029712410008
1787023320739,0.0808,369819.4,0.0809,190920.5,0.08085,12.36858379715558,0.3190407887863874
1787023320789,0.0808,372332.0,0.0809,190920.5,0.08085,12.36858379715558,0.3220784639215982
1787023320790,0.0808,372270.1,0.0809,190920.5,0.08085,12.36858379715558,0.3220039539012192
1787023320791,0.0808,372270.1,0.0809,190320.5,0.08085,12.36858379715558,0.3234138643624689
1787023320837,0.0808,372568.5,0.0809,190320.5,0.08085,12.36858379715558,0.32377253774722903
1787023320839,0.0808,372630.4,0.0809,190320.5,0.08085,12.36858379715558,0.32384689321928434
1787023321090,0.0808,372630.4,0.0809,190741.4,0.08085,12.36858379715558,0.3228578356247154
1787023321222,0.0808,372630.4,0.0809,114458.9,0.08085,12.36858379715558,0.5300290932278743
1787023321223,0.0808,372630.4,0.0809,114458.9,0.08085,12.36858379715558,0.5300290932278743
1787023321340,0.0808,375173.6,0.0809,114458.9,0.08085,12.36858379715558,0.5324701689532455
1787023321442,0.0808,375472.0,0.0809,114458.9,0.08085,12.36858379715558,0.532754925235375
1787023321506,0.0808,375472.0,0.0809,204879.5,0.08085,12.36858379715558,0.29394685806791226
1787023321507,0.0808,375472.0,0.0809,204817.6,0.08085,12.36858379715558,0.2940848845128364
1787023321508,0.0808,363395.5,0.0809,204817.6,0.08085,12.36858379715558,0.27908173887578447
1787023321536,0.0808,363349.4,0.0809,204817.6,0.08085,12.36858379715558,0.2790232449262277
1787023321538,0.0808,363051.0,0.0809,204817.6,0.08085,12.36858379715558,0.2786443906213515
1787023321539,0.0808,362752.6,0.0809,204817.6,0.08085,12.36858379715558,0.27826513795121727
1787023321639,0.0808,360344.8,0.0809,204817.6,0.08085,12.36858379715558,0.27519028158985803
1787023321643,0.0808,360344.8,0.0809,204930.0,0.08085,12.36858379715558,0.2749367210425796
1787023321645,0.0808,360344.8,0.0809,204991.9,0.08085,12.36858379715558,0.274797125323723
1787023321748,0.0808,362881.2,0.0809,204991.9,0.08085,12.36858379715558,0.27803623732133115
1787023321749,0.0808,362819.3,0.0809,204991.9,0.08085,12.36858379715558,0.2779575323628699
1787023321750,0.0808,362819.3,0.0809,205591.9,0.08085,12.36858379715558,0.27660855380752525
1787023321751,0.0808,362881.2,0.0809,204991.9,0.08085,12.36858379715558,0.27803623732133115
1787023321781,0.0808,362810.7,0.0809,204991.9,0.08085,12.36858379715558,0.2779465962290416
1787023321829,0.0808,362810.7,0.0809,205591.9,0.08085,12.36858379715558,0.27659760880756
1787023321831,0.0808,362810.7,0.0809,204991.9,0.08085,12.36858379715558,0.2779465962290416
1787023321863,0.0808,362810.7,0.0809,205591.9,0.08085,12.36858379715558,0.27659760880756
1787023321936,0.0808,363028.4,0.0809,205591.9,0.08085,12.36858379715558,0.27687456814327593
1787023321937,0.0808,363028.4,0.0809,204991.9,0.08085,12.36858379715558,0.2782233311027793
1787023321938,0.0808,365436.2,0.0809,204991.9,0.08085,12.36858379715558,0.28126997951187893
1787023322237,0.0808,365734.6,0.0809,204991.9,0.08085,12.36858379715558,0.28164576202436714
1787023322261,0.0808,368226.2,0.0809,204991.9,0.08085,12.36858379715558,0.28476822347375286
1787023322263,0.0808,368164.3,0.0809,204991.9,0.08085,12.36858379715558,0.2846909795270469
1787023322540,0.0808,368107.5,0.0809,204991.9,0.08085,12.36858379715558,0.2846200851021655
1787023322729,0.0808,368107.5,0.0809,205591.9,0.08085,12.36858379715558,0.2832765730624784
1787023322730,0.0808,368169.4,0.0809,205591.9,0.08085,12.36858379715558,0.28335389647227865
1787023322746,0.0808,370632.1,0.0809,205591.9,0.08085,12.36858379715558,0.28641674071194534
1787023323117,0.0808,370632.1,0.0809,204991.9,0.08085,12.36858379715558,0.2877576334551721
1787023323184,0.0808,370632.1,0.0809,205591.9,0.08085,12.36858379715558,0.28641674071194534
1787023323185,0.0808,370632.1,0.0809,204991.9,0.08085,12.36858379715558,0.2877576334551721
1787023323246,0.0808,373119.0,0.0809,204991.9,0.08085,12.36858379715558,0.29082153614470857
1787023323247,0.0808,373057.1,0.0809,204991.9,0.08085,12.36858379715558,0.2907455942316309
1787023323260,0.0808,371944.0,0.0809,204991.9,0.08085,12.36858379715558,0.28937720810925444
1787023323338,0.0808,371645.6,0.0809,204991.9,0.08085,12.36858379715558,0.2890094730224794
1787023323379,0.0808,371707.5,0.0809,205530.0,0.08085,12.36858379715558,0.2878841031637757
1787023323380,0.0808,371707.5,0.0809,205591.9,0.08085,12.36858379715558,0.28774601186143617
1787023323465,0.0808,369136.7,0.0809,205591.9,0.08085,12.36858379715558,0.2845600514747309
1787023323467,0.0808,369136.7,0.0809,204991.9,0.08085,12.36858379715558,0.28590249640934107
1787023323539,0.0808,369435.1,0.0809,204991.9,0.08085,12.36858379715558,0.2862734516309296
1787023323545,0.0808,387817.2,0.0809,204991.9,0.08085,12.36858379715558,0.3084050160498549
1787023323546,0.0808,387755.3,0.0809,204991.9,0.08085,12.36858379715558,0.3083327934741826
1787023323705,0.0808,387755.3,0.0809,205166.6,0.08085,12.36858379715558,0.3079473030090472
1787023323706,0.0808,387817.2,0.0809,205166.6,0.08085,12.36858379715558,0.3080195445474227
1787023323708,0.0808,387817.2,0.0809,205766.6,0.08085,12.36858379715558,0.3066973862831162
1787023323709,0.0808,387817.2,0.0809,205166.6,0.08085,12.36858379715558,0.3080195445474227
1787023323711,0.0808,387817.2,0.0809,205766.6,0.08085,12.36858379715558,0.3066973862831162
1787023323712,0.0808,387817.2,0.0809,205166.6,0.08085,12.36858379715558,0.3080195445474227
1787023323714,0.0808,387817.2,0.0809,205766.6,0.08085,12.36858379715558,0.3066973862831162
1787023323733,0.0808,387755.2,0.0809,205766.6,0.08085,12.36858379715558,0.3066249630594866
1787023323735,0.0808,387755.2,0.0809,205166.6,0.08085,12.36858379715558,0.3079471862899964
1787023323739,0.0808,387456.8,0.0809,205166.6,0.08085,12.36858379715558,0.30759872121148096
1787023323934,0.0808,387456.8,0.0809,205763.6,0.08085,12.36858379715558,0.30628279135377
1787023323965,0.0808,384942.1,0.0809,205763.6,0.08085,12.36858379715558,0.30332955988066473
1787023323978,0.0808,384942.1,0.0809,206363.6,0.08085,12.36858379715558,0.30200706673384003
1787023323999,0.0808,384942.1,0.0809,205763.6,0.08085,12.36858379715558,0.30332955988066473
1787023324001,0.0808,384942.1,0.0809,206363.6,0.08085,12.36858379715558,0.30200706673384003
1787023324002,0.0808,384942.1,0.0809,205763.6,0.08085,12.36858379715558,0.30332955988066473
1787023324005,0.0808,384942.1,0.0809,206363.6,0.08085,12.36858379715558,0.30200706673384003
1787023324239,0.0808,385240.5,0.0809,206363.6,0.08085,12.36858379715558,0.3023591283427549
1787023324637,0.0808,384942.1,0.0809,206363.6,0.08085,12.36858379715558,0.30200706673384003
1787023324856,0.0808,384942.1,0.0809,207908.7,0.08085,12.36858379715558,0.29861374902420634
1787023324857,0.0808,384942.1,0.0809,207414.6,0.08085,12.36858379715558,0.29969695624275033
1787023324858,0.0808,384942.1,0.0809,219401.1,0.08085,12.36858379715558,0.27391885935011756
1787023324859,0.0808,384942.1,0.0809,253053.0,0.08085,12.36858379715558,0.20672431496730928
1787023324860,0.0808,384880.2,0.0809,252991.1,0.08085,12.36858379715558,0.20676443665046537
1787023324861,0.0808,384880.2,0.0809,239891.7,0.08085,12.36858379715558,0.23206629491499217
1787023324864,0.0808,384942.1,0.0809,239953.6,0.08085,12.36858379715558,0.23202031955092664
1787023324865,0.0808,384942.1,0.0809,239891.7,0.08085,12.36858379715558,0.23214237129937584
1787023324885,0.0808,384886.5,0.0809,239891.7,0.08085,12.36858379715558,0.23207403843475974
1787023324901,0.0808,384886.5,0.0809,240210.6,0.08085,12.36858379715558,0.23144548262981862
1787023324903,0.0808,384886.5,0.0809,240272.5,0.08085,12.36858379715558,0.2313235512885522
1787023324941,0.0808,382478.7,0.0809,240272.5,0.08085,12.36858379715558,0.2283515471347145
1787023324965,0.0808,379958.5,0.0809,240272.5,0.08085,12.36858379715558,0.22521608884431768
1787023325099,0.0808,378418.3,0.0809,240272.5,0.08085,12.36858379715558,0.22328730280133466
1787023325262,0.0808,380993.9,0.0809,240272.5,0.08085,12.36858379715558,0.22650734049032753
1787023325465,0.0808,378484.5,0.0809,240272.5,0.08085,12.36858379715558,0.2233704022742369
1787023325536,0.0808,378484.5,0.0809,240902.3,0.08085,12.36858379715558,0.2221264644322417
1787023325581,0.0808,378484.5,0.0809,240583.4,0.08085,12.36858379715558,0.22275601755477872
1787023325742,0.0808,379916.5,0.0809,240583.4,0.08085,12.36858379715558,0.22454975415789752
1787023325746,0.0808,382434.3,0.0809,240583.4,0.08085,12.36858379715558,0.22768357945528675
1787023325747,0.0808,382372.4,0.0809,240583.4,0.08085,12.36858379715558,0.22760683823796168
1787023325965,0.0808,379882.3,0.0809,240583.4,0.08085,12.36858379715558,0.22450701142706198
1787023325993,0.0808,379859.9,0.0809,240583.4,0.08085,12.36858379715558,0.22447901363428377
1787023326098,0.0808,380624.7,0.0809,240583.4,0.08085,12.36858379715558,0.22543379585681517
1787023326099,0.0808,380686.6,0.0809,240583.4,0.08085,12.36858379715558,0.2255109694657717
1787023326241,0.0808,383094.4,0.0809,240583.4,0.08085,12.36858379715558,0.2285009984322033
1787023326262,0.0808,385663.8,0.0809,240583.4,0.08085,12.36858379715558,0.23166634517487664
1787023326263,0.0808,385601.9,0.0809,240583.4,0.08085,12.36858379715558,0.2315903934506288
1787023326466,0.0808,383085.5,0.0809,240583.4,0.08085,12.36858379715558,0.22848998883862895
1787023326540,0.0808,380677.7,0.0809,240583.4,0.08085,12.36858379715558,0.2254998743684419
1787023326654,0.0808,380454.3,0.0809,240583.4,0.08085,12.36858379715558,0.22522127078597645
1787023326731,0.0808,382974.1,0.0809,240583.4,0.08085,12.36858379715558,0.22835215677784323
1787023326732,0.0808,383036.0,0.0809,240583.4,0.08085,12.36858379715558,0.22842874997153712
1787023326965,0.0808,380472.5,0.0809,240583.4,0.08085,12.36858379715558,0.22524397562280626
1787023326993,0.0808,380433.9,0.0809,240583.4,0.08085,12.36858379715558,0.22519581982659745
1787023327099,0.0808,379669.1,0.0809,240583.4,0.08085,12.36858379715558,0.2242404504617071
1787023327238,0.0808,382076.9,0.0809,240583.4,0.08085,12.36858379715558,0.2272402785274732
1787023327246,0.0808,384586.5,0.0809,240583.4,0.08085,12.36858379715558,0.23034234373727847
1787023327446,0.0808,384586.5,0.0809,239983.4,0.08085,12.36858379715558,0.23152428575248343
1787023327465,0.0808,382061.9,0.0809,239983.4,0.08085,12.36858379715558,0.22840539105431715
1787023327544,0.0808,382061.9,0.0809,149562.8,0.08085,12.36858379715558,0.43733690327029584
1787023327554,0.0808,382061.9,0.0809,115972.8,0.08085,12.36858379715558,0.5342782340266653
1787023327639,0.0808,382360.3,0.0809,115972.8,0.08085,12.36858379715558,0.5345571064815884
1787023327642,0.0808,382658.7,0.0809,115972.8,0.08085,12.36858379715558,0.5348356451608052
1787023327738,0.0808,382360.3,0.0809,115972.8,0.08085,12.36858379715558,0.5345571064815884
1787023327965,0.0808,379823.2,0.0809,115972.8,0.08085,12.36858379715558,0.5321753301761208
1787023328098,0.0808,381349.0,0.0809,115972.8,0.08085,12.36858379715558,0.5336106319891869
1787023328100,0.0808,381287.1,0.0809,115972.8,0.08085,12.36858379715558,0.5335525748205315
1787023328155,0.0808,381046.0,0.0809,115972.8,0.08085,12.36858379715558,0.533326304759498
1787023328246,0.0808,383560.6,0.0809,115972.8,0.08085,12.36858379715558,0.5356754923694792
1787023328247,0.0808,383622.5,0.0809,115972.8,0.08085,12.36858379715558,0.5357330223082564
1787023328275,0.0808,383580.9,0.0809,115972.8,0.08085,12.36858379715558,0.5356943607864381
1787023328296,0.0808,383457.3,0.0809,115972.8,0.08085,12.36858379715558,0.535579453461055
1787023328436,0.0808,383680.6,0.0809,115972.8,0.08085,12.36858379715558,0.5357870075536362
1787023328458,0.0808,383680.6,0.0809,184404.3,0.08085,12.36858379715558,0.3507861236938352
1787023328459,0.0808,383680.6,0.0809,184138.3,0.08085,12.36858379715558,0.35141891191011787
1787023328460,0.0808,383680.6,0.0809,184342.4,0.08085,12.36858379715558,0.35093332488297124
1787023328461,0.0808,383680.6,0.0809,184404.3,0.08085,12.36858379715558,0.3507861236938352
1787023328465,0.0808,381136.8,0.0809,184404.3,0.08085,12.36858379715558,0.3478659641182577
1787023328730,0.0808,383698.5,0.0809,184404.3,0.08085,12.36858379715558,0.3508065793726065
1787023328799,0.0808,383822.1,0.0809,184404.3,0.08085,12.36858379715558,0.35094779123250874
1787023328814,0.0808,383822.1,0.0809,183983.4,0.08085,12.36858379715558,0.3519492150040815
1787023328851,0.0808,383624.7,0.0809,183983.4,0.08085,12.36858379715558,0.35172383903612375
1787023328965,0.0808,381112.1,0.0809,183983.4,0.08085,12.36858379715558,0.3488413905260261
1787023329103,0.0808,381112.1,0.0809,184404.3,0.08085,12.36858379715558,0.34783748092893507
1787023329161,0.0808,380943.5,0.0809,184404.3,0.08085,12.36858379715558,0.34764299073950583
1787023329164,0.0808,381110.0,0.0809,184404.3,0.08085,12.36858379715558,0.34783505916649676
1787023329184,0.0808,381110.0,0.0809,115972.8,0.08085,12.36858379715558,0.5333863895511975
1787023329239,0.0808,381408.4,0.0809,115972.8,0.08085,12.36858379715558,0.5336663307740623
1787023329246,0.0808,383933.0,0.0809,115972.8,0.08085,12.36858379715558,0.5360213864292033
1787023329269,0.0808,383891.2,0.0809,115972.8,0.08085,12.36858379715558,0.5359825872637358
1787023329316,0.0808,383891.2,0.0809,116108.0,0.08085,12.36858379715558,0.5355672569076111
1787023329465,0.0808,381348.0,0.0809,116108.0,0.08085,12.36858379715558,0.5331928854009199
1787023329538,0.0808,381049.6,0.0809,116108.0,0.08085,12.36858379715558,0.5329127021290633
1787023329684,0.0808,381049.6,0.0809,185845.4,0.08085,12.36858379715558,0.3443392515368807
1787023329686,0.0808,381049.6,0.0809,185783.5,0.08085,12.36858379715558,0.34448605771257884
1787023329691,0.0808,381049.6,0.0809,186383.5,0.08085,12.36858379715558,0.34306440706402214
1787023329693,0.0808,381049.6,0.0809,186445.4,0.08085,12.36858379715558,0.3429179111710235
1787023329731,0.0808,383586.6,0.0809,186445.4,0.08085,12.36858379715558,0.34584233867572345
1787023329732,0.0808,383524.7,0.0809,185845.4,0.08085,12.36858379715558,0.3471894642869375
1787023329739,0.0808,383226.3,0.0809,185845.4,0.08085,12.36858379715558,0.3468471547609906
1787023329838,0.0808,380818.5,0.0809,185845.4,0.08085,12.36858379715558,0.34407185635082804
1787023329938,0.0808,383226.3,0.0809,185845.4,0.08085,12.36858379715558,0.3468471547609906
1787023329939,0.0808,383288.2,0.0809,185845.4,0.08085,12.36858379715558,0.3469181928461086
1787023329965,0.0808,380751.8,0.0809,185845.4,0.08085,12.36858379715558,0.3439946402841384
1787023329983,0.0808,380992.9,0.0809,185845.4,0.08085,12.36858379715558,0.3442736667582272
1787023330098,0.0808,380230.0,0.0809,185845.4,0.08085,12.36858379715558,0.34338994416644847
1787023330099,0.0808,379467.1,0.0809,185845.4,0.08085,12.36858379715558,0.3425038363736871
1787023330136,0.0808,379765.5,0.0809,185845.4,0.08085,12.36858379715558,0.34285071238902926
1787023330190,0.0808,379547.8,0.0809,185845.4,0.08085,12.36858379715558,0.34259768246239963
1787023330212,0.0808,379547.8,0.0809,116108.0,0.08085,12.36858379715558,0.5314974625536512
1787023330213,0.0808,379547.8,0.0809,115903.9,0.08085,12.36858379715558,0.5321283588289233
1787023330215,0.0808,379547.8,0.0809,116108.0,0.08085,12.36858379715558,0.5314974625536512
1787023330220,0.0808,379497.8,0.0809,116108.0,0.08085,12.36858379715558,0.5314501969105285
1787023330263,0.0808,382041.0,0.0809,116108.0,0.08085,12.36858379715558,0.533842284135871
1787023330298,0.0808,381917.4,0.0809,116108.0,0.08085,12.36858379715558,0.5337265930613178
1787023330340,0.0808,382215.8,0.0809,116108.0,0.08085,12.36858379715558,0.5340058010474314
1787023330465,0.0808,379724.2,0.0809,116108.0,0.08085,12.36858379715558,0.531664139602067
1787023330512,0.0808,379724.2,0.0809,181432.7,0.08085,12.36858379715558,0.35336195634411693
1787023330513,0.0808,379724.2,0.0809,181370.8,0.08085,12.36858379715558,0.3535112592341761
1787023330755,0.0808,382236.1,0.0809,181370.8,0.08085,12.36858379715558,0.3563925494879499
1787023330756,0.0808,382174.2,0.0809,181432.7,0.08085,12.36858379715558,0.3561728928442856
1787023330757,0.0808,382236.1,0.0809,181432.7,0.08085,12.36858379715558,0.3562435955298572
1787023330766,0.0808,382236.1,0.0809,116108.0,0.08085,12.36858379715558,0.5340247832772576
1787023330767,0.0808,382236.1,0.0809,115903.9,0.08085,12.36858379715558,0.5346533103143694
1787023330768,0.0808,382236.1,0.0809,116108.0,0.08085,12.36858379715558,0.5340247832772576
1787023330798,0.0808,382359.7,0.0809,116108.0,0.08085,12.36858379715558,0.5341403264444216
1787023330936,0.0808,382597.0,0.0809,116108.0,0.08085,12.36858379715558,0.5343619975737159
1787023330965,0.0808,380134.3,0.0809,116108.0,0.08085,12.36858379715558,0.5320511774187731
1787023331019,0.0808,380134.3,0.0809,196980.6,0.08085,12.36858379715558,0.31736089295216596
1787023331020,0.0808,380134.3,0.0809,196918.7,0.08085,12.36858379715558,0.31750220517006233
1787023331098,0.0808,380894.7,0.0809,196918.7,0.08085,12.36858379715558,0.3184003693926101
1787023331099,0.0808,380894.7,0.0809,196980.6,0.08085,12.36858379715558,0.3182591469128374
1787023331138,0.0808,380596.3,0.0809,196980.6,0.08085,12.36858379715558,0.31790693152721305
1787023331246,0.0808,383136.6,0.0809,196980.6,0.08085,12.36858379715558,0.3208937780158906
1787023331340,0.0808,383136.6,0.0809,196845.4,0.08085,12.36858379715558,0.3212016924663179
1787023331344,0.0808,383136.6,0.0809,196989.0,0.08085,12.36858379715558,0.3208746519719178
1787023331442,0.0808,382838.2,0.0809,196989.0,0.08085,12.36858379715558,0.3205251495618005
1787023331465,0.0808,380351.3,0.0809,196989.0,0.08085,12.36858379715558,0.31759830380799675
1787023331471,0.0808,380321.4,0.0809,196989.0,0.08085,12.36858379715558,0.3175629609305497
1787023331740,0.0808,377913.6,0.0809,196989.0,0.08085,12.36858379715558,0.31470478651514183
1787023331747,0.0808,380348.5,0.0809,196989.0,0.08085,12.36858379715558,0.3175949942624548
1787023331875,0.0808,381060.3,0.0809,196989.0,0.08085,12.36858379715558,0.31843529608979715
1787023331876,0.0808,380998.4,0.0809,196989.0,0.08085,12.36858379715558,0.3183623033996935
1787023331936,0.0808,381215.3,0.0809,196989.0,0.08085,12.36858379715558,0.3186180040515091
1787023331937,0.0808,381277.2,0.0809,196989.0,0.08085,12.36858379715558,0.31869094199176784
1787023332040,0.0808,383983.4,0.0809,196989.0,0.08085,12.36858379715558,0.3218645154227637
1787023332100,0.0808,383223.0,0.0809,196989.0,0.08085,12.36858379715558,0.3209757812661579
1787023332137,0.0808,382924.6,0.0809,196989.0,0.08085,12.36858379715558,0.3206263829646347
1787023332237,0.0808,383223.0,0.0809,196989.0,0.08085,12.36858379715558,0.3209757812661579
1787023332246,0.0808,385712.9,0.0809,196989.0,0.08085,12.36858379715558,0.3238772689774995
1787023332247,0.0808,385651.0,0.0809,196989.0,0.08085,12.36858379715558,0.3238054373197858
1787023332257,0.0808,385651.0,0.0809,116116.4,0.08085,12.36858379715558,0.5371704100346096
1787023332259,0.0808,385712.9,0.0809,116116.4,0.08085,12.36858379715558,0.5372274994704374
1787023332295,0.0808,385546.4,0.0809,116116.4,0.08085,12.36858379715558,0.5370739070148314
1787023332297,0.0808,385714.9,0.0809,116116.4,0.08085,12.36858379715558,0.5372293438053783
1787023332440,0.0808,386013.3,0.0809,116116.4,0.08085,12.36858379715558,0.5375043539547651
1787023332478,0.0808,386013.3,0.0809,200784.8,0.08085,12.36858379715558,0.31565967919800697
1787023332479,0.0808,386013.3,0.0809,200722.9,0.08085,12.36858379715558,0.31579847979381537
1787023332640,0.0808,385714.9,0.0809,200722.9,0.08085,12.36858379715558,0.3154503342042413
1787023332641,0.0808,385416.5,0.0809,200722.9,0.08085,12.36858379715558,0.31510183413706705
1787023332746,0.0808,387877.4,0.0809,200722.9,0.08085,12.36858379715558,0.31796534932109277
1787023332747,0.0808,387877.4,0.0809,200784.8,0.08085,12.36858379715558,0.3178267604069024
1787023332775,0.0808,387827.1,0.0809,200784.8,0.08085,12.36858379715558,0.31776846509559187
1787023333241,0.0808,385419.3,0.0809,200784.8,0.08085,12.36858379715558,0.31496623786834654
1787023333246,0.0808,387909.2,0.0809,200784.8,0.08085,12.36858379715558,0.3178636099569556
1787023333339,0.0808,387909.2,0.0809,198489.9,0.08085,12.36858379715558,0.3230211301483922
1787023333441,0.0808,390317.0,0.0809,198489.9,0.08085,12.36858379715558,0.32578949057832035
1787023333442,0.0808,390051.0,0.0809,198489.9,0.08085,12.36858379715558,0.3254847708969759
1787023333443,0.0808,390255.1,0.0809,198489.9,0.08085,12.36858379715558,0.32571860482891574
1787023333445,0.0808,390317.0,0.0809,198489.9,0.08085,12.36858379715558,0.32578949057832035
1787023333465,0.0808,387741.4,0.0809,198489.9,0.08085,12.36858379715558,0.3228273550047567
1787023333522,0.0808,387741.4,0.0809,113821.5,0.08085,12.36858379715558,0.546132698411306
1787023333523,0.0808,387741.4,0.0809,113821.5,0.08085,12.36858379715558,0.546132698411306
1787023333741,0.0808,388039.8,0.0809,113821.5,0.08085,12.36858379715558,0.5464025618233563
1787023333743,0.0808,388039.8,0.0809,204226.9,0.08085,12.36858379715558,0.3103549465131165
1787023333744,0.0808,388039.8,0.0809,204165.0,0.08085,12.36858379715558,0.3104919109064972
1787023333805,0.0808,388015.1,0.0809,204165.0,0.08085,12.36858379715558,0.31046315132845564
1787023333939,0.0808,387716.7,0.0809,204165.0,0.08085,12.36858379715558,0.3101155180165226
1787023333965,0.0808,385198.9,0.0809,204165.0,0.08085,12.36858379715558,0.3071682877081545
1787023334088,0.0808,385198.9,0.0809,204255.8,0.08085,12.36858379715558,0.306966930622489
1787023334089,0.0808,385198.9,0.0809,204317.7,0.08085,12.36858379715558,0.3068296974164934
1787023334145,0.0808,385375.6,0.0809,204317.7,0.08085,12.36858379715558,0.30703740402002183
1787023334195,0.0808,385375.6,0.0809,204140.9,0.08085,12.36858379715558,0.307429393409684
1787023334466,0.0808,382806.2,0.0809,204140.9,0.08085,12.36858379715558,0.3043976194788253
1787023334512,0.0808,382806.2,0.0809,204028.5,0.08085,12.36858379715558,0.3046474586455096
1787023334515,0.0808,382806.2,0.0809,205537.8,0.08085,12.36858379715558,0.3013005996491849
1787023334539,0.0808,383104.6,0.0809,205537.8,0.08085,12.36858379715558,0.3016547907524161
1787023334837,0.0808,382806.2,0.0809,205537.8,0.08085,12.36858379715558,0.3013005996491849
1787023334965,0.0808,380286.4,0.0809,205537.8,0.08085,12.36858379715558,0.2982952906349721
1787023334970,0.0808,373170.7,0.0809,205537.8,0.08085,12.36858379715558,0.2896672504378284
1787023334983,0.0808,390685.2,0.0809,205537.8,0.08085,12.36858379715558,0.3105338103360656
1787023334985,0.0808,390623.3,0.0809,205537.8,0.08085,12.36858379715558,0.3104622223757974
1787023335013,0.0808,390573.4,0.0809,205537.8,0.08085,12.36858379715558,0.3104045017104192
1787023335035,0.0808,390573.4,0.0809,205633.2,0.08085,12.36858379715558,0.31019482172790436
1787023335036,0.0808,390635.3,0.0809,205633.2,0.08085,12.36858379715558,0.3102664319849195
1787023335044,0.0808,390635.3,0.0809,206479.1,0.08085,12.36858379715558,0.30841024768453074
1787023335045,0.0808,390635.3,0.0809,206417.2,0.08085,12.36858379715558,0.3085458983925199
1787023335239,0.0808,390933.7,0.0809,206417.2,0.08085,12.36858379715558,0.3088913066005257
1787023335240,0.0808,390933.7,0.0809,206479.1,0.08085,12.36858379715558,0.30875568785938295
1787023335247,0.0808,393512.3,0.0809,206479.1,0.08085,12.36858379715558,0.31172646807937576
1787023335348,0.0808,393512.3,0.0809,206547.1,0.08085,12.36858379715558,0.31157782046244087
1787023335465,0.0808,391002.7,0.0809,206547.1,0.08085,12.36858379715558,0.30868657306888897
1787023335539,0.0808,391301.1,0.0809,206547.1,0.08085,12.36858379715558,0.30903162374662996
1787023335634,0.0808,391301.1,0.0809,207147.1,0.08085,12.36858379715558,0.30771919775178536
1787023335636,0.0808,391301.1,0.0809,206547.1,0.08085,12.36858379715558,0.30903162374662996
1787023335731,0.0808,393821.9,0.0809,206547.1,0.08085,12.36858379715558,0.3119328279774606
1787023335732,0.0808,393760.0,0.0809,206547.1,0.08085,12.36858379715558,0.3118618786950879
1787023335779,0.0808,392328.0,0.0809,206547.1,0.08085,12.36858379715558,0.31021643745081406
1787023335872,0.0808,393760.0,0.0809,206547.1,0.08085,12.36858379715558,0.3118618786950879
1787023335873,0.0808,393821.9,0.0809,206547.1,0.08085,12.36858379715558,0.3119328279774606
1787023335940,0.0808,393523.5,0.0809,206547.1,0.08085,12.36858379715558,0.3115906694978891
1787023335994,0.0808,393468.6,0.0809,206547.1,0.08085,12.36858379715558,0.31152768169232903
1787023336465,0.0808,390954.0,0.0809,206547.1,0.08085,12.36858379715558,0.30863022678954066
1787023336540,0.0808,391252.4,0.0809,206547.1,0.08085,12.36858379715558,0.30897533370302255
1787023336589,0.0808,391050.9,0.0809,206547.1,0.08085,12.36858379715558,0.30874233180164595
1787023336657,0.0808,390827.6,0.0809,206547.1,0.08085,12.36858379715558,0.3084839381379894
1787023336728,0.0808,390739.7,0.0809,206547.1,0.08085,12.36858379715558,0.30838217084321967
1787023336731,0.0808,393262.8,0.0809,206547.1,0.08085,12.36858379715558,0.31129146084451087
1787023336740,0.0808,392964.4,0.0809,206547.1,0.08085,12.36858379715558,0.31094866403730376
1787023336763,0.0808,392964.4,0.0809,206126.2,0.08085,12.36858379715558,0.3118696904942257
1787023336965,0.0808,390402.7,0.0809,206126.2,0.08085,12.36858379715558,0.30891462257738056
1787023336994,0.0808,390402.7,0.0809,206547.1,0.08085,12.36858379715558,0.30799172727757007
1787023337024,0.0808,390378.0,0.0809,206547.1,0.08085,12.36858379715558,0.30796309285704354
1787023337241,0.0808,390079.6,0.0809,206547.1,0.08085,12.36858379715558,0.30761697389674314
1787023337247,0.0808,392591.3,0.0809,206547.1,0.08085,12.36858379715558,0.3105195727731689
1787023337248,0.0808,392529.4,0.0809,206547.1,0.08085,12.36858379715558,0.31044833172391173
1787023337440,0.0808,392827.8,0.0809,206547.1,0.08085,12.36858379715558,0.3107916264094475
1787023337441,0.0808,392889.7,0.0809,206547.1,0.08085,12.36858379715558,0.3108627965450236
1787023337465,0.0808,390365.1,0.0809,206547.1,0.08085,12.36858379715558,0.30794813709620944
1787023337527,0.0808,390365.1,0.0809,202308.0,0.08085,12.36858379715558,0.31730324862052955
1787023337531,0.0808,390365.1,0.0809,206547.9,0.08085,12.36858379715558,0.3079463841464334
1787023337552,0.0808,388414.8,0.0809,206547.9,0.08085,12.36858379715558,0.30567781812204364
1787023337731,0.0808,390907.2,0.0809,206547.9,0.08085,12.36858379715558,0.3085743179696684
1787023337965,0.0808,388370.2,0.0809,206547.9,0.08085,12.36858379715558,0.30562576596677765
1787023338039,0.0808,388071.8,0.0809,206547.9,0.08085,12.36858379715558,0.30527730581411955
1787023338067,0.0808,388011.7,0.0809,206547.9,0.08085,12.36858379715558,0.3052070810058403
1787023338157,0.0808,387770.6,0.0809,206547.9,0.08085,12.36858379715558,0.30492522107253933
1787023338247,0.0808,390285.5,0.0809,206547.9,0.08085,12.36858379715558,0.30785408457368507
1787023338454,0.0808,390507.7,0.0809,206547.9,0.08085,12.36858379715558,0.3081116733516946
1787023338465,0.0808,387964.5,0.0809,206547.9,0.08085,12.36858379715558,0.30515191945533854
1787023338615,0.0808,387885.4,0.0809,206547.9,0.08085,12.36858379715558,0.3050594574698289
1787023338965,0.0808,385373.5,0.0809,206547.9,0.08085,12.36858379715558,0.30211038154727976
1787023339104,0.0808,385463.5,0.0809,206547.9,0.08085,12.36858379715558,0.3022164775881005
1787023339157,0.0808,385226.2,0.0809,206547.9,0.08085,12.36858379715558,0.3019366680630329
1787023339186,0.0808,385201.7,0.0809,206547.9,0.08085,12.36858379715558,0.30190776639308253
1787023339246,0.0808,387728.9,0.0809,206547.9,0.08085,12.36858379715558,0.3048764481467222
1787023339340,0.0808,385321.1,0.0809,206547.9,0.08085,12.36858379715558,0.302048595212792
1787023339439,0.0808,387728.9,0.0809,206547.9,0.08085,12.36858379715558,0.3048764481467222
1787023339465,0.0808,385188.6,0.0809,206547.9,0.08085,12.36858379715558,0.3018923118651629
1787023339638,0.0808,382780.8,0.0809,206547.9,0.08085,12.36858379715558,0.29904007729472537
1787023339731,0.0808,385320.5,0.0809,206547.9,0.08085,12.36858379715558,0.30204788767232715
1787023339965,0.0808,382787.0,0.0809,206547.9,0.08085,12.36858379715558,0.2990474516272496
1787023339985,0.0808,383026.8,0.0809,206547.9,0.08085,12.36858379715558,0.2993325527706667
1787023340035,0.0808,383026.8,0.0809,206452.5,0.08085,12.36858379715558,0.2995428338196099
1787023340043,0.0808,383026.8,0.0809,205606.6,0.08085,12.36858379715558,0.3014103515023102
1787023340158,0.0808,382809.9,0.0809,205606.6,0.08085,12.36858379715558,0.30115283986767877
1787023340247,0.0808,385353.2,0.0809,205606.6,0.08085,12.36858379715558,0.3041604521999635
1787023340248,0.0808,385291.3,0.0809,205606.6,0.08085,12.36858379715558,0.30408755895053946
1787023340251,0.0808,385087.5,0.0809,205606.6,0.08085,12.36858379715558,0.3038474567462245
1787023340305,0.0808,385087.5,0.0809,205463.0,0.08085,12.36858379715558,0.3041645041363948
1787023340309,0.0808,385087.5,0.0809,206244.0,0.08085,12.36858379715558,0.3024420312464328
1787023340310,0.0808,385149.4,0.0809,206244.0,0.08085,12.36858379715558,0.3025150432859075
1787023340414,0.0808,385035.0,0.0809,206244.0,0.08085,12.36858379715558,0.3023800946761174
1787023340429,0.0808,385001.2,0.0809,206244.0,0.08085,12.36858379715558,0.30234021350194473
1787023340465,0.0808,382511.3,0.0809,206244.0,0.08085,12.36858379715558,0.2993897464702228
1787023340641,0.0808,384919.1,0.0809,206244.0,0.08085,12.36858379715558,0.3022433233738709
1787023340791,0.0808,387431.1,0.0809,206244.0,0.08085,12.36858379715558,0.3051957206896499
1787023340838,0.0808,385023.3,0.0809,206244.0,0.08085,12.36858379715558,0.3023662901702833
1787023340954,0.0808,385259.7,0.0809,206244.0,0.08085,12.36858379715558,0.3026451060238508
1787023340965,0.0808,382798.8,0.0809,206244.0,0.08085,12.36858379715558,0.29973170031108093
1787023340971,0.0808,382730.1,0.0809,206244.0,0.08085,12.36858379715558,0.2996500185661814
1787023341247,0.0808,385275.0,0.0809,206244.0,0.08085,12.36858379715558,0.302663143533851
1787023341411,0.0808,385275.0,0.0809,115838.6,0.08085,12.36858379715558,0.5376752895950141
1787023341412,0.0808,385275.0,0.0809,115838.6,0.08085,12.36858379715558,0.5376752895950141
1787023341440,0.0808,387952.2,0.0809,115838.6,0.08085,12.36858379715558,0.5401321342112638
1787023341441,0.0808,387890.3,0.0809,115838.6,0.08085,12.36858379715558,0.5400756240112488
1787023341465,0.0808,385400.4,0.0809,115838.6,0.08085,12.36858379715558,0.5377909540159486
1787023341626,0.0808,385400.4,0.0809,184752.6,0.08085,12.36858379715558,0.35191922168260104
1787023341627,0.0808,385462.3,0.0809,184690.7,0.08085,12.36858379715558,0.3521363563815326
1787023341628,0.0808,385462.3,0.0809,184752.6,0.08085,12.36858379715558,0.3519895744569284
1787023341731,0.0808,388000.4,0.0809,184752.6,0.08085,12.36858379715558,0.3548611705220226
1787023341791,0.0808,388000.4,0.0809,115838.6,0.08085,12.36858379715558,0.5401761276915841
1787023341792,0.0808,388000.4,0.0809,115634.5,0.08085,12.36858379715558,0.5408002900513844
1787023341794,0.0808,388000.4,0.0809,115838.6,0.08085,12.36858379715558,0.5401761276915841
1787023341841,0.0808,387702.0,0.0809,115838.6,0.08085,12.36858379715558,0.5399036343841986
1787023341923,0.0808,387917.8,0.0809,115838.6,0.08085,12.36858379715558,0.5401007312264419
1787023341966,0.0808,387571.1,0.0809,115838.6,0.08085,12.36858379715558,0.5397839970107847
1787023342035,0.0808,387571.1,0.0809,181368.9,0.08085,12.36858379715558,0.3624322424157204
1787023342036,0.0808,387571.1,0.0809,181307.0,0.08085,12.36858379715558,0.36258048956358135
1787023342041,0.0808,387869.5,0.0809,181307.0,0.08085,12.36858379715558,0.3629146670672454
1787023342042,0.0808,388167.9,0.0809,181368.9,0.08085,12.36858379715558,0.36310032995234026
1787023342241,0.0808,387571.1,0.0809,181368.9,0.08085,12.36858379715558,0.3624322424157204
1787023342246,0.0808,390068.9,0.0809,181368.9,0.08085,12.36858379715558,0.3652191017115074
1787023342247,0.0808,390007.0,0.0809,181368.9,0.08085,12.36858379715558,0.36515033273191955
1787023342337,0.0808,390305.4,0.0809,181368.9,0.08085,12.36858379715558,0.3654817087282042
1787023342338,0.0808,390367.3,0.0809,181368.9,0.08085,12.36858379715558,0.36555040593896276
1787023342340,0.0808,390235.0,0.0809,181368.9,0.08085,12.36858379715558,0.3654035600526868
1787023342541,0.0808,390533.4,0.0809,181368.9,0.08085,12.36858379715558,0.3657346718136997
1787023342570,0.0808,390502.0,0.0809,181368.9,0.08085,12.36858379715558,0.36569984589179133
1787023342702,0.0808,390502.0,0.0809,115838.6,0.08085,12.36858379715558,0.5424479095691715
1787023342704,0.0808,390502.0,0.0809,115634.5,0.08085,12.36858379715558,0.5430699030795052
1787023342708,0.0808,390502.0,0.0809,115838.6,0.08085,12.36858379715558,0.5424479095691715
1787023342731,0.0808,392970.7,0.0809,115838.6,0.08085,12.36858379715558,0.5446679138922971
1787023342975,0.0808,392970.7,0.0809,185222.6,0.08085,12.36858379715558,0.3593056163051353
1787023342976,0.0808,392970.7,0.0809,185160.7,0.08085,12.36858379715558,0.3594511559136902
1787023343246,0.0808,395473.7,0.0809,185160.7,0.08085,12.36858379715558,0.36221243522602176
1787023343248,0.0808,395411.8,0.0809,185222.6,0.08085,12.36858379715558,0.36199922016332475
1787023343249,0.0808,395473.7,0.0809,185222.6,0.08085,12.36858379715558,0.3620672286012499
1787023343465,0.0808,392895.1,0.0809,185222.6,0.08085,12.36858379715558,0.3592218332010938
1787023343495,0.0808,392726.6,0.0809,185222.6,0.08085,12.36858379715558,0.3590350155342372
1787023343499,0.0808,392899.9,0.0809,185222.6,0.08085,12.36858379715558,0.3592271534147175
1787023343582,0.0808,392899.9,0.0809,115838.6,0.08085,12.36858379715558,0.5446045463435538
1787023343584,0.0808,392899.9,0.0809,115634.5,0.08085,12.36858379715558,0.5452244725233928
1787023343585,0.0808,392899.9,0.0809,115838.6,0.08085,12.36858379715558,0.5446045463435538
1787023343612,0.0808,392864.5,0.0809,115838.6,0.08085,12.36858379715558,0.5445728559546817
1787023343613,0.0808,393147.0,0.0809,115838.6,0.08085,12.36858379715558,0.5448256296445323
1787023343972,0.0808,390626.2,0.0809,115838.6,0.08085,12.36858379715558,0.5425601147404517
1787023344123,0.0808,390626.2,0.0809,122142.9,0.08085,12.36858379715558,0.5235949280095077
1787023344124,0.0808,390626.2,0.0809,134129.4,0.08085,12.36858379715558,0.48879287805599414
1787023344125,0.0808,390626.2,0.0809,128876.1,0.08085,12.36858379715558,0.5038478174206351
1787023344126,0.0808,390564.3,0.0809,128876.1,0.08085,12.36858379715558,0.5037886926007294
1787023344128,0.0808,390564.3,0.0809,115776.7,0.08085,12.36858379715558,0.5426927702872174
1787023344130,0.0808,390626.2,0.0809,115838.6,0.08085,12.36858379715558,0.5425601147404517
1787023344447,0.0808,390626.2,0.0809,186831.2,0.08085,12.36858379715558,0.3529178083093229
1787023344448,0.0808,390626.2,0.0809,186769.3,0.08085,12.36858379715558,0.35306284860204146
1787023344612,0.0808,390626.2,0.0809,186348.4,0.08085,12.36858379715558,0.3540499009835095
1787023344629,0.0808,390599.0,0.0809,186348.4,0.08085,12.36858379715558,0.354019447873411
1787023344676,0.0808,389055.0,0.0809,186348.4,0.08085,12.36858379715558,0.35228606574100885
1787023344893,0.0808,389055.0,0.0809,186769.3,0.08085,12.36858379715558,0.3512976093575766
1787023344895,0.0808,389055.0,0.0809,186831.2,0.08085,12.36858379715558,0.35115236308840186
1787023344965,0.0808,386531.9,0.0809,186831.2,0.08085,12.36858379715558,0.3482970913196192
1787023345100,0.0808,387280.7,0.0809,186831.2,0.08085,12.36858379715558,0.3491470913597157
1787023345264,0.0808,389872.2,0.0809,186831.2,0.08085,12.36858379715558,0.3520717928834822
1787023345389,0.0808,389606.3,0.0809,186831.2,0.08085,12.36858379715558,0.3517729155372438
1787023345465,0.0808,387094.6,0.0809,186831.2,0.08085,12.36858379715558,0.3489360471336189
1787023345583,0.0808,387094.6,0.0809,187191.0,0.08085,12.36858379715558,0.34809091504296813
1787023345746,0.0808,389628.5,0.0809,187191.0,0.08085,12.36858379715558,0.3509546747292697
1787023345747,0.0808,389566.6,0.0809,187191.0,0.08085,12.36858379715558,0.350885016513003
1787023345774,0.0808,389566.6,0.0809,116198.4,0.08085,12.36858379715558,0.5405043844473223
1787023345775,0.0808,389628.5,0.0809,116198.4,0.08085,12.36858379715558,0.5405606147083122
1787023345776,0.0808,401705.0,0.0809,116198.4,0.08085,12.36858379715558,0.5512738475939721
1787023345804,0.0808,401654.0,0.0809,116198.4,0.08085,12.36858379715558,0.5512296553998783
1787023345898,0.0808,400222.0,0.0809,116198.4,0.08085,12.36858379715558,0.5499852445798035
1787023345965,0.0808,397729.6,0.0809,116198.4,0.08085,12.36858379715558,0.5478028050621876
1787023345991,0.0808,399161.6,0.0809,116198.4,0.08085,12.36858379715558,0.5490592983545481
1787023345992,0.0808,399099.7,0.0809,116198.4,0.08085,12.36858379715558,0.5490051292640126
1787023346033,0.0808,399099.7,0.0809,111502.2,0.08085,12.36858379715558,0.5632519189607402
1787023346034,0.0808,399161.6,0.0809,111502.2,0.08085,12.36858379715558,0.5633048592831525
1787023346099,0.0808,399909.5,0.0809,111502.2,0.08085,12.36858379715558,0.5639434921023512
1787023346262,0.0808,402498.1,0.0809,111502.2,0.08085,12.36858379715558,0.5661395528368368
1787023346466,0.0808,399983.2,0.0809,111502.2,0.08085,12.36858379715558,0.5640063235431548
1787023346512,0.0808,399983.2,0.0809,111570.1,0.08085,12.36858379715558,0.5637987283045578
1787023346657,0.0808,399761.0,0.0809,111570.1,0.08085,12.36858379715558,0.5636091761287354
1787023346731,0.0808,402299.6,0.0809,111570.1,0.08085,12.36858379715558,0.5657650178634779
1787023346732,0.0808,402237.7,0.0809,111570.1,0.08085,12.36858379715558,0.565712704244661
1787023346801,0.0808,402237.7,0.0809,66566.9,0.08085,12.36858379715558,0.7160143053203831
1787023346802,0.0808,402299.6,0.0809,49476.2,0.08085,12.36858379715558,0.7809701183640203
1787023346808,0.0808,402299.6,0.0809,46677.7,0.08085,12.36858379715558,0.7920710022533433
1787023346829,0.0808,402237.9,0.0809,46677.7,0.08085,12.36858379715558,0.7920424240102149
1787023346841,0.0808,402553.0,0.0809,46677.7,0.08085,12.36858379715558,0.7921882898920309
1787023346862,0.0808,402771.3,0.0809,46677.7,0.08085,12.36858379715558,0.7922892252513632
1787023346943,0.0808,402771.3,0.0809,46486.9,0.08085,12.36858379715558,0.7930504106547192
1787023347098,0.0808,403518.2,0.0809,46486.9,0.08085,12.36858379715558,0.7933938970913884
1787023347260,0.0808,403299.9,0.0809,46486.9,0.08085,12.36858379715558,0.7932936226674504
1787023347265,0.0808,405822.9,0.0809,46486.9,0.08085,12.36858379715558,0.7944466381228087
1787023347465,0.0808,403295.7,0.0809,46486.9,0.08085,12.36858379715558,0.7932916924754314
1787023347731,0.0808,405799.3,0.0809,46486.9,0.08085,12.36858379715558,0.7944359124819638
1787023347762,0.0808,406541.8,0.0809,46486.9,0.08085,12.36858379715558,0.7947728256510017
1787023347763,0.0808,406479.9,0.0809,46486.9,0.08085,12.36858379715558,0.7947447804121626
1787023347796,0.0808,406356.3,0.0809,46486.9,0.08085,12.36858379715558,0.7946887576096979
1787023347942,0.0808,406306.2,0.0809,46486.9,0.08085,12.36858379715558,0.7946660406265024
1787023347965,0.0808,403766.5,0.0809,46486.9,0.08085,12.36858379715558,0.793507833588819
1787023348092,0.0808,403766.5,0.0809,46127.1,0.08085,12.36858379715558,0.7949421818847835
1787023348098,0.0808,403019.6,0.0809,47619.3,0.08085,12.36858379715558,0.7886587243134138
1787023348099,0.0808,402332.7,0.0809,48365.4,0.08085,12.36858379715558,0.7853756206205439
1787023348100,0.0808,401584.8,0.0809,48303.5,0.08085,12.36858379715558,0.7852644756487333
1787023348101,0.0808,401584.8,0.0809,48663.4,0.08085,12.36858379715558,0.7838374478787477
1787023348102,0.0808,401584.8,0.0809,48725.3,0.08085,12.36858379715558,0.7835922401029869
1787023348157,0.0808,401345.0,0.0809,48725.3,0.08085,12.36858379715558,0.7834769368252027
1787023348226,0.0808,401051.5,0.0809,48725.3,0.08085,12.36858379715558,0.7833356455913244
1787023348227,0.0808,401051.5,0.0809,93728.5,0.08085,12.36858379715558,0.6211306035005457
1787023348228,0.0808,401051.5,0.0809,93462.5,0.08085,12.36858379715558,0.6220026126661733
1787023348230,0.0808,401051.5,0.0809,93666.6,0.08085,12.36858379715558,0.6213334422168909
1787023348231,0.0808,401051.5,0.0809,93728.5,0.08085,12.36858379715558,0.6211306035005457
1787023348246,0.0808,403573.4,0.0809,93728.5,0.08085,12.36858379715558,0.6230519127314816
1787023348285,0.0808,405376.7,0.0809,93728.5,0.08085,12.36858379715558,0.6244138510277993
1787023348286,0.0808,405314.8,0.0809,93728.5,0.08085,12.36858379715558,0.6243672643235567
1787023348438,0.0808,405537.3,0.0809,93728.5,0.08085,12.36858379715558,0.624534666704589
1787023348439,0.0808,405599.2,0.0809,93728.5,0.08085,12.36858379715558,0.6245812118975174
1787023348465,0.0808,403055.9,0.0809,93728.5,0.08085,12.36858379715558,0.6226592461438
1787023348731,0.0808,405625.1,0.0809,93728.5,0.08085,12.36858379715558,0.62460068376397
1787023348843,0.0808,405810.7,0.0809,93728.5,0.08085,12.36858379715558,0.6247401605319463
1787023348965,0.0808,403298.7,0.0809,93728.5,0.08085,12.36858379715558,0.6228435787820064
1787023349157,0.0808,403062.3,0.0809,93728.5,0.08085,12.36858379715558,0.6226641073063349
1787023349185,0.0808,403009.9,0.0809,93728.5,0.08085,12.36858379715558,0.6226243028523666
1787023349199,0.0808,402824.3,0.0809,93728.5,0.08085,12.36858379715558,0.6224832485085171
1787023349247,0.0808,405353.3,0.0809,93728.5,0.08085,12.36858379715558,0.6243962412574452
1787023349296,0.0808,405476.9,0.0809,93728.5,0.08085,12.36858379715558,0.6244892382975024
1787023349464,0.0808,407180.9,0.0809,93728.5,0.08085,12.36858379715558,0.6257666556067824
1787023349466,0.0808,404636.0,0.0809,93728.5,0.08085,12.36858379715558,0.6238556317715247
1787023349558,0.0808,404636.0,0.0809,63272.1,0.08085,12.36858379715558,0.7295533033089191
1787023349560,0.0808,404636.0,0.0809,55855.8,0.08085,12.36858379715558,0.7574080580805131
1787023349561,0.0808,404636.0,0.0809,10852.6,0.08085,12.36858379715558,0.9477598181995849
1787023349629,0.0808,404636.0,0.0809,3750.5,0.08085,12.36858379715558,0.9816325955926555
1787023349680,0.0808,404636.0,0.0809,5139.2,0.08085,12.36858379715558,0.974916978870366
1787023349681,0.0808,404636.0,0.0809,5077.3,0.08085,12.36858379715558,0.9752153518082035
1787023349746,0.0808,407177.5,0.0809,5077.3,0.08085,12.36858379715558,0.9753681461076985
1787023349747,0.0808,407115.6,0.0809,5139.2,0.08085,12.36858379715558,0.9750678463901451
1787023349748,0.0808,407177.5,0.0809,5139.2,0.08085,12.36858379715558,0.9750715893874781
1787023349798,0.0808,407660.5,0.0809,5139.2,0.08085,12.36858379715558,0.9751007570984184
1787023349799,0.0808,407536.9,0.0809,5077.3,0.08085,12.36858379715558,0.9753896012303989
1787023349918,0.0808,407536.9,0.0809,5199.8,0.08085,12.36858379715558,0.9748033068055252
1787023349919,0.0808,407536.9,0.0809,5261.7,0.08085,12.36858379715558,0.9745071809836564
1787023349938,0.0808,407777.1,0.0809,5261.7,0.08085,12.36858379715558,0.9745220061650381
1787023349940,0.0808,407777.1,0.0809,5199.8,0.08085,12.36858379715558,0.9748179619731758
1787023349965,0.0808,405239.0,0.0809,5199.8,0.08085,12.36858379715558,0.9746622395348589
1787023349970,0.0808,387724.5,0.0809,5199.8,0.08085,12.36858379715558,0.9735328153540008
1787023349985,0.0808,423558.6,0.0809,5199.8,0.08085,12.36858379715558,0.9757448483808131
1787023349986,0.0808,423496.7,0.0809,5261.7,0.08085,12.36858379715558,0.9754561076820885
1787023349987,0.0808,423558.6,0.0809,5261.7,0.08085,12.36858379715558,0.9754596505809077
1787023350045,0.0808,423558.6,0.0809,5366.9,0.08085,12.36858379715558,0.9749751413707042
1787023350047,0.0808,423558.6,0.0809,5305.0,0.08085,12.36858379715558,0.9752601992801441
1787023350097,0.0808,423558.6,0.0809,3812.8,0.08085,12.36858379715558,0.9821569716644587
1787023350098,0.0808,423558.6,0.0809,3066.7,0.08085,12.36858379715558,0.9856234498985409
1787023350099,0.0808,423558.6,0.0809,2862.6,0.08085,12.36858379715558,0.9865738382613248
1787023350100,0.0808,423558.6,0.0809,3066.7,0.08085,12.36858379715558,0.9856234498985409
1787023350101,0.0808,423558.6,0.0809,3128.6,0.08085,12.36858379715558,0.9853353932342007
1787023350185,0.0808,423342.8,0.0809,3128.6,0.08085,12.36858379715558,0.9853279727550313
1787023350215,0.0808,423281.9,0.0809,3128.6,0.08085,12.36858379715558,0.9853258772942975
1787023350247,0.0808,425825.6,0.0809,3128.6,0.08085,12.36858379715558,0.9854128948964715
1787023350248,0.0808,425825.6,0.0809,3066.7,0.08085,12.36858379715558,0.9856994401624837
1787023350465,0.0808,423327.8,0.0809,3066.7,0.08085,12.36858379715558,0.9856156681195465
1787023350746,0.0808,425840.1,0.0809,3066.7,0.08085,12.36858379715558,0.98569992361977
1787023350747,0.0808,425840.1,0.0809,3128.6,0.08085,12.36858379715558,0.9854133879697984
1787023350796,0.0808,425963.7,0.0809,3128.6,0.08085,12.36858379715558,0.9854175896421353
1787023350797,0.0808,425963.7,0.0809,3066.7,0.08085,12.36858379715558,0.9857040433498419
1787023350938,0.0808,426200.2,0.0809,3066.7,0.08085,12.36858379715558,0.9857119195540117
1787023350940,0.0808,426200.2,0.0809,3128.6,0.08085,12.36858379715558,0.9854256225065732
1787023350981,0.0808,423731.5,0.0809,3128.6,0.08085,12.36858379715558,0.9853413331440443
1787023351097,0.0808,423731.5,0.0809,3877.2,0.08085,12.36858379715558,0.981865663631259
1787023351098,0.0808,423731.5,0.0809,5374.4,0.08085,12.36858379715558,0.9749507056416609
1787023351099,0.0808,423731.5,0.0809,5312.5,0.08085,12.36858379715558,0.975235640167442
1787023351247,0.0808,426276.0,0.0809,5312.5,0.08085,12.36858379715558,0.975381642467304
1787023351248,0.0808,426214.1,0.0809,5374.4,0.08085,12.36858379715558,0.9750947951578876
1787023351249,0.0808,426276.0,0.0809,5374.4,0.08085,12.36858379715558,0.9750983666411521
1787023351300,0.0808,426780.5,0.0809,5374.4,0.08085,12.36858379715558,0.9751274369444843
1787023351301,0.0808,426780.5,0.0809,5312.5,0.08085,12.36858379715558,0.97541038619001
1787023351367,0.0808,426739.7,0.0809,5312.5,0.08085,12.36858379715558,0.9754080641181783
1787023351465,0.0808,424236.7,0.0809,5312.5,0.08085,12.36858379715558,0.9752647659453213
1787023351519,0.0808,424236.7,0.0809,8372.8,0.08085,12.36858379715558,0.9612916498597466
1787023351520,0.0808,424236.7,0.0809,8230.6,0.08085,12.36858379715558,0.9619365441040283
1787023351522,0.0808,424236.7,0.0809,8434.7,0.08085,12.36858379715558,0.9610110582765581
1787023351545,0.0808,424236.7,0.0809,8507.7,0.08085,12.36858379715558,0.9606802537479399
1787023351546,0.0808,424236.7,0.0809,8445.8,0.08085,12.36858379715558,0.960960750665904
1787023351746,0.0808,426774.4,0.0809,8445.8,0.08085,12.36858379715558,0.9611883823407095
1787023351748,0.0808,426774.4,0.0809,8507.7,0.08085,12.36858379715558,0.9609094883524959
1787023351954,0.0808,426990.4,0.0809,8507.7,0.08085,12.36858379715558,0.9609288766127797
1787023352181,0.0808,426126.4,0.0809,8507.7,0.08085,12.36858379715558,0.9608512079470984
1787023352248,0.0808,428622.0,0.0809,8507.7,0.08085,12.36858379715558,0.9610747107780596
1787023352249,0.0808,428560.1,0.0809,8507.7,0.08085,12.36858379715558,0.9610691979596757
1787023352296,0.0808,428436.5,0.0809,8507.7,0.08085,12.36858379715558,0.9610581854616675
1787023352378,0.0808,428436.5,0.0809,8426.2,0.08085,12.36858379715558,0.9614240355150485
1787023352581,0.0808,428436.5,0.0809,8005.3,0.08085,12.36858379715558,0.9633156127575315
1787023352748,0.0808,430903.1,0.0809,8005.3,0.08085,12.36858379715558,0.9635217735636867
1787023352749,0.0808,430965.0,0.0809,8005.3,0.08085,12.36858379715558,0.9635269174247096
1787023352777,0.0808,430916.1,0.0809,8005.3,0.08085,12.36858379715558,0.963522853977956
1787023352795,0.0808,430495.2,0.0809,8005.3,0.08085,12.36858379715558,0.9634878409488701
1787023353248,0.0808,432992.9,0.0809,8005.3,0.08085,12.36858379715558,0.9636946363953414
1787023353465,0.0808,430401.4,0.0809,8005.3,0.08085,12.36858379715558,0.9634800289320397
1787023353489,0.0808,430288.5,0.0809,8005.3,0.08085,12.36858379715558,0.9634706217610197
1787023353801,0.0808,430412.1,0.0809,8005.3,0.08085,12.36858379715558,0.9634809202371987
1787023353965,0.0808,427878.2,0.0809,8005.3,0.08085,12.36858379715558,0.9632686256763562
1787023353980,0.0808,427135.7,0.0809,8005.3,0.08085,12.36858379715558,0.9632059493359624
1787023354466,0.0808,424547.1,0.0809,8005.3,0.08085,12.36858379715558,0.9629857561765928
1787023354495,0.0808,424516.1,0.0809,8005.3,0.08085,12.36858379715558,0.9629831032637923
1787023354966,0.0808,421977.5,0.0809,8005.3,0.08085,12.36858379715558,0.9627645570939117
1787023355043,0.0808,421977.5,0.0809,7900.1,0.08085,12.36858379715558,0.9632448864513993
1787023355098,0.0808,421977.5,0.0809,5654.3,0.08085,12.36858379715558,0.973555287516036
1787023355166,0.0808,422720.0,0.0809,5654.3,0.08085,12.36858379715558,0.9736011240636986
1787023355247,0.0808,425300.7,0.0809,5654.3,0.08085,12.36858379715558,0.9737592091981762
1787023355249,0.0808,425238.8,0.0809,5654.3,0.08085,12.36858379715558,0.973755439574224
1787023355465,0.0808,422715.8,0.0809,5654.3,0.08085,12.36858379715558,0.9736008652331244
1787023355567,0.0808,422901.4,0.0809,5654.3,0.08085,12.36858379715558,0.9736122982380121
1787023355568,0.0808,422963.3,0.0809,5654.3,0.08085,12.36858379715558,0.9736161090911807
1787023355596,0.0808,422900.9,0.0809,5654.3,0.08085,12.36858379715558,0.9736122674511942
1787023355746,0.0808,425423.6,0.0809,5654.3,0.08085,12.36858379715558,0.9737666904288066
1787023355981,0.0808,422920.0,0.0809,5654.3,0.08085,12.36858379715558,0.9736134434565955
1787023356015,0.0808,421488.0,0.0809,5654.3,0.08085,12.36858379715558,0.9735249821897761
1787023356108,0.0808,422920.0,0.0809,5654.3,0.08085,12.36858379715558,0.9736134434565955
1787023356247,0.0808,425499.6,0.0809,5654.3,0.08085,12.36858379715558,0.9737713146048315
1787023356248,0.0808,425437.7,0.0809,5654.3,0.08085,12.36858379715558,0.9737675484583338
1787023356465,0.0808,422915.8,0.0809,5654.3,0.08085,12.36858379715558,0.9736131848675398
1787023356507,0.0808,422826.1,0.0809,5654.3,0.08085,12.36858379715558,0.9736076609338491
1787023356657,0.0808,422603.6,0.0809,5654.3,0.08085,12.36858379715558,0.9735939488798689
1787023356731,0.0808,425133.6,0.0809,5654.3,0.08085,12.36858379715558,0.973749030555408
1787023356733,0.0808,425195.5,0.0809,5654.3,0.08085,12.36858379715558,0.973752802020565
1787023356792,0.0808,425313.6,0.0809,5654.3,0.08085,12.36858379715558,0.9737599946538942
1787023356794,0.0809,83858.8,0.081,543448.5,0.08095,12.3533045089565,-0.7326388518035738
1787023356795,0.0809,138425.9,0.081,385655.7,0.08095,12.3533045089565,-0.47173913375321713
1787023356796,0.0809,160384.8,0.081,313899.8,0.08095,12.3533045089565,-0.3236769652651594
1787023356797,0.0809,161555.8,0.081,314822.4,0.08095,12.3533045089565,-0.32173302640633017
1787023356798,0.0809,161555.8,0.081,302745.9,0.08095,12.3533045089565,-0.304091283749338
1787023356801,0.0809,161555.8,0.081,302807.7,0.08095,12.3533045089565,-0.3041838990359923
1787023356805,0.0809,161511.8,0.081,302682.8,0.08095,12.3533045089565,-0.3041202978233698
1787023356806,0.0809,162111.8,0.081,302682.8,0.08095,12.3533045089565,-0.3024368183279238
1787023356815,0.0809,162288.5,0.081,302682.8,0.08095,12.3533045089565,-0.3019418617880286
1787023356820,0.0809,162288.5,0.081,298049.8,0.08095,12.3533045089565,-0.2949163691137583
1787023356830,0.0809,162437.1,0.081,297924.8,0.08095,12.3533045089565,-0.29430693547837034
1787023356831,0.0809,162437.1,0.081,297139.3,0.08095,12.3533045089565,-0.29310077715043675
1787023356834,0.0809,161665.6,0.081,297139.3,0.08095,12.3533045089565,-0.29527518123716634
1787023356838,0.0809,161665.6,0.081,297014.3,0.08095,12.3533045089565,-0.29508312877891524
1787023356843,0.0809,161065.6,0.081,297014.3,0.08095,12.3533045089565,-0.2967794483014862
1787023356846,0.0809,161065.6,0.081,286101.8,0.08095,12.3533045089565,-0.27961832638067974
1787023356848,0.0809,161065.6,0.081,296889.3,0.08095,12.3533045089565,-0.2965875023937946
1787023356855,0.0809,161065.6,0.081,286101.8,0.08095,12.3533045089565,-0.27961832638067974
1787023356857,0.0809,161065.6,0.081,296764.3,0.08095,12.3533045089565,-0.2963954516732087
1787023356875,0.0809,161269.5,0.081,296968.2,0.08095,12.3533045089565,-0.2961316801302032
1787023356876,0.0809,144527.7,0.081,296968.2,0.08095,12.3533045089565,-0.3452818021639612
1787023356877,0.0809,144527.7,0.081,309044.7,0.08095,12.3533045089565,-0.36271386883328877
1787023356921,0.0809,144527.7,0.081,298382.2,0.08095,12.3533045089565,-0.34737200500598425
1787023356923,0.0809,144527.7,0.081,308919.7,0.08095,12.3533045089565,-0.36253819075817834
1787023356969,0.0809,145127.7,0.081,308919.7,0.08095,12.3533045089565,-0.36073766747700786
1787023356971,0.0809,144527.7,0.081,308919.7,0.08095,12.3533045089565,-0.36253819075817834
1787023356981,0.0809,144527.7,0.081,307473.0,0.08095,12.3533045089565,-0.3604978930342364
1787023356982,0.0809,144527.7,0.081,307473.0,0.08095,12.3533045089565,-0.3604978930342364
1787023356992,0.0809,145127.7,0.081,307473.0,0.08095,12.3533045089565,-0.35869431929734086
1787023356999,0.0809,145127.7,0.081,312106.0,0.08095,12.3533045089565,-0.36519246066070804
1787023357017,0.0809,144527.7,0.081,312106.0,0.08095,12.3533045089565,-0.3669862736806328
1787023357092,0.0809,145127.7,0.081,312106.0,0.08095,12.3533045089565,-0.36519246066070804
1787023357100,0.0809,146615.9,0.081,312106.0,0.08095,12.3533045089565,-0.36076346038852736
1787023357175,0.0809,162738.0,0.081,312106.0,0.08095,12.3533045089565,-0.31456225623573214
1787023357231,0.0809,162738.0,0.081,301568.5,0.08095,12.3533045089565,-0.2990061521861098
1787023357234,0.0809,162738.0,0.081,311981.0,0.08095,12.3533045089565,-0.3143817711109098
1787023357377,0.0809,162738.0,0.081,301568.5,0.08095,12.3533045089565,-0.2990061521861098
1787023357380,0.0809,162738.0,0.081,311856.0,0.08095,12.3533045089565,-0.31420119091265375
1787023357382,0.0809,162799.9,0.081,311917.9,0.08095,12.3533045089565,-0.3141192514795106
1787023357698,0.0809,181182.0,0.081,311917.9,0.08095,12.3533045089565,-0.2651306560800357
1787023357699,0.0809,181120.1,0.081,311917.9,0.08095,12.3533045089565,-0.26528949087088627
1787023357796,0.0809,181120.1,0.081,314625.9,0.08095,12.3533045089565,-0.26930282846457665
1787023357797,0.0809,181182.0,0.081,314625.9,0.08095,12.3533045089565,-0.2691443601443221
1787023357835,0.0809,181182.0,0.081,315393.6,0.08095,12.3533045089565,-0.27027425431293844
1787023357836,0.0809,181182.0,0.081,315331.7,0.08095,12.3533045089565,-0.2701832799376936
1787023358023,0.0809,181155.9,0.081,315331.7,0.08095,12.3533045089565,-0.2702500525692888
1787023358046,0.0809,181155.9,0.081,312623.7,0.08095,12.3533045089565,-0.26624793733884516
1787023358098,0.0809,179667.7,0.081,314853.3,0.08095,12.3533045089565,-0.27336675287803747
1787023358100,0.0809,179667.7,0.081,314915.2,0.08095,12.3533045089565,-0.27345769536310294
1787023358298,0.0809,179667.7,0.081,315038.7,0.08095,12.3533045089565,-0.2736390715786171
1787023358399,0.0809,179667.7,0.081,315227.6,0.08095,12.3533045089565,-0.273916321290584
1787023358585,0.0809,163545.6,0.081,315227.6,0.08095,12.3533045089565,-0.31681389016762007
1787023358799,0.0809,163545.6,0.081,315104.1,0.08095,12.3533045089565,-0.3166376161940559
1787023358931,0.0809,163503.9,0.081,315104.1,0.08095,12.3533045089565,-0.3167523317621101
1787023358932,0.0809,162903.9,0.081,315104.1,0.08095,12.3533045089565,-0.3184051312948737
1787023359004,0.0809,179822.0,0.081,315104.1,0.08095,12.3533045089565,-0.2733379791447652
1787023359005,0.0809,179760.1,0.081,315104.1,0.08095,12.3533045089565,-0.2734972543982773
1787023359100,0.0809,179760.1,0.081,312874.5,0.08095,12.3533045089565,-0.2702091976487238
1787023359296,0.0809,179760.1,0.081,312998.0,0.08095,12.3533045089565,-0.2703921051729033
1787023359297,0.0809,179822.0,0.081,312998.0,0.08095,12.3533045089565,-0.27023253926382856
1787023359592,0.0809,180180.7,0.081,312998.0,0.08095,12.3533045089565,-0.26930867046772294
1787023359731,0.0809,182295.0,0.081,312998.0,0.08095,12.3533045089565,-0.2638902629352727
1787023359732,0.0809,182233.1,0.081,312998.0,0.08095,12.3533045089565,-0.2640482392967647
1787023359769,0.0809,182233.1,0.081,304870.0,0.08095,12.3533045089565,-0.25176784955792725
1787023359770,0.0809,182895.0,0.081,304870.0,0.08095,12.3533045089565,-0.2500691931565405
1787023359845,0.0809,182895.0,0.081,304745.0,0.08095,12.3533045089565,-0.24987695841194324
1787023359873,0.0809,182859.9,0.081,304745.0,0.08095,12.3533045089565,-0.24996693019286723
1787023359948,0.0809,165941.8,0.081,304745.0,0.08095,12.3533045089565,-0.2948950342350795
1787023359949,0.0809,165341.8,0.081,304745.0,0.08095,12.3533045089565,-0.2965477864938986
1787023360099,0.0809,165341.8,0.081,306228.0,0.08095,12.3533045089565,-0.2987600138940195
1787023360100,0.0809,165341.8,0.081,306599.1,0.08095,12.3533045089565,-0.29931141801865446
1787023360101,0.0809,165941.8,0.081,306599.1,0.08095,12.3533045089565,-0.29766164156372493
1787023360103,0.0809,168414.0,0.081,306599.1,0.08095,12.3533045089565,-0.29090797706421145
1787023360104,0.0809,168352.1,0.081,306599.1,0.08095,12.3533045089565,-0.2910762200411326
1787023360181,0.0809,168352.1,0.081,317133.2,0.08095,12.3533045089565,-0.3064585065706418
1787023360182,0.0809,168414.0,0.081,317071.3,0.08095,12.3533045089565,-0.3062035039989882
1787023360184,0.0809,168414.0,0.081,317133.2,0.08095,12.3533045089565,-0.3062919526670116
1787023360226,0.0809,168414.0,0.081,317503.6,0.08095,12.3533045089565,-0.30682074491642203
1787023360247,0.0809,170541.0,0.081,317503.6,0.08095,12.3533045089565,-0.3011253479702469
1787023360248,0.0809,170479.1,0.081,317503.6,0.08095,12.3533045089565,-0.30129039410618447
1787023360381,0.0809,170479.1,0.081,306969.5,0.08095,12.3533045089565,-0.285874542306753
1787023360418,0.0809,170479.1,0.081,308652.6,0.08095,12.3533045089565,-0.28838313140207583
1787023360420,0.0809,170541.0,0.081,308652.6,0.08095,12.3533045089565,-0.2882167040628255
1787023360480,0.0809,185742.2,0.081,308652.6,0.08095,12.3533045089565,-0.24860779280040965
1787023360481,0.0809,185680.3,0.081,308652.6,0.08095,12.3533045089565,-0.24876414254442705
1787023360759,0.0809,187785.2,0.081,308652.6,0.08095,12.3533045089565,-0.2434693732024434
1787023360760,0.0809,187847.1,0.081,308652.6,0.08095,12.3533045089565,-0.24331434641350233
1787023360931,0.0809,187802.3,0.081,308652.6,0.08095,12.3533045089565,-0.24342654287428728
1787023361098,0.0809,187802.3,0.081,307911.1,0.08095,12.3533045089565,-0.24229484214064012
1787023361099,0.0809,187802.3,0.081,306428.1,0.08095,12.3533045089565,-0.2400212532454499
1787023361138,0.0809,187701.4,0.081,306428.1,0.08095,12.3533045089565,-0.24027446246378728
1787023361198,0.0809,187701.4,0.081,306496.0,0.08095,12.3533045089565,-0.2403788445669686
1787023361247,0.0809,189814.0,0.081,306496.0,0.08095,12.3533045089565,-0.2350990308476557
1787023361248,0.0809,189752.1,0.081,306496.0,0.08095,12.3533045089565,-0.23525309215289691
1787023361731,0.0809,191863.4,0.081,306496.0,0.08095,12.3533045089565,-0.2300199414318261
1787023361732,0.0809,191925.3,0.081,306496.0,0.08095,12.3533045089565,-0.22986718264247538
1787023361779,0.0809,191925.3,0.081,306218.2,0.08095,12.3533045089565,-0.22943770218822493
1787023361796,0.0809,191925.3,0.081,306094.7,0.08095,12.3533045089565,-0.22924661660174295
1787023361888,0.0809,191861.0,0.081,306094.7,0.08095,12.3533045089565,-0.22940534670051976
1787023362092,0.0809,193674.2,0.081,306094.7,0.08095,12.3533045089565,-0.2249449695649329
1787023362143,0.0809,193674.2,0.081,305969.7,0.08095,12.3533045089565,-0.22475106771042336
1787023362316,0.0809,193674.2,0.081,305844.7,0.08095,12.3533045089565,-0.22455706881161053
1787023362327,0.0809,193674.2,0.081,305719.7,0.08095,12.3533045089565,-0.22436297279562284
1787023362334,0.0809,193674.2,0.081,305594.7,0.08095,12.3533045089565,-0.22416877958951578
1787023362343,0.0809,193674.2,0.081,296210.0,0.08095,12.3533045089565,-0.20930619930179414
1787023362346,0.0809,193674.2,0.081,305469.7,0.08095,12.3533045089565,-0.2239744891202717
1787023362523,0.0809,195074.2,0.081,305469.7,0.08095,12.3533045089565,-0.220551084530248
1787023362529,0.0809,195012.3,0.081,296210.0,0.08095,12.3533045089565,-0.20601202347694722
1787023362531,0.0809,195012.3,0.081,305344.7,0.08095,12.3533045089565,-0.220507357746569
1787023362533,0.0809,195074.2,0.081,305344.7,0.08095,12.3533045089565,-0.22035638542029487
1787023362587,0.0809,195074.2,0.081,296210.0,0.08095,12.3533045089565,-0.2058600704032411
1787023362591,0.0809,195074.2,0.081,305219.7,0.08095,12.3533045089565,-0.22016158901797522
1787023362601,0.0809,195074.2,0.081,295839.6,0.08095,12.3533045089565,-0.20526088286782723
1787023362602,0.0809,195074.2,0.081,295777.8,0.08095,12.3533045089565,-0.20516082240675393
1787023362603,0.0809,210554.1,0.081,295777.8,0.08095,12.3533045089565,-0.16831588134186287
1787023362605,0.0809,210492.2,0.081,295839.6,0.08095,12.3533045089565,-0.16856022078802865
1787023362607,0.0809,210554.1,0.081,295839.6,0.08095,12.3533045089565,-0.1684173796001016
1787023362637,0.0809,210554.1,0.081,295485.6,0.08095,12.3533045089565,-0.1678356460965414
1787023362778,0.0809,212648.2,0.081,295485.6,0.08095,12.3533045089565,-0.16302281013386624
1787023362779,0.0809,212586.3,0.081,295485.6,0.08095,12.3533045089565,-0.1631645048663388
1787023362780,0.0809,212382.4,0.081,295485.6,0.08095,12.3533045089565,-0.16363149479786082
1787023362781,0.0809,212586.3,0.081,295485.6,0.08095,12.3533045089565,-0.1631645048663388
1787023362782,0.0809,212648.2,0.081,295485.6,0.08095,12.3533045089565,-0.16302281013386624
1787023362833,0.0809,212648.2,0.081,294717.9,0.08095,12.3533045089565,-0.1617563727651493
1787023362856,0.0809,212613.5,0.081,294717.9,0.08095,12.3533045089565,-0.16183583353997016
1787023362862,0.0809,212613.5,0.081,294499.2,0.08095,12.3533045089565,-0.16147436260223813
1787023363101,0.0809,213352.4,0.081,294499.2,0.08095,12.3533045089565,-0.15978447247187963
1787023363136,0.0809,221970.1,0.081,294499.2,0.08095,12.3533045089565,-0.1404325484593179
1787023363137,0.0809,221908.2,0.081,294499.2,0.08095,12.3533045089565,-0.1405692482330811
1787023363164,0.0809,221908.2,0.081,294296.0,0.08095,12.3533045089565,-0.14023093961653157
1787023363180,0.0809,221908.2,0.081,299605.0,0.08095,12.3533045089565,-0.14898338143694156
1787023363181,0.0809,221970.1,0.081,300468.9,0.08095,12.3533045089565,-0.15025447947033055
1787023363182,0.0809,221970.1,0.081,300530.8,0.08095,12.3533045089565,-0.15035514771362113
1787023363184,0.0809,221970.1,0.081,300592.6,0.08095,12.3533045089565,-0.15045562953498207
1787023363208,0.0809,213352.4,0.081,300592.6,0.08095,12.3533045089565,-0.16974617906585332
1787023363263,0.0809,215420.5,0.081,300592.6,0.08095,12.3533045089565,-0.16505801887587734
1787023363352,0.0809,215420.5,0.081,309227.3,0.08095,12.3533045089565,-0.1787995680149616
1787023363353,0.0809,215420.5,0.081,309165.4,0.08095,12.3533045089565,-0.17870266814262453
1787023363401,0.0809,215420.5,0.081,308976.5,0.08095,12.3533045089565,-0.178406817735418
1787023363550,0.0809,215420.5,0.081,309346.9,0.08095,12.3533045089565,-0.17898672821520548
1787023363551,0.0809,215420.5,0.081,309408.8,0.08095,12.3533045089565,-0.17908356107404824
1787023363832,0.0809,215420.5,0.081,309840.4,0.08095,12.3533045089565,-0.1797580973569516
1787023363924,0.0809,215420.5,0.081,309503.9,0.08095,12.3533045089565,-0.17923228563960833
1787023363953,0.0809,215371.1,0.081,309503.9,0.08095,12.3533045089565,-0.17934327220766852
1787023364041,0.0809,215742.0,0.081,309503.9,0.08095,12.3533045089565,-0.178510484327436
1787023364042,0.0809,215680.1,0.081,309503.9,0.08095,12.3533045089565,-0.17864938764318794
1787023364099,0.0809,216418.2,0.081,309503.9,0.08095,12.3533045089565,-0.17699522419765207
1787023364100,0.0809,216480.1,0.081,309503.9,0.08095,12.3533045089565,-0.1768567104702805
1787023364153,0.0809,216480.1,0.081,303207.3,0.08095,12.3533045089565,-0.1668833995205579
1787023364154,0.0809,216480.1,0.081,302836.9,0.08095,12.3533045089565,-0.16628918367779222
1787023364155,0.0809,216480.1,0.081,294202.2,0.08095,12.3533045089565,-0.15219266459793104
1787023364301,0.0809,216603.6,0.081,294202.2,0.08095,12.3533045089565,-0.1519140933795192
1787023364796,0.0809,216480.1,0.081,294202.2,0.08095,12.3533045089565,-0.15219266459793104
1787023364831,0.0809,216480.1,0.081,293770.6,0.08095,12.3533045089565,-0.151475539377016
1787023364907,0.0809,225097.8,0.081,293770.6,0.08095,12.3533045089565,-0.13235109326372543
1787023364908,0.0809,225035.9,0.081,293770.6,0.08095,12.3533045089565,-0.13248619668412015
1787023364929,0.0809,225011.6,0.081,293770.6,0.08095,12.3533045089565,-0.1325392428653103
1787023365257,0.0809,227147.1,0.081,293770.6,0.08095,12.3533045089565,-0.1278964028290841
1787023365258,0.0809,227209.0,0.081,293770.6,0.08095,12.3533045089565,-0.1277623922318647
1787023365265,0.0809,253355.4,0.081,293770.6,0.08095,12.3533045089565,-0.07386817661745189
1787023365267,0.0809,253293.5,0.081,293770.6,0.08095,12.3533045089565,-0.07398968420702433
1787023365294,0.0809,250821.3,0.081,293770.6,0.08095,12.3533045089565,-0.07886510981893047
1787023365596,0.0809,250821.3,0.081,293108.4,0.08095,12.3533045089565,-0.07774368636241051
1787023365672,0.0809,250821.3,0.081,293046.6,0.08095,12.3533045089565,-0.07763888988484151
1787023365729,0.0809,250821.3,0.081,297800.0,0.08095,12.3533045089565,-0.08563047041738993
1787023365730,0.0809,250883.2,0.081,297738.1,0.08095,12.3533045089565,-0.08540481384882424
1787023365731,0.0809,250883.2,0.081,307602.9,0.08095,12.3533045089565,-0.10155973443206555
1787023365797,0.0809,250883.2,0.081,307726.4,0.08095,12.3533045089565,-0.10175836577101433
1787023365798,0.0809,250883.2,0.081,307664.5,0.08095,12.3533045089565,-0.10165881982863773
1787023365807,0.0809,242265.5,0.081,307664.5,0.08095,12.3533045089565,-0.11892240830651174
1787023365834,0.0809,242265.5,0.081,308398.4,0.08095,12.3533045089565,-0.12009666876655618
1787023365835,0.0809,242265.5,0.081,308460.3,0.08095,12.3533045089565,-0.12019556737672356
1787023365843,0.0809,227064.3,0.081,308460.3,0.08095,12.3533045089565,-0.15199301768770287
1787023365862,0.0809,227064.3,0.081,308601.7,0.08095,12.3533045089565,-0.15221686648023214
1787023365921,0.0809,227064.3,0.081,308968.6,0.08095,12.3533045089565,-0.15279715107039138
1787023365941,0.0809,227064.3,0.081,309322.6,0.08095,12.3533045089565,-0.15335628069962187
1787023366040,0.0809,226693.4,0.081,309322.6,0.08095,12.3533045089565,-0.154154353601385
1787023366069,0.0809,226631.8,0.081,309322.6,0.08095,12.3533045089565,-0.1542870065065237
1787023366099,0.0809,225893.7,0.081,309322.6,0.08095,12.3533045089565,-0.15587884748652078
1787023366100,0.0809,225154.8,0.081,309322.6,0.08095,12.3533045089565,-0.1574768175417707
1787023366115,0.0809,225154.8,0.081,309522.6,0.08095,12.3533045089565,-0.15779196951283148
1787023366245,0.0809,226586.8,0.081,309522.6,0.08095,12.3533045089565,-0.1546993953099871
1787023366600,0.0809,226586.8,0.081,310253.0,0.08095,12.3533045089565,-0.1558494731575416
1787023366611,0.0809,229059.0,0.081,310253.0,0.08095,12.3533045089565,-0.15055107247752691
1787023366612,0.0809,228997.1,0.081,310253.0,0.08095,12.3533045089565,-0.15068314312783623
1787023366741,0.0809,231089.7,0.081,310253.0,0.08095,12.3533045089565,-0.14623509285338104
1787023366742,0.0809,231151.6,0.081,310253.0,0.08095,12.3533045089565,-0.14610404122905493
1787023366776,0.0809,228679.4,0.081,310253.0,0.08095,12.3533045089565,-0.15136146945331178
1787023366800,0.0809,228679.4,0.081,310129.5,0.08095,12.3533045089565,-0.15116695362678678
1787023366878,0.0809,245456.8,0.081,310129.5,0.08095,12.3533045089565,-0.11640441817949795
1787023366879,0.0809,245394.9,0.081,310129.5,0.08095,12.3533045089565,-0.11652881493594161
1787023366881,0.0809,245394.9,0.081,309929.5,0.08095,12.3533045089565,-0.11621063292014543
1787023366924,0.0809,245394.9,0.081,309562.6,0.08095,12.3533045089565,-0.11562633174612467
1787023366944,0.0809,245394.9,0.081,308669.8,0.08095,12.3533045089565,-0.1142012837128949
1787023367040,0.0809,245759.9,0.081,308669.8,0.08095,12.3533045089565,-0.11346776696847229
1787023367041,0.0809,245821.8,0.081,308669.8,0.08095,12.3533045089565,-0.11334346633925564
1787023367099,0.0809,247293.0,0.081,308669.8,0.08095,12.3533045089565,-0.11039731435268688
1787023367115,0.0809,247253.9,0.081,308669.8,0.08095,12.3533045089565,-0.11047541236324337
1787023367185,0.0809,249726.1,0.081,308669.8,0.08095,12.3533045089565,-0.10555897706268971
1787023367186,0.0809,249664.2,0.081,308669.8,0.08095,12.3533045089565,-0.10568154545487106
1787023367242,0.0809,251757.0,0.081,308669.8,0.08095,12.3533045089565,-0.10155260240944934
1787023367243,0.0809,251818.9,0.081,308669.8,0.08095,12.3533045089565,-0.10143094767120193
1787023367272,0.0809,251818.9,0.081,308640.0,0.08095,12.3533045089565,-0.10138317011291997
1787023367284,0.0809,251818.9,0.081,308515.1,0.08095,12.3533045089565,-0.10118286593353247
1787023367297,0.0809,251942.4,0.081,308515.1,0.08095,12.3533045089565,-0.10094021402158056
1787023367334,0.0809,249470.2,0.081,308515.1,0.08095,12.3533045089565,-0.10581802065394906
1787023367373,0.0809,249470.2,0.081,308390.1,0.08095,12.3533045089565,-0.10561766090901245
1787023367399,0.0809,249470.2,0.081,308265.1,0.08095,12.3533045089565,-0.10541721135456185
1787023367413,0.0809,249470.2,0.081,308635.5,0.08095,12.3533045089565,-0.10601092230378581
1787023367474,0.0809,249470.2,0.081,301968.5,0.08095,12.3533045089565,-0.09520242231820145
1787023367475,0.0809,249470.2,0.081,294113.5,0.08095,12.3533045089565,-0.08212773856169711
1787023367539,0.0809,249470.2,0.081,293759.5,0.08095,12.3533045089565,-0.08152959972549365
1787023367599,0.0809,249470.2,0.081,293029.1,0.08095,12.3533045089565,-0.08029300682968617
1787023367688,0.0809,251942.4,0.081,293029.1,0.08095,12.3533045089565,-0.07539238290442708
1787023367689,0.0809,251880.5,0.081,293029.1,0.08095,12.3533045089565,-0.07551454406382266
1787023367709,0.0809,249408.3,0.081,293029.1,0.08095,12.3533045089565,-0.08041628398041875
1787023367712,0.0809,251880.5,0.081,293029.1,0.08095,12.3533045089565,-0.07551454406382266
1787023367714,0.0809,249470.2,0.081,293029.1,0.08095,12.3533045089565,-0.08029300682968617
1787023367725,0.0809,251551.3,0.081,293029.1,0.08095,12.3533045089565,-0.07616469487333734
1787023367737,0.0809,251452.7,0.081,293029.1,0.08095,12.3533045089565,-0.07635957712452457
1787023367754,0.0809,260070.4,0.081,293029.1,0.08095,12.3533045089565,-0.059589097440876336
1787023367755,0.0809,260008.5,0.081,293029.1,0.08095,12.3533045089565,-0.05970769437738045
1787023367789,0.0809,262480.7,0.081,293029.1,0.08095,12.3533045089565,-0.05499164911222081
1787023367790,0.0809,262542.6,0.081,293029.1,0.08095,12.3533045089565,-0.054874105358498286
1787023367796,0.0809,262419.1,0.081,293029.1,0.08095,12.3533045089565,-0.05510864919537052
1787023367821,0.0809,262419.1,0.081,294016.7,0.08095,12.3533045089565,-0.05678570645526408
1787023367822,0.0809,262419.1,0.081,299696.1,0.08095,12.3533045089565,-0.06631558797911888
1787023367823,0.0809,262419.1,0.081,294387.3,0.08095,12.3533045089565,-0.057413492373650905
1787023367824,0.0809,262419.1,0.081,299634.2,0.08095,12.3533045089565,-0.06621275953721832
1787023367825,0.0809,262419.1,0.081,299696.1,0.08095,12.3533045089565,-0.06631558797911888
1787023367826,0.0809,262419.1,0.081,307301.1,0.08095,12.3533045089565,-0.07877902170223208
1787023367830,0.0809,262419.1,0.081,306567.2,0.08095,12.3533045089565,-0.07759079612285925
1787023367862,0.0809,262419.1,0.081,306425.8,0.08095,12.3533045089565,-0.07736150926201504
1787023367924,0.0809,253801.4,0.081,306425.8,0.08095,12.3533045089565,-0.09393403247825168
1787023367925,0.0809,253801.4,0.081,306363.9,0.08095,12.3533045089565,-0.0938339093835338
1787023367960,0.0809,251687.1,0.081,306363.9,0.08095,12.3533045089565,-0.09797814178274032
1787023368130,0.0809,251339.6,0.081,306363.9,0.08095,12.3533045089565,-0.09866228201902985
1787023368205,0.0809,251310.6,0.081,306363.9,0.08095,12.3533045089565,-0.0987194142819871
1787023368242,0.0809,253420.3,0.081,306363.9,0.08095,12.3533045089565,-0.09457858939212653
1787023368243,0.0809,253420.3,0.081,306425.8,0.08095,12.3533045089565,-0.09467869830655247
1787023368324,0.0809,253338.0,0.081,306425.8,0.08095,12.3533045089565,-0.0948396448644946
1787023368366,0.0809,256338.0,0.081,306425.8,0.08095,12.3533045089565,-0.08900323723736314
1787023368367,0.0809,256276.1,0.081,306425.8,0.08095,12.3533045089565,-0.08912303299491255
1787023368460,0.0809,254149.1,0.081,306425.8,0.08095,12.3533045089565,-0.09325551322401339
1787023368726,0.0809,256279.7,0.081,306425.8,0.08095,12.3533045089565,-0.08911606515308626
1787023368727,0.0809,256341.6,0.081,306425.8,0.08095,12.3533045089565,-0.08899627092827335
1787023368960,0.0809,254236.7,0.081,306425.8,0.08095,12.3533045089565,-0.09308469890531287
1787023369241,0.0809,256342.8,0.081,306425.8,0.08095,12.3533045089565,-0.08899394884504928
1787023369299,0.0809,256466.3,0.081,306425.8,0.08095,12.3533045089565,-0.08875502072244397
1787023369384,0.0809,256428.6,0.081,306425.8,0.08095,12.3533045089565,-0.08882794555750116
1787023369461,0.0809,254316.0,0.081,306425.8,0.08095,12.3533045089565,-0.09293011507256992
1787023369594,0.0809,254316.0,0.081,294349.3,0.08095,12.3533045089565,-0.07296488405590801
1787023369595,0.0809,254316.0,0.081,294145.4,0.08095,12.3533045089565,-0.07262024273722822
1787023369596,0.0809,254316.0,0.081,294224.3,0.08095,12.3533045089565,-0.07275363359811482
1787023369601,0.0809,254316.0,0.081,294099.3,0.08095,12.3533045089565,-0.07254228683991855
1787023369604,0.0809,254316.0,0.081,293974.3,0.08095,12.3533045089565,-0.07233084371545509
1787023369651,0.0809,254316.0,0.081,290270.6,0.08095,12.3533045089565,-0.0660218227918204
1787023369652,0.0809,254316.0,0.081,287307.3,0.08095,12.3533045089565,-0.06091189208440624
1787023369653,0.0809,254316.0,0.081,287120.5,0.08095,12.3533045089565,-0.06058789904263935
1787023369656,0.0809,254316.0,0.081,280015.5,0.08095,12.3533045089565,-0.04809654680661724
1787023369657,0.0809,254316.0,0.081,280077.3,0.08095,12.3533045089565,-0.04820662983611506
1787023369741,0.0809,256424.3,0.081,280077.3,0.08095,12.3533045089565,-0.04408747336447832
1787023369798,0.0809,256300.8,0.081,280077.3,0.08095,12.3533045089565,-0.04432787244669385
1787023369807,0.0809,264918.5,0.081,280077.3,0.08095,12.3533045089565,-0.027814526277083213
1787023369808,0.0809,264856.6,0.081,280077.3,0.08095,12.3533045089565,-0.027931277536596667
1787023369863,0.0809,264718.8,0.081,280077.3,0.08095,12.3533045089565,-0.028191281104985887
1787023369960,0.0809,262607.5,0.081,280077.3,0.08095,12.3533045089565,-0.032191430458343384
1787023370098,0.0809,261871.9,0.081,280077.3,0.08095,12.3533045089565,-0.033592447410200066
1787023370173,0.0809,259399.7,0.081,280077.3,0.08095,12.3533045089565,-0.03832897417313431
1787023370195,0.0809,261871.9,0.081,280077.3,0.08095,12.3533045089565,-0.033592447410200066
1787023370196,0.0809,261933.8,0.081,280077.3,0.08095,12.3533045089565,-0.03347440670495494
1787023370198,0.0809,259461.6,0.081,280077.3,0.08095,12.3533045089565,-0.03820984918788985
1787023370258,0.0809,261577.9,0.081,280077.3,0.08095,12.3533045089565,-0.034153461464045756
1787023370269,0.0809,264050.1,0.081,280077.3,0.08095,12.3533045089565,-0.029454866636012107
1787023370386,0.0809,255432.4,0.081,280077.3,0.08095,12.3533045089565,-0.04602138859482843
1787023370421,0.0809,252960.2,0.081,280077.3,0.08095,12.3533045089565,-0.050872780995708515
1787023370487,0.0809,261577.9,0.081,280077.3,0.08095,12.3533045089565,-0.034153461464045756
1787023370488,0.0809,261312.1,0.081,280077.3,0.08095,12.3533045089565,-0.034661188416322854
1787023370489,0.0809,261516.0,0.081,280077.3,0.08095,12.3533045089565,-0.03427165734878919
1787023370490,0.0809,261577.9,0.081,280077.3,0.08095,12.3533045089565,-0.034153461464045756
1787023370596,0.0809,261577.9,0.081,280792.4,0.08095,12.3533045089565,-0.03542690298491644
1787023370625,0.0809,261537.9,0.081,280792.4,0.08095,12.3533045089565,-0.035503271714672824
1787023370653,0.0809,264010.1,0.081,280792.4,0.08095,12.3533045089565,-0.030804374062160227
1787023370667,0.0809,261537.9,0.081,280792.4,0.08095,12.3533045089565,-0.035503271714672824
1787023370688,0.0809,264010.1,0.081,280792.4,0.08095,12.3533045089565,-0.030804374062160227
1787023370786,0.0809,261537.9,0.081,280792.4,0.08095,12.3533045089565,-0.035503271714672824
1787023370960,0.0809,259443.8,0.081,280792.4,0.08095,12.3533045089565,-0.03951715934622677
1787023371037,0.0809,259078.8,0.081,280792.4,0.08095,12.3533045089565,-0.040219963576497576
1787023371097,0.0809,258343.2,0.081,280792.4,0.08095,12.3533045089565,-0.04163924623044742
1787023371291,0.0809,260444.1,0.081,280792.4,0.08095,12.3533045089565,-0.03759594927540921
1787023371295,0.0809,260444.1,0.081,279863.6,0.08095,12.3533045089565,-0.03594155700538781
1787023371303,0.0809,262916.3,0.081,279863.6,0.08095,12.3533045089565,-0.031223153252358814
1787023371304,0.0809,262854.4,0.081,279863.6,0.08095,12.3533045089565,-0.03134076997630437
1787023371365,0.0809,254236.7,0.081,279863.6,0.08095,12.3533045089565,-0.04798143719447445
1787023371401,0.0809,251764.5,0.081,279863.6,0.08095,12.3533045089565,-0.05285480583136967
1787023371402,0.0809,251826.4,0.081,279863.6,0.08095,12.3533045089565,-0.052732231187345976
1787023371463,0.0809,249758.3,0.081,279863.6,0.08095,12.3533045089565,-0.05684300441503645
1787023371466,0.0809,258376.0,0.081,279863.6,0.08095,12.3533045089565,-0.039921997563910155
1787023371468,0.0809,258314.1,0.081,279863.6,0.08095,12.3533045089565,-0.04004160707513517
1787023371522,0.0809,260786.3,0.081,279863.6,0.08095,12.3533045089565,-0.03528586613999187
1787023371524,0.0809,260848.2,0.081,279863.6,0.08095,12.3533045089565,-0.03516734792915554
1787023371567,0.0809,252230.5,0.081,279863.6,0.08095,12.3533045089565,-0.05193273144731351
1787023371599,0.0809,252230.5,0.081,279148.5,0.08095,12.3533045089565,-0.050656875789220124
1787023371669,0.0809,260848.2,0.081,279148.5,0.08095,12.3533045089565,-0.033889651547870554
1787023371757,0.0809,260815.6,0.081,279148.5,0.08095,12.3533045089565,-0.033952071998860654
1787023371805,0.0809,262915.7,0.081,279148.5,0.08095,12.3533045089565,-0.029946268357142918
1787023371979,0.0809,260443.5,0.081,279148.5,0.08095,12.3533045089565,-0.0346650802828804
1787023372008,0.0809,262915.7,0.081,279148.5,0.08095,12.3533045089565,-0.029946268357142918
1787023372241,0.0809,264987.4,0.081,279148.5,0.08095,12.3533045089565,-0.02602493237443068
1787023372243,0.0809,264925.5,0.081,279148.5,0.08095,12.3533045089565,-0.026141664552983602
1787023372406,0.0809,264566.8,0.081,279148.5,0.08095,12.3533045089565,-0.02681863100045191
1787023372409,0.0809,265660.8,0.081,279148.5,0.08095,12.3533045089565,-0.024756735980828542
1787023372410,0.0809,265722.7,0.081,279148.5,0.08095,12.3533045089565,-0.024640318666136123
1787023372804,0.0809,267774.9,0.081,279148.5,0.08095,12.3533045089565,-0.02079559953002555
1787023373029,0.0809,267717.9,0.081,279148.5,0.08095,12.3533045089565,-0.0209019972702656
1787023373202,0.0809,267782.2,0.081,279148.5,0.08095,12.3533045089565,-0.0207819747547541
1787023373242,0.0809,269864.6,0.081,279148.5,0.08095,12.3533045089565,-0.01691016116008894
1787023373243,0.0809,269802.7,0.081,278269.5,0.08095,12.3533045089565,-0.015448329617886091
1787023373460,0.0809,267667.2,0.081,278269.5,0.08095,12.3533045089565,-0.01942038335213586
1787023374166,0.0809,268483.0,0.081,278269.5,0.08095,12.3533045089565,-0.017899323734230754
1787023374167,0.0809,268544.9,0.081,278269.5,0.08095,12.3533045089565,-0.017784096395413097
1787023374383,0.0809,268486.1,0.081,278269.5,0.08095,12.3533045089565,-0.017893552439152017
1787023374599,0.0809,268486.1,0.081,278968.7,0.08095,12.3533045089565,-0.019147882163057177
1787023374767,0.0809,268486.1,0.081,276505.7,0.08095,12.3533045089565,-0.014715083786581805
1787023374797,0.0809,268486.1,0.081,276629.2,0.08095,12.3533045089565,-0.014938307547045615
1787023374831,0.0809,268486.1,0.081,277329.5,0.08095,12.3533045089565,-0.01620217524013609
1787023374961,0.0809,266393.5,0.081,277329.5,0.08095,12.3533045089565,-0.02011318263159734
1787023375104,0.0809,266128.7,0.081,277329.5,0.08095,12.3533045089565,-0.0206102327649118
1787023375242,0.0809,268292.1,0.081,277329.5,0.08095,12.3533045089565,-0.016563493820625913
1787023375461,0.0809,266199.3,0.081,277329.5,0.08095,12.3533045089565,-0.02047766374109341
1787023375489,0.0809,266141.7,0.081,277329.5,0.08095,12.3533045089565,-0.020585819450966287
1787023375493,0.0809,266047.5,0.081,277329.5,0.08095,12.3533045089565,-0.02076274851530337
1787023375741,0.0809,268153.4,0.081,277329.5,0.08095,12.3533045089565,-0.01682197553763826
1787023375800,0.0809,268153.4,0.081,277206.0,0.08095,12.3533045089565,-0.016599328809588643
1787023375818,0.0809,268153.4,0.081,277274.0,0.08095,12.3533045089565,-0.01672193219482552
1787023375832,0.0809,268153.4,0.081,276573.7,0.08095,12.3533045089565,-0.015457832004319202
1787023375960,0.0809,266072.3,0.081,276573.7,0.08095,12.3533045089565,-0.01935221120214656
1787023376241,0.0809,268205.3,0.081,276573.7,0.08095,12.3533045089565,-0.015361091378338783
1787023376261,0.0809,268132.6,0.081,276573.7,0.08095,12.3533045089565,-0.015496607988561973
1787023376284,0.0809,266700.6,0.081,276573.7,0.08095,12.3533045089565,-0.01817332423050388
1787023376376,0.0809,268132.6,0.081,276573.7,0.08095,12.3533045089565,-0.015496607988561973
1787023376460,0.0809,266022.9,0.081,276573.7,0.08095,12.3533045089565,-0.019445016795166033
1787023376561,0.0809,265961.2,0.081,276573.7,0.08095,12.3533045089565,-0.019560953590266727
1787023376599,0.0809,265961.2,0.081,275874.5,0.08095,12.3533045089565,-0.01829576751771799
1787023376742,0.0809,268057.8,0.081,275874.5,0.08095,12.3533045089565,-0.014370722238778633
1787023376960,0.0809,265927.2,0.081,275874.5,0.08095,12.3533045089565,-0.018359669229535434
1787023376977,0.0809,265858.0,0.081,275874.5,0.08095,12.3533045089565,-0.018489752783892418
1787023377242,0.0809,267949.4,0.081,275874.5,0.08095,12.3533045089565,-0.01457291597518972
1787023377460,0.0809,265843.3,0.081,275874.5,0.08095,12.3533045089565,-0.018517390419882845
1787023377726,0.0809,267923.1,0.081,275874.5,0.08095,12.3533045089565,-0.01462198435594424
1787023377755,0.0809,267871.5,0.081,275874.5,0.08095,12.3533045089565,-0.01471826919186532
1787023377799,0.0809,267995.0,0.081,275874.5,0.08095,12.3533045089565,-0.014487850486192
1787023377962,0.0809,265886.7,0.081,275874.5,0.08095,12.3533045089565,-0.018435797912438153
1787023378241,0.0809,267989.6,0.081,275874.5,0.08095,12.3533045089565,-0.01449792328635044
1787023378299,0.0809,267866.1,0.081,275874.5,0.08095,12.3533045089565,-0.014728346568198188
1787023378460,0.0809,265749.8,0.081,275874.5,0.08095,12.3533045089565,-0.018693215943228564
1787023378725,0.0809,267872.9,0.081,275874.5,0.08095,12.3533045089565,-0.014715656571415287
1787023379229,0.0809,267840.1,0.081,275874.5,0.08095,12.3533045089565,-0.014776870071173412
1787023379241,0.0809,269939.0,0.081,275874.5,0.08095,12.3533045089565,-0.010874593611187705
1787023379460,0.0809,267838.1,0.081,275874.5,0.08095,12.3533045089565,-0.014780602840544846
1787023379606,0.0809,267700.7,0.081,275874.5,0.08095,12.3533045089565,-0.015037109860788331
1787023379726,0.0809,269816.2,0.081,275874.5,0.08095,12.3533045089565,-0.011102076689230711
1787023379960,0.0809,267716.1,0.081,275874.5,0.08095,12.3533045089565,-0.015008353713254098
1787023380273,0.0809,269840.5,0.081,275874.5,0.08095,12.3533045089565,-0.011057053590243992
1787023380285,0.0809,243694.1,0.081,275874.5,0.08095,12.3533045089565,-0.06193676831124898
1787023380288,0.0809,259518.8,0.081,275874.5,0.08095,12.3533045089565,-0.030548944112673823
1787023380289,0.0809,259456.9,0.081,275874.5,0.08095,12.3533045089565,-0.030668105775226346
1787023380410,0.0809,259422.5,0.081,275874.5,0.08095,12.3533045089565,-0.030734340001905485
1787023380461,0.0809,257350.8,0.081,275874.5,0.08095,12.3533045089565,-0.0347389743134844
1787023380477,0.0809,257257.4,0.081,275874.5,0.08095,12.3533045089565,-0.03492025144246669
1787023380762,0.0809,259360.3,0.081,275874.5,0.08095,12.3533045089565,-0.03085412234032617
1787023380763,0.0809,259422.2,0.081,275874.5,0.08095,12.3533045089565,-0.030734917663419164
1787023380894,0.0809,256950.0,0.081,275874.5,0.08095,12.3533045089565,-0.035517323246209584
1787023380898,0.0809,256950.0,0.081,275874.5,0.08095,12.3533045089565,-0.035517323246209584
1787023380948,0.0809,259422.2,0.081,275874.5,0.08095,12.3533045089565,-0.030734917663419164
1787023380949,0.0809,256950.0,0.081,275874.5,0.08095,12.3533045089565,-0.035517323246209584
1787023380958,0.0809,259422.2,0.081,275874.5,0.08095,12.3533045089565,-0.030734917663419164
1787023380959,0.0809,256950.0,0.081,275874.5,0.08095,12.3533045089565,-0.035517323246209584
1787023380961,0.0809,254897.8,0.081,275874.5,0.08095,12.3533045089565,-0.039521090305579265
1787023381114,0.0809,257370.0,0.081,275874.5,0.08095,12.3533045089565,-0.0347017175048219
1787023381219,0.0809,254897.8,0.081,275874.5,0.08095,12.3533045089565,-0.039521090305579265
1787023381221,0.0809,257370.0,0.081,275874.5,0.08095,12.3533045089565,-0.0347017175048219
1787023381242,0.0809,257009.6,0.081,275874.5,0.08095,12.3533045089565,-0.03540150663155458
1787023381255,0.0809,259481.8,0.081,275874.5,0.08095,12.3533045089565,-0.030620168287923407
1787023381298,0.0809,259605.3,0.081,275874.5,0.08095,12.3533045089565,-0.03038247194385299
1787023381343,0.0809,259556.6,0.081,275874.5,0.08095,12.3533045089565,-0.03047619012044686
1787023381401,0.0809,259556.6,0.081,275557.3,0.08095,12.3533045089565,-0.029901484525070236
1787023381461,0.0809,257474.2,0.081,275557.3,0.08095,12.3533045089565,-0.033925011936442734
1787023381682,0.0809,257474.2,0.081,277226.5,0.08095,12.3533045089565,-0.036940853079115085
1787023381683,0.0809,257474.2,0.081,277164.6,0.08095,12.3533045089565,-0.0368293509561969
1787023381726,0.0809,259585.1,0.081,277164.6,0.08095,12.3533045089565,-0.03275176492879264
1787023381727,0.0809,259523.2,0.081,277226.5,0.08095,12.3533045089565,-0.03298241247270374
1787023381728,0.0809,259585.1,0.081,277226.5,0.08095,12.3533045089565,-0.03286329878117387
1787023382039,0.0809,259921.7,0.081,277226.5,0.08095,12.3533045089565,-0.032216062531718416
1787023382040,0.0809,258108.5,0.081,277226.5,0.08095,12.3533045089565,-0.03571221758338237
1787023382042,0.0809,258882.3,0.081,277226.5,0.08095,12.3533045089565,-0.03421730812849931
1787023382193,0.0809,256410.1,0.081,277226.5,0.08095,12.3533045089565,-0.03900856875259305
1787023382257,0.0809,258489.3,0.081,277226.5,0.08095,12.3533045089565,-0.0349760078011513
1787023382263,0.0809,260961.5,0.081,277226.5,0.08095,12.3533045089565,-0.03022178123629661
1787023382264,0.0809,260899.6,0.081,277226.5,0.08095,12.3533045089565,-0.030340286412422656
1787023382265,0.0809,258427.4,0.081,277226.5,0.08095,12.3533045089565,-0.03509560931041481
1787023382266,0.0809,260899.6,0.081,277226.5,0.08095,12.3533045089565,-0.030340286412422656
1787023382268,0.0809,260961.5,0.081,277226.5,0.08095,12.3533045089565,-0.03022178123629661
1787023382311,0.0809,260145.7,0.081,277226.5,0.08095,12.3533045089565,-0.03178579018415912
1787023382316,0.0809,260824.8,0.081,277226.5,0.08095,12.3533045089565,-0.030483524526378824
1787023382344,0.0809,260771.6,0.081,277226.5,0.08095,12.3533045089565,-0.03058542400056802
1787023382687,0.0809,258299.4,0.081,277226.5,0.08095,12.3533045089565,-0.03534301515575625
1787023382726,0.0809,260358.9,0.081,277226.5,0.08095,12.3533045089565,-0.03137659616500003
1787023382799,0.0809,260235.4,0.081,277226.5,0.08095,12.3533045089565,-0.03161358972608106
1787023382837,0.0809,260235.4,0.081,268018.3,0.08095,12.3533045089565,-0.014733261688465211
1787023382866,0.0809,260235.4,0.081,249534.0,0.08095,12.3533045089565,0.020992629216269147
1787023383081,0.0809,262707.6,0.081,249534.0,0.08095,12.3533045089565,0.025717552030135735
1787023383086,0.0809,262707.6,0.081,249762.0,0.08095,12.3533045089565,0.02526120573786226
1787023383165,0.0809,260235.4,0.081,249762.0,0.08095,12.3533045089565,0.020536183125639453
1787023383171,0.0809,262707.6,0.081,249762.0,0.08095,12.3533045089565,0.02526120573786226
1787023383234,0.0809,260235.4,0.081,249762.0,0.08095,12.3533045089565,0.020536183125639453
1787023383241,0.0809,262321.9,0.081,249762.0,0.08095,12.3533045089565,0.024527035511173117
1787023383463,0.0809,260158.5,0.081,249762.0,0.08095,12.3533045089565,0.02038847232068528
1787023383562,0.0809,260096.9,0.081,249762.0,0.08095,12.3533045089565,0.020270117869865552
1787023383637,0.0809,262569.1,0.081,249762.0,0.08095,12.3533045089565,0.024997701681588286
1787023383639,0.0809,262507.2,0.081,249762.0,0.08095,12.3533045089565,0.02487988737171786
1787023383846,0.0809,260035.0,0.081,249762.0,0.08095,12.3533045089565,0.02015115820610949
1787023383960,0.0809,257929.1,0.081,249762.0,0.08095,12.3533045089565,0.016086750388178965
1787023384034,0.0809,260401.3,0.081,249762.0,0.08095,12.3533045089565,0.02085469495747732
1787023384035,0.0809,260463.2,0.081,249762.0,0.08095,12.3533045089565,0.02097348386555586
1787023384065,0.0809,260286.5,0.081,249762.0,0.08095,12.3533045089565,0.020634312227170555
1787023384461,0.0809,258153.5,0.081,249762.0,0.08095,12.3533045089565,0.016521448941802328
1787023384740,0.0809,258118.8,0.081,249762.0,0.08095,12.3533045089565,0.016454254620375468
1787023384960,0.0809,256022.2,0.081,249762.0,0.08095,12.3533045089565,0.012377215421122311
1787023385241,0.0809,258184.3,0.081,249762.0,0.08095,12.3533045089565,0.016581083472800153
1787023385243,0.0809,257980.4,0.081,249762.0,0.08095,12.3533045089565,0.016186160541250827
1787023385245,0.0809,258184.3,0.081,249762.0,0.08095,12.3533045089565,0.016581083472800153
1787023385460,0.0809,256092.9,0.081,249762.0,0.08095,12.3533045089565,0.01251524893798596
1787023385491,0.0809,268169.4,0.081,249762.0,0.08095,12.3533045089565,0.03554022791435318
1787023385492,0.0809,268107.5,0.081,249762.0,0.08095,12.3533045089565,0.03542494779090099
1787023385726,0.0809,270212.1,0.081,249762.0,0.08095,12.3533045089565,0.03932907427504558
1787023385727,0.0809,270274.0,0.081,249762.0,0.08095,12.3533045089565,0.03944342314762824
1787023385895,0.0809,270220.4,0.081,249762.0,0.08095,12.3533045089565,0.03934440857998275
1787023385960,0.0809,268140.6,0.081,249762.0,0.08095,12.3533045089565,0.03548659535596071
1787023386040,0.0809,267804.0,0.081,249762.0,0.08095,12.3533045089565,0.03485932228933122
1787023386244,0.0809,269935.9,0.081,249762.0,0.08095,12.3533045089565,0.0388185136018445
1787023386411,0.0809,268503.9,0.081,249762.0,0.08095,12.3533045089565,0.03616271107167194
1787023386460,0.0809,266401.0,0.081,249762.0,0.08095,12.3533045089565,0.03223594097213477
1787023386505,0.0809,267833.0,0.081,249762.0,0.08095,12.3533045089565,0.03491339754054811
1787023386583,0.0809,267833.0,0.081,234282.1,0.08095,12.3533045089565,0.06681914166692059
1787023386742,0.0809,269928.3,0.081,234282.1,0.08095,12.3533045089565,0.07069707407859889
1787023386960,0.0809,267805.2,0.081,234282.1,0.08095,12.3533045089565,0.06676747250926283
1787023386989,0.0809,267750.7,0.081,234282.1,0.08095,12.3533045089565,0.06666616205156317
1787023387241,0.0809,269840.5,0.081,234282.1,0.08095,12.3533045089565,0.0705352229794895
1787023387296,0.0809,269964.0,0.081,234282.1,0.08095,12.3533045089565,0.07076286757597133
1787023387304,0.0809,269964.0,0.081,234350.0,0.08095,12.3533045089565,0.07061870184051999
1787023387460,0.0809,267865.1,0.081,234350.0,0.08095,12.3533045089565,0.06673455258513727
1787023387742,0.0809,269943.1,0.081,234350.0,0.08095,12.3533045089565,0.07058018442052842
1787023387960,0.0809,267827.6,0.081,234350.0,0.08095,12.3533045089565,0.06666486119651689
1787023388040,0.0809,268156.1,0.081,234350.0,0.08095,12.3533045089565,0.06727500422382927
1787023388083,0.0809,268812.1,0.081,234350.0,0.08095,12.3533045089565,0.06849104890849286
1787023388084,0.0809,268750.2,0.081,234350.0,0.08095,12.3533045089565,0.06837643872930285
1787023388151,0.0809,268750.2,0.081,236174.8,0.08095,12.3533045089565,0.06451532405802847
1787023388152,0.0809,268812.1,0.081,236174.8,0.08095,12.3533045089565,0.06462999337210527
1787023388249,0.0809,270915.0,0.081,236174.8,0.08095,12.3533045089565,0.06850897020606608
1787023388278,0.0809,270893.7,0.081,236174.8,0.08095,12.3533045089565,0.06846984184582561
1787023388460,0.0809,268769.3,0.081,236174.8,0.08095,12.3533045089565,0.06455070967261525
1787023388517,0.0809,268769.3,0.081,234470.1,0.08095,12.3533045089565,0.0681568255585711
1787023388539,0.0809,271177.1,0.081,234470.1,0.08095,12.3533045089565,0.07259409327293807
1787023388555,0.0809,271177.1,0.081,232570.1,0.08095,12.3533045089565,0.07663963194237104
1787023388638,0.0809,271177.1,0.081,231970.1,0.08095,12.3533045089565,0.07792351820699782
1787023388639,0.0809,271475.5,0.081,231970.1,0.08095,12.3533045089565,0.07847004721066188
1787023388640,0.0809,271413.6,0.081,231970.1,0.08095,12.3533045089565,0.07835672867436902
1787023388757,0.0809,273537.3,0.081,231970.1,0.08095,12.3533045089565,0.08222866767133376
1787023388758,0.0809,273599.2,0.081,231970.1,0.08095,12.3533045089565,0.08234103613490772
1787023388960,0.0809,271496.3,0.081,231970.1,0.08095,12.3533045089565,0.07850811891319853
1787023389099,0.0809,272215.0,0.081,231970.1,0.08095,12.3533045089565,0.07982167660250174
1787023389183,0.0809,272215.0,0.081,218864.5,0.08095,12.3533045089565,0.10863923254788685
1787023389257,0.0809,274311.0,0.081,218864.5,0.08095,12.3533045089565,0.1124275232650446
1787023389460,0.0809,272199.2,0.081,218864.5,0.08095,12.3533045089565,0.10861055296899366
1787023389489,0.0809,272166.8,0.081,218864.5,0.08095,12.3533045089565,0.10855173590767023
1787023389516,0.0809,271487.7,0.081,218864.5,0.08095,12.3533045089565,0.10731714877592068
1787023389520,0.0809,272101.1,0.081,218864.5,0.08095,12.3533045089565,0.10843244414679966
1787023389541,0.0809,272399.5,0.081,218864.5,0.08095,12.3533045089565,0.10897399361646691
1787023389726,0.0809,274512.0,0.081,218864.5,0.08095,12.3533045089565,0.1127891174387106
1787023389727,0.0809,274450.1,0.081,218864.5,0.08095,12.3533045089565,0.11267779222427225
1787023389841,0.0809,274151.7,0.081,218864.5,0.08095,12.3533045089565,0.11214073695752799
1787023389913,0.0809,274151.7,0.081,219464.5,0.08095,12.3533045089565,0.1107889084677529
1787023389921,0.0809,274213.6,0.081,219464.5,0.08095,12.3533045089565,0.11090040250924636
1787023389928,0.0809,274213.6,0.081,219402.6,0.08095,12.3533045089565,0.11103971060917364
1787023389960,0.0809,272102.7,0.081,219402.6,0.08095,12.3533045089565,0.10722183463738845
1787023390099,0.0809,271384.0,0.081,219402.6,0.08095,12.3533045089565,0.10591446465734801
1787023390171,0.0809,271384.0,0.081,226306.3,0.08095,12.3533045089565,0.09057379659599557
1787023390173,0.0809,271384.0,0.081,226368.2,0.08095,12.3533045089565,0.09043817385437973
1787023390257,0.0809,273501.1,0.081,226368.2,0.08095,12.3533045089565,0.09429044752298243
1787023390340,0.0809,273202.7,0.081,226368.2,0.08095,12.3533045089565,0.09374945578295292
1787023390341,0.0809,270794.9,0.081,226368.2,0.08095,12.3533045089565,0.0893604131119144
1787023390465,0.0809,268715.7,0.081,226368.2,0.08095,12.3533045089565,0.08553600712929667
1787023390494,0.0809,268662.5,0.081,226368.2,0.08095,12.3533045089565,0.08543773143766636
1787023390755,0.0809,270758.1,0.081,226368.2,0.08095,12.3533045089565,0.08929300260316134
1787023390756,0.0809,270696.2,0.081,226368.2,0.08095,12.3533045089565,0.08917959121594707
1787023390798,0.0809,270572.7,0.081,226368.2,0.08095,12.3533045089565,0.08895323367426589
1787023390961,0.0809,268513.2,0.081,226368.2,0.08095,12.3533045089565,0.08516181856905512
1787023390972,0.0809,268004.0,0.081,226368.2,0.08095,12.3533045089565,0.08421954147098075
1787023391171,0.0809,268004.0,0.081,219464.5,0.08095,12.3533045089565,0.09957463918181379
1787023391242,0.0809,270103.0,0.081,219464.5,0.08095,12.3533045089565,0.10343517492480608
1787023391243,0.0809,270164.9,0.081,219464.5,0.08095,12.3533045089565,0.10354852057494918
1787023391298,0.0809,270288.4,0.081,219464.5,0.08095,12.3533045089565,0.1037745769346134
1787023391431,0.0809,270288.4,0.081,218864.5,0.08095,12.3533045089565,0.10512847823247091
1787023391460,0.0809,268201.9,0.081,218864.5,0.08095,12.3533045089565,0.10129501850261077
1787023391490,0.0809,268173.3,0.081,218864.5,0.08095,12.3533045089565,0.10124224444180717
1787023391524,0.0809,268173.3,0.081,219464.5,0.08095,12.3533045089565,0.09988725238281361
1787023392257,0.0809,270243.8,0.081,219464.5,0.08095,12.3533045089565,0.10369295353989301
1787023392259,0.0809,270243.8,0.081,218864.5,0.08095,12.3533045089565,0.10504687816583769
1787023392539,0.0809,270243.8,0.081,219464.5,0.08095,12.3533045089565,0.10369295353989301
1787023392640,0.0809,270218.0,0.081,219464.5,0.08095,12.3533045089565,0.10364572963093432
1787023392742,0.0809,272268.8,0.081,219464.5,0.08095,12.3533045089565,0.10738402300596683
1787023392743,0.0809,272206.9,0.081,219464.5,0.08095,12.3533045089565,0.10727164524924578
1787023393100,0.0809,269734.7,0.081,219464.5,0.08095,12.3533045089565,0.10276018439932039
1787023393242,0.0809,271816.6,0.081,219464.5,0.08095,12.3533045089565,0.10656241406396456
1787023393243,0.0809,271878.5,0.081,219464.5,0.08095,12.3533045089565,0.10667497043816641
1787023393434,0.0809,271878.5,0.081,217781.4,0.08095,12.3533045089565,0.11047892629149335
1787023393460,0.0809,269716.4,0.081,217781.4,0.08095,12.3533045089565,0.10653381410131497
1787023393801,0.0809,269592.9,0.081,217781.4,0.08095,12.3533045089565,0.10630741095704066
1787023393829,0.0809,269546.5,0.081,217781.4,0.08095,12.3533045089565,0.10622231971532925
1787023393962,0.0809,267441.9,0.081,217781.4,0.08095,12.3533045089565,0.10234566229610166
1787023394166,0.0809,269914.1,0.081,217781.4,0.08095,12.3533045089565,0.10689600375644226
1787023394172,0.0809,267441.9,0.081,217781.4,0.08095,12.3533045089565,0.10234566229610166
1787023394175,0.0809,269914.1,0.081,217781.4,0.08095,12.3533045089565,0.10689600375644226
1787023394299,0.0809,270037.6,0.081,217781.4,0.08095,12.3533045089565,0.10712210881494977
1787023394460,0.0809,267905.7,0.081,217781.4,0.08095,12.3533045089565,0.10320286456033116
1787023394956,0.0809,265433.5,0.081,217781.4,0.08095,12.3533045089565,0.09861471572999923
1787023394961,0.0809,263338.2,0.081,217781.4,0.08095,12.3533045089565,0.09468913758657935
1787023394986,0.0809,263300.8,0.081,217781.4,0.08095,12.3533045089565,0.09461875745974388
1787023394996,0.0809,265773.0,0.081,217781.4,0.08095,12.3533045089565,0.09924757173132952
1787023395003,0.0809,263300.8,0.081,217781.4,0.08095,12.3533045089565,0.09461875745974388
1787023395007,0.0809,265773.0,0.081,217781.4,0.08095,12.3533045089565,0.09924757173132952
1787023395461,0.0809,263683.2,0.081,217781.4,0.08095,12.3533045089565,0.09533785038401581
1787023395466,0.0809,247858.5,0.081,217781.4,0.08095,12.3533045089565,0.06459304711645202
1787023395483,0.0809,284811.4,0.081,217781.4,0.08095,12.3533045089565,0.1333684048000688
1787023395484,0.0809,284749.5,0.081,217781.4,0.08095,12.3533045089565,0.13326165614890548
1787023395541,0.0809,284749.5,0.081,215956.6,0.08095,12.3533045089565,0.1373917753348721
1787023395544,0.0809,284749.5,0.081,217794.1,0.08095,12.3533045089565,0.13323301699593826
1787023395546,0.0809,284811.4,0.081,217794.1,0.08095,12.3533045089565,0.13333976647688897
1787023395742,0.0809,289638.9,0.081,217794.1,0.08095,12.3533045089565,0.1415848003578798
1787023395743,0.0809,289577.0,0.081,217794.1,0.08095,12.3533045089565,0.14148007247555092
1787023395960,0.0809,287499.0,0.081,217794.1,0.08095,12.3533045089565,0.13794943964206122
1787023396141,0.0809,287445.1,0.081,217794.1,0.08095,12.3533045089565,0.1378574742419036
1787023396242,0.0809,289591.5,0.081,217794.1,0.08095,12.3533045089565,0.14150460714691154
1787023396243,0.0809,289653.4,0.081,217794.1,0.08095,12.3533045089565,0.14160932904389129
1787023396440,0.0809,286947.2,0.081,217794.1,0.08095,12.3533045089565,0.13700701725814787
1787023396441,0.0809,286947.2,0.081,217194.1,0.08095,12.3533045089565,0.13836021766119935
1787023396460,0.0809,284844.3,0.081,217194.1,0.08095,12.3533045089565,0.13475104693186812
1787023396531,0.0809,283412.3,0.081,217194.1,0.08095,12.3533045089565,0.13227597569667504
1787023396624,0.0809,284844.3,0.081,217194.1,0.08095,12.3533045089565,0.13475104693186812
1787023396726,0.0809,286954.0,0.081,217194.1,0.08095,12.3533045089565,0.13837183954476867
1787023396740,0.0809,289361.8,0.081,217194.1,0.08095,12.3533045089565,0.14246739599716435
1787023396742,0.0809,289299.9,0.081,217194.1,0.08095,12.3533045089565,0.14236259462106168
1787023396840,0.0809,286892.1,0.081,217194.1,0.08095,12.3533045089565,0.138266034658358
1787023396937,0.0809,287190.5,0.081,217194.1,0.08095,12.3533045089565,0.13877584684385685
1787023396938,0.0809,289660.2,0.081,217194.1,0.08095,12.3533045089565,0.1429722506053515
1787023396960,0.0809,287536.5,0.081,217194.1,0.08095,12.3533045089565,0.1393662282413628
1787023397439,0.0809,287834.9,0.081,217194.1,0.08095,12.3533045089565,0.13987473986642354
1787023397454,0.0809,287834.9,0.081,218414.5,0.08095,12.3533045089565,0.13712687857012773
1787023397460,0.0809,285738.9,0.081,218414.5,0.08095,12.3533045089565,0.13353951396539232
1787023397469,0.0809,285738.9,0.081,219014.5,0.08095,12.3533045089565,0.13219207636838112
1787023397497,0.0809,285683.9,0.081,219014.5,0.08095,12.3533045089565,0.13209750615417054
1787023397639,0.0809,285683.9,0.081,218414.5,0.08095,12.3533045089565,0.1334449782026684
1787023397694,0.0809,285683.9,0.081,219014.5,0.08095,12.3533045089565,0.13209750615417054
1787023397742,0.0809,287778.0,0.081,219014.5,0.08095,12.3533045089565,0.1356837364404564
1787023397743,0.0809,287716.1,0.081,218414.5,0.08095,12.3533045089565,0.1369243432426334
1787023397833,0.0809,285243.9,0.081,218414.5,0.08095,12.3533045089565,0.13268794881610238
1787023397834,0.0809,287716.1,0.081,218414.5,0.08095,12.3533045089565,0.1369243432426334
1787023397835,0.0809,287778.0,0.081,219014.5,0.08095,12.3533045089565,0.1356837364404564
1787023397836,0.0809,285305.8,0.081,218352.6,0.08095,12.3533045089565,0.13293375033554483
1787023397840,0.0809,287778.0,0.081,218352.6,0.08095,12.3533045089565,0.13716894414208505
1787023397842,0.0809,287778.0,0.081,218414.5,0.08095,12.3533045089565,0.13702988487581305
1787023397843,0.0809,287778.0,0.081,219014.5,0.08095,12.3533045089565,0.1356837364404564
1787023397960,0.0809,285665.5,0.081,219014.5,0.08095,12.3533045089565,0.13206586351747643
1787023398043,0.0809,285367.1,0.081,219014.5,0.08095,12.3533045089565,0.13155238018198914
1787023398065,0.0809,282894.9,0.081,219014.5,0.08095,12.3533045089565,0.12727476313454186
1787023398066,0.0809,285367.1,0.081,219014.5,0.08095,12.3533045089565,0.13155238018198914
1787023398068,0.0809,282894.9,0.081,219014.5,0.08095,12.3533045089565,0.12727476313454186
1787023398186,0.0809,285367.1,0.081,219014.5,0.08095,12.3533045089565,0.13155238018198914
1787023398226,0.0809,285107.3,0.081,219014.5,0.08095,12.3533045089565,0.13110482427064252
1787023398257,0.0809,287222.9,0.081,219014.5,0.08095,12.3533045089565,0.13473599540452763
1787023398339,0.0809,286924.5,0.081,219014.5,0.08095,12.3533045089565,0.1342256675211834
1787023398421,0.0809,284452.3,0.081,219014.5,0.08095,12.3533045089565,0.12997440943474325
1787023398438,0.0809,284750.7,0.081,219014.5,0.08095,12.3533045089565,0.130489759911959
1787023398456,0.0809,287222.9,0.081,219014.5,0.08095,12.3533045089565,0.13473599540452763
1787023398457,0.0809,287161.0,0.081,219014.5,0.08095,12.3533045089565,0.13463018261452797
1787023398461,0.0809,285043.9,0.081,219014.5,0.08095,12.3533045089565,0.13099553543795722
1787023398538,0.0809,285342.3,0.081,219014.5,0.08095,12.3533045089565,0.13150967727608706
1787023398539,0.0809,285404.2,0.081,219014.5,0.08095,12.3533045089565,0.13161625451237238
1787023398588,0.0809,282932.0,0.081,219014.5,0.08095,12.3533045089565,0.12733926822878533
1787023398592,0.0809,285404.2,0.081,219014.5,0.08095,12.3533045089565,0.13161625451237238
1787023398610,0.0809,282932.0,0.081,219014.5,0.08095,12.3533045089565,0.12733926822878533
1787023398613,0.0809,282782.6,0.081,219014.5,0.08095,12.3533045089565,0.12707945103708249
1787023398684,0.0809,282749.3,0.081,219014.5,0.08095,12.3533045089565,0.12702151888996374
1787023398688,0.0809,282749.3,0.081,217177.0,0.08095,12.3533045089565,0.1311639335638073
1787023398692,0.0809,282749.3,0.081,224778.1,0.08095,12.3533045089565,0.11422279861146409
1787023398693,0.0809,282749.3,0.081,224716.2,0.08095,12.3533045089565,0.11435871009950425
1787023398839,0.0809,282450.9,0.081,224716.2,0.08095,12.3533045089565,0.11383762866321574
1787023398840,0.0809,282152.5,0.081,224716.2,0.08095,12.3533045089565,0.11331593369249272
1787023398841,0.0809,282152.5,0.081,224778.1,0.08095,12.3533045089565,0.1131799895291387
1787023398937,0.0809,279744.7,0.081,224778.1,0.08095,12.3533045089565,0.10894770266081137
1787023398960,0.0809,277649.1,0.081,224778.1,0.08095,12.3533045089565,0.10523116582860159
1787023399257,0.0809,279761.6,0.081,224778.1,0.08095,12.3533045089565,0.10897754923943542
1787023399301,0.0809,279638.1,0.081,224778.1,0.08095,12.3533045089565,0.10875939353256295
1787023399460,0.0809,277539.1,0.081,224778.1,0.08095,12.3533045089565,0.10503522475439817
1787023399674,0.0809,278607.0,0.081,224778.1,0.08095,12.3533045089565,0.10693383653985784
1787023399710,0.0809,280736.2,0.081,224778.1,0.08095,12.3533045089565,0.11069538487833085
1787023399813,0.0809,280704.5,0.081,224778.1,0.08095,12.3533045089565,0.11063961449909453
1787023399836,0.0809,299188.8,0.081,224778.1,0.08095,12.3533045089565,0.1420141234112307
1787023399837,0.0809,298923.0,0.081,224778.1,0.08095,12.3533045089565,0.1415786600410043
1787023399838,0.0809,299126.9,0.081,224778.1,0.08095,12.3533045089565,0.1419127513575935
1787023399839,0.0809,299188.8,0.081,224778.1,0.08095,12.3533045089565,0.1420141234112307
1787023399855,0.0809,301044.0,0.081,224778.1,0.08095,12.3533045089565,0.14504126015243557
1787023399881,0.0809,303229.0,0.081,224778.1,0.08095,12.3533045089565,0.14857925205929995
1787023399882,0.0809,303167.1,0.081,224778.1,0.08095,12.3533045089565,0.14847942551613308
1787023400273,0.0809,305306.1,0.081,224778.1,0.08095,12.3533045089565,0.15191548814320438
1787023400274,0.0809,305368.0,0.081,224778.1,0.08095,12.3533045089565,0.1520145107169514
1787023400399,0.0809,305368.0,0.081,139921.8,0.08095,12.3533045089565,0.37154724855588434
1787023400400,0.0809,307223.2,0.081,139321.8,0.08095,12.3533045089565,0.376001074919661
1787023400439,0.0809,310227.8,0.081,139321.8,0.08095,12.3533045089565,0.3801716206621027
1787023400440,0.0809,310165.9,0.081,139321.8,0.08095,12.3533045089565,0.3800862626496788
1787023400455,0.0809,310165.9,0.081,139921.8,0.08095,12.3533045089565,0.3782465061809066
1787023400456,0.0809,310227.8,0.081,139921.8,0.08095,12.3533045089565,0.3783320034050902
1787023400458,0.0809,310227.8,0.081,139321.8,0.08095,12.3533045089565,0.3801716206621027
1787023400460,0.0809,308157.3,0.081,139321.8,0.08095,12.3533045089565,0.37730365507573427
1787023400462,0.0809,308157.3,0.081,139921.8,0.08095,12.3533045089565,0.3754593775965003
1787023400638,0.0809,308157.3,0.081,139321.8,0.08095,12.3533045089565,0.37730365507573427
1787023400727,0.0809,308157.3,0.081,212500.6,0.08095,12.3533045089565,0.18372274770055344
1787023400728,0.0809,308157.3,0.081,212438.7,0.08095,12.3533045089565,0.1838634949173639
1787023400740,0.0809,310275.0,0.081,212438.7,0.08095,12.3533045089565,0.18716995556075913
1787023400742,0.0809,310275.0,0.081,212500.6,0.08095,12.3533045089565,0.18702938698745694
1787023400800,0.0809,310398.5,0.081,212500.6,0.08095,12.3533045089565,0.18722139701521764
1787023400829,0.0809,310362.2,0.081,212500.6,0.08095,12.3533045089565,0.187164969471915
1787023400902,0.0809,310362.2,0.081,213100.6,0.08095,12.3533045089565,0.18580422524771578
1787023400942,0.0809,309765.4,0.081,213100.6,0.08095,12.3533045089565,0.1848749010262668
1787023400960,0.0809,307714.6,0.081,213100.6,0.08095,12.3533045089565,0.18166520485577223
1787023401244,0.0809,306646.7,0.081,213100.6,0.08095,12.3533045089565,0.17998381136371464
1787023401273,0.0809,308770.2,0.081,213100.6,0.08095,12.3533045089565,0.18332046935754978
1787023401440,0.0809,306362.4,0.081,213100.6,0.08095,12.3533045089565,0.17953501981854342
1787023401460,0.0809,304280.5,0.081,213100.6,0.08095,12.3533045089565,0.17623353462273747
1787023401494,0.0809,305348.4,0.081,213100.6,0.08095,12.3533045089565,0.17793032680167195
1787023401742,0.0809,307471.5,0.081,213100.6,0.08095,12.3533045089565,0.18128305377871767
1787023401743,0.0809,307409.6,0.081,213100.6,0.08095,12.3533045089565,0.18118569050135805
1787023401801,0.0809,307286.1,0.081,213100.6,0.08095,12.3533045089565,0.18099136661255943
1787023401829,0.0809,307258.6,0.081,213100.6,0.08095,12.3533045089565,0.18094808355459072
1787023402087,0.0809,307258.6,0.081,213168.5,0.08095,12.3533045089565,0.18079400553891214
1787023402088,0.0809,307320.5,0.081,213168.5,0.08095,12.3533045089565,0.18089143094282492
1787023402242,0.0809,309415.8,0.081,213168.5,0.08095,12.3533045089565,0.18417564400614406
1787023402690,0.0809,309590.3,0.081,213168.5,0.08095,12.3533045089565,0.18444797103367747
1787023402742,0.0809,311665.9,0.081,213168.5,0.08095,12.3533045089565,0.1876732927567248
1787023402743,0.0809,311604.0,0.081,213168.5,0.08095,12.3533045089565,0.18757747404827807
1787023402845,0.0809,311578.2,0.081,213168.5,0.08095,12.3533045089565,0.18753753001209922
1787023403002,0.0809,310510.3,0.081,213168.5,0.08095,12.3533045089565,0.18588073452658382
1787023403030,0.0809,312982.5,0.081,213168.5,0.08095,12.3533045089565,0.1897059969476443
1787023403032,0.0809,313044.4,0.081,213168.5,0.08095,12.3533045089565,0.18980131425892452
1787023403097,0.0809,313044.4,0.081,214583.1,0.08095,12.3533045089565,0.18661138776883315
1787023403099,0.0809,313044.4,0.081,214521.2,0.08095,12.3533045089565,0.18675061452073446
1787023403257,0.0809,315144.5,0.081,214521.2,0.08095,12.3533045089565,0.18997511071606107
1787023403258,0.0809,315144.5,0.081,214583.1,0.08095,12.3533045089565,0.18983605913680918
1787023403302,0.0809,315144.5,0.081,214706.6,0.08095,12.3533045089565,0.1895587269706527
1787023403739,0.0809,315045.9,0.081,214706.6,0.08095,12.3533045089565,0.18940788387029794
1787023403893,0.0809,315021.6,0.081,214706.6,0.08095,12.3533045089565,0.1893706999174293
1787023403960,0.0809,312900.3,0.081,214706.6,0.08095,12.3533045089565,0.1861114780720267
1787023404300,0.0809,312900.3,0.081,214583.1,0.08095,12.3533045089565,0.18638918305296429
1787023404417,0.0809,312900.3,0.081,209950.1,0.08095,12.3533045089565,0.1969018288979027
1787023404461,0.0809,310753.9,0.081,209950.1,0.08095,12.3533045089565,0.19359136860865295
1787023404518,0.0809,310753.9,0.081,214004.0,0.08095,12.3533045089565,0.18437054496940403
1787023404519,0.0809,310753.9,0.081,213800.1,0.08095,12.3533045089565,0.18483092303175652
1787023404520,0.0809,310753.9,0.081,214004.0,0.08095,12.3533045089565,0.18437054496940403
1787023404596,0.0809,310753.9,0.081,209950.1,0.08095,12.3533045089565,0.19359136860865295
1787023404697,0.0809,310753.9,0.081,214004.0,0.08095,12.3533045089565,0.18437054496940403
1787023404961,0.0809,308644.2,0.081,214004.0,0.08095,12.3533045089565,0.18107820901325214
1787023404990,0.0809,308618.6,0.081,214004.0,0.08095,12.3533045089565,0.18103809517613662
1787023405097,0.0809,308618.6,0.081,213296.7,0.08095,12.3533045089565,0.18263863887492848
1787023405098,0.0809,308618.6,0.081,212589.4,0.08095,12.3533045089565,0.18424352657672174
1787023405122,0.0809,309686.5,0.081,212589.4,0.08095,12.3533045089565,0.1859115076916243
1787023405254,0.0809,309686.5,0.081,212361.4,0.08095,12.3533045089565,0.1864294445011655
1787023405273,0.0809,311865.7,0.081,212361.4,0.08095,12.3533045089565,0.18981143859216745
1787023405274,0.0809,311803.8,0.081,212361.4,0.08095,12.3533045089565,0.18971576136683627
1787023405302,0.0809,311927.3,0.081,212361.4,0.08095,12.3533045089565,0.18990662968704075
1787023405304,0.0809,311989.2,0.081,212361.4,0.08095,12.3533045089565,0.19000226184541416
1787023405627,0.0809,311989.2,0.081,212272.7,0.08095,12.3533045089565,0.19020359862122346
1787023405642,0.0809,311900.4,0.081,212272.7,0.08095,12.3533045089565,0.19006641126757554
1787023405742,0.0809,314022.7,0.081,212272.7,0.08095,12.3533045089565,0.193332489700651
1787023405852,0.0809,312954.8,0.081,212272.7,0.08095,12.3533045089565,0.19169236188127997
1787023405944,0.0809,312910.3,0.081,212272.7,0.08095,12.3533045089565,0.19162387205983433
1787023405961,0.0809,310816.2,0.081,212272.7,0.08095,12.3533045089565,0.1883876717705155
1787023406242,0.0809,312968.3,0.081,212272.7,0.08095,12.3533045089565,0.19171313739788018
1787023406461,0.0809,310852.7,0.081,212272.7,0.08095,12.3533045089565,0.18844430035322313
1787023406639,0.0809,309420.7,0.081,212272.7,0.08095,12.3533045089565,0.18621665522316364
1787023406733,0.0809,310852.7,0.081,212272.7,0.08095,12.3533045089565,0.18844430035322313
1787023406800,0.0809,310729.2,0.081,212272.7,0.08095,12.3533045089565,0.18825266217962114
1787023406989,0.0809,310687.9,0.081,212272.7,0.08095,12.3533045089565,0.18818855569616527
1787023407077,0.0809,310687.9,0.081,208570.6,0.08095,12.3533045089565,0.19665985246269443
1787023407242,0.0809,312799.1,0.081,208570.6,0.08095,12.3533045089565,0.19991284495435768
1787023407243,0.0809,312737.2,0.081,208570.6,0.08095,12.3533045089565,0.19981784274089126
1787023407299,0.0809,312860.7,0.081,208570.6,0.08095,12.3533045089565,0.20000736434502492
1787023407300,0.0809,312922.6,0.081,208570.6,0.08095,12.3533045089565,0.200102321564308
1787023407334,0.0809,312922.6,0.081,209192.5,0.08095,12.3533045089565,0.19867285968170617
1787023407460,0.0809,310810.1,0.081,209192.5,0.08095,12.3533045089565,0.19541748445103924
1787023407726,0.0809,312909.6,0.081,209192.5,0.08095,12.3533045089565,0.1986529071612621
1787023407946,0.0809,310437.4,0.081,209192.5,0.08095,12.3533045089565,0.19484040468033118
1787023407961,0.0809,308308.2,0.081,209192.5,0.08095,12.3533045089565,0.1915276636340782
1787023408061,0.0809,310780.4,0.081,209192.5,0.08095,12.3533045089565,0.19537152801617164
1787023408091,0.0809,310738.2,0.081,209192.5,0.08095,12.3533045089565,0.19530622061747846
1787023408242,0.0809,312859.9,0.081,209192.5,0.08095,12.3533045089565,0.19857661797934464
1787023408442,0.0809,311548.2,0.081,209192.5,0.08095,12.3533045089565,0.19655790300239642
1787023408461,0.0809,309409.2,0.081,209192.5,0.08095,12.3533045089565,0.19324406379693704
1787023408596,0.0809,306937.0,0.081,209192.5,0.08095,12.3533045089565,0.18937979712455885
1787023408614,0.0809,308004.9,0.081,209192.5,0.08095,12.3533045089565,0.1910535513132897
1787023408741,0.0809,310146.5,0.081,209192.5,0.08095,12.3533045089565,0.19438940653407505
1787023408742,0.0809,310084.6,0.081,209192.5,0.08095,12.3533045089565,0.1942933743852752
1787023408865,0.0809,309936.4,0.081,209192.5,0.08095,12.3533045089565,0.19406336268314098
1787023408940,0.0809,312344.2,0.081,209192.5,0.08095,12.3533045089565,0.19778416360727827
1787023408941,0.0809,312406.1,0.081,209192.5,0.08095,12.3533045089565,0.19787936547375698
1787023408960,0.0809,310288.4,0.081,209192.5,0.08095,12.3533045089565,0.19460946494856696
1787023409140,0.0809,307880.6,0.081,209192.5,0.08095,12.3533045089565,0.1908590874288374
1787023409170,0.0809,307852.2,0.081,209192.5,0.08095,12.3533045089565,0.1908146432987322
1787023409257,0.0809,309969.2,0.081,209192.5,0.08095,12.3533045089565,0.19411428077225268
1787023409461,0.0809,307845.7,0.081,209192.5,0.08095,12.3533045089565,0.19080447054008778
1787023409743,0.0809,310253.5,0.081,209192.5,0.08095,12.3533045089565,0.19455535320322034
1787023409814,0.0809,312725.7,0.081,209192.5,0.08095,12.3533045089565,0.19837054925465333
1787023409911,0.0809,312636.0,0.081,209192.5,0.08095,12.3533045089565,0.1982327527147329
1787023409949,0.0809,312636.0,0.081,208570.6,0.08095,12.3533045089565,0.1996624754943625
1787023409951,0.0809,312636.0,0.081,209209.7,0.08095,12.3533045089565,0.19819325904189683
1787023409962,0.0809,310512.9,0.081,209209.7,0.08095,12.3533045089565,0.19491782731788074
1787023410039,0.0809,308105.1,0.081,209209.7,0.08095,12.3533045089565,0.1911706372986042
1787023410066,0.0809,308027.5,0.081,209209.7,0.08095,12.3533045089565,0.19104929034493262
1787023410261,0.0809,309451.7,0.081,209209.7,0.08095,12.3533045089565,0.1932706000485095
1787023410303,0.0809,309328.2,0.081,209209.7,0.08095,12.3533045089565,0.1930784615743613
1787023410460,0.0809,307232.9,0.081,209209.7,0.08095,12.3533045089565,0.18980463656561253
1787023410490,0.0809,307187.1,0.081,209209.7,0.08095,12.3533045089565,0.18973277913418513
1787023410496,0.0809,270234.2,0.081,209209.7,0.08095,12.3533045089565,0.1272818363107759
1787023410509,0.0809,283966.8,0.081,209209.7,0.08095,12.3533045089565,0.1515828511699158
1787023410511,0.0809,283904.9,0.081,209209.7,0.08095,12.3533045089565,0.1514763505278489
1787023410756,0.0809,286026.4,0.081,209209.7,0.08095,12.3533045089565,0.15511126915020937
1787023410757,0.0809,286088.3,0.081,209209.7,0.08095,12.3533045089565,0.15521685934528298
1787023410961,0.0809,284012.7,0.081,209209.7,0.08095,12.3533045089565,0.15166180611423974
1787023411298,0.0809,284136.2,0.081,209209.7,0.08095,12.3533045089565,0.15187417185386562
1787023411320,0.0809,286263.8,0.081,209209.7,0.08095,12.3533045089565,0.15551608713684986
1787023411461,0.0809,284163.7,0.081,209209.7,0.08095,12.3533045089565,0.1519214452988345
1787023411688,0.0809,284163.7,0.081,211457.2,0.08095,12.3533045089565,0.14669780874858182
1787023411689,0.0809,284163.7,0.081,211395.3,0.08095,12.3533045089565,0.14684104213625426
1787023411742,0.0809,286290.9,0.081,211395.3,0.08095,12.3533045089565,0.15048759640110582
1787023411743,0.0809,286229.0,0.081,211457.2,0.08095,12.3533045089565,0.15023884528041964
1787023411745,0.0809,286290.9,0.081,211457.2,0.08095,12.3533045089565,0.15034452165663717
1787023411761,0.0809,286255.9,0.081,211457.2,0.08095,12.3533045089565,0.15028477249242586
1787023412242,0.0809,288360.9,0.081,211457.2,0.08095,12.3533045089565,0.15386337549600546
1787023413014,0.0809,288314.6,0.081,211457.2,0.08095,12.3533045089565,0.15378498746828045
1787023413038,0.0809,288314.6,0.081,210857.2,0.08095,12.3533045089565,0.1551718266136027
1787023413136,0.0809,288314.6,0.081,210218.1,0.08095,12.3533045089565,0.15665271305172154
1787023413139,0.0809,288314.6,0.081,213121.6,0.08095,12.3533045089565,0.14995526848679847
1787023413140,0.0809,288314.6,0.081,213721.6,0.08095,12.3533045089565,0.14858091906519885
1787023413141,0.0809,288314.6,0.081,213659.7,0.08095,12.3533045089565,0.14872255412279067
1787023413143,0.0809,288314.6,0.081,213059.7,0.08095,12.3533045089565,0.15009724271866343
1787023413242,0.0809,290427.2,0.081,213059.7,0.08095,12.3533045089565,0.15366338230448498
1787023413243,0.0809,290365.3,0.081,213121.6,0.08095,12.3533045089565,0.15341749705900984
1787023413244,0.0809,290427.2,0.081,213121.6,0.08095,12.3533045089565,0.15352156533785802
1787023413245,0.0809,290427.2,0.081,213721.6,0.08095,12.3533045089565,0.15214873069220833
1787023413246,0.0809,290427.2,0.081,213121.6,0.08095,12.3533045089565,0.15352156533785802
1787023413395,0.0809,291259.4,0.081,213121.6,0.08095,12.3533045089565,0.15491820667313008
1787023413461,0.0809,289080.2,0.081,213121.6,0.08095,12.3533045089565,0.15125115043394907
1787023413644,0.0809,289080.2,0.081,213721.6,0.08095,12.3533045089565,0.14987734729668828
1787023413778,0.0809,289080.2,0.081,213121.6,0.08095,12.3533045089565,0.15125115043394907
1787023413826,0.0809,289080.2,0.081,213024.2,0.08095,12.3533045089565,0.15147447423284877
1787023413881,0.0809,289912.4,0.081,213024.2,0.08095,12.3533045089565,0.1528785139120915
1787023413960,0.0809,287790.1,0.081,213024.2,0.08095,12.3533045089565,0.14928866847452232
1787023413962,0.0809,287790.1,0.081,213624.2,0.08095,12.3533045089565,0.1479134121224703
1787023413989,0.0809,287751.2,0.081,213624.2,0.08095,12.3533045089565,0.14784730164264143
1787023414026,0.0809,288677.6,0.081,213624.2,0.08095,12.3533045089565,0.14941893499087594
1787023414028,0.0809,288677.6,0.081,213024.2,0.08095,12.3533045089565,0.15079355904244307
1787023414085,0.0809,288677.6,0.081,213624.2,0.08095,12.3533045089565,0.14941893499087594
1787023414108,0.0809,288677.6,0.081,213024.2,0.08095,12.3533045089565,0.15079355904244307
1787023414190,0.0809,289604.0,0.081,213024.2,0.08095,12.3533045089565,0.15235874151112092
1787023414191,0.0809,289542.1,0.081,213024.2,0.08095,12.3533045089565,0.1522543393777099
1787023414192,0.0809,289542.1,0.081,213624.2,0.08095,12.3533045089565,0.15088033518937966
1787023414193,0.0809,289604.0,0.081,213624.2,0.08095,12.3533045089565,0.150984781854435
1787023414194,0.0809,289604.0,0.081,213624.2,0.08095,12.3533045089565,0.150984781854435
1787023414460,0.0809,287451.9,0.081,213624.2,0.08095,12.3533045089565,0.14733829851393832
1787023414700,0.0809,288284.1,0.081,213624.2,0.08095,12.3533045089565,0.14875207283880335
1787023414781,0.0809,288284.1,0.081,214264.8,0.08095,12.3533045089565,0.14728775647504153
1787023414938,0.0809,287216.2,0.081,214264.8,0.08095,12.3533045089565,0.14547191219607528
1787023415029,0.0809,287175.0,0.081,214264.8,0.08095,12.3533045089565,0.1454017012610487
1787023415258,0.0809,289361.7,0.081,214264.8,0.08095,12.3533045089565,0.14911228857099462
1787023415290,0.0809,289361.7,0.081,214655.2,0.08095,12.3533045089565,0.14822221239010042
1787023415372,0.0809,288748.3,0.081,214655.2,0.08095,12.3533045089565,0.1471843163585473
1787023415375,0.0809,288227.2,0.081,214655.2,0.08095,12.3533045089565,0.1463006062650035
1787023415376,0.0809,288948.3,0.081,214655.2,0.08095,12.3533045089565,0.14752300172655666
1787023415380,0.0809,288948.3,0.081,214055.2,0.08095,12.3533045089565,0.1488918069158564
1787023415414,0.0809,288948.3,0.081,214655.2,0.08095,12.3533045089565,0.14752300172655666
1787023415460,0.0809,286837.1,0.081,214655.2,0.08095,12.3533045089565,0.1439342139450595
1787023415594,0.0809,286542.0,0.081,214655.2,0.08095,12.3533045089565,0.14343017079903875
1787023415726,0.0809,288671.9,0.081,214655.2,0.08095,12.3533045089565,0.147054867500677
1787023415886,0.0809,288671.9,0.081,214055.2,0.08095,12.3533045089565,0.14842386654707893
1787023415960,0.0809,286572.4,0.081,214055.2,0.08095,12.3533045089565,0.14485258104027826
1787023415963,0.0809,286572.4,0.081,214655.2,0.08095,12.3533045089565,0.1434821226923657
1787023415988,0.0809,286572.4,0.081,210601.3,0.08095,12.3533045089565,0.15280595091816007
1787023415989,0.0809,286572.4,0.081,210001.3,0.08095,12.3533045089565,0.15419886312948114
1787023416000,0.0809,286572.4,0.081,210601.3,0.08095,12.3533045089565,0.15280595091816007
1787023416052,0.0809,286572.4,0.081,210001.3,0.08095,12.3533045089565,0.15419886312948114
1787023416059,0.0809,286572.4,0.081,210601.3,0.08095,12.3533045089565,0.15280595091816007
1787023416088,0.0809,286572.4,0.081,214016.8,0.08095,12.3533045089565,0.14494040223001223
1787023416089,0.0809,286572.4,0.081,213954.9,0.08095,12.3533045089565,0.14508199652646322
1787023416230,0.0809,286528.2,0.081,213954.9,0.08095,12.3533045089565,0.14500649472479693
1787023416257,0.0809,288682.6,0.081,213954.9,0.08095,12.3533045089565,0.14867115963293623
1787023416258,0.0809,288620.7,0.081,214016.8,0.08095,12.3533045089565,0.14842485886946363
1787023416259,0.0809,288682.6,0.081,214016.8,0.08095,12.3533045089565,0.1485297177597586
1787023416274,0.0809,288682.6,0.081,213416.8,0.08095,12.3533045089565,0.14990219068176538
1787023416461,0.0809,286560.9,0.081,213416.8,0.08095,12.3533045089565,0.1462947247447237
1787023416462,0.0809,286560.9,0.081,214016.8,0.08095,12.3533045089565,0.14492075855556497
1787023416593,0.0809,286560.9,0.081,213416.8,0.08095,12.3533045089565,0.1462947247447237
1787023416741,0.0809,288678.7,0.081,213416.8,0.08095,12.3533045089565,0.1498955875924003
1787023416752,0.0809,287246.7,0.081,213416.8,0.08095,12.3533045089565,0.14746411511923682
1787023416845,0.0809,288678.7,0.081,213416.8,0.08095,12.3533045089565,0.1498955875924003
1787023416867,0.0809,288678.7,0.081,213484.8,0.08095,12.3533045089565,0.1497398755584586
1787023416960,0.0809,286537.1,0.081,213484.8,0.08095,12.3533045089565,0.14609820089880063
1787023417242,0.0809,288647.0,0.081,213484.8,0.08095,12.3533045089565,0.14968619792652052
1787023417461,0.0809,286530.0,0.081,213484.8,0.08095,12.3533045089565,0.1460860758521548
1787023417489,0.0809,286479.5,0.081,213484.8,0.08095,12.3533045089565,0.14599982438746129
1787023417536,0.0809,286479.5,0.081,214084.8,0.08095,12.3533045089565,0.144626174899009
1787023417621,0.0809,286479.5,0.081,213484.8,0.08095,12.3533045089565,0.14599982438746129
1787023417723,0.0809,286479.5,0.081,214084.8,0.08095,12.3533045089565,0.144626174899009
1787023417725,0.0809,286479.5,0.081,213484.8,0.08095,12.3533045089565,0.14599982438746129
1787023417745,0.0809,288577.9,0.081,213484.8,0.08095,12.3533045089565,0.14956916735698556
1787023417746,0.0809,288516.0,0.081,213484.8,0.08095,12.3533045089565,0.149464303642544
1787023417855,0.0809,288516.0,0.081,214084.8,0.08095,12.3533045089565,0.1480920842147486
1787023417856,0.0809,288577.9,0.081,214084.8,0.08095,12.3533045089565,0.14819699174018688
1787023417857,0.0809,288577.9,0.081,213484.8,0.08095,12.3533045089565,0.14956916735698556
1787023418258,0.0809,290698.1,0.081,213484.8,0.08095,12.3533045089565,0.1531454160781732
1787023418468,0.0809,290698.1,0.081,214084.8,0.08095,12.3533045089565,0.1517747530671106
1787023418500,0.0809,290698.1,0.081,213484.8,0.08095,12.3533045089565,0.1531454160781732
1787023418621,0.0809,290658.3,0.081,213484.8,0.08095,12.3533045089565,0.15307856043254386
1787023418622,0.0809,290658.3,0.081,214084.8,0.08095,12.3533045089565,0.1517078688148486
1787023418726,0.0809,292798.3,0.081,214084.8,0.08095,12.3533045089565,0.15528925702987534
1787023418727,0.0809,292736.4,0.081,214084.8,0.08095,12.3533045089565,0.15518608929539654
1787023418728,0.0809,292736.4,0.081,213484.8,0.08095,12.3533045089565,0.15655527662610738
1787023418839,0.0809,295144.2,0.081,213484.8,0.08095,12.3533045089565,0.16054806155370618
1787023418840,0.0809,295206.1,0.081,213484.8,0.08095,12.3533045089565,0.16065021017674977
1787023418961,0.0809,293084.6,0.081,213484.8,0.08095,12.3533045089565,0.15713503421248895
1787023418963,0.0809,293084.6,0.081,214084.8,0.08095,12.3533045089565,0.15576610103054322
1787023418964,0.0809,293084.6,0.081,214022.9,0.08095,12.3533045089565,0.15590717944420066
1787023419040,0.0809,290676.8,0.081,214022.9,0.08095,12.3533045089565,0.15188021708750768
1787023419075,0.0809,290676.8,0.081,213422.9,0.08095,12.3533045089565,0.15325123184957262
1787023419270,0.0809,290676.8,0.081,212926.2,0.08095,12.3533045089565,0.15438867520646218
1787023419461,0.0809,288549.2,0.081,212926.2,0.08095,12.3533045089565,0.1508010163609222
1787023419463,0.0809,288549.2,0.081,213526.2,0.08095,12.3533045089565,0.14942576354069528
1787023419464,0.0809,288549.2,0.081,213588.1,0.08095,12.3533045089565,0.1492840703130399
1787023419477,0.0809,288549.2,0.081,212988.1,0.08095,12.3533045089565,0.15065898388813753
1787023419727,0.0809,290714.0,0.081,212988.1,0.08095,12.3533045089565,0.15430926335228698
1787023419849,0.0809,290665.3,0.081,212988.1,0.08095,12.3533045089565,0.15422749057188928
1787023419961,0.0809,288538.1,0.081,212988.1,0.08095,12.3533045089565,0.15064018589656927
1787023419962,0.0809,288538.1,0.081,213588.1,0.08095,12.3533045089565,0.14926526438970916
1787023420034,0.0809,288538.1,0.081,212988.1,0.08095,12.3533045089565,0.15064018589656927
1787023420273,0.0809,290707.5,0.081,212988.1,0.08095,12.3533045089565,0.1542983500352197
1787023420274,0.0809,290645.6,0.081,212988.1,0.08095,12.3533045089565,0.15419440756248037
1787023420275,0.0809,290645.6,0.081,213588.1,0.08095,12.3533045089565,0.1528210034355101
1787023420276,0.0809,290707.5,0.081,213588.1,0.08095,12.3533045089565,0.15292499081887687
1787023420277,0.0809,290707.5,0.081,212988.1,0.08095,12.3533045089565,0.1542983500352197
1787023420461,0.0809,288602.5,0.081,212988.1,0.08095,12.3533045089565,0.15074923652875472
1787023420462,0.0809,288602.5,0.081,213588.1,0.08095,12.3533045089565,0.1493743610493705
1787023420548,0.0809,288602.5,0.081,212988.1,0.08095,12.3533045089565,0.15074923652875472
1787023420815,0.0809,288602.5,0.081,209572.6,0.08095,12.3533045089565,0.15863879989184526
1787023420940,0.0809,291010.3,0.081,209572.6,0.08095,12.3533045089565,0.16268574096318508
1787023420941,0.0809,291010.3,0.081,213518.4,0.08095,12.3533045089565,0.15359264993250135
1787023420942,0.0809,291010.3,0.081,214056.5,0.08095,12.3533045089565,0.15236360814054695
1787023420943,0.0809,291010.3,0.081,213518.4,0.08095,12.3533045089565,0.15359264993250135
1787023420944,0.0809,291010.3,0.081,214118.4,0.08095,12.3533045089565,0.15222239401562415
1787023420945,0.0809,291010.3,0.081,213518.4,0.08095,12.3533045089565,0.15359264993250135
1787023420946,0.0809,291010.3,0.081,213518.4,0.08095,12.3533045089565,0.15359264993250135
1787023421038,0.0809,288602.5,0.081,213518.4,0.08095,12.3533045089565,0.14953390707297784
1787023421049,0.0809,288602.5,0.081,214118.4,0.08095,12.3533045089565,0.1481619323962859
1787023421067,0.0809,288558.9,0.081,214118.4,0.08095,12.3533045089565,0.14808804773957374
1787023421299,0.0809,288435.4,0.081,214118.4,0.08095,12.3533045089565,0.14787869477854912
1787023421348,0.0809,288435.4,0.081,213518.4,0.08095,12.3533045089565,0.1492507876222872
1787023421469,0.0809,290583.1,0.081,213518.4,0.08095,12.3533045089565,0.15287536339407834
1787023421470,0.0809,290521.2,0.081,213518.4,0.08095,12.3533045089565,0.1527713298717006
1787023421471,0.0809,290521.2,0.081,214118.4,0.08095,12.3533045089565,0.15140072241655236
1787023421472,0.0809,290583.1,0.081,214118.4,0.08095,12.3533045089565,0.15150480036219424
1787023421499,0.0809,288470.5,0.081,214118.4,0.08095,12.3533045089565,0.1479382055592553
1787023421625,0.0809,290624.6,0.081,214118.4,0.08095,12.3533045089565,0.15157456368884756
1787023421727,0.0809,292778.3,0.081,214118.4,0.08095,12.3533045089565,0.15517934916522438
1787023421731,0.0809,292778.3,0.081,206517.3,0.08095,12.3533045089565,0.17276539188408632
1787023421736,0.0809,292778.3,0.081,214120.0,0.08095,12.3533045089565,0.15517570289740562
1787023421738,0.0809,292778.3,0.081,214058.1,0.08095,12.3533045089565,0.15531678466661034
1787023422038,0.0809,292449.8,0.081,214058.1,0.08095,12.3533045089565,0.1547689581939393
1787023422062,0.0809,292340.8,0.081,214058.1,0.08095,12.3533045089565,0.15458702615665235
1787023422086,0.0809,292320.4,0.081,214058.1,0.08095,12.3533045089565,0.15455296778990424
1787023422523,0.0809,291599.3,0.081,214058.1,0.08095,12.3533045089565,0.1533473059031668
1787023422528,0.0809,292320.5,0.081,214058.1,0.08095,12.3533045089565,0.15455313474937526
1787023422529,0.0809,292320.5,0.081,214120.0,0.08095,12.3533045089565,0.15441201878601732
1787023422632,0.0809,292320.5,0.081,213520.0,0.08095,12.3533045089565,0.15578131841954135
1787023422726,0.0809,294422.4,0.081,213520.0,0.08095,12.3533045089565,0.15927475241287206
1787023422728,0.0809,294360.5,0.081,213520.0,0.08095,12.3533045089565,0.15917228560655508
1787023423037,0.0809,294632.7,0.081,213520.0,0.08095,12.3533045089565,0.1596226882195057
1787023423038,0.0809,294694.6,0.081,213520.0,0.08095,12.3533045089565,0.1597250452859874
1787023423041,0.0809,294211.6,0.081,213520.0,0.08095,12.3533045089565,0.1589257001139972
1787023423202,0.0809,294186.1,0.081,213520.0,0.08095,12.3533045089565,0.158883456393374
1787023423242,0.0809,296317.0,0.081,213520.0,0.08095,12.3533045089565,0.1623989628057595
1787023423267,0.0809,296142.5,0.081,213520.0,0.08095,12.3533045089565,0.16211218208127928
1787023423298,0.0809,296266.0,0.081,213520.0,0.08095,12.3533045089565,0.1623151675408897
1787023423461,0.0809,294079.3,0.081,213520.0,0.08095,12.3533045089565,0.15870648363778278
1787023423960,0.0809,291949.4,0.081,213520.0,0.08095,12.3533045089565,0.15516151917405885
1787023424309,0.0809,291603.6,0.081,213520.0,0.08095,12.3533045089565,0.15458315548907234
1787023424311,0.0809,291603.6,0.081,214120.0,0.08095,12.3533045089565,0.15321333629674388
1787023424312,0.0809,291567.2,0.081,214120.0,0.08095,12.3533045089565,0.15315238352879015
1787023424461,0.0809,289412.8,0.081,214120.0,0.08095,12.3533045089565,0.149529087280908
1787023424803,0.0809,289412.8,0.081,214243.5,0.08095,12.3533045089565,0.1492472148169297
1787023424804,0.0809,289289.3,0.081,214243.5,0.08095,12.3533045089565,0.14903855319852052
1787023424961,0.0809,287171.5,0.081,214243.5,0.08095,12.3533045089565,0.14544439236959406
1787023425040,0.0809,286899.3,0.081,214243.5,0.08095,12.3533045089565,0.14498023317904596
1787023425099,0.0809,286899.3,0.081,214933.9,0.08095,12.3533045089565,0.14340501983527595
1787023425100,0.0809,286899.3,0.081,215624.3,0.08095,12.3533045089565,0.14183413475506423
1787023425101,0.0809,286899.3,0.081,215562.4,0.08095,12.3533045089565,0.1419748012634595
1787023425269,0.0809,289120.2,0.081,215562.4,0.08095,12.3533045089565,0.14575061632796538
1787023425270,0.0809,289058.3,0.081,215624.3,0.08095,12.3533045089565,0.1455053136367293
1787023425271,0.0809,289120.2,0.081,215624.3,0.08095,12.3533045089565,0.14561010570694682
1787023425455,0.0809,287010.3,0.081,215624.3,0.08095,12.3533045089565,0.1420236489887485
1787023425457,0.0809,287010.3,0.081,215559.4,0.08095,12.3533045089565,0.14217112571649265
1787023425462,0.0809,287010.3,0.081,215685.3,0.08095,12.3533045089565,0.14188506921484892
1787023425484,0.0809,286961.5,0.081,215685.3,0.08095,12.3533045089565,0.14180175821272514
1787023425748,0.0809,289125.9,0.081,215685.3,0.08095,12.3533045089565,0.1454813205412242
1787023425753,0.0809,275393.3,0.081,215685.3,0.08095,12.3533045089565,0.1215854244106748
1787023425760,0.0809,321565.7,0.081,215685.3,0.08095,12.3533045089565,0.19707808826786738
1787023425761,0.0809,321299.9,0.081,215685.3,0.08095,12.3533045089565,0.19668065339603408
1787023425796,0.0809,321503.8,0.081,215685.3,0.08095,12.3533045089565,0.19698556802436984
1787023425798,0.0809,321565.7,0.081,215685.3,0.08095,12.3533045089565,0.19707808826786738
1787023425971,0.0809,319467.3,0.081,215685.3,0.08095,12.3533045089565,0.19392973144482528
1787023426041,0.0809,319735.0,0.081,215685.3,0.08095,12.3533045089565,0.19433275129837252
1787023426100,0.0809,319735.0,0.081,214304.5,0.08095,12.3533045089565,0.19742079003519403
1787023426253,0.0809,321923.4,0.081,214304.5,0.08095,12.3533045089565,0.2006961965239034
1787023426455,0.0809,319803.2,0.081,214304.5,0.08095,12.3533045089565,0.1975232710556317
1787023426521,0.0809,319082.0,0.081,214304.5,0.08095,12.3533045089565,0.1964382300639405
1787023426528,0.0809,319917.6,0.081,214304.5,0.08095,12.3533045089565,0.197695115945222
1787023426628,0.0809,319879.9,0.081,214304.5,0.08095,12.3533045089565,0.19763849337419817
1787023426737,0.0809,322031.1,0.081,214304.5,0.08095,12.3533045089565,0.2008567024079699
1787023426738,0.0809,321969.2,0.081,214304.5,0.08095,12.3533045089565,0.20076446038655266
1787023426874,0.0809,320537.2,0.081,214304.5,0.08095,12.3533045089565,0.19862456498810774
1787023426955,0.0809,318397.2,0.081,214304.5,0.08095,12.3533045089565,0.19540523336043422
1787023426966,0.0809,319829.2,0.081,214304.5,0.08095,12.3533045089565,0.19756233317613178
1787023426967,0.0809,319891.1,0.081,214304.5,0.08095,12.3533045089565,0.19765531576823167
1787023427237,0.0809,322041.1,0.081,214304.5,0.08095,12.3533045089565,0.20087160219082617
1787023427298,0.0809,322041.1,0.081,214181.0,0.08095,12.3533045089565,0.2011481809496475
1787023427303,0.0809,322041.1,0.081,213790.6,0.08095,12.3533045089565,0.20202332187513353
1787023427440,0.0809,324448.9,0.081,213790.6,0.08095,12.3533045089565,0.2055930491909271
1787023427441,0.0809,324387.0,0.081,213790.6,0.08095,12.3533045089565,0.20550167825639715
1787023427442,0.0809,324387.0,0.081,213858.5,0.08095,12.3533045089565,0.2053496034801963
1787023427443,0.0809,324448.9,0.081,213858.5,0.08095,12.3533045089565,0.20544098037663985
1787023427721,0.0809,326587.2,0.081,213858.5,0.08095,12.3533045089565,0.20858469222717477
1787023427838,0.0809,324179.4,0.081,213858.5,0.08095,12.3533045089565,0.20504299046591332
1787023427868,0.0809,324147.4,0.081,213858.5,0.08095,12.3533045089565,0.20499570729614677
1787023427957,0.0809,321982.6,0.081,213858.5,0.08095,12.3533045089565,0.20178388705159045
1787023428191,0.0809,322044.5,0.081,213858.5,0.08095,12.3533045089565,0.2018760857841811
1787023428228,0.0809,322219.0,0.081,213858.5,0.08095,12.3533045089565,0.20213588520316558
1787023428237,0.0809,324378.8,0.081,213858.5,0.08095,12.3533045089565,0.205337497048235
1787023428238,0.0809,324316.9,0.081,213258.5,0.08095,12.3533045089565,0.20659129863457298
1787023428456,0.0809,322147.5,0.081,213258.5,0.08095,12.3533045089565,0.20337650306496377
1787023428457,0.0809,322147.5,0.081,213858.5,0.08095,12.3533045089565,0.20202945489416163
1787023428458,0.0809,322209.4,0.081,213858.5,0.08095,12.3533045089565,0.20212159690964526
1787023428640,0.0809,322507.8,0.081,213858.5,0.08095,12.3533045089565,0.2025654855646225
1787023428641,0.0809,324915.6,0.081,213858.5,0.08095,12.3533045089565,0.2061292478610237
1787023428721,0.0809,327095.1,0.081,213858.5,0.08095,12.3533045089565,0.2093277501064786
1787023428722,0.0809,327033.2,0.081,213858.5,0.08095,12.3533045089565,0.20923726505694212
1787023428742,0.0809,327033.2,0.081,213258.5,0.08095,12.3533045089565,0.21058013661879318
1787023428799,0.0809,327156.7,0.081,213258.5,0.08095,12.3533045089565,0.2107605411542829
1787023428800,0.0809,327218.6,0.081,213258.5,0.08095,12.3533045089565,0.21085093151957776
1787023428959,0.0809,325070.9,0.081,213258.5,0.08095,12.3533045089565,0.20770257021072974
1787023429043,0.0809,325070.9,0.081,213858.5,0.08095,12.3533045089565,0.2063580127564019
1787023429148,0.0809,325043.0,0.081,213858.5,0.08095,12.3533045089565,0.2063169243358944
1787023429149,0.0809,325043.0,0.081,213258.5,0.08095,12.3533045089565,0.20766150568036687
1787023429237,0.0809,327205.3,0.081,213258.5,0.08095,12.3533045089565,0.21083151174972306
1787023429455,0.0809,325051.2,0.081,213258.5,0.08095,12.3533045089565,0.2076735752671743
1787023429457,0.0809,325051.2,0.081,213858.5,0.08095,12.3533045089565,0.20632900094394296
1787023429540,0.0809,325051.2,0.081,213258.5,0.08095,12.3533045089565,0.2076735752671743
1787023429541,0.0809,322345.0,0.081,213258.5,0.08095,12.3533045089565,0.20367025234151756
1787023429542,0.0809,322345.0,0.081,213858.5,0.08095,12.3533045089565,0.2023233716303605
1787023429553,0.0809,322345.0,0.081,213258.5,0.08095,12.3533045089565,0.20367025234151756
1787023429626,0.0809,322345.0,0.081,213858.5,0.08095,12.3533045089565,0.2023233716303605
1787023429640,0.0809,324752.8,0.081,213858.5,0.08095,12.3533045089565,0.20588929344779802
1787023429641,0.0809,324690.9,0.081,213258.5,0.08095,12.3533045089565,0.20714290228783602
1787023429737,0.0809,326868.5,0.081,213258.5,0.08095,12.3533045089565,0.21033942017340365
1787023429738,0.0809,326930.4,0.081,213258.5,0.08095,12.3533045089565,0.21042990701956302
1787023429854,0.0809,326930.4,0.081,213648.9,0.08095,12.3533045089565,0.20955574880503197
1787023429856,0.0809,326930.4,0.081,214248.9,0.08095,12.3533045089565,0.20821472661648371
1787023429857,0.0809,326930.4,0.081,214187.0,0.08095,12.3533045089565,0.20835293782827907
1787023429858,0.0809,326930.4,0.081,213587.0,0.08095,12.3533045089565,0.2096942670115708
1787023429956,0.0809,324776.7,0.081,213587.0,0.08095,12.3533045089565,0.2065326841315639
1787023429957,0.0809,324776.7,0.081,214187.0,0.08095,12.3533045089565,0.20518951461851703
1787023429958,0.0809,324776.7,0.081,214248.9,0.08095,12.3533045089565,0.20505111445541738
1787023430135,0.0809,324776.7,0.081,213648.9,0.08095,12.3533045089565,0.2063939753236102
1787023430141,0.0809,322368.9,0.081,213648.9,0.08095,12.3533045089565,0.20282908515351547
1787023430142,0.0809,322368.9,0.081,214248.9,0.08095,12.3533045089565,0.20148418483322772
1787023430253,0.0809,324553.0,0.081,214248.9,0.08095,12.3533045089565,0.20472106724196779
1787023430254,0.0809,324553.0,0.081,213648.9,0.08095,12.3533045089565,0.20606411831693644
1787023430282,0.0809,324506.4,0.081,213648.9,0.08095,12.3533045089565,0.20599536973806634
1787023430283,0.0809,324506.4,0.081,214248.9,0.08095,12.3533045089565,0.2046522790587861
1787023430298,0.0809,324382.9,0.081,214248.9,0.08095,12.3533045089565,0.20446991804048706
1787023430372,0.0809,323456.5,0.081,214248.9,0.08095,12.3533045089565,0.20309931795366012
1787023430817,0.0809,325619.0,0.081,214248.9,0.08095,12.3533045089565,0.20629139091248064
1787023430818,0.0809,325557.1,0.081,213648.9,0.08095,12.3533045089565,0.2075425718556544
1787023430819,0.0809,325557.1,0.081,214248.9,0.08095,12.3533045089565,0.20620037569052582
1787023430820,0.0809,325619.0,0.081,213648.9,0.08095,12.3533045089565,0.20763353427860254
1787023430959,0.0809,323517.1,0.081,213648.9,0.08095,12.3533045089565,0.20453304937393652
1787023430962,0.0809,323517.1,0.081,214248.9,0.08095,12.3533045089565,0.203189119431128
1787023431041,0.0809,325924.9,0.081,214248.9,0.08095,12.3533045089565,0.20674086747635673
1787023431042,0.0809,325924.9,0.081,213648.9,0.08095,12.3533045089565,0.20808274975545518
1787023431057,0.0809,324998.5,0.081,213648.9,0.08095,12.3533045089565,0.20672076018560565
1787023431059,0.0809,324998.5,0.081,214248.9,0.08095,12.3533045089565,0.20537808805383206
1787023431105,0.0809,325684.2,0.081,214248.9,0.08095,12.3533045089565,0.20638723575198487
1787023431106,0.0809,325684.2,0.081,213648.9,0.08095,12.3533045089565,0.20772932349229078
1787023431138,0.0809,323276.4,0.081,213648.9,0.08095,12.3533045089565,0.20417644689121564
1787023431140,0.0809,323276.4,0.081,214248.9,0.08095,12.3533045089565,0.2028323131953045
1787023431237,0.0809,325444.6,0.081,214248.9,0.08095,12.3533045089565,0.20603490684990644
1787023431239,0.0809,325382.7,0.081,213648.9,0.08095,12.3533045089565,0.20728617765637491
1787023431240,0.0809,325382.7,0.081,214248.9,0.08095,12.3533045089565,0.2059438327925941
1787023431241,0.0809,325444.6,0.081,213648.9,0.08095,12.3533045089565,0.2073771989460084
1787023431242,0.0809,325444.6,0.081,214248.9,0.08095,12.3533045089565,0.20603490684990644
1787023431243,0.0809,325444.6,0.081,213648.9,0.08095,12.3533045089565,0.2073771989460084
1787023431260,0.0809,325408.6,0.081,213648.9,0.08095,12.3533045089565,0.20732426503666118
1787023431261,0.0809,325408.6,0.081,214248.9,0.08095,12.3533045089565,0.20598194225040878
1787023431353,0.0809,325408.6,0.081,213648.9,0.08095,12.3533045089565,0.20732426503666118
1787023431455,0.0809,323277.7,0.081,213648.9,0.08095,12.3533045089565,0.20417837372929562
1787023431458,0.0809,323277.7,0.081,214248.9,0.08095,12.3533045089565,0.20283424113336906
1787023431579,0.0809,323277.7,0.081,213648.9,0.08095,12.3533045089565,0.20417837372929562
1787023431737,0.0809,325445.7,0.081,213648.9,0.08095,12.3533045089565,0.20737881625970658
1787023431956,0.0809,325445.7,0.081,214248.9,0.08095,12.3533045089565,0.2060365251014185
1787023432069,0.0809,325449.3,0.081,214248.9,0.08095,12.3533045089565,0.2060418211511545
1787023432071,0.0809,325449.3,0.081,213648.9,0.08095,12.3533045089565,0.20738410924020895
1787023432098,0.0809,324763.6,0.081,213648.9,0.08095,12.3533045089565,0.20637466626424902
1787023432101,0.0809,324763.6,0.081,214248.9,0.08095,12.3533045089565,0.20503179425338
1787023432253,0.0809,326900.6,0.081,214248.9,0.08095,12.3533045089565,0.2081711246152865
1787023432254,0.0809,326838.7,0.081,213648.9,0.08095,12.3533045089565,0.20942164075549563
1787023432255,0.0809,326838.7,0.081,214248.9,0.08095,12.3533045089565,0.20808054000867887
1787023432256,0.0809,326900.6,0.081,214248.9,0.08095,12.3533045089565,0.2081711246152865
1787023432257,0.0809,326900.6,0.081,213648.9,0.08095,12.3533045089565,0.2095121723357435
1787023432376,0.0809,326900.6,0.081,213648.9,0.08095,12.3533045089565,0.2095121723357435
1787023432378,0.0809,326900.6,0.081,214248.9,0.08095,12.3533045089565,0.2081711246152865
1787023432379,0.0809,326900.6,0.081,213648.9,0.08095,12.3533045089565,0.2095121723357435
1787023432642,0.0809,326855.9,0.081,213648.9,0.08095,12.3533045089565,0.20944679862232493
1787023432643,0.0809,326855.9,0.081,214248.9,0.08095,12.3533045089565,0.20810571260872204
1787023432737,0.0809,328972.9,0.081,214248.9,0.08095,12.3533045089565,0.21119181888503005
1787023432739,0.0809,328972.9,0.081,213648.9,0.08095,12.3533045089565,0.21253108518677286
1787023432951,0.0809,328972.9,0.081,214248.9,0.08095,12.3533045089565,0.21119181888503005
1787023433067,0.0809,328882.9,0.081,214248.9,0.08095,12.3533045089565,0.2110611089242059
1787023433079,0.0809,328882.9,0.081,214380.0,0.08095,12.3533045089565,0.2107688561099976
1787023433238,0.0809,331030.9,0.081,214380.0,0.08095,12.3533045089565,0.21387709706571692
1787023433240,0.0809,330969.0,0.081,213780.0,0.08095,12.3533045089565,0.21512476388208146
1787023433433,0.0809,330969.0,0.081,214380.0,0.08095,12.3533045089565,0.2137878679524488
1787023433434,0.0809,331030.9,0.081,214380.0,0.08095,12.3533045089565,0.21387709706571692
1787023433436,0.0809,331030.9,0.081,213780.0,0.08095,12.3533045089565,0.2152139393686874
1787023433439,0.0809,331329.3,0.081,213780.0,0.08095,12.3533045089565,0.2156435415796428
1787023433440,0.0809,333737.1,0.081,213780.0,0.08095,12.3533045089565,0.21909288312639
1787023433471,0.0809,331516.2,0.081,213780.0,0.08095,12.3533045089565,0.21591237936372934
1787023433537,0.0809,331217.8,0.081,213780.0,0.08095,12.3533045089565,0.2154830716747847
1787023433583,0.0809,332296.7,0.081,213780.0,0.08095,12.3533045089565,0.21703306513535556
1787023433683,0.0809,332257.2,0.081,213780.0,0.08095,12.3533045089565,0.21697642578197973
1787023433684,0.0809,332257.2,0.081,214380.0,0.08095,12.3533045089565,0.2156406479471211
1787023433685,0.0809,332257.2,0.081,214318.1,0.08095,12.3533045089565,0.21577832002287697
1787023433686,0.0809,332257.2,0.081,213718.1,0.08095,12.3533045089565,0.2171144005965105
1787023433971,0.0809,330092.8,0.081,213718.1,0.08095,12.3533045089565,0.2139984689530864
1787023434037,0.0809,330391.2,0.081,213718.1,0.08095,12.3533045089565,0.21442952730269452
1787023434038,0.0809,330391.2,0.081,213780.0,0.08095,12.3533045089565,0.2142913847700871
1787023434099,0.0809,331074.5,0.081,213780.0,0.08095,12.3533045089565,0.21527673901931615
1787023434101,0.0809,331012.6,0.081,213780.0,0.08095,12.3533045089565,0.215187577804838
1787023434157,0.0809,331012.6,0.081,213648.9,0.08095,12.3533045089565,0.21548007340338904
1787023434160,0.0809,331012.6,0.081,213866.8,0.08095,12.3533045089565,0.21499399683673123
1787023434161,0.0809,331074.5,0.081,213866.8,0.08095,12.3533045089565,0.2150831658382288
1787023434173,0.0809,331074.5,0.081,209921.0,0.08095,12.3533045089565,0.22394548568333747
1787023434241,0.0809,330776.1,0.081,209921.0,0.08095,12.3533045089565,0.22351719659676367
1787023434242,0.0809,328368.3,0.081,209921.0,0.08095,12.3533045089565,0.22004394291322524
1787023434274,0.0809,328368.3,0.081,214195.6,0.08095,12.3533045089565,0.21043180351659957
1787023434276,0.0809,328368.3,0.081,214795.6,0.08095,12.3533045089565,0.20909471340050392
1787023434471,0.0809,326179.9,0.081,214795.6,0.08095,12.3533045089565,0.2058952762186088
1787023434514,0.0809,326179.9,0.081,207192.9,0.08095,12.3533045089565,0.22308411677535867
1787023434515,0.0809,326179.9,0.081,206592.9,0.08095,12.3533045089565,0.22446153407231004
1787023434517,0.0809,326179.9,0.081,214198.6,0.08095,12.3533045089565,0.20722752663179608
1787023434518,0.0809,326179.9,0.081,214798.6,0.08095,12.3533045089565,0.2058885889180439
1787023434628,0.0809,326179.9,0.081,214198.6,0.08095,12.3533045089565,0.20722752663179608
1787023434638,0.0809,328587.7,0.081,214198.6,0.08095,12.3533045089565,0.21074426528451437
1787023434658,0.0809,328564.0,0.081,214198.6,0.08095,12.3533045089565,0.21070980203868137
1787023434659,0.0809,328564.0,0.081,214798.6,0.08095,12.3533045089565,0.2093728939017886
1787023434660,0.0809,328564.0,0.081,214736.7,0.08095,12.3533045089565,0.20951068165382447
1787023434661,0.0809,328564.0,0.081,214136.7,0.08095,12.3533045089565,0.21084789461299755
1787023434971,0.0809,326412.8,0.081,214136.7,0.08095,12.3533045089565,0.20770734225080215
1787023434973,0.0809,326412.8,0.081,214736.7,0.08095,12.3533045089565,0.20636829563734232
1787023434974,0.0809,326412.8,0.081,214798.6,0.08095,12.3533045089565,0.2062303196126319
1787023435029,0.0809,326412.8,0.081,214198.6,0.08095,12.3533045089565,0.20756905977195445
1787023435237,0.0809,328643.5,0.081,214198.6,0.08095,12.3533045089565,0.2108253947142272
1787023435238,0.0809,328581.6,0.081,214198.6,0.08095,12.3533045089565,0.21073539528523696
1787023435239,0.0809,326173.8,0.081,214198.6,0.08095,12.3533045089565,0.20721857741068933
1787023435471,0.0809,324023.8,0.081,214198.6,0.08095,12.3533045089565,0.20405170799282968
1787023435639,0.0809,324322.2,0.081,214198.6,0.08095,12.3533045089565,0.20449275125491903
1787023435640,0.0809,327090.3,0.081,214198.6,0.08095,12.3533045089565,0.20856089973394978
1787023435667,0.0809,327051.8,0.081,214198.6,0.08095,12.3533045089565,0.20850460341461174
1787023435737,0.0809,329226.5,0.081,214198.6,0.08095,12.3533045089565,0.2116720409123539
1787023435738,0.0809,329164.6,0.081,214198.6,0.08095,12.3533045089565,0.21158223449803001
1787023435839,0.0809,328530.2,0.081,214198.6,0.08095,12.3533045089565,0.21066064671710805
1787023435955,0.0809,326391.9,0.081,214198.6,0.08095,12.3533045089565,0.20753842326123012
1787023435989,0.0809,325559.7,0.081,214198.6,0.08095,12.3533045089565,0.20631660504340554
1787023436101,0.0809,325559.7,0.081,214798.6,0.08095,12.3533045089565,0.20497714201854583
1787023436102,0.0809,326303.4,0.081,214798.6,0.08095,12.3533045089565,0.20606983526211328
1787023436103,0.0809,326303.4,0.081,214198.6,0.08095,12.3533045089565,0.2074086682380454
1787023436174,0.0809,333207.1,0.081,214198.6,0.08095,12.3533045089565,0.21740456849462836
1787023436175,0.0809,333145.2,0.081,214198.6,0.08095,12.3533045089565,0.21731606350524113
1787023436253,0.0809,335345.0,0.081,214198.6,0.08095,12.3533045089565,0.22044911450156093
1787023436254,0.0809,335406.9,0.081,214198.6,0.08095,12.3533045089565,0.22053691238533824
1787023436456,0.0809,333247.1,0.081,214198.6,0.08095,12.3533045089565,0.21746175008772556
1787023436462,0.0809,332414.9,0.081,214198.6,0.08095,12.3533045089565,0.2162703628798045
1787023436638,0.0809,332116.5,0.081,214198.6,0.08095,12.3533045089565,0.2158422858895901
1787023436722,0.0809,334279.0,0.081,214198.6,0.08095,12.3533045089565,0.21893400933784715
1787023436752,0.0809,334261.9,0.081,214198.6,0.08095,12.3533045089565,0.21890965712207172
1787023436849,0.0809,334261.9,0.081,214798.6,0.08095,12.3533045089565,0.2175776622066239
1787023436940,0.0809,334261.9,0.081,214198.6,0.08095,12.3533045089565,0.21890965712207172
1787023436971,0.0809,332082.4,0.081,214198.6,0.08095,12.3533045089565,0.21579333712869386
1787023436994,0.0809,330650.4,0.081,214198.6,0.08095,12.3533045089565,0.21373224508074717
1787023437018,0.0809,330650.4,0.081,214798.6,0.08095,12.3533045089565,0.2123971260374481
1787023437082,0.0809,330646.8,0.081,214798.6,0.08095,12.3533045089565,0.21239192777132226
1787023437088,0.0809,332078.8,0.081,214798.6,0.08095,12.3533045089565,0.21445428170920938
1787023437090,0.0809,332078.8,0.081,214198.6,0.08095,12.3533045089565,0.21578816916094273
1787023437095,0.0809,332082.4,0.081,214798.6,0.08095,12.3533045089565,0.21445945278771802
1787023437097,0.0809,332082.4,0.081,214198.6,0.08095,12.3533045089565,0.21579333712869386
1787023437100,0.0809,331400.6,0.081,214198.6,0.08095,12.3533045089565,0.21481336482898064
1787023437101,0.0809,331400.6,0.081,214798.6,0.08095,12.3533045089565,0.2134788919500431
1787023437238,0.0809,331400.6,0.081,210524.0,0.08095,12.3533045089565,0.22305058674214084
1787023437239,0.0809,331102.2,0.081,210524.0,0.08095,12.3533045089565,0.22262253930847514
1787023437240,0.0809,331102.2,0.081,209924.0,0.08095,12.3533045089565,0.22397843209811286
1787023437252,0.0809,333255.7,0.081,209924.0,0.08095,12.3533045089565,0.22705506115195398
1787023437315,0.0809,332423.5,0.081,209924.0,0.08095,12.3533045089565,0.2258690230894399
1787023437325,0.0809,332423.5,0.081,208921.0,0.08095,12.3533045089565,0.22814030621905274
1787023437341,0.0809,332906.5,0.081,208921.0,0.08095,12.3533045089565,0.2288283632705981
1787023437440,0.0809,333204.9,0.081,208921.0,0.08095,12.3533045089565,0.2292528359187414
1787023437441,0.0809,333441.4,0.081,208921.0,0.08095,12.3533045089565,0.22958892430596226
1787023437442,0.0809,333503.3,0.081,208921.0,0.08095,12.3533045089565,0.2296768415426816
1787023437456,0.0809,331341.0,0.081,208921.0,0.08095,12.3533045089565,0.22659376376646886
1787023437465,0.0809,331341.0,0.081,209521.0,0.08095,12.3533045089565,0.22523305390284398
1787023437553,0.0809,331341.0,0.081,212599.1,0.08095,12.3533045089565,0.21829958850248402
1787023437554,0.0809,331341.0,0.081,212537.2,0.08095,12.3533045089565,0.2184382459160893
1787023437646,0.0809,331253.5,0.081,212537.2,0.08095,12.3533045089565,0.21831248677110512
1787023437722,0.0809,333395.5,0.081,212537.2,0.08095,12.3533045089565,0.2213794850537438
1787023437723,0.0809,333395.5,0.081,212599.1,0.08095,12.3533045089565,0.22124101593678766
1787023437739,0.0809,333097.1,0.081,212599.1,0.08095,12.3533045089565,0.22081517151851154
1787023437740,0.0809,330390.9,0.081,212599.1,0.08095,12.3533045089565,0.21693180353229344
1787023437897,0.0809,330390.9,0.081,211999.1,0.08095,12.3533045089565,0.21827799185088223
1787023437971,0.0809,328213.3,0.081,211999.1,0.08095,12.3533045089565,0.21512686491461502
1787023437973,0.0809,328213.3,0.081,212599.1,0.08095,12.3533045089565,0.21377875211441152
1787023438000,0.0809,328170.9,0.081,212599.1,0.08095,12.3533045089565,0.21371710708804115
1787023438021,0.0809,328170.9,0.081,211999.1,0.08095,12.3533045089565,0.21506525723383382
1787023438237,0.0809,330333.5,0.081,211999.1,0.08095,12.3533045089565,0.21819525508885138
1787023438238,0.0809,330271.6,0.081,211999.1,0.08095,12.3533045089565,0.21810601236614846
1787023438240,0.0809,330271.6,0.081,212599.1,0.08095,12.3533045089565,0.2167597182901932
1787023438241,0.0809,329462.7,0.081,212599.1,0.08095,12.3533045089565,0.21559091601732494
1787023438243,0.0809,329462.7,0.081,211999.1,0.08095,12.3533045089565,0.21693792618426636
1787023438472,0.0809,327278.6,0.081,211999.1,0.08095,12.3533045089565,0.2137664880264843
1787023438532,0.0809,327278.6,0.081,212599.1,0.08095,12.3533045089565,0.21241755308656013
1787023438643,0.0809,327278.6,0.081,211999.1,0.08095,12.3533045089565,0.2137664880264843
1787023438722,0.0809,329460.6,0.081,211999.1,0.08095,12.3533045089565,0.21693488915241518
1787023438837,0.0809,333168.8,0.081,211999.1,0.08095,12.3533045089565,0.2222612519922761
1787023438838,0.0809,333106.9,0.081,211999.1,0.08095,12.3533045089565,0.22217293517224176
1787023438841,0.0809,333106.9,0.081,212599.1,0.08095,12.3533045089565,0.22082916442186823
1787023438842,0.0809,333168.8,0.081,212599.1,0.08095,12.3533045089565,0.22091753655720678
1787023438843,0.0809,333168.8,0.081,211999.1,0.08095,12.3533045089565,0.2222612519922761
1787023438956,0.0809,331006.3,0.081,211999.1,0.08095,12.3533045089565,0.21916393464963696
1787023439156,0.0809,331006.3,0.081,212599.1,0.08095,12.3533045089565,0.21781829245993506
1787023439202,0.0809,331006.3,0.081,211999.1,0.08095,12.3533045089565,0.21916393464963696
1787023439208,0.0809,332009.3,0.081,211999.1,0.08095,12.3533045089565,0.22060357891532553
1787023439232,0.0809,331971.2,0.081,211999.1,0.08095,12.3533045089565,0.22054898953122992
1787023439237,0.0809,334128.4,0.081,211999.1,0.08095,12.3533045089565,0.22362781584886315
1787023439381,0.0809,335207.3,0.081,211999.1,0.08095,12.3533045089565,0.22515855077718386
1787023439382,0.0809,335145.4,0.081,211999.1,0.08095,12.3533045089565,0.2250708907793097
1787023439458,0.0809,332977.2,0.081,211999.1,0.08095,12.3533045089565,0.22198781855284347
1787023439460,0.0809,332977.2,0.081,212599.1,0.08095,12.3533045089565,0.2206439319303276
1787023439461,0.0809,333039.1,0.081,212599.1,0.08095,12.3533045089565,0.22073234608573955
1787023439463,0.0809,333039.1,0.081,211999.1,0.08095,12.3533045089565,0.22207617741288588
1787023439671,0.0809,334042.1,0.081,211999.1,0.08095,12.3533045089565,0.22350511280101204
1787023439722,0.0809,336216.3,0.081,211999.1,0.08095,12.3533045089565,0.22658465997124483
1787023439732,0.0809,336117.8,0.081,211999.1,0.08095,12.3533045089565,0.22644567244688127
1787023439841,0.0809,338824.0,0.081,211999.1,0.08095,12.3533045089565,0.23024615343837251
1787023439842,0.0809,338762.1,0.081,211999.1,0.08095,12.3533045089565,0.23015964087521049
1787023439971,0.0809,336594.1,0.081,211999.1,0.08095,12.3533045089565,0.22711728836595127
1787023440137,0.0809,336295.7,0.081,211999.1,0.08095,12.3533045089565,0.2266966602637851
1787023440192,0.0809,336295.7,0.081,212599.1,0.08095,12.3533045089565,0.22535575122956164
1787023440194,0.0809,336357.6,0.081,212537.2,0.08095,12.3533045089565,0.22558129535932925
1787023440195,0.0809,336357.6,0.081,211999.1,0.08095,12.3533045089565,0.2267839528540455
1787023440253,0.0809,338535.9,0.081,211999.1,0.08095,12.3533045089565,0.22984333421126726
1787023440282,0.0809,338502.7,0.081,211999.1,0.08095,12.3533045089565,0.2297968871309776
1787023440456,0.0809,336365.7,0.081,211999.1,0.08095,12.3533045089565,0.2267953741742723
1787023440554,0.0809,336365.7,0.081,212599.1,0.08095,12.3533045089565,0.22545452823204692
1787023440752,0.0809,336365.7,0.081,211999.1,0.08095,12.3533045089565,0.2267953741742723
1787023440759,0.0809,290193.3,0.081,211999.1,0.08095,12.3533045089565,0.15570566181407758
1787023440761,0.0809,290193.3,0.081,212599.1,0.08095,12.3533045089565,0.15432651726637073
1787023440762,0.0809,295413.3,0.081,212599.1,0.08095,12.3533045089565,0.16301609960701743
1787023440764,0.0809,295351.4,0.081,212599.1,0.08095,12.3533045089565,0.16291410285057306
1787023440940,0.0809,292943.6,0.081,212599.1,0.08095,12.3533045089565,0.1589272281055586
1787023440963,0.0809,280867.1,0.081,212599.1,0.08095,12.3533045089565,0.13834382172477055
1787023440965,0.0809,279011.9,0.081,212599.1,0.08095,12.3533045089565,0.13509217653795383
1787023440966,0.0809,279073.8,0.081,212599.1,0.08095,12.3533045089565,0.13520106558649048
1787023440967,0.0809,276956.8,0.081,212599.1,0.08095,12.3533045089565,0.1314613918451396
1787023441074,0.0809,276956.8,0.081,212914.5,0.08095,12.3533045089565,0.13073290882727767
1787023441081,0.0809,268339.1,0.081,212914.5,0.08095,12.3533045089565,0.11516713848997696
1787023441100,0.0809,267655.8,0.081,212914.5,0.08095,12.3533045089565,0.11390903682562153
1787023441141,0.0809,267655.8,0.081,212314.5,0.08095,12.3533045089565,0.11530150928088673
1787023441144,0.0809,267655.8,0.081,212914.5,0.08095,12.3533045089565,0.11390903682562153
1787023441163,0.0809,267578.3,0.081,212914.5,0.08095,12.3533045089565,0.11376611678676557
1787023441166,0.0809,267578.3,0.081,212599.1,0.08095,12.3533045089565,0.11449768356444927
1787023441212,0.0809,267578.3,0.081,212208.7,0.08095,12.3533045089565,0.11540454409977756
1787023441232,0.0809,276196.0,0.081,212208.7,0.08095,12.3533045089565,0.13101286699329467
1787023441233,0.0809,276134.1,0.081,212208.7,0.08095,12.3533045089565,0.13090271833638167
1787023441255,0.0809,278296.4,0.081,212208.7,0.08095,12.3533045089565,0.13473397116564131
1787023441256,0.0809,278358.3,0.081,212208.7,0.08095,12.3533045089565,0.1348431508845886
1787023441257,0.0809,269740.6,0.081,212208.7,0.08095,12.3533045089565,0.119373344872583
1787023441263,0.0809,269740.6,0.081,212408.7,0.08095,12.3533045089565,0.11890901843059809
1787023441284,0.0809,269709.9,0.081,212408.7,0.08095,12.3533045089565,0.11885291295544292
1787023441409,0.0809,278327.6,0.081,212408.7,0.08095,12.3533045089565,0.13432652118867092
1787023441411,0.0809,278265.7,0.081,212408.7,0.08095,12.3533045089565,0.13421731396624725
1787023441412,0.0809,278265.7,0.081,212208.7,0.08095,12.3533045089565,0.13467981203504198
1787023441471,0.0809,276117.7,0.081,212208.7,0.08095,12.3533045089565,0.13087353049108136
1787023441541,0.0809,278525.5,0.081,212208.7,0.08095,12.3533045089565,0.13513792191373658
1787023441542,0.0809,278587.4,0.081,212208.7,0.08095,12.3533045089565,0.13524699972147294
1787023441737,0.0809,280749.5,0.081,212208.7,0.08095,12.3533045089565,0.13903978065483033
1787023441741,0.0809,278341.7,0.081,212208.7,0.08095,12.3533045089565,0.13481387437458006
1787023442105,0.0809,278338.1,0.081,212208.7,0.08095,12.3533045089565,0.13480752499047993
1787023442117,0.0809,278341.7,0.081,212208.7,0.08095,12.3533045089565,0.13481387437458006
1787023442122,0.0809,278341.7,0.081,209305.2,0.08095,12.3533045089565,0.14157067337042437
1787023442127,0.0809,278341.7,0.081,212211.7,0.08095,12.3533045089565,0.13480693437248625
1787023442257,0.0809,280474.5,0.081,212211.7,0.08095,12.3533045089565,0.1385522874397537
1787023442258,0.0809,280412.6,0.081,212211.7,0.08095,12.3533045089565,0.13844404346273614
1787023442298,0.0809,280536.1,0.081,212211.7,0.08095,12.3533045089565,0.13865997981117312
1787023442299,0.0809,280598.0,0.081,212211.7,0.08095,12.3533045089565,0.13876816953887067
1787023442454,0.0809,280598.0,0.081,212528.9,0.08095,12.3533045089565,0.13803566587018473
1787023442469,0.0809,280598.0,0.081,212211.7,0.08095,12.3533045089565,0.13876816953887067
1787023442499,0.0809,280581.3,0.081,212211.7,0.08095,12.3533045089565,0.13873898371121338
1787023442640,0.0809,282989.1,0.081,212211.7,0.08095,12.3533045089565,0.14292666732363915
1787023442678,0.0809,282989.1,0.081,212279.6,0.08095,12.3533045089565,0.14276997516701537
1787023442679,0.0809,282989.1,0.081,212217.7,0.08095,12.3533045089565,0.1429128194523984
1787023442721,0.0809,285102.0,0.081,212217.7,0.08095,12.3533045089565,0.14655421854392656
1787023442722,0.0809,285040.1,0.081,212279.6,0.08095,12.3533045089565,0.14630528410597846
1787023442723,0.0809,285102.0,0.081,212279.6,0.08095,12.3533045089565,0.1464115278892504
1787023442800,0.0809,284978.5,0.081,212279.6,0.08095,12.3533045089565,0.14619952897700408
1787023443043,0.0809,282570.7,0.081,212279.6,0.08095,12.3533045089565,0.14204518012821252
1787023443135,0.0809,282570.7,0.081,209373.1,0.08095,12.3533045089565,0.14879260598466734
1787023443140,0.0809,282570.7,0.081,211765.3,0.08095,12.3533045089565,0.14323334735888146
1787023443226,0.0809,282127.1,0.081,211765.3,0.08095,12.3533045089565,0.14246382410419758
1787023443237,0.0809,284269.0,0.081,211765.3,0.08095,12.3533045089565,0.146166706616861
1787023443448,0.0809,284269.0,0.081,212155.7,0.08095,12.3533045089565,0.14526533429944155
1787023443456,0.0809,282038.3,0.081,212155.7,0.08095,12.3533045089565,0.14140722064614297
1787023443478,0.0809,282010.8,0.081,212155.7,0.08095,12.3533045089565,0.1413594405934032
1787023443539,0.0809,284717.0,0.081,212155.7,0.08095,12.3533045089565,0.14603599674524276
1787023443541,0.0809,284655.1,0.081,212155.7,0.08095,12.3533045089565,0.14592959734369698
1787023443624,0.0809,284779.2,0.081,212155.7,0.08095,12.3533045089565,0.14614288511432785
1787023443626,0.0809,284841.1,0.081,212155.7,0.08095,12.3533045089565,0.14624923138338108
1787023443956,0.0809,282666.4,0.081,212155.7,0.08095,12.3533045089565,0.14249707116961835
1787023443957,0.0809,282462.5,0.081,212155.7,0.08095,12.3533045089565,0.1421435766011036
1787023443958,0.0809,282666.4,0.081,212155.7,0.08095,12.3533045089565,0.14249707116961835
1787023444341,0.0809,279960.2,0.081,212155.7,0.08095,12.3533045089565,0.13778156730965205
1787023444471,0.0809,277760.4,0.081,212155.7,0.08095,12.3533045089565,0.133910071540821
1787023444653,0.0809,277741.5,0.081,212155.7,0.08095,12.3533045089565,0.13387665820502748
1787023444799,0.0809,277741.5,0.081,212279.2,0.08095,12.3533045089565,0.13359088707885194
1787023444832,0.0809,277741.5,0.081,212762.7,0.08095,12.3533045089565,0.1324734834074815
1787023444956,0.0809,275579.0,0.081,212762.7,0.08095,12.3533045089565,0.1286318575702218
1787023445040,0.0809,275311.3,0.081,212762.7,0.08095,12.3533045089565,0.12815392747821022
1787023445080,0.0809,275075.1,0.081,212762.7,0.08095,12.3533045089565,0.1277317993808597
1787023445099,0.0809,275075.1,0.081,213437.8,0.08095,12.3533045089565,0.12617333134908001
1787023445100,0.0809,275075.1,0.081,214112.9,0.08095,12.3533045089565,0.12461916482006914
1787023445101,0.0809,275075.1,0.081,214051.0,0.08095,12.3533045089565,0.1247614878862526
1787023445299,0.0809,275075.1,0.081,213927.5,0.08095,12.3533045089565,0.12504555190504096
1787023445455,0.0809,272921.6,0.081,213927.5,0.08095,12.3533045089565,0.12117532927553934
1787023445721,0.0809,275091.0,0.081,213927.5,0.08095,12.3533045089565,0.12507400026788354
1787023445723,0.0809,275091.0,0.081,213989.4,0.08095,12.3533045089565,0.12493160633711758
1787023445752,0.0809,275048.7,0.081,213989.4,0.08095,12.3533045089565,0.12485591613414174
1787023445798,0.0809,275048.7,0.081,214112.9,0.08095,12.3533045089565,0.12457192060864962
1787023445880,0.0809,272863.7,0.081,214112.9,0.08095,12.3533045089565,0.12064398987548892
1787023445921,0.0809,272863.7,0.081,214431.8,0.08095,12.3533045089565,0.11991060865532316
1787023445922,0.0809,272863.7,0.081,214672.2,0.08095,12.3533045089565,0.1193583898129348
1787023445971,0.0809,270721.7,0.081,214672.2,0.08095,12.3533045089565,0.11547219691059157
1787023446187,0.0809,270228.2,0.081,214672.2,0.08095,12.3533045089565,0.11457198220500539
1787023446188,0.0809,268373.0,0.081,217265.1,0.08095,12.3533045089565,0.10523865405123692
1787023446189,0.0809,268373.0,0.081,227826.2,0.08095,12.3533045089565,0.08171476294197973
1787023446190,0.0809,268373.0,0.081,227764.3,0.08095,12.3533045089565,0.08184972184111135
1787023446193,0.0809,268373.0,0.081,227826.1,0.08095,12.3533045089565,0.08171498094212584
1787023446194,0.0809,268373.0,0.081,227888.0,0.08095,12.3533045089565,0.08158005565619704
1787023446199,0.0809,268373.0,0.081,246372.3,0.08095,12.3533045089565,0.04274094391925485
1787023446201,0.0809,268373.0,0.081,246106.5,0.08095,12.3533045089565,0.04327966420430746
1787023446213,0.0809,268373.0,0.081,246310.4,0.08095,12.3533045089565,0.04286635240227294
1787023446214,0.0809,268373.0,0.081,246372.3,0.08095,12.3533045089565,0.04274094391925485
1787023446216,0.0809,259755.3,0.081,246372.3,0.08095,12.3533045089565,0.026441948631135706
1787023446253,0.0809,261944.0,0.081,246372.3,0.08095,12.3533045089565,0.030633878945058444
1787023446297,0.0809,261944.0,0.081,261728.7,0.08095,12.3533045089565,0.00041113466483929436
1787023446298,0.0809,261944.0,0.081,261666.8,0.08095,12.3533045089565,0.0005294008450551662
1787023446456,0.0809,259781.4,0.081,261666.8,0.08095,12.3533045089565,-0.0036156995076404414
1787023446737,0.0809,261932.8,0.081,261666.8,0.08095,12.3533045089565,0.0005080217784734748
1787023446738,0.0809,261932.8,0.081,261728.7,0.08095,12.3533045089565,0.0003897555959335882
1787023446829,0.0809,261898.5,0.081,261728.7,0.08095,12.3533045089565,0.0003242765081722041
1787023446914,0.0809,261898.5,0.081,262099.1,0.08095,12.3533045089565,-0.0003828261808832823
1787023446922,0.0809,261898.5,0.081,261858.7,0.08095,12.3533045089565,7.598940883292556e-05
1787023446956,0.0809,259716.5,0.081,261858.7,0.08095,12.3533045089565,-0.004107173807343623
1787023447098,0.0809,259716.5,0.081,260508.5,0.08095,12.3533045089565,-0.0015224181844394253
1787023447127,0.0809,259712.9,0.081,260508.5,0.08095,12.3533045089565,-0.001529348850316434
1787023447136,0.0809,258280.9,0.081,260508.5,0.08095,12.3533045089565,-0.004293842549597208
1787023447140,0.0809,258280.9,0.081,260504.9,0.08095,12.3533045089565,-0.0042869330656313265
1787023447230,0.0809,259712.9,0.081,260504.9,0.08095,12.3533045089565,-0.001522439255250397
1787023447233,0.0809,259712.9,0.081,260704.9,0.08095,12.3533045089565,-0.001906160780818796
1787023447234,0.0809,259712.9,0.081,260504.9,0.08095,12.3533045089565,-0.001522439255250397
1787023447237,0.0809,261865.2,0.081,260504.9,0.08095,12.3533045089565,0.002604092385839116
1787023447345,0.0809,261029.6,0.081,260504.9,0.08095,12.3533045089565,0.001006069588876693
1787023447348,0.0809,261848.7,0.081,260504.9,0.08095,12.3533045089565,0.0025725868453859943
1787023447456,0.0809,259691.5,0.081,260504.9,0.08095,12.3533045089565,-0.0015636401943573508
1787023447644,0.0809,258980.1,0.081,260504.9,0.08095,12.3533045089565,-0.00293521468377333
1787023447721,0.0809,261120.8,0.081,260504.9,0.08095,12.3533045089565,0.001180731700911198
1787023447956,0.0809,258946.6,0.081,260504.9,0.08095,12.3533045089565,-0.0029998950816389758
1787023447978,0.0809,258903.4,0.081,260504.9,0.08095,12.3533045089565,-0.0030833161503195077
1787023448097,0.0809,259738.3,0.081,260504.9,0.08095,12.3533045089565,-0.001473541605156984
1787023448253,0.0809,261897.3,0.081,260504.9,0.08095,12.3533045089565,0.0026653792805619776
1787023448255,0.0809,261835.4,0.081,260504.9,0.08095,12.3533045089565,0.0025471900215242823
1787023448302,0.0809,261835.4,0.081,260628.4,0.08095,12.3533045089565,0.0023102079033992403
1787023448304,0.0809,261897.3,0.081,260628.4,0.08095,12.3533045089565,0.002428397301797776
1787023448456,0.0809,259719.0,0.081,260628.4,0.08095,12.3533045089565,-0.0017476785701244864
1787023448596,0.0809,259719.0,0.081,261102.6,0.08095,12.3533045089565,-0.002656571847250586
1787023448721,0.0809,261897.7,0.081,261102.6,0.08095,12.3533045089565,0.0015202668143785114
1787023448862,0.0809,261897.7,0.081,261339.4,0.08095,12.3533045089565,0.00106701149440668
1787023448922,0.0809,261897.7,0.081,261576.2,0.08095,12.3533045089565,0.0006141662459198061
1787023449026,0.0809,261897.7,0.081,269907.4,0.08095,12.3533045089565,-0.01506134484231161
1787023449027,0.0809,261897.7,0.081,269845.5,0.08095,12.3533045089565,-0.014946688551917522
1787023449097,0.0809,261897.7,0.081,270517.7,0.08095,12.3533045089565,-0.016190365643067424
1787023449098,0.0809,261897.7,0.081,271189.9,0.08095,12.3533045089565,-0.01743090629007317
1787023449099,0.0809,261897.7,0.081,271251.8,0.08095,12.3533045089565,-0.017544985037029906
1787023449222,0.0809,264049.0,0.081,271251.8,0.08095,12.3533045089565,-0.013455612246422922
1787023449223,0.0809,263987.1,0.081,271251.8,0.08095,12.3533045089565,-0.01357281767076349
1787023449251,0.0809,263947.7,0.081,271251.8,0.08095,12.3533045089565,-0.013647434274508808
1787023449399,0.0809,263947.7,0.081,271448.2,0.08095,12.3533045089565,-0.014009259316330213
1787023449400,0.0809,264009.6,0.081,271448.2,0.08095,12.3533045089565,-0.013892037803912903
1787023449456,0.0809,261847.3,0.081,271448.2,0.08095,12.3533045089565,-0.018002964585300315
