ts,bid,bidq,ask,askq,mid,spread_bp
1787025153328,0.001384,1653624.0,0.001385,3580341.0,0.0013844999999999999,7.222824124231968
1787025153455,0.001384,1648365.0,0.001385,3580341.0,0.0013844999999999999,7.222824124231968
1787025153658,0.001384,1648365.0,0.001385,3864520.0,0.0013844999999999999,7.222824124231968
1787025153659,0.001384,1677425.0,0.001385,3864520.0,0.0013844999999999999,7.222824124231968
1787025153833,0.001384,1677425.0,0.001385,5720553.0,0.0013844999999999999,7.222824124231968
1787025153834,0.001383,2245608.0,0.001385,5720553.0,0.0013839999999999998,14.450867052023474
1787025153835,0.001383,2002245.0,0.001384,242230.0,0.0013835,7.228044813878806
1787025153836,0.001383,2149291.0,0.001384,529182.0,0.0013835,7.228044813878806
1787025153837,0.001383,836472.0,0.001384,830984.0,0.0013835,7.228044813878806
1787025153838,0.001383,813657.0,0.001384,883435.0,0.0013835,7.228044813878806
1787025153841,0.001383,586569.0,0.001384,883435.0,0.0013835,7.228044813878806
1787025153988,0.001383,586569.0,0.001384,895362.0,0.0013835,7.228044813878806
1787025153989,0.001383,598496.0,0.001384,895362.0,0.0013835,7.228044813878806
1787025154000,0.001383,598496.0,0.001384,950640.0,0.0013835,7.228044813878806
1787025154037,0.001383,598496.0,0.001384,994775.0,0.0013835,7.228044813878806
1787025154038,0.001383,598496.0,0.001384,1821615.0,0.0013835,7.228044813878806
1787025154039,0.001382,3257456.0,0.001384,1809688.0,0.0013830000000000001,14.46131597975451
1787025154040,0.001382,3257456.0,0.001383,400914.0,0.0013825,7.233273056057258
1787025154041,0.001382,2122126.0,0.001383,696776.0,0.0013825,7.233273056057258
1787025154042,0.001382,1422658.0,0.001383,1032205.0,0.0013825,7.233273056057258
1787025154045,0.001382,1206393.0,0.001383,1032205.0,0.0013825,7.233273056057258
1787025154050,0.001382,406393.0,0.001383,1032205.0,0.0013825,7.233273056057258
1787025154052,0.001382,454870.0,0.001383,1032205.0,0.0013825,7.233273056057258
1787025154070,0.001382,454870.0,0.001383,1021359.0,0.0013825,7.233273056057258
1787025154071,0.001382,460295.0,0.001383,1021359.0,0.0013825,7.233273056057258
1787025154097,0.001382,458375.0,0.001383,1021359.0,0.0013825,7.233273056057258
1787025154108,0.001382,470310.0,0.001383,1033294.0,0.0013825,7.233273056057258
1787025154123,0.001382,470310.0,0.001383,443269.0,0.0013825,7.233273056057258
1787025154124,0.001382,690393.0,0.001383,443269.0,0.0013825,7.233273056057258
1787025154125,0.001382,690393.0,0.001383,204794.0,0.0013825,7.233273056057258
1787025154126,0.001382,928868.0,0.001383,204794.0,0.0013825,7.233273056057258
1787025154128,0.001383,439406.0,0.001384,3674167.0,0.0013835,7.228044813878806
1787025154129,0.001383,536360.0,0.001384,2183678.0,0.0013835,7.228044813878806
1787025154130,0.001383,540337.0,0.001384,951440.0,0.0013835,7.228044813878806
1787025154131,0.001383,540337.0,0.001384,987223.0,0.0013835,7.228044813878806
1787025154156,0.001383,514012.0,0.001384,987223.0,0.0013835,7.228044813878806
1787025154165,0.001382,1229508.0,0.001384,987223.0,0.0013830000000000001,14.46131597975451
1787025154166,0.001382,997497.0,0.001383,472404.0,0.0013825,7.233273056057258
1787025154167,0.001382,769209.0,0.001383,979439.0,0.0013825,7.233273056057258
1787025154169,0.001382,696850.0,0.001383,979439.0,0.0013825,7.233273056057258
1787025154194,0.001382,877818.0,0.001383,979439.0,0.0013825,7.233273056057258
1787025154195,0.001382,877818.0,0.001383,968593.0,0.0013825,7.233273056057258
1787025154202,0.001382,877818.0,0.001383,996740.0,0.0013825,7.233273056057258
1787025154203,0.001382,877818.0,0.001383,1024887.0,0.0013825,7.233273056057258
1787025154298,0.001382,877818.0,0.001383,1032120.0,0.0013825,7.233273056057258
1787025154310,0.001382,889753.0,0.001383,1044055.0,0.0013825,7.233273056057258
1787025154330,0.001382,1621825.0,0.001383,1875646.0,0.0013825,7.233273056057258
1787025154346,0.001382,1617849.0,0.001383,1875646.0,0.0013825,7.233273056057258
1787025154398,0.001382,1617849.0,0.001383,1904704.0,0.0013825,7.233273056057258
1787025154750,0.001382,1222563.0,0.001383,1904704.0,0.0013825,7.233273056057258
1787025154751,0.001382,1222563.0,0.001383,2132992.0,0.0013825,7.233273056057258
1787025154752,0.001382,240081.0,0.001383,1892769.0,0.0013825,7.233273056057258
1787025154753,0.001382,131700.0,0.001383,2612630.0,0.0013825,7.233273056057258
1787025154754,0.001381,1625114.0,0.001382,34240.0,0.0013815,7.238508867172754
1787025154755,0.001381,1273962.0,0.001382,774498.0,0.0013815,7.238508867172754
1787025154756,0.001381,598392.0,0.001382,994581.0,0.0013815,7.238508867172754
1787025154757,0.001381,598392.0,0.001382,589752.0,0.0013815,7.238508867172754
1787025154758,0.001381,646869.0,0.001382,541275.0,0.0013815,7.238508867172754
1787025154764,0.001381,646869.0,0.001382,545255.0,0.0013815,7.238508867172754
1787025154797,0.001381,646869.0,0.001382,593732.0,0.0013815,7.238508867172754
1787025154807,0.001381,651211.0,0.001382,593732.0,0.0013815,7.238508867172754
1787025154817,0.001381,663155.0,0.001382,605676.0,0.0013815,7.238508867172754
1787025154824,0.001381,611414.0,0.001382,605676.0,0.0013815,7.238508867172754
1787025154853,0.001381,607171.0,0.001382,605676.0,0.0013815,7.238508867172754
1787025154899,0.001381,607171.0,0.001382,662400.0,0.0013815,7.238508867172754
1787025154924,0.001381,607171.0,0.001382,613923.0,0.0013815,7.238508867172754
1787025154972,0.001381,1392494.0,0.001382,613923.0,0.0013815,7.238508867172754
1787025154973,0.001381,1392494.0,0.001382,882815.0,0.0013815,7.238508867172754
1787025154974,0.001381,1392494.0,0.001382,11944.0,0.0013815,7.238508867172754
1787025154975,0.001381,2192494.0,0.001382,60421.0,0.0013815,7.238508867172754
1787025154976,0.001381,2192494.0,0.001382,36533.0,0.0013815,7.238508867172754
1787025154977,0.001382,747138.0,0.001383,2124801.0,0.0013825,7.233273056057258
1787025154978,0.001382,747138.0,0.001383,1465846.0,0.0013825,7.233273056057258
1787025154979,0.001382,441887.0,0.001383,1501629.0,0.0013825,7.233273056057258
1787025154983,0.001382,441887.0,0.001383,1527008.0,0.0013825,7.233273056057258
1787025154998,0.001382,441887.0,0.001383,1583706.0,0.0013825,7.233273056057258
1787025155005,0.001382,415544.0,0.001383,1583706.0,0.0013825,7.233273056057258
1787025155011,0.001382,413679.0,0.001383,1583706.0,0.0013825,7.233273056057258
1787025155015,0.001382,413679.0,0.001383,1580090.0,0.0013825,7.233273056057258
1787025155032,0.001382,413679.0,0.001383,3436123.0,0.0013825,7.233273056057258
1787025155040,0.001382,420119.0,0.001383,3481123.0,0.0013825,7.233273056057258
1787025155057,0.001382,424099.0,0.001383,3481123.0,0.0013825,7.233273056057258
1787025155134,0.001382,436034.0,0.001383,3493058.0,0.0013825,7.233273056057258
1787025155190,0.001382,436034.0,0.001383,4344152.0,0.0013825,7.233273056057258
1787025155249,0.001382,617105.0,0.001383,4344152.0,0.0013825,7.233273056057258
1787025155399,0.001382,617105.0,0.001383,4315094.0,0.0013825,7.233273056057258
1787025155523,0.001382,617105.0,0.001383,1316698.0,0.0013825,7.233273056057258
1787025155525,0.001382,837188.0,0.001383,453669.0,0.0013825,7.233273056057258
1787025155526,0.001382,1075663.0,0.001383,453669.0,0.0013825,7.233273056057258
1787025155527,0.001382,2002281.0,0.001383,502146.0,0.0013825,7.233273056057258
1787025155528,0.001383,427543.0,0.001384,1596785.0,0.0013835,7.228044813878806
1787025155529,0.001383,213418.0,0.001384,911152.0,0.0013835,7.228044813878806
1787025155530,0.001383,310372.0,0.001384,911152.0,0.0013835,7.228044813878806
1787025155531,0.001382,2178876.0,0.001383,31639.0,0.0013825,7.233273056057258
1787025155532,0.001382,1765538.0,0.001383,31639.0,0.0013825,7.233273056057258
1787025155533,0.001382,1545455.0,0.001383,538674.0,0.0013825,7.233273056057258
1787025155534,0.001382,424099.0,0.001383,490197.0,0.0013825,7.233273056057258
1787025155536,0.001382,496458.0,0.001383,538674.0,0.0013825,7.233273056057258
1787025155537,0.001382,576369.0,0.001383,538674.0,0.0013825,7.233273056057258
1787025155601,0.001382,576369.0,0.001383,599362.0,0.0013825,7.233273056057258
1787025155602,0.001382,496458.0,0.001383,599362.0,0.0013825,7.233273056057258
1787025155605,0.001382,677443.0,0.001383,599362.0,0.0013825,7.233273056057258
1787025155690,0.001382,677443.0,0.001383,603339.0,0.0013825,7.233273056057258
1787025155738,0.001382,677443.0,0.001383,1464573.0,0.0013825,7.233273056057258
1787025155739,0.001382,605084.0,0.001383,1464573.0,0.0013825,7.233273056057258
1787025155764,0.001382,617019.0,0.001383,1476508.0,0.0013825,7.233273056057258
1787025155833,0.001382,837102.0,0.001383,1476508.0,0.0013825,7.233273056057258
1787025155836,0.001382,1576079.0,0.001383,1476508.0,0.0013825,7.233273056057258
1787025155837,0.001382,1564144.0,0.001383,1476508.0,0.0013825,7.233273056057258
1787025155862,0.001382,1564144.0,0.001383,1522715.0,0.0013825,7.233273056057258
1787025155888,0.001382,1576079.0,0.001383,1582266.0,0.0013825,7.233273056057258
1787025155979,0.001382,1576079.0,0.001383,1607003.0,0.0013825,7.233273056057258
1787025156079,0.001382,1576079.0,0.001383,1582266.0,0.0013825,7.233273056057258
1787025156151,0.001382,1574675.0,0.001383,1582266.0,0.0013825,7.233273056057258
1787025156160,0.001382,1816031.0,0.001383,1582266.0,0.0013825,7.233273056057258
1787025156600,0.001382,1816031.0,0.001383,1551922.0,0.0013825,7.233273056057258
1787025156862,0.001382,1816031.0,0.001383,1505715.0,0.0013825,7.233273056057258
1787025156899,0.001382,1816031.0,0.001383,1475371.0,0.0013825,7.233273056057258
1787025156999,0.001382,1816031.0,0.001383,1505715.0,0.0013825,7.233273056057258
1787025157173,0.001382,1816031.0,0.001383,1457238.0,0.0013825,7.233273056057258
1787025157200,0.001382,1816031.0,0.001383,1426894.0,0.0013825,7.233273056057258
1787025157201,0.001382,1814645.0,0.001383,1426894.0,0.0013825,7.233273056057258
1787025157301,0.001382,1814645.0,0.001383,1457222.0,0.0013825,7.233273056057258
1787025157363,0.001382,1802756.0,0.001383,1457222.0,0.0013825,7.233273056057258
1787025157499,0.001382,1802756.0,0.001383,1426894.0,0.0013825,7.233273056057258
1787025157522,0.001382,1802756.0,0.001383,1206811.0,0.0013825,7.233273056057258
1787025157524,0.001382,1802756.0,0.001383,14496.0,0.0013825,7.233273056057258
1787025157525,0.001382,1860246.0,0.001384,3602625.0,0.0013830000000000001,14.46131597975451
1787025157526,0.001383,658814.0,0.001384,3135583.0,0.0013835,7.228044813878806
1787025157527,0.001383,393259.0,0.001384,3116507.0,0.0013835,7.228044813878806
1787025157528,0.001383,557445.0,0.001384,2730881.0,0.0013835,7.228044813878806
1787025157529,0.001383,717961.0,0.001384,1930881.0,0.0013835,7.228044813878806
1787025157530,0.001383,717961.0,0.001384,1702593.0,0.0013835,7.228044813878806
1787025157533,0.001383,697182.0,0.001384,1702593.0,0.0013835,7.228044813878806
1787025157581,0.001383,701518.0,0.001384,1702593.0,0.0013835,7.228044813878806
1787025157596,0.001383,701518.0,0.001384,1482510.0,0.0013835,7.228044813878806
1787025157599,0.001383,701518.0,0.001384,1544146.0,0.0013835,7.228044813878806
1787025157661,0.001383,662730.0,0.001384,1544146.0,0.0013835,7.228044813878806
1787025157663,0.001383,674657.0,0.001384,1556073.0,0.0013835,7.228044813878806
1787025157699,0.001383,674657.0,0.001384,1556097.0,0.0013835,7.228044813878806
1787025157730,0.001383,1496713.0,0.001384,1556097.0,0.0013835,7.228044813878806
1787025157732,0.001383,1484786.0,0.001384,1556097.0,0.0013835,7.228044813878806
1787025157795,0.001383,1484786.0,0.001384,1563325.0,0.0013835,7.228044813878806
1787025157796,0.001383,1496713.0,0.001384,1563325.0,0.0013835,7.228044813878806
1787025157800,0.001383,1496713.0,0.001384,1532512.0,0.0013835,7.228044813878806
1787025157862,0.001383,1496713.0,0.001384,1578639.0,0.0013835,7.228044813878806
1787025157885,0.001383,1677653.0,0.001384,1578639.0,0.0013835,7.228044813878806
1787025157899,0.001383,1677653.0,0.001384,1609514.0,0.0013835,7.228044813878806
1787025158036,0.001383,1684093.0,0.001384,1609514.0,0.0013835,7.228044813878806
1787025158274,0.001383,1682208.0,0.001384,1609514.0,0.0013835,7.228044813878806
1787025158700,0.001383,1682208.0,0.001384,1578639.0,0.0013835,7.228044813878806
1787025158797,0.001383,1682208.0,0.001384,1571411.0,0.0013835,7.228044813878806
1787025158886,0.001383,1673832.0,0.001384,1571411.0,0.0013835,7.228044813878806
1787025159296,0.001383,1673832.0,0.001384,1578639.0,0.0013835,7.228044813878806
1787025159401,0.001383,1673832.0,0.001384,1608955.0,0.0013835,7.228044813878806
1787025159423,0.001383,1671691.0,0.001384,1608955.0,0.0013835,7.228044813878806
1787025159454,0.001383,1623214.0,0.001384,1608955.0,0.0013835,7.228044813878806
1787025159455,0.001383,801158.0,0.001384,1608955.0,0.0013835,7.228044813878806
1787025159520,0.001383,581075.0,0.001384,1608955.0,0.0013835,7.228044813878806
1787025159527,0.001383,342600.0,0.001384,1608955.0,0.0013835,7.228044813878806
1787025159528,0.001383,256097.0,0.001384,1608955.0,0.0013835,7.228044813878806
1787025159529,0.001383,256097.0,0.001384,2027885.0,0.0013835,7.228044813878806
1787025159580,0.001383,256097.0,0.001384,2052662.0,0.0013835,7.228044813878806
1787025159800,0.001383,256097.0,0.001384,2015118.0,0.0013835,7.228044813878806
1787025159830,0.001383,256097.0,0.001384,2100775.0,0.0013835,7.228044813878806
1787025159881,0.001383,478454.0,0.001384,2100775.0,0.0013835,7.228044813878806
1787025159884,0.001383,1284254.0,0.001384,2100775.0,0.0013835,7.228044813878806
1787025159886,0.001383,1284254.0,0.001384,2100775.0,0.0013835,7.228044813878806
1787025159899,0.001383,1284254.0,0.001384,2131076.0,0.0013835,7.228044813878806
1787025159941,0.001383,478454.0,0.001384,2131076.0,0.0013835,7.228044813878806
1787025159942,0.001383,256097.0,0.001384,2131076.0,0.0013835,7.228044813878806
1787025159999,0.001383,256097.0,0.001384,2100775.0,0.0013835,7.228044813878806
1787025160082,0.001383,256097.0,0.001384,2075998.0,0.0013835,7.228044813878806
1787025160099,0.001383,256097.0,0.001384,2106024.0,0.0013835,7.228044813878806
1787025160136,0.001383,232744.0,0.001384,2106024.0,0.0013835,7.228044813878806
1787025160214,0.001383,232744.0,0.001384,2075377.0,0.0013835,7.228044813878806
1787025160263,0.001383,1132176.0,0.001384,2075377.0,0.0013835,7.228044813878806
1787025160264,0.001383,1132176.0,0.001384,2075377.0,0.0013835,7.228044813878806
1787025160513,0.001383,1130145.0,0.001384,2075377.0,0.0013835,7.228044813878806
1787025160699,0.001383,1130145.0,0.001384,2045351.0,0.0013835,7.228044813878806
1787025160798,0.001383,1130145.0,0.001384,2052579.0,0.0013835,7.228044813878806
1787025160830,0.001383,1130145.0,0.001384,1966922.0,0.0013835,7.228044813878806
1787025161180,0.001383,1130145.0,0.001384,4591781.0,0.0013835,7.228044813878806
1787025161181,0.001383,1130145.0,0.001384,4591781.0,0.0013835,7.228044813878806
1787025161182,0.001383,920662.0,0.001384,4591781.0,0.0013835,7.228044813878806
1787025161183,0.001382,1426558.0,0.001383,20853.0,0.0013825,7.233273056057258
1787025161184,0.001382,1182654.0,0.001383,1118862.0,0.0013825,7.233273056057258
1787025161185,0.001382,1126982.0,0.001383,768068.0,0.0013825,7.233273056057258
1787025161187,0.001382,1126982.0,0.001383,1011504.0,0.0013825,7.233273056057258
1787025161188,0.001382,1138379.0,0.001383,740670.0,0.0013825,7.233273056057258
1787025161190,0.001382,1145977.0,0.001383,740670.0,0.0013825,7.233273056057258
1787025161193,0.001382,1145977.0,0.001383,789147.0,0.0013825,7.233273056057258
1787025161249,0.001382,1145977.0,0.001383,740670.0,0.0013825,7.233273056057258
1787025161295,0.001382,1157912.0,0.001383,752605.0,0.0013825,7.233273056057258
1787025161296,0.001382,1157912.0,0.001383,759838.0,0.0013825,7.233273056057258
1787025161361,0.001382,1153933.0,0.001383,759838.0,0.0013825,7.233273056057258
1787025161394,0.001382,1947010.0,0.001383,759838.0,0.0013825,7.233273056057258
1787025161402,0.001382,1947010.0,0.001383,819326.0,0.0013825,7.233273056057258
1787025161449,0.001382,1918557.0,0.001383,819326.0,0.0013825,7.233273056057258
1787025161453,0.001382,1918557.0,0.001383,1660300.0,0.0013825,7.233273056057258
1787025161454,0.001382,1918557.0,0.001383,1648365.0,0.0013825,7.233273056057258
1787025161455,0.001382,1918557.0,0.001383,1660300.0,0.0013825,7.233273056057258
1787025161581,0.001382,1918557.0,0.001383,1685033.0,0.0013825,7.233273056057258
1787025161583,0.001382,1918557.0,0.001383,1698955.0,0.0013825,7.233273056057258
1787025161635,0.001382,1916358.0,0.001383,1698955.0,0.0013825,7.233273056057258
1787025161797,0.001382,1916358.0,0.001383,1691722.0,0.0013825,7.233273056057258
1787025161824,0.001382,2097383.0,0.001383,1691722.0,0.0013825,7.233273056057258
1787025161881,0.001382,2097383.0,0.001383,1666989.0,0.0013825,7.233273056057258
1787025162049,0.001382,2103179.0,0.001383,1666989.0,0.0013825,7.233273056057258
1787025162199,0.001382,2103179.0,0.001383,1637245.0,0.0013825,7.233273056057258
1787025162295,0.001382,2103179.0,0.001383,1644478.0,0.0013825,7.233273056057258
1787025162505,0.001382,2103179.0,0.001383,1614734.0,0.0013825,7.233273056057258
1787025162582,0.001382,2103179.0,0.001383,1639454.0,0.0013825,7.233273056057258
1787025162731,0.001382,2100407.0,0.001383,1639454.0,0.0013825,7.233273056057258
1787025162782,0.001381,2932626.0,0.001382,10241678.0,0.0013815,7.238508867172754
1787025162783,0.001381,2917954.0,0.001382,10241678.0,0.0013815,7.238508867172754
1787025162784,0.001381,819216.0,0.001382,10241678.0,0.0013815,7.238508867172754
1787025162785,0.001381,1204883.0,0.001382,10294135.0,0.0013815,7.238508867172754
1787025162786,0.001381,413530.0,0.001382,10310549.0,0.0013815,7.238508867172754
1787025162787,0.001381,657930.0,0.001382,10310549.0,0.0013815,7.238508867172754
1787025162840,0.001381,657930.0,0.001382,10321060.0,0.0013815,7.238508867172754
1787025162862,0.001381,657930.0,0.001382,10366735.0,0.0013815,7.238508867172754
1787025162903,0.001381,657930.0,0.001382,10396288.0,0.0013815,7.238508867172754
1787025162904,0.001381,657930.0,0.001382,10425841.0,0.0013815,7.238508867172754
1787025162958,0.001381,669874.0,0.001382,10437785.0,0.0013815,7.238508867172754
1787025162998,0.001381,669874.0,0.001382,11181574.0,0.0013815,7.238508867172754
1787025162999,0.001381,669874.0,0.001382,11205287.0,0.0013815,7.238508867172754
1787025163040,0.001381,669874.0,0.001382,11261416.0,0.0013815,7.238508867172754
1787025163083,0.001381,669874.0,0.001382,11286123.0,0.0013815,7.238508867172754
1787025163179,0.001381,669874.0,0.001382,11310830.0,0.0013815,7.238508867172754
1787025163181,0.001381,625640.0,0.001382,11310830.0,0.0013815,7.238508867172754
1787025163201,0.001381,625640.0,0.001382,11340383.0,0.0013815,7.238508867172754
1787025163296,0.001381,573899.0,0.001382,11340383.0,0.0013815,7.238508867172754
1787025163298,0.001381,573899.0,0.001382,11347621.0,0.0013815,7.238508867172754
1787025163339,0.001381,573899.0,0.001382,11337110.0,0.0013815,7.238508867172754
1787025163340,0.001381,573899.0,0.001382,11326599.0,0.0013815,7.238508867172754
1787025163399,0.001381,573899.0,0.001382,11372137.0,0.0013815,7.238508867172754
1787025163499,0.001381,573899.0,0.001382,11342584.0,0.0013815,7.238508867172754
1787025163594,0.001381,573899.0,0.001382,11352468.0,0.0013815,7.238508867172754
1787025163599,0.001381,573899.0,0.001382,11443408.0,0.0013815,7.238508867172754
1787025163600,0.001381,573899.0,0.001382,11472976.0,0.0013815,7.238508867172754
1787025163601,0.001381,573899.0,0.001382,11449263.0,0.0013815,7.238508867172754
1787025163699,0.001381,573899.0,0.001382,11419695.0,0.0013815,7.238508867172754
1787025163800,0.001381,573899.0,0.001382,11449263.0,0.0013815,7.238508867172754
1787025163825,0.001381,755101.0,0.001382,11449263.0,0.0013815,7.238508867172754
1787025163827,0.001381,752887.0,0.001382,11449263.0,0.0013815,7.238508867172754
1787025163828,0.001381,743166.0,0.001382,11673663.0,0.0013815,7.238508867172754
1787025163829,0.001381,743166.0,0.001382,11449263.0,0.0013815,7.238508867172754
1787025163900,0.001381,743166.0,0.001382,11419695.0,0.0013815,7.238508867172754
1787025164030,0.001381,748382.0,0.001382,11419695.0,0.0013815,7.238508867172754
1787025164145,0.001381,1607059.0,0.001382,11419695.0,0.0013815,7.238508867172754
1787025164146,0.001381,1595115.0,0.001382,11419695.0,0.0013815,7.238508867172754
1787025164147,0.001381,1607059.0,0.001382,11419695.0,0.0013815,7.238508867172754
1787025164398,0.001381,1607059.0,0.001382,11374157.0,0.0013815,7.238508867172754
1787025164400,0.001381,1607059.0,0.001382,11344604.0,0.0013815,7.238508867172754
1787025164423,0.001381,1607059.0,0.001382,11350439.0,0.0013815,7.238508867172754
1787025164481,0.001381,1607059.0,0.001382,11301025.0,0.0013815,7.238508867172754
1787025164602,0.001381,1607059.0,0.001382,11330203.0,0.0013815,7.238508867172754
1787025164801,0.001381,1607059.0,0.001382,11301025.0,0.0013815,7.238508867172754
1787025164829,0.001381,1605958.0,0.001382,11301025.0,0.0013815,7.238508867172754
1787025164983,0.001381,1605958.0,0.001382,11325732.0,0.0013815,7.238508867172754
1787025165079,0.001381,1605958.0,0.001382,11350439.0,0.0013815,7.238508867172754
1787025165199,0.001381,1605958.0,0.001382,11374152.0,0.0013815,7.238508867172754
1787025165281,0.001381,1605958.0,0.001382,11324738.0,0.0013815,7.238508867172754
1787025165299,0.001381,1605958.0,0.001382,11372164.0,0.0013815,7.238508867172754
1787025165449,0.001381,1583624.0,0.001382,11372164.0,0.0013815,7.238508867172754
1787025165450,0.001381,1587607.0,0.001382,11372164.0,0.0013815,7.238508867172754
1787025165502,0.001381,1587607.0,0.001382,11301025.0,0.0013815,7.238508867172754
1787025165537,0.001381,728930.0,0.001382,11301025.0,0.0013815,7.238508867172754
1787025165597,0.001381,728930.0,0.001382,11324682.0,0.0013815,7.238508867172754
1787025165599,0.001381,728930.0,0.001382,11350123.0,0.0013815,7.238508867172754
1787025165698,0.001381,728930.0,0.001382,11326466.0,0.0013815,7.238508867172754
1787025165769,0.001381,734359.0,0.001382,11326466.0,0.0013815,7.238508867172754
1787025165782,0.001381,734359.0,0.001382,11375902.0,0.0013815,7.238508867172754
1787025166040,0.001381,734359.0,0.001382,11330284.0,0.0013815,7.238508867172754
1787025166042,0.001381,782836.0,0.001382,11330284.0,0.0013815,7.238508867172754
1787025166067,0.001381,780359.0,0.001382,11330284.0,0.0013815,7.238508867172754
1787025166199,0.001381,780359.0,0.001382,11304843.0,0.0013815,7.238508867172754
1787025166597,0.001381,780359.0,0.001382,11213903.0,0.0013815,7.238508867172754
1787025166676,0.001381,1509484.0,0.001382,11213903.0,0.0013815,7.238508867172754
1787025166677,0.001381,1497540.0,0.001382,11213903.0,0.0013815,7.238508867172754
1787025166678,0.001381,1509484.0,0.001382,11213903.0,0.0013815,7.238508867172754
1787025166739,0.001381,1509484.0,0.001382,10708150.0,0.0013815,7.238508867172754
1787025166740,0.001381,1509484.0,0.001382,9964361.0,0.0013815,7.238508867172754
1787025166741,0.001381,1815628.0,0.001382,9964361.0,0.0013815,7.238508867172754
1787025166760,0.001381,1810412.0,0.001382,9964361.0,0.0013815,7.238508867172754
1787025166795,0.001381,1810412.0,0.001382,9957123.0,0.0013815,7.238508867172754
1787025166800,0.001381,1810412.0,0.001382,9982854.0,0.0013815,7.238508867172754
1787025166805,0.001381,1810412.0,0.001382,9978771.0,0.0013815,7.238508867172754
1787025166862,0.001381,1810412.0,0.001382,9933096.0,0.0013815,7.238508867172754
1787025166963,0.001381,1810412.0,0.001382,10750582.0,0.0013815,7.238508867172754
1787025166983,0.001381,1810412.0,0.001382,10701146.0,0.0013815,7.238508867172754
1787025166998,0.001381,1810412.0,0.001382,10675415.0,0.0013815,7.238508867172754
1787025167099,0.001381,1810412.0,0.001382,10645862.0,0.0013815,7.238508867172754
1787025167114,0.001381,1810412.0,0.001382,14141689.0,0.0013815,7.238508867172754
1787025167155,0.001381,1808736.0,0.001382,14141689.0,0.0013815,7.238508867172754
1787025167198,0.001381,1808736.0,0.001382,14167402.0,0.0013815,7.238508867172754
1787025167200,0.001381,1760259.0,0.001382,14167402.0,0.0013815,7.238508867172754
1787025167299,0.001381,1760259.0,0.001382,14174640.0,0.0013815,7.238508867172754
1787025167335,0.001381,1765929.0,0.001382,14174640.0,0.0013815,7.238508867172754
1787025167369,0.001381,1765929.0,0.001382,14296184.0,0.0013815,7.238508867172754
1787025167402,0.001381,1765929.0,0.001382,14270471.0,0.0013815,7.238508867172754
1787025167461,0.001381,1765929.0,0.001382,14276168.0,0.0013815,7.238508867172754
1787025167501,0.001381,1765929.0,0.001382,14301867.0,0.0013815,7.238508867172754
1787025167579,0.001381,1765929.0,0.001382,14326610.0,0.0013815,7.238508867172754
1787025167733,0.001381,1765929.0,0.001382,14320825.0,0.0013815,7.238508867172754
1787025167799,0.001381,1765929.0,0.001382,14313587.0,0.0013815,7.238508867172754
1787025167808,0.001381,1733669.0,0.001382,14313587.0,0.0013815,7.238508867172754
1787025167862,0.001381,1733669.0,0.001382,14358183.0,0.0013815,7.238508867172754
1787025167893,0.001381,1004544.0,0.001382,14358183.0,0.0013815,7.238508867172754
1787025167894,0.001381,698400.0,0.001382,14358183.0,0.0013815,7.238508867172754
1787025167982,0.001381,698400.0,0.001382,14382937.0,0.0013815,7.238508867172754
1787025168039,0.001381,698400.0,0.001382,14392817.0,0.0013815,7.238508867172754
1787025168101,0.001381,698400.0,0.001382,14418522.0,0.0013815,7.238508867172754
1787025168129,0.001381,697009.0,0.001382,14418522.0,0.0013815,7.238508867172754
1787025168182,0.001381,697009.0,0.001382,14393768.0,0.0013815,7.238508867172754
1787025168200,0.001381,697009.0,0.001382,14368063.0,0.0013815,7.238508867172754
1787025168249,0.001381,702592.0,0.001382,14368063.0,0.0013815,7.238508867172754
1787025168265,0.001381,708166.0,0.001382,14368063.0,0.0013815,7.238508867172754
1787025168298,0.001381,708166.0,0.001382,14375301.0,0.0013815,7.238508867172754
1787025168580,0.001381,708166.0,0.001382,14400042.0,0.0013815,7.238508867172754
1787025169039,0.001381,708166.0,0.001382,14390162.0,0.0013815,7.238508867172754
1787025169181,0.001381,708166.0,0.001382,14365421.0,0.0013815,7.238508867172754
1787025169445,0.001381,705665.0,0.001382,14365421.0,0.0013815,7.238508867172754
1787025170182,0.001381,705665.0,0.001382,14340678.0,0.0013815,7.238508867172754
1787025170555,0.001381,703511.0,0.001382,14340678.0,0.0013815,7.238508867172754
1787025170786,0.001381,686601.0,0.001382,14340678.0,0.0013815,7.238508867172754
1787025171140,0.001381,675573.0,0.001382,14340678.0,0.0013815,7.238508867172754
1787025171182,0.001381,675573.0,0.001382,14364597.0,0.0013815,7.238508867172754
1787025171187,0.001381,517478.0,0.001382,14364597.0,0.0013815,7.238508867172754
1787025171188,0.001381,505534.0,0.001382,14364597.0,0.0013815,7.238508867172754
1787025171189,0.001381,517478.0,0.001382,14364597.0,0.0013815,7.238508867172754
1787025171196,0.001381,790442.0,0.001382,14364597.0,0.0013815,7.238508867172754
1787025171551,0.001381,788546.0,0.001382,14364597.0,0.0013815,7.238508867172754
1787025172081,0.001381,788546.0,0.001382,14340678.0,0.0013815,7.238508867172754
1787025172322,0.001381,788546.0,0.001382,15075279.0,0.0013815,7.238508867172754
1787025172325,0.001381,788546.0,0.001382,15166858.0,0.0013815,7.238508867172754
1787025172580,0.001381,788546.0,0.001382,15187794.0,0.0013815,7.238508867172754
1787025172881,0.001381,788546.0,0.001382,15166858.0,0.0013815,7.238508867172754
1787025172909,0.001381,786712.0,0.001382,15166858.0,0.0013815,7.238508867172754
1787025173158,0.001381,3983.0,0.001382,15768722.0,0.0013815,7.238508867172754
1787025173159,0.001381,48730.0,0.001382,15540434.0,0.0013815,7.238508867172754
1787025173160,0.001381,48730.0,0.001382,14722948.0,0.0013815,7.238508867172754
1787025173161,0.00138,3494538.0,0.001381,32660.0,0.0013805,7.243752263673544
1787025173162,0.00138,2308977.0,0.001381,329670.0,0.0013805,7.243752263673544
1787025173163,0.00138,1508977.0,0.001381,232059.0,0.0013805,7.243752263673544
1787025173164,0.00138,1280689.0,0.001381,605635.0,0.0013805,7.243752263673544
1787025173165,0.00138,1329166.0,0.001381,605635.0,0.0013805,7.243752263673544
1787025173185,0.00138,1334599.0,0.001381,605635.0,0.0013805,7.243752263673544
1787025173240,0.00138,1334599.0,0.001381,528573.0,0.0013805,7.243752263673544
1787025173268,0.00138,1346552.0,0.001381,528573.0,0.0013805,7.243752263673544
1787025173269,0.00138,1346552.0,0.001381,540526.0,0.0013805,7.243752263673544
1787025173270,0.00138,1346552.0,0.001381,619843.0,0.0013805,7.243752263673544
1787025173296,0.00138,1346552.0,0.001381,627086.0,0.0013805,7.243752263673544
1787025173352,0.00138,1342573.0,0.001381,627086.0,0.0013805,7.243752263673544
1787025173363,0.00138,1342573.0,0.001381,1482347.0,0.0013805,7.243752263673544
1787025173364,0.00138,2125263.0,0.001381,1470394.0,0.0013805,7.243752263673544
1787025173365,0.00138,2125263.0,0.001381,1391077.0,0.0013805,7.243752263673544
1787025173379,0.00138,2125263.0,0.001381,1403030.0,0.0013805,7.243752263673544
1787025173403,0.00138,2125263.0,0.001381,1426992.0,0.0013805,7.243752263673544
1787025173404,0.00138,2125263.0,0.001381,1450954.0,0.0013805,7.243752263673544
1787025173491,0.00138,2125263.0,0.001381,704325.0,0.0013805,7.243752263673544
1787025173492,0.00138,2147883.0,0.001381,108354.0,0.0013805,7.243752263673544
1787025173493,0.00138,2147883.0,0.001381,173999.0,0.0013805,7.243752263673544
1787025173495,0.001381,348246.0,0.001382,15373218.0,0.0013815,7.238508867172754
1787025173496,0.001381,26381.0,0.001382,15373218.0,0.0013815,7.238508867172754
1787025173497,0.001381,686802.0,0.001382,14694234.0,0.0013815,7.238508867172754
1787025173498,0.001381,674858.0,0.001382,14694234.0,0.0013815,7.238508867172754
1787025173500,0.001381,674858.0,0.001382,14718196.0,0.0013815,7.238508867172754
1787025173522,0.001381,648477.0,0.001382,14718196.0,0.0013815,7.238508867172754
1787025173549,0.001381,829679.0,0.001382,14718196.0,0.0013815,7.238508867172754
1787025173597,0.001381,829679.0,0.001382,14730140.0,0.0013815,7.238508867172754
1787025173598,0.001381,841623.0,0.001382,14730140.0,0.0013815,7.238508867172754
1787025173600,0.001381,841623.0,0.001382,14754485.0,0.0013815,7.238508867172754
1787025173699,0.001381,841623.0,0.001382,14730140.0,0.0013815,7.238508867172754
1787025173712,0.001381,841623.0,0.001382,15488041.0,0.0013815,7.238508867172754
1787025173782,0.001381,841623.0,0.001382,15508965.0,0.0013815,7.238508867172754
1787025173795,0.001381,841623.0,0.001382,15516203.0,0.0013815,7.238508867172754
1787025173901,0.001381,841623.0,0.001382,15540571.0,0.0013815,7.238508867172754
1787025174005,0.001381,1695485.0,0.001382,15540571.0,0.0013815,7.238508867172754
1787025174006,0.001381,1683541.0,0.001382,15540571.0,0.0013815,7.238508867172754
1787025174007,0.001381,1695485.0,0.001382,15540571.0,0.0013815,7.238508867172754
1787025174031,0.001381,1700002.0,0.001382,15540571.0,0.0013815,7.238508867172754
1787025174085,0.001381,1703985.0,0.001382,15540571.0,0.0013815,7.238508867172754
1787025174101,0.001381,1703985.0,0.001382,15516203.0,0.0013815,7.238508867172754
1787025174171,0.001381,1703038.0,0.001382,15516203.0,0.0013815,7.238508867172754
1787025174172,0.001381,1103985.0,0.001382,15516203.0,0.0013815,7.238508867172754
1787025174381,0.001381,1103985.0,0.001382,15495279.0,0.0013815,7.238508867172754
1787025174862,0.001381,1103985.0,0.001382,15450683.0,0.0013815,7.238508867172754
1787025175319,0.001381,1101604.0,0.001382,15450683.0,0.0013815,7.238508867172754
1787025175656,0.001381,1101604.0,0.001382,15446085.0,0.0013815,7.238508867172754
1787025175862,0.001381,1101604.0,0.001382,15462483.0,0.0013815,7.238508867172754
1787025175991,0.001381,1317569.0,0.001382,15462483.0,0.0013815,7.238508867172754
1787025175992,0.001381,1729547.0,0.001382,15088907.0,0.0013815,7.238508867172754
1787025176008,0.001381,1949267.0,0.001382,15088907.0,0.0013815,7.238508867172754
1787025176058,0.001381,1949267.0,0.001382,14331006.0,0.0013815,7.238508867172754
1787025176059,0.001381,1949267.0,0.001382,12568506.0,0.0013815,7.238508867172754
1787025176060,0.001381,1949267.0,0.001382,11240715.0,0.0013815,7.238508867172754
1787025176061,0.001381,3583530.0,0.001382,11240715.0,0.0013815,7.238508867172754
1787025176062,0.001381,3571586.0,0.001382,10757894.0,0.0013815,7.238508867172754
1787025176063,0.001381,2771586.0,0.001382,8724665.0,0.0013815,7.238508867172754
1787025176065,0.001381,3571586.0,0.001382,8724665.0,0.0013815,7.238508867172754
1787025176066,0.001382,453336.0,0.001383,2027193.0,0.0013825,7.233273056057258
1787025176067,0.001382,3193495.0,0.001383,1881279.0,0.0013825,7.233273056057258
1787025176068,0.001382,948866.0,0.001383,88062.0,0.0013825,7.233273056057258
1787025176069,0.001382,1156827.0,0.001383,304027.0,0.0013825,7.233273056057258
1787025176071,0.001382,1156827.0,0.001383,352504.0,0.0013825,7.233273056057258
1787025176072,0.001382,1156827.0,0.001383,304027.0,0.0013825,7.233273056057258
1787025176073,0.001382,1156827.0,0.001383,352504.0,0.0013825,7.233273056057258
1787025176074,0.001382,1156827.0,0.001383,400981.0,0.0013825,7.233273056057258
1787025176099,0.001382,1162252.0,0.001383,400981.0,0.0013825,7.233273056057258
1787025176135,0.001382,362252.0,0.001383,400981.0,0.0013825,7.233273056057258
1787025176171,0.001382,794898.0,0.001383,833627.0,0.0013825,7.233273056057258
1787025176180,0.001382,794898.0,0.001383,862573.0,0.0013825,7.233273056057258
1787025176202,0.001382,794898.0,0.001383,895044.0,0.0013825,7.233273056057258
1787025176210,0.001382,806833.0,0.001383,906979.0,0.0013825,7.233273056057258
1787025176219,0.001382,1022798.0,0.001383,906979.0,0.0013825,7.233273056057258
1787025176228,0.001382,1022798.0,0.001383,691014.0,0.0013825,7.233273056057258
1787025176259,0.001382,1833811.0,0.001383,1464081.0,0.0013825,7.233273056057258
1787025176260,0.001382,1821876.0,0.001383,1452146.0,0.0013825,7.233273056057258
1787025176291,0.001382,1821876.0,0.001383,189025.0,0.0013825,7.233273056057258
1787025176292,0.001383,242315.0,0.001384,1009491.0,0.0013835,7.228044813878806
1787025176293,0.001383,674961.0,0.001384,1095098.0,0.0013835,7.228044813878806
1787025176294,0.001383,771915.0,0.001384,483853.0,0.0013835,7.228044813878806
1787025176296,0.001383,1571915.0,0.001384,483853.0,0.0013835,7.228044813878806
1787025176303,0.001383,1571915.0,0.001384,435376.0,0.0013835,7.228044813878806
1787025176309,0.001383,771915.0,0.001384,435376.0,0.0013835,7.228044813878806
1787025176328,0.001383,771915.0,0.001384,483853.0,0.0013835,7.228044813878806
1787025176331,0.001383,769456.0,0.001384,483853.0,0.0013835,7.228044813878806
1787025176349,0.001383,769456.0,0.001384,479690.0,0.0013835,7.228044813878806
1787025176364,0.001383,769456.0,0.001384,475714.0,0.0013835,7.228044813878806
1787025176405,0.001383,773435.0,0.001384,475714.0,0.0013835,7.228044813878806
1787025176459,0.001383,785362.0,0.001384,487641.0,0.0013835,7.228044813878806
1787025176497,0.001383,1606147.0,0.001384,1266989.0,0.0013835,7.228044813878806
1787025176498,0.001383,1594220.0,0.001384,1255062.0,0.0013835,7.228044813878806
1787025176569,0.001383,1775160.0,0.001384,1255062.0,0.0013835,7.228044813878806
1787025176571,0.001383,1787087.0,0.001384,1266989.0,0.0013835,7.228044813878806
1787025176600,0.001383,1787087.0,0.001384,1298831.0,0.0013835,7.228044813878806
1787025176699,0.001383,1787087.0,0.001384,1266989.0,0.0013835,7.228044813878806
1787025176933,0.001383,1787087.0,0.001384,1303129.0,0.0013835,7.228044813878806
1787025176994,0.001383,1791064.0,0.001384,1303129.0,0.0013835,7.228044813878806
1787025177000,0.001383,1791064.0,0.001384,1334969.0,0.0013835,7.228044813878806
1787025177042,0.001383,1795581.0,0.001384,1334969.0,0.0013835,7.228044813878806
1787025177099,0.001383,1795581.0,0.001384,1303129.0,0.0013835,7.228044813878806
1787025177200,0.001383,1795581.0,0.001384,1334969.0,0.0013835,7.228044813878806
1787025177252,0.001383,1795581.0,0.001384,1283228.0,0.0013835,7.228044813878806
1787025177430,0.001383,1795581.0,0.001384,1247088.0,0.0013835,7.228044813878806
1787025177458,0.001383,1792970.0,0.001384,1247088.0,0.0013835,7.228044813878806
1787025177621,0.001383,1792970.0,0.001384,365112.0,0.0013835,7.228044813878806
1787025177622,0.001383,1792970.0,0.001384,43767.0,0.0013835,7.228044813878806
1787025177623,0.001384,871011.0,0.001385,4138281.0,0.0013844999999999999,7.222824124231968
1787025177624,0.001384,1376830.0,0.001385,4134308.0,0.0013844999999999999,7.222824124231968
1787025177625,0.001384,591827.0,0.001385,3511144.0,0.0013844999999999999,7.222824124231968
1787025177626,0.001384,574247.0,0.001385,3511144.0,0.0013844999999999999,7.222824124231968
1787025177627,0.001384,547917.0,0.001385,3226548.0,0.0013844999999999999,7.222824124231968
1787025177669,0.001384,553335.0,0.001385,3226548.0,0.0013844999999999999,7.222824124231968
1787025177692,0.001384,769300.0,0.001385,3226548.0,0.0013844999999999999,7.222824124231968
1787025177693,0.001384,181688.0,0.001385,3226548.0,0.0013844999999999999,7.222824124231968
1787025177694,0.001383,2416237.0,0.001384,828502.0,0.0013835,7.228044813878806
1787025177695,0.001383,1721337.0,0.001384,849178.0,0.0013835,7.228044813878806
1787025177696,0.001383,1693501.0,0.001384,838340.0,0.0013835,7.228044813878806
1787025177697,0.001383,1665665.0,0.001384,886817.0,0.0013835,7.228044813878806
1787025177699,0.001383,1885385.0,0.001384,886817.0,0.0013835,7.228044813878806
1787025177738,0.001383,1897312.0,0.001384,898744.0,0.0013835,7.228044813878806
1787025177802,0.001383,1897312.0,0.001384,961564.0,0.0013835,7.228044813878806
1787025177803,0.001383,1818409.0,0.001384,961564.0,0.0013835,7.228044813878806
1787025177847,0.001383,1818409.0,0.001384,1828392.0,0.0013835,7.228044813878806
1787025177848,0.001383,1818409.0,0.001384,1816465.0,0.0013835,7.228044813878806
1787025177849,0.001383,1818409.0,0.001384,1828392.0,0.0013835,7.228044813878806
1787025178017,0.001383,1818409.0,0.001384,1550731.0,0.0013835,7.228044813878806
1787025178023,0.001383,1818409.0,0.001384,683903.0,0.0013835,7.228044813878806
1787025178030,0.001383,1999349.0,0.001384,683903.0,0.0013835,7.228044813878806
1787025178037,0.001383,2055021.0,0.001384,683903.0,0.0013835,7.228044813878806
1787025178099,0.001383,2055021.0,0.001384,621083.0,0.0013835,7.228044813878806
1787025178199,0.001383,2055021.0,0.001384,652621.0,0.0013835,7.228044813878806
1787025178306,0.001383,2055021.0,0.001384,1480949.0,0.0013835,7.228044813878806
1787025178308,0.001383,2055021.0,0.001384,1529426.0,0.0013835,7.228044813878806
1787025178309,0.001383,2055021.0,0.001384,1529426.0,0.0013835,7.228044813878806
1787025178499,0.001383,2055021.0,0.001384,1497888.0,0.0013835,7.228044813878806
1787025178549,0.001383,2055021.0,0.001384,1501862.0,0.0013835,7.228044813878806
1787025178591,0.001383,1765810.0,0.001384,1501862.0,0.0013835,7.228044813878806
1787025178593,0.001383,1765810.0,0.001384,1892097.0,0.0013835,7.228044813878806
1787025178594,0.001383,945025.0,0.001384,1892097.0,0.0013835,7.228044813878806
1787025178596,0.001383,903271.0,0.001384,1892097.0,0.0013835,7.228044813878806
1787025178597,0.001383,889353.0,0.001384,1892097.0,0.0013835,7.228044813878806
1787025178599,0.001383,889353.0,0.001384,1923665.0,0.0013835,7.228044813878806
1787025178601,0.001383,886831.0,0.001384,1923665.0,0.0013835,7.228044813878806
1787025178799,0.001383,886831.0,0.001384,1955334.0,0.0013835,7.228044813878806
1787025178800,0.001383,886831.0,0.001384,1487566.0,0.0013835,7.228044813878806
1787025178803,0.001383,1794995.0,0.001384,1487566.0,0.0013835,7.228044813878806
1787025178804,0.001383,1794995.0,0.001384,1487566.0,0.0013835,7.228044813878806
1787025178899,0.001383,1794995.0,0.001384,1455897.0,0.0013835,7.228044813878806
1787025179300,0.001383,1794995.0,0.001384,1487579.0,0.0013835,7.228044813878806
1787025179699,0.001383,1794995.0,0.001384,1455897.0,0.0013835,7.228044813878806
1787025179893,0.001383,1792242.0,0.001384,1455897.0,0.0013835,7.228044813878806
1787025180000,0.001383,1792242.0,0.001384,1424329.0,0.0013835,7.228044813878806
1787025180100,0.001383,1792242.0,0.001384,1518913.0,0.0013835,7.228044813878806
1787025180199,0.001383,1792242.0,0.001384,1487385.0,0.0013835,7.228044813878806
1787025180432,0.001383,1536829.0,0.001384,1487385.0,0.0013835,7.228044813878806
1787025180433,0.001383,628665.0,0.001384,1487385.0,0.0013835,7.228044813878806
1787025180438,0.001383,621279.0,0.001384,1487385.0,0.0013835,7.228044813878806
1787025180439,0.001383,614701.0,0.001384,1980341.0,0.0013835,7.228044813878806
1787025180440,0.001383,614701.0,0.001384,1968414.0,0.0013835,7.228044813878806
1787025180441,0.001383,614701.0,0.001384,1980341.0,0.0013835,7.228044813878806
1787025180463,0.001383,614701.0,0.001384,1986973.0,0.0013835,7.228044813878806
1787025180548,0.001383,607491.0,0.001384,1986973.0,0.0013835,7.228044813878806
1787025180558,0.001383,52454.0,0.001384,2780040.0,0.0013835,7.228044813878806
1787025180559,0.001383,100931.0,0.001384,2212424.0,0.0013835,7.228044813878806
1787025180560,0.001383,59650.0,0.001384,2212424.0,0.0013835,7.228044813878806
1787025180561,0.001383,48477.0,0.001384,2212424.0,0.0013835,7.228044813878806
1787025180566,0.001383,96954.0,0.001384,2212424.0,0.0013835,7.228044813878806
1787025180595,0.001382,1723980.0,0.001383,10846.0,0.0013825,7.233273056057258
1787025180596,0.001382,913361.0,0.001383,125174.0,0.0013825,7.233273056057258
1787025180597,0.001382,928160.0,0.001383,129151.0,0.0013825,7.233273056057258
1787025180598,0.001382,928160.0,0.001383,226105.0,0.0013825,7.233273056057258
1787025180599,0.001382,928160.0,0.001383,204688.0,0.0013825,7.233273056057258
1787025180614,0.001382,886305.0,0.001383,204688.0,0.0013825,7.233273056057258
1787025180616,0.001382,886305.0,0.001383,156211.0,0.0013825,7.233273056057258
1787025180626,0.001382,886305.0,0.001383,381662.0,0.0013825,7.233273056057258
1787025180627,0.001382,827109.0,0.001383,733449.0,0.0013825,7.233273056057258
1787025180628,0.001382,830633.0,0.001383,781926.0,0.0013825,7.233273056057258
1787025180638,0.001382,1566885.0,0.001383,1576985.0,0.0013825,7.233273056057258
1787025180681,0.001382,1578820.0,0.001383,1588920.0,0.0013825,7.233273056057258
1787025180699,0.001382,1578820.0,0.001383,1652528.0,0.0013825,7.233273056057258
1787025180872,0.001382,1578820.0,0.001383,1604051.0,0.0013825,7.233273056057258
1787025180895,0.001382,1576500.0,0.001383,1604051.0,0.0013825,7.233273056057258
1787025181046,0.001382,1580743.0,0.001383,1604051.0,0.0013825,7.233273056057258
1787025181100,0.001382,1580743.0,0.001383,1572247.0,0.0013825,7.233273056057258
1787025181101,0.001382,1580743.0,0.001383,1346796.0,0.0013825,7.233273056057258
1787025181108,0.001382,1761762.0,0.001383,1346796.0,0.0013825,7.233273056057258
1787025181199,0.001382,1761762.0,0.001383,1314992.0,0.0013825,7.233273056057258
1787025181466,0.001382,1778888.0,0.001383,1314992.0,0.0013825,7.233273056057258
1787025181507,0.001382,1761762.0,0.001383,1314992.0,0.0013825,7.233273056057258
1787025181528,0.001382,1025510.0,0.001383,1314992.0,0.0013825,7.233273056057258
1787025181529,0.001382,592864.0,0.001383,1314992.0,0.0013825,7.233273056057258
1787025181699,0.001382,592864.0,0.001383,1346793.0,0.0013825,7.233273056057258
1787025181701,0.001382,615672.0,0.001383,1346793.0,0.0013825,7.233273056057258
1787025181797,0.001382,615672.0,0.001383,8595320.0,0.0013825,7.233273056057258
1787025181798,0.001382,399707.0,0.001383,8595320.0,0.0013825,7.233273056057258
1787025181799,0.001381,3386144.0,0.001382,468184.0,0.0013815,7.238508867172754
1787025181800,0.001381,2721845.0,0.001382,43130.0,0.0013815,7.238508867172754
1787025181801,0.001381,1834769.0,0.001382,925288.0,0.0013815,7.238508867172754
1787025181802,0.001381,1834769.0,0.001382,84733.0,0.0013815,7.238508867172754
1787025181803,0.001381,1606481.0,0.001382,415098.0,0.0013815,7.238508867172754
1787025181804,0.001381,1606481.0,0.001382,655051.0,0.0013815,7.238508867172754
1787025181805,0.001381,1606481.0,0.001382,703528.0,0.0013815,7.238508867172754
1787025181865,0.001381,1606481.0,0.001382,655051.0,0.0013815,7.238508867172754
1787025181872,0.001381,1606481.0,0.001382,703528.0,0.0013815,7.238508867172754
1787025181885,0.001381,1606481.0,0.001382,732295.0,0.0013815,7.238508867172754
1787025181899,0.001381,1606481.0,0.001382,764016.0,0.0013815,7.238508867172754
1787025181900,0.001381,1606481.0,0.001382,775960.0,0.0013815,7.238508867172754
1787025181901,0.001381,1618425.0,0.001382,775960.0,0.0013815,7.238508867172754
1787025182019,0.001381,1618425.0,0.001382,1572807.0,0.0013815,7.238508867172754
1787025182020,0.001381,1618425.0,0.001382,1560863.0,0.0013815,7.238508867172754
1787025182021,0.001381,1618425.0,0.001382,1572807.0,0.0013815,7.238508867172754
1787025182047,0.001381,1616956.0,0.001382,1572807.0,0.0013815,7.238508867172754
1787025182101,0.001381,1616956.0,0.001382,1604510.0,0.0013815,7.238508867172754
1787025182199,0.001381,1616956.0,0.001382,1636213.0,0.0013815,7.238508867172754
1787025182258,0.001381,1565215.0,0.001382,1636213.0,0.0013815,7.238508867172754
1787025182282,0.001381,1565215.0,0.001382,1664904.0,0.0013815,7.238508867172754
1787025182301,0.001381,1565215.0,0.001382,1698053.0,0.0013815,7.238508867172754
1787025182320,0.001381,1558229.0,0.001382,1698053.0,0.0013815,7.238508867172754
1787025182386,0.001381,1739431.0,0.001382,1698053.0,0.0013815,7.238508867172754
1787025182400,0.001381,1739431.0,0.001382,1721973.0,0.0013815,7.238508867172754
1787025182599,0.001381,1739431.0,0.001382,1755122.0,0.0013815,7.238508867172754
1787025182655,0.001381,1754157.0,0.001382,1755122.0,0.0013815,7.238508867172754
1787025182658,0.001381,1754157.0,0.001382,1748291.0,0.0013815,7.238508867172754
1787025182800,0.001381,1754157.0,0.001382,1681993.0,0.0013815,7.238508867172754
1787025182802,0.001381,1754157.0,0.001382,1633516.0,0.0013815,7.238508867172754
1787025182899,0.001381,1754157.0,0.001382,1601813.0,0.0013815,7.238508867172754
1787025183048,0.001381,1757976.0,0.001382,1601813.0,0.0013815,7.238508867172754
1787025183257,0.001381,1755704.0,0.001382,1601813.0,0.0013815,7.238508867172754
1787025183297,0.001381,1755704.0,0.001382,1634962.0,0.0013815,7.238508867172754
1787025183396,0.001381,1755704.0,0.001382,1601813.0,0.0013815,7.238508867172754
1787025183398,0.001381,1755704.0,0.001382,1577893.0,0.0013815,7.238508867172754
1787025183412,0.001381,1755704.0,0.001382,1306744.0,0.0013815,7.238508867172754
1787025183413,0.001381,1755704.0,0.001382,288426.0,0.0013815,7.238508867172754
1787025183414,0.001381,1755704.0,0.001382,288426.0,0.0013815,7.238508867172754
1787025183415,0.001381,1755704.0,0.001382,336903.0,0.0013815,7.238508867172754
1787025183427,0.001381,1740978.0,0.001382,336903.0,0.0013815,7.238508867172754
1787025183450,0.001381,1740978.0,0.001382,562354.0,0.0013815,7.238508867172754
1787025183523,0.001381,1843092.0,0.001382,562354.0,0.0013815,7.238508867172754
1787025183655,0.001381,1857821.0,0.001382,562354.0,0.0013815,7.238508867172754
1787025183688,0.001381,1857821.0,0.001382,1305881.0,0.0013815,7.238508867172754
1787025183689,0.001381,1857821.0,0.001382,1293937.0,0.0013815,7.238508867172754
1787025183882,0.001381,1857821.0,0.001382,1265246.0,0.0013815,7.238508867172754
1787025184301,0.001381,1857821.0,0.001382,1595635.0,0.0013815,7.238508867172754
1787025184428,0.001381,1855473.0,0.001382,1595635.0,0.0013815,7.238508867172754
1787025184517,0.001381,1847192.0,0.001382,1595635.0,0.0013815,7.238508867172754
1787025184518,0.001381,1832463.0,0.001382,1595635.0,0.0013815,7.238508867172754
1787025184658,0.001381,1847189.0,0.001382,1595635.0,0.0013815,7.238508867172754
1787025184883,0.001381,1847189.0,0.001382,1624348.0,0.0013815,7.238508867172754
1787025185015,0.001381,1842850.0,0.001382,1624348.0,0.0013815,7.238508867172754
1787025185016,0.001381,1828124.0,0.001382,1624348.0,0.0013815,7.238508867172754
1787025185209,0.001381,1828124.0,0.001382,880821.0,0.0013815,7.238508867172754
1787025185210,0.001381,1828124.0,0.001382,655370.0,0.0013815,7.238508867172754
1787025185441,0.001381,1826053.0,0.001382,655370.0,0.0013815,7.238508867172754
1787025185506,0.001381,1826053.0,0.001382,667314.0,0.0013815,7.238508867172754
1787025185696,0.001381,2426053.0,0.001382,667314.0,0.0013815,7.238508867172754
1787025185697,0.001381,1826053.0,0.001382,667314.0,0.0013815,7.238508867172754
1787025185698,0.001381,1840779.0,0.001382,667314.0,0.0013815,7.238508867172754
1787025185699,0.001381,1840779.0,0.001382,667314.0,0.0013815,7.238508867172754
1787025185981,0.001381,1840779.0,0.001382,638601.0,0.0013815,7.238508867172754
1787025186383,0.001381,1840779.0,0.001382,609834.0,0.0013815,7.238508867172754
1787025186593,0.001381,1839623.0,0.001382,609834.0,0.0013815,7.238508867172754
1787025186684,0.001381,1839623.0,0.001382,638531.0,0.0013815,7.238508867172754
1787025186685,0.001381,2439623.0,0.001382,667228.0,0.0013815,7.238508867172754
1787025186687,0.001381,1839623.0,0.001382,667228.0,0.0013815,7.238508867172754
1787025187269,0.001381,1839623.0,0.001382,1506515.0,0.0013815,7.238508867172754
1787025187270,0.001381,1839623.0,0.001382,1506515.0,0.0013815,7.238508867172754
1787025187306,0.001381,1831459.0,0.001382,1506515.0,0.0013815,7.238508867172754
1787025187308,0.001381,1816733.0,0.001382,1506515.0,0.0013815,7.238508867172754
1787025187418,0.001381,1816733.0,0.001382,1510314.0,0.0013815,7.238508867172754
1787025187482,0.001381,1816733.0,0.001382,1452920.0,0.0013815,7.238508867172754
1787025187535,0.001381,1814333.0,0.001382,1452920.0,0.0013815,7.238508867172754
1787025187555,0.001381,1814333.0,0.001382,487369.0,0.0013815,7.238508867172754
1787025187557,0.001381,1814333.0,0.001382,487369.0,0.0013815,7.238508867172754
1787025187674,0.001381,2614333.0,0.001382,487369.0,0.0013815,7.238508867172754
1787025187675,0.001381,2602389.0,0.001382,487369.0,0.0013815,7.238508867172754
1787025187861,0.001381,2614333.0,0.001382,487369.0,0.0013815,7.238508867172754
1787025187882,0.001381,2614333.0,0.001382,516097.0,0.0013815,7.238508867172754
1787025187959,0.001381,2567672.0,0.001382,516097.0,0.0013815,7.238508867172754
1787025187961,0.001381,2571655.0,0.001382,516097.0,0.0013815,7.238508867172754
1787025187979,0.001381,2571655.0,0.001382,487369.0,0.0013815,7.238508867172754
1787025188002,0.001381,2571655.0,0.001382,455666.0,0.0013815,7.238508867172754
1787025188003,0.001381,2571655.0,0.001382,423945.0,0.0013815,7.238508867172754
1787025188038,0.001381,2571655.0,0.001382,1292324.0,0.0013815,7.238508867172754
1787025188039,0.001381,2571655.0,0.001382,423945.0,0.0013815,7.238508867172754
1787025188046,0.001381,2571655.0,0.001382,377218.0,0.0013815,7.238508867172754
1787025188047,0.001381,2571655.0,0.001382,381198.0,0.0013815,7.238508867172754
1787025188582,0.001381,2571655.0,0.001382,409939.0,0.0013815,7.238508867172754
1787025188891,0.001381,2569803.0,0.001382,409939.0,0.0013815,7.238508867172754
1787025189434,0.001381,2553917.0,0.001382,409939.0,0.0013815,7.238508867172754
1787025189439,0.001381,2553917.0,0.001382,1176403.0,0.0013815,7.238508867172754
1787025189440,0.001381,2553917.0,0.001382,1176403.0,0.0013815,7.238508867172754
1787025189482,0.001381,2553917.0,0.001382,1147662.0,0.0013815,7.238508867172754
1787025189509,0.001381,1753917.0,0.001382,1147662.0,0.0013815,7.238508867172754
1787025189511,0.001381,1753917.0,0.001382,1499449.0,0.0013815,7.238508867172754
1787025189598,0.001381,1753917.0,0.001382,1548463.0,0.0013815,7.238508867172754
1787025189682,0.001381,1753917.0,0.001382,1605961.0,0.0013815,7.238508867172754
1787025189973,0.001381,1751776.0,0.001382,1605961.0,0.0013815,7.238508867172754
1787025190084,0.001381,1751776.0,0.001382,1577212.0,0.0013815,7.238508867172754
1787025190898,0.001381,1751776.0,0.001382,1552705.0,0.0013815,7.238508867172754
1787025190998,0.001381,1751776.0,0.001382,1528198.0,0.0013815,7.238508867172754
1787025191002,0.001381,1743296.0,0.001382,1528198.0,0.0013815,7.238508867172754
1787025191025,0.001381,1741742.0,0.001382,1528198.0,0.0013815,7.238508867172754
1787025191100,0.001381,1741742.0,0.001382,1576910.0,0.0013815,7.238508867172754
1787025191582,0.001381,1741742.0,0.001382,1605655.0,0.0013815,7.238508867172754
1787025191885,0.001381,1741742.0,0.001382,1576910.0,0.0013815,7.238508867172754
1787025191999,0.001381,1741742.0,0.001382,1552554.0,0.0013815,7.238508867172754
1787025192058,0.001381,1741742.0,0.001382,1564212.0,0.0013815,7.238508867172754
1787025192101,0.001381,1741742.0,0.001382,1588581.0,0.0013815,7.238508867172754
1787025192303,0.001381,1740159.0,0.001382,1588581.0,0.0013815,7.238508867172754
1787025192433,0.001381,1740159.0,0.001382,1584782.0,0.0013815,7.238508867172754
1787025192438,0.001381,1740159.0,0.001382,1588983.0,0.0013815,7.238508867172754
1787025192584,0.001381,1740159.0,0.001382,1617743.0,0.0013815,7.238508867172754
1787025192799,0.001381,1740159.0,0.001382,1593374.0,0.0013815,7.238508867172754
1787025192998,0.001381,1740159.0,0.001382,1569018.0,0.0013815,7.238508867172754
1787025193070,0.001381,1740159.0,0.001382,1754831.0,0.0013815,7.238508867172754
1787025193101,0.001381,1740159.0,0.001382,1779190.0,0.0013815,7.238508867172754
1787025193199,0.001381,1740159.0,0.001382,1803549.0,0.0013815,7.238508867172754
1787025193482,0.001381,1740159.0,0.001382,1774789.0,0.0013815,7.238508867172754
1787025193509,0.001381,1737731.0,0.001382,1774789.0,0.0013815,7.238508867172754
1787025193518,0.001381,1737731.0,0.001382,1231705.0,0.0013815,7.238508867172754
1787025193519,0.001381,1737731.0,0.001382,295063.0,0.0013815,7.238508867172754
1787025193520,0.001381,2337731.0,0.001382,283119.0,0.0013815,7.238508867172754
1787025193521,0.001381,2337731.0,0.001382,295063.0,0.0013815,7.238508867172754
1787025193522,0.001381,2337731.0,0.001382,343540.0,0.0013815,7.238508867172754
1787025193579,0.001381,2337731.0,0.001382,314791.0,0.0013815,7.238508867172754
1787025193587,0.001381,2337731.0,0.001382,266314.0,0.0013815,7.238508867172754
1787025193607,0.001381,2537731.0,0.001382,266314.0,0.0013815,7.238508867172754
1787025193700,0.001381,2537731.0,0.001382,217596.0,0.0013815,7.238508867172754
1787025194419,0.001381,2537731.0,0.001382,240252.0,0.0013815,7.238508867172754
1787025194482,0.001382,439440.0,0.001383,9173265.0,0.0013825,7.233273056057258
1787025194483,0.001382,1061376.0,0.001383,8200027.0,0.0013825,7.233273056057258
1787025194484,0.001381,2576564.0,0.001382,10854.0,0.0013815,7.238508867172754
1787025194485,0.001381,2576855.0,0.001382,43053.0,0.0013815,7.238508867172754
1787025194486,0.001381,2572873.0,0.001382,100487.0,0.0013815,7.238508867172754
1787025194487,0.001381,2344585.0,0.001382,304450.0,0.0013815,7.238508867172754
1787025194489,0.001381,2370260.0,0.001382,304450.0,0.0013815,7.238508867172754
1787025194490,0.001381,2376211.0,0.001382,304450.0,0.0013815,7.238508867172754
1787025194491,0.001381,2390556.0,0.001382,304450.0,0.0013815,7.238508867172754
1787025194492,0.001381,2407294.0,0.001382,304450.0,0.0013815,7.238508867172754
1787025194495,0.001381,2416217.0,0.001382,304450.0,0.0013815,7.238508867172754
1787025194496,0.001381,2430102.0,0.001382,304450.0,0.0013815,7.238508867172754
1787025194535,0.001381,2428667.0,0.001382,304450.0,0.0013815,7.238508867172754
1787025194537,0.001381,2428667.0,0.001382,228662.0,0.0013815,7.238508867172754
1787025194538,0.001381,2428667.0,0.001382,304639.0,0.0013815,7.238508867172754
1787025194549,0.001381,2428667.0,0.001382,79331.0,0.0013815,7.238508867172754
1787025194551,0.001381,2428667.0,0.001382,75977.0,0.0013815,7.238508867172754
1787025194676,0.001381,2440611.0,0.001382,87921.0,0.0013815,7.238508867172754
1787025195070,0.001381,2440611.0,0.001382,273734.0,0.0013815,7.238508867172754
1787025195071,0.001381,2440611.0,0.001382,261790.0,0.0013815,7.238508867172754
1787025195072,0.001381,2621813.0,0.001382,273734.0,0.0013815,7.238508867172754
1787025195097,0.001381,2621813.0,0.001382,197757.0,0.0013815,7.238508867172754
1787025195098,0.001381,2621813.0,0.001382,275345.0,0.0013815,7.238508867172754
1787025195136,0.001381,2868260.0,0.001382,275345.0,0.0013815,7.238508867172754
1787025195137,0.001381,3955657.0,0.001382,57917.0,0.0013815,7.238508867172754
1787025195138,0.001382,987198.0,0.001383,8644476.0,0.0013825,7.233273056057258
1787025195139,0.001382,1298700.0,0.001383,8644475.0,0.0013825,7.233273056057258
1787025195140,0.001382,1979105.0,0.001383,8644475.0,0.0013825,7.233273056057258
1787025195151,0.001382,1992298.0,0.001383,8644475.0,0.0013825,7.233273056057258
1787025195153,0.001382,1999401.0,0.001383,8644475.0,0.0013825,7.233273056057258
1787025195155,0.001382,2006499.0,0.001383,8644475.0,0.0013825,7.233273056057258
1787025195178,0.001382,2034335.0,0.001383,8644475.0,0.0013825,7.233273056057258
1787025195191,0.001382,2040037.0,0.001383,8644475.0,0.0013825,7.233273056057258
1787025195202,0.001382,2040037.0,0.001383,7884820.0,0.0013825,7.233273056057258
1787025195207,0.001382,2040037.0,0.001383,7611209.0,0.0013825,7.233273056057258
1787025195208,0.001382,2040037.0,0.001383,7387668.0,0.0013825,7.233273056057258
1787025195215,0.001382,2040037.0,0.001383,7309607.0,0.0013825,7.233273056057258
1787025195354,0.001382,2051972.0,0.001383,7309607.0,0.0013825,7.233273056057258
1787025195355,0.001382,2051972.0,0.001383,7321542.0,0.0013825,7.233273056057258
1787025195360,0.001382,2051972.0,0.001383,7317560.0,0.0013825,7.233273056057258
1787025195409,0.001382,2051972.0,0.001383,7321537.0,0.0013825,7.233273056057258
1787025195410,0.001382,2055952.0,0.001383,7321537.0,0.0013825,7.233273056057258
1787025195449,0.001382,2873149.0,0.001383,7321537.0,0.0013825,7.233273056057258
1787025195450,0.001382,2873149.0,0.001383,8079848.0,0.0013825,7.233273056057258
1787025195515,0.001382,2873149.0,0.001383,7321537.0,0.0013825,7.233273056057258
1787025195604,0.001382,2876968.0,0.001383,7321537.0,0.0013825,7.233273056057258
1787025195673,0.001382,2979082.0,0.001383,7321537.0,0.0013825,7.233273056057258
1787025195701,0.001382,2976904.0,0.001383,7321537.0,0.0013825,7.233273056057258
1787025195720,0.001382,2976904.0,0.001383,8120138.0,0.0013825,7.233273056057258
1787025195835,0.001382,3157975.0,0.001383,8120138.0,0.0013825,7.233273056057258
1787025196171,0.001382,3157975.0,0.001383,8305951.0,0.0013825,7.233273056057258
1787025196551,0.001382,3157975.0,0.001383,7507350.0,0.0013825,7.233273056057258
1787025196754,0.001382,3157975.0,0.001383,8303157.0,0.0013825,7.233273056057258
1787025196865,0.001382,3156164.0,0.001383,8303157.0,0.0013825,7.233273056057258
1787025196968,0.001382,3151742.0,0.001383,8303157.0,0.0013825,7.233273056057258
1787025196969,0.001382,3686251.0,0.001383,8303157.0,0.0013825,7.233273056057258
1787025197228,0.001382,4557219.0,0.001383,8303157.0,0.0013825,7.233273056057258
1787025197229,0.001382,4545284.0,0.001383,8303157.0,0.0013825,7.233273056057258
1787025197230,0.001382,4557219.0,0.001383,8303157.0,0.0013825,7.233273056057258
1787025197250,0.001382,4711871.0,0.001383,8303157.0,0.0013825,7.233273056057258
1787025197253,0.001382,4711871.0,0.001383,7610932.0,0.0013825,7.233273056057258
1787025197254,0.001383,180766.0,0.001384,2021170.0,0.0013835,7.228044813878806
1787025197255,0.001383,325471.0,0.001384,731456.0,0.0013835,7.228044813878806
1787025197256,0.001383,1971417.0,0.001384,660482.0,0.0013835,7.228044813878806
1787025197257,0.001383,2500556.0,0.001384,76408.0,0.0013835,7.228044813878806
1787025197258,0.001384,47717.0,0.001385,3805516.0,0.0013844999999999999,7.222824124231968
1787025197259,0.001384,979766.0,0.001385,3118137.0,0.0013844999999999999,7.222824124231968
1787025197260,0.001384,557441.0,0.001385,3118137.0,0.0013844999999999999,7.222824124231968
1787025197261,0.001383,2318553.0,0.001384,60628.0,0.0013835,7.228044813878806
1787025197262,0.001383,2318553.0,0.001384,38494.0,0.0013835,7.228044813878806
1787025197263,0.001383,2318553.0,0.001384,86971.0,0.0013835,7.228044813878806
1787025197264,0.001383,1948945.0,0.001384,86971.0,0.0013835,7.228044813878806
1787025197270,0.001383,1956043.0,0.001384,86971.0,0.0013835,7.228044813878806
1787025197291,0.001383,1956043.0,0.001384,73917.0,0.0013835,7.228044813878806
1787025197325,0.001383,1956043.0,0.001384,25440.0,0.0013835,7.228044813878806
1787025197327,0.001383,1956043.0,0.001384,25440.0,0.0013835,7.228044813878806
1787025197328,0.001383,1956043.0,0.001384,73917.0,0.0013835,7.228044813878806
1787025197354,0.001383,1956043.0,0.001384,77896.0,0.0013835,7.228044813878806
1787025197361,0.001383,1956043.0,0.001384,73917.0,0.0013835,7.228044813878806
1787025197363,0.001383,2325651.0,0.001384,73917.0,0.0013835,7.228044813878806
1787025197365,0.001383,2325651.0,0.001384,52451.0,0.0013835,7.228044813878806
1787025197367,0.001384,458029.0,0.001385,3697590.0,0.0013844999999999999,7.222824124231968
1787025197368,0.001384,552426.0,0.001385,2825405.0,0.0013844999999999999,7.222824124231968
1787025197369,0.001384,600903.0,0.001385,3052690.0,0.0013844999999999999,7.222824124231968
1787025197370,0.001384,600903.0,0.001385,2825405.0,0.0013844999999999999,7.222824124231968
1787025197371,0.001384,525370.0,0.001385,2825405.0,0.0013844999999999999,7.222824124231968
1787025197372,0.001384,589676.0,0.001385,2825405.0,0.0013844999999999999,7.222824124231968
1787025197378,0.001384,959284.0,0.001385,2825405.0,0.0013844999999999999,7.222824124231968
1787025197379,0.001384,881709.0,0.001385,2825405.0,0.0013844999999999999,7.222824124231968
1787025197380,0.001384,885685.0,0.001385,2825405.0,0.0013844999999999999,7.222824124231968
1787025197382,0.001384,892783.0,0.001385,2825405.0,0.0013844999999999999,7.222824124231968
1787025197384,0.001384,941260.0,0.001385,2825405.0,0.0013844999999999999,7.222824124231968
1787025197390,0.001384,954453.0,0.001385,2825405.0,0.0013844999999999999,7.222824124231968
1787025197395,0.001384,961556.0,0.001385,2825405.0,0.0013844999999999999,7.222824124231968
1787025197423,0.001384,966974.0,0.001385,2825405.0,0.0013844999999999999,7.222824124231968
1787025197450,0.001384,966974.0,0.001385,2586930.0,0.0013844999999999999,7.222824124231968
1787025197457,0.001384,1727900.0,0.001385,3325950.0,0.0013844999999999999,7.222824124231968
1787025197469,0.001384,2262409.0,0.001385,3325950.0,0.0013844999999999999,7.222824124231968
1787025197501,0.001384,2546751.0,0.001385,3325950.0,0.0013844999999999999,7.222824124231968
1787025197504,0.001384,2546751.0,0.001385,3337868.0,0.0013844999999999999,7.222824124231968
1787025197505,0.001384,2558669.0,0.001385,3337868.0,0.0013844999999999999,7.222824124231968
1787025197589,0.001384,2554442.0,0.001385,3337868.0,0.0013844999999999999,7.222824124231968
1787025197591,0.001384,2505965.0,0.001385,3337868.0,0.0013844999999999999,7.222824124231968
1787025197617,0.001384,2686775.0,0.001385,3337868.0,0.0013844999999999999,7.222824124231968
1787025197703,0.001384,2402433.0,0.001385,3337868.0,0.0013844999999999999,7.222824124231968
1787025197787,0.001384,2504547.0,0.001385,3337868.0,0.0013844999999999999,7.222824124231968
1787025197797,0.001384,2511769.0,0.001385,3337868.0,0.0013844999999999999,7.222824124231968
1787025197863,0.001384,2510535.0,0.001385,3337868.0,0.0013844999999999999,7.222824124231968
1787025198070,0.001384,2510535.0,0.001385,3523681.0,0.0013844999999999999,7.222824124231968
1787025198092,0.001384,2510535.0,0.001385,3471940.0,0.0013844999999999999,7.222824124231968
1787025198131,0.001384,2438285.0,0.001385,3471940.0,0.0013844999999999999,7.222824124231968
1787025198182,0.001384,2442259.0,0.001385,3471940.0,0.0013844999999999999,7.222824124231968
1787025198298,0.001384,2435037.0,0.001385,3471940.0,0.0013844999999999999,7.222824124231968
1787025198611,0.001384,2438856.0,0.001385,3471940.0,0.0013844999999999999,7.222824124231968
1787025198862,0.001384,2438856.0,0.001385,3494653.0,0.0013844999999999999,7.222824124231968
1787025199063,0.001384,2436984.0,0.001385,3494653.0,0.0013844999999999999,7.222824124231968
1787025199655,0.001384,2449732.0,0.001385,3494653.0,0.0013844999999999999,7.222824124231968
1787025199862,0.001384,2449732.0,0.001385,3471940.0,0.0013844999999999999,7.222824124231968
1787025199904,0.001384,2449732.0,0.001385,2732920.0,0.0013844999999999999,7.222824124231968
1787025200031,0.001384,2448059.0,0.001385,2732920.0,0.0013844999999999999,7.222824124231968
1787025200250,0.001384,2448059.0,0.001385,3540568.0,0.0013844999999999999,7.222824124231968
1787025200709,0.001384,2435311.0,0.001385,3540568.0,0.0013844999999999999,7.222824124231968
1787025201205,0.001384,2432527.0,0.001385,3540568.0,0.0013844999999999999,7.222824124231968
1787025201226,0.001384,2450591.0,0.001385,3540568.0,0.0013844999999999999,7.222824124231968
1787025201921,0.001384,2450591.0,0.001385,3555759.0,0.0013844999999999999,7.222824124231968
1787025202583,0.001384,2448536.0,0.001385,3555759.0,0.0013844999999999999,7.222824124231968
1787025202799,0.001384,2455758.0,0.001385,3555759.0,0.0013844999999999999,7.222824124231968
1787025202922,0.001384,2455758.0,0.001385,3540568.0,0.0013844999999999999,7.222824124231968
1787025203296,0.001384,2448536.0,0.001385,3540568.0,0.0013844999999999999,7.222824124231968
1787025203721,0.001384,2448536.0,0.001385,3534790.0,0.0013844999999999999,7.222824124231968
1787025203723,0.001384,2448536.0,0.001385,2727142.0,0.0013844999999999999,7.222824124231968
1787025203749,0.001384,2446361.0,0.001385,2727142.0,0.0013844999999999999,7.222824124231968
1787025203797,0.001384,2453583.0,0.001385,2727142.0,0.0013844999999999999,7.222824124231968
1787025204139,0.001384,2441300.0,0.001385,2727142.0,0.0013844999999999999,7.222824124231968
1787025204141,0.001384,2441300.0,0.001385,3560463.0,0.0013844999999999999,7.222824124231968
1787025204142,0.001384,2441300.0,0.001385,3548545.0,0.0013844999999999999,7.222824124231968
1787025204299,0.001384,2434078.0,0.001385,3548545.0,0.0013844999999999999,7.222824124231968
1787025204783,0.001384,2434078.0,0.001385,3531159.0,0.0013844999999999999,7.222824124231968
1787025204921,0.001384,2434078.0,0.001385,3542737.0,0.0013844999999999999,7.222824124231968
1787025205263,0.001384,2432707.0,0.001385,3542737.0,0.0013844999999999999,7.222824124231968
1787025205476,0.001384,2432707.0,0.001385,3554655.0,0.0013844999999999999,7.222824124231968
1787025205764,0.001384,2432707.0,0.001385,3677383.0,0.0013844999999999999,7.222824124231968
1787025206166,0.001384,2432707.0,0.001385,1490389.0,0.0013844999999999999,7.222824124231968
1787025206170,0.001384,2432707.0,0.001385,3766210.0,0.0013844999999999999,7.222824124231968
1787025206171,0.001384,2432707.0,0.001385,3766210.0,0.0013844999999999999,7.222824124231968
1787025206455,0.001384,2432707.0,0.001385,2932889.0,0.0013844999999999999,7.222824124231968
1787025206483,0.001384,2430504.0,0.001385,2932889.0,0.0013844999999999999,7.222824124231968
1787025206856,0.001384,2430504.0,0.001385,3831576.0,0.0013844999999999999,7.222824124231968
1787025207553,0.001384,2428373.0,0.001385,3831576.0,0.0013844999999999999,7.222824124231968
1787025207833,0.001384,2428373.0,0.001385,3919890.0,0.0013844999999999999,7.222824124231968
1787025207862,0.001384,2428373.0,0.001385,3926630.0,0.0013844999999999999,7.222824124231968
1787025207906,0.001384,2428373.0,0.001385,3902776.0,0.0013844999999999999,7.222824124231968
1787025208635,0.001384,2426746.0,0.001385,3902776.0,0.0013844999999999999,7.222824124231968
1787025208789,0.001384,2426746.0,0.001385,1626955.0,0.0013844999999999999,7.222824124231968
1787025208790,0.001384,2426746.0,0.001385,1615037.0,0.0013844999999999999,7.222824124231968
1787025208792,0.001384,2426746.0,0.001385,3887309.0,0.0013844999999999999,7.222824124231968
1787025209767,0.001384,2424132.0,0.001385,3887309.0,0.0013844999999999999,7.222824124231968
1787025209775,0.001384,2424132.0,0.001385,4423744.0,0.0013844999999999999,7.222824124231968
1787025209932,0.001384,2424132.0,0.001385,4459858.0,0.0013844999999999999,7.222824124231968
1787025209933,0.001384,2424132.0,0.001385,6414744.0,0.0013844999999999999,7.222824124231968
1787025209935,0.001384,2263457.0,0.001385,6414744.0,0.0013844999999999999,7.222824124231968
1787025209936,0.001384,2155115.0,0.001385,6414744.0,0.0013844999999999999,7.222824124231968
1787025209937,0.001384,1394189.0,0.001385,6414744.0,0.0013844999999999999,7.222824124231968
1787025209938,0.001384,1024581.0,0.001385,6784352.0,0.0013844999999999999,7.222824124231968
1787025209940,0.001384,1024581.0,0.001385,6796270.0,0.0013844999999999999,7.222824124231968
1787025210080,0.001384,1024581.0,0.001385,6426662.0,0.0013844999999999999,7.222824124231968
1787025210133,0.001384,1024581.0,0.001385,6463231.0,0.0013844999999999999,7.222824124231968
1787025210144,0.001384,1896412.0,0.001385,6463231.0,0.0013844999999999999,7.222824124231968
1787025210145,0.001384,1884494.0,0.001385,6463231.0,0.0013844999999999999,7.222824124231968
1787025210146,0.001384,2302579.0,0.001385,6463231.0,0.0013844999999999999,7.222824124231968
1787025210147,0.001384,2302579.0,0.001385,4587021.0,0.0013844999999999999,7.222824124231968
1787025210148,0.001384,2314497.0,0.001385,4587021.0,0.0013844999999999999,7.222824124231968
1787025210149,0.001384,3235037.0,0.001385,4590993.0,0.0013844999999999999,7.222824124231968
1787025210150,0.001384,3235037.0,0.001385,3047115.0,0.0013844999999999999,7.222824124231968
1787025210151,0.001384,3235037.0,0.001385,585003.0,0.0013844999999999999,7.222824124231968
1787025210152,0.001385,567252.0,0.001386,2347506.0,0.0013855,7.217610970769633
1787025210153,0.001385,106982.0,0.001386,1471118.0,0.0013855,7.217610970769633
1787025210154,0.001385,1543161.0,0.001386,1463903.0,0.0013855,7.217610970769633
1787025210155,0.001385,1012624.0,0.001386,1463903.0,0.0013855,7.217610970769633
1787025210156,0.001385,538712.0,0.001386,1463903.0,0.0013855,7.217610970769633
1787025210157,0.001384,2650340.0,0.001386,1463903.0,0.001385,14.44043321299674
1787025210158,0.001384,2074963.0,0.001385,1242924.0,0.0013844999999999999,7.222824124231968
1787025210159,0.001384,1958060.0,0.001385,1242924.0,0.0013844999999999999,7.222824124231968
1787025210160,0.001384,1588452.0,0.001385,1235424.0,0.0013844999999999999,7.222824124231968
1787025210161,0.001384,1631757.0,0.001385,1235424.0,0.0013844999999999999,7.222824124231968
1787025210162,0.001384,1646192.0,0.001385,1235424.0,0.0013844999999999999,7.222824124231968
1787025210163,0.001384,1659385.0,0.001385,1235424.0,0.0013844999999999999,7.222824124231968
1787025210165,0.001384,1659385.0,0.001385,1062549.0,0.0013844999999999999,7.222824124231968
1787025210169,0.001384,1616080.0,0.001385,1062549.0,0.0013844999999999999,7.222824124231968
1787025210170,0.001384,1616080.0,0.001385,1248362.0,0.0013844999999999999,7.222824124231968
1787025210172,0.001384,1598016.0,0.001385,1248362.0,0.0013844999999999999,7.222824124231968
1787025210173,0.001384,1583581.0,0.001385,1248362.0,0.0013844999999999999,7.222824124231968
1787025210222,0.001384,1583581.0,0.001385,1041050.0,0.0013844999999999999,7.222824124231968
1787025210224,0.001384,1583581.0,0.001385,822712.0,0.0013844999999999999,7.222824124231968
1787025210225,0.001384,1583581.0,0.001385,871189.0,0.0013844999999999999,7.222824124231968
1787025210227,0.001384,1583581.0,0.001385,919666.0,0.0013844999999999999,7.222824124231968
1787025210255,0.001384,1049072.0,0.001385,919666.0,0.0013844999999999999,7.222824124231968
1787025210256,0.001384,1583581.0,0.001385,854241.0,0.0013844999999999999,7.222824124231968
1787025210265,0.001384,1590679.0,0.001385,854241.0,0.0013844999999999999,7.222824124231968
1787025210268,0.001384,1602597.0,0.001385,854241.0,0.0013844999999999999,7.222824124231968
1787025210347,0.001384,1839601.0,0.001385,854241.0,0.0013844999999999999,7.222824124231968
1787025210352,0.001384,1835625.0,0.001385,854241.0,0.0013844999999999999,7.222824124231968
1787025210353,0.001384,1839601.0,0.001385,854241.0,0.0013844999999999999,7.222824124231968
1787025210355,0.001384,2671781.0,0.001385,854241.0,0.0013844999999999999,7.222824124231968
1787025210357,0.001384,2671781.0,0.001385,805764.0,0.0013844999999999999,7.222824124231968
1787025210422,0.001384,2671781.0,0.001385,1540851.0,0.0013844999999999999,7.222824124231968
1787025210447,0.001384,2671781.0,0.001385,1552769.0,0.0013844999999999999,7.222824124231968
1787025210654,0.001384,2852591.0,0.001385,1552769.0,0.0013844999999999999,7.222824124231968
1787025211076,0.001384,2852591.0,0.001385,1556741.0,0.0013844999999999999,7.222824124231968
1787025211095,0.001384,2870655.0,0.001385,1556741.0,0.0013844999999999999,7.222824124231968
1787025211103,0.001384,2867841.0,0.001385,1556741.0,0.0013844999999999999,7.222824124231968
1787025211105,0.001384,2630837.0,0.001385,1556741.0,0.0013844999999999999,7.222824124231968
1787025212497,0.001384,2629435.0,0.001385,1556741.0,0.0013844999999999999,7.222824124231968
1787025212778,0.001384,2658395.0,0.001385,1556741.0,0.0013844999999999999,7.222824124231968
1787025212782,0.001384,2658395.0,0.001385,1531655.0,0.0013844999999999999,7.222824124231968
1787025213298,0.001384,2665617.0,0.001385,1531655.0,0.0013844999999999999,7.222824124231968
1787025213493,0.001384,2663823.0,0.001385,1531655.0,0.0013844999999999999,7.222824124231968
1787025213679,0.001384,2676116.0,0.001385,1531655.0,0.0013844999999999999,7.222824124231968
1787025214798,0.001384,2668894.0,0.001385,1531655.0,0.0013844999999999999,7.222824124231968
1787025214973,0.001384,2666569.0,0.001385,1531655.0,0.0013844999999999999,7.222824124231968
1787025215298,0.001384,2673791.0,0.001385,1531655.0,0.0013844999999999999,7.222824124231968
1787025215343,0.001384,2673791.0,0.001385,1563598.0,0.0013844999999999999,7.222824124231968
1787025215799,0.001384,2666569.0,0.001385,1563598.0,0.0013844999999999999,7.222824124231968
1787025215800,0.001384,2654276.0,0.001385,1563598.0,0.0013844999999999999,7.222824124231968
1787025215801,0.001384,2642358.0,0.001385,1563598.0,0.0013844999999999999,7.222824124231968
1787025215803,0.001384,2654276.0,0.001385,1563598.0,0.0013844999999999999,7.222824124231968
1787025216267,0.001384,2654276.0,0.001385,1386777.0,0.0013844999999999999,7.222824124231968
1787025216295,0.001384,2651899.0,0.001385,1386777.0,0.0013844999999999999,7.222824124231968
1787025216299,0.001384,2659121.0,0.001385,1386777.0,0.0013844999999999999,7.222824124231968
1787025216363,0.001384,2659121.0,0.001385,1737891.0,0.0013844999999999999,7.222824124231968
1787025216657,0.001384,2659121.0,0.001385,1722891.0,0.0013844999999999999,7.222824124231968
1787025216798,0.001384,2651899.0,0.001385,1722891.0,0.0013844999999999999,7.222824124231968
1787025217297,0.001384,2659121.0,0.001385,1722891.0,0.0013844999999999999,7.222824124231968
1787025217407,0.001384,2657670.0,0.001385,1722891.0,0.0013844999999999999,7.222824124231968
1787025217796,0.001384,2650448.0,0.001385,1722891.0,0.0013844999999999999,7.222824124231968
1787025218114,0.001384,3001562.0,0.001385,636690.0,0.0013844999999999999,7.222824124231968
1787025218115,0.001385,180505.0,0.001386,1905562.0,0.0013855,7.217610970769633
1787025218116,0.001385,477943.0,0.001386,1757516.0,0.0013855,7.217610970769633
1787025218117,0.001385,1489613.0,0.001386,1299358.0,0.0013855,7.217610970769633
1787025218118,0.001385,1670292.0,0.001386,1299358.0,0.0013855,7.217610970769633
1787025218119,0.001385,1670292.0,0.001386,1083388.0,0.0013855,7.217610970769633
1787025218120,0.001385,1674264.0,0.001386,1083388.0,0.0013855,7.217610970769633
1787025218128,0.001385,1687457.0,0.001386,1083388.0,0.0013855,7.217610970769633
1787025218131,0.001385,1694555.0,0.001386,1083388.0,0.0013855,7.217610970769633
1787025218132,0.001385,1701658.0,0.001386,1083388.0,0.0013855,7.217610970769633
1787025218170,0.001385,1515845.0,0.001386,1083388.0,0.0013855,7.217610970769633
1787025218222,0.001385,1527755.0,0.001386,1095298.0,0.0013855,7.217610970769633
1787025218295,0.001385,1534972.0,0.001386,1095298.0,0.0013855,7.217610970769633
1787025218326,0.001385,2434088.0,0.001386,1095298.0,0.0013855,7.217610970769633
1787025218327,0.001385,2434088.0,0.001386,1842552.0,0.0013855,7.217610970769633
1787025218357,0.001385,2434088.0,0.001386,1838579.0,0.0013855,7.217610970769633
1787025218358,0.001385,2438064.0,0.001386,1838579.0,0.0013855,7.217610970769633
1787025218403,0.001385,2437043.0,0.001386,1838579.0,0.0013855,7.217610970769633
1787025218627,0.001385,2440862.0,0.001386,1838579.0,0.0013855,7.217610970769633
1787025219068,0.001385,2440862.0,0.001386,2024392.0,0.0013855,7.217610970769633
1787025219128,0.001385,2542976.0,0.001386,2024392.0,0.0013855,7.217610970769633
1787025219150,0.001385,2561027.0,0.001386,2024392.0,0.0013855,7.217610970769633
1787025219299,0.001385,2553810.0,0.001386,2024392.0,0.0013855,7.217610970769633
1787025219605,0.001385,2552045.0,0.001386,2024392.0,0.0013855,7.217610970769633
1787025219798,0.001385,2559262.0,0.001386,2024392.0,0.0013855,7.217610970769633
1787025219836,0.001385,2553653.0,0.001386,2024392.0,0.0013855,7.217610970769633
1787025220297,0.001385,2546436.0,0.001386,2024392.0,0.0013855,7.217610970769633
1787025220572,0.001385,1647320.0,0.001386,2024392.0,0.0013855,7.217610970769633
1787025220573,0.001385,1635410.0,0.001386,2024392.0,0.0013855,7.217610970769633
1787025220576,0.001385,1647320.0,0.001386,2024392.0,0.0013855,7.217610970769633
1787025220586,0.001385,1982640.0,0.001386,2024392.0,0.0013855,7.217610970769633
1787025220599,0.001385,1979895.0,0.001386,2024392.0,0.0013855,7.217610970769633
1787025220747,0.001385,626105.0,0.001386,2024392.0,0.0013855,7.217610970769633
1787025220748,0.001385,614195.0,0.001386,2599154.0,0.0013855,7.217610970769633
1787025220749,0.001384,2344653.0,0.001385,423478.0,0.0013844999999999999,7.222824124231968
1787025220750,0.001384,1325110.0,0.001385,473374.0,0.0013844999999999999,7.222824124231968
1787025220751,0.001384,1325110.0,0.001385,855325.0,0.0013844999999999999,7.222824124231968
1787025220752,0.001384,1325110.0,0.001385,826783.0,0.0013844999999999999,7.222824124231968
1787025220753,0.001384,1354010.0,0.001385,826783.0,0.0013844999999999999,7.222824124231968
1787025220776,0.001384,1354010.0,0.001385,1557302.0,0.0013844999999999999,7.222824124231968
1787025220777,0.001384,2241787.0,0.001385,1557302.0,0.0013844999999999999,7.222824124231968
1787025220900,0.001384,2241787.0,0.001385,1473753.0,0.0013844999999999999,7.222824124231968
1787025220901,0.001384,2253705.0,0.001385,755152.0,0.0013844999999999999,7.222824124231968
1787025220907,0.001384,2253705.0,0.001385,731565.0,0.0013844999999999999,7.222824124231968
1787025220969,0.001384,2253705.0,0.001385,716469.0,0.0013844999999999999,7.222824124231968
1787025220970,0.001384,2253705.0,0.001385,382995.0,0.0013844999999999999,7.222824124231968
1787025220971,0.001384,2453705.0,0.001385,382995.0,0.0013844999999999999,7.222824124231968
1787025220972,0.001384,2453705.0,0.001385,96020.0,0.0013844999999999999,7.222824124231968
1787025220973,0.001384,2453705.0,0.001385,64367.0,0.0013844999999999999,7.222824124231968
1787025220974,0.001385,605619.0,0.001386,2075934.0,0.0013855,7.217610970769633
1787025220975,0.001385,1682226.0,0.001386,1839990.0,0.0013855,7.217610970769633
1787025220976,0.001385,1827134.0,0.001386,1265228.0,0.0013855,7.217610970769633
1787025220981,0.001385,1834237.0,0.001386,1265228.0,0.0013855,7.217610970769633
1787025220986,0.001385,1847430.0,0.001386,1265228.0,0.0013855,7.217610970769633
1787025220988,0.001385,1876330.0,0.001386,1265228.0,0.0013855,7.217610970769633
1787025220991,0.001385,1883428.0,0.001386,1265228.0,0.0013855,7.217610970769633
1787025221004,0.001385,1895338.0,0.001386,1277138.0,0.0013855,7.217610970769633
1787025221155,0.001385,1895338.0,0.001386,2044613.0,0.0013855,7.217610970769633
1787025221156,0.001385,2777550.0,0.001386,2044613.0,0.0013855,7.217610970769633
1787025221409,0.001385,2777550.0,0.001386,2119446.0,0.0013855,7.217610970769633
1787025221635,0.001385,2775643.0,0.001386,2119446.0,0.0013855,7.217610970769633
1787025221797,0.001385,2782860.0,0.001386,2119446.0,0.0013855,7.217610970769633
1787025221844,0.001385,2963539.0,0.001386,2119446.0,0.0013855,7.217610970769633
1787025221939,0.001385,2963539.0,0.001386,2119446.0,0.0013855,7.217610970769633
1787025221940,0.001385,2977981.0,0.001386,2119446.0,0.0013855,7.217610970769633
1787025221941,0.001385,2963539.0,0.001386,2119446.0,0.0013855,7.217610970769633
1787025221942,0.001385,2963539.0,0.001386,2119446.0,0.0013855,7.217610970769633
1787025221943,0.001385,2977981.0,0.001386,2119446.0,0.0013855,7.217610970769633
1787025221944,0.001385,2970760.0,0.001386,2119446.0,0.0013855,7.217610970769633
1787025221945,0.001385,2970760.0,0.001386,2119446.0,0.0013855,7.217610970769633
1787025221946,0.001385,2963539.0,0.001386,2119446.0,0.0013855,7.217610970769633
1787025221947,0.001385,2970760.0,0.001386,2119446.0,0.0013855,7.217610970769633
1787025221948,0.001385,2977981.0,0.001386,2119446.0,0.0013855,7.217610970769633
1787025221949,0.001385,2963539.0,0.001386,2119446.0,0.0013855,7.217610970769633
1787025221950,0.001385,2970760.0,0.001386,2119446.0,0.0013855,7.217610970769633
1787025221951,0.001385,2977981.0,0.001386,2119446.0,0.0013855,7.217610970769633
1787025221952,0.001385,2970760.0,0.001386,2119446.0,0.0013855,7.217610970769633
1787025221953,0.001385,2963539.0,0.001386,2119446.0,0.0013855,7.217610970769633
1787025221954,0.001385,2963539.0,0.001386,2119446.0,0.0013855,7.217610970769633
1787025221955,0.001385,2970760.0,0.001386,2119446.0,0.0013855,7.217610970769633
1787025221956,0.001385,2970760.0,0.001386,2119446.0,0.0013855,7.217610970769633
1787025221957,0.001385,2977981.0,0.001386,2119446.0,0.0013855,7.217610970769633
1787025221958,0.001385,2970760.0,0.001386,2119446.0,0.0013855,7.217610970769633
1787025221959,0.001385,2970760.0,0.001386,2119446.0,0.0013855,7.217610970769633
1787025221960,0.001385,2970760.0,0.001386,2119446.0,0.0013855,7.217610970769633
1787025221961,0.001385,2963539.0,0.001386,2119446.0,0.0013855,7.217610970769633
1787025221962,0.001385,2970760.0,0.001386,2119446.0,0.0013855,7.217610970769633
1787025221963,0.001385,2970760.0,0.001386,2119446.0,0.0013855,7.217610970769633
1787025221964,0.001385,2970760.0,0.001386,2119446.0,0.0013855,7.217610970769633
1787025221965,0.001385,2963539.0,0.001386,2119446.0,0.0013855,7.217610970769633
1787025221966,0.001385,2970760.0,0.001386,2119446.0,0.0013855,7.217610970769633
1787025221967,0.001385,2970760.0,0.001386,2119446.0,0.0013855,7.217610970769633
1787025221968,0.001385,2970760.0,0.001386,2119446.0,0.0013855,7.217610970769633
1787025221969,0.001385,2970760.0,0.001386,2119446.0,0.0013855,7.217610970769633
1787025221970,0.001385,2963539.0,0.001386,2119446.0,0.0013855,7.217610970769633
1787025221971,0.001385,2970760.0,0.001386,2119446.0,0.0013855,7.217610970769633
1787025221972,0.001385,2970760.0,0.001386,2119446.0,0.0013855,7.217610970769633
1787025221973,0.001385,2970760.0,0.001386,2119446.0,0.0013855,7.217610970769633
1787025221974,0.001385,2970760.0,0.001386,2119446.0,0.0013855,7.217610970769633
1787025221975,0.001385,2970760.0,0.001386,2119446.0,0.0013855,7.217610970769633
1787025221976,0.001385,2970760.0,0.001386,2119446.0,0.0013855,7.217610970769633
1787025221977,0.001385,2963539.0,0.001386,2119446.0,0.0013855,7.217610970769633
1787025221978,0.001385,2963539.0,0.001386,2119446.0,0.0013855,7.217610970769633
1787025221979,0.001385,2970760.0,0.001386,2119446.0,0.0013855,7.217610970769633
1787025221980,0.001385,2963539.0,0.001386,2119446.0,0.0013855,7.217610970769633
1787025221981,0.001385,2970760.0,0.001386,2119446.0,0.0013855,7.217610970769633
1787025221982,0.001385,2963539.0,0.001386,2119446.0,0.0013855,7.217610970769633
1787025222110,0.001385,2963539.0,0.001386,2095610.0,0.0013855,7.217610970769633
1787025222295,0.001385,2956322.0,0.001386,2095610.0,0.0013855,7.217610970769633
1787025222748,0.001385,3490831.0,0.001386,2095610.0,0.0013855,7.217610970769633
1787025222749,0.001385,3478921.0,0.001386,2095610.0,0.0013855,7.217610970769633
1787025222750,0.001385,3490831.0,0.001386,2095610.0,0.0013855,7.217610970769633
1787025222777,0.001385,3488654.0,0.001386,2095610.0,0.0013855,7.217610970769633
1787025222796,0.001385,3495871.0,0.001386,2095610.0,0.0013855,7.217610970769633
1787025223579,0.001385,3495871.0,0.001386,2091260.0,0.0013855,7.217610970769633
1787025223763,0.001385,3495871.0,0.001386,1730250.0,0.0013855,7.217610970769633
1787025223764,0.001385,3510619.0,0.001386,820406.0,0.0013855,7.217610970769633
1787025223765,0.001385,4099303.0,0.001386,808496.0,0.0013855,7.217610970769633
1787025223766,0.001386,544348.0,0.001387,2077914.0,0.0013865000000000001,7.212405337179342
1787025223767,0.001386,2123770.0,0.001387,892256.0,0.0013865000000000001,7.212405337179342
1787025223768,0.001386,2356765.0,0.001387,563556.0,0.0013865000000000001,7.212405337179342
1787025223771,0.001386,2690239.0,0.001387,336877.0,0.0013865000000000001,7.212405337179342
1787025223774,0.001386,2697337.0,0.001387,336877.0,0.0013865000000000001,7.212405337179342
1787025223778,0.001386,2726237.0,0.001387,336877.0,0.0013865000000000001,7.212405337179342
1787025223779,0.001386,2733340.0,0.001387,336877.0,0.0013865000000000001,7.212405337179342
1787025223781,0.001386,2746533.0,0.001387,336877.0,0.0013865000000000001,7.212405337179342
1787025223813,0.001386,2751943.0,0.001387,336877.0,0.0013865000000000001,7.212405337179342
1787025223837,0.001386,2751943.0,0.001387,313041.0,0.0013865000000000001,7.212405337179342
1787025223897,0.001386,2749114.0,0.001387,313041.0,0.0013865000000000001,7.212405337179342
1787025223938,0.001386,2761015.0,0.001387,324942.0,0.0013865000000000001,7.212405337179342
1787025223940,0.001386,2761015.0,0.001387,373419.0,0.0013865000000000001,7.212405337179342
1787025223975,0.001386,2761015.0,0.001387,1260947.0,0.0013865000000000001,7.212405337179342
1787025223976,0.001386,3588928.0,0.001387,1249046.0,0.0013865000000000001,7.212405337179342
1787025224052,0.001386,3588928.0,0.001387,1260947.0,0.0013865000000000001,7.212405337179342
1787025224170,0.001386,3588928.0,0.001387,1446760.0,0.0013865000000000001,7.212405337179342
1787025224172,0.001386,3510825.0,0.001387,1446760.0,0.0013865000000000001,7.212405337179342
1787025224242,0.001386,3510825.0,0.001387,1437916.0,0.0013865000000000001,7.212405337179342
1787025224299,0.001386,3518037.0,0.001387,1437916.0,0.0013865000000000001,7.212405337179342
1787025224624,0.001386,2356650.0,0.001387,1437916.0,0.0013865000000000001,7.212405337179342
1787025224625,0.001386,2308173.0,0.001387,1437916.0,0.0013865000000000001,7.212405337179342
1787025224638,0.001386,2279273.0,0.001387,1437916.0,0.0013865000000000001,7.212405337179342
1787025225077,0.001386,2278185.0,0.001387,1437916.0,0.0013865000000000001,7.212405337179342
1787025225088,0.001386,2278185.0,0.001387,2012465.0,0.0013865000000000001,7.212405337179342
1787025225552,0.001386,3060900.0,0.001387,2012465.0,0.0013865000000000001,7.212405337179342
1787025225554,0.001386,3048999.0,0.001387,2012465.0,0.0013865000000000001,7.212405337179342
1787025225558,0.001386,3077899.0,0.001387,2012465.0,0.0013865000000000001,7.212405337179342
1787025225597,0.001386,3413219.0,0.001387,2012465.0,0.0013865000000000001,7.212405337179342
1787025225619,0.001386,3425120.0,0.001387,2012465.0,0.0013865000000000001,7.212405337179342
1787025226803,0.001386,3422414.0,0.001387,2012465.0,0.0013865000000000001,7.212405337179342
1787025228024,0.001386,3422414.0,0.001387,2017581.0,0.0013865000000000001,7.212405337179342
1787025228051,0.001386,3421214.0,0.001387,2017581.0,0.0013865000000000001,7.212405337179342
1787025228678,0.001386,3425616.0,0.001387,2017581.0,0.0013865000000000001,7.212405337179342
1787025228685,0.001386,3430018.0,0.001387,2017581.0,0.0013865000000000001,7.212405337179342
1787025228935,0.001386,3422840.0,0.001387,2017581.0,0.0013865000000000001,7.212405337179342
1787025229087,0.001386,3421196.0,0.001387,2017581.0,0.0013865000000000001,7.212405337179342
1787025229169,0.001386,3421196.0,0.001387,2131426.0,0.0013865000000000001,7.212405337179342
1787025229298,0.001386,3413984.0,0.001387,2131426.0,0.0013865000000000001,7.212405337179342
1787025229686,0.001386,3409582.0,0.001387,2131426.0,0.0013865000000000001,7.212405337179342
1787025229688,0.001386,3424329.0,0.001387,2131426.0,0.0013865000000000001,7.212405337179342
1787025229798,0.001386,3431541.0,0.001387,2131426.0,0.0013865000000000001,7.212405337179342
1787025230349,0.001386,3416794.0,0.001387,2131426.0,0.0013865000000000001,7.212405337179342
1787025230495,0.001386,3416794.0,0.001387,2192380.0,0.0013865000000000001,7.212405337179342
1787025230523,0.001386,3414680.0,0.001387,2192380.0,0.0013865000000000001,7.212405337179342
1787025230869,0.001386,3429427.0,0.001387,2192380.0,0.0013865000000000001,7.212405337179342
1787025231298,0.001386,3422215.0,0.001387,2192380.0,0.0013865000000000001,7.212405337179342
1787025231655,0.001386,3407468.0,0.001387,2192380.0,0.0013865000000000001,7.212405337179342
1787025231683,0.001386,3405402.0,0.001387,2192380.0,0.0013865000000000001,7.212405337179342
1787025231686,0.001386,3398376.0,0.001387,2192380.0,0.0013865000000000001,7.212405337179342
1787025231798,0.001386,3405588.0,0.001387,2192380.0,0.0013865000000000001,7.212405337179342
1787025233137,0.001386,3403734.0,0.001387,2192380.0,0.0013865000000000001,7.212405337179342
1787025233605,0.001386,3403734.0,0.001387,4311206.0,0.0013865000000000001,7.212405337179342
1787025233606,0.001386,3187637.0,0.001387,4299305.0,0.0013865000000000001,7.212405337179342
1787025233622,0.001386,3187637.0,0.001387,4311206.0,0.0013865000000000001,7.212405337179342
1787025233699,0.001386,3187637.0,0.001387,4339719.0,0.0013865000000000001,7.212405337179342
1787025233797,0.001386,3180425.0,0.001387,4339719.0,0.0013865000000000001,7.212405337179342
1787025233799,0.001386,3180425.0,0.001387,4311206.0,0.0013865000000000001,7.212405337179342
1787025233831,0.001386,3180425.0,0.001387,4360695.0,0.0013865000000000001,7.212405337179342
1787025234201,0.001386,3178216.0,0.001387,4360695.0,0.0013865000000000001,7.212405337179342
1787025234205,0.001386,2395501.0,0.001387,4360695.0,0.0013865000000000001,7.212405337179342
1787025234208,0.001386,2366601.0,0.001387,4360695.0,0.0013865000000000001,7.212405337179342
1787025234555,0.001386,3219675.0,0.001387,4360695.0,0.0013865000000000001,7.212405337179342
1787025234784,0.001386,3210765.0,0.001387,4360695.0,0.0013865000000000001,7.212405337179342
1787025234931,0.001386,3210765.0,0.001387,4396757.0,0.0013865000000000001,7.212405337179342
1787025234958,0.001386,3065515.0,0.001387,4396757.0,0.0013865000000000001,7.212405337179342
1787025234959,0.001386,2212441.0,0.001387,4396757.0,0.0013865000000000001,7.212405337179342
1787025234967,0.001386,2212441.0,0.001387,4251513.0,0.0013865000000000001,7.212405337179342
1787025234968,0.001386,2212441.0,0.001387,4255479.0,0.0013865000000000001,7.212405337179342
1787025235160,0.001386,2212441.0,0.001387,3367951.0,0.0013865000000000001,7.212405337179342
1787025235166,0.001386,2977286.0,0.001387,3367951.0,0.0013865000000000001,7.212405337179342
1787025235167,0.001386,2965385.0,0.001387,3367951.0,0.0013865000000000001,7.212405337179342
1787025235278,0.001386,2977286.0,0.001387,3367951.0,0.0013865000000000001,7.212405337179342
1787025235287,0.001386,2974478.0,0.001387,3367951.0,0.0013865000000000001,7.212405337179342
1787025235361,0.001386,2974478.0,0.001387,4194311.0,0.0013865000000000001,7.212405337179342
1787025236148,0.001386,3003378.0,0.001387,4194311.0,0.0013865000000000001,7.212405337179342
1787025236431,0.001386,3003378.0,0.001387,4158249.0,0.0013865000000000001,7.212405337179342
1787025236459,0.001386,3002419.0,0.001387,4158249.0,0.0013865000000000001,7.212405337179342
1787025236961,0.001386,3002419.0,0.001387,4119475.0,0.0013865000000000001,7.212405337179342
1787025236990,0.001386,2894096.0,0.001387,4119475.0,0.0013865000000000001,7.212405337179342
1787025237020,0.001386,2894096.0,0.001387,4093456.0,0.0013865000000000001,7.212405337179342
1787025237188,0.001386,2865196.0,0.001387,4093456.0,0.0013865000000000001,7.212405337179342
1787025237327,0.001386,2937346.0,0.001387,4093456.0,0.0013865000000000001,7.212405337179342
1787025237357,0.001386,2900419.0,0.001387,4093456.0,0.0013865000000000001,7.212405337179342
1787025237362,0.001386,2900419.0,0.001387,4056529.0,0.0013865000000000001,7.212405337179342
1787025237930,0.001386,2900419.0,0.001387,4092591.0,0.0013865000000000001,7.212405337179342
1787025237957,0.001386,2899442.0,0.001387,4092591.0,0.0013865000000000001,7.212405337179342
1787025238432,0.001386,2899442.0,0.001387,4056529.0,0.0013865000000000001,7.212405337179342
1787025239003,0.001386,2896667.0,0.001387,4056529.0,0.0013865000000000001,7.212405337179342
1787025239755,0.001386,2896667.0,0.001387,4050760.0,0.0013865000000000001,7.212405337179342
1787025239785,0.001386,2780467.0,0.001387,4050760.0,0.0013865000000000001,7.212405337179342
1787025239787,0.001386,2015622.0,0.001387,4050760.0,0.0013865000000000001,7.212405337179342
1787025239789,0.001386,2064099.0,0.001387,4050760.0,0.0013865000000000001,7.212405337179342
1787025239862,0.001386,2064099.0,0.001387,4083372.0,0.0013865000000000001,7.212405337179342
1787025239921,0.001386,2064099.0,0.001387,4125320.0,0.0013865000000000001,7.212405337179342
1787025240058,0.001386,2061478.0,0.001387,4125320.0,0.0013865000000000001,7.212405337179342
1787025240093,0.001386,2823251.0,0.001387,4125320.0,0.0013865000000000001,7.212405337179342
1787025240101,0.001386,2823251.0,0.001387,3550771.0,0.0013865000000000001,7.212405337179342
1787025240114,0.001386,2823251.0,0.001387,4118796.0,0.0013865000000000001,7.212405337179342
1787025240464,0.001386,2818016.0,0.001387,4118796.0,0.0013865000000000001,7.212405337179342
1787025240499,0.001386,2809497.0,0.001387,4118796.0,0.0013865000000000001,7.212405337179342
1787025240505,0.001386,2809497.0,0.001387,4124685.0,0.0013865000000000001,7.212405337179342
1787025240546,0.001386,2593514.0,0.001387,4124685.0,0.0013865000000000001,7.212405337179342
1787025240547,0.001386,1985854.0,0.001387,4124685.0,0.0013865000000000001,7.212405337179342
1787025240548,0.001386,1224081.0,0.001387,4124685.0,0.0013865000000000001,7.212405337179342
1787025240549,0.001386,1224081.0,0.001387,4124685.0,0.0013865000000000001,7.212405337179342
1787025240556,0.001386,826410.0,0.001387,4124685.0,0.0013865000000000001,7.212405337179342
1787025240558,0.001385,2785231.0,0.001386,355270.0,0.0013855,7.217610970769633
1787025240559,0.001385,1825265.0,0.001386,712573.0,0.0013855,7.217610970769633
1787025240560,0.001385,1837289.0,0.001386,787325.0,0.0013855,7.217610970769633
1787025240561,0.001385,1885766.0,0.001386,787325.0,0.0013855,7.217610970769633
1787025240564,0.001385,1914666.0,0.001386,787325.0,0.0013855,7.217610970769633
1787025240567,0.001385,1179793.0,0.001386,835802.0,0.0013855,7.217610970769633
1787025240595,0.001385,1179793.0,0.001386,723164.0,0.0013855,7.217610970769633
1787025240596,0.001385,1979793.0,0.001386,723164.0,0.0013855,7.217610970769633
1787025240600,0.001385,1979793.0,0.001386,610526.0,0.0013855,7.217610970769633
1787025240602,0.001385,1979793.0,0.001386,432055.0,0.0013855,7.217610970769633
1787025240608,0.001385,1979793.0,0.001386,650858.0,0.0013855,7.217610970769633
1787025240611,0.001385,1979793.0,0.001386,699335.0,0.0013855,7.217610970769633
1787025240625,0.001385,1979793.0,0.001386,711245.0,0.0013855,7.217610970769633
1787025240670,0.001385,1979793.0,0.001386,817118.0,0.0013855,7.217610970769633
1787025240677,0.001385,1991703.0,0.001386,817118.0,0.0013855,7.217610970769633
1787025240767,0.001385,2773008.0,0.001386,1563305.0,0.0013855,7.217610970769633
1787025240768,0.001385,2773008.0,0.001386,1563305.0,0.0013855,7.217610970769633
1787025240772,0.001385,2773008.0,0.001386,3682131.0,0.0013855,7.217610970769633
1787025240773,0.001385,2773008.0,0.001386,3670221.0,0.0013855,7.217610970769633
1787025240866,0.001385,2556911.0,0.001386,3670221.0,0.0013855,7.217610970769633
1787025240900,0.001385,2556911.0,0.001386,3688916.0,0.0013855,7.217610970769633
1787025240901,0.001385,2556911.0,0.001386,3700826.0,0.0013855,7.217610970769633
1787025240924,0.001385,2556911.0,0.001386,3743118.0,0.0013855,7.217610970769633
1787025241041,0.001385,2737590.0,0.001386,3743118.0,0.0013855,7.217610970769633
1787025241103,0.001385,2737590.0,0.001386,3724423.0,0.0013855,7.217610970769633
1787025241251,0.001385,2734845.0,0.001386,3724423.0,0.0013855,7.217610970769633
1787025241253,0.001385,1934845.0,0.001386,3724423.0,0.0013855,7.217610970769633
1787025241649,0.001385,1153540.0,0.001386,3724423.0,0.0013855,7.217610970769633
1787025241650,0.001385,831976.0,0.001386,3724423.0,0.0013855,7.217610970769633
1787025241651,0.001385,820066.0,0.001386,3724423.0,0.0013855,7.217610970769633
1787025241658,0.001385,791166.0,0.001386,3724423.0,0.0013855,7.217610970769633
1787025241710,0.001385,1009969.0,0.001386,2425959.0,0.0013855,7.217610970769633
1787025241711,0.001385,1620200.0,0.001386,2425959.0,0.0013855,7.217610970769633
1787025241712,0.001386,462394.0,0.001387,1813627.0,0.0013865000000000001,7.212405337179342
1787025241713,0.001386,883154.0,0.001387,1746491.0,0.0013865000000000001,7.212405337179342
1787025241714,0.001386,1967247.0,0.001387,1088683.0,0.0013865000000000001,7.212405337179342
1787025241715,0.001386,2151765.0,0.001387,1088683.0,0.0013865000000000001,7.212405337179342
1787025241716,0.001386,2137224.0,0.001387,1088683.0,0.0013865000000000001,7.212405337179342
1787025241718,0.001386,2166124.0,0.001387,1088683.0,0.0013865000000000001,7.212405337179342
1787025241720,0.001386,2179317.0,0.001387,1088683.0,0.0013865000000000001,7.212405337179342
1787025241721,0.001386,2186420.0,0.001387,1088683.0,0.0013865000000000001,7.212405337179342
1787025241759,0.001386,2190750.0,0.001387,1088683.0,0.0013865000000000001,7.212405337179342
1787025241798,0.001386,2197962.0,0.001387,1088683.0,0.0013865000000000001,7.212405337179342
1787025241831,0.001386,2197962.0,0.001387,1039194.0,0.0013865000000000001,7.212405337179342
1787025241852,0.001386,2209863.0,0.001387,1051095.0,0.0013865000000000001,7.212405337179342
1787025241862,0.001386,2209863.0,0.001387,1018483.0,0.0013865000000000001,7.212405337179342
1787025241920,0.001386,2262907.0,0.001387,1018483.0,0.0013865000000000001,7.212405337179342
1787025241921,0.001386,2262907.0,0.001387,970006.0,0.0013865000000000001,7.212405337179342
1787025241923,0.001386,3088843.0,0.001387,1803713.0,0.0013865000000000001,7.212405337179342
1787025241924,0.001386,3088843.0,0.001387,970006.0,0.0013865000000000001,7.212405337179342
1787025241925,0.001386,3088843.0,0.001387,958105.0,0.0013865000000000001,7.212405337179342
1787025241977,0.001386,3088843.0,0.001387,970006.0,0.0013865000000000001,7.212405337179342
1787025242127,0.001386,3088843.0,0.001387,1710379.0,0.0013865000000000001,7.212405337179342
1787025242227,0.001386,3088843.0,0.001387,1686559.0,0.0013865000000000001,7.212405337179342
1787025242326,0.001386,3083115.0,0.001387,1686559.0,0.0013865000000000001,7.212405337179342
1787025242327,0.001386,3081573.0,0.001387,1686559.0,0.0013865000000000001,7.212405337179342
1787025242501,0.001386,3081573.0,0.001387,1625605.0,0.0013865000000000001,7.212405337179342
1787025242507,0.001386,3081573.0,0.001387,1685535.0,0.0013865000000000001,7.212405337179342
1787025242563,0.001386,3616082.0,0.001387,1685535.0,0.0013865000000000001,7.212405337179342
1787025242564,0.001386,3616082.0,0.001387,945162.0,0.0013865000000000001,7.212405337179342
1787025242565,0.001387,665388.0,0.001388,2777706.0,0.0013874999999999998,7.2072072072066025
1787025242566,0.001387,1408611.0,0.001388,2048630.0,0.0013874999999999998,7.2072072072066025
1787025242567,0.001387,1723821.0,0.001388,1534684.0,0.0013874999999999998,7.2072072072066025
1787025242568,0.001387,1868243.0,0.001388,1293587.0,0.0013874999999999998,7.2072072072066025
1787025242570,0.001387,1868243.0,0.001388,1073052.0,0.0013874999999999998,7.2072072072066025
1787025242577,0.001387,1888534.0,0.001388,1073052.0,0.0013874999999999998,7.2072072072066025
1787025242578,0.001387,1917434.0,0.001388,1073052.0,0.0013874999999999998,7.2072072072066025
1787025242580,0.001387,1924537.0,0.001388,1073052.0,0.0013874999999999998,7.2072072072066025
1787025242590,0.001387,1912937.0,0.001388,1073052.0,0.0013874999999999998,7.2072072072066025
1787025242621,0.001387,1912937.0,0.001388,891218.0,0.0013874999999999998,7.2072072072066025
1787025242622,0.001387,1912937.0,0.001388,738653.0,0.0013874999999999998,7.2072072072066025
1787025242623,0.001387,2712937.0,0.001389,3214787.0,0.001388,14.409221902017642
1787025242624,0.001388,643966.0,0.001389,3207129.0,0.0013885,7.202016564639054
1787025242625,0.001388,1105423.0,0.001389,2549337.0,0.0013885,7.202016564639054
1787025242626,0.001388,1105423.0,0.001389,1838046.0,0.0013885,7.202016564639054
1787025242627,0.001388,1105423.0,0.001389,1609758.0,0.0013885,7.202016564639054
1787025242628,0.001388,1105423.0,0.001389,1482163.0,0.0013885,7.202016564639054
1787025242630,0.001388,1905423.0,0.001389,1530640.0,0.0013885,7.202016564639054
1787025242634,0.001388,1905423.0,0.001389,1516240.0,0.0013885,7.202016564639054
1787025242636,0.001388,1579052.0,0.001389,1516240.0,0.0013885,7.202016564639054
1787025242640,0.001388,1599343.0,0.001389,1520200.0,0.0013885,7.202016564639054
1787025242642,0.001388,1603306.0,0.001389,1520200.0,0.0013885,7.202016564639054
1787025242648,0.001388,1632206.0,0.001389,1520200.0,0.0013885,7.202016564639054
1787025242659,0.001388,1632206.0,0.001389,801318.0,0.0013885,7.202016564639054
1787025242668,0.001388,1685250.0,0.001389,801318.0,0.0013885,7.202016564639054
1787025242669,0.001388,2219759.0,0.001389,801318.0,0.0013885,7.202016564639054
1787025242671,0.001388,2225161.0,0.001389,801318.0,0.0013885,7.202016564639054
1787025242691,0.001388,2225161.0,0.001389,695653.0,0.0013885,7.202016564639054
1787025242696,0.001388,2558635.0,0.001389,695653.0,0.0013885,7.202016564639054
1787025242698,0.001388,2558635.0,0.001389,454556.0,0.0013885,7.202016564639054
1787025242700,0.001388,2558635.0,0.001389,475549.0,0.0013885,7.202016564639054
1787025242758,0.001388,2570519.0,0.001389,487433.0,0.0013885,7.202016564639054
1787025242772,0.001388,3400260.0,0.001389,487433.0,0.0013885,7.202016564639054
1787025242798,0.001388,3407462.0,0.001389,487433.0,0.0013885,7.202016564639054
1787025242799,0.001388,3407462.0,0.001389,466440.0,0.0013885,7.202016564639054
1787025242900,0.001388,3691804.0,0.001389,466440.0,0.0013885,7.202016564639054
1787025242901,0.001388,3849780.0,0.001389,466440.0,0.0013885,7.202016564639054
1787025242937,0.001388,3849780.0,0.001389,1233640.0,0.0013885,7.202016564639054
1787025242938,0.001388,3849780.0,0.001389,1221756.0,0.0013885,7.202016564639054
1787025242939,0.001388,3849780.0,0.001389,1603707.0,0.0013885,7.202016564639054
1787025242941,0.001388,3691804.0,0.001389,1615591.0,0.0013885,7.202016564639054
1787025243066,0.001388,3872093.0,0.001389,1615591.0,0.0013885,7.202016564639054
1787025243099,0.001388,3587751.0,0.001389,1615591.0,0.0013885,7.202016564639054
1787025243171,0.001388,3587751.0,0.001389,1801404.0,0.0013885,7.202016564639054
1787025243246,0.001388,2758010.0,0.001389,1801404.0,0.0013885,7.202016564639054
1787025243247,0.001388,2412652.0,0.001389,1801404.0,0.0013885,7.202016564639054
1787025243248,0.001388,2383752.0,0.001389,1801404.0,0.0013885,7.202016564639054
1787025243378,0.001388,2383752.0,0.001389,1729254.0,0.0013885,7.202016564639054
1787025243383,0.001388,2395636.0,0.001389,1729254.0,0.0013885,7.202016564639054
1787025243389,0.001388,2393078.0,0.001389,1729254.0,0.0013885,7.202016564639054
1787025243447,0.001388,3173922.0,0.001389,1729254.0,0.0013885,7.202016564639054
1787025243487,0.001388,3248207.0,0.001389,1729254.0,0.0013885,7.202016564639054
1787025243761,0.001388,3225960.0,0.001389,1729254.0,0.0013885,7.202016564639054
1787025243895,0.001388,2445116.0,0.001389,1729254.0,0.0013885,7.202016564639054
1787025244100,0.001388,3294168.0,0.001389,1729254.0,0.0013885,7.202016564639054
1787025244101,0.001388,3282284.0,0.001389,1729254.0,0.0013885,7.202016564639054
1787025244102,0.001388,3294168.0,0.001389,1729254.0,0.0013885,7.202016564639054
1787025244108,0.001388,3294168.0,0.001389,1724657.0,0.0013885,7.202016564639054
1787025244530,0.001388,3290287.0,0.001389,1724657.0,0.0013885,7.202016564639054
1787025244619,0.001388,3289235.0,0.001389,1724657.0,0.0013885,7.202016564639054
1787025245012,0.001388,3284896.0,0.001389,1724657.0,0.0013885,7.202016564639054
1787025245919,0.001388,3282317.0,0.001389,1724657.0,0.0013885,7.202016564639054
1787025245946,0.001388,3282317.0,0.001389,1737243.0,0.0013885,7.202016564639054
1787025246815,0.001388,3278487.0,0.001389,1737243.0,0.0013885,7.202016564639054
1787025247098,0.001388,3502449.0,0.001389,1737243.0,0.0013885,7.202016564639054
1787025247303,0.001388,3500616.0,0.001389,1737243.0,0.0013885,7.202016564639054
1787025247488,0.001388,3500616.0,0.001389,1741023.0,0.0013885,7.202016564639054
1787025247503,0.001388,3784958.0,0.001389,1741023.0,0.0013885,7.202016564639054
1787025248099,0.001388,3896807.0,0.001389,1741023.0,0.0013885,7.202016564639054
1787025248154,0.001388,3896807.0,0.001389,2229176.0,0.0013885,7.202016564639054
1787025248290,0.001388,3895696.0,0.001389,2229176.0,0.0013885,7.202016564639054
1787025248400,0.001388,3611354.0,0.001389,2229176.0,0.0013885,7.202016564639054
1787025249097,0.001388,3275543.0,0.001389,2229176.0,0.0013885,7.202016564639054
1787025249537,0.001388,3273117.0,0.001389,2229176.0,0.0013885,7.202016564639054
1787025249632,0.001388,3273117.0,0.001389,1909737.0,0.0013885,7.202016564639054
1787025249633,0.001388,3273117.0,0.001389,1142537.0,0.0013885,7.202016564639054
1787025249634,0.001388,3273117.0,0.001389,797179.0,0.0013885,7.202016564639054
1787025249635,0.001388,3606591.0,0.001389,797179.0,0.0013885,7.202016564639054
1787025249707,0.001388,3606591.0,0.001389,809063.0,0.0013885,7.202016564639054
1787025249746,0.001388,3588741.0,0.001389,809063.0,0.0013885,7.202016564639054
1787025249899,0.001388,3873083.0,0.001389,809063.0,0.0013885,7.202016564639054
1787025249998,0.001388,3588741.0,0.001389,809063.0,0.0013885,7.202016564639054
1787025250098,0.001388,3811981.0,0.001389,809063.0,0.0013885,7.202016564639054
1787025250342,0.001388,3806307.0,0.001389,809063.0,0.0013885,7.202016564639054
1787025250631,0.001388,3804159.0,0.001389,809063.0,0.0013885,7.202016564639054
1787025250698,0.001388,4088501.0,0.001389,809063.0,0.0013885,7.202016564639054
1787025250772,0.001388,4088501.0,0.001389,760586.0,0.0013885,7.202016564639054
1787025251091,0.001388,4088501.0,0.001389,355420.0,0.0013885,7.202016564639054
1787025251092,0.001389,462719.0,0.00139,2322659.0,0.0013895000000000001,7.196833393306339
1787025251093,0.001389,2519577.0,0.00139,1364333.0,0.0013895000000000001,7.196833393306339
1787025251094,0.001389,2324103.0,0.00139,554733.0,0.0013895000000000001,7.196833393306339
1787025251096,0.001389,2324103.0,0.00139,651687.0,0.0013895000000000001,7.196833393306339
1787025251102,0.001389,2337296.0,0.00139,651687.0,0.0013895000000000001,7.196833393306339
1787025251107,0.001389,2344394.0,0.00139,651687.0,0.0013895000000000001,7.196833393306339
1787025251110,0.001389,2351497.0,0.00139,651687.0,0.0013895000000000001,7.196833393306339
1787025251165,0.001389,2404541.0,0.00139,651687.0,0.0013895000000000001,7.196833393306339
1787025251170,0.001389,2218728.0,0.00139,651687.0,0.0013895000000000001,7.196833393306339
1787025251199,0.001389,2671353.0,0.00139,651687.0,0.0013895000000000001,7.196833393306339
1787025251213,0.001389,2683228.0,0.00139,663562.0,0.0013895000000000001,7.196833393306339
1787025251299,0.001389,2690424.0,0.00139,663562.0,0.0013895000000000001,7.196833393306339
1787025251307,0.001389,2690424.0,0.00139,1453387.0,0.0013895000000000001,7.196833393306339
1787025251309,0.001389,2690424.0,0.00139,1441512.0,0.0013895000000000001,7.196833393306339
1787025251343,0.001389,2608729.0,0.00139,1453387.0,0.0013895000000000001,7.196833393306339
1787025251346,0.001389,2384362.0,0.00139,1453387.0,0.0013895000000000001,7.196833393306339
1787025251354,0.001389,2384362.0,0.00139,1449408.0,0.0013895000000000001,7.196833393306339
1787025251445,0.001389,2310623.0,0.00139,1449408.0,0.0013895000000000001,7.196833393306339
1787025251454,0.001389,1496751.0,0.00139,1449408.0,0.0013895000000000001,7.196833393306339
1787025251601,0.001389,1328468.0,0.00139,1449408.0,0.0013895000000000001,7.196833393306339
1787025251628,0.001389,1402753.0,0.00139,1449408.0,0.0013895000000000001,7.196833393306339
1787025251658,0.001389,2183507.0,0.00139,1449408.0,0.0013895000000000001,7.196833393306339
1787025251759,0.001389,2182312.0,0.00139,1449408.0,0.0013895000000000001,7.196833393306339
1787025251900,0.001389,1897970.0,0.00139,1449408.0,0.0013895000000000001,7.196833393306339
1787025252019,0.001389,1897970.0,0.00139,1453365.0,0.0013895000000000001,7.196833393306339
1787025252071,0.001389,1897970.0,0.00139,1639178.0,0.0013895000000000001,7.196833393306339
1787025252098,0.001389,2009402.0,0.00139,1639178.0,0.0013895000000000001,7.196833393306339
1787025252100,0.001389,2120834.0,0.00139,1639178.0,0.0013895000000000001,7.196833393306339
1787025252102,0.001389,2108959.0,0.00139,1639178.0,0.0013895000000000001,7.196833393306339
1787025252104,0.001389,2120834.0,0.00139,1639178.0,0.0013895000000000001,7.196833393306339
1787025252262,0.001389,2120834.0,0.00139,1318573.0,0.0013895000000000001,7.196833393306339
1787025252263,0.001389,2920834.0,0.00139,528748.0,0.0013895000000000001,7.196833393306339
1787025252267,0.001389,2920834.0,0.00139,522170.0,0.0013895000000000001,7.196833393306339
1787025252269,0.001389,2925154.0,0.00139,467794.0,0.0013895000000000001,7.196833393306339
1787025252443,0.001389,2125154.0,0.00139,467794.0,0.0013895000000000001,7.196833393306339
1787025252461,0.001389,2125154.0,0.00139,482085.0,0.0013895000000000001,7.196833393306339
1787025252571,0.001389,2125154.0,0.00139,1212612.0,0.0013895000000000001,7.196833393306339
1787025252572,0.001389,2125154.0,0.00139,1212612.0,0.0013895000000000001,7.196833393306339
1787025252574,0.001389,2125154.0,0.00139,1529370.0,0.0013895000000000001,7.196833393306339
1787025252579,0.001389,2117182.0,0.00139,1529370.0,0.0013895000000000001,7.196833393306339
1787025252630,0.001389,306900.0,0.00139,1529370.0,0.0013895000000000001,7.196833393306339
1787025252631,0.001389,11875.0,0.00139,2419665.0,0.0013895000000000001,7.196833393306339
1787025252632,0.001388,2882383.0,0.001389,485653.0,0.0013885,7.202016564639054
1787025252633,0.001388,2172775.0,0.001389,520250.0,0.0013885,7.202016564639054
1787025252634,0.001388,1968412.0,0.001389,568727.0,0.0013885,7.202016564639054
1787025252635,0.001388,1968412.0,0.001389,388871.0,0.0013885,7.202016564639054
1787025252647,0.001388,1968412.0,0.001389,437348.0,0.0013885,7.202016564639054
1787025252648,0.001388,1968412.0,0.001389,413712.0,0.0013885,7.202016564639054
1787025252649,0.001388,1968412.0,0.001389,388670.0,0.0013885,7.202016564639054
1787025252650,0.001388,1968412.0,0.001389,340193.0,0.0013885,7.202016564639054
1787025252695,0.001388,1968412.0,0.001389,388670.0,0.0013885,7.202016564639054
1787025252699,0.001388,1968412.0,0.001389,613037.0,0.0013885,7.202016564639054
1787025252796,0.001388,1975614.0,0.001389,613037.0,0.0013885,7.202016564639054
1787025252797,0.001388,1987498.0,0.001389,624921.0,0.0013885,7.202016564639054
1787025252852,0.001388,2728155.0,0.001389,1402175.0,0.0013885,7.202016564639054
1787025252853,0.001388,2728155.0,0.001389,1390291.0,0.0013885,7.202016564639054
1787025252946,0.001388,2728155.0,0.001389,1394251.0,0.0013885,7.202016564639054
1787025252947,0.001388,2728155.0,0.001389,1406135.0,0.0013885,7.202016564639054
1787025253109,0.001388,2908376.0,0.001389,1406135.0,0.0013885,7.202016564639054
1787025253137,0.001388,2907451.0,0.001389,1406135.0,0.0013885,7.202016564639054
1787025253169,0.001388,2907451.0,0.001389,1370523.0,0.0013885,7.202016564639054
1787025253170,0.001388,2907451.0,0.001389,593269.0,0.0013885,7.202016564639054
1787025253171,0.001389,179985.0,0.00139,1864709.0,0.0013895000000000001,7.196833393306339
1787025253172,0.001389,836835.0,0.00139,1632745.0,0.0013895000000000001,7.196833393306339
1787025253173,0.001389,1698322.0,0.00139,966817.0,0.0013895000000000001,7.196833393306339
1787025253174,0.001389,898322.0,0.00139,966817.0,0.0013895000000000001,7.196833393306339
1787025253175,0.001389,865910.0,0.00139,966817.0,0.0013895000000000001,7.196833393306339
1787025253227,0.001389,641543.0,0.00139,966817.0,0.0013895000000000001,7.196833393306339
1787025253278,0.001389,653418.0,0.00139,966817.0,0.0013895000000000001,7.196833393306339
1787025253279,0.001389,653418.0,0.00139,978692.0,0.0013895000000000001,7.196833393306339
1787025253293,0.001389,653418.0,0.00139,642590.0,0.0013895000000000001,7.196833393306339
1787025253295,0.001389,1677785.0,0.00139,642590.0,0.0013895000000000001,7.196833393306339
1787025253296,0.001389,1665910.0,0.00139,642590.0,0.0013895000000000001,7.196833393306339
1787025253298,0.001389,1673106.0,0.00139,642590.0,0.0013895000000000001,7.196833393306339
1787025253364,0.001389,1673106.0,0.00139,638631.0,0.0013895000000000001,7.196833393306339
1787025253374,0.001389,2508577.0,0.00139,638631.0,0.0013895000000000001,7.196833393306339
1787025253376,0.001389,2508577.0,0.00139,414264.0,0.0013895000000000001,7.196833393306339
1787025253378,0.001389,2508577.0,0.00139,462741.0,0.0013895000000000001,7.196833393306339
1787025253379,0.001389,2520452.0,0.00139,462741.0,0.0013895000000000001,7.196833393306339
1787025253501,0.001389,2804794.0,0.00139,462741.0,0.0013895000000000001,7.196833393306339
1787025253557,0.001389,2808754.0,0.00139,462741.0,0.0013895000000000001,7.196833393306339
1787025253596,0.001389,2850476.0,0.00139,1253029.0,0.0013895000000000001,7.196833393306339
1787025253597,0.001389,2850476.0,0.00139,1253029.0,0.0013895000000000001,7.196833393306339
1787025253635,0.001389,2850476.0,0.00139,1237933.0,0.0013895000000000001,7.196833393306339
1787025253636,0.001389,2850476.0,0.00139,447645.0,0.0013895000000000001,7.196833393306339
1787025253637,0.001389,3030635.0,0.00139,447645.0,0.0013895000000000001,7.196833393306339
1787025253638,0.001389,3030635.0,0.00139,130887.0,0.0013895000000000001,7.196833393306339
1787025253639,0.001389,3188513.0,0.00139,82410.0,0.0013895000000000001,7.196833393306339
1787025253640,0.00139,830429.0,0.001391,2625858.0,0.0013905,7.191657677095526
1787025253641,0.00139,423872.0,0.001391,2004146.0,0.0013905,7.191657677095526
1787025253642,0.00139,720641.0,0.001391,2000172.0,0.0013905,7.191657677095526
1787025253646,0.00139,720641.0,0.001391,1715576.0,0.0013905,7.191657677095526
1787025253648,0.00139,720641.0,0.001391,868679.0,0.0013905,7.191657677095526
1787025253649,0.00139,796394.0,0.001391,868679.0,0.0013905,7.191657677095526
1787025253658,0.00139,825204.0,0.001391,868679.0,0.0013905,7.191657677095526
1787025253664,0.00139,825204.0,0.001391,1093046.0,0.0013905,7.191657677095526
1787025253668,0.00139,796394.0,0.001391,1093046.0,0.0013905,7.191657677095526
1787025253669,0.00139,785603.0,0.001391,1093046.0,0.0013905,7.191657677095526
1787025253676,0.001389,3981501.0,0.00139,396233.0,0.0013895000000000001,7.196833393306339
1787025253677,0.001389,2854289.0,0.00139,605970.0,0.0013895000000000001,7.196833393306339
1787025253678,0.001389,2847056.0,0.00139,474721.0,0.0013895000000000001,7.196833393306339
1787025253679,0.001389,2875866.0,0.00139,451087.0,0.0013895000000000001,7.196833393306339
1787025253692,0.001389,2875866.0,0.00139,751822.0,0.0013895000000000001,7.196833393306339
1787025253693,0.001389,2875866.0,0.00139,728188.0,0.0013895000000000001,7.196833393306339
1787025253700,0.001389,2591524.0,0.00139,728188.0,0.0013895000000000001,7.196833393306339
1787025253743,0.001389,2583885.0,0.00139,728188.0,0.0013895000000000001,7.196833393306339
1787025253755,0.001389,2595760.0,0.00139,740063.0,0.0013895000000000001,7.196833393306339
1787025253780,0.001389,2595760.0,0.001391,1421880.0,0.0013900000000000002,14.388489208633441
1787025253781,0.00139,1485925.0,0.001391,1417917.0,0.0013905,7.191657677095526
1787025253782,0.00139,1485925.0,0.001391,700293.0,0.0013905,7.191657677095526
1787025253783,0.00139,1485925.0,0.001391,473243.0,0.0013905,7.191657677095526
1787025253785,0.00139,1485925.0,0.001392,2052119.0,0.0013909999999999999,14.378145219267065
1787025253786,0.00139,1786660.0,0.001391,48477.0,0.0013905,7.191657677095526
1787025253787,0.00139,1786660.0,0.001391,615635.0,0.0013905,7.191657677095526
1787025253792,0.00139,1793763.0,0.001391,615635.0,0.0013905,7.191657677095526
1787025253798,0.00139,1822573.0,0.001391,615635.0,0.0013905,7.191657677095526
1787025253804,0.00139,1822573.0,0.001391,619701.0,0.0013905,7.191657677095526
1787025253805,0.00139,1835766.0,0.001391,619701.0,0.0013905,7.191657677095526
1787025253806,0.00139,1842864.0,0.001391,619701.0,0.0013905,7.191657677095526
1787025253829,0.00139,1842864.0,0.001392,1312618.0,0.0013909999999999999,14.378145219267065
1787025253830,0.001391,648232.0,0.001392,1312617.0,0.0013915,7.186489399927531
1787025253831,0.001391,1530853.0,0.001392,401832.0,0.0013915,7.186489399927531
1787025253832,0.001391,1579330.0,0.001392,401832.0,0.0013915,7.186489399927531
1787025253834,0.001391,1579330.0,0.001392,678941.0,0.0013915,7.186489399927531
1787025253837,0.001391,2468686.0,0.001392,1560116.0,0.0013915,7.186489399927531
1787025253838,0.001391,2475784.0,0.001392,1560116.0,0.0013915,7.186489399927531
1787025253842,0.001391,2488977.0,0.001392,1560116.0,0.0013915,7.186489399927531
1787025253843,0.001391,2496080.0,0.001392,1560116.0,0.0013915,7.186489399927531
1787025253853,0.001391,2496080.0,0.001392,1987057.0,0.0013915,7.186489399927531
1787025253854,0.001391,922903.0,0.001392,1987057.0,0.0013915,7.186489399927531
1787025253855,0.00139,1803498.0,0.001391,179597.0,0.0013905,7.191657677095526
1787025253856,0.00139,1795868.0,0.001391,645060.0,0.0013905,7.191657677095526
1787025253857,0.00139,1795868.0,0.001391,1777736.0,0.0013905,7.191657677095526
1787025253858,0.00139,1824678.0,0.001391,1921569.0,0.0013905,7.191657677095526
1787025253868,0.00139,1807735.0,0.001391,1933436.0,0.0013905,7.191657677095526
1787025253872,0.00139,1807735.0,0.001391,1937390.0,0.0013905,7.191657677095526
1787025253890,0.00139,1807735.0,0.001391,2087186.0,0.0013905,7.191657677095526
1787025253901,0.00139,2092077.0,0.001391,2087186.0,0.0013905,7.191657677095526
1787025253999,0.00139,1807735.0,0.001391,2087186.0,0.0013905,7.191657677095526
1787025254051,0.00139,1987764.0,0.001391,2087186.0,0.0013905,7.191657677095526
1787025254060,0.00139,1987764.0,0.001391,2912892.0,0.0013905,7.191657677095526
1787025254061,0.00139,2746995.0,0.001391,2912892.0,0.0013905,7.191657677095526
1787025254069,0.00139,2746995.0,0.001391,3098705.0,0.0013905,7.191657677095526
1787025254223,0.00139,2745483.0,0.001391,3098705.0,0.0013905,7.191657677095526
1787025254298,0.00139,2752674.0,0.001391,3098705.0,0.0013905,7.191657677095526
1787025254484,0.00139,2756631.0,0.001391,3098705.0,0.0013905,7.191657677095526
1787025254860,0.00139,2756631.0,0.001391,2954872.0,0.0013905,7.191657677095526
1787025255333,0.00139,2755059.0,0.001391,2954872.0,0.0013905,7.191657677095526
1787025255341,0.00139,2755059.0,0.001391,3277076.0,0.0013905,7.191657677095526
1787025255496,0.00139,2755059.0,0.001391,3280851.0,0.0013905,7.191657677095526
1787025255825,0.00139,2755059.0,0.001391,3491418.0,0.0013905,7.191657677095526
1787025255921,0.00139,2755059.0,0.001391,3531603.0,0.0013905,7.191657677095526
1787025255951,0.00139,2755059.0,0.001391,3512394.0,0.0013905,7.191657677095526
1787025256419,0.00139,2753742.0,0.001391,3512394.0,0.0013905,7.191657677095526
1787025256869,0.00139,2766521.0,0.001391,3512394.0,0.0013905,7.191657677095526
1787025257017,0.00139,212252.0,0.001391,4023785.0,0.0013905,7.191657677095526
1787025257018,0.00139,200385.0,0.001391,4011918.0,0.0013905,7.191657677095526
1787025257019,0.001389,2225262.0,0.00139,1534299.0,0.0013895000000000001,7.196833393306339
1787025257020,0.001389,1536575.0,0.00139,1151345.0,0.0013895000000000001,7.196833393306339
1787025257021,0.001389,1299053.0,0.00139,1125135.0,0.0013895000000000001,7.196833393306339
1787025257022,0.001389,1327863.0,0.00139,1125135.0,0.0013895000000000001,7.196833393306339
1787025257023,0.001389,1335063.0,0.00139,1428852.0,0.0013895000000000001,7.196833393306339
1787025257024,0.001389,1335063.0,0.00139,1402642.0,0.0013895000000000001,7.196833393306339
1787025257025,0.001389,1327863.0,0.00139,1402642.0,0.0013895000000000001,7.196833393306339
1787025257026,0.001389,1325829.0,0.00139,1402642.0,0.0013895000000000001,7.196833393306339
1787025257027,0.001389,1318629.0,0.00139,1402642.0,0.0013895000000000001,7.196833393306339
1787025257029,0.001389,1367106.0,0.00139,1402642.0,0.0013895000000000001,7.196833393306339
1787025257072,0.001389,1367106.0,0.00139,945001.0,0.0013895000000000001,7.196833393306339
1787025257215,0.001389,1378981.0,0.00139,956876.0,0.0013895000000000001,7.196833393306339
1787025257256,0.001389,2200419.0,0.00139,956876.0,0.0013895000000000001,7.196833393306339
1787025257297,0.001389,2207615.0,0.00139,956876.0,0.0013895000000000001,7.196833393306339
1787025257298,0.001389,2207615.0,0.00139,908399.0,0.0013895000000000001,7.196833393306339
1787025257354,0.001389,2203653.0,0.00139,908399.0,0.0013895000000000001,7.196833393306339
1787025257433,0.001389,2203653.0,0.00139,1672077.0,0.0013895000000000001,7.196833393306339
1787025257483,0.001389,2216432.0,0.00139,1672077.0,0.0013895000000000001,7.196833393306339
1787025257484,0.001389,2203653.0,0.00139,1672077.0,0.0013895000000000001,7.196833393306339
1787025257511,0.001389,2201915.0,0.00139,1672077.0,0.0013895000000000001,7.196833393306339
1787025257558,0.001389,2150174.0,0.00139,1672077.0,0.0013895000000000001,7.196833393306339
1787025257599,0.001389,2108452.0,0.00139,1672077.0,0.0013895000000000001,7.196833393306339
1787025257629,0.001389,2108452.0,0.00139,1651775.0,0.0013895000000000001,7.196833393306339
1787025257856,0.001389,2288611.0,0.00139,1651775.0,0.0013895000000000001,7.196833393306339
1787025258016,0.001389,2288611.0,0.00139,888097.0,0.0013895000000000001,7.196833393306339
1787025258017,0.001389,2288611.0,0.00139,876222.0,0.0013895000000000001,7.196833393306339
1787025258018,0.001389,2288611.0,0.00139,888097.0,0.0013895000000000001,7.196833393306339
1787025258099,0.001389,2400369.0,0.00139,888097.0,0.0013895000000000001,7.196833393306339
1787025258100,0.001389,2512127.0,0.00139,888097.0,0.0013895000000000001,7.196833393306339
1787025258400,0.001389,2796469.0,0.00139,888097.0,0.0013895000000000001,7.196833393306339
1787025258401,0.001389,2796469.0,0.00139,888097.0,0.0013895000000000001,7.196833393306339
1787025258499,0.001389,2512127.0,0.00139,888097.0,0.0013895000000000001,7.196833393306339
1787025258527,0.001389,2510692.0,0.00139,888097.0,0.0013895000000000001,7.196833393306339
1787025259149,0.001389,2510692.0,0.00139,894256.0,0.0013895000000000001,7.196833393306339
1787025259537,0.001389,2480692.0,0.00139,894256.0,0.0013895000000000001,7.196833393306339
1787025259565,0.001389,2479165.0,0.00139,894256.0,0.0013895000000000001,7.196833393306339
1787025260024,0.001389,2479165.0,0.00139,1768161.0,0.0013895000000000001,7.196833393306339
1787025260671,0.001389,2479165.0,0.00139,1762002.0,0.0013895000000000001,7.196833393306339
1787025260706,0.001389,2479165.0,0.00139,888097.0,0.0013895000000000001,7.196833393306339
1787025260707,0.001389,2479165.0,0.00139,888097.0,0.0013895000000000001,7.196833393306339
1787025260803,0.001389,2763507.0,0.00139,888097.0,0.0013895000000000001,7.196833393306339
1787025260805,0.00139,10791.0,0.001391,3490519.0,0.0013905,7.191657677095526
1787025260806,0.00139,428956.0,0.001391,3191542.0,0.0013905,7.191657677095526
1787025260807,0.00139,598021.0,0.001391,3191542.0,0.0013905,7.191657677095526
1787025260808,0.00139,598194.0,0.001391,3335426.0,0.0013905,7.191657677095526
1787025260824,0.00139,598194.0,0.001391,2824035.0,0.0013905,7.191657677095526
1787025260831,0.00139,606744.0,0.001391,2824035.0,0.0013905,7.191657677095526
1787025260849,0.00139,1206744.0,0.001391,2824035.0,0.0013905,7.191657677095526
1787025260874,0.00139,1206744.0,0.001391,2835902.0,0.0013905,7.191657677095526
1787025260877,0.00139,1218611.0,0.001391,2835902.0,0.0013905,7.191657677095526
1787025260908,0.00139,2069007.0,0.001391,3694675.0,0.0013905,7.191657677095526
1787025261000,0.00139,2353349.0,0.001391,3694675.0,0.0013905,7.191657677095526
1787025261099,0.00139,2069007.0,0.001391,3694675.0,0.0013905,7.191657677095526
1787025261100,0.00139,2057140.0,0.001391,3694675.0,0.0013905,7.191657677095526
1787025261102,0.00139,2069007.0,0.001391,3694675.0,0.0013905,7.191657677095526
1787025261297,0.00139,2076198.0,0.001391,3694675.0,0.0013905,7.191657677095526
1787025261501,0.00139,2076198.0,0.001391,3796864.0,0.0013905,7.191657677095526
1787025261566,0.00139,1476198.0,0.001391,3796864.0,0.0013905,7.191657677095526
1787025261861,0.00139,1476198.0,0.001391,3652980.0,0.0013905,7.191657677095526
1787025261955,0.00139,1473654.0,0.001391,3652980.0,0.0013905,7.191657677095526
1787025262042,0.00139,1477252.0,0.001391,3652980.0,0.0013905,7.191657677095526
1787025263223,0.00139,1475016.0,0.001391,3652980.0,0.0013905,7.191657677095526
1787025263393,0.00139,1464364.0,0.001391,3652980.0,0.0013905,7.191657677095526
1787025264573,0.00139,1462971.0,0.001391,3652980.0,0.0013905,7.191657677095526
1787025264839,0.00139,1470149.0,0.001391,3652980.0,0.0013905,7.191657677095526
1787025264863,0.00139,1477327.0,0.001391,3652980.0,0.0013905,7.191657677095526
1787025265099,0.00139,1699167.0,0.001391,3652980.0,0.0013905,7.191657677095526
1787025265235,0.00139,2301544.0,0.001391,3652980.0,0.0013905,7.191657677095526
1787025265615,0.00139,2298888.0,0.001391,3652980.0,0.0013905,7.191657677095526
1787025265849,0.00139,2291710.0,0.001391,3652980.0,0.0013905,7.191657677095526
1787025265921,0.00139,2291710.0,0.001391,3612795.0,0.0013905,7.191657677095526
1787025266343,0.00139,2291710.0,0.001391,3618090.0,0.0013905,7.191657677095526
1787025266409,0.00139,2291710.0,0.001391,3854781.0,0.0013905,7.191657677095526
1787025266723,0.00139,2290609.0,0.001391,3854781.0,0.0013905,7.191657677095526
1787025266923,0.00139,2290609.0,0.001391,3874936.0,0.0013905,7.191657677095526
1787025267661,0.00139,2286809.0,0.001391,3874936.0,0.0013905,7.191657677095526
1787025267879,0.00139,2284829.0,0.001391,3874936.0,0.0013905,7.191657677095526
1787025267924,0.00139,2284829.0,0.001391,3854781.0,0.0013905,7.191657677095526
1787025268161,0.00139,2315109.0,0.001391,3854781.0,0.0013905,7.191657677095526
1787025268781,0.00139,2177216.0,0.001391,3854781.0,0.0013905,7.191657677095526
1787025268783,0.00139,1326820.0,0.001391,3854781.0,0.0013905,7.191657677095526
1787025268784,0.00139,1326820.0,0.001391,3854781.0,0.0013905,7.191657677095526
1787025268857,0.00139,1127582.0,0.001391,3854781.0,0.0013905,7.191657677095526
1787025268878,0.00139,1127582.0,0.001391,3837515.0,0.0013905,7.191657677095526
1787025268915,0.00139,1124901.0,0.001391,3837515.0,0.0013905,7.191657677095526
1787025268922,0.00139,1124901.0,0.001391,3878880.0,0.0013905,7.191657677095526
1787025268954,0.00139,1128500.0,0.001391,3878880.0,0.0013905,7.191657677095526
1787025269097,0.00139,906660.0,0.001391,3878880.0,0.0013905,7.191657677095526
1787025269186,0.00139,906660.0,0.001391,3776691.0,0.0013905,7.191657677095526
1787025269189,0.00139,906660.0,0.001391,3876316.0,0.0013905,7.191657677095526
1787025269695,0.00139,888651.0,0.001391,3876316.0,0.0013905,7.191657677095526
1787025269696,0.00139,892608.0,0.001391,4521759.0,0.0013905,7.191657677095526
1787025269697,0.001389,2455751.0,0.00139,896316.0,0.0013895000000000001,7.196833393306339
1787025269698,0.001389,2215595.0,0.00139,1946556.0,0.0013895000000000001,7.196833393306339
1787025269699,0.001389,681069.0,0.00139,3020619.0,0.0013895000000000001,7.196833393306339
1787025269700,0.001389,661402.0,0.00139,3148207.0,0.0013895000000000001,7.196833393306339
1787025269709,0.001389,632592.0,0.00139,3148207.0,0.0013895000000000001,7.196833393306339
1787025269711,0.001389,701210.0,0.00139,3148207.0,0.0013895000000000001,7.196833393306339
1787025269712,0.001389,838446.0,0.00139,3148207.0,0.0013895000000000001,7.196833393306339
1787025269714,0.001389,886923.0,0.00139,3148207.0,0.0013895000000000001,7.196833393306339
1787025269767,0.001389,838446.0,0.00139,3148207.0,0.0013895000000000001,7.196833393306339
1787025269798,0.001389,845642.0,0.00139,3148207.0,0.0013895000000000001,7.196833393306339
1787025269799,0.001389,857517.0,0.00139,3160082.0,0.0013895000000000001,7.196833393306339
1787025269831,0.001389,857517.0,0.00139,3222501.0,0.0013895000000000001,7.196833393306339
1787025269859,0.001389,843017.0,0.00139,3222501.0,0.0013895000000000001,7.196833393306339
1787025269922,0.001389,843017.0,0.00139,3263953.0,0.0013895000000000001,7.196833393306339
1787025269949,0.001389,841583.0,0.00139,3263953.0,0.0013895000000000001,7.196833393306339
1787025270280,0.001389,790337.0,0.00139,3263953.0,0.0013895000000000001,7.196833393306339
1787025270282,0.001389,958548.0,0.00139,3263953.0,0.0013895000000000001,7.196833393306339
1787025270767,0.001389,958548.0,0.00139,3120017.0,0.0013895000000000001,7.196833393306339
1787025270768,0.001389,1007025.0,0.00139,3120017.0,0.0013895000000000001,7.196833393306339
1787025270785,0.001389,1007025.0,0.00139,3165498.0,0.0013895000000000001,7.196833393306339
1787025270829,0.001389,1007025.0,0.00139,3103079.0,0.0013895000000000001,7.196833393306339
1787025271008,0.001389,1839414.0,0.00139,3103079.0,0.0013895000000000001,7.196833393306339
1787025271009,0.001389,1839414.0,0.00139,3103079.0,0.0013895000000000001,7.196833393306339
1787025271017,0.001389,1839414.0,0.00139,3074132.0,0.0013895000000000001,7.196833393306339
1787025271035,0.001389,1836781.0,0.00139,3074132.0,0.0013895000000000001,7.196833393306339
1787025271036,0.001389,1840381.0,0.00139,3074132.0,0.0013895000000000001,7.196833393306339
1787025271921,0.001389,1840381.0,0.00139,3032680.0,0.0013895000000000001,7.196833393306339
1787025272119,0.001389,1840381.0,0.00139,2731900.0,0.0013895000000000001,7.196833393306339
1787025272120,0.001389,1840381.0,0.00139,1943521.0,0.0013895000000000001,7.196833393306339
1787025272122,0.001389,1840381.0,0.00139,1917312.0,0.0013895000000000001,7.196833393306339
1787025272175,0.001389,1844731.0,0.00139,1917312.0,0.0013895000000000001,7.196833393306339
1787025272203,0.001389,1842154.0,0.00139,1917312.0,0.0013895000000000001,7.196833393306339
1787025272330,0.001389,1842154.0,0.00139,2691789.0,0.0013895000000000001,7.196833393306339
1787025273477,0.001389,1840908.0,0.00139,2691789.0,0.0013895000000000001,7.196833393306339
1787025274112,0.001389,1840908.0,0.00139,2684606.0,0.0013895000000000001,7.196833393306339
1787025274212,0.001389,1840908.0,0.00139,2696447.0,0.0013895000000000001,7.196833393306339
1787025274240,0.001389,1810526.0,0.00139,2696447.0,0.0013895000000000001,7.196833393306339
1787025274243,0.001389,1810526.0,0.00139,2982131.0,0.0013895000000000001,7.196833393306339
1787025274244,0.001389,978137.0,0.00139,2982131.0,0.0013895000000000001,7.196833393306339
1787025274246,0.001389,929660.0,0.00139,2982131.0,0.0013895000000000001,7.196833393306339
1787025274328,0.001389,978137.0,0.00139,2982131.0,0.0013895000000000001,7.196833393306339
1787025274579,0.001389,1737953.0,0.00139,2982131.0,0.0013895000000000001,7.196833393306339
1787025274925,0.001389,1737953.0,0.00139,3022470.0,0.0013895000000000001,7.196833393306339
1787025274937,0.001389,1736903.0,0.00139,3022470.0,0.0013895000000000001,7.196833393306339
1787025275098,0.001389,1736903.0,0.00139,3130668.0,0.0013895000000000001,7.196833393306339
1787025275729,0.001389,1736903.0,0.00139,3124912.0,0.0013895000000000001,7.196833393306339
1787025275730,0.001389,1688426.0,0.00139,3124912.0,0.0013895000000000001,7.196833393306339
1787025275831,0.001389,1688426.0,0.00139,3165706.0,0.0013895000000000001,7.196833393306339
1787025275952,0.001389,1688426.0,0.00139,2615921.0,0.0013895000000000001,7.196833393306339
1787025275954,0.001389,1688426.0,0.00139,2604046.0,0.0013895000000000001,7.196833393306339
1787025275955,0.001389,1688426.0,0.00139,1555760.0,0.0013895000000000001,7.196833393306339
1787025275985,0.001389,1688426.0,0.00139,1559358.0,0.0013895000000000001,7.196833393306339
1787025276009,0.001389,1686314.0,0.00139,1559358.0,0.0013895000000000001,7.196833393306339
1787025276098,0.001389,1686314.0,0.00139,1451160.0,0.0013895000000000001,7.196833393306339
1787025276416,0.001389,1686314.0,0.00139,2221766.0,0.0013895000000000001,7.196833393306339
1787025276591,0.001389,1686314.0,0.00139,2174120.0,0.0013895000000000001,7.196833393306339
1787025276830,0.001389,1686314.0,0.00139,2133326.0,0.0013895000000000001,7.196833393306339
1787025276917,0.001389,1686314.0,0.00139,1958985.0,0.0013895000000000001,7.196833393306339
1787025276919,0.001389,1686314.0,0.00139,1188379.0,0.0013895000000000001,7.196833393306339
1787025276920,0.001389,1686314.0,0.00139,1176504.0,0.0013895000000000001,7.196833393306339
1787025276921,0.001389,1686314.0,0.00139,1188379.0,0.0013895000000000001,7.196833393306339
1787025276923,0.001389,1686314.0,0.00139,1148040.0,0.0013895000000000001,7.196833393306339
1787025276941,0.001389,1684225.0,0.00139,1148040.0,0.0013895000000000001,7.196833393306339
1787025277098,0.001389,1684225.0,0.00139,1256119.0,0.0013895000000000001,7.196833393306339
1787025277152,0.001389,1684225.0,0.00139,2114822.0,0.0013895000000000001,7.196833393306339
1787025277168,0.001389,1688169.0,0.00139,2114822.0,0.0013895000000000001,7.196833393306339
1787025277241,0.001389,1688169.0,0.00139,2400506.0,0.0013895000000000001,7.196833393306339
1787025277242,0.001389,1688169.0,0.00139,2400506.0,0.0013895000000000001,7.196833393306339
1787025277989,0.001389,1686469.0,0.00139,2400506.0,0.0013895000000000001,7.196833393306339
1787025278266,0.001389,1682542.0,0.00139,2400506.0,0.0013895000000000001,7.196833393306339
1787025278287,0.001389,1682542.0,0.00139,2250506.0,0.0013895000000000001,7.196833393306339
1787025278880,0.001389,1682542.0,0.00139,2255801.0,0.0013895000000000001,7.196833393306339
1787025279323,0.001389,1682542.0,0.00139,2720205.0,0.0013895000000000001,7.196833393306339
1787025279343,0.001389,1680523.0,0.00139,2720205.0,0.0013895000000000001,7.196833393306339
1787025279479,0.001389,1668017.0,0.00139,2720205.0,0.0013895000000000001,7.196833393306339
1787025280555,0.001389,1652156.0,0.00139,2720205.0,0.0013895000000000001,7.196833393306339
1787025280735,0.001389,1651229.0,0.00139,2720205.0,0.0013895000000000001,7.196833393306339
1787025281495,0.001389,1651229.0,0.00139,2926963.0,0.0013895000000000001,7.196833393306339
1787025281834,0.001389,1651229.0,0.00139,3005186.0,0.0013895000000000001,7.196833393306339
1787025281889,0.001389,1649430.0,0.00139,3005186.0,0.0013895000000000001,7.196833393306339
1787025281921,0.001389,1649430.0,0.00139,3044279.0,0.0013895000000000001,7.196833393306339
1787025281933,0.001389,1649430.0,0.00139,3080263.0,0.0013895000000000001,7.196833393306339
1787025282358,0.001389,1678220.0,0.00139,3080263.0,0.0013895000000000001,7.196833393306339
1787025282359,0.001389,1666345.0,0.00139,3080263.0,0.0013895000000000001,7.196833393306339
1787025282361,0.001389,1678220.0,0.00139,3080263.0,0.0013895000000000001,7.196833393306339
1787025282418,0.001389,1649430.0,0.00139,3080263.0,0.0013895000000000001,7.196833393306339
1787025282695,0.001389,889614.0,0.00139,3080263.0,0.0013895000000000001,7.196833393306339
1787025282696,0.001389,799666.0,0.00139,3080263.0,0.0013895000000000001,7.196833393306339
1787025282703,0.001389,731048.0,0.00139,3080263.0,0.0013895000000000001,7.196833393306339
1787025282705,0.001389,662430.0,0.00139,3080263.0,0.0013895000000000001,7.196833393306339
1787025282707,0.001389,593812.0,0.00139,3080263.0,0.0013895000000000001,7.196833393306339
1787025282708,0.001389,642289.0,0.00139,3080263.0,0.0013895000000000001,7.196833393306339
1787025282799,0.001389,642289.0,0.00139,3096561.0,0.0013895000000000001,7.196833393306339
1787025282899,0.001389,642289.0,0.00139,3080263.0,0.0013895000000000001,7.196833393306339
1787025283311,0.001389,639776.0,0.00139,3080263.0,0.0013895000000000001,7.196833393306339
1787025283432,0.001389,639776.0,0.00139,3044279.0,0.0013895000000000001,7.196833393306339
1787025284883,0.001389,639776.0,0.00139,988930.0,0.0013895000000000001,7.196833393306339
1787025284884,0.001389,858489.0,0.00139,988930.0,0.0013895000000000001,7.196833393306339
1787025284885,0.001389,1814678.0,0.00139,797730.0,0.0013895000000000001,7.196833393306339
1787025284886,0.001389,2088487.0,0.00139,797730.0,0.0013895000000000001,7.196833393306339
1787025284910,0.001389,2088487.0,0.00139,1016443.0,0.0013895000000000001,7.196833393306339
1787025284911,0.001389,2086122.0,0.00139,1016443.0,0.0013895000000000001,7.196833393306339
1787025284912,0.001389,1867409.0,0.00139,1016443.0,0.0013895000000000001,7.196833393306339
1787025284915,0.001389,1867409.0,0.00139,1302127.0,0.0013895000000000001,7.196833393306339
1787025284939,0.001389,1879284.0,0.00139,2212259.0,0.0013895000000000001,7.196833393306339
1787025284940,0.001389,1830807.0,0.00139,2212259.0,0.0013895000000000001,7.196833393306339
1787025285830,0.001389,1830807.0,0.00139,2134036.0,0.0013895000000000001,7.196833393306339
1787025285921,0.001389,1830807.0,0.00139,2094943.0,0.0013895000000000001,7.196833393306339
1787025285929,0.001389,1830807.0,0.00139,2116466.0,0.0013895000000000001,7.196833393306339
1787025286013,0.001389,1828446.0,0.00139,2116466.0,0.0013895000000000001,7.196833393306339
1787025286434,0.001389,1828446.0,0.00139,2152450.0,0.0013895000000000001,7.196833393306339
1787025286830,0.001389,1828446.0,0.00139,2167466.0,0.0013895000000000001,7.196833393306339
1787025287399,0.001389,1825947.0,0.00139,2167466.0,0.0013895000000000001,7.196833393306339
1787025288060,0.001389,1825947.0,0.00139,2162171.0,0.0013895000000000001,7.196833393306339
1787025288374,0.001389,1825947.0,0.00139,2329715.0,0.0013895000000000001,7.196833393306339
1787025288547,0.001389,1825947.0,0.00139,1885212.0,0.0013895000000000001,7.196833393306339
1787025288548,0.001389,1825947.0,0.00139,1873337.0,0.0013895000000000001,7.196833393306339
1787025288549,0.001389,1825947.0,0.00139,986955.0,0.0013895000000000001,7.196833393306339
1787025288700,0.001389,1825947.0,0.00139,1002888.0,0.0013895000000000001,7.196833393306339
1787025288727,0.001389,1824223.0,0.00139,1002888.0,0.0013895000000000001,7.196833393306339
1787025288755,0.001389,1824223.0,0.00139,1902862.0,0.0013895000000000001,7.196833393306339
1787025288831,0.001389,1824223.0,0.00139,1887846.0,0.0013895000000000001,7.196833393306339
1787025288895,0.001389,630827.0,0.00139,1887846.0,0.0013895000000000001,7.196833393306339
1787025288899,0.001389,288274.0,0.00139,2772809.0,0.0013895000000000001,7.196833393306339
1787025288900,0.001389,56923.0,0.00139,2760934.0,0.0013895000000000001,7.196833393306339
1787025288901,0.001388,2131975.0,0.001389,725852.0,0.0013885,7.202016564639054
1787025288902,0.001388,1147383.0,0.001389,1004641.0,0.0013885,7.202016564639054
1787025288903,0.001388,1147383.0,0.001389,694247.0,0.0013885,7.202016564639054
1787025288905,0.001388,1195860.0,0.001389,694247.0,0.0013885,7.202016564639054
1787025288926,0.001388,1200852.0,0.001389,694247.0,0.0013885,7.202016564639054
1787025288927,0.001388,1152375.0,0.001389,694247.0,0.0013885,7.202016564639054
1787025288930,0.001388,1200852.0,0.001389,694247.0,0.0013885,7.202016564639054
1787025288973,0.001388,982049.0,0.001389,694247.0,0.0013885,7.202016564639054
1787025288975,0.001388,933572.0,0.001389,694247.0,0.0013885,7.202016564639054
1787025289004,0.001388,933572.0,0.001389,947705.0,0.0013885,7.202016564639054
1787025289128,0.001388,1785699.0,0.001389,947705.0,0.0013885,7.202016564639054
1787025289129,0.001388,1785699.0,0.001389,1692159.0,0.0013885,7.202016564639054
1787025289387,0.001388,1797583.0,0.001389,1704043.0,0.0013885,7.202016564639054
1787025289526,0.001388,1797583.0,0.001389,2504043.0,0.0013885,7.202016564639054
1787025289527,0.001388,435025.0,0.001389,2504043.0,0.0013885,7.202016564639054
1787025289528,0.001387,2123730.0,0.001389,2843693.0,0.001388,14.409221902017642
1787025289529,0.001387,1807702.0,0.001388,899827.0,0.0013874999999999998,7.2072072072066025
1787025289530,0.001387,1298298.0,0.001388,1492305.0,0.0013874999999999998,7.2072072072066025
1787025289531,0.001387,918532.0,0.001388,1540782.0,0.0013874999999999998,7.2072072072066025
1787025289536,0.001387,585058.0,0.001388,1540782.0,0.0013874999999999998,7.2072072072066025
1787025289545,0.001387,590464.0,0.001388,1540782.0,0.0013874999999999998,7.2072072072066025
1787025289600,0.001387,482511.0,0.001388,1540782.0,0.0013874999999999998,7.2072072072066025
1787025289601,0.001387,128906.0,0.001388,2140782.0,0.0013874999999999998,7.2072072072066025
1787025289602,0.001387,80429.0,0.001388,2140782.0,0.0013874999999999998,7.2072072072066025
1787025289603,0.001386,1734860.0,0.001388,2140782.0,0.001387,14.419610670510684
1787025289604,0.001386,1557444.0,0.001387,439342.0,0.0013865000000000001,7.212405337179342
1787025289605,0.001386,1094005.0,0.001387,713474.0,0.0013865000000000001,7.212405337179342
1787025289606,0.001386,1094005.0,0.001387,999158.0,0.0013865000000000001,7.212405337179342
1787025289607,0.001386,1094005.0,0.001387,1143406.0,0.0013865000000000001,7.212405337179342
1787025289626,0.001386,1101221.0,0.001387,1143406.0,0.0013865000000000001,7.212405337179342
1787025289627,0.001386,1101221.0,0.001387,1143406.0,0.0013865000000000001,7.212405337179342
1787025289628,0.001386,1098724.0,0.001387,1143406.0,0.0013865000000000001,7.212405337179342
1787025289651,0.001386,1107384.0,0.001387,1143406.0,0.0013865000000000001,7.212405337179342
1787025289704,0.001386,1119285.0,0.001387,1155307.0,0.0013865000000000001,7.212405337179342
1787025289716,0.001386,1119285.0,0.001387,869623.0,0.0013865000000000001,7.212405337179342
1787025289747,0.001386,1973889.0,0.001387,869623.0,0.0013865000000000001,7.212405337179342
1787025289799,0.001386,1971728.0,0.001387,869623.0,0.0013865000000000001,7.212405337179342
1787025289829,0.001386,1971728.0,0.001387,873589.0,0.0013865000000000001,7.212405337179342
1787025289875,0.001387,454959.0,0.001388,3301887.0,0.0013874999999999998,7.2072072072066025
1787025289876,0.001387,1924665.0,0.001388,3301886.0,0.0013874999999999998,7.2072072072066025
1787025289877,0.001387,1055042.0,0.001388,941799.0,0.0013874999999999998,7.2072072072066025
1787025289878,0.001387,1092704.0,0.001388,941799.0,0.0013874999999999998,7.2072072072066025
1787025289879,0.001387,1092704.0,0.001388,716144.0,0.0013874999999999998,7.2072072072066025
1787025289880,0.001387,1092704.0,0.001388,635005.0,0.0013874999999999998,7.2072072072066025
1787025289885,0.001387,1092704.0,0.001388,600853.0,0.0013874999999999998,7.2072072072066025
1787025289886,0.001387,1692704.0,0.001388,600853.0,0.0013874999999999998,7.2072072072066025
1787025289887,0.001387,1692704.0,0.001388,266692.0,0.0013874999999999998,7.2072072072066025
1787025289888,0.001387,1850582.0,0.001388,266692.0,0.0013874999999999998,7.2072072072066025
1787025289889,0.001388,1058962.0,0.001389,2710664.0,0.0013885,7.202016564639054
1787025289890,0.001388,652480.0,0.001389,797419.0,0.0013885,7.202016564639054
1787025289891,0.001388,700957.0,0.001389,797419.0,0.0013885,7.202016564639054
1787025289904,0.001388,700957.0,0.001389,801387.0,0.0013885,7.202016564639054
1787025289905,0.001388,706359.0,0.001389,801387.0,0.0013885,7.202016564639054
1787025289907,0.001388,719552.0,0.001389,801387.0,0.0013885,7.202016564639054
1787025289918,0.001388,726655.0,0.001389,801387.0,0.0013885,7.202016564639054
1787025289919,0.001388,715848.0,0.001389,801387.0,0.0013885,7.202016564639054
1787025289997,0.001388,715848.0,0.001389,813271.0,0.0013885,7.202016564639054
1787025290001,0.001388,715848.0,0.001389,848597.0,0.0013885,7.202016564639054
1787025290058,0.001388,727732.0,0.001389,848597.0,0.0013885,7.202016564639054
1787025290098,0.001388,727732.0,0.001389,830934.0,0.0013885,7.202016564639054
1787025290099,0.001388,727732.0,0.001389,813271.0,0.0013885,7.202016564639054
1787025290100,0.001388,1626831.0,0.001389,1554225.0,0.0013885,7.202016564639054
1787025290101,0.001388,1614947.0,0.001389,1554225.0,0.0013885,7.202016564639054
1787025290169,0.001388,1626831.0,0.001389,1554225.0,0.0013885,7.202016564639054
1787025290172,0.001388,1630636.0,0.001389,1554225.0,0.0013885,7.202016564639054
1787025290178,0.001388,1810925.0,0.001389,1554225.0,0.0013885,7.202016564639054
1787025290403,0.001388,1810925.0,0.001389,1536536.0,0.0013885,7.202016564639054
1787025290404,0.001388,2610925.0,0.001389,1524652.0,0.0013885,7.202016564639054
1787025290405,0.001388,2096609.0,0.001389,1536536.0,0.0013885,7.202016564639054
1787025290407,0.001388,2096609.0,0.001389,1536536.0,0.0013885,7.202016564639054
1787025290768,0.001388,2096609.0,0.001389,795582.0,0.0013885,7.202016564639054
1787025290770,0.001388,2096609.0,0.001389,509898.0,0.0013885,7.202016564639054
1787025290771,0.001389,990114.0,0.00139,2197742.0,0.0013895000000000001,7.196833393306339
1787025290772,0.001389,625509.0,0.00139,1411404.0,0.0013895000000000001,7.196833393306339
1787025290773,0.001389,494001.0,0.00139,1411404.0,0.0013895000000000001,7.196833393306339
1787025290774,0.001389,494001.0,0.00139,1548752.0,0.0013895000000000001,7.196833393306339
1787025290775,0.001389,472357.0,0.00139,1548752.0,0.0013895000000000001,7.196833393306339
1787025290779,0.001389,652516.0,0.00139,1548752.0,0.0013895000000000001,7.196833393306339
1787025290782,0.001389,665709.0,0.00139,1548752.0,0.0013895000000000001,7.196833393306339
1787025290783,0.001389,654910.0,0.00139,1548752.0,0.0013895000000000001,7.196833393306339
1787025290789,0.001389,662013.0,0.00139,1548752.0,0.0013895000000000001,7.196833393306339
1787025290804,0.001389,665973.0,0.00139,1548752.0,0.0013895000000000001,7.196833393306339
1787025290840,0.001389,891628.0,0.00139,1548752.0,0.0013895000000000001,7.196833393306339
1787025290842,0.001389,940105.0,0.00139,1094318.0,0.0013895000000000001,7.196833393306339
1787025290853,0.001389,938016.0,0.00139,1094318.0,0.0013895000000000001,7.196833393306339
1787025290921,0.001389,938016.0,0.00139,1133677.0,0.0013895000000000001,7.196833393306339
1787025290938,0.001389,949891.0,0.00139,1145552.0,0.0013895000000000001,7.196833393306339
1787025290940,0.001389,901414.0,0.00139,1145552.0,0.0013895000000000001,7.196833393306339
1787025291007,0.001389,1657930.0,0.00139,2053386.0,0.0013895000000000001,7.196833393306339
1787025291022,0.001389,1652462.0,0.00139,2053386.0,0.0013895000000000001,7.196833393306339
1787025291637,0.001389,1564239.0,0.00139,2053386.0,0.0013895000000000001,7.196833393306339
1787025291638,0.001389,1338584.0,0.00139,2053386.0,0.0013895000000000001,7.196833393306339
1787025291639,0.001389,1326709.0,0.00139,2053386.0,0.0013895000000000001,7.196833393306339
1787025291640,0.001389,1338584.0,0.00139,2053386.0,0.0013895000000000001,7.196833393306339
1787025291744,0.001389,582068.0,0.00139,2053386.0,0.0013895000000000001,7.196833393306339
1787025291791,0.001389,807723.0,0.00139,2053386.0,0.0013895000000000001,7.196833393306339
1787025291875,0.001389,806488.0,0.00139,2053386.0,0.0013895000000000001,7.196833393306339
1787025291946,0.001389,1620855.0,0.00139,2053386.0,0.0013895000000000001,7.196833393306339
1787025291947,0.001389,1620855.0,0.00139,2053386.0,0.0013895000000000001,7.196833393306339
1787025291979,0.001389,1612216.0,0.00139,2053386.0,0.0013895000000000001,7.196833393306339
1787025292155,0.001389,1612216.0,0.00139,1518691.0,0.0013895000000000001,7.196833393306339
1787025292156,0.001389,1612216.0,0.00139,610857.0,0.0013895000000000001,7.196833393306339
1787025292158,0.00139,32411.0,0.001391,3249686.0,0.0013905,7.191657677095526
1787025292159,0.00139,725068.0,0.001391,2572413.0,0.0013905,7.191657677095526
1787025292160,0.00139,162754.0,0.001391,2044360.0,0.0013905,7.191657677095526
1787025292167,0.00139,175947.0,0.001391,2044360.0,0.0013905,7.191657677095526
1787025292169,0.00139,183050.0,0.001391,2044360.0,0.0013905,7.191657677095526
1787025292195,0.00139,191686.0,0.001391,2044360.0,0.0013905,7.191657677095526
1787025292351,0.00139,191686.0,0.001391,2040404.0,0.0013905,7.191657677095526
1787025292352,0.00139,203553.0,0.001391,2040404.0,0.0013905,7.191657677095526
1787025292353,0.00139,203553.0,0.001391,2052271.0,0.0013905,7.191657677095526
1787025292371,0.00139,1096309.0,0.001391,2961876.0,0.0013905,7.191657677095526
1787025292372,0.00139,1085518.0,0.001391,2961876.0,0.0013905,7.191657677095526
1787025292373,0.00139,991785.0,0.001391,2961876.0,0.0013905,7.191657677095526
1787025292482,0.00139,1003652.0,0.001391,2961876.0,0.0013905,7.191657677095526
1787025292657,0.00139,1007609.0,0.001391,2961876.0,0.0013905,7.191657677095526
1787025292831,0.00139,1007609.0,0.001391,3040617.0,0.0013905,7.191657677095526
1787025292921,0.00139,968262.0,0.001391,3040617.0,0.0013905,7.191657677095526
1787025292922,0.00139,75506.0,0.001391,3040617.0,0.0013905,7.191657677095526
1787025292923,0.00139,75506.0,0.001391,3758356.0,0.0013905,7.191657677095526
1787025292930,0.00139,75506.0,0.001391,3794314.0,0.0013905,7.191657677095526
1787025292949,0.00139,61123.0,0.001391,3794314.0,0.0013905,7.191657677095526
1787025292998,0.00139,61123.0,0.001391,3812794.0,0.0013905,7.191657677095526
1787025293099,0.00139,61123.0,0.001391,3794314.0,0.0013905,7.191657677095526
1787025293127,0.00139,59950.0,0.001391,3794314.0,0.0013905,7.191657677095526
1787025293298,0.00139,59950.0,0.001391,3812780.0,0.0013905,7.191657677095526
1787025293430,0.00139,59950.0,0.001391,3776822.0,0.0013905,7.191657677095526
1787025293456,0.00139,59950.0,0.001391,3510044.0,0.0013905,7.191657677095526
1787025293457,0.00139,59950.0,0.001391,3498177.0,0.0013905,7.191657677095526
1787025293458,0.00139,950342.0,0.001391,3498177.0,0.0013905,7.191657677095526
1787025293459,0.00139,950342.0,0.001391,3510044.0,0.0013905,7.191657677095526
1787025293500,0.00139,950342.0,0.001391,3491578.0,0.0013905,7.191657677095526
1787025293924,0.00139,911107.0,0.001391,3491578.0,0.0013905,7.191657677095526
1787025293925,0.001389,2276518.0,0.001391,3491578.0,0.0013900000000000002,14.388489208633441
1787025293926,0.001389,1693329.0,0.00139,410331.0,0.0013895000000000001,7.196833393306339
1787025293927,0.001389,676916.0,0.00139,1060531.0,0.0013895000000000001,7.196833393306339
1787025293928,0.001389,676916.0,0.00139,1097133.0,0.0013895000000000001,7.196833393306339
1787025293981,0.001389,681503.0,0.00139,1097133.0,0.0013895000000000001,7.196833393306339
1787025293998,0.001389,573550.0,0.00139,1097133.0,0.0013895000000000001,7.196833393306339
1787025293999,0.001389,287866.0,0.00139,1097133.0,0.0013895000000000001,7.196833393306339
1787025294029,0.001389,287866.0,0.00139,1064299.0,0.0013895000000000001,7.196833393306339
1787025294059,0.001389,287866.0,0.00139,1076174.0,0.0013895000000000001,7.196833393306339
1787025294150,0.001389,287866.0,0.00139,1841169.0,0.0013895000000000001,7.196833393306339
1787025294157,0.001389,286181.0,0.00139,1841169.0,0.0013895000000000001,7.196833393306339
1787025294350,0.001389,286181.0,0.00139,1848472.0,0.0013895000000000001,7.196833393306339
1787025294470,0.001389,286181.0,0.00139,2448472.0,0.0013895000000000001,7.196833393306339
1787025294471,0.001389,286181.0,0.00139,1836597.0,0.0013895000000000001,7.196833393306339
1787025294472,0.001389,286181.0,0.00139,1848472.0,0.0013895000000000001,7.196833393306339
1787025294831,0.001389,286181.0,0.00139,1921640.0,0.0013895000000000001,7.196833393306339
1787025294921,0.001389,286181.0,0.00139,1961019.0,0.0013895000000000001,7.196833393306339
1787025294961,0.001389,286181.0,0.00139,1956706.0,0.0013895000000000001,7.196833393306339
1787025295001,0.001389,220177.0,0.00139,1956706.0,0.0013895000000000001,7.196833393306339
1787025295003,0.001389,88392.0,0.00139,2556706.0,0.0013895000000000001,7.196833393306339
1787025295004,0.001389,76525.0,0.00139,2403771.0,0.0013895000000000001,7.196833393306339
1787025295006,0.001388,2828487.0,0.001389,265850.0,0.0013885,7.202016564639054
1787025295007,0.001388,2032125.0,0.001389,1378709.0,0.0013885,7.202016564639054
1787025295008,0.001388,1806470.0,0.001389,1683730.0,0.0013885,7.202016564639054
1787025295077,0.001388,782798.0,0.001389,1683730.0,0.0013885,7.202016564639054
1787025295078,0.001388,674767.0,0.001389,1683730.0,0.0013885,7.202016564639054
1787025295079,0.001388,239105.0,0.001389,1683730.0,0.0013885,7.202016564639054
1787025295080,0.001388,239105.0,0.001389,2103011.0,0.0013885,7.202016564639054
1787025295082,0.001388,141125.0,0.001389,2103011.0,0.0013885,7.202016564639054
1787025295198,0.001388,141125.0,0.001389,2140999.0,0.0013885,7.202016564639054
1787025295199,0.001388,141125.0,0.001389,2159993.0,0.0013885,7.202016564639054
1787025295200,0.001388,189602.0,0.001389,2171877.0,0.0013885,7.202016564639054
1787025295238,0.001388,177727.0,0.001389,2171877.0,0.0013885,7.202016564639054
1787025295259,0.001388,181510.0,0.001389,2171877.0,0.0013885,7.202016564639054
1787025295287,0.001388,179414.0,0.001389,2171877.0,0.0013885,7.202016564639054
1787025295299,0.001388,179414.0,0.001389,2133889.0,0.0013885,7.202016564639054
1787025295300,0.001388,179414.0,0.001389,2114895.0,0.0013885,7.202016564639054
1787025295343,0.001388,175452.0,0.001389,2114895.0,0.0013885,7.202016564639054
1787025295459,0.001388,175452.0,0.001389,2914895.0,0.0013885,7.202016564639054
1787025295478,0.001388,123711.0,0.001389,2914895.0,0.0013885,7.202016564639054
1787025295500,0.001388,123711.0,0.001389,2933889.0,0.0013885,7.202016564639054
1787025295602,0.001388,123711.0,0.001389,2914895.0,0.0013885,7.202016564639054
1787025295833,0.001388,123711.0,0.001389,2993733.0,0.0013885,7.202016564639054
1787025295922,0.001388,123711.0,0.001389,3033128.0,0.0013885,7.202016564639054
1787025296000,0.001388,123711.0,0.001389,3052122.0,0.0013885,7.202016564639054
1787025296069,0.001388,75234.0,0.001389,3052122.0,0.0013885,7.202016564639054
1787025296070,0.001388,63350.0,0.001389,3052122.0,0.0013885,7.202016564639054
1787025296071,0.001388,75234.0,0.001389,3052122.0,0.0013885,7.202016564639054
1787025296177,0.001388,79750.0,0.001389,3052122.0,0.0013885,7.202016564639054
1787025296649,0.001388,79750.0,0.001389,8367792.0,0.0013885,7.202016564639054
1787025296650,0.001388,33369.0,0.001389,8367792.0,0.0013885,7.202016564639054
1787025296651,0.001387,3265635.0,0.001388,1068259.0,0.0013874999999999998,7.2072072072066025
1787025296652,0.001387,2236728.0,0.001388,920892.0,0.0013874999999999998,7.2072072072066025
1787025296653,0.001387,2056407.0,0.001388,2045516.0,0.0013874999999999998,7.2072072072066025
1787025296654,0.001387,2056407.0,0.001388,2016161.0,0.0013874999999999998,7.2072072072066025
1787025296655,0.001387,2056407.0,0.001388,2032168.0,0.0013874999999999998,7.2072072072066025
1787025296659,0.001387,897483.0,0.001388,2032168.0,0.0013874999999999998,7.2072072072066025
1787025296660,0.001386,2195977.0,0.001387,488152.0,0.0013865000000000001,7.212405337179342
1787025296661,0.001386,1354113.0,0.001387,1179231.0,0.0013865000000000001,7.212405337179342
1787025296662,0.001386,938161.0,0.001387,456921.0,0.0013865000000000001,7.212405337179342
1787025296667,0.001386,938161.0,0.001387,408444.0,0.0013865000000000001,7.212405337179342
1787025296705,0.001386,936121.0,0.001387,408444.0,0.0013865000000000001,7.212405337179342
1787025296706,0.001386,936121.0,0.001387,679809.0,0.0013865000000000001,7.212405337179342
1787025296707,0.001386,936121.0,0.001387,1328286.0,0.0013865000000000001,7.212405337179342
1787025296708,0.001386,936121.0,0.001387,728286.0,0.0013865000000000001,7.212405337179342
1787025296709,0.001386,936121.0,0.001387,679809.0,0.0013865000000000001,7.212405337179342
1787025296723,0.001386,828090.0,0.001387,679809.0,0.0013865000000000001,7.212405337179342
1787025296724,0.001386,828090.0,0.001387,1279809.0,0.0013865000000000001,7.212405337179342
1787025296756,0.001386,828090.0,0.001387,573404.0,0.0013865000000000001,7.212405337179342
1787025296757,0.001386,828090.0,0.001387,799059.0,0.0013865000000000001,7.212405337179342
1787025296758,0.001386,828090.0,0.001387,929530.0,0.0013865000000000001,7.212405337179342
1787025296799,0.001386,828090.0,0.001387,949147.0,0.0013865000000000001,7.212405337179342
1787025296800,0.001386,828090.0,0.001387,968764.0,0.0013865000000000001,7.212405337179342
1787025296824,0.001386,839991.0,0.001387,968764.0,0.0013865000000000001,7.212405337179342
1787025296825,0.001386,839991.0,0.001387,980665.0,0.0013865000000000001,7.212405337179342
1787025296871,0.001386,1653081.0,0.001387,980665.0,0.0013865000000000001,7.212405337179342
1787025296872,0.001386,1653081.0,0.001387,932188.0,0.0013865000000000001,7.212405337179342
1787025296899,0.001386,1653081.0,0.001387,952158.0,0.0013865000000000001,7.212405337179342
1787025296998,0.001386,1653081.0,0.001387,932188.0,0.0013865000000000001,7.212405337179342
1787025297012,0.001386,1653081.0,0.001387,1787959.0,0.0013865000000000001,7.212405337179342
1787025297099,0.001386,1653081.0,0.001387,1748725.0,0.0013865000000000001,7.212405337179342
1787025297100,0.001386,1653081.0,0.001387,1736824.0,0.0013865000000000001,7.212405337179342
1787025297101,0.001386,1653081.0,0.001387,1748725.0,0.0013865000000000001,7.212405337179342
1787025297300,0.001386,1653081.0,0.001387,1768577.0,0.0013865000000000001,7.212405337179342
1787025297498,0.001386,1653081.0,0.001387,1748725.0,0.0013865000000000001,7.212405337179342
1787025297582,0.001386,1653081.0,0.001387,1752691.0,0.0013865000000000001,7.212405337179342
1787025297598,0.001386,1653081.0,0.001387,1772553.0,0.0013865000000000001,7.212405337179342
1787025297654,0.001386,1653081.0,0.001387,225655.0,0.0013865000000000001,7.212405337179342
1787025297656,0.001386,1020506.0,0.001387,27549.0,0.0013865000000000001,7.212405337179342
1787025297657,0.001386,1008605.0,0.001387,47467.0,0.0013865000000000001,7.212405337179342
1787025297658,0.001386,1008605.0,0.001387,171476.0,0.0013865000000000001,7.212405337179342
1787025297681,0.001386,1008605.0,0.001387,186741.0,0.0013865000000000001,7.212405337179342
1787025297682,0.001386,1008605.0,0.001387,111209.0,0.0013865000000000001,7.212405337179342
1787025297709,0.001386,1006575.0,0.001387,111209.0,0.0013865000000000001,7.212405337179342
1787025297711,0.001386,1006575.0,0.001387,711209.0,0.0013865000000000001,7.212405337179342
1787025297736,0.001386,1006575.0,0.001387,723110.0,0.0013865000000000001,7.212405337179342
1787025297737,0.001386,1018476.0,0.001387,723110.0,0.0013865000000000001,7.212405337179342
1787025297746,0.001386,966735.0,0.001387,723110.0,0.0013865000000000001,7.212405337179342
1787025297758,0.001386,966735.0,0.001387,994475.0,0.0013865000000000001,7.212405337179342
1787025297799,0.001386,966735.0,0.001387,1036827.0,0.0013865000000000001,7.212405337179342
1787025297860,0.001386,1720963.0,0.001387,1780904.0,0.0013865000000000001,7.212405337179342
1787025297861,0.001386,1720963.0,0.001387,1780904.0,0.0013865000000000001,7.212405337179342
1787025297899,0.001386,1720963.0,0.001387,1759728.0,0.0013865000000000001,7.212405337179342
1787025298025,0.001386,1720963.0,0.001387,1015651.0,0.0013865000000000001,7.212405337179342
1787025298099,0.001386,1720963.0,0.001387,994475.0,0.0013865000000000001,7.212405337179342
1787025298299,0.001386,1720963.0,0.001387,1015651.0,0.0013865000000000001,7.212405337179342
1787025298362,0.001386,1720963.0,0.001387,729021.0,0.0013865000000000001,7.212405337179342
1787025298401,0.001386,1720963.0,0.001387,707845.0,0.0013865000000000001,7.212405337179342
1787025298509,0.001386,1720963.0,0.001387,711811.0,0.0013865000000000001,7.212405337179342
1787025298577,0.001386,1720963.0,0.001387,111811.0,0.0013865000000000001,7.212405337179342
1787025298595,0.001386,1720963.0,0.001387,127076.0,0.0013865000000000001,7.212405337179342
1787025298652,0.001386,1720963.0,0.001387,294782.0,0.0013865000000000001,7.212405337179342
1787025298653,0.001386,1720963.0,0.001387,282881.0,0.0013865000000000001,7.212405337179342
1787025298654,0.001386,1720963.0,0.001387,294782.0,0.0013865000000000001,7.212405337179342
1787025298673,0.001386,1718632.0,0.001387,294782.0,0.0013865000000000001,7.212405337179342
1787025298701,0.001386,1718632.0,0.001387,315971.0,0.0013865000000000001,7.212405337179342
1787025298801,0.001386,1718632.0,0.001387,294782.0,0.0013865000000000001,7.212405337179342
1787025299042,0.001386,1718632.0,0.001387,298387.0,0.0013865000000000001,7.212405337179342
1787025299062,0.001386,1718632.0,0.001387,294062.0,0.0013865000000000001,7.212405337179342
1787025299540,0.001386,1713820.0,0.001387,294062.0,0.0013865000000000001,7.212405337179342
1787025299635,0.001386,1713820.0,0.001387,301365.0,0.0013865000000000001,7.212405337179342
1787025299648,0.001386,1713820.0,0.001387,1422267.0,0.0013865000000000001,7.212405337179342
1787025299649,0.001386,1713820.0,0.001387,1410366.0,0.0013865000000000001,7.212405337179342
1787025299661,0.001386,1713820.0,0.001387,1338268.0,0.0013865000000000001,7.212405337179342
1787025299736,0.001386,1713820.0,0.001387,1350169.0,0.0013865000000000001,7.212405337179342
1787025299839,0.001386,1711501.0,0.001387,1350169.0,0.0013865000000000001,7.212405337179342
1787025300096,0.001386,1711501.0,0.001387,1077288.0,0.0013865000000000001,7.212405337179342
1787025300097,0.001386,1711501.0,0.001387,1081254.0,0.0013865000000000001,7.212405337179342
1787025300099,0.001386,1711501.0,0.001387,287232.0,0.0013865000000000001,7.212405337179342
1787025300102,0.001386,1711501.0,0.001387,335709.0,0.0013865000000000001,7.212405337179342
1787025300382,0.001386,1711501.0,0.001387,551639.0,0.0013865000000000001,7.212405337179342
1787025300384,0.001386,1711501.0,0.001387,600116.0,0.0013865000000000001,7.212405337179342
1787025300385,0.001386,1711501.0,0.001387,600116.0,0.0013865000000000001,7.212405337179342
1787025300411,0.001386,1711501.0,0.001387,1456862.0,0.0013865000000000001,7.212405337179342
1787025300412,0.001386,1711501.0,0.001387,1444961.0,0.0013865000000000001,7.212405337179342
1787025300459,0.001386,1703297.0,0.001387,1444961.0,0.0013865000000000001,7.212405337179342
1787025300480,0.001386,1703297.0,0.001387,1452247.0,0.0013865000000000001,7.212405337179342
1787025300486,0.001386,1703297.0,0.001387,1464148.0,0.0013865000000000001,7.212405337179342
1787025300502,0.001386,1691199.0,0.001387,1464148.0,0.0013865000000000001,7.212405337179342
1787025300505,0.001386,1406408.0,0.001387,1464148.0,0.0013865000000000001,7.212405337179342
1787025300507,0.001386,640279.0,0.001387,1464148.0,0.0013865000000000001,7.212405337179342
1787025300508,0.001386,576563.0,0.001387,1464148.0,0.0013865000000000001,7.212405337179342
1787025300556,0.001386,576563.0,0.001387,1569117.0,0.0013865000000000001,7.212405337179342
1787025300695,0.001386,576563.0,0.001387,1564493.0,0.0013865000000000001,7.212405337179342
1787025300779,0.001386,1429609.0,0.001387,1564493.0,0.0013865000000000001,7.212405337179342
1787025300780,0.001386,1429609.0,0.001387,1564493.0,0.0013865000000000001,7.212405337179342
1787025300794,0.001386,1214555.0,0.001387,1564493.0,0.0013865000000000001,7.212405337179342
1787025300795,0.001386,361509.0,0.001387,1564493.0,0.0013865000000000001,7.212405337179342
1787025300796,0.001386,409986.0,0.001387,1564493.0,0.0013865000000000001,7.212405337179342
1787025300800,0.001386,417198.0,0.001387,1564493.0,0.0013865000000000001,7.212405337179342
1787025300956,0.001386,83442.0,0.001387,1792781.0,0.0013865000000000001,7.212405337179342
1787025300957,0.001386,23082.0,0.001387,2318955.0,0.0013865000000000001,7.212405337179342
1787025300958,0.001386,59658.0,0.001387,2090667.0,0.0013865000000000001,7.212405337179342
1787025300968,0.001386,89050.0,0.001387,2090667.0,0.0013865000000000001,7.212405337179342
1787025301017,0.001386,92027.0,0.001387,2090667.0,0.0013865000000000001,7.212405337179342
1787025301018,0.001386,140504.0,0.001387,2090667.0,0.0013865000000000001,7.212405337179342
1787025301039,0.001386,173355.0,0.001387,2090667.0,0.0013865000000000001,7.212405337179342
1787025301108,0.001386,911173.0,0.001387,1564493.0,0.0013865000000000001,7.212405337179342
1787025301109,0.001386,923074.0,0.001387,1564493.0,0.0013865000000000001,7.212405337179342
1787025301168,0.001386,923074.0,0.001387,1614980.0,0.0013865000000000001,7.212405337179342
1787025301297,0.001386,918295.0,0.001387,1614980.0,0.0013865000000000001,7.212405337179342
1787025301430,0.001386,180477.0,0.001387,1614980.0,0.0013865000000000001,7.212405337179342
1787025301436,0.001386,180477.0,0.001387,2189118.0,0.0013865000000000001,7.212405337179342
1787025301699,0.001386,180477.0,0.001387,2210513.0,0.0013865000000000001,7.212405337179342
1787025301801,0.001386,187689.0,0.001387,2210513.0,0.0013865000000000001,7.212405337179342
1787025302037,0.001386,154838.0,0.001387,2210513.0,0.0013865000000000001,7.212405337179342
1787025302044,0.001386,148542.0,0.001387,2210513.0,0.0013865000000000001,7.212405337179342
1787025302046,0.001386,152511.0,0.001387,2210513.0,0.0013865000000000001,7.212405337179342
1787025302066,0.001386,150457.0,0.001387,2210513.0,0.0013865000000000001,7.212405337179342
1787025302100,0.001386,150457.0,0.001387,2189118.0,0.0013865000000000001,7.212405337179342
1787025302167,0.001386,929994.0,0.001387,2189118.0,0.0013865000000000001,7.212405337179342
1787025302169,0.001386,941895.0,0.001387,2189118.0,0.0013865000000000001,7.212405337179342
1787025302170,0.001386,929994.0,0.001387,2189118.0,0.0013865000000000001,7.212405337179342
1787025302172,0.001386,1145924.0,0.001387,758234.0,0.0013865000000000001,7.212405337179342
1787025302173,0.001386,1584173.0,0.001388,1733083.0,0.001387,14.419610670510684
1787025302174,0.001386,1584173.0,0.001388,1733083.0,0.001387,14.419610670510684
1787025302175,0.001386,2596176.0,0.001387,15931.0,0.0013865000000000001,7.212405337179342
1787025302176,0.001386,2151529.0,0.001387,15931.0,0.0013865000000000001,7.212405337179342
1787025302177,0.001387,194533.0,0.001388,1973731.0,0.0013874999999999998,7.2072072072066025
1787025302178,0.001387,677251.0,0.001388,1745443.0,0.0013874999999999998,7.2072072072066025
1787025302179,0.001387,264587.0,0.001388,831873.0,0.0013874999999999998,7.2072072072066025
1787025302180,0.001387,250299.0,0.001388,831873.0,0.0013874999999999998,7.2072072072066025
1787025302181,0.001387,277199.0,0.001388,880350.0,0.0013874999999999998,7.2072072072066025
1787025302241,0.001387,277199.0,0.001388,1551517.0,0.0013874999999999998,7.2072072072066025
1787025302280,0.001387,277199.0,0.001388,1563409.0,0.0013874999999999998,7.2072072072066025
1787025302285,0.001387,289091.0,0.001388,1563409.0,0.0013874999999999998,7.2072072072066025
1787025302296,0.001387,296298.0,0.001388,1563409.0,0.0013874999999999998,7.2072072072066025
1787025302356,0.001387,296298.0,0.001388,1559442.0,0.0013874999999999998,7.2072072072066025
1787025302381,0.001387,296298.0,0.001388,2359442.0,0.0013874999999999998,7.2072072072066025
1787025302382,0.001387,296298.0,0.001388,3216101.0,0.0013874999999999998,7.2072072072066025
1787025302383,0.001387,296298.0,0.001388,2416101.0,0.0013874999999999998,7.2072072072066025
1787025302384,0.001387,139269.0,0.001388,2416101.0,0.0013874999999999998,7.2072072072066025
1787025302449,0.001387,127382.0,0.001388,2416101.0,0.0013874999999999998,7.2072072072066025
1787025302573,0.001387,127382.0,0.001388,2413200.0,0.0013874999999999998,7.2072072072066025
1787025302770,0.001387,116055.0,0.001388,2413200.0,0.0013874999999999998,7.2072072072066025
1787025302802,0.001387,116055.0,0.001388,2434668.0,0.0013874999999999998,7.2072072072066025
1787025302972,0.001387,120021.0,0.001388,2434668.0,0.0013874999999999998,7.2072072072066025
1787025303371,0.001387,120021.0,0.001388,7756726.0,0.0013874999999999998,7.2072072072066025
1787025303372,0.001387,120021.0,0.001388,7744834.0,0.0013874999999999998,7.2072072072066025
1787025303373,0.001387,120021.0,0.001388,7756726.0,0.0013874999999999998,7.2072072072066025
1787025303398,0.001387,117107.0,0.001388,7756726.0,0.0013874999999999998,7.2072072072066025
1787025303399,0.001387,68630.0,0.001388,7756726.0,0.0013874999999999998,7.2072072072066025
1787025303401,0.001386,3015750.0,0.001387,464957.0,0.0013865000000000001,7.212405337179342
1787025303402,0.001386,1999820.0,0.001387,1582780.0,0.0013865000000000001,7.212405337179342
1787025303403,0.001386,1385685.0,0.001387,1981217.0,0.0013865000000000001,7.212405337179342
1787025303404,0.001386,1385685.0,0.001387,2126746.0,0.0013865000000000001,7.212405337179342
1787025303406,0.001386,1385685.0,0.001387,2149915.0,0.0013865000000000001,7.212405337179342
1787025303409,0.001386,1372923.0,0.001387,2149915.0,0.0013865000000000001,7.212405337179342
1787025303474,0.001386,1264892.0,0.001387,2149915.0,0.0013865000000000001,7.212405337179342
1787025303475,0.001386,227655.0,0.001387,2149915.0,0.0013865000000000001,7.212405337179342
1787025303477,0.001386,83614.0,0.001387,2149915.0,0.0013865000000000001,7.212405337179342
1787025303478,0.001386,72270.0,0.001387,2149915.0,0.0013865000000000001,7.212405337179342
1787025303479,0.001386,120747.0,0.001387,2149915.0,0.0013865000000000001,7.212405337179342
1787025303480,0.001386,108846.0,0.001387,2149915.0,0.0013865000000000001,7.212405337179342
1787025303602,0.001386,108846.0,0.001387,2191559.0,0.0013865000000000001,7.212405337179342
1787025303603,0.001386,120747.0,0.001387,2203460.0,0.0013865000000000001,7.212405337179342
1787025303699,0.001386,120747.0,0.001387,2182638.0,0.0013865000000000001,7.212405337179342
1787025303783,0.001386,1017266.0,0.001387,2182638.0,0.0013865000000000001,7.212405337179342
1787025303784,0.001386,1017266.0,0.001387,2182638.0,0.0013865000000000001,7.212405337179342
1787025303785,0.001386,1017266.0,0.001387,2134161.0,0.0013865000000000001,7.212405337179342
1787025303798,0.001386,1024478.0,0.001387,2134161.0,0.0013865000000000001,7.212405337179342
1787025303893,0.001386,1096659.0,0.001387,2134161.0,0.0013865000000000001,7.212405337179342
1787025303898,0.001386,1100628.0,0.001387,2134161.0,0.0013865000000000001,7.212405337179342
1787025303971,0.001386,1106038.0,0.001387,2134161.0,0.0013865000000000001,7.212405337179342
1787025303999,0.001386,1106038.0,0.001387,2153607.0,0.0013865000000000001,7.212405337179342
1787025304050,0.001386,1106038.0,0.001387,1993182.0,0.0013865000000000001,7.212405337179342
1787025304052,0.001386,1363738.0,0.001387,950868.0,0.0013865000000000001,7.212405337179342
1787025304053,0.001386,1363738.0,0.001387,722580.0,0.0013865000000000001,7.212405337179342
1787025304099,0.001386,1363738.0,0.001387,682312.0,0.0013865000000000001,7.212405337179342
1787025304149,0.001386,1363738.0,0.001387,827424.0,0.0013865000000000001,7.212405337179342
1787025304263,0.001386,1363738.0,0.001387,1731900.0,0.0013865000000000001,7.212405337179342
1787025304265,0.001386,1363738.0,0.001387,1731900.0,0.0013865000000000001,7.212405337179342
1787025304335,0.001386,1363738.0,0.001387,1989600.0,0.0013865000000000001,7.212405337179342
1787025304637,0.001386,1725003.0,0.001387,1989600.0,0.0013865000000000001,7.212405337179342
1787025304653,0.001386,1748823.0,0.001387,1989600.0,0.0013865000000000001,7.212405337179342
1787025304655,0.001386,1768915.0,0.001387,1989600.0,0.0013865000000000001,7.212405337179342
1787025304678,0.001386,1790309.0,0.001387,1989600.0,0.0013865000000000001,7.212405337179342
1787025304829,0.001386,1787614.0,0.001387,1989600.0,0.0013865000000000001,7.212405337179342
1787025304830,0.001386,1778417.0,0.001387,2999405.0,0.0013865000000000001,7.212405337179342
1787025304831,0.001386,1778417.0,0.001387,1989600.0,0.0013865000000000001,7.212405337179342
1787025304832,0.001386,1778417.0,0.001387,1989600.0,0.0013865000000000001,7.212405337179342
1787025304872,0.001386,1958966.0,0.001387,1989600.0,0.0013865000000000001,7.212405337179342
1787025304939,0.001386,804747.0,0.001387,1989600.0,0.0013865000000000001,7.212405337179342
1787025304940,0.001386,792846.0,0.001387,1989600.0,0.0013865000000000001,7.212405337179342
1787025305013,0.001386,788520.0,0.001387,1989600.0,0.0013865000000000001,7.212405337179342
1787025305037,0.001386,800421.0,0.001387,1989600.0,0.0013865000000000001,7.212405337179342
1787025305237,0.001386,1556017.0,0.001387,1989600.0,0.0013865000000000001,7.212405337179342
1787025305482,0.001386,1812995.0,0.001387,1989600.0,0.0013865000000000001,7.212405337179342
1787025305483,0.001386,1801094.0,0.001387,1989600.0,0.0013865000000000001,7.212405337179342
1787025305484,0.001386,1812995.0,0.001387,1989600.0,0.0013865000000000001,7.212405337179342
1787025305554,0.001386,2083674.0,0.001387,1773670.0,0.0013865000000000001,7.212405337179342
1787025305555,0.001386,2083674.0,0.001388,6994149.0,0.001387,14.419610670510684
1787025305556,0.001387,495767.0,0.001388,6256045.0,0.0013874999999999998,7.2072072072066025
1787025305557,0.001387,711697.0,0.001388,6954565.0,0.0013874999999999998,7.2072072072066025
1787025305558,0.001387,812617.0,0.001388,6031748.0,0.0013874999999999998,7.2072072072066025
1787025305572,0.001387,812617.0,0.001388,5670483.0,0.0013874999999999998,7.2072072072066025
1787025305573,0.001387,812617.0,0.001388,5413505.0,0.0013874999999999998,7.2072072072066025
1787025305574,0.001387,1083296.0,0.001388,5413505.0,0.0013874999999999998,7.2072072072066025
1787025305586,0.001387,1263715.0,0.001388,5413505.0,0.0013874999999999998,7.2072072072066025
1787025305620,0.001387,1047785.0,0.001388,5413505.0,0.0013874999999999998,7.2072072072066025
1787025305682,0.001387,1047785.0,0.001388,5425397.0,0.0013874999999999998,7.2072072072066025
1787025305683,0.001387,1059677.0,0.001388,5425397.0,0.0013874999999999998,7.2072072072066025
1787025305765,0.001387,1944766.0,0.001388,5425397.0,0.0013874999999999998,7.2072072072066025
1787025305766,0.001387,1944766.0,0.001388,6326066.0,0.0013874999999999998,7.2072072072066025
1787025305798,0.001387,1951973.0,0.001388,6326066.0,0.0013874999999999998,7.2072072072066025
1787025305957,0.001387,1947310.0,0.001388,6326066.0,0.0013874999999999998,7.2072072072066025
1787025306199,0.001387,2019491.0,0.001388,6326066.0,0.0013874999999999998,7.2072072072066025
1787025306313,0.001387,2019491.0,0.001388,6274325.0,0.0013874999999999998,7.2072072072066025
1787025306348,0.001387,2043311.0,0.001388,6274325.0,0.0013874999999999998,7.2072072072066025
1787025306349,0.001387,2063403.0,0.001388,6274325.0,0.0013874999999999998,7.2072072072066025
1787025306350,0.001387,2084797.0,0.001388,6274325.0,0.0013874999999999998,7.2072072072066025
1787025306483,0.001387,2084797.0,0.001388,6278288.0,0.0013874999999999998,7.2072072072066025
1787025306510,0.001387,2105084.0,0.001388,6278288.0,0.0013874999999999998,7.2072072072066025
1787025307018,0.001387,2105084.0,0.001388,6245023.0,0.0013874999999999998,7.2072072072066025
1787025307045,0.001387,2102835.0,0.001388,6245023.0,0.0013874999999999998,7.2072072072066025
1787025307616,0.001387,2102835.0,0.001388,6250166.0,0.0013874999999999998,7.2072072072066025
1787025307767,0.001387,2102835.0,0.001388,6342479.0,0.0013874999999999998,7.2072072072066025
1787025308109,0.001387,2232565.0,0.001388,6342479.0,0.0013874999999999998,7.2072072072066025
1787025308110,0.001387,2220673.0,0.001388,6342479.0,0.0013874999999999998,7.2072072072066025
1787025308115,0.001387,2232565.0,0.001388,6342479.0,0.0013874999999999998,7.2072072072066025
1787025308245,0.001387,2208745.0,0.001388,6342479.0,0.0013874999999999998,7.2072072072066025
1787025308246,0.001387,2188653.0,0.001388,6342479.0,0.0013874999999999998,7.2072072072066025
1787025308253,0.001387,2167259.0,0.001388,6342479.0,0.0013874999999999998,7.2072072072066025
1787025308263,0.001387,2200390.0,0.001388,6342479.0,0.0013874999999999998,7.2072072072066025
1787025308264,0.001387,2230147.0,0.001388,6342479.0,0.0013874999999999998,7.2072072072066025
1787025308265,0.001387,2258094.0,0.001388,6342479.0,0.0013874999999999998,7.2072072072066025
1787025308475,0.001387,2253176.0,0.001388,6342479.0,0.0013874999999999998,7.2072072072066025
1787025308571,0.001387,2253176.0,0.001388,1021935.0,0.0013874999999999998,7.2072072072066025
1787025308572,0.001387,2253176.0,0.001388,169743.0,0.0013874999999999998,7.2072072072066025
1787025308574,0.001387,2411250.0,0.001388,5495992.0,0.0013874999999999998,7.2072072072066025
1787025308575,0.001387,2411250.0,0.001388,5484100.0,0.0013874999999999998,7.2072072072066025
1787025308576,0.001387,1368087.0,0.001388,5816839.0,0.0013874999999999998,7.2072072072066025
1787025308911,0.001387,1368087.0,0.001388,6621026.0,0.0013874999999999998,7.2072072072066025
1787025308912,0.001387,1368087.0,0.001388,6632918.0,0.0013874999999999998,7.2072072072066025
1787025308979,0.001387,1491735.0,0.001388,6632918.0,0.0013874999999999998,7.2072072072066025
1787025308981,0.001387,2244928.0,0.001388,6632918.0,0.0013874999999999998,7.2072072072066025
1787025308982,0.001387,2233036.0,0.001388,6632918.0,0.0013874999999999998,7.2072072072066025
1787025308983,0.001387,2244928.0,0.001388,6632918.0,0.0013874999999999998,7.2072072072066025
1787025309098,0.001387,2352965.0,0.001388,6632918.0,0.0013874999999999998,7.2072072072066025
1787025309105,0.001387,2368393.0,0.001388,6632918.0,0.0013874999999999998,7.2072072072066025
1787025309147,0.001387,2368393.0,0.001388,6625709.0,0.0013874999999999998,7.2072072072066025
1787025309149,0.001387,2368393.0,0.001388,5537260.0,0.0013874999999999998,7.2072072072066025
1787025309150,0.001387,2368393.0,0.001388,5488783.0,0.0013874999999999998,7.2072072072066025
1787025309152,0.001387,2368393.0,0.001388,5007975.0,0.0013874999999999998,7.2072072072066025
1787025309153,0.001387,2368393.0,0.001388,2368188.0,0.0013874999999999998,7.2072072072066025
1787025309173,0.001387,2368393.0,0.001388,1953427.0,0.0013874999999999998,7.2072072072066025
1787025309174,0.001387,2368393.0,0.001388,767308.0,0.0013874999999999998,7.2072072072066025
1787025309175,0.001387,2368393.0,0.001388,253680.0,0.0013874999999999998,7.2072072072066025
1787025309177,0.001387,2526467.0,0.001388,253680.0,0.0013874999999999998,7.2072072072066025
1787025309201,0.001387,2526467.0,0.001388,478803.0,0.0013874999999999998,7.2072072072066025
1787025309207,0.001387,2526467.0,0.001388,527280.0,0.0013874999999999998,7.2072072072066025
1787025309209,0.001387,2526467.0,0.001388,515388.0,0.0013874999999999998,7.2072072072066025
1787025309210,0.001387,2537726.0,0.001388,515388.0,0.0013874999999999998,7.2072072072066025
1787025309217,0.001387,2537726.0,0.001388,466911.0,0.0013874999999999998,7.2072072072066025
1787025309281,0.001387,2537726.0,0.001388,478803.0,0.0013874999999999998,7.2072072072066025
1787025309300,0.001387,2841930.0,0.001388,478803.0,0.0013874999999999998,7.2072072072066025
1787025309400,0.001387,2537726.0,0.001388,478803.0,0.0013874999999999998,7.2072072072066025
1787025309407,0.001387,2533867.0,0.001388,478803.0,0.0013874999999999998,7.2072072072066025
1787025309498,0.001387,2838071.0,0.001388,478803.0,0.0013874999999999998,7.2072072072066025
1787025309558,0.001387,2838071.0,0.001388,1303368.0,0.0013874999999999998,7.2072072072066025
1787025309559,0.001387,2679997.0,0.001388,1303368.0,0.0013874999999999998,7.2072072072066025
1787025309560,0.001387,2679997.0,0.001388,1351845.0,0.0013874999999999998,7.2072072072066025
1787025309561,0.001387,2679997.0,0.001388,1636107.0,0.0013874999999999998,7.2072072072066025
1787025309562,0.001387,2679997.0,0.001388,1684584.0,0.0013874999999999998,7.2072072072066025
1787025309564,0.001387,1656125.0,0.001388,1684584.0,0.0013874999999999998,7.2072072072066025
1787025309565,0.001387,1656125.0,0.001388,1684584.0,0.0013874999999999998,7.2072072072066025
1787025309598,0.001387,1738524.0,0.001388,1684584.0,0.0013874999999999998,7.2072072072066025
1787025309599,0.001387,1434320.0,0.001388,1684584.0,0.0013874999999999998,7.2072072072066025
1787025309795,0.001387,2178928.0,0.001388,1684584.0,0.0013874999999999998,7.2072072072066025
1787025310046,0.001387,2178928.0,0.001388,1636107.0,0.0013874999999999998,7.2072072072066025
1787025310097,0.001387,2070891.0,0.001388,1636107.0,0.0013874999999999998,7.2072072072066025
1787025310219,0.001387,2009813.0,0.001388,1636107.0,0.0013874999999999998,7.2072072072066025
1787025310220,0.001387,1980056.0,0.001388,1636107.0,0.0013874999999999998,7.2072072072066025
1787025310233,0.001387,2020218.0,0.001388,1636107.0,0.0013874999999999998,7.2072072072066025
1787025310234,0.001387,2090168.0,0.001388,1636107.0,0.0013874999999999998,7.2072072072066025
1787025310449,0.001387,2035058.0,0.001388,1636107.0,0.0013874999999999998,7.2072072072066025
1787025310477,0.001387,2030432.0,0.001388,1636107.0,0.0013874999999999998,7.2072072072066025
1787025310596,0.001387,1948033.0,0.001388,1636107.0,0.0013874999999999998,7.2072072072066025
1787025311599,0.001387,1945648.0,0.001388,1636107.0,0.0013874999999999998,7.2072072072066025
1787025311751,0.001387,1945648.0,0.001388,1630342.0,0.0013874999999999998,7.2072072072066025
1787025312018,0.001387,1945648.0,0.001388,1683857.0,0.0013874999999999998,7.2072072072066025
1787025312040,0.001387,1957658.0,0.001388,1683857.0,0.0013874999999999998,7.2072072072066025
1787025312078,0.001387,1957658.0,0.001388,1635380.0,0.0013874999999999998,7.2072072072066025
1787025312086,0.001387,2241920.0,0.001388,1635380.0,0.0013874999999999998,7.2072072072066025
1787025312088,0.001387,2230028.0,0.001388,810815.0,0.0013874999999999998,7.2072072072066025
1787025312089,0.001387,2241920.0,0.001388,810815.0,0.0013874999999999998,7.2072072072066025
1787025312217,0.001387,2201758.0,0.001388,810815.0,0.0013874999999999998,7.2072072072066025
1787025312219,0.001387,2167880.0,0.001388,810815.0,0.0013874999999999998,7.2072072072066025
1787025312220,0.001387,2131808.0,0.001388,810815.0,0.0013874999999999998,7.2072072072066025
1787025312221,0.001387,2131808.0,0.001388,859292.0,0.0013874999999999998,7.2072072072066025
1787025312240,0.001387,2257755.0,0.001388,859292.0,0.0013874999999999998,7.2072072072066025
1787025312414,0.001387,2111968.0,0.001388,859292.0,0.0013874999999999998,7.2072072072066025
1787025312416,0.001387,2111968.0,0.001388,1732209.0,0.0013874999999999998,7.2072072072066025
1787025312417,0.001387,2111968.0,0.001388,1732209.0,0.0013874999999999998,7.2072072072066025
1787025312469,0.001387,2111968.0,0.001388,1500149.0,0.0013874999999999998,7.2072072072066025
1787025312474,0.001387,2111968.0,0.001388,1739274.0,0.0013874999999999998,7.2072072072066025
1787025312601,0.001387,2111968.0,0.001388,1761868.0,0.0013874999999999998,7.2072072072066025
1787025312697,0.001387,2106954.0,0.001388,1761868.0,0.0013874999999999998,7.2072072072066025
1787025312702,0.001387,2106954.0,0.001388,1739274.0,0.0013874999999999998,7.2072072072066025
1787025313158,0.001387,2124333.0,0.001388,1739274.0,0.0013874999999999998,7.2072072072066025
1787025313715,0.001387,2120509.0,0.001388,1739274.0,0.0013874999999999998,7.2072072072066025
1787025313816,0.001387,2268476.0,0.001388,1739274.0,0.0013874999999999998,7.2072072072066025
1787025314130,0.001387,2253048.0,0.001388,1739274.0,0.0013874999999999998,7.2072072072066025
1787025314137,0.001387,2253048.0,0.001388,1723846.0,0.0013874999999999998,7.2072072072066025
1787025314139,0.001387,2253048.0,0.001388,1727809.0,0.0013874999999999998,7.2072072072066025
1787025314221,0.001387,2168360.0,0.001388,1727809.0,0.0013874999999999998,7.2072072072066025
1787025314222,0.001387,2127101.0,0.001388,1727809.0,0.0013874999999999998,7.2072072072066025
1787025314236,0.001387,2266771.0,0.001388,1727809.0,0.0013874999999999998,7.2072072072066025
1787025314606,0.001387,2266771.0,0.001388,1738064.0,0.0013874999999999998,7.2072072072066025
1787025314615,0.001387,2256361.0,0.001388,1738064.0,0.0013874999999999998,7.2072072072066025
1787025314787,0.001387,2256361.0,0.001388,2465396.0,0.0013874999999999998,7.2072072072066025
1787025315039,0.001387,2253766.0,0.001388,2465396.0,0.0013874999999999998,7.2072072072066025
1787025315040,0.001387,2241756.0,0.001388,2465396.0,0.0013874999999999998,7.2072072072066025
1787025315612,0.001387,2230497.0,0.001388,2465396.0,0.0013874999999999998,7.2072072072066025
1787025316185,0.001387,2226726.0,0.001388,2465396.0,0.0013874999999999998,7.2072072072066025
1787025316205,0.001387,2175783.0,0.001388,2465396.0,0.0013874999999999998,7.2072072072066025
1787025316209,0.001387,2132811.0,0.001388,2465396.0,0.0013874999999999998,7.2072072072066025
1787025316210,0.001387,2087056.0,0.001388,2465396.0,0.0013874999999999998,7.2072072072066025
1787025316212,0.001387,2142464.0,0.001388,2465396.0,0.0013874999999999998,7.2072072072066025
1787025316220,0.001387,2189202.0,0.001388,2465396.0,0.0013874999999999998,7.2072072072066025
1787025316221,0.001387,2238967.0,0.001388,2465396.0,0.0013874999999999998,7.2072072072066025
1787025316624,0.001387,2285476.0,0.001388,2465396.0,0.0013874999999999998,7.2072072072066025
1787025317255,0.001387,2280855.0,0.001388,2465396.0,0.0013874999999999998,7.2072072072066025
1787025317996,0.001387,2325616.0,0.001388,2465396.0,0.0013874999999999998,7.2072072072066025
1787025318217,0.001387,2270208.0,0.001388,2465396.0,0.0013874999999999998,7.2072072072066025
1787025318222,0.001387,2220443.0,0.001388,2465396.0,0.0013874999999999998,7.2072072072066025
1787025318223,0.001387,2279918.0,0.001388,2465396.0,0.0013874999999999998,7.2072072072066025
1787025318236,0.001387,2333335.0,0.001388,2465396.0,0.0013874999999999998,7.2072072072066025
1787025318713,0.001387,2313048.0,0.001388,2465396.0,0.0013874999999999998,7.2072072072066025
1787025318741,0.001387,2311110.0,0.001388,2465396.0,0.0013874999999999998,7.2072072072066025
1787025318985,0.001387,2187462.0,0.001388,2465396.0,0.0013874999999999998,7.2072072072066025
1787025318988,0.001387,2187462.0,0.001388,2341748.0,0.0013874999999999998,7.2072072072066025
1787025319559,0.001387,2170083.0,0.001388,2341748.0,0.0013874999999999998,7.2072072072066025
1787025319723,0.001387,2193583.0,0.001388,2341748.0,0.0013874999999999998,7.2072072072066025
1787025319795,0.001387,2189989.0,0.001388,2341748.0,0.0013874999999999998,7.2072072072066025
1787025320253,0.001387,2189989.0,0.001388,2270769.0,0.0013874999999999998,7.2072072072066025
1787025320827,0.001387,2204758.0,0.001388,2270769.0,0.0013874999999999998,7.2072072072066025
1787025320923,0.001387,2189989.0,0.001388,2270769.0,0.0013874999999999998,7.2072072072066025
1787025320948,0.001387,2230868.0,0.001388,2270769.0,0.0013874999999999998,7.2072072072066025
1787025321015,0.001387,2227774.0,0.001388,2270769.0,0.0013874999999999998,7.2072072072066025
1787025321612,0.001387,2181265.0,0.001388,2270769.0,0.0013874999999999998,7.2072072072066025
1787025321628,0.001387,2196034.0,0.001388,2270769.0,0.0013874999999999998,7.2072072072066025
1787025322103,0.001387,2191069.0,0.001388,2270769.0,0.0013874999999999998,7.2072072072066025
1787025322104,0.001387,2176300.0,0.001388,2270769.0,0.0013874999999999998,7.2072072072066025
1787025322197,0.001387,2176300.0,0.001388,2262772.0,0.0013874999999999998,7.2072072072066025
1787025322624,0.001387,2176300.0,0.001388,2169263.0,0.0013874999999999998,7.2072072072066025
1787025322626,0.001387,2191069.0,0.001388,2169263.0,0.0013874999999999998,7.2072072072066025
1787025322783,0.001387,2254572.0,0.001388,2169263.0,0.0013874999999999998,7.2072072072066025
1787025323074,0.001387,2254572.0,0.001388,2173219.0,0.0013874999999999998,7.2072072072066025
1787025323307,0.001387,1225702.0,0.001388,2173219.0,0.0013874999999999998,7.2072072072066025
1787025323308,0.001387,1213810.0,0.001388,2173219.0,0.0013874999999999998,7.2072072072066025
1787025323310,0.001387,1199041.0,0.001388,2173219.0,0.0013874999999999998,7.2072072072066025
1787025323335,0.001387,1196434.0,0.001388,2173219.0,0.0013874999999999998,7.2072072072066025
1787025323537,0.001387,1208326.0,0.001388,2173219.0,0.0013874999999999998,7.2072072072066025
1787025323538,0.001387,2016690.0,0.001388,2173219.0,0.0013874999999999998,7.2072072072066025
1787025323615,0.001387,2016690.0,0.001388,2169263.0,0.0013874999999999998,7.2072072072066025
1787025323619,0.001387,2016690.0,0.001388,2173728.0,0.0013874999999999998,7.2072072072066025
1787025323760,0.001387,2028102.0,0.001388,2173728.0,0.0013874999999999998,7.2072072072066025
1787025324240,0.001387,2016690.0,0.001388,2173728.0,0.0013874999999999998,7.2072072072066025
1787025325004,0.001387,2013320.0,0.001388,2173728.0,0.0013874999999999998,7.2072072072066025
1787025325033,0.001387,2013334.0,0.001388,2173728.0,0.0013874999999999998,7.2072072072066025
1787025325161,0.001387,2235269.0,0.001389,2156134.0,0.001388,14.409221902017642
1787025325162,0.001388,80276.0,0.001389,1690597.0,0.0013885,7.202016564639054
1787025325163,0.001388,595902.0,0.001389,1458709.0,0.0013885,7.202016564639054
1787025325164,0.001388,599865.0,0.001389,1076316.0,0.0013885,7.202016564639054
1787025325165,0.001388,648342.0,0.001389,1124793.0,0.0013885,7.202016564639054
1787025325166,0.001388,599865.0,0.001389,1124793.0,0.0013885,7.202016564639054
1787025325184,0.001388,607738.0,0.001389,1124793.0,0.0013885,7.202016564639054
1787025325207,0.001388,618542.0,0.001389,1124793.0,0.0013885,7.202016564639054
1787025325208,0.001388,667019.0,0.001389,1124793.0,0.0013885,7.202016564639054
1787025325226,0.001388,618542.0,0.001389,1124793.0,0.0013885,7.202016564639054
1787025325228,0.001388,902804.0,0.001389,1124793.0,0.0013885,7.202016564639054
1787025325230,0.001388,951281.0,0.001389,1124793.0,0.0013885,7.202016564639054
1787025325232,0.001388,951281.0,0.001389,1073052.0,0.0013885,7.202016564639054
1787025325266,0.001388,963031.0,0.001389,1073052.0,0.0013885,7.202016564639054
1787025325300,0.001388,970233.0,0.001389,1073052.0,0.0013885,7.202016564639054
1787025325326,0.001388,982117.0,0.001389,1073052.0,0.0013885,7.202016564639054
1787025325327,0.001388,982117.0,0.001389,1084936.0,0.0013885,7.202016564639054
1787025325352,0.001388,982117.0,0.001389,1080974.0,0.0013885,7.202016564639054
1787025325377,0.001388,1855121.0,0.001389,1978357.0,0.0013885,7.202016564639054
1787025325836,0.001388,1806644.0,0.001389,1978357.0,0.0013885,7.202016564639054
1787025325922,0.001388,1806644.0,0.001389,1938962.0,0.0013885,7.202016564639054
1787025326017,0.001388,1878825.0,0.001389,1938962.0,0.0013885,7.202016564639054
1787025326018,0.001388,1866941.0,0.001389,1938962.0,0.0013885,7.202016564639054
1787025326019,0.001388,1878825.0,0.001389,1938962.0,0.0013885,7.202016564639054
1787025326114,0.001388,1882608.0,0.001389,1938962.0,0.0013885,7.202016564639054
1787025326216,0.001388,1992390.0,0.001389,1938962.0,0.0013885,7.202016564639054
1787025326224,0.001388,2045875.0,0.001389,1938962.0,0.0013885,7.202016564639054
1787025326233,0.001388,2041129.0,0.001389,1938962.0,0.0013885,7.202016564639054
1787025326479,0.001388,2041129.0,0.001389,1922392.0,0.0013885,7.202016564639054
1787025326828,0.001388,2037346.0,0.001389,1922392.0,0.0013885,7.202016564639054
1787025327165,0.001388,2033617.0,0.001389,1922392.0,0.0013885,7.202016564639054
1787025328451,0.001388,2031213.0,0.001389,1922392.0,0.0013885,7.202016564639054
1787025328951,0.001388,2031213.0,0.001389,1637796.0,0.0013885,7.202016564639054
1787025328952,0.001388,2031213.0,0.001389,1625912.0,0.0013885,7.202016564639054
1787025329080,0.001388,2031213.0,0.001389,1637796.0,0.0013885,7.202016564639054
1787025329563,0.001388,2027993.0,0.001389,1637796.0,0.0013885,7.202016564639054
1787025329598,0.001388,2078667.0,0.001389,1637796.0,0.0013885,7.202016564639054
1787025329930,0.001388,2028667.0,0.001389,1637796.0,0.0013885,7.202016564639054
1787025330534,0.001388,2028667.0,0.001389,1579046.0,0.0013885,7.202016564639054
1787025330561,0.001388,2026166.0,0.001389,1579046.0,0.0013885,7.202016564639054
1787025330597,0.001388,1975492.0,0.001389,1579046.0,0.0013885,7.202016564639054
1787025330604,0.001388,1971040.0,0.001389,1579046.0,0.0013885,7.202016564639054
1787025330848,0.001388,1966610.0,0.001389,1579046.0,0.0013885,7.202016564639054
1787025331070,0.001388,1966610.0,0.001389,1764859.0,0.0013885,7.202016564639054
1787025331627,0.001388,1964560.0,0.001389,1764859.0,0.0013885,7.202016564639054
1787025331726,0.001388,1964560.0,0.001389,1741359.0,0.0013885,7.202016564639054
1787025332073,0.001388,1952810.0,0.001389,1741359.0,0.0013885,7.202016564639054
1787025333085,0.001388,1976801.0,0.001389,1741359.0,0.0013885,7.202016564639054
1787025333113,0.001388,1973477.0,0.001389,1741359.0,0.0013885,7.202016564639054
1787025334294,0.001388,1973477.0,0.001389,1734155.0,0.0013885,7.202016564639054
1787025334295,0.001388,1970534.0,0.001389,1734155.0,0.0013885,7.202016564639054
1787025335029,0.001388,1970534.0,0.001389,1724315.0,0.0013885,7.202016564639054
1787025335524,0.001388,1970534.0,0.001389,1713220.0,0.0013885,7.202016564639054
1787025335538,0.001388,1970534.0,0.001389,800741.0,0.0013885,7.202016564639054
1787025335539,0.001388,1970534.0,0.001389,445776.0,0.0013885,7.202016564639054
1787025335551,0.001388,1966041.0,0.001389,445776.0,0.0013885,7.202016564639054
1787025335594,0.001388,1966041.0,0.001389,438493.0,0.0013885,7.202016564639054
1787025335595,0.001388,1966041.0,0.001389,442453.0,0.0013885,7.202016564639054
1787025335596,0.001388,2039058.0,0.001389,442453.0,0.0013885,7.202016564639054
1787025335663,0.001388,2260897.0,0.001389,442453.0,0.0013885,7.202016564639054
1787025335664,0.001389,1339918.0,0.00139,1645914.0,0.0013895000000000001,7.196833393306339
1787025335665,0.001389,838129.0,0.00139,807801.0,0.0013895000000000001,7.196833393306339
1787025335666,0.001389,1302550.0,0.00139,310781.0,0.0013895000000000001,7.196833393306339
1787025335667,0.001389,1306510.0,0.00139,320115.0,0.0013895000000000001,7.196833393306339
1787025335672,0.001389,1306510.0,0.00139,425221.0,0.0013895000000000001,7.196833393306339
1787025335673,0.001389,1258033.0,0.00139,425221.0,0.0013895000000000001,7.196833393306339
1787025335678,0.001389,1267359.0,0.00139,425221.0,0.0013895000000000001,7.196833393306339
1787025335679,0.001389,1258033.0,0.00139,425221.0,0.0013895000000000001,7.196833393306339
1787025335680,0.001389,1777203.0,0.00139,425221.0,0.0013895000000000001,7.196833393306339
1787025335681,0.00139,26189.0,0.001391,2177034.0,0.0013905,7.191657677095526
1787025335682,0.00139,548406.0,0.001391,1506543.0,0.0013905,7.191657677095526
1787025335683,0.00139,1695318.0,0.001391,1506543.0,0.0013905,7.191657677095526
1787025335684,0.00139,895318.0,0.001391,1506543.0,0.0013905,7.191657677095526
1787025335687,0.00139,895318.0,0.001391,1221947.0,0.0013905,7.191657677095526
1787025335688,0.00139,895318.0,0.001391,996292.0,0.0013905,7.191657677095526
1787025335690,0.00139,1416738.0,0.001391,996292.0,0.0013905,7.191657677095526
1787025335691,0.00139,895318.0,0.001391,996292.0,0.0013905,7.191657677095526
1787025335694,0.00139,902513.0,0.001391,985253.0,0.0013905,7.191657677095526
1787025335717,0.00139,1040592.0,0.001391,985253.0,0.0013905,7.191657677095526
1787025335738,0.00139,1832352.0,0.001391,985253.0,0.0013905,7.191657677095526
1787025335756,0.00139,1832352.0,0.001392,3660240.0,0.0013909999999999999,14.378145219267065
1787025335757,0.001391,1007727.0,0.001392,3196408.0,0.0013915,7.186489399927531
1787025335758,0.001391,802240.0,0.001392,1693702.0,0.0013915,7.186489399927531
1787025335759,0.001391,802240.0,0.001392,1465414.0,0.0013915,7.186489399927531
1787025335777,0.001391,721055.0,0.001392,1465414.0,0.0013915,7.186489399927531
1787025335783,0.001391,709567.0,0.001392,1465414.0,0.0013915,7.186489399927531
1787025335788,0.001391,683397.0,0.001392,1465414.0,0.0013915,7.186489399927531
1787025335798,0.001391,690583.0,0.001392,1465414.0,0.0013915,7.186489399927531
1787025335805,0.001391,960569.0,0.001392,1465414.0,0.0013915,7.186489399927531
1787025335872,0.001391,1036733.0,0.001392,1465414.0,0.0013915,7.186489399927531
1787025335873,0.001391,1036733.0,0.001392,1252905.0,0.0013915,7.186489399927531
1787025335900,0.001391,1340937.0,0.001392,1252905.0,0.0013915,7.186489399927531
1787025335923,0.001391,1340937.0,0.001392,1289997.0,0.0013915,7.186489399927531
1787025335928,0.001391,1340937.0,0.001392,1229821.0,0.0013915,7.186489399927531
1787025335929,0.001391,1340937.0,0.001392,945681.0,0.0013915,7.186489399927531
1787025335930,0.001392,483014.0,0.001393,2407413.0,0.0013925,7.181328545780365
1787025335931,0.001392,783862.0,0.001393,1522261.0,0.0013925,7.181328545780365
1787025335932,0.001391,2989371.0,0.001392,36569.0,0.0013915,7.186489399927531
1787025335933,0.001391,1868735.0,0.001392,304569.0,0.0013915,7.186489399927531
1787025335934,0.001391,1864773.0,0.001392,268724.0,0.0013915,7.186489399927531
1787025335935,0.001391,1794787.0,0.001392,268724.0,0.0013915,7.186489399927531
1787025335960,0.001391,2700239.0,0.001392,268724.0,0.0013915,7.186489399927531
1787025335961,0.001391,2700239.0,0.001392,1051537.0,0.0013915,7.186489399927531
1787025335999,0.001391,2868522.0,0.001392,1051537.0,0.0013915,7.186489399927531
1787025336029,0.001391,2868522.0,0.001392,794313.0,0.0013915,7.186489399927531
1787025336033,0.001391,3138508.0,0.001392,794313.0,0.0013915,7.186489399927531
1787025336039,0.001391,3172713.0,0.001392,794313.0,0.0013915,7.186489399927531
1787025336045,0.001391,2972713.0,0.001392,794313.0,0.0013915,7.186489399927531
1787025336047,0.001391,2972713.0,0.001392,1064299.0,0.0013915,7.186489399927531
1787025336048,0.001391,1197275.0,0.001392,1064299.0,0.0013915,7.186489399927531
1787025336049,0.001391,1377175.0,0.001392,1064299.0,0.0013915,7.186489399927531
1787025336070,0.001391,1377175.0,0.001392,1250112.0,0.0013915,7.186489399927531
1787025336099,0.001391,1588609.0,0.001392,1250112.0,0.0013915,7.186489399927531
1787025336101,0.001391,1116122.0,0.001392,1250112.0,0.0013915,7.186489399927531
1787025336224,0.001391,1175672.0,0.001392,1250112.0,0.0013915,7.186489399927531
1787025336234,0.001391,1279389.0,0.001392,1250112.0,0.0013915,7.186489399927531
1787025336236,0.001391,1291247.0,0.001392,1261970.0,0.0013915,7.186489399927531
1787025336255,0.001391,2200214.0,0.001392,1261970.0,0.0013915,7.186489399927531
1787025336349,0.001391,2179278.0,0.001392,1261970.0,0.0013915,7.186489399927531
1787025336401,0.001391,2179278.0,0.001392,1281179.0,0.0013915,7.186489399927531
1787025336500,0.001391,2179278.0,0.001392,1261970.0,0.0013915,7.186489399927531
1787025336521,0.001391,2179278.0,0.001392,1265922.0,0.0013915,7.186489399927531
1787025336594,0.001391,2183232.0,0.001392,1265922.0,0.0013915,7.186489399927531
1787025336599,0.001391,2183232.0,0.001392,1285131.0,0.0013915,7.186489399927531
1787025336700,0.001391,2183232.0,0.001392,1265922.0,0.0013915,7.186489399927531
1787025336705,0.001391,2255413.0,0.001392,1265922.0,0.0013915,7.186489399927531
1787025336783,0.001391,2251613.0,0.001392,1265922.0,0.0013915,7.186489399927531
1787025337037,0.001391,2217408.0,0.001392,1265922.0,0.0013915,7.186489399927531
1787025337100,0.001391,2111691.0,0.001392,1265922.0,0.0013915,7.186489399927531
1787025337101,0.001391,2005974.0,0.001392,1265922.0,0.0013915,7.186489399927531
1787025337126,0.001391,1998161.0,0.001392,1265922.0,0.0013915,7.186489399927531
1787025337270,0.001391,2007383.0,0.001392,1265922.0,0.0013915,7.186489399927531
1787025337477,0.001391,2277369.0,0.001392,1265922.0,0.0013915,7.186489399927531
1787025337478,0.001391,2265511.0,0.001392,1265922.0,0.0013915,7.186489399927531
1787025337479,0.001391,2277369.0,0.001392,1265922.0,0.0013915,7.186489399927531
1787025337517,0.001391,2286002.0,0.001392,1265922.0,0.0013915,7.186489399927531
1787025337629,0.001391,2991831.0,0.001392,213123.0,0.0013915,7.186489399927531
1787025337631,0.001392,640679.0,0.001393,1269821.0,0.0013925,7.181328545780365
1787025337632,0.001392,1304054.0,0.001393,1033903.0,0.0013925,7.181328545780365
1787025337633,0.001392,1802287.0,0.001393,1156759.0,0.0013925,7.181328545780365
1787025337634,0.001392,1802287.0,0.001393,1171278.0,0.0013925,7.181328545780365
1787025337636,0.001392,1780796.0,0.001393,1171278.0,0.0013925,7.181328545780365
1787025337683,0.001392,1780796.0,0.001393,1335871.0,0.0013925,7.181328545780365
1787025337685,0.001392,1849741.0,0.001393,1335871.0,0.0013925,7.181328545780365
1787025337758,0.001392,1861591.0,0.001393,1347721.0,0.0013925,7.181328545780365
1787025337778,0.001392,1879446.0,0.001393,1347721.0,0.0013925,7.181328545780365
1787025337798,0.001392,1886627.0,0.001393,1347721.0,0.0013925,7.181328545780365
1787025337800,0.001392,1886627.0,0.001393,1247721.0,0.0013925,7.181328545780365
1787025337830,0.001392,2651864.0,0.001393,1247721.0,0.0013925,7.181328545780365
1787025337831,0.001392,2651864.0,0.001393,2083254.0,0.0013925,7.181328545780365
1787025337865,0.001392,2648261.0,0.001393,2083254.0,0.0013925,7.181328545780365
1787025338073,0.001392,2648261.0,0.001393,2269067.0,0.0013925,7.181328545780365
1787025338179,0.001392,2648261.0,0.001393,2267118.0,0.0013925,7.181328545780365
1787025338206,0.001392,2707811.0,0.001393,2267118.0,0.0013925,7.181328545780365
1787025338212,0.001392,2811528.0,0.001393,2267118.0,0.0013925,7.181328545780365
1787025338221,0.001392,2883709.0,0.001393,2267118.0,0.0013925,7.181328545780365
1787025338229,0.001392,2709368.0,0.001393,2267118.0,0.0013925,7.181328545780365
1787025338230,0.001392,2702480.0,0.001393,2267118.0,0.0013925,7.181328545780365
1787025338231,0.001392,1667257.0,0.001393,2267118.0,0.0013925,7.181328545780365
1787025338232,0.001392,1667257.0,0.001393,2267118.0,0.0013925,7.181328545780365
1787025338297,0.001392,1660076.0,0.001393,2267118.0,0.0013925,7.181328545780365
1787025338375,0.001392,1660076.0,0.001393,2271067.0,0.0013925,7.181328545780365
1787025338413,0.001392,1660076.0,0.001393,2315745.0,0.0013925,7.181328545780365
1787025338432,0.001392,2390150.0,0.001393,2315745.0,0.0013925,7.181328545780365
1787025338455,0.001392,2394102.0,0.001393,2315745.0,0.0013925,7.181328545780365
1787025338534,0.001392,2394102.0,0.001393,1776439.0,0.0013925,7.181328545780365
1787025338535,0.001392,2650528.0,0.001393,929056.0,0.0013925,7.181328545780365
1787025338536,0.001392,2650528.0,0.001393,940906.0,0.0013925,7.181328545780365
1787025338538,0.001393,21475.0,0.001394,2083911.0,0.0013935,7.17617509867336
1787025338539,0.001393,256597.0,0.001394,1411579.0,0.0013935,7.17617509867336
1787025338540,0.001393,905074.0,0.001394,1265329.0,0.0013935,7.17617509867336
1787025338541,0.001393,384805.0,0.001394,1475662.0,0.0013935,7.17617509867336
1787025338543,0.001393,384805.0,0.001394,1704716.0,0.0013935,7.17617509867336
1787025338547,0.001392,2814118.0,0.001393,508478.0,0.0013925,7.181328545780365
1787025338548,0.001392,2470749.0,0.001393,1029898.0,0.0013925,7.181328545780365
1787025338549,0.001392,2452894.0,0.001393,1029898.0,0.0013925,7.181328545780365
1787025338655,0.001392,2464744.0,0.001393,1041748.0,0.0013925,7.181328545780365
1787025338758,0.001392,2482599.0,0.001393,1041748.0,0.0013925,7.181328545780365
1787025338759,0.001392,2482599.0,0.001393,46199.0,0.0013925,7.181328545780365
1787025338761,0.001392,2482599.0,0.001393,33351.0,0.0013925,7.181328545780365
1787025338762,0.001393,410256.0,0.001394,3495219.0,0.0013935,7.17617509867336
1787025338763,0.001393,10768.0,0.001394,3503109.0,0.0013935,7.17617509867336
1787025338764,0.001393,59245.0,0.001394,1944845.0,0.0013935,7.17617509867336
1787025338765,0.001393,377842.0,0.001394,1716557.0,0.0013935,7.17617509867336
1787025338766,0.001393,400389.0,0.001394,1716557.0,0.0013935,7.17617509867336
1787025338767,0.001393,378930.0,0.001394,1716557.0,0.0013935,7.17617509867336
1787025338768,0.001393,303646.0,0.001394,1716557.0,0.0013935,7.17617509867336
1787025338785,0.001393,260662.0,0.001394,1716557.0,0.0013935,7.17617509867336
1787025338787,0.001393,249956.0,0.001394,1716557.0,0.0013935,7.17617509867336
1787025338798,0.001393,257132.0,0.001394,1716557.0,0.0013935,7.17617509867336
1787025338802,0.001393,257132.0,0.001394,1736818.0,0.0013935,7.17617509867336
1787025338803,0.001393,257132.0,0.001394,1757079.0,0.0013935,7.17617509867336
1787025338967,0.001393,274987.0,0.001394,1757079.0,0.0013935,7.17617509867336
1787025338968,0.001393,1075936.0,0.001394,1757079.0,0.0013935,7.17617509867336
1787025338969,0.001393,1864095.0,0.001394,2500841.0,0.0013935,7.17617509867336
1787025338970,0.001393,1075936.0,0.001394,2500841.0,0.0013935,7.17617509867336
1787025338972,0.001393,1064095.0,0.001394,2500841.0,0.0013935,7.17617509867336
1787025338991,0.001393,1061656.0,0.001394,2500841.0,0.0013935,7.17617509867336
1787025339001,0.001393,1061656.0,0.001394,2521102.0,0.0013935,7.17617509867336
1787025339058,0.001393,1066557.0,0.001394,2521102.0,0.0013935,7.17617509867336
1787025339071,0.001393,1078398.0,0.001394,2521102.0,0.0013935,7.17617509867336
1787025339073,0.001393,1078398.0,0.001394,2706915.0,0.0013935,7.17617509867336
1787025339090,0.001393,1078398.0,0.001394,2682924.0,0.0013935,7.17617509867336
1787025339091,0.001393,1858039.0,0.001394,2679269.0,0.0013935,7.17617509867336
1787025339093,0.001393,1258039.0,0.001394,2679269.0,0.0013935,7.17617509867336
1787025339094,0.001393,1246198.0,0.001394,2679269.0,0.0013935,7.17617509867336
1787025339103,0.001393,1246198.0,0.001394,2638747.0,0.0013935,7.17617509867336
1787025339104,0.001393,1246198.0,0.001394,2618486.0,0.0013935,7.17617509867336
1787025339196,0.001393,1258039.0,0.001394,2618486.0,0.0013935,7.17617509867336
1787025339300,0.001393,1250863.0,0.001394,2618486.0,0.0013935,7.17617509867336
1787025339302,0.001393,1250863.0,0.001394,2642668.0,0.0013935,7.17617509867336
1787025339383,0.001393,1254812.0,0.001394,2642668.0,0.0013935,7.17617509867336
1787025339600,0.001393,1254812.0,0.001394,2662598.0,0.0013935,7.17617509867336
1787025339619,0.001393,1254812.0,0.001394,1931443.0,0.0013935,7.17617509867336
1787025339620,0.001393,1254812.0,0.001394,1919602.0,0.0013935,7.17617509867336
1787025339622,0.001393,1254812.0,0.001394,1931443.0,0.0013935,7.17617509867336
1787025339700,0.001393,1254812.0,0.001394,1911513.0,0.0013935,7.17617509867336
1787025339734,0.001393,1326993.0,0.001394,1911513.0,0.0013935,7.17617509867336
1787025339799,0.001393,1326993.0,0.001394,1891277.0,0.0013935,7.17617509867336
1787025339958,0.001393,1926993.0,0.001394,1891277.0,0.0013935,7.17617509867336
1787025339959,0.001393,1926993.0,0.001394,1666243.0,0.0013935,7.17617509867336
1787025339960,0.001393,1326993.0,0.001394,1666243.0,0.0013935,7.17617509867336
1787025339961,0.001393,1315152.0,0.001394,1666243.0,0.0013935,7.17617509867336
1787025339962,0.001393,1326993.0,0.001394,1666243.0,0.0013935,7.17617509867336
1787025340116,0.001393,1331894.0,0.001394,1666243.0,0.0013935,7.17617509867336
1787025340226,0.001393,1385379.0,0.001394,1666243.0,0.0013935,7.17617509867336
1787025340227,0.001393,1495161.0,0.001394,1666243.0,0.0013935,7.17617509867336
1787025340243,0.001393,1491917.0,0.001394,1666243.0,0.0013935,7.17617509867336
1787025340582,0.001393,1491917.0,0.001394,1637216.0,0.0013935,7.17617509867336
1787025340583,0.001393,2091917.0,0.001394,1637216.0,0.0013935,7.17617509867336
1787025340584,0.001393,1491917.0,0.001394,1637216.0,0.0013935,7.17617509867336
1787025340586,0.001393,1491917.0,0.001394,1637216.0,0.0013935,7.17617509867336
1787025340797,0.001393,1499093.0,0.001394,1637216.0,0.0013935,7.17617509867336
1787025340946,0.001393,2099093.0,0.001394,1637216.0,0.0013935,7.17617509867336
1787025340947,0.001393,1499093.0,0.001394,1637216.0,0.0013935,7.17617509867336
1787025341281,0.001393,1499093.0,0.001394,893454.0,0.0013935,7.17617509867336
1787025341297,0.001393,1491917.0,0.001394,893454.0,0.0013935,7.17617509867336
1787025341337,0.001393,1488397.0,0.001394,893454.0,0.0013935,7.17617509867336
1787025341470,0.001393,1488397.0,0.001394,2791896.0,0.0013935,7.17617509867336
1787025341471,0.001393,1488397.0,0.001394,2791896.0,0.0013935,7.17617509867336
1787025341580,0.001393,1488397.0,0.001394,3539626.0,0.0013935,7.17617509867336
1787025341600,0.001393,1488397.0,0.001394,3559413.0,0.0013935,7.17617509867336
1787025341701,0.001393,1488397.0,0.001394,3539626.0,0.0013935,7.17617509867336
1787025341702,0.001393,1488384.0,0.001394,3539626.0,0.0013935,7.17617509867336
1787025341833,0.001393,1488384.0,0.001394,3550911.0,0.0013935,7.17617509867336
1787025341924,0.001393,1488384.0,0.001394,3588195.0,0.0013935,7.17617509867336
1787025341925,0.001393,1266545.0,0.001394,3588195.0,0.0013935,7.17617509867336
1787025341928,0.001393,1233893.0,0.001394,3588195.0,0.0013935,7.17617509867336
1787025342057,0.001393,1233896.0,0.001394,3588195.0,0.0013935,7.17617509867336
1787025342292,0.001393,1054255.0,0.001394,3588195.0,0.0013935,7.17617509867336
1787025342293,0.001393,1054255.0,0.001394,3588195.0,0.0013935,7.17617509867336
1787025342393,0.001393,1052473.0,0.001394,3588195.0,0.0013935,7.17617509867336
1787025342400,0.001393,1052473.0,0.001394,3607881.0,0.0013935,7.17617509867336
1787025342799,0.001393,1052473.0,0.001394,3588195.0,0.0013935,7.17617509867336
1787025342838,0.001393,1020335.0,0.001394,3588195.0,0.0013935,7.17617509867336
1787025343401,0.001393,1020335.0,0.001394,3607894.0,0.0013935,7.17617509867336
1787025343429,0.001393,1016943.0,0.001394,3607894.0,0.0013935,7.17617509867336
1787025343801,0.001393,1016943.0,0.001394,3588195.0,0.0013935,7.17617509867336
1787025344181,0.001393,1016943.0,0.001394,3606959.0,0.0013935,7.17617509867336
1787025344399,0.001393,1016943.0,0.001394,3643744.0,0.0013935,7.17617509867336
1787025344401,0.001393,1016943.0,0.001394,3702844.0,0.0013935,7.17617509867336
1787025344500,0.001393,1016943.0,0.001394,3663444.0,0.0013935,7.17617509867336
1787025344589,0.001393,1014924.0,0.001394,3663444.0,0.0013935,7.17617509867336
1787025344800,0.001393,1014924.0,0.001394,3643744.0,0.0013935,7.17617509867336
1787025344881,0.001393,1014924.0,0.001394,3624980.0,0.0013935,7.17617509867336
1787025344902,0.001393,1614924.0,0.001394,3624980.0,0.0013935,7.17617509867336
1787025344911,0.001393,1014924.0,0.001394,3624980.0,0.0013935,7.17617509867336
1787025344912,0.001393,1003083.0,0.001394,3624980.0,0.0013935,7.17617509867336
1787025344913,0.001393,1014924.0,0.001394,3624980.0,0.0013935,7.17617509867336
1787025345302,0.001393,1014924.0,0.001394,3644680.0,0.0013935,7.17617509867336
1787025345399,0.001393,1014924.0,0.001394,3607895.0,0.0013935,7.17617509867336
1787025345499,0.001393,1014924.0,0.001394,3588195.0,0.0013935,7.17617509867336
1787025345634,0.001393,1194565.0,0.001394,3588195.0,0.0013935,7.17617509867336
1787025345651,0.001393,1191771.0,0.001394,3588195.0,0.0013935,7.17617509867336
1787025345764,0.001393,1240248.0,0.001394,3588195.0,0.0013935,7.17617509867336
1787025345781,0.001393,1240248.0,0.001394,3476825.0,0.0013935,7.17617509867336
1787025345783,0.001393,2040248.0,0.001394,3476825.0,0.0013935,7.17617509867336
1787025345784,0.001393,2028407.0,0.001394,3476825.0,0.0013935,7.17617509867336
1787025345787,0.001393,2028407.0,0.001394,2729095.0,0.0013935,7.17617509867336
1787025345834,0.001393,2028407.0,0.001394,2717810.0,0.0013935,7.17617509867336
1787025345887,0.001393,2040248.0,0.001394,2717810.0,0.0013935,7.17617509867336
1787025345922,0.001393,2040248.0,0.001394,2680526.0,0.0013935,7.17617509867336
1787025345996,0.001393,2040248.0,0.001394,3490286.0,0.0013935,7.17617509867336
1787025345997,0.001393,2040248.0,0.001394,3478445.0,0.0013935,7.17617509867336
1787025345998,0.001393,2040248.0,0.001394,3490286.0,0.0013935,7.17617509867336
1787025346599,0.001393,2037989.0,0.001394,3490286.0,0.0013935,7.17617509867336
1787025346609,0.001393,1237989.0,0.001394,3490286.0,0.0013935,7.17617509867336
1787025346611,0.001393,1189512.0,0.001394,3490286.0,0.0013935,7.17617509867336
1787025346699,0.001393,1189512.0,0.001394,3510001.0,0.0013935,7.17617509867336
1787025346798,0.001393,1196688.0,0.001394,3510001.0,0.0013935,7.17617509867336
1787025346799,0.001393,1196688.0,0.001394,3490286.0,0.0013935,7.17617509867336
1787025346923,0.001393,1196688.0,0.001394,3508385.0,0.0013935,7.17617509867336
1787025346952,0.001393,1196688.0,0.001394,1609943.0,0.0013935,7.17617509867336
1787025346959,0.001393,1196688.0,0.001394,2637417.0,0.0013935,7.17617509867336
1787025347296,0.001393,1189512.0,0.001394,2637417.0,0.0013935,7.17617509867336
1787025347555,0.001393,1237989.0,0.001394,2637417.0,0.0013935,7.17617509867336
1787025347583,0.001393,1234014.0,0.001394,2637417.0,0.0013935,7.17617509867336
1787025347692,0.001393,1234014.0,0.001394,2631678.0,0.0013935,7.17617509867336
1787025347693,0.001393,1834014.0,0.001394,2631678.0,0.0013935,7.17617509867336
1787025347697,0.001393,1234014.0,0.001394,2631678.0,0.0013935,7.17617509867336
1787025347698,0.001393,1234014.0,0.001394,2631678.0,0.0013935,7.17617509867336
1787025347766,0.001393,1317291.0,0.001394,2631678.0,0.0013935,7.17617509867336
1787025347796,0.001393,1324467.0,0.001394,2631678.0,0.0013935,7.17617509867336
1787025347923,0.001393,1324467.0,0.001394,2613579.0,0.0013935,7.17617509867336
1787025348240,0.001393,1324467.0,0.001394,2772026.0,0.0013935,7.17617509867336
1787025348297,0.001393,1317291.0,0.001394,2772026.0,0.0013935,7.17617509867336
1787025348364,0.001393,461260.0,0.001394,2772026.0,0.0013935,7.17617509867336
1787025348366,0.001392,3122243.0,0.001393,237262.0,0.0013925,7.181328545780365
1787025348367,0.001392,2964559.0,0.001393,702599.0,0.0013925,7.181328545780365
1787025348368,0.001392,1658760.0,0.001393,938947.0,0.0013925,7.181328545780365
1787025348369,0.001392,1658760.0,0.001393,1243845.0,0.0013925,7.181328545780365
1787025348370,0.001392,1658760.0,0.001393,1542960.0,0.0013925,7.181328545780365
1787025348397,0.001392,1658760.0,0.001393,1327588.0,0.0013925,7.181328545780365
1787025348398,0.001392,1658760.0,0.001393,1071162.0,0.0013925,7.181328545780365
1787025348403,0.001392,1658760.0,0.001393,855790.0,0.0013925,7.181328545780365
1787025348404,0.001392,1658760.0,0.001393,687439.0,0.0013925,7.181328545780365
1787025348406,0.001392,1658760.0,0.001393,561871.0,0.0013925,7.181328545780365
1787025348440,0.001392,1550495.0,0.001393,561871.0,0.0013925,7.181328545780365
1787025348441,0.001392,1406142.0,0.001393,825720.0,0.0013925,7.181328545780365
1787025348443,0.001392,1454619.0,0.001393,825720.0,0.0013925,7.181328545780365
1787025348444,0.001392,1454619.0,0.001393,1082146.0,0.0013925,7.181328545780365
1787025348465,0.001392,1454619.0,0.001393,866774.0,0.0013925,7.181328545780365
1787025348497,0.001392,1454619.0,0.001393,746774.0,0.0013925,7.181328545780365
1787025348499,0.001392,1854619.0,0.001393,825593.0,0.0013925,7.181328545780365
1787025348502,0.001392,1854619.0,0.001393,804948.0,0.0013925,7.181328545780365
1787025348569,0.001392,2626269.0,0.001393,804948.0,0.0013925,7.181328545780365
1787025348570,0.001392,2638119.0,0.001393,1637084.0,0.0013925,7.181328545780365
1787025348571,0.001392,2638119.0,0.001393,1576757.0,0.0013925,7.181328545780365
1787025348600,0.001392,2638119.0,0.001393,1596498.0,0.0013925,7.181328545780365
1787025348602,0.001392,2238119.0,0.001393,1596498.0,0.0013925,7.181328545780365
1787025348670,0.001392,2238119.0,0.001393,1592191.0,0.0013925,7.181328545780365
1787025348671,0.001392,2238119.0,0.001393,1604041.0,0.0013925,7.181328545780365
1787025348709,0.001392,2233967.0,0.001393,1604041.0,0.0013925,7.181328545780365
1787025348710,0.001392,1690737.0,0.001393,1604041.0,0.0013925,7.181328545780365
1787025348737,0.001392,1686650.0,0.001393,1604041.0,0.0013925,7.181328545780365
1787025348796,0.001392,1693831.0,0.001393,1604041.0,0.0013925,7.181328545780365
1787025348879,0.001392,1873601.0,0.001393,1604041.0,0.0013925,7.181328545780365
1787025348880,0.001392,1861751.0,0.001393,1604041.0,0.0013925,7.181328545780365
1787025348881,0.001392,1873601.0,0.001393,1604041.0,0.0013925,7.181328545780365
1787025348900,0.001392,1873601.0,0.001393,1584300.0,0.0013925,7.181328545780365
1787025349039,0.001392,1889760.0,0.001393,1584300.0,0.0013925,7.181328545780365
1787025349219,0.001392,2003885.0,0.001393,1584300.0,0.0013925,7.181328545780365
1787025349294,0.001392,2003885.0,0.001393,1588249.0,0.0013925,7.181328545780365
1787025349369,0.001392,2003885.0,0.001393,1518922.0,0.0013925,7.181328545780365
1787025349899,0.001392,1999931.0,0.001393,1518922.0,0.0013925,7.181328545780365
1787025350064,0.001392,2003524.0,0.001393,1518922.0,0.0013925,7.181328545780365
1787025350073,0.001392,2003524.0,0.001393,1417142.0,0.0013925,7.181328545780365
1787025350112,0.001392,975448.0,0.001393,1417142.0,0.0013925,7.181328545780365
1787025350181,0.001392,926971.0,0.001393,1417142.0,0.0013925,7.181328545780365
1787025350182,0.001392,851079.0,0.001393,1417142.0,0.0013925,7.181328545780365
1787025350184,0.001392,637281.0,0.001393,1640189.0,0.0013925,7.181328545780365
1787025350186,0.001392,481788.0,0.001393,1640189.0,0.0013925,7.181328545780365
1787025350187,0.001391,2983932.0,0.001392,744373.0,0.0013915,7.186489399927531
1787025350188,0.001391,2365821.0,0.001392,402722.0,0.0013915,7.186489399927531
1787025350189,0.001391,1725249.0,0.001392,515368.0,0.0013915,7.186489399927531
1787025350190,0.001391,1689537.0,0.001392,643607.0,0.0013915,7.186489399927531
1787025350191,0.001391,1547239.0,0.001392,563845.0,0.0013915,7.186489399927531
1787025350193,0.001391,1330333.0,0.001392,639849.0,0.0013915,7.186489399927531
1787025350194,0.001391,1330333.0,0.001392,1462896.0,0.0013915,7.186489399927531
1787025350195,0.001391,617192.0,0.001392,862896.0,0.0013915,7.186489399927531
1787025350197,0.001391,665669.0,0.001392,1355649.0,0.0013915,7.186489399927531
1787025350203,0.001391,617192.0,0.001392,1355649.0,0.0013915,7.186489399927531
1787025350215,0.001391,568715.0,0.001392,1355649.0,0.0013915,7.186489399927531
1787025350221,0.001391,568715.0,0.001392,1359601.0,0.0013915,7.186489399927531
1787025350296,0.001391,575901.0,0.001392,1359601.0,0.0013915,7.186489399927531
1787025350311,0.001391,575901.0,0.001392,1371459.0,0.0013915,7.186489399927531
1787025350312,0.001391,587759.0,0.001392,1371459.0,0.0013915,7.186489399927531
1787025350313,0.001391,1454919.0,0.001392,2249444.0,0.0013915,7.186489399927531
1787025350314,0.001391,1443061.0,0.001392,1756691.0,0.0013915,7.186489399927531
1787025350360,0.001391,1439108.0,0.001392,1756691.0,0.0013915,7.186489399927531
1787025350381,0.001391,1439108.0,0.001392,1776622.0,0.0013915,7.186489399927531
1787025350382,0.001391,1439108.0,0.001392,1764764.0,0.0013915,7.186489399927531
1787025350479,0.001391,1439108.0,0.001392,1744833.0,0.0013915,7.186489399927531
1787025350480,0.001391,1450966.0,0.001392,1756691.0,0.0013915,7.186489399927531
1787025350601,0.001391,1450966.0,0.001392,1776763.0,0.0013915,7.186489399927531
1787025350702,0.001391,1450966.0,0.001392,1756691.0,0.0013915,7.186489399927531
1787025350711,0.001391,1450966.0,0.001392,2313132.0,0.0013915,7.186489399927531
1787025350713,0.001391,583806.0,0.001392,2313132.0,0.0013915,7.186489399927531
1787025350757,0.001391,763706.0,0.001392,2313132.0,0.0013915,7.186489399927531
1787025350999,0.001391,763706.0,0.001392,2333204.0,0.0013915,7.186489399927531
1787025351099,0.001391,763706.0,0.001392,2313132.0,0.0013915,7.186489399927531
1787025351183,0.001391,759362.0,0.001392,2313132.0,0.0013915,7.186489399927531
1787025351229,0.001391,403047.0,0.001392,2313132.0,0.0013915,7.186489399927531
1787025351230,0.001391,402103.0,0.001392,2541420.0,0.0013915,7.186489399927531
1787025351231,0.00139,2618422.0,0.001391,223047.0,0.0013905,7.191657677095526
1787025351232,0.00139,1303168.0,0.001391,442638.0,0.0013905,7.191657677095526
1787025351233,0.00139,1074880.0,0.001391,891374.0,0.0013905,7.191657677095526
1787025351234,0.00139,901518.0,0.001391,891374.0,0.0013905,7.191657677095526
1787025351235,0.00139,901518.0,0.001391,869906.0,0.0013905,7.191657677095526
1787025351236,0.00139,824998.0,0.001391,869906.0,0.0013905,7.191657677095526
1787025351237,0.00139,824998.0,0.001391,1169451.0,0.0013905,7.191657677095526
1787025351260,0.00139,825004.0,0.001391,1169451.0,0.0013905,7.191657677095526
1787025351296,0.00139,832195.0,0.001391,1169451.0,0.0013905,7.191657677095526
1787025351300,0.00139,832195.0,0.001391,1189850.0,0.0013905,7.191657677095526
1787025351355,0.00139,828233.0,0.001391,1189850.0,0.0013905,7.191657677095526
1787025351412,0.00139,840100.0,0.001391,1201717.0,0.0013905,7.191657677095526
1787025351433,0.00139,1577268.0,0.001391,1941980.0,0.0013905,7.191657677095526
1787025351463,0.00139,1577268.0,0.001391,1862877.0,0.0013905,7.191657677095526
1787025351517,0.00139,1525527.0,0.001391,1862877.0,0.0013905,7.191657677095526
1787025351599,0.00139,1525527.0,0.001391,1842478.0,0.0013905,7.191657677095526
1787025351666,0.00139,1525527.0,0.001391,1774182.0,0.0013905,7.191657677095526
1787025351667,0.00139,1525527.0,0.001391,1033919.0,0.0013905,7.191657677095526
1787025351668,0.00139,1705556.0,0.001391,1033919.0,0.0013905,7.191657677095526
1787025351669,0.00139,1705556.0,0.001391,1033919.0,0.0013905,7.191657677095526
1787025352017,0.00139,1705556.0,0.001391,1018716.0,0.0013905,7.191657677095526
1787025352212,0.00139,1732080.0,0.001391,1018716.0,0.0013905,7.191657677095526
1787025352213,0.00139,1743123.0,0.001391,1018716.0,0.0013905,7.191657677095526
1787025352214,0.001391,13802.0,0.001392,3440260.0,0.0013915,7.186489399927531
1787025352215,0.001391,637055.0,0.001392,2848245.0,0.0013915,7.186489399927531
1787025352216,0.001391,1774330.0,0.001392,2619957.0,0.0013915,7.186489399927531
1787025352217,0.001391,1774330.0,0.001392,2543953.0,0.0013915,7.186489399927531
1787025352218,0.001391,1774330.0,0.001392,1024589.0,0.0013915,7.186489399927531
1787025352219,0.001391,1774330.0,0.001392,768163.0,0.0013915,7.186489399927531
1787025352222,0.001391,2597143.0,0.001392,768163.0,0.0013915,7.186489399927531
1787025352238,0.001391,2610336.0,0.001392,768163.0,0.0013915,7.186489399927531
1787025352239,0.001391,2607615.0,0.001392,768163.0,0.0013915,7.186489399927531
1787025352264,0.001391,1799003.0,0.001392,768163.0,0.0013915,7.186489399927531
1787025352317,0.001391,1799003.0,0.001392,1415118.0,0.0013915,7.186489399927531
1787025352355,0.001391,1799003.0,0.001392,1411165.0,0.0013915,7.186489399927531
1787025352432,0.001391,1799003.0,0.001392,263866.0,0.0013915,7.186489399927531
1787025352433,0.001391,2196929.0,0.001392,279676.0,0.0013915,7.186489399927531
1787025352434,0.001391,1968641.0,0.001392,171879.0,0.0013915,7.186489399927531
1787025352545,0.001391,1968641.0,0.001392,220356.0,0.0013915,7.186489399927531
1787025352547,0.001391,1968641.0,0.001392,357111.0,0.0013915,7.186489399927531
1787025352548,0.001391,1968641.0,0.001392,345253.0,0.0013915,7.186489399927531
1787025352549,0.001391,1968641.0,0.001392,357111.0,0.0013915,7.186489399927531
1787025352550,0.001391,1968641.0,0.001392,1180920.0,0.0013915,7.186489399927531
1787025352551,0.001391,1810861.0,0.001392,1169062.0,0.0013915,7.186489399927531
1787025352599,0.001391,1810861.0,0.001392,1190344.0,0.0013915,7.186489399927531
1787025352666,0.001391,1810861.0,0.001392,1202202.0,0.0013915,7.186489399927531
1787025352798,0.001391,1818047.0,0.001392,1202202.0,0.0013915,7.186489399927531
1787025352800,0.001391,1818047.0,0.001392,1180920.0,0.0013915,7.186489399927531
1787025352848,0.001391,1822360.0,0.001392,1180920.0,0.0013915,7.186489399927531
1787025352876,0.001391,1822360.0,0.001392,1437346.0,0.0013915,7.186489399927531
1787025353299,0.001391,1815174.0,0.001392,1437346.0,0.0013915,7.186489399927531
1787025353325,0.001391,2202938.0,0.001392,1437346.0,0.0013915,7.186489399927531
1787025353468,0.001391,2202938.0,0.001392,1567079.0,0.0013915,7.186489399927531
1787025353495,0.001391,2199156.0,0.001392,1567079.0,0.0013915,7.186489399927531
1787025353797,0.001391,2206342.0,0.001392,1567079.0,0.0013915,7.186489399927531
1787025353946,0.001391,2206342.0,0.001392,1430324.0,0.0013915,7.186489399927531
1787025354040,0.001391,2243458.0,0.001392,1430324.0,0.0013915,7.186489399927531
1787025354098,0.001391,2243458.0,0.001392,1426306.0,0.0013915,7.186489399927531
1787025354233,0.001391,2256846.0,0.001392,1426306.0,0.0013915,7.186489399927531
1787025354234,0.001391,2269982.0,0.001392,1426306.0,0.0013915,7.186489399927531
1787025354241,0.001391,2281025.0,0.001392,1426306.0,0.0013915,7.186489399927531
1787025354304,0.001391,2267114.0,0.001392,1426306.0,0.0013915,7.186489399927531
1787025354901,0.001391,2263287.0,0.001392,1426306.0,0.0013915,7.186489399927531
1787025355653,0.001391,2274715.0,0.001392,1426306.0,0.0013915,7.186489399927531
1787025355912,0.001391,2274715.0,0.001392,1274255.0,0.0013915,7.186489399927531
1787025355916,0.001391,2274715.0,0.001392,1656208.0,0.0013915,7.186489399927531
1787025356038,0.001391,2237599.0,0.001392,1656208.0,0.0013915,7.186489399927531
1787025356189,0.001391,2234223.0,0.001392,1656208.0,0.0013915,7.186489399927531
1787025356191,0.001391,2222795.0,0.001392,1656208.0,0.0013915,7.186489399927531
1787025356296,0.001391,2215609.0,0.001392,1656208.0,0.0013915,7.186489399927531
1787025356567,0.001391,2320657.0,0.001392,1656208.0,0.0013915,7.186489399927531
1787025356658,0.001391,2332086.0,0.001392,1656208.0,0.0013915,7.186489399927531
1787025356799,0.001391,2339272.0,0.001392,1656208.0,0.0013915,7.186489399927531
1787025356941,0.001391,2343585.0,0.001392,1656208.0,0.0013915,7.186489399927531
1787025357070,0.001391,2238537.0,0.001392,1656208.0,0.0013915,7.186489399927531
1787025357073,0.001391,2361601.0,0.001392,1656208.0,0.0013915,7.186489399927531
1787025357488,0.001391,2350172.0,0.001392,1656208.0,0.0013915,7.186489399927531
1787025357490,0.001391,2301695.0,0.001392,1656208.0,0.0013915,7.186489399927531
1787025357515,0.001391,2297956.0,0.001392,1656208.0,0.0013915,7.186489399927531
1787025357854,0.001391,1904514.0,0.001392,1656208.0,0.0013915,7.186489399927531
1787025357855,0.001391,835790.0,0.001392,1879255.0,0.0013915,7.186489399927531
1787025357856,0.001391,835790.0,0.001392,2292886.0,0.0013915,7.186489399927531
1787025357923,0.001391,835790.0,0.001392,2319263.0,0.0013915,7.186489399927531
1787025358001,0.001391,835790.0,0.001392,2338321.0,0.0013915,7.186489399927531
1787025358099,0.001391,835790.0,0.001392,2319263.0,0.0013915,7.186489399927531
1787025358299,0.001391,828604.0,0.001392,2319263.0,0.0013915,7.186489399927531
1787025358530,0.001391,828604.0,0.001392,2185361.0,0.0013915,7.186489399927531
1787025358531,0.001391,1620042.0,0.001392,2185361.0,0.0013915,7.186489399927531
1787025358532,0.001391,1620042.0,0.001392,2189313.0,0.0013915,7.186489399927531
1787025358533,0.001391,1620042.0,0.001392,1775682.0,0.0013915,7.186489399927531
1787025358735,0.001391,1617252.0,0.001392,1775682.0,0.0013915,7.186489399927531
1787025358923,0.001391,1617252.0,0.001392,1749305.0,0.0013915,7.186489399927531
1787025359181,0.001391,1617252.0,0.001392,1769436.0,0.0013915,7.186489399927531
1787025359300,0.001391,1617252.0,0.001392,1788241.0,0.0013915,7.186489399927531
1787025359401,0.001391,1617252.0,0.001392,1769436.0,0.0013915,7.186489399927531
1787025359599,0.001391,1617252.0,0.001392,1788241.0,0.0013915,7.186489399927531
1787025359799,0.001391,1617252.0,0.001392,1769436.0,0.0013915,7.186489399927531
1787025359867,0.001391,1612532.0,0.001392,1769436.0,0.0013915,7.186489399927531
1787025359883,0.001391,1612532.0,0.001392,1749305.0,0.0013915,7.186489399927531
1787025360464,0.00139,1940979.0,0.001392,1749305.0,0.0013909999999999999,14.378145219267065
1787025360465,0.00139,1238277.0,0.001391,888407.0,0.0013905,7.191657677095526
1787025360466,0.00139,541784.0,0.001391,1003473.0,0.0013905,7.191657677095526
1787025360467,0.00139,541784.0,0.001391,1055904.0,0.0013905,7.191657677095526
1787025360502,0.00139,527970.0,0.001391,1055904.0,0.0013905,7.191657677095526
1787025360532,0.00139,479493.0,0.001391,1055904.0,0.0013905,7.191657677095526
1787025360534,0.00139,527970.0,0.001391,1055904.0,0.0013905,7.191657677095526
1787025360537,0.00139,419705.0,0.001391,1055904.0,0.0013905,7.191657677095526
1787025360539,0.00139,275975.0,0.001391,1055904.0,0.0013905,7.191657677095526
1787025360557,0.00139,275975.0,0.001391,1115365.0,0.0013905,7.191657677095526
1787025360600,0.00139,324452.0,0.001391,1115365.0,0.0013905,7.191657677095526
1787025360632,0.00139,336319.0,0.001391,1127232.0,0.0013905,7.191657677095526
1787025360670,0.001389,2478202.0,0.00139,218900.0,0.0013895000000000001,7.196833393306339
1787025360671,0.001389,1039048.0,0.00139,631981.0,0.0013895000000000001,7.196833393306339
1787025360672,0.001389,1039048.0,0.00139,680458.0,0.0013895000000000001,7.196833393306339
1787025360673,0.001389,1087525.0,0.00139,680458.0,0.0013895000000000001,7.196833393306339
1787025360674,0.001389,865686.0,0.00139,728935.0,0.0013895000000000001,7.196833393306339
1787025360676,0.001389,865686.0,0.00139,985361.0,0.0013895000000000001,7.196833393306339
1787025360700,0.001389,865688.0,0.00139,985361.0,0.0013895000000000001,7.196833393306339
1787025360723,0.001389,865688.0,0.00139,1785361.0,0.0013895000000000001,7.196833393306339
1787025360725,0.001389,1003868.0,0.00139,985361.0,0.0013895000000000001,7.196833393306339
1787025360750,0.001389,1015743.0,0.00139,997236.0,0.0013895000000000001,7.196833393306339
1787025360782,0.001389,946302.0,0.00139,997236.0,0.0013895000000000001,7.196833393306339
1787025360783,0.001389,662040.0,0.00139,1797236.0,0.0013895000000000001,7.196833393306339
1787025360843,0.001389,842199.0,0.00139,1797236.0,0.0013895000000000001,7.196833393306339
1787025360867,0.001389,626681.0,0.00139,1797236.0,0.0013895000000000001,7.196833393306339
1787025360879,0.001389,626681.0,0.00139,2690828.0,0.0013895000000000001,7.196833393306339
1787025360880,0.001389,626681.0,0.00139,2678953.0,0.0013895000000000001,7.196833393306339
1787025360917,0.001389,622856.0,0.00139,2678953.0,0.0013895000000000001,7.196833393306339
1787025360957,0.001389,622856.0,0.00139,2690828.0,0.0013895000000000001,7.196833393306339
1787025361069,0.001389,571115.0,0.00139,2690828.0,0.0013895000000000001,7.196833393306339
1787025361079,0.001389,571115.0,0.00139,1890828.0,0.0013895000000000001,7.196833393306339
1787025361087,0.001389,1314021.0,0.00139,1890828.0,0.0013895000000000001,7.196833393306339
1787025361088,0.001389,1314021.0,0.00139,1890828.0,0.0013895000000000001,7.196833393306339
1787025361092,0.00139,457948.0,0.001391,2667545.0,0.0013905,7.191657677095526
1787025361093,0.00139,239124.0,0.001391,2345617.0,0.0013905,7.191657677095526
1787025361094,0.00139,291558.0,0.001391,1890750.0,0.0013905,7.191657677095526
1787025361095,0.00139,111702.0,0.001391,1890750.0,0.0013905,7.191657677095526
1787025361096,0.00139,63225.0,0.001391,1890750.0,0.0013905,7.191657677095526
1787025361098,0.00139,111702.0,0.001391,1890750.0,0.0013905,7.191657677095526
1787025361122,0.00139,100911.0,0.001391,1890750.0,0.0013905,7.191657677095526
1787025361156,0.00139,52434.0,0.001391,1890750.0,0.0013905,7.191657677095526
1787025361168,0.00139,100911.0,0.001391,1890750.0,0.0013905,7.191657677095526
1787025361231,0.00139,112778.0,0.001391,1902617.0,0.0013905,7.191657677095526
1787025361243,0.00139,128475.0,0.001391,1902617.0,0.0013905,7.191657677095526
1787025361244,0.00139,142305.0,0.001391,1902617.0,0.0013905,7.191657677095526
1787025361251,0.00139,146588.0,0.001391,1902617.0,0.0013905,7.191657677095526
1787025361298,0.00139,146588.0,0.001391,1909808.0,0.0013905,7.191657677095526
1787025361299,0.00139,146588.0,0.001391,1927986.0,0.0013905,7.191657677095526
1787025361308,0.00139,146588.0,0.001391,2787640.0,0.0013905,7.191657677095526
1787025361309,0.00139,98111.0,0.001391,2787640.0,0.0013905,7.191657677095526
1787025361352,0.00139,98111.0,0.001391,2783687.0,0.0013905,7.191657677095526
1787025361381,0.00139,98111.0,0.001391,2804656.0,0.0013905,7.191657677095526
1787025361399,0.00139,98111.0,0.001391,2828631.0,0.0013905,7.191657677095526
1787025361400,0.00139,98111.0,0.001391,2846809.0,0.0013905,7.191657677095526
1787025361450,0.001389,1741375.0,0.00139,413081.0,0.0013895000000000001,7.196833393306339
1787025361451,0.001389,1335712.0,0.00139,728935.0,0.0013895000000000001,7.196833393306339
1787025361452,0.001389,554065.0,0.00139,754322.0,0.0013895000000000001,7.196833393306339
1787025361453,0.001389,651019.0,0.00139,754322.0,0.0013895000000000001,7.196833393306339
1787025361454,0.001389,651019.0,0.00139,989318.0,0.0013895000000000001,7.196833393306339
1787025361507,0.001389,655835.0,0.00139,989318.0,0.0013895000000000001,7.196833393306339
1787025361555,0.001389,655835.0,0.00139,1048779.0,0.0013895000000000001,7.196833393306339
1787025361600,0.001389,655835.0,0.00139,1067011.0,0.0013895000000000001,7.196833393306339
1787025361653,0.001389,1385249.0,0.00139,1067011.0,0.0013895000000000001,7.196833393306339
1787025361654,0.001389,1385249.0,0.00139,1814477.0,0.0013895000000000001,7.196833393306339
1787025361699,0.001389,1385249.0,0.00139,1796245.0,0.0013895000000000001,7.196833393306339
1787025361731,0.001389,1397124.0,0.00139,1808120.0,0.0013895000000000001,7.196833393306339
1787025361865,0.001389,1393046.0,0.00139,1808120.0,0.0013895000000000001,7.196833393306339
1787025362020,0.001389,1397006.0,0.00139,1808120.0,0.0013895000000000001,7.196833393306339
1787025362023,0.001389,1425816.0,0.00139,1808120.0,0.0013895000000000001,7.196833393306339
1787025362204,0.001389,1425816.0,0.00139,1060654.0,0.0013895000000000001,7.196833393306339
1787025362235,0.001389,1437050.0,0.00139,1060654.0,0.0013895000000000001,7.196833393306339
1787025362236,0.001389,1456244.0,0.00139,1060654.0,0.0013895000000000001,7.196833393306339
1787025362237,0.001389,1456244.0,0.00139,1012177.0,0.0013895000000000001,7.196833393306339
1787025362489,0.001389,1456244.0,0.00139,1887571.0,0.0013895000000000001,7.196833393306339
1787025362602,0.001389,1456244.0,0.00139,1905813.0,0.0013895000000000001,7.196833393306339
1787025363000,0.001389,1456244.0,0.00139,1887571.0,0.0013895000000000001,7.196833393306339
1787025363153,0.001389,1452266.0,0.00139,1887571.0,0.0013895000000000001,7.196833393306339
1787025363442,0.001389,1490384.0,0.00139,1887571.0,0.0013895000000000001,7.196833393306339
1787025363462,0.001389,1494703.0,0.00139,1887571.0,0.0013895000000000001,7.196833393306339
1787025363752,0.001389,1494703.0,0.00139,1348003.0,0.0013895000000000001,7.196833393306339
1787025363754,0.001389,1713603.0,0.00139,63418.0,0.0013895000000000001,7.196833393306339
1787025363755,0.00139,32418.0,0.001391,3819551.0,0.0013905,7.191657677095526
1787025363756,0.00139,298261.0,0.001391,3765894.0,0.0013905,7.191657677095526
1787025363757,0.00139,742853.0,0.001391,2736511.0,0.0013905,7.191657677095526
1787025363758,0.00139,1034932.0,0.001391,2705712.0,0.0013905,7.191657677095526
1787025363759,0.00139,855076.0,0.001391,2705712.0,0.0013905,7.191657677095526
1787025363760,0.00139,822803.0,0.001391,2705712.0,0.0013905,7.191657677095526
1787025363819,0.00139,774326.0,0.001391,2705712.0,0.0013905,7.191657677095526
1787025363826,0.00139,774326.0,0.001391,2105712.0,0.0013905,7.191657677095526
1787025363828,0.00139,822803.0,0.001391,2105712.0,0.0013905,7.191657677095526
1787025363839,0.00139,822803.0,0.001391,1395352.0,0.0013905,7.191657677095526
1787025363866,0.00139,834670.0,0.001391,1407219.0,0.0013905,7.191657677095526
1787025363984,0.00139,1667971.0,0.001391,2177054.0,0.0013905,7.191657677095526
1787025364212,0.00139,1663994.0,0.001391,2177054.0,0.0013905,7.191657677095526
1787025364213,0.00139,1603650.0,0.001391,2177054.0,0.0013905,7.191657677095526
1787025364214,0.00139,1615517.0,0.001391,2177054.0,0.0013905,7.191657677095526
1787025364253,0.00139,1626751.0,0.001391,2177054.0,0.0013905,7.191657677095526
1787025364254,0.00139,1637774.0,0.001391,2177054.0,0.0013905,7.191657677095526
1787025364255,0.00139,1645945.0,0.001391,2177054.0,0.0013905,7.191657677095526
1787025364357,0.00139,1642796.0,0.001391,2177054.0,0.0013905,7.191657677095526
1787025364401,0.00139,1642796.0,0.001391,2153079.0,0.0013905,7.191657677095526
1787025364472,0.00139,1680914.0,0.001391,2153079.0,0.0013905,7.191657677095526
1787025364488,0.00139,847613.0,0.001391,2153079.0,0.0013905,7.191657677095526
1787025364490,0.00139,604011.0,0.001391,2153079.0,0.0013905,7.191657677095526
1787025364796,0.00139,611202.0,0.001391,2153079.0,0.0013905,7.191657677095526
1787025364797,0.00139,611202.0,0.001391,2009246.0,0.0013905,7.191657677095526
1787025364801,0.00139,611202.0,0.001391,2027477.0,0.0013905,7.191657677095526
1787025364857,0.00139,1445624.0,0.001391,2027477.0,0.0013905,7.191657677095526
1787025364858,0.00139,1445624.0,0.001391,2027477.0,0.0013905,7.191657677095526
1787025364899,0.00139,1445624.0,0.001391,2009246.0,0.0013905,7.191657677095526
1787025365097,0.00139,1441298.0,0.001391,2009246.0,0.0013905,7.191657677095526
1787025365297,0.00139,1434107.0,0.001391,2009246.0,0.0013905,7.191657677095526
1787025365797,0.00139,1441298.0,0.001391,2009246.0,0.0013905,7.191657677095526
1787025365849,0.00139,1437457.0,0.001391,2009246.0,0.0013905,7.191657677095526
1787025366118,0.00139,1437457.0,0.001391,1721684.0,0.0013905,7.191657677095526
1787025366119,0.00139,2237457.0,0.001391,1358718.0,0.0013905,7.191657677095526
1787025366120,0.001391,277449.0,0.001392,3058732.0,0.0013915,7.186489399927531
1787025366121,0.001391,722998.0,0.001392,1551631.0,0.0013915,7.186489399927531
1787025366122,0.001391,726952.0,0.001392,1695412.0,0.0013915,7.186489399927531
1787025366123,0.001391,858375.0,0.001392,1618473.0,0.0013915,7.186489399927531
1787025366125,0.001391,1101977.0,0.001392,1618473.0,0.0013915,7.186489399927531
1787025366173,0.001391,1173978.0,0.001392,1618473.0,0.0013915,7.186489399927531
1787025366228,0.001391,1185836.0,0.001392,1618473.0,0.0013915,7.186489399927531
1787025366229,0.001391,1185836.0,0.001392,1630331.0,0.0013915,7.186489399927531
1787025366297,0.001391,1193022.0,0.001392,1630331.0,0.0013915,7.186489399927531
1787025366298,0.001391,1193022.0,0.001392,2164840.0,0.0013915,7.186489399927531
1787025366363,0.001391,1193022.0,0.001392,2160887.0,0.0013915,7.186489399927531
1787025366364,0.001391,1193022.0,0.001392,3021569.0,0.0013915,7.186489399927531
1787025366365,0.001391,2028191.0,0.001392,3021569.0,0.0013915,7.186489399927531
1787025366539,0.001391,2028191.0,0.001392,2949679.0,0.0013915,7.186489399927531
1787025366540,0.001391,2028191.0,0.001392,2415170.0,0.0013915,7.186489399927531
1787025366541,0.001391,2028191.0,0.001392,1554488.0,0.0013915,7.186489399927531
1787025366542,0.001391,2028191.0,0.001392,1542630.0,0.0013915,7.186489399927531
1787025366614,0.001391,2028191.0,0.001392,1554488.0,0.0013915,7.186489399927531
1787025366643,0.001391,2028191.0,0.001392,1331441.0,0.0013915,7.186489399927531
1787025366657,0.001391,2828191.0,0.001392,1331441.0,0.0013915,7.186489399927531
1787025366658,0.001391,2028191.0,0.001392,1331441.0,0.0013915,7.186489399927531
1787025366671,0.001391,2028191.0,0.001392,2407789.0,0.0013915,7.186489399927531
1787025366742,0.001391,2028191.0,0.001392,3162703.0,0.0013915,7.186489399927531
1787025366743,0.001391,2028191.0,0.001392,3150845.0,0.0013915,7.186489399927531
1787025366745,0.001391,2028191.0,0.001392,3162703.0,0.0013915,7.186489399927531
1787025366801,0.001391,2066309.0,0.001392,3162703.0,0.0013915,7.186489399927531
1787025366825,0.001391,2077543.0,0.001392,3162703.0,0.0013915,7.186489399927531
1787025366840,0.001391,2077543.0,0.001392,3697212.0,0.0013915,7.186489399927531
1787025366841,0.001391,2085714.0,0.001392,3697212.0,0.0013915,7.186489399927531
1787025366842,0.001391,2096737.0,0.001392,3697212.0,0.0013915,7.186489399927531
1787025366922,0.001391,2096737.0,0.001392,3714111.0,0.0013915,7.186489399927531
1787025367033,0.001391,2093678.0,0.001392,3714111.0,0.0013915,7.186489399927531
1787025367153,0.001391,2093678.0,0.001392,3570330.0,0.0013915,7.186489399927531
1787025367156,0.001391,2093678.0,0.001392,3574102.0,0.0013915,7.186489399927531
1787025367588,0.001391,2122468.0,0.001392,3574102.0,0.0013915,7.186489399927531
1787025367645,0.001391,2722468.0,0.001392,3574102.0,0.0013915,7.186489399927531
1787025367647,0.001391,2122468.0,0.001392,3574102.0,0.0013915,7.186489399927531
1787025367824,0.001391,2015152.0,0.001392,3574102.0,0.0013915,7.186489399927531
1787025367886,0.001391,2015152.0,0.001392,3719127.0,0.0013915,7.186489399927531
1787025368111,0.001391,2015152.0,0.001392,3882180.0,0.0013915,7.186489399927531
1787025368141,0.001391,2011438.0,0.001392,3882180.0,0.0013915,7.186489399927531
1787025368756,0.00139,2847621.0,0.001391,67118.0,0.0013905,7.191657677095526
1787025368757,0.00139,2847621.0,0.001391,311088.0,0.0013905,7.191657677095526
1787025368758,0.00139,1377555.0,0.001391,1021726.0,0.0013905,7.191657677095526
1787025368759,0.00139,1362241.0,0.001391,1678488.0,0.0013905,7.191657677095526
1787025368760,0.00139,1103540.0,0.001391,1147933.0,0.0013905,7.191657677095526
1787025368761,0.00139,1103540.0,0.001391,1196410.0,0.0013905,7.191657677095526
1787025368762,0.00139,1103540.0,0.001391,1174830.0,0.0013905,7.191657677095526
1787025368763,0.00139,1103540.0,0.001391,1153250.0,0.0013905,7.191657677095526
1787025368785,0.00139,1103540.0,0.001391,1012680.0,0.0013905,7.191657677095526
1787025368786,0.00139,1103540.0,0.001391,986523.0,0.0013905,7.191657677095526
1787025368825,0.00139,1053702.0,0.001391,986523.0,0.0013905,7.191657677095526
1787025368829,0.00139,945749.0,0.001391,986523.0,0.0013905,7.191657677095526
1787025368831,0.00139,802019.0,0.001391,986523.0,0.0013905,7.191657677095526
1787025368844,0.00139,1090014.0,0.001391,986523.0,0.0013905,7.191657677095526
1787025368859,0.00139,1090014.0,0.001391,1521032.0,0.0013905,7.191657677095526
1787025368991,0.00139,1915573.0,0.001391,1521032.0,0.0013905,7.191657677095526
1787025368992,0.00139,1915573.0,0.001391,2412480.0,0.0013905,7.191657677095526
1787025368993,0.00139,1927440.0,0.001391,2424347.0,0.0013905,7.191657677095526
1787025369295,0.00139,1924768.0,0.001391,2424347.0,0.0013905,7.191657677095526
1787025369301,0.00139,1931959.0,0.001391,2424347.0,0.0013905,7.191657677095526
1787025369608,0.00139,1959346.0,0.001391,2424347.0,0.0013905,7.191657677095526
1787025369621,0.00139,1944895.0,0.001391,2424347.0,0.0013905,7.191657677095526
1787025369622,0.00139,1252942.0,0.001391,2424347.0,0.0013905,7.191657677095526
1787025369684,0.00139,1256899.0,0.001391,2424347.0,0.0013905,7.191657677095526
1787025369765,0.00139,1256899.0,0.001391,2280514.0,0.0013905,7.191657677095526
1787025369879,0.00139,1436928.0,0.001391,2280514.0,0.0013905,7.191657677095526
1787025369887,0.00139,1436928.0,0.001391,2258947.0,0.0013905,7.191657677095526
1787025369889,0.00139,2036928.0,0.001391,2258947.0,0.0013905,7.191657677095526
1787025369890,0.00139,1436928.0,0.001391,2258947.0,0.0013905,7.191657677095526
1787025369891,0.00139,1436928.0,0.001391,2258947.0,0.0013905,7.191657677095526
1787025369923,0.00139,1436928.0,0.001391,2296016.0,0.0013905,7.191657677095526
1787025369956,0.00139,1692743.0,0.001391,2296016.0,0.0013905,7.191657677095526
1787025369964,0.00139,1692743.0,0.001391,1404568.0,0.0013905,7.191657677095526
1787025369965,0.00139,1692743.0,0.001391,1392701.0,0.0013905,7.191657677095526
1787025369966,0.001391,190510.0,0.001392,3542212.0,0.0013915,7.186489399927531
1787025369967,0.001391,1169131.0,0.001392,2564001.0,0.0013915,7.186489399927531
1787025369968,0.001391,711635.0,0.001392,2707729.0,0.0013915,7.186489399927531
1787025369969,0.001391,781526.0,0.001392,2707729.0,0.0013915,7.186489399927531
1787025369970,0.001391,733049.0,0.001392,2707729.0,0.0013915,7.186489399927531
1787025369971,0.001391,733049.0,0.001392,2563999.0,0.0013915,7.186489399927531
1787025369972,0.001391,711635.0,0.001392,2563999.0,0.0013915,7.186489399927531
1787025369973,0.001391,700851.0,0.001392,2563999.0,0.0013915,7.186489399927531
1787025370009,0.001391,834519.0,0.001392,2563999.0,0.0013915,7.186489399927531
1787025370120,0.001391,846377.0,0.001392,2575857.0,0.0013915,7.186489399927531
1787025370149,0.001391,822579.0,0.001392,2575857.0,0.0013915,7.186489399927531
1787025370178,0.001391,1700592.0,0.001392,3319744.0,0.0013915,7.186489399927531
1787025370196,0.001391,1694446.0,0.001392,3319744.0,0.0013915,7.186489399927531
1787025370245,0.001391,1706304.0,0.001392,3319744.0,0.0013915,7.186489399927531
1787025370393,0.001391,1704619.0,0.001392,3319744.0,0.0013915,7.186489399927531
1787025370611,0.001391,1708573.0,0.001392,3319744.0,0.0013915,7.186489399927531
1787025370812,0.001391,1704793.0,0.001392,3319744.0,0.0013915,7.186489399927531
1787025370879,0.001391,1884693.0,0.001392,3319744.0,0.0013915,7.186489399927531
1787025370921,0.001391,1847291.0,0.001392,3319744.0,0.0013915,7.186489399927531
1787025371015,0.001391,1847291.0,0.001392,3176015.0,0.0013915,7.186489399927531
1787025371599,0.001391,1874678.0,0.001392,3176015.0,0.0013915,7.186489399927531
1787025371613,0.001391,1870756.0,0.001392,3176015.0,0.0013915,7.186489399927531
1787025371921,0.001391,1870756.0,0.001392,3213219.0,0.0013915,7.186489399927531
1787025371935,0.001391,1870756.0,0.001392,3209090.0,0.0013915,7.186489399927531
1787025372068,0.001391,1870756.0,0.001392,3079357.0,0.0013915,7.186489399927531
1787025372072,0.001391,1870756.0,0.001392,3221616.0,0.0013915,7.186489399927531
1787025372165,0.001391,1870756.0,0.001392,3217844.0,0.0013915,7.186489399927531
1787025372169,0.001391,1870756.0,0.001392,3223345.0,0.0013915,7.186489399927531
1787025372495,0.001391,980885.0,0.001392,3223345.0,0.0013915,7.186489399927531
1787025372496,0.001391,764052.0,0.001392,3223345.0,0.0013915,7.186489399927531
1787025372618,0.001391,980885.0,0.001392,3199611.0,0.0013915,7.186489399927531
1787025372619,0.001391,1566373.0,0.001392,2295160.0,0.0013915,7.186489399927531
1787025372620,0.001391,2354515.0,0.001392,2263227.0,0.0013915,7.186489399927531
1787025372621,0.001391,1554515.0,0.001392,2263227.0,0.0013915,7.186489399927531
1787025372625,0.001391,2531095.0,0.001392,2263227.0,0.0013915,7.186489399927531
1787025372626,0.001391,1945607.0,0.001392,2263227.0,0.0013915,7.186489399927531
1787025372628,0.001391,1974397.0,0.001392,2263227.0,0.0013915,7.186489399927531
1787025372637,0.001391,1974397.0,0.001392,2205707.0,0.0013915,7.186489399927531
1787025372678,0.001391,969027.0,0.001392,2205707.0,0.0013915,7.186489399927531
1787025372688,0.001391,1017504.0,0.001392,2205707.0,0.0013915,7.186489399927531
1787025372698,0.001391,1046294.0,0.001392,2205707.0,0.0013915,7.186489399927531
1787025372718,0.001391,1017504.0,0.001392,2205707.0,0.0013915,7.186489399927531
1787025372719,0.001391,969027.0,0.001392,2205707.0,0.0013915,7.186489399927531
1787025372757,0.001391,964894.0,0.001392,2205707.0,0.0013915,7.186489399927531
1787025372782,0.001391,976752.0,0.001392,2217565.0,0.0013915,7.186489399927531
1787025372795,0.001391,983938.0,0.001392,2217565.0,0.0013915,7.186489399927531
1787025372838,0.001391,1783952.0,0.001392,2217565.0,0.0013915,7.186489399927531
1787025372839,0.001391,1783952.0,0.001392,3122916.0,0.0013915,7.186489399927531
1787025373312,0.001391,1783952.0,0.001392,3114922.0,0.0013915,7.186489399927531
1787025373796,0.001391,1776766.0,0.001392,3114922.0,0.0013915,7.186489399927531
1787025373843,0.001391,1881814.0,0.001392,3114922.0,0.0013915,7.186489399927531
1787025374296,0.001391,1889000.0,0.001392,3114922.0,0.0013915,7.186489399927531
1787025374319,0.001391,1886629.0,0.001392,3114922.0,0.0013915,7.186489399927531
1787025375151,0.001391,2174083.0,0.001392,2209571.0,0.0013915,7.186489399927531
1787025375152,0.001391,2162225.0,0.001392,2209571.0,0.0013915,7.186489399927531
1787025375158,0.001391,2191015.0,0.001392,2209571.0,0.0013915,7.186489399927531
1787025375164,0.001391,3167595.0,0.001392,2209571.0,0.0013915,7.186489399927531
1787025375235,0.001391,3179453.0,0.001392,2209571.0,0.0013915,7.186489399927531
1787025375333,0.001391,3179453.0,0.001392,2067312.0,0.0013915,7.186489399927531
1787025375334,0.001391,3179453.0,0.001393,1725686.0,0.001392,14.367816091952815
1787025375335,0.001391,3407741.0,0.001393,1725686.0,0.001392,14.367816091952815
1787025375336,0.001392,1482428.0,0.001393,1550853.0,0.0013925,7.181328545780365
1787025375337,0.001392,1062198.0,0.001393,844693.0,0.0013925,7.181328545780365
1787025375338,0.001392,1066150.0,0.001393,834617.0,0.0013925,7.181328545780365
1787025375339,0.001392,1066150.0,0.001393,1011453.0,0.0013925,7.181328545780365
1787025375356,0.001392,1910108.0,0.001393,1011453.0,0.0013925,7.181328545780365
1787025375357,0.001392,1910108.0,0.001393,1864036.0,0.0013925,7.181328545780365
1787025375371,0.001392,1910108.0,0.001393,1860086.0,0.0013925,7.181328545780365
1787025375389,0.001392,1906705.0,0.001393,1860086.0,0.0013925,7.181328545780365
1787025375442,0.001392,1918555.0,0.001393,1871936.0,0.0013925,7.181328545780365
1787025375801,0.001392,1925736.0,0.001393,1871936.0,0.0013925,7.181328545780365
1787025375884,0.001392,1697964.0,0.001393,1871936.0,0.0013925,7.181328545780365
1787025375886,0.001392,854006.0,0.001393,1871936.0,0.0013925,7.181328545780365
1787025375919,0.001392,844468.0,0.001393,1871936.0,0.0013925,7.181328545780365
1787025375922,0.001392,844468.0,0.001393,1898125.0,0.0013925,7.181328545780365
1787025376185,0.001392,1703875.0,0.001393,1898125.0,0.0013925,7.181328545780365
1787025376186,0.001392,1703875.0,0.001393,1898125.0,0.0013925,7.181328545780365
1787025376297,0.001392,1696694.0,0.001393,1898125.0,0.0013925,7.181328545780365
1787025376354,0.001392,1696694.0,0.001393,1754447.0,0.0013925,7.181328545780365
1787025376609,0.001392,1693761.0,0.001393,1754447.0,0.0013925,7.181328545780365
1787025376644,0.001392,1704894.0,0.001393,1754447.0,0.0013925,7.181328545780365
1787025376648,0.001392,1721148.0,0.001393,1754447.0,0.0013925,7.181328545780365
1787025376796,0.001392,1728329.0,0.001393,1754447.0,0.0013925,7.181328545780365
1787025376894,0.001392,1535782.0,0.001393,1754447.0,0.0013925,7.181328545780365
1787025376896,0.001392,676375.0,0.001393,1754447.0,0.0013925,7.181328545780365
1787025376897,0.001392,600003.0,0.001393,1754447.0,0.0013925,7.181328545780365
1787025376923,0.001392,600003.0,0.001393,1728258.0,0.0013925,7.181328545780365
1787025376981,0.001392,1400003.0,0.001393,1728258.0,0.0013925,7.181328545780365
1787025376982,0.001392,1400003.0,0.001393,1728258.0,0.0013925,7.181328545780365
1787025377083,0.001392,1400003.0,0.001393,2599226.0,0.0013925,7.181328545780365
1787025377151,0.001392,2194507.0,0.001393,2599226.0,0.0013925,7.181328545780365
1787025377298,0.001392,2489731.0,0.001393,2599226.0,0.0013925,7.181328545780365
1787025377735,0.001392,2485153.0,0.001393,2599226.0,0.0013925,7.181328545780365
1787025377798,0.001392,2492334.0,0.001393,2599226.0,0.0013925,7.181328545780365
1787025378022,0.001392,2492334.0,0.001396,2084139.0,0.001394,28.69440459110543
1787025378023,0.001393,1354364.0,0.001396,1179913.0,0.0013945,21.51308712800417
1787025378024,0.001394,179473.0,0.001395,540093.0,0.0013945,7.171029042667021
1787025378025,0.001394,733998.0,0.001395,540093.0,0.0013945,7.171029042667021
1787025378026,0.001394,853102.0,0.001395,588570.0,0.0013945,7.171029042667021
1787025378027,0.001394,790361.0,0.001395,1541253.0,0.0013945,7.171029042667021
1787025378028,0.001394,541719.0,0.001395,817862.0,0.0013945,7.171029042667021
1787025378029,0.001394,46837.0,0.001395,817862.0,0.0013945,7.171029042667021
1787025378030,0.001394,312147.0,0.001395,803512.0,0.0013945,7.171029042667021
1787025378031,0.001394,273296.0,0.001395,791028.0,0.0013945,7.171029042667021
1787025378032,0.001394,1210159.0,0.001395,791028.0,0.0013945,7.171029042667021
1787025378034,0.001394,1121773.0,0.001395,791028.0,0.0013945,7.171029042667021
1787025378035,0.001394,1112147.0,0.001395,791028.0,0.0013945,7.171029042667021
1787025378070,0.001394,926334.0,0.001395,791028.0,0.0013945,7.171029042667021
1787025378077,0.001394,1059718.0,0.001395,791028.0,0.0013945,7.171029042667021
1787025378078,0.001394,259718.0,0.001395,791028.0,0.0013945,7.171029042667021
1787025378080,0.001394,366162.0,0.001395,791028.0,0.0013945,7.171029042667021
1787025378087,0.001394,414639.0,0.001395,791028.0,0.0013945,7.171029042667021
1787025378103,0.001394,414639.0,0.001395,6761.0,0.0013945,7.171029042667021
1787025378104,0.001394,845131.0,0.001395,6761.0,0.0013945,7.171029042667021
1787025378105,0.001394,845131.0,0.001395,55238.0,0.0013945,7.171029042667021
1787025378125,0.001394,1074065.0,0.001395,55238.0,0.0013945,7.171029042667021
1787025378126,0.001394,1329880.0,0.001395,55238.0,0.0013945,7.171029042667021
1787025378128,0.001394,1808974.0,0.001395,55238.0,0.0013945,7.171029042667021
1787025378158,0.001394,1837764.0,0.001395,55238.0,0.0013945,7.171029042667021
1787025378161,0.001394,2285792.0,0.001396,669409.0,0.001395,14.336917562724363
1787025378162,0.001395,994486.0,0.001396,669408.0,0.0013955,7.165890361878414
1787025378163,0.001395,1142093.0,0.001396,669408.0,0.0013955,7.165890361878414
1787025378165,0.001395,1142093.0,0.001396,967880.0,0.0013955,7.165890361878414
1787025378183,0.001395,1134980.0,0.001396,967880.0,0.0013955,7.165890361878414
1787025378190,0.001395,1042952.0,0.001396,967880.0,0.0013955,7.165890361878414
1787025378191,0.001395,219118.0,0.001396,967880.0,0.0013955,7.165890361878414
1787025378192,0.001395,2285.0,0.001396,967880.0,0.0013955,7.165890361878414
1787025378193,0.001395,81788.0,0.001396,967880.0,0.0013955,7.165890361878414
1787025378194,0.001395,130265.0,0.001396,967880.0,0.0013955,7.165890361878414
1787025378199,0.001395,602752.0,0.001396,967880.0,0.0013955,7.165890361878414
1787025378210,0.001395,520964.0,0.001396,967880.0,0.0013955,7.165890361878414
1787025378212,0.001395,532788.0,0.001396,979704.0,0.0013955,7.165890361878414
1787025378213,0.001395,980816.0,0.001396,979704.0,0.0013955,7.165890361878414
1787025378225,0.001395,1002187.0,0.001396,979704.0,0.0013955,7.165890361878414
1787025378227,0.001395,980816.0,0.001396,979704.0,0.0013955,7.165890361878414
1787025378351,0.001395,980816.0,0.001396,983654.0,0.0013955,7.165890361878414
1787025378352,0.001395,980816.0,0.001396,979704.0,0.0013955,7.165890361878414
1787025378355,0.001395,980816.0,0.001396,983654.0,0.0013955,7.165890361878414
1787025378362,0.001395,980816.0,0.001396,979704.0,0.0013955,7.165890361878414
1787025378367,0.001395,980816.0,0.001396,1836560.0,0.0013955,7.165890361878414
1787025378401,0.001395,980816.0,0.001396,1792973.0,0.0013955,7.165890361878414
1787025378402,0.001395,996814.0,0.001396,1792973.0,0.0013955,7.165890361878414
1787025378423,0.001395,1877683.0,0.001396,1792973.0,0.0013955,7.165890361878414
1787025378424,0.001395,1865859.0,0.001396,1792973.0,0.0013955,7.165890361878414
1787025378425,0.001395,1877683.0,0.001396,1792973.0,0.0013955,7.165890361878414
1787025378450,0.001395,1877683.0,0.001396,1799161.0,0.0013955,7.165890361878414
1787025378629,0.001395,1905070.0,0.001396,1799161.0,0.0013955,7.165890361878414
1787025378676,0.001395,1024201.0,0.001396,1799161.0,0.0013955,7.165890361878414
1787025378700,0.001395,855918.0,0.001396,1799161.0,0.0013955,7.165890361878414
1787025378761,0.001395,1035302.0,0.001396,1799161.0,0.0013955,7.165890361878414
1787025378783,0.001395,1031811.0,0.001396,1799161.0,0.0013955,7.165890361878414
1787025378798,0.001395,1038976.0,0.001396,1799161.0,0.0013955,7.165890361878414
1787025378950,0.001395,1038976.0,0.001396,1803101.0,0.0013955,7.165890361878414
1787025378953,0.001395,1042919.0,0.001396,1803101.0,0.0013955,7.165890361878414
1787025379001,0.001395,738715.0,0.001396,1803101.0,0.0013955,7.165890361878414
1787025379051,0.001395,738715.0,0.001396,1659629.0,0.0013955,7.165890361878414
1787025379052,0.001395,738715.0,0.001396,1659629.0,0.0013955,7.165890361878414
1787025379111,0.001395,961953.0,0.001396,1659629.0,0.0013955,7.165890361878414
1787025379114,0.001395,1758212.0,0.001396,1659629.0,0.0013955,7.165890361878414
1787025379115,0.001395,1746388.0,0.001396,1442796.0,0.0013955,7.165890361878414
1787025379116,0.001395,1758212.0,0.001396,1442796.0,0.0013955,7.165890361878414
1787025379171,0.001395,1758212.0,0.001396,1628609.0,0.0013955,7.165890361878414
1787025379599,0.001395,1758212.0,0.001396,1657344.0,0.0013955,7.165890361878414
1787025379612,0.001395,1754237.0,0.001396,1657344.0,0.0013955,7.165890361878414
1787025379702,0.001395,1754237.0,0.001396,1628609.0,0.0013955,7.165890361878414
1787025379729,0.001395,1750515.0,0.001396,1628609.0,0.0013955,7.165890361878414
1787025380083,0.001395,1750515.0,0.001396,1551162.0,0.0013955,7.165890361878414
1787025380084,0.001395,1993375.0,0.001396,1551162.0,0.0013955,7.165890361878414
1787025380085,0.001395,1993375.0,0.001396,694306.0,0.0013955,7.165890361878414
1787025380088,0.001395,2022165.0,0.001396,694306.0,0.0013955,7.165890361878414
1787025380272,0.001395,2026466.0,0.001396,694306.0,0.0013955,7.165890361878414
1787025380298,0.001395,2019301.0,0.001396,694306.0,0.0013955,7.165890361878414
1787025380338,0.001395,2019301.0,0.001396,1555384.0,0.0013955,7.165890361878414
1787025380339,0.001395,2019301.0,0.001396,1543560.0,0.0013955,7.165890361878414
1787025380340,0.001395,2019301.0,0.001396,1555384.0,0.0013955,7.165890361878414
1787025380362,0.001395,2173939.0,0.001396,1555384.0,0.0013955,7.165890361878414
1787025380365,0.001395,2145149.0,0.001396,1555384.0,0.0013955,7.165890361878414
1787025380384,0.001395,2145149.0,0.001396,2089893.0,0.0013955,7.165890361878414
1787025380493,0.001395,2145149.0,0.001396,1228815.0,0.0013955,7.165890361878414
1787025380700,0.001395,2145149.0,0.001396,2012144.0,0.0013955,7.165890361878414
1787025380701,0.001395,2145149.0,0.001396,2000320.0,0.0013955,7.165890361878414
1787025380702,0.001395,2145149.0,0.001396,2012144.0,0.0013955,7.165890361878414
1787025380793,0.001395,2140764.0,0.001396,2012144.0,0.0013955,7.165890361878414
1787025380794,0.001395,1986126.0,0.001396,2012144.0,0.0013955,7.165890361878414
1787025380798,0.001395,1993291.0,0.001396,2012144.0,0.0013955,7.165890361878414
1787025381178,0.001395,2005022.0,0.001396,2012144.0,0.0013955,7.165890361878414
1787025381297,0.001395,1997857.0,0.001396,2012144.0,0.0013955,7.165890361878414
1787025381493,0.001395,1997857.0,0.001396,1228815.0,0.0013955,7.165890361878414
1787025381495,0.001395,2154446.0,0.001396,1228815.0,0.0013955,7.165890361878414
1787025381498,0.001395,2183236.0,0.001396,1228815.0,0.0013955,7.165890361878414
1787025381711,0.001395,2183236.0,0.001396,2037669.0,0.0013955,7.165890361878414
1787025381796,0.001395,2190401.0,0.001396,2037669.0,0.0013955,7.165890361878414
1787025381878,0.001395,2033812.0,0.001396,2037669.0,0.0013955,7.165890361878414
1787025382055,0.001395,2030337.0,0.001396,2037669.0,0.0013955,7.165890361878414
1787025382064,0.001395,2030337.0,0.001396,2044194.0,0.0013955,7.165890361878414
1787025382296,0.001395,2023172.0,0.001396,2044194.0,0.0013955,7.165890361878414
1787025382606,0.001395,2023172.0,0.001396,1775377.0,0.0013955,7.165890361878414
1787025382607,0.001395,3208035.0,0.001396,1775377.0,0.0013955,7.165890361878414
1787025382608,0.001395,2967923.0,0.001396,1775377.0,0.0013955,7.165890361878414
1787025382609,0.001395,2167923.0,0.001396,1775377.0,0.0013955,7.165890361878414
1787025382632,0.001395,2179747.0,0.001396,1775377.0,0.0013955,7.165890361878414
1787025382741,0.001395,2024196.0,0.001396,1775377.0,0.0013955,7.165890361878414
1787025382743,0.001395,1545715.0,0.001396,1775377.0,0.0013955,7.165890361878414
1787025382744,0.001395,1071362.0,0.001396,1775377.0,0.0013955,7.165890361878414
1787025382798,0.001395,1078527.0,0.001396,1775377.0,0.0013955,7.165890361878414
1787025382957,0.001395,1822658.0,0.001396,1775377.0,0.0013955,7.165890361878414
1787025382958,0.001395,1822658.0,0.001396,1775377.0,0.0013955,7.165890361878414
1787025383016,0.001395,1822658.0,0.001396,1774418.0,0.0013955,7.165890361878414
1787025383017,0.001395,2622658.0,0.001396,1774418.0,0.0013955,7.165890361878414
1787025383191,0.001395,2779233.0,0.001396,1774418.0,0.0013955,7.165890361878414
1787025383297,0.001395,2772068.0,0.001396,1774418.0,0.0013955,7.165890361878414
1787025383325,0.001395,2770269.0,0.001396,1774418.0,0.0013955,7.165890361878414
1787025383326,0.001395,1970269.0,0.001396,1774418.0,0.0013955,7.165890361878414
1787025383497,0.001395,1970269.0,0.001396,1434531.0,0.0013955,7.165890361878414
1787025383498,0.001395,2770269.0,0.001396,625677.0,0.0013955,7.165890361878414
1787025383499,0.001395,2770269.0,0.001396,629617.0,0.0013955,7.165890361878414
1787025383576,0.001395,2999203.0,0.001396,629617.0,0.0013955,7.165890361878414
1787025383740,0.001395,2999203.0,0.001396,623884.0,0.0013955,7.165890361878414
1787025383799,0.001395,3006368.0,0.001396,623884.0,0.0013955,7.165890361878414
1787025383912,0.001395,3010669.0,0.001396,623884.0,0.0013955,7.165890361878414
1787025384296,0.001395,3003504.0,0.001396,623884.0,0.0013955,7.165890361878414
1787025384305,0.001395,2999000.0,0.001396,623884.0,0.0013955,7.165890361878414
1787025385511,0.001395,2999000.0,0.001396,158633.0,0.0013955,7.165890361878414
1787025385513,0.001395,2999000.0,0.001396,22289.0,0.0013955,7.165890361878414
1787025385514,0.001395,3782343.0,0.001396,10465.0,0.0013955,7.165890361878414
1787025385515,0.001396,950203.0,0.001397,3843299.0,0.0013965000000000002,7.160759040457685
1787025385516,0.001396,1616341.0,0.001397,2856529.0,0.0013965000000000002,7.160759040457685
1787025385517,0.001396,1203744.0,0.001397,2857446.0,0.0013965000000000002,7.160759040457685
1787025385518,0.001396,1136051.0,0.001397,3086823.0,0.0013965000000000002,7.160759040457685
1787025385539,0.001396,1057556.0,0.001397,3086823.0,0.0013965000000000002,7.160759040457685
1787025385541,0.001396,1133119.0,0.001397,3086823.0,0.0013965000000000002,7.160759040457685
1787025385561,0.001396,1057556.0,0.001397,3086823.0,0.0013965000000000002,7.160759040457685
1787025385567,0.001396,1197192.0,0.001397,3086823.0,0.0013965000000000002,7.160759040457685
1787025385568,0.001396,1278195.0,0.001397,3086823.0,0.0013965000000000002,7.160759040457685
1787025385580,0.001396,1278195.0,0.001397,2981471.0,0.0013965000000000002,7.160759040457685
1787025385582,0.001396,1278195.0,0.001397,2864521.0,0.0013965000000000002,7.160759040457685
1787025385649,0.001396,1197192.0,0.001397,2864521.0,0.0013965000000000002,7.160759040457685
1787025385668,0.001396,1209008.0,0.001397,2864521.0,0.0013965000000000002,7.160759040457685
1787025385718,0.001396,2021074.0,0.001397,2864521.0,0.0013965000000000002,7.160759040457685
1787025385734,0.001396,2021074.0,0.001397,2644742.0,0.0013965000000000002,7.160759040457685
1787025386069,0.001396,2021074.0,0.001397,2830555.0,0.0013965000000000002,7.160759040457685
1787025386328,0.001396,1998567.0,0.001397,2830555.0,0.0013965000000000002,7.160759040457685
1787025386556,0.001396,1458999.0,0.001397,2830555.0,0.0013965000000000002,7.160759040457685
1787025386557,0.001396,646933.0,0.001397,2830555.0,0.0013965000000000002,7.160759040457685
1787025386559,0.001396,646933.0,0.001397,3299593.0,0.0013965000000000002,7.160759040457685
1787025386563,0.001396,646933.0,0.001397,3156378.0,0.0013965000000000002,7.160759040457685
1787025386594,0.001396,674320.0,0.001397,3156378.0,0.0013965000000000002,7.160759040457685
1787025386647,0.001396,671261.0,0.001397,3156378.0,0.0013965000000000002,7.160759040457685
1787025386813,0.001396,894499.0,0.001397,3156378.0,0.0013965000000000002,7.160759040457685
1787025386815,0.001396,1137359.0,0.001397,3156378.0,0.0013965000000000002,7.160759040457685
1787025386816,0.001396,1137359.0,0.001397,2687340.0,0.0013965000000000002,7.160759040457685
1787025386826,0.001396,1137359.0,0.001397,2431525.0,0.0013965000000000002,7.160759040457685
1787025386828,0.001396,1166149.0,0.001397,2431525.0,0.0013965000000000002,7.160759040457685
1787025386831,0.001396,1166149.0,0.001397,1596656.0,0.0013965000000000002,7.160759040457685
1787025386832,0.001396,1166149.0,0.001397,1408895.0,0.0013965000000000002,7.160759040457685
1787025386858,0.001396,1166149.0,0.001397,1385140.0,0.0013965000000000002,7.160759040457685
1787025386859,0.001396,1966149.0,0.001397,1385140.0,0.0013965000000000002,7.160759040457685
1787025386860,0.001396,1954333.0,0.001398,2650157.0,0.001397,14.31639226914697
1787025386861,0.001397,10737.0,0.001398,2650157.0,0.0013974999999999999,7.155635062611206
1787025386862,0.001397,936485.0,0.001398,1840432.0,0.0013974999999999999,7.155635062611206
1787025386863,0.001397,1226780.0,0.001398,1865050.0,0.0013974999999999999,7.155635062611206
1787025386864,0.001397,1298362.0,0.001398,1190672.0,0.0013974999999999999,7.155635062611206
1787025386865,0.001397,1302300.0,0.001398,1190672.0,0.0013974999999999999,7.155635062611206
1787025386867,0.001397,1915330.0,0.001398,1190672.0,0.0013974999999999999,7.155635062611206
1787025386868,0.001397,1944120.0,0.001398,1190672.0,0.0013974999999999999,7.155635062611206
1787025386920,0.001397,1331090.0,0.001398,1190672.0,0.0013974999999999999,7.155635062611206
1787025386923,0.001397,1331090.0,0.001398,1187532.0,0.0013974999999999999,7.155635062611206
1787025386939,0.001397,1331090.0,0.001398,1430392.0,0.0013974999999999999,7.155635062611206
1787025386977,0.001397,1342897.0,0.001398,1442199.0,0.0013974999999999999,7.155635062611206
1787025386987,0.001397,1342897.0,0.001398,1120293.0,0.0013974999999999999,7.155635062611206
1787025386988,0.001397,1542897.0,0.001398,1120293.0,0.0013974999999999999,7.155635062611206
1787025386989,0.001397,1542897.0,0.001398,877433.0,0.0013974999999999999,7.155635062611206
1787025387024,0.001397,1722024.0,0.001398,877433.0,0.0013974999999999999,7.155635062611206
1787025387034,0.001397,2505206.0,0.001398,877433.0,0.0013974999999999999,7.155635062611206
1787025387036,0.001397,2433624.0,0.001398,877433.0,0.0013974999999999999,7.155635062611206
1787025387095,0.001397,2433624.0,0.001398,1665081.0,0.0013974999999999999,7.155635062611206
1787025387171,0.001397,2433624.0,0.001398,1850894.0,0.0013974999999999999,7.155635062611206
1787025387172,0.001397,2433624.0,0.001398,1839087.0,0.0013974999999999999,7.155635062611206
1787025387173,0.001397,2433624.0,0.001398,1850894.0,0.0013974999999999999,7.155635062611206
1787025387297,0.001397,2433624.0,0.001398,1858049.0,0.0013974999999999999,7.155635062611206
1787025387368,0.001397,2433624.0,0.001398,1861984.0,0.0013974999999999999,7.155635062611206
1787025387512,0.001397,2433624.0,0.001398,2396493.0,0.0013974999999999999,7.155635062611206
1787025387788,0.001397,2590213.0,0.001398,2396493.0,0.0013974999999999999,7.155635062611206
1787025387789,0.001397,2578406.0,0.001398,2396493.0,0.0013974999999999999,7.155635062611206
1787025387796,0.001397,2578406.0,0.001398,2389338.0,0.0013974999999999999,7.155635062611206
1787025387817,0.001397,2574904.0,0.001398,2389338.0,0.0013974999999999999,7.155635062611206
1787025387896,0.001397,2586711.0,0.001398,2389338.0,0.0013974999999999999,7.155635062611206
1787025387914,0.001397,2586711.0,0.001398,2246175.0,0.0013974999999999999,7.155635062611206
1787025388298,0.001397,2586711.0,0.001398,2253330.0,0.0013974999999999999,7.155635062611206
1787025388479,0.001397,2586711.0,0.001398,2185905.0,0.0013974999999999999,7.155635062611206
1787025388480,0.001397,2586711.0,0.001398,1651396.0,0.0013974999999999999,7.155635062611206
1787025388481,0.001397,2586711.0,0.001398,863748.0,0.0013974999999999999,7.155635062611206
1787025388482,0.001397,2586711.0,0.001398,863748.0,0.0013974999999999999,7.155635062611206
1787025388556,0.001397,2815645.0,0.001398,863748.0,0.0013974999999999999,7.155635062611206
1787025388624,0.001397,2843032.0,0.001398,863748.0,0.0013974999999999999,7.155635062611206
1787025388625,0.001397,3009561.0,0.001398,863748.0,0.0013974999999999999,7.155635062611206
1787025388780,0.001397,3009561.0,0.001398,1398257.0,0.0013974999999999999,7.155635062611206
1787025388782,0.001397,3009561.0,0.001398,2270512.0,0.0013974999999999999,7.155635062611206
1787025388783,0.001397,2843032.0,0.001398,2270512.0,0.0013974999999999999,7.155635062611206
1787025388797,0.001397,2843032.0,0.001398,2263357.0,0.0013974999999999999,7.155635062611206
1787025388809,0.001397,2838330.0,0.001398,2263357.0,0.0013974999999999999,7.155635062611206
1787025388818,0.001397,2652951.0,0.001398,2263357.0,0.0013974999999999999,7.155635062611206
1787025388961,0.001397,2652951.0,0.001398,2248885.0,0.0013974999999999999,7.155635062611206
1787025388963,0.001397,2652951.0,0.001398,1714376.0,0.0013974999999999999,7.155635062611206
1787025389142,0.001397,2468407.0,0.001398,1714376.0,0.0013974999999999999,7.155635062611206
1787025389263,0.001397,2468407.0,0.001398,2248885.0,0.0013974999999999999,7.155635062611206
1787025389598,0.001397,2468407.0,0.001398,2277894.0,0.0013974999999999999,7.155635062611206
1787025389700,0.001397,2468407.0,0.001398,2248885.0,0.0013974999999999999,7.155635062611206
1787025389748,0.001397,2468407.0,0.001398,1976874.0,0.0013974999999999999,7.155635062611206
1787025389749,0.001397,2668407.0,0.001398,1104619.0,0.0013974999999999999,7.155635062611206
1787025389750,0.001397,2668407.0,0.001398,1104619.0,0.0013974999999999999,7.155635062611206
1787025389878,0.001397,2824955.0,0.001398,1104619.0,0.0013974999999999999,7.155635062611206
1787025389937,0.001397,2822252.0,0.001398,1104619.0,0.0013974999999999999,7.155635062611206
1787025389938,0.001397,2622252.0,0.001398,1104619.0,0.0013974999999999999,7.155635062611206
1787025390051,0.001397,2622252.0,0.001398,1980235.0,0.0013974999999999999,7.155635062611206
1787025390298,0.001397,2622252.0,0.001398,1987390.0,0.0013974999999999999,7.155635062611206
1787025390599,0.001397,2622252.0,0.001398,2016529.0,0.0013974999999999999,7.155635062611206
1787025390698,0.001397,2622252.0,0.001398,1987390.0,0.0013974999999999999,7.155635062611206
1787025390795,0.001397,2622252.0,0.001398,1980235.0,0.0013974999999999999,7.155635062611206
1787025390909,0.001397,2615048.0,0.001398,1980235.0,0.0013974999999999999,7.155635062611206
1787025390911,0.001397,2611146.0,0.001398,1980235.0,0.0013974999999999999,7.155635062611206
1787025390912,0.001397,2454598.0,0.001398,1980235.0,0.0013974999999999999,7.155635062611206
1787025391222,0.001397,2454598.0,0.001398,1975944.0,0.0013974999999999999,7.155635062611206
1787025391223,0.001397,2654598.0,0.001398,1975944.0,0.0013974999999999999,7.155635062611206
1787025391295,0.001397,2654598.0,0.001398,1983099.0,0.0013974999999999999,7.155635062611206
1787025391392,0.001397,2654598.0,0.001398,1107483.0,0.0013974999999999999,7.155635062611206
1787025391393,0.001397,2809170.0,0.001398,1107483.0,0.0013974999999999999,7.155635062611206
1787025391394,0.001397,2809170.0,0.001398,1095676.0,0.0013974999999999999,7.155635062611206
1787025391398,0.001397,2837960.0,0.001398,1095676.0,0.0013974999999999999,7.155635062611206
1787025391548,0.001397,2837960.0,0.001398,1088523.0,0.0013974999999999999,7.155635062611206
1787025391601,0.001397,2837960.0,0.001398,1117608.0,0.0013974999999999999,7.155635062611206
1787025391699,0.001397,2837960.0,0.001398,1088523.0,0.0013974999999999999,7.155635062611206
1787025391798,0.001397,2837960.0,0.001398,1081368.0,0.0013974999999999999,7.155635062611206
1787025391852,0.001397,2837960.0,0.001398,1093175.0,0.0013974999999999999,7.155635062611206
1787025391999,0.001397,2834137.0,0.001398,1093175.0,0.0013974999999999999,7.155635062611206
1787025392000,0.001397,2634137.0,0.001398,1093175.0,0.0013974999999999999,7.155635062611206
1787025392027,0.001397,2629736.0,0.001398,1093175.0,0.0013974999999999999,7.155635062611206
1787025392265,0.001397,2586380.0,0.001398,1093175.0,0.0013974999999999999,7.155635062611206
1787025392266,0.001397,2431808.0,0.001398,1093175.0,0.0013974999999999999,7.155635062611206
1787025392267,0.001397,2431808.0,0.001398,1834793.0,0.0013974999999999999,7.155635062611206
1787025392296,0.001397,2431808.0,0.001398,1841948.0,0.0013974999999999999,7.155635062611206
1787025392305,0.001397,2431808.0,0.001398,1941747.0,0.0013974999999999999,7.155635062611206
1787025392527,0.001397,2431808.0,0.001398,1867584.0,0.0013974999999999999,7.155635062611206
1787025392528,0.001397,2831808.0,0.001398,1867584.0,0.0013974999999999999,7.155635062611206
1787025392529,0.001397,2986380.0,0.001398,1125966.0,0.0013974999999999999,7.155635062611206
1787025392530,0.001397,2986380.0,0.001398,1125966.0,0.0013974999999999999,7.155635062611206
1787025392600,0.001397,2986380.0,0.001398,1184146.0,0.0013974999999999999,7.155635062611206
1787025392699,0.001397,2986380.0,0.001398,1155056.0,0.0013974999999999999,7.155635062611206
1787025392799,0.001397,2986380.0,0.001398,1147901.0,0.0013974999999999999,7.155635062611206
1787025392833,0.001397,2986380.0,0.001398,969075.0,0.0013974999999999999,7.155635062611206
1787025392866,0.001398,459399.0,0.001399,3851801.0,0.0013985,7.150518412585862
1787025392867,0.001398,1286702.0,0.001399,3026006.0,0.0013985,7.150518412585862
1787025392868,0.001398,2144153.0,0.001399,2538646.0,0.0013985,7.150518412585862
1787025392869,0.001398,1975022.0,0.001399,2322811.0,0.0013985,7.150518412585862
1787025392870,0.001398,1975022.0,0.001399,2551929.0,0.0013985,7.150518412585862
1787025392873,0.001398,1975022.0,0.001399,2409631.0,0.0013985,7.150518412585862
1787025392874,0.001398,1978957.0,0.001399,2409631.0,0.0013985,7.150518412585862
1787025392875,0.001398,1978957.0,0.001399,2267333.0,0.0013985,7.150518412585862
1787025392886,0.001398,2246885.0,0.001399,2267333.0,0.0013985,7.150518412585862
1787025392887,0.001398,2175354.0,0.001399,2267333.0,0.0013985,7.150518412585862
1787025392921,0.001398,2312649.0,0.001399,2267333.0,0.0013985,7.150518412585862
1787025392974,0.001398,2324448.0,0.001399,2279132.0,0.0013985,7.150518412585862
1787025393092,0.001398,2324448.0,0.001399,2464945.0,0.0013985,7.150518412585862
1787025393100,0.001398,2324448.0,0.001399,3480745.0,0.0013985,7.150518412585862
1787025393173,0.001398,2317285.0,0.001399,3480745.0,0.0013985,7.150518412585862
1787025393299,0.001398,2317285.0,0.001399,3487895.0,0.0013985,7.150518412585862
1787025393327,0.001398,2312570.0,0.001399,3487895.0,0.0013985,7.150518412585862
1787025393408,0.001398,2312570.0,0.001399,3452040.0,0.0013985,7.150518412585862
1787025393597,0.001398,2323703.0,0.001399,3452040.0,0.0013985,7.150518412585862
1787025393598,0.001398,2339957.0,0.001399,3452040.0,0.0013985,7.150518412585862
1787025393599,0.001398,2339957.0,0.001399,3540705.0,0.0013985,7.150518412585862
1787025393698,0.001398,2339957.0,0.001399,3511150.0,0.0013985,7.150518412585862
1787025393699,0.001398,2339957.0,0.001399,3452040.0,0.0013985,7.150518412585862
1787025393798,0.001398,2339957.0,0.001399,3444890.0,0.0013985,7.150518412585862
1787025393870,0.001398,2339957.0,0.001399,3301829.0,0.0013985,7.150518412585862
1787025394296,0.001398,2339957.0,0.001399,3308979.0,0.0013985,7.150518412585862
1787025394343,0.001398,2335900.0,0.001399,3308979.0,0.0013985,7.150518412585862
1787025394367,0.001398,2314715.0,0.001399,3308979.0,0.0013985,7.150518412585862
1787025394601,0.001398,2314715.0,0.001399,3368105.0,0.0013985,7.150518412585862
1787025394602,0.001398,2314715.0,0.001399,3397668.0,0.0013985,7.150518412585862
1787025394699,0.001398,2314715.0,0.001399,3308979.0,0.0013985,7.150518412585862
1787025394797,0.001398,2314715.0,0.001399,3301829.0,0.0013985,7.150518412585862
1787025394867,0.001398,2314715.0,0.001399,3836338.0,0.0013985,7.150518412585862
1787025394868,0.001398,2314715.0,0.001399,3824539.0,0.0013985,7.150518412585862
1787025394869,0.001398,2314715.0,0.001399,3836338.0,0.0013985,7.150518412585862
1787025395139,0.001398,2314715.0,0.001399,3301829.0,0.0013985,7.150518412585862
1787025395140,0.001398,2600447.0,0.001399,3301829.0,0.0013985,7.150518412585862
1787025395184,0.001398,2600447.0,0.001399,3319265.0,0.0013985,7.150518412585862
1787025395239,0.001398,2600447.0,0.001399,3853774.0,0.0013985,7.150518412585862
1787025395251,0.001398,2600447.0,0.001399,3886333.0,0.0013985,7.150518412585862
1787025395297,0.001398,2600447.0,0.001399,3893483.0,0.0013985,7.150518412585862
1787025395395,0.001398,2597547.0,0.001399,3893483.0,0.0013985,7.150518412585862
1787025395481,0.001398,2597547.0,0.001399,3876047.0,0.0013985,7.150518412585862
1787025395599,0.001398,2597547.0,0.001399,3964748.0,0.0013985,7.150518412585862
1787025395699,0.001398,2597547.0,0.001399,3876047.0,0.0013985,7.150518412585862
1787025395799,0.001398,2597547.0,0.001399,3868897.0,0.0013985,7.150518412585862
1787025396182,0.001398,2597547.0,0.001399,3885572.0,0.0013985,7.150518412585862
1787025396209,0.001398,2610468.0,0.001399,3885572.0,0.0013985,7.150518412585862
1787025396279,0.001398,2610468.0,0.001399,3868897.0,0.0013985,7.150518412585862
1787025396297,0.001398,2610468.0,0.001399,3876047.0,0.0013985,7.150518412585862
1787025396599,0.001398,2610468.0,0.001399,3905646.0,0.0013985,7.150518412585862
1787025396600,0.001398,2610468.0,0.001399,3964844.0,0.0013985,7.150518412585862
1787025396700,0.001398,2610468.0,0.001399,3905646.0,0.0013985,7.150518412585862
1787025396701,0.001398,2610468.0,0.001399,3876047.0,0.0013985,7.150518412585862
1787025396727,0.001398,2607735.0,0.001399,3876047.0,0.0013985,7.150518412585862
1787025396795,0.001398,2607735.0,0.001399,3868897.0,0.0013985,7.150518412585862
1787025396815,0.001398,2391400.0,0.001399,3868897.0,0.0013985,7.150518412585862
1787025396816,0.001398,2105668.0,0.001399,3868897.0,0.0013985,7.150518412585862
1787025396817,0.001398,987755.0,0.001399,4113402.0,0.0013985,7.150518412585862
1787025396901,0.001398,987755.0,0.001399,4142986.0,0.0013985,7.150518412585862
1787025396952,0.001398,987755.0,0.001399,4246575.0,0.0013985,7.150518412585862
1787025397001,0.001398,987755.0,0.001399,4216991.0,0.0013985,7.150518412585862
1787025397041,0.001398,991338.0,0.001399,4216991.0,0.0013985,7.150518412585862
1787025397071,0.001398,1727728.0,0.001399,4216991.0,0.0013985,7.150518412585862
1787025397072,0.001398,1715929.0,0.001399,4216991.0,0.0013985,7.150518412585862
1787025397181,0.001398,1715929.0,0.001399,4233666.0,0.0013985,7.150518412585862
1787025397298,0.001398,1715929.0,0.001399,4240816.0,0.0013985,7.150518412585862
1787025397402,0.001398,1715929.0,0.001399,4270400.0,0.0013985,7.150518412585862
1787025397581,0.001398,1715929.0,0.001399,4253725.0,0.0013985,7.150518412585862
1787025397592,0.001398,1708982.0,0.001399,4253725.0,0.0013985,7.150518412585862
1787025397599,0.001398,1708982.0,0.001399,4283337.0,0.0013985,7.150518412585862
1787025397600,0.001398,1708982.0,0.001399,4312949.0,0.0013985,7.150518412585862
1787025397698,0.001398,1708982.0,0.001399,4253725.0,0.0013985,7.150518412585862
1787025397709,0.001398,1705844.0,0.001399,4253725.0,0.0013985,7.150518412585862
1787025397796,0.001398,1705844.0,0.001399,4246575.0,0.0013985,7.150518412585862
1787025397799,0.001398,1705844.0,0.001399,4216991.0,0.0013985,7.150518412585862
1787025397830,0.001398,1705844.0,0.001399,4294473.0,0.0013985,7.150518412585862
1787025398104,0.001398,1710135.0,0.001399,4294473.0,0.0013985,7.150518412585862
1787025398296,0.001398,1710135.0,0.001399,4301623.0,0.0013985,7.150518412585862
1787025398400,0.001398,1710135.0,0.001399,4331201.0,0.0013985,7.150518412585862
1787025398453,0.001398,1991670.0,0.001399,4331201.0,0.0013985,7.150518412585862
1787025398527,0.001398,2277402.0,0.001399,3213914.0,0.0013985,7.150518412585862
1787025398566,0.001398,2289201.0,0.001399,3213914.0,0.0013985,7.150518412585862
1787025398601,0.001398,2289201.0,0.001399,3243511.0,0.0013985,7.150518412585862
1787025398602,0.001398,2289201.0,0.001399,3273108.0,0.0013985,7.150518412585862
1787025398608,0.001398,2317811.0,0.001399,3273108.0,0.0013985,7.150518412585862
1787025398617,0.001398,2325616.0,0.001399,3273108.0,0.0013985,7.150518412585862
1787025398655,0.001398,2480174.0,0.001399,3273108.0,0.0013985,7.150518412585862
1787025398701,0.001398,2480174.0,0.001399,3184336.0,0.0013985,7.150518412585862
1787025398729,0.001398,2478387.0,0.001399,3184336.0,0.0013985,7.150518412585862
1787025398797,0.001398,2478387.0,0.001399,3915234.0,0.0013985,7.150518412585862
1787025398798,0.001398,2478387.0,0.001399,3903435.0,0.0013985,7.150518412585862
1787025398799,0.001398,2478387.0,0.001399,3908084.0,0.0013985,7.150518412585862
1787025398831,0.001398,2478387.0,0.001399,3830602.0,0.0013985,7.150518412585862
1787025399055,0.001398,2478387.0,0.001399,3521951.0,0.0013985,7.150518412585862
1787025399056,0.001398,2478387.0,0.001399,3510071.0,0.0013985,7.150518412585862
1787025399057,0.001398,2678387.0,0.001399,2783105.0,0.0013985,7.150518412585862
1787025399108,0.001398,2649777.0,0.001399,2783105.0,0.0013985,7.150518412585862
1787025399138,0.001398,2495219.0,0.001399,2783105.0,0.0013985,7.150518412585862
1787025399200,0.001398,2495219.0,0.001399,2811612.0,0.0013985,7.150518412585862
1787025399277,0.001398,2495219.0,0.001399,3624438.0,0.0013985,7.150518412585862
1787025399300,0.001398,2495219.0,0.001399,3595931.0,0.0013985,7.150518412585862
1787025399532,0.001398,2495219.0,0.001399,2783105.0,0.0013985,7.150518412585862
1787025399600,0.001398,2495219.0,0.001399,2811616.0,0.0013985,7.150518412585862
1787025399799,0.001398,2493247.0,0.001399,2783105.0,0.0013985,7.150518412585862
1787025399800,0.001398,2293247.0,0.001399,2783105.0,0.0013985,7.150518412585862
1787025399918,0.001398,2293247.0,0.001399,3667466.0,0.0013985,7.150518412585862
1787025400181,0.001398,2293247.0,0.001399,3684269.0,0.0013985,7.150518412585862
1787025400279,0.001398,2293247.0,0.001399,3667466.0,0.0013985,7.150518412585862
1787025400295,0.001398,2293247.0,0.001399,3674616.0,0.0013985,7.150518412585862
1787025400517,0.001398,2293247.0,0.001399,3631140.0,0.0013985,7.150518412585862
1787025400523,0.001398,2293247.0,0.001399,2746779.0,0.0013985,7.150518412585862
1787025400524,0.001398,2293247.0,0.001399,2734980.0,0.0013985,7.150518412585862
1787025400549,0.001398,2243409.0,0.001399,2734980.0,0.0013985,7.150518412585862
1787025400551,0.001398,1957677.0,0.001399,3030599.0,0.0013985,7.150518412585862
1787025400552,0.001398,1221287.0,0.001399,3030599.0,0.0013985,7.150518412585862
1787025400553,0.001398,1113644.0,0.001399,3030599.0,0.0013985,7.150518412585862
1787025400554,0.001398,679245.0,0.001399,3030599.0,0.0013985,7.150518412585862
1787025400555,0.001398,337880.0,0.001399,3030599.0,0.0013985,7.150518412585862
1787025400556,0.001398,349679.0,0.001399,3526427.0,0.0013985,7.150518412585862
1787025400557,0.001398,398156.0,0.001399,3526427.0,0.0013985,7.150518412585862
1787025400599,0.001398,398156.0,0.001399,3554929.0,0.0013985,7.150518412585862
1787025400699,0.001398,398156.0,0.001399,3612049.0,0.0013985,7.150518412585862
1787025400755,0.001398,616431.0,0.001399,3612049.0,0.0013985,7.150518412585862
1787025400756,0.001398,616431.0,0.001399,4458517.0,0.0013985,7.150518412585862
1787025400757,0.001398,1371316.0,0.001399,4458517.0,0.0013985,7.150518412585862
1787025400758,0.001398,1359517.0,0.001399,4458517.0,0.0013985,7.150518412585862
1787025400796,0.001398,1359517.0,0.001399,4451367.0,0.0013985,7.150518412585862
1787025400799,0.001398,1359517.0,0.001399,4422807.0,0.0013985,7.150518412585862
1787025400832,0.001398,1359517.0,0.001399,4503552.0,0.0013985,7.150518412585862
1787025400868,0.001398,1371316.0,0.001399,4503552.0,0.0013985,7.150518412585862
1787025400890,0.001398,1367456.0,0.001399,4503552.0,0.0013985,7.150518412585862
1787025400898,0.001398,1367456.0,0.001399,4474992.0,0.0013985,7.150518412585862
1787025400999,0.001398,1367456.0,0.001399,4446490.0,0.0013985,7.150518412585862
1787025401146,0.001396,140998.0,0.001399,4674778.0,0.0013975,21.466905187835163
1787025401147,0.001396,182158.0,0.001397,439121.0,0.0013965000000000002,7.160759040457685
1787025401148,0.001396,649238.0,0.001397,1166970.0,0.0013965000000000002,7.160759040457685
1787025401149,0.001396,592607.0,0.001397,1044743.0,0.0013965000000000002,7.160759040457685
1787025401151,0.001396,592607.0,0.001397,882414.0,0.0013965000000000002,7.160759040457685
1787025401152,0.001396,1392607.0,0.001397,801787.0,0.0013965000000000002,7.160759040457685
1787025401153,0.001396,1688226.0,0.001397,801787.0,0.0013965000000000002,7.160759040457685
1787025401154,0.001396,888226.0,0.001397,801787.0,0.0013965000000000002,7.160759040457685
1787025401159,0.001396,876833.0,0.001397,801787.0,0.0013965000000000002,7.160759040457685
1787025401173,0.001396,967470.0,0.001397,929542.0,0.0013965000000000002,7.160759040457685
1787025401174,0.001396,1196404.0,0.001397,929542.0,0.0013965000000000002,7.160759040457685
1787025401200,0.001396,1196404.0,0.001397,961668.0,0.0013965000000000002,7.160759040457685
1787025401218,0.001396,1167794.0,0.001397,961668.0,0.0013965000000000002,7.160759040457685
1787025401219,0.001396,1060151.0,0.001397,961668.0,0.0013965000000000002,7.160759040457685
1787025401220,0.001396,735724.0,0.001397,961668.0,0.0013965000000000002,7.160759040457685
1787025401223,0.001396,672108.0,0.001397,961668.0,0.0013965000000000002,7.160759040457685
1787025401256,0.001396,672108.0,0.001397,1936620.0,0.0013965000000000002,7.160759040457685
1787025401272,0.001396,376489.0,0.001397,1936620.0,0.0013965000000000002,7.160759040457685
1787025401300,0.001396,376489.0,0.001397,1703903.0,0.0013965000000000002,7.160759040457685
1787025401301,0.001396,376489.0,0.001397,1736132.0,0.0013965000000000002,7.160759040457685
1787025401302,0.001396,1176489.0,0.001397,1736132.0,0.0013965000000000002,7.160759040457685
1787025401303,0.001396,1224966.0,0.001397,1216411.0,0.0013965000000000002,7.160759040457685
1787025401306,0.001396,1224966.0,0.001397,1210365.0,0.0013965000000000002,7.160759040457685
1787025401352,0.001396,2030614.0,0.001397,1210365.0,0.0013965000000000002,7.160759040457685
1787025401353,0.001396,2030614.0,0.001397,1942331.0,0.0013965000000000002,7.160759040457685
1787025401364,0.001396,2034547.0,0.001397,1942331.0,0.0013965000000000002,7.160759040457685
1787025401365,0.001396,2030614.0,0.001397,1942331.0,0.0013965000000000002,7.160759040457685
1787025401372,0.001396,2042430.0,0.001397,1954147.0,0.0013965000000000002,7.160759040457685
1787025401398,0.001396,2042430.0,0.001397,1997316.0,0.0013965000000000002,7.160759040457685
1787025401400,0.001396,2042430.0,0.001397,2005191.0,0.0013965000000000002,7.160759040457685
1787025401570,0.001396,2056754.0,0.001397,2005191.0,0.0013965000000000002,7.160759040457685
1787025401571,0.001396,2067078.0,0.001397,2005191.0,0.0013965000000000002,7.160759040457685
1787025401600,0.001396,2067078.0,0.001397,1972962.0,0.0013965000000000002,7.160759040457685
1787025401601,0.001396,2067078.0,0.001397,1940836.0,0.0013965000000000002,7.160759040457685
1787025401636,0.001396,2246333.0,0.001397,1940836.0,0.0013965000000000002,7.160759040457685
1787025401700,0.001396,2246333.0,0.001397,1940242.0,0.0013965000000000002,7.160759040457685
1787025401721,0.001396,2249931.0,0.001397,1940242.0,0.0013965000000000002,7.160759040457685
1787025401900,0.001396,2249931.0,0.001397,1908607.0,0.0013965000000000002,7.160759040457685
1787025401909,0.001396,2249931.0,0.001397,1904316.0,0.0013965000000000002,7.160759040457685
1787025401927,0.001396,2248274.0,0.001397,1904316.0,0.0013965000000000002,7.160759040457685
1787025402039,0.001396,2291290.0,0.001397,1904316.0,0.0013965000000000002,7.160759040457685
1787025402074,0.001396,2295230.0,0.001397,1904316.0,0.0013965000000000002,7.160759040457685
1787025402170,0.001396,1829979.0,0.001397,1904316.0,0.0013965000000000002,7.160759040457685
1787025402171,0.001396,1120398.0,0.001397,1904316.0,0.0013965000000000002,7.160759040457685
1787025402172,0.001396,314750.0,0.001397,1904316.0,0.0013965000000000002,7.160759040457685
1787025402173,0.001396,302934.0,0.001397,2469873.0,0.0013965000000000002,7.160759040457685
1787025402174,0.001396,302934.0,0.001397,2601713.0,0.0013965000000000002,7.160759040457685
1787025402175,0.001396,254457.0,0.001397,2601713.0,0.0013965000000000002,7.160759040457685
1787025402230,0.001396,266273.0,0.001397,2601713.0,0.0013965000000000002,7.160759040457685
1787025402231,0.001396,369103.0,0.001397,2601713.0,0.0013965000000000002,7.160759040457685
1787025402299,0.001396,369103.0,0.001397,2633567.0,0.0013965000000000002,7.160759040457685
1787025402300,0.001396,369103.0,0.001397,2697275.0,0.0013965000000000002,7.160759040457685
1787025402698,0.001396,369103.0,0.001397,2665421.0,0.0013965000000000002,7.160759040457685
1787025402699,0.001396,369103.0,0.001397,2633567.0,0.0013965000000000002,7.160759040457685
1787025402831,0.001396,369103.0,0.001397,2677879.0,0.0013965000000000002,7.160759040457685
1787025402901,0.001396,369103.0,0.001397,2646025.0,0.0013965000000000002,7.160759040457685
1787025402955,0.001396,1155124.0,0.001397,2646025.0,0.0013965000000000002,7.160759040457685
1787025402956,0.001396,1203601.0,0.001397,2080468.0,0.0013965000000000002,7.160759040457685
1787025403000,0.001396,1203601.0,0.001397,2144176.0,0.0013965000000000002,7.160759040457685
1787025403027,0.001396,1200713.0,0.001397,2144176.0,0.0013965000000000002,7.160759040457685
1787025403037,0.001396,1157697.0,0.001397,2144176.0,0.0013965000000000002,7.160759040457685
1787025403038,0.001396,1109220.0,0.001397,2144176.0,0.0013965000000000002,7.160759040457685
1787025403104,0.001396,1109220.0,0.001397,2080468.0,0.0013965000000000002,7.160759040457685
1787025403399,0.001396,1109220.0,0.001397,2037299.0,0.0013965000000000002,7.160759040457685
1787025403404,0.001396,1395109.0,0.001397,1905459.0,0.0013965000000000002,7.160759040457685
1787025403405,0.001396,1395109.0,0.001397,1893643.0,0.0013965000000000002,7.160759040457685
1787025403407,0.001396,1395109.0,0.001397,1905459.0,0.0013965000000000002,7.160759040457685
1787025403601,0.001396,1395109.0,0.001397,1937370.0,0.0013965000000000002,7.160759040457685
1787025403699,0.001396,1395109.0,0.001397,1905459.0,0.0013965000000000002,7.160759040457685
1787025403700,0.001396,1462948.0,0.001397,1905459.0,0.0013965000000000002,7.160759040457685
1787025403830,0.001396,1462948.0,0.001397,1861147.0,0.0013965000000000002,7.160759040457685
1787025404037,0.001396,1485492.0,0.001397,1861147.0,0.0013965000000000002,7.160759040457685
1787025404237,0.001396,1483444.0,0.001397,1861147.0,0.0013965000000000002,7.160759040457685
1787025404298,0.001396,1490604.0,0.001397,1861147.0,0.0013965000000000002,7.160759040457685
1787025404300,0.001396,1490604.0,0.001397,1326638.0,0.0013965000000000002,7.160759040457685
1787025404599,0.001396,1490604.0,0.001397,1358567.0,0.0013965000000000002,7.160759040457685
1787025404699,0.001396,1490604.0,0.001397,1326638.0,0.0013965000000000002,7.160759040457685
1787025404857,0.001396,1490604.0,0.001397,1321958.0,0.0013965000000000002,7.160759040457685
1787025404858,0.001396,2290604.0,0.001397,1321958.0,0.0013965000000000002,7.160759040457685
1787025404859,0.001396,2290604.0,0.001397,1321958.0,0.0013965000000000002,7.160759040457685
1787025405421,0.001396,2286989.0,0.001397,1321958.0,0.0013965000000000002,7.160759040457685
1787025405422,0.001396,1486989.0,0.001397,1321958.0,0.0013965000000000002,7.160759040457685
1787025405599,0.001396,1486989.0,0.001397,1353909.0,0.0013965000000000002,7.160759040457685
1787025405802,0.001396,1486989.0,0.001397,1321958.0,0.0013965000000000002,7.160759040457685
1787025405862,0.001396,1342481.0,0.001397,1321958.0,0.0013965000000000002,7.160759040457685
1787025405863,0.001396,1223798.0,0.001397,1321958.0,0.0013965000000000002,7.160759040457685
1787025405865,0.001396,151888.0,0.001397,1453831.0,0.0013965000000000002,7.160759040457685
1787025405866,0.001396,151888.0,0.001397,2030121.0,0.0013965000000000002,7.160759040457685
1787025405999,0.001396,151888.0,0.001397,2062081.0,0.0013965000000000002,7.160759040457685
1787025406040,0.001396,129344.0,0.001397,2062081.0,0.0013965000000000002,7.160759040457685
1787025406100,0.001396,129344.0,0.001397,2030121.0,0.0013965000000000002,7.160759040457685
1787025406134,0.001396,973634.0,0.001397,2030121.0,0.0013965000000000002,7.160759040457685
1787025406135,0.001396,973634.0,0.001397,1453831.0,0.0013965000000000002,7.160759040457685
1787025406136,0.001396,1022111.0,0.001397,1453831.0,0.0013965000000000002,7.160759040457685
1787025406289,0.001396,1041356.0,0.001397,1453831.0,0.0013965000000000002,7.160759040457685
1787025406537,0.001396,1039619.0,0.001397,1453831.0,0.0013965000000000002,7.160759040457685
1787025406587,0.001396,1061802.0,0.001397,1453831.0,0.0013965000000000002,7.160759040457685
1787025406598,0.001396,1061802.0,0.001397,1485790.0,0.0013965000000000002,7.160759040457685
1787025406802,0.001396,1061802.0,0.001397,1453831.0,0.0013965000000000002,7.160759040457685
1787025406879,0.001396,1241057.0,0.001397,1453831.0,0.0013965000000000002,7.160759040457685
1787025406948,0.001396,1521819.0,0.001397,721865.0,0.0013965000000000002,7.160759040457685
1787025406949,0.001396,1521819.0,0.001397,503590.0,0.0013965000000000002,7.160759040457685
1787025406977,0.001396,2113550.0,0.001397,211142.0,0.0013965000000000002,7.160759040457685
1787025406978,0.001397,881501.0,0.001398,2779970.0,0.0013974999999999999,7.155635062611206
1787025406979,0.001397,483032.0,0.001398,2226850.0,0.0013974999999999999,7.155635062611206
1787025406980,0.001397,497568.0,0.001398,2100227.0,0.0013974999999999999,7.155635062611206
1787025406981,0.001397,486831.0,0.001398,2243390.0,0.0013974999999999999,7.155635062611206
1787025406982,0.001397,465496.0,0.001398,2243390.0,0.0013974999999999999,7.155635062611206
1787025406984,0.001397,472594.0,0.001398,2243390.0,0.0013974999999999999,7.155635062611206
1787025406985,0.001397,485787.0,0.001398,2243390.0,0.0013974999999999999,7.155635062611206
1787025406997,0.001397,497594.0,0.001398,2255197.0,0.0013974999999999999,7.155635062611206
1787025407008,0.001397,504697.0,0.001398,2255197.0,0.0013974999999999999,7.155635062611206
1787025407170,0.001397,1318806.0,0.001398,3154793.0,0.0013974999999999999,7.155635062611206
1787025407171,0.001397,1258522.0,0.001398,3154793.0,0.0013974999999999999,7.155635062611206
1787025407178,0.001397,1270329.0,0.001398,3154793.0,0.0013974999999999999,7.155635062611206
1787025407260,0.001397,1449456.0,0.001398,3154793.0,0.0013974999999999999,7.155635062611206
1787025407298,0.001397,1456611.0,0.001398,3154793.0,0.0013974999999999999,7.155635062611206
1787025407511,0.001397,1453762.0,0.001398,3154793.0,0.0013974999999999999,7.155635062611206
1787025407599,0.001397,1453762.0,0.001398,3186679.0,0.0013974999999999999,7.155635062611206
1787025407799,0.001397,1453762.0,0.001398,3154793.0,0.0013974999999999999,7.155635062611206
1787025407830,0.001397,1453762.0,0.001398,3238524.0,0.0013974999999999999,7.155635062611206
1787025408034,0.001397,1453762.0,0.001398,3095361.0,0.0013974999999999999,7.155635062611206
1787025408585,0.001397,1449778.0,0.001398,3095361.0,0.0013974999999999999,7.155635062611206
1787025408599,0.001397,1449778.0,0.001398,3127265.0,0.0013974999999999999,7.155635062611206
1787025408602,0.001397,1466917.0,0.001398,3127265.0,0.0013974999999999999,7.155635062611206
1787025408609,0.001397,1471961.0,0.001398,3127265.0,0.0013974999999999999,7.155635062611206
1787025408629,0.001397,1471961.0,0.001398,3840257.0,0.0013974999999999999,7.155635062611206
1787025408728,0.001396,2960784.0,0.001398,3840257.0,0.001397,14.31639226914697
1787025408729,0.001396,2960784.0,0.001397,413081.0,0.0013965000000000002,7.160759040457685
1787025408730,0.001396,1278010.0,0.001397,572446.0,0.0013965000000000002,7.160759040457685
1787025408731,0.001396,545631.0,0.001397,2726095.0,0.0013965000000000002,7.160759040457685
1787025408732,0.001396,574241.0,0.001397,2726095.0,0.0013965000000000002,7.160759040457685
1787025408733,0.001396,574241.0,0.001397,3024353.0,0.0013965000000000002,7.160759040457685
1787025408734,0.001395,3422325.0,0.001396,48622.0,0.0013955,7.165890361878414
1787025408735,0.001395,2458595.0,0.001396,266897.0,0.0013955,7.165890361878414
1787025408736,0.001395,2458595.0,0.001396,400225.0,0.0013955,7.165890361878414
1787025408737,0.001395,1753502.0,0.001396,400225.0,0.0013955,7.165890361878414
1787025408738,0.001395,953502.0,0.001396,400225.0,0.0013955,7.165890361878414
1787025408739,0.001395,982112.0,0.001396,400225.0,0.0013955,7.165890361878414
1787025408740,0.001395,753824.0,0.001396,448702.0,0.0013955,7.165890361878414
1787025408748,0.001395,725214.0,0.001396,448702.0,0.0013955,7.165890361878414
1787025408770,0.001395,773691.0,0.001396,448702.0,0.0013955,7.165890361878414
1787025408771,0.001395,773691.0,0.001396,315374.0,0.0013955,7.165890361878414
1787025408778,0.001395,802301.0,0.001396,315374.0,0.0013955,7.165890361878414
1787025408785,0.001395,1428592.0,0.001396,315374.0,0.0013955,7.165890361878414
1787025408793,0.001395,1428592.0,0.001396,266897.0,0.0013955,7.165890361878414
1787025408797,0.001395,1435757.0,0.001396,315374.0,0.0013955,7.165890361878414
1787025408801,0.001395,1328114.0,0.001396,315374.0,0.0013955,7.165890361878414
1787025408803,0.001395,705766.0,0.001396,315374.0,0.0013955,7.165890361878414
1787025408804,0.001395,657289.0,0.001396,315374.0,0.0013955,7.165890361878414
1787025408805,0.001395,467747.0,0.001396,315374.0,0.0013955,7.165890361878414
1787025408806,0.001395,294891.0,0.001396,315374.0,0.0013955,7.165890361878414
1787025408807,0.001395,343368.0,0.001396,315374.0,0.0013955,7.165890361878414
1787025408808,0.001395,513166.0,0.001396,315374.0,0.0013955,7.165890361878414
1787025408809,0.001395,484556.0,0.001396,315374.0,0.0013955,7.165890361878414
1787025408810,0.001395,533033.0,0.001396,315374.0,0.0013955,7.165890361878414
1787025408811,0.001395,581510.0,0.001396,315374.0,0.0013955,7.165890361878414
1787025408831,0.001395,581510.0,0.001396,596136.0,0.0013955,7.165890361878414
1787025408836,0.001396,10745.0,0.001397,4331031.0,0.0013965000000000002,7.160759040457685
1787025408837,0.001396,88239.0,0.001397,3673701.0,0.0013965000000000002,7.160759040457685
1787025408849,0.001396,10745.0,0.001397,3673701.0,0.0013965000000000002,7.160759040457685
1787025408867,0.001395,1420054.0,0.001397,3673701.0,0.001396,14.32664756447026
1787025408869,0.001395,1344433.0,0.001397,4307195.0,0.001396,14.32664756447026
1787025408870,0.001395,1344432.0,0.001397,4307195.0,0.001396,14.32664756447026
1787025408871,0.001395,1373042.0,0.001397,4307195.0,0.001396,14.32664756447026
1787025408875,0.001396,128942.0,0.001397,4307195.0,0.0013965000000000002,7.160759040457685
1787025408876,0.001396,128942.0,0.001397,3673701.0,0.0013965000000000002,7.160759040457685
1787025408899,0.001396,128942.0,0.001397,3706591.0,0.0013965000000000002,7.160759040457685
1787025408938,0.001396,128942.0,0.001397,4548244.0,0.0013965000000000002,7.160759040457685
1787025408939,0.001396,140758.0,0.001397,4674368.0,0.0013965000000000002,7.160759040457685
1787025409000,0.001396,140758.0,0.001397,4707258.0,0.0013965000000000002,7.160759040457685
1787025409001,0.001396,140758.0,0.001397,4740148.0,0.0013965000000000002,7.160759040457685
1787025409099,0.001396,140758.0,0.001397,4707258.0,0.0013965000000000002,7.160759040457685
1787025409183,0.001396,140758.0,0.001397,4724775.0,0.0013965000000000002,7.160759040457685
1787025409199,0.001396,140758.0,0.001397,4691885.0,0.0013965000000000002,7.160759040457685
1787025409297,0.001396,147918.0,0.001397,4691885.0,0.0013965000000000002,7.160759040457685
1787025409381,0.001396,147918.0,0.001397,4674368.0,0.0013965000000000002,7.160759040457685
1787025409400,0.001396,147918.0,0.001397,4716859.0,0.0013965000000000002,7.160759040457685
1787025409474,0.001396,327173.0,0.001397,4716859.0,0.0013965000000000002,7.160759040457685
1787025409475,0.001396,315357.0,0.001397,4716859.0,0.0013965000000000002,7.160759040457685
1787025409476,0.001396,327173.0,0.001397,4716859.0,0.0013965000000000002,7.160759040457685
1787025409601,0.001396,327173.0,0.001397,4749749.0,0.0013965000000000002,7.160759040457685
1787025409621,0.001396,341853.0,0.001397,4749749.0,0.0013965000000000002,7.160759040457685
1787025409622,0.001396,347138.0,0.001397,4749749.0,0.0013965000000000002,7.160759040457685
1787025409730,0.001396,351078.0,0.001397,4749749.0,0.0013965000000000002,7.160759040457685
1787025409800,0.001396,351078.0,0.001397,4716859.0,0.0013965000000000002,7.160759040457685
1787025409801,0.001396,351078.0,0.001397,4683969.0,0.0013965000000000002,7.160759040457685
1787025409833,0.001396,351078.0,0.001397,4768780.0,0.0013965000000000002,7.160759040457685
1787025409893,0.001396,347063.0,0.001397,4768780.0,0.0013965000000000002,7.160759040457685
1787025409999,0.001396,347063.0,0.001397,4801671.0,0.0013965000000000002,7.160759040457685
1787025410204,0.001396,347063.0,0.001397,4834562.0,0.0013965000000000002,7.160759040457685
1787025410300,0.001396,347063.0,0.001397,4801671.0,0.0013965000000000002,7.160759040457685
1787025410333,0.001396,347063.0,0.001397,4781671.0,0.0013965000000000002,7.160759040457685
1787025410435,0.001396,347063.0,0.001397,4778142.0,0.0013965000000000002,7.160759040457685
1787025410436,0.001396,347063.0,0.001397,4774613.0,0.0013965000000000002,7.160759040457685
1787025410437,0.001396,347063.0,0.001397,4766553.0,0.0013965000000000002,7.160759040457685
1787025410440,0.001396,1154377.0,0.001397,4759495.0,0.0013965000000000002,7.160759040457685
1787025410441,0.001396,1154377.0,0.001397,4641658.0,0.0013965000000000002,7.160759040457685
1787025410443,0.001396,1154377.0,0.001397,4610274.0,0.0013965000000000002,7.160759040457685
1787025410444,0.001396,1154377.0,0.001397,4531528.0,0.0013965000000000002,7.160759040457685
1787025410445,0.001396,1154377.0,0.001397,4513106.0,0.0013965000000000002,7.160759040457685
1787025410446,0.001396,1154377.0,0.001397,4553510.0,0.0013965000000000002,7.160759040457685
1787025410447,0.001396,1154377.0,0.001397,4502696.0,0.0013965000000000002,7.160759040457685
1787025410448,0.001396,1154377.0,0.001397,4477993.0,0.0013965000000000002,7.160759040457685
1787025410449,0.001396,1154377.0,0.001397,4445529.0,0.0013965000000000002,7.160759040457685
1787025410450,0.001395,1904423.0,0.001397,4445529.0,0.001396,14.32664756447026
1787025410451,0.001395,1904423.0,0.001396,12628.0,0.0013955,7.165890361878414
1787025410452,0.001395,1018264.0,0.001396,1961179.0,0.0013955,7.165890361878414
1787025410453,0.001394,3289191.0,0.001396,2263582.0,0.001395,14.336917562724363
1787025410454,0.001394,3273710.0,0.001395,240039.0,0.0013945,7.171029042667021
1787025410455,0.001394,2535722.0,0.001395,868535.0,0.0013945,7.171029042667021
1787025410456,0.001394,957628.0,0.001395,868535.0,0.0013945,7.171029042667021
1787025410457,0.001394,285372.0,0.001395,865006.0,0.0013945,7.171029042667021
1787025410458,0.001394,333849.0,0.001395,854419.0,0.0013945,7.171029042667021
1787025410459,0.001394,1133849.0,0.001395,841969.0,0.0013945,7.171029042667021
1787025410460,0.001394,1133849.0,0.001395,827371.0,0.0013945,7.171029042667021
1787025410461,0.001394,1133849.0,0.001395,816784.0,0.0013945,7.171029042667021
1787025410462,0.001394,1133849.0,0.001395,799139.0,0.0013945,7.171029042667021
1787025410463,0.001394,1133849.0,0.001395,784167.0,0.0013945,7.171029042667021
1787025410464,0.001394,333849.0,0.001395,753070.0,0.0013945,7.171029042667021
1787025410465,0.001394,333849.0,0.001395,725700.0,0.0013945,7.171029042667021
1787025410466,0.001394,1133849.0,0.001395,706847.0,0.0013945,7.171029042667021
1787025410467,0.001394,1133849.0,0.001395,683550.0,0.0013945,7.171029042667021
1787025410468,0.001394,1133849.0,0.001395,650160.0,0.0013945,7.171029042667021
1787025410469,0.001394,1133849.0,0.001395,642200.0,0.0013945,7.171029042667021
1787025410471,0.001394,1133849.0,0.001395,620095.0,0.0013945,7.171029042667021
1787025410472,0.001394,1133849.0,0.001395,616566.0,0.0013945,7.171029042667021
1787025410473,0.001394,333849.0,0.001395,616566.0,0.0013945,7.171029042667021
1787025410480,0.001394,333849.0,0.001395,524771.0,0.0013945,7.171029042667021
1787025410481,0.001394,236895.0,0.001395,565574.0,0.0013945,7.171029042667021
1787025410483,0.001394,685372.0,0.001395,565574.0,0.0013945,7.171029042667021
1787025410484,0.001394,685372.0,0.001395,562045.0,0.0013945,7.171029042667021
1787025410485,0.001395,43662.0,0.001396,3782215.0,0.0013955,7.165890361878414
1787025410486,0.001395,43662.0,0.001396,3437734.0,0.0013955,7.165890361878414
1787025410487,0.001394,1281718.0,0.001395,460104.0,0.0013945,7.171029042667021
1787025410488,0.001394,1147564.0,0.001395,244684.0,0.0013945,7.171029042667021
1787025410489,0.001394,1046671.0,0.001395,668053.0,0.0013945,7.171029042667021
1787025410490,0.001394,1123758.0,0.001395,668053.0,0.0013945,7.171029042667021
1787025410491,0.001394,1100499.0,0.001395,716530.0,0.0013945,7.171029042667021
1787025410493,0.001394,1953329.0,0.001395,716530.0,0.0013945,7.171029042667021
1787025410494,0.001394,1881593.0,0.001395,716530.0,0.0013945,7.171029042667021
1787025410495,0.001394,1809857.0,0.001395,716530.0,0.0013945,7.171029042667021
1787025410522,0.001394,1809857.0,0.001395,1528561.0,0.0013945,7.171029042667021
1787025410523,0.001394,1089725.0,0.001395,1528561.0,0.0013945,7.171029042667021
1787025410526,0.001394,982082.0,0.001395,1528561.0,0.0013945,7.171029042667021
1787025410528,0.001394,838558.0,0.001395,1528561.0,0.0013945,7.171029042667021
1787025410530,0.001393,2105885.0,0.001395,1528561.0,0.0013939999999999998,14.347202295552718
1787025410531,0.001393,1944795.0,0.001395,1970457.0,0.0013939999999999998,14.347202295552718
1787025410532,0.001393,1944795.0,0.001394,128110.0,0.0013935,7.17617509867336
1787025410533,0.001393,1234239.0,0.001394,269044.0,0.0013935,7.17617509867336
1787025410534,0.001393,1091941.0,0.001394,189411.0,0.0013935,7.17617509867336
1787025410535,0.001393,1215732.0,0.001394,189411.0,0.0013935,7.17617509867336
1787025410536,0.001393,1215732.0,0.001394,130430.0,0.0013935,7.17617509867336
1787025410550,0.001393,1215732.0,0.001394,100430.0,0.0013935,7.17617509867336
1787025410551,0.001393,2015732.0,0.001394,100430.0,0.0013935,7.17617509867336
1787025410599,0.001393,2015732.0,0.001394,132546.0,0.0013935,7.17617509867336
1787025410604,0.001393,2015732.0,0.001394,128739.0,0.0013935,7.17617509867336
1787025410605,0.001393,2015732.0,0.001394,116680.0,0.0013935,7.17617509867336
1787025410606,0.001394,454779.0,0.001395,2178009.0,0.0013945,7.171029042667021
1787025410607,0.001394,446384.0,0.001395,1945781.0,0.0013945,7.171029042667021
1787025410608,0.001394,446384.0,0.001395,1938582.0,0.0013945,7.171029042667021
1787025410609,0.001394,1246384.0,0.001395,1938582.0,0.0013945,7.171029042667021
1787025410610,0.001394,1224993.0,0.001395,1938582.0,0.0013945,7.171029042667021
1787025410612,0.001394,1273470.0,0.001395,1938582.0,0.0013945,7.171029042667021
1787025410657,0.001394,1277416.0,0.001395,1938582.0,0.0013945,7.171029042667021
1787025410700,0.001394,1277416.0,0.001395,2002748.0,0.0013945,7.171029042667021
1787025410701,0.001394,1289249.0,0.001395,2002748.0,0.0013945,7.171029042667021
1787025410702,0.001394,1289249.0,0.001395,2014581.0,0.0013945,7.171029042667021
1787025410778,0.001394,489249.0,0.001395,2014581.0,0.0013945,7.171029042667021
1787025410779,0.001394,477337.0,0.001395,2014581.0,0.0013945,7.171029042667021
1787025410796,0.001394,484508.0,0.001395,2014581.0,0.0013945,7.171029042667021
1787025410803,0.001394,484508.0,0.001395,1982498.0,0.0013945,7.171029042667021
1787025410816,0.001394,1233406.0,0.001395,1982498.0,0.0013945,7.171029042667021
1787025410817,0.001394,1221573.0,0.001395,1982498.0,0.0013945,7.171029042667021
1787025410818,0.001394,1488215.0,0.001395,1982498.0,0.0013945,7.171029042667021
1787025410819,0.001394,1488215.0,0.001395,746156.0,0.0013945,7.171029042667021
1787025410820,0.001394,1488215.0,0.001395,669015.0,0.0013945,7.171029042667021
1787025410827,0.001394,1500048.0,0.001395,669015.0,0.0013945,7.171029042667021
1787025410887,0.001394,1495470.0,0.001395,669015.0,0.0013945,7.171029042667021
1787025410899,0.001394,1495470.0,0.001395,733181.0,0.0013945,7.171029042667021
1787025411039,0.001394,1509297.0,0.001395,733181.0,0.0013945,7.171029042667021
1787025411041,0.001394,1509297.0,0.001395,1511290.0,0.0013945,7.171029042667021
1787025411042,0.001394,1509297.0,0.001395,1499457.0,0.0013945,7.171029042667021
1787025411043,0.001394,1509297.0,0.001395,1511290.0,0.0013945,7.171029042667021
1787025411100,0.001394,1509297.0,0.001395,1479207.0,0.0013945,7.171029042667021
1787025411101,0.001394,1509297.0,0.001395,1415041.0,0.0013945,7.171029042667021
1787025411296,0.001394,1502126.0,0.001395,1415041.0,0.0013945,7.171029042667021
1787025411302,0.001394,1502126.0,0.001395,1447109.0,0.0013945,7.171029042667021
1787025411379,0.001394,1496660.0,0.001395,1447109.0,0.0013945,7.171029042667021
1787025411380,0.001394,1496660.0,0.001395,1451052.0,0.0013945,7.171029042667021
1787025411498,0.001394,1496660.0,0.001395,1418984.0,0.0013945,7.171029042667021
1787025411586,0.001394,1676173.0,0.001395,1418984.0,0.0013945,7.171029042667021
1787025411598,0.001394,1676173.0,0.001395,1450254.0,0.0013945,7.171029042667021
1787025411605,0.001394,1684665.0,0.001395,1450254.0,0.0013945,7.171029042667021
1787025411616,0.001394,1694141.0,0.001395,1450254.0,0.0013945,7.171029042667021
1787025411799,0.001394,1701312.0,0.001395,1450254.0,0.0013945,7.171029042667021
1787025411859,0.001394,1701312.0,0.001395,672145.0,0.0013945,7.171029042667021
1787025411867,0.001394,1701312.0,0.001395,452504.0,0.0013945,7.171029042667021
1787025412099,0.001394,1701312.0,0.001395,421234.0,0.0013945,7.171029042667021
1787025412325,0.001394,1697131.0,0.001395,421234.0,0.0013945,7.171029042667021
1787025413415,0.001394,1826864.0,0.001395,421234.0,0.0013945,7.171029042667021
1787025413417,0.001394,1826864.0,0.001395,64253.0,0.0013945,7.171029042667021
1787025413418,0.001394,1826864.0,0.001395,64253.0,0.0013945,7.171029042667021
1787025413600,0.001394,1826864.0,0.001395,471829.0,0.0013945,7.171029042667021
1787025413601,0.001394,1826864.0,0.001395,1290634.0,0.0013945,7.171029042667021
1787025413602,0.001394,1826864.0,0.001395,1278801.0,0.0013945,7.171029042667021
1787025413627,0.001394,1821924.0,0.001395,1278801.0,0.0013945,7.171029042667021
1787025414070,0.001394,1821924.0,0.001395,1290634.0,0.0013945,7.171029042667021
1787025414135,0.001394,1834855.0,0.001395,1290634.0,0.0013945,7.171029042667021
1787025414373,0.001394,1834855.0,0.001395,1283466.0,0.0013945,7.171029042667021
1787025414829,0.001394,1831415.0,0.001395,1283466.0,0.0013945,7.171029042667021
1787025414831,0.001394,1818484.0,0.001395,1283466.0,0.0013945,7.171029042667021
1787025415594,0.001394,1754870.0,0.001395,1283466.0,0.0013945,7.171029042667021
1787025415833,0.001394,1984772.0,0.001395,1283466.0,0.0013945,7.171029042667021
1787025415903,0.001394,1979823.0,0.001395,1283466.0,0.0013945,7.171029042667021
1787025416217,0.001394,1900074.0,0.001395,1283466.0,0.0013945,7.171029042667021
1787025416240,0.001394,2043546.0,0.001395,1283466.0,0.0013945,7.171029042667021
1787025416535,0.001394,2043546.0,0.001395,1097280.0,0.0013945,7.171029042667021
1787025416536,0.001394,2043546.0,0.001395,1101223.0,0.0013945,7.171029042667021
1787025416537,0.001394,2043546.0,0.001395,282418.0,0.0013945,7.171029042667021
1787025416538,0.001394,2043546.0,0.001395,330895.0,0.0013945,7.171029042667021
1787025416600,0.001394,2043546.0,0.001395,360915.0,0.0013945,7.171029042667021
1787025416674,0.001394,1973830.0,0.001395,360915.0,0.0013945,7.171029042667021
1787025416748,0.001394,1973830.0,0.001395,1216839.0,0.0013945,7.171029042667021
1787025416749,0.001394,1973830.0,0.001395,1216839.0,0.0013945,7.171029042667021
1787025416790,0.001394,1917040.0,0.001395,1216839.0,0.0013945,7.171029042667021
1787025416900,0.001394,1917040.0,0.001395,1186819.0,0.0013945,7.171029042667021
1787025417183,0.001394,1914380.0,0.001395,1186819.0,0.0013945,7.171029042667021
1787025417219,0.001394,1914380.0,0.001395,330895.0,0.0013945,7.171029042667021
1787025417338,0.001394,1914380.0,0.001395,1160179.0,0.0013945,7.171029042667021
1787025417339,0.001394,1914380.0,0.001395,1160179.0,0.0013945,7.171029042667021
1787025417358,0.001394,1859509.0,0.001395,1160179.0,0.0013945,7.171029042667021
1787025417359,0.001394,1859509.0,0.001395,1236666.0,0.0013945,7.171029042667021
1787025417428,0.001394,1859509.0,0.001395,1977461.0,0.0013945,7.171029042667021
1787025417703,0.001394,1859509.0,0.001395,1973457.0,0.0013945,7.171029042667021
1787025417925,0.001394,1813412.0,0.001395,1973457.0,0.0013945,7.171029042667021
1787025418385,0.001394,1813412.0,0.001395,1966197.0,0.0013945,7.171029042667021
1787025418413,0.001394,1809051.0,0.001395,1966197.0,0.0013945,7.171029042667021
1787025419201,0.001394,1809051.0,0.001395,1996287.0,0.0013945,7.171029042667021
1787025419301,0.001394,1809051.0,0.001395,1966197.0,0.0013945,7.171029042667021
1787025419586,0.001394,1877188.0,0.001395,1966197.0,0.0013945,7.171029042667021
1787025419717,0.001394,1877188.0,0.001395,1960462.0,0.0013945,7.171029042667021
1787025419797,0.001394,1870017.0,0.001395,1960462.0,0.0013945,7.171029042667021
1787025419833,0.001394,1870017.0,0.001395,1219667.0,0.0013945,7.171029042667021
1787025419834,0.001394,2086110.0,0.001395,958191.0,0.0013945,7.171029042667021
1787025419835,0.001395,453802.0,0.001396,2151361.0,0.0013955,7.165890361878414
1787025419836,0.001395,919503.0,0.001396,2232529.0,0.0013955,7.165890361878414
1787025419837,0.001395,295530.0,0.001396,1461471.0,0.0013955,7.165890361878414
1787025419838,0.001395,365362.0,0.001396,1745104.0,0.0013955,7.165890361878414
1787025419841,0.001395,365362.0,0.001396,1739270.0,0.0013955,7.165890361878414
1787025419844,0.001395,544746.0,0.001396,1739270.0,0.0013955,7.165890361878414
1787025419845,0.001395,532847.0,0.001396,1739270.0,0.0013955,7.165890361878414
1787025419846,0.001395,511492.0,0.001396,1739270.0,0.0013955,7.165890361878414
1787025419861,0.001395,508325.0,0.001396,1739270.0,0.0013955,7.165890361878414
1787025419889,0.001395,512628.0,0.001396,1739270.0,0.0013955,7.165890361878414
1787025419955,0.001395,524452.0,0.001396,1751094.0,0.0013955,7.165890361878414
1787025420059,0.001395,345068.0,0.001396,1751094.0,0.0013955,7.165890361878414
1787025420060,0.001395,345068.0,0.001396,2649530.0,0.0013955,7.165890361878414
1787025420201,0.001395,345068.0,0.001396,2679593.0,0.0013955,7.165890361878414
1787025420420,0.001395,1212025.0,0.001396,2679593.0,0.0013955,7.165890361878414
1787025420421,0.001395,1200201.0,0.001396,2598425.0,0.0013955,7.165890361878414
1787025420456,0.001395,1193812.0,0.001396,2598425.0,0.0013955,7.165890361878414
1787025420474,0.001395,1269174.0,0.001396,2598425.0,0.0013955,7.165890361878414
1787025420507,0.001395,1269174.0,0.001396,2607424.0,0.0013955,7.165890361878414
1787025420509,0.001395,1252851.0,0.001396,2607424.0,0.0013955,7.165890361878414
1787025420511,0.001395,1264675.0,0.001396,2607424.0,0.0013955,7.165890361878414
1787025420519,0.001395,958421.0,0.001396,2607424.0,0.0013955,7.165890361878414
1787025420520,0.001395,91464.0,0.001396,2607424.0,0.0013955,7.165890361878414
1787025420521,0.001395,91464.0,0.001396,3443950.0,0.0013955,7.165890361878414
1787025420522,0.001394,1924467.0,0.001395,866883.0,0.0013945,7.171029042667021
1787025420523,0.001394,1912642.0,0.001395,1122781.0,0.0013945,7.171029042667021
1787025420524,0.001394,1337108.0,0.001395,1233628.0,0.0013945,7.171029042667021
1787025420525,0.001394,1337108.0,0.001395,1040376.0,0.0013945,7.171029042667021
1787025420526,0.001394,1337108.0,0.001395,1026207.0,0.0013945,7.171029042667021
1787025420529,0.001394,1337108.0,0.001395,1324893.0,0.0013945,7.171029042667021
1787025420539,0.001394,506800.0,0.001395,1324893.0,0.0013945,7.171029042667021
1787025420540,0.001393,3459924.0,0.001395,1762031.0,0.0013939999999999998,14.347202295552718
1787025420541,0.001393,2871133.0,0.001394,929538.0,0.0013935,7.17617509867336
1787025420542,0.001393,1297860.0,0.001394,822966.0,0.0013935,7.17617509867336
1787025420543,0.001393,1297860.0,0.001394,885901.0,0.0013935,7.17617509867336
1787025420545,0.001393,1290408.0,0.001394,885901.0,0.0013935,7.17617509867336
1787025420546,0.001393,1241931.0,0.001394,885901.0,0.0013935,7.17617509867336
1787025420551,0.001393,1236376.0,0.001394,885901.0,0.0013935,7.17617509867336
1787025420569,0.001393,1236376.0,0.001394,871723.0,0.0013935,7.17617509867336
1787025420710,0.001393,1248217.0,0.001394,883564.0,0.0013935,7.17617509867336
1787025420740,0.001393,1977167.0,0.001394,1665796.0,0.0013935,7.17617509867336
1787025420763,0.001393,1977167.0,0.001394,1669742.0,0.0013935,7.17617509867336
1787025420828,0.001393,2028908.0,0.001394,1669742.0,0.0013935,7.17617509867336
1787025420848,0.001393,1299958.0,0.001394,1669742.0,0.0013935,7.17617509867336
1787025420849,0.001393,1299958.0,0.001394,1669742.0,0.0013935,7.17617509867336
1787025420873,0.001393,1308450.0,0.001394,1669742.0,0.0013935,7.17617509867336
1787025420878,0.001393,508450.0,0.001394,1669742.0,0.0013935,7.17617509867336
1787025420879,0.001393,426734.0,0.001394,1669742.0,0.0013935,7.17617509867336
1787025420881,0.001393,484687.0,0.001394,1669742.0,0.0013935,7.17617509867336
1787025420885,0.001393,482965.0,0.001394,1669742.0,0.0013935,7.17617509867336
1787025420887,0.001393,531442.0,0.001394,1669742.0,0.0013935,7.17617509867336
1787025420957,0.001393,224932.0,0.001394,1669742.0,0.0013935,7.17617509867336
1787025420958,0.001393,224932.0,0.001394,2137149.0,0.0013935,7.17617509867336
1787025420959,0.001393,224932.0,0.001394,2137149.0,0.0013935,7.17617509867336
1787025420974,0.001393,10186.0,0.001394,2365437.0,0.0013935,7.17617509867336
1787025420975,0.001392,1010886.0,0.001393,468159.0,0.0013925,7.181328545780365
1787025420976,0.001392,617807.0,0.001393,35498.0,0.0013925,7.181328545780365
1787025420977,0.001392,666284.0,0.001393,411712.0,0.0013925,7.181328545780365
1787025420978,0.001393,11919.0,0.001394,2475704.0,0.0013935,7.17617509867336
1787025420979,0.001393,267314.0,0.001394,2125308.0,0.0013935,7.17617509867336
1787025420980,0.001393,276489.0,0.001394,2125308.0,0.0013935,7.17617509867336
1787025420981,0.001393,228012.0,0.001394,2125308.0,0.0013935,7.17617509867336
1787025420984,0.001393,262496.0,0.001394,2125308.0,0.0013935,7.17617509867336
1787025420986,0.001393,310973.0,0.001394,2125308.0,0.0013935,7.17617509867336
1787025421010,0.001393,262496.0,0.001394,2125308.0,0.0013935,7.17617509867336
1787025421011,0.001393,266805.0,0.001394,2125308.0,0.0013935,7.17617509867336
1787025421043,0.001393,50712.0,0.001394,2125308.0,0.0013935,7.17617509867336
1787025421044,0.001393,638793.0,0.001394,2239810.0,0.0013935,7.17617509867336
1787025421045,0.001393,638793.0,0.001394,2125308.0,0.0013935,7.17617509867336
1787025421058,0.001393,1526858.0,0.001394,2125308.0,0.0013935,7.17617509867336
1787025421070,0.001393,1538699.0,0.001394,2125308.0,0.0013935,7.17617509867336
1787025421071,0.001393,1538699.0,0.001394,2137149.0,0.0013935,7.17617509867336
1787025421216,0.001393,1538699.0,0.001394,2432571.0,0.0013935,7.17617509867336
1787025421282,0.001393,1538699.0,0.001394,1965164.0,0.0013935,7.17617509867336
1787025421283,0.001393,1791911.0,0.001394,1182932.0,0.0013935,7.17617509867336
1787025421284,0.001393,1791911.0,0.001394,916290.0,0.0013935,7.17617509867336
1787025421299,0.001393,1791911.0,0.001394,923466.0,0.0013935,7.17617509867336
1787025421390,0.001393,1791911.0,0.001394,888336.0,0.0013935,7.17617509867336
1787025421470,0.001393,1791911.0,0.001394,884536.0,0.0013935,7.17617509867336
1787025421493,0.001393,1791911.0,0.001394,1763752.0,0.0013935,7.17617509867336
1787025421495,0.001393,1791911.0,0.001394,1751911.0,0.0013935,7.17617509867336
1787025421538,0.001393,1791911.0,0.001394,872695.0,0.0013935,7.17617509867336
1787025421539,0.001393,1791911.0,0.001394,860825.0,0.0013935,7.17617509867336
1787025421568,0.001393,1791911.0,0.001394,872666.0,0.0013935,7.17617509867336
1787025421604,0.001393,1791911.0,0.001394,729143.0,0.0013935,7.17617509867336
1787025421644,0.001393,1806286.0,0.001394,729143.0,0.0013935,7.17617509867336
1787025421729,0.001393,1206286.0,0.001394,729143.0,0.0013935,7.17617509867336
1787025421796,0.001393,1206286.0,0.001394,721967.0,0.0013935,7.17617509867336
1787025421799,0.001393,1206286.0,0.001394,1530604.0,0.0013935,7.17617509867336
1787025421800,0.001393,1206286.0,0.001394,1530604.0,0.0013935,7.17617509867336
1787025421879,0.001393,1385927.0,0.001394,1530604.0,0.0013935,7.17617509867336
1787025421902,0.001393,1389876.0,0.001394,1530604.0,0.0013935,7.17617509867336
1787025421940,0.001393,1210235.0,0.001394,1530604.0,0.0013935,7.17617509867336
1787025422037,0.001393,1223452.0,0.001394,1530604.0,0.0013935,7.17617509867336
1787025422061,0.001393,1220225.0,0.001394,1530604.0,0.0013935,7.17617509867336
1787025422064,0.001393,1220225.0,0.001394,1771123.0,0.0013935,7.17617509867336
1787025422176,0.001393,1264417.0,0.001394,1771123.0,0.0013935,7.17617509867336
1787025422298,0.001393,1271593.0,0.001394,1771123.0,0.0013935,7.17617509867336
1787025422809,0.001393,1451234.0,0.001394,1771123.0,0.0013935,7.17617509867336
1787025423069,0.001393,1451234.0,0.001394,1971675.0,0.0013935,7.17617509867336
1787025423177,0.001393,1451234.0,0.001394,2004234.0,0.0013935,7.17617509867336
1787025423193,0.001393,1449186.0,0.001394,2004234.0,0.0013935,7.17617509867336
1787025423587,0.001393,1474254.0,0.001394,2004234.0,0.0013935,7.17617509867336
1787025423676,0.001393,1440381.0,0.001394,2004234.0,0.0013935,7.17617509867336
1787025423677,0.001393,1428540.0,0.001394,2004234.0,0.0013935,7.17617509867336
1787025423678,0.001393,1440381.0,0.001394,2004234.0,0.0013935,7.17617509867336
1787025423805,0.001393,1453308.0,0.001394,2004234.0,0.0013935,7.17617509867336
1787025423937,0.001393,1453308.0,0.001395,2749121.0,0.0013939999999999998,14.347202295552718
1787025423938,0.001394,413081.0,0.001395,2767735.0,0.0013945,7.171029042667021
1787025423939,0.001394,465504.0,0.001395,1778150.0,0.0013945,7.171029042667021
1787025423940,0.001394,465504.0,0.001395,1786105.0,0.0013945,7.171029042667021
1787025423941,0.001394,465504.0,0.001395,1789636.0,0.0013945,7.171029042667021
1787025423942,0.001394,540953.0,0.001395,1789636.0,0.0013945,7.171029042667021
1787025423943,0.001394,540953.0,0.001395,1717876.0,0.0013945,7.171029042667021
1787025423944,0.001394,720466.0,0.001395,1575578.0,0.0013945,7.171029042667021
1787025423945,0.001394,650087.0,0.001395,1433280.0,0.0013945,7.171029042667021
1787025423947,0.001393,2177805.0,0.001395,1433280.0,0.0013939999999999998,14.347202295552718
1787025423948,0.001393,2031920.0,0.001394,248128.0,0.0013935,7.17617509867336
1787025423949,0.001393,1587539.0,0.001394,300551.0,0.0013935,7.17617509867336
1787025423950,0.001393,920238.0,0.001394,380451.0,0.0013935,7.17617509867336
1787025423951,0.001393,63785.0,0.001394,380451.0,0.0013935,7.17617509867336
1787025423952,0.001393,112262.0,0.001394,380451.0,0.0013935,7.17617509867336
1787025423954,0.001393,160739.0,0.001394,380451.0,0.0013935,7.17617509867336
1787025423992,0.001393,160739.0,0.001394,300551.0,0.0013935,7.17617509867336
1787025423993,0.001393,165044.0,0.001394,300551.0,0.0013935,7.17617509867336
1787025424023,0.001393,21520.0,0.001394,300551.0,0.0013935,7.17617509867336
1787025424024,0.001393,52782.0,0.001394,300551.0,0.0013935,7.17617509867336
1787025424025,0.001393,31262.0,0.001394,1030714.0,0.0013935,7.17617509867336
1787025424026,0.001392,1788969.0,0.001393,331400.0,0.0013925,7.181328545780365
1787025424027,0.001392,1399718.0,0.001393,568782.0,0.0013925,7.181328545780365
1787025424028,0.001392,1238821.0,0.001393,617259.0,0.0013925,7.181328545780365
1787025424029,0.001392,1238821.0,0.001393,285859.0,0.0013925,7.181328545780365
1787025424030,0.001392,1325119.0,0.001393,48477.0,0.0013925,7.181328545780365
1787025424031,0.001392,1406669.0,0.001393,48477.0,0.0013925,7.181328545780365
1787025424032,0.001392,1406669.0,0.001393,347592.0,0.0013925,7.181328545780365
1787025424073,0.001392,1410978.0,0.001393,347592.0,0.0013925,7.181328545780365
1787025424097,0.001392,1617792.0,0.001393,347592.0,0.0013925,7.181328545780365
1787025424138,0.001392,1629642.0,0.001393,359442.0,0.0013925,7.181328545780365
1787025424158,0.001392,1629642.0,0.001393,1209835.0,0.0013925,7.181328545780365
1787025424159,0.001392,2435167.0,0.001393,1438504.0,0.0013925,7.181328545780365
1787025424185,0.001392,2430269.0,0.001393,1438504.0,0.0013925,7.181328545780365
1787025424269,0.001392,2430269.0,0.001393,1450354.0,0.0013925,7.181328545780365
1787025424294,0.001392,2430269.0,0.001393,811447.0,0.0013925,7.181328545780365
1787025424295,0.001392,2430269.0,0.001393,11850.0,0.0013925,7.181328545780365
1787025424296,0.001392,2572207.0,0.001394,1816886.0,0.0013930000000000001,14.357501794688071
1787025424297,0.001393,413081.0,0.001394,1813221.0,0.0013935,7.17617509867336
1787025424298,0.001393,537384.0,0.001394,1813221.0,0.0013935,7.17617509867336
1787025424299,0.001393,537384.0,0.001394,804594.0,0.0013935,7.17617509867336
1787025424302,0.001393,558944.0,0.001394,804594.0,0.0013935,7.17617509867336
1787025424309,0.001393,537384.0,0.001394,804594.0,0.0013935,7.17617509867336
1787025424348,0.001393,537384.0,0.001394,808541.0,0.0013935,7.17617509867336
1787025424370,0.001393,537384.0,0.001394,804594.0,0.0013935,7.17617509867336
1787025424375,0.001393,461558.0,0.001394,804594.0,0.0013935,7.17617509867336
1787025424416,0.001393,547856.0,0.001394,804594.0,0.0013935,7.17617509867336
1787025424417,0.001393,559697.0,0.001394,816435.0,0.0013935,7.17617509867336
1787025424496,0.001393,559697.0,0.001394,1681289.0,0.0013935,7.17617509867336
1787025424497,0.001393,1308595.0,0.001394,1669448.0,0.0013935,7.17617509867336
1787025424498,0.001393,1296754.0,0.001394,1669448.0,0.0013935,7.17617509867336
1787025424595,0.001393,1309691.0,0.001394,1669448.0,0.0013935,7.17617509867336
1787025424596,0.001393,1309691.0,0.001394,1681289.0,0.0013935,7.17617509867336
1787025424597,0.001393,1321532.0,0.001394,1681289.0,0.0013935,7.17617509867336
1787025424799,0.001393,1328708.0,0.001394,1681289.0,0.0013935,7.17617509867336
1787025424866,0.001393,1332657.0,0.001394,1681289.0,0.0013935,7.17617509867336
1787025424986,0.001393,1328331.0,0.001394,1681289.0,0.0013935,7.17617509867336
1787025425299,0.001393,1324730.0,0.001394,1681289.0,0.0013935,7.17617509867336
1787025425807,0.001393,1324730.0,0.001394,1666193.0,0.0013935,7.17617509867336
1787025425809,0.001393,1553216.0,0.001394,1666193.0,0.0013935,7.17617509867336
1787025425833,0.001393,1553216.0,0.001394,1738829.0,0.0013935,7.17617509867336
1787025425859,0.001393,1732857.0,0.001394,1738829.0,0.0013935,7.17617509867336
1787025425885,0.001393,1732857.0,0.001394,1718829.0,0.0013935,7.17617509867336
1787025425947,0.001393,1732857.0,0.001394,1704681.0,0.0013935,7.17617509867336
1787025425948,0.001393,1732857.0,0.001394,1534295.0,0.0013935,7.17617509867336
1787025425949,0.001393,1732857.0,0.001394,1508783.0,0.0013935,7.17617509867336
1787025425950,0.001393,1732857.0,0.001394,1490500.0,0.0013935,7.17617509867336
1787025425951,0.001393,1732857.0,0.001394,1493119.0,0.0013935,7.17617509867336
1787025425953,0.001393,1732857.0,0.001394,1485878.0,0.0013935,7.17617509867336
1787025425954,0.001393,1732857.0,0.001394,1474374.0,0.0013935,7.17617509867336
1787025425957,0.001393,1732857.0,0.001394,1468982.0,0.0013935,7.17617509867336
1787025425958,0.001393,1732857.0,0.001394,1443645.0,0.0013935,7.17617509867336
1787025425959,0.001393,1732857.0,0.001394,1405777.0,0.0013935,7.17617509867336
1787025425960,0.001393,1684380.0,0.001394,528425.0,0.0013935,7.17617509867336
1787025425961,0.001393,1684380.0,0.001394,513835.0,0.0013935,7.17617509867336
1787025425962,0.001393,1684380.0,0.001394,562312.0,0.0013935,7.17617509867336
1787025425968,0.001393,1684380.0,0.001394,556665.0,0.0013935,7.17617509867336
1787025425969,0.001393,1684380.0,0.001394,530141.0,0.0013935,7.17617509867336
1787025425970,0.001393,1684380.0,0.001394,495538.0,0.0013935,7.17617509867336
1787025425971,0.001393,1684380.0,0.001394,467271.0,0.0013935,7.17617509867336
1787025425972,0.001393,1684380.0,0.001394,354831.0,0.0013935,7.17617509867336
1787025425973,0.001393,1684380.0,0.001394,385623.0,0.0013935,7.17617509867336
1787025425974,0.001393,1684380.0,0.001394,803259.0,0.0013935,7.17617509867336
1787025425975,0.001393,1684380.0,0.001394,722790.0,0.0013935,7.17617509867336
1787025425976,0.001393,1684380.0,0.001394,700584.0,0.0013935,7.17617509867336
1787025425977,0.001393,1684380.0,0.001394,681977.0,0.0013935,7.17617509867336
1787025425978,0.001393,1684380.0,0.001394,667829.0,0.0013935,7.17617509867336
1787025425980,0.001393,1684380.0,0.001394,656808.0,0.0013935,7.17617509867336
1787025425981,0.001393,1684380.0,0.001394,653271.0,0.0013935,7.17617509867336
1787025425987,0.001393,1684380.0,0.001394,649734.0,0.0013935,7.17617509867336
1787025425988,0.001393,1684380.0,0.001394,605618.0,0.0013935,7.17617509867336
1787025425989,0.001393,1684380.0,0.001394,569248.0,0.0013935,7.17617509867336
1787025425990,0.001393,1684380.0,0.001394,521214.0,0.0013935,7.17617509867336
1787025425992,0.001393,1684380.0,0.001394,589646.0,0.0013935,7.17617509867336
1787025426040,0.001393,1727294.0,0.001394,589646.0,0.0013935,7.17617509867336
1787025426078,0.001393,1727294.0,0.001394,601487.0,0.0013935,7.17617509867336
1787025426127,0.001393,1727294.0,0.001394,571487.0,0.0013935,7.17617509867336
1787025426129,0.001393,1727294.0,0.001394,571487.0,0.0013935,7.17617509867336
1787025426175,0.001393,1727294.0,0.001394,567950.0,0.0013935,7.17617509867336
1787025426176,0.001393,1727294.0,0.001394,555621.0,0.0013935,7.17617509867336
1787025426177,0.001393,1727294.0,0.001394,1358648.0,0.0013935,7.17617509867336
1787025426178,0.001393,1727294.0,0.001394,1346807.0,0.0013935,7.17617509867336
1787025426179,0.001393,1727294.0,0.001394,1355111.0,0.0013935,7.17617509867336
1787025426215,0.001393,1727294.0,0.001394,1343231.0,0.0013935,7.17617509867336
1787025426485,0.001393,1727294.0,0.001394,1332339.0,0.0013935,7.17617509867336
1787025426513,0.001393,1725019.0,0.001394,1332339.0,0.0013935,7.17617509867336
1787025426878,0.001393,1725019.0,0.001394,1336285.0,0.0013935,7.17617509867336
1787025427228,0.001393,1725019.0,0.001394,1340528.0,0.0013935,7.17617509867336
1787025427291,0.001393,1725019.0,0.001394,1089272.0,0.0013935,7.17617509867336
1787025427292,0.001393,1725019.0,0.001394,286245.0,0.0013935,7.17617509867336
1787025427294,0.001393,1725019.0,0.001394,334722.0,0.0013935,7.17617509867336
1787025427412,0.001393,1725019.0,0.001394,88195.0,0.0013935,7.17617509867336
1787025427413,0.001393,1725019.0,0.001394,292447.0,0.0013935,7.17617509867336
1787025427414,0.001393,1725019.0,0.001394,304288.0,0.0013935,7.17617509867336
1787025427439,0.001393,1721098.0,0.001394,304288.0,0.0013935,7.17617509867336
1787025427511,0.001393,1721098.0,0.001394,1163546.0,0.0013935,7.17617509867336
1787025427512,0.001393,1721098.0,0.001394,1380191.0,0.0013935,7.17617509867336
1787025427539,0.001393,1721098.0,0.001394,1392032.0,0.0013935,7.17617509867336
1787025427775,0.001393,1706420.0,0.001394,1392032.0,0.0013935,7.17617509867336
1787025427776,0.001393,1706420.0,0.001394,1392032.0,0.0013935,7.17617509867336
1787025427879,0.001393,1688628.0,0.001394,1392032.0,0.0013935,7.17617509867336
1787025428567,0.001393,1688628.0,0.001394,1356164.0,0.0013935,7.17617509867336
1787025428568,0.001393,1701555.0,0.001394,1360110.0,0.0013935,7.17617509867336
1787025428570,0.001393,1701555.0,0.001394,1442139.0,0.0013935,7.17617509867336
1787025428587,0.001393,1701555.0,0.001394,1523599.0,0.0013935,7.17617509867336
1787025428758,0.001393,1697264.0,0.001394,1523599.0,0.0013935,7.17617509867336
1787025428785,0.001393,1692812.0,0.001394,1523599.0,0.0013935,7.17617509867336
1787025428786,0.001393,1679885.0,0.001394,1523599.0,0.0013935,7.17617509867336
1787025429066,0.001393,1692812.0,0.001394,1523599.0,0.0013935,7.17617509867336
1787025429730,0.001393,1653026.0,0.001394,1523599.0,0.0013935,7.17617509867336
1787025429731,0.001393,1640099.0,0.001394,1523599.0,0.0013935,7.17617509867336
1787025429823,0.001393,1640099.0,0.001394,1518010.0,0.0013935,7.17617509867336
1787025430031,0.001393,1635969.0,0.001394,1518010.0,0.0013935,7.17617509867336
1787025430032,0.001393,1635969.0,0.001394,1518010.0,0.0013935,7.17617509867336
1787025430204,0.001393,1648896.0,0.001394,1518010.0,0.0013935,7.17617509867336
1787025430834,0.001393,1648896.0,0.001394,1532377.0,0.0013935,7.17617509867336
1787025430931,0.001393,1648896.0,0.001394,1568257.0,0.0013935,7.17617509867336
1787025431039,0.001393,1605982.0,0.001394,1568257.0,0.0013935,7.17617509867336
1787025431283,0.001393,1603041.0,0.001394,1568257.0,0.0013935,7.17617509867336
1787025431284,0.001393,1590114.0,0.001394,1568257.0,0.0013935,7.17617509867336
1787025431286,0.001393,3949.0,0.001394,1796545.0,0.0013935,7.17617509867336
1787025431287,0.001392,2529182.0,0.001393,504333.0,0.0013925,7.181328545780365
1787025431288,0.001392,1126429.0,0.001393,796105.0,0.0013925,7.181328545780365
1787025431289,0.001392,1126429.0,0.001393,800054.0,0.0013925,7.181328545780365
1787025431369,0.001392,1122482.0,0.001393,800054.0,0.0013925,7.181328545780365
1787025431390,0.001392,1122482.0,0.001393,778815.0,0.0013925,7.181328545780365
1787025431447,0.001392,1122482.0,0.001393,1007301.0,0.0013925,7.181328545780365
1787025431506,0.001392,1122482.0,0.001393,1913703.0,0.0013925,7.181328545780365
1787025431508,0.001392,1066387.0,0.001393,1913703.0,0.0013925,7.181328545780365
1787025431517,0.001392,1078237.0,0.001393,1925553.0,0.0013925,7.181328545780365
1787025431680,0.001392,1181147.0,0.001393,1925553.0,0.0013925,7.181328545780365
1787025431699,0.001392,444478.0,0.001393,1925553.0,0.0013925,7.181328545780365
1787025431701,0.001392,237140.0,0.001393,1925553.0,0.0013925,7.181328545780365
1787025431702,0.001392,237140.0,0.001393,2388573.0,0.0013925,7.181328545780365
1787025431800,0.001392,244321.0,0.001393,2417610.0,0.0013925,7.181328545780365
1787025431801,0.001392,244321.0,0.001393,2446647.0,0.0013925,7.181328545780365
1787025431802,0.001392,244321.0,0.001393,2475684.0,0.0013925,7.181328545780365
1787025431830,0.001392,244321.0,0.001393,1997779.0,0.0013925,7.181328545780365
1787025431832,0.001392,472807.0,0.001393,1997779.0,0.0013925,7.181328545780365
1787025431833,0.001392,472807.0,0.001393,1983658.0,0.0013925,7.181328545780365
1787025431880,0.001392,516413.0,0.001393,1983658.0,0.0013925,7.181328545780365
1787025431902,0.001392,1341066.0,0.001393,1983658.0,0.0013925,7.181328545780365
1787025431903,0.001392,1329216.0,0.001393,1983658.0,0.0013925,7.181328545780365
1787025431977,0.001392,1333561.0,0.001393,1983658.0,0.0013925,7.181328545780365
1787025431978,0.001392,1345411.0,0.001393,1983658.0,0.0013925,7.181328545780365
1787025431981,0.001392,1352710.0,0.001393,1983658.0,0.0013925,7.181328545780365
1787025432101,0.001392,1352710.0,0.001393,1896547.0,0.0013925,7.181328545780365
1787025432235,0.001392,1352710.0,0.001393,1902026.0,0.0013925,7.181328545780365
1787025432482,0.001392,1352710.0,0.001393,1913072.0,0.0013925,7.181328545780365
1787025432553,0.001392,1348984.0,0.001393,1913072.0,0.0013925,7.181328545780365
1787025432600,0.001392,1348984.0,0.001393,1941483.0,0.0013925,7.181328545780365
1787025432700,0.001392,1348984.0,0.001393,1913072.0,0.0013925,7.181328545780365
1787025432833,0.001392,1348984.0,0.001393,1852957.0,0.0013925,7.181328545780365
1787025433039,0.001392,1365387.0,0.001393,1852957.0,0.0013925,7.181328545780365
1787025433090,0.001392,1365387.0,0.001393,1389937.0,0.0013925,7.181328545780365
1787025433091,0.001392,1365387.0,0.001393,340105.0,0.0013925,7.181328545780365
1787025433092,0.001392,1365387.0,0.001393,328255.0,0.0013925,7.181328545780365
1787025433093,0.001392,1365387.0,0.001393,99769.0,0.0013925,7.181328545780365
1787025433094,0.001392,1365387.0,0.001393,111619.0,0.0013925,7.181328545780365
1787025433095,0.001392,1365387.0,0.001393,160096.0,0.0013925,7.181328545780365
1787025433388,0.001392,1365387.0,0.001393,388582.0,0.0013925,7.181328545780365
1787025433389,0.001392,1365387.0,0.001393,376732.0,0.0013925,7.181328545780365
1787025433390,0.001392,1365387.0,0.001393,388582.0,0.0013925,7.181328545780365
1787025433433,0.001392,1365387.0,0.001393,1268881.0,0.0013925,7.181328545780365
1787025433434,0.001392,1365387.0,0.001393,1257031.0,0.0013925,7.181328545780365
1787025433499,0.001392,1365387.0,0.001393,1268881.0,0.0013925,7.181328545780365
1787025433921,0.001392,1362172.0,0.001393,1268881.0,0.0013925,7.181328545780365
1787025433922,0.001392,1366124.0,0.001393,1268881.0,0.0013925,7.181328545780365
1787025433923,0.001392,1366124.0,0.001393,1868881.0,0.0013925,7.181328545780365
1787025433924,0.001392,1366124.0,0.001393,1268881.0,0.0013925,7.181328545780365
1787025434689,0.001392,1366124.0,0.001393,1264755.0,0.0013925,7.181328545780365
1787025435073,0.001392,1364323.0,0.001393,1264755.0,0.0013925,7.181328545780365
1787025435074,0.001392,1364323.0,0.001393,1656480.0,0.0013925,7.181328545780365
1787025435075,0.001392,1364323.0,0.001393,1252905.0,0.0013925,7.181328545780365
1787025435076,0.001392,1364323.0,0.001393,1264755.0,0.0013925,7.181328545780365
1787025435367,0.001392,1355703.0,0.001393,1264755.0,0.0013925,7.181328545780365
1787025435368,0.001392,1353471.0,0.001393,1656480.0,0.0013925,7.181328545780365
1787025435369,0.001392,1353471.0,0.001393,1428192.0,0.0013925,7.181328545780365
1787025435370,0.001392,1353471.0,0.001393,1264755.0,0.0013925,7.181328545780365
1787025435722,0.001392,1353471.0,0.001393,1221374.0,0.0013925,7.181328545780365
1787025436219,0.001392,1353471.0,0.001393,341075.0,0.0013925,7.181328545780365
1787025436220,0.001392,1353471.0,0.001393,352925.0,0.0013925,7.181328545780365
1787025436221,0.001392,1353471.0,0.001393,341075.0,0.0013925,7.181328545780365
1787025436294,0.001392,1347031.0,0.001393,341075.0,0.0013925,7.181328545780365
1787025436321,0.001392,1342312.0,0.001393,341075.0,0.0013925,7.181328545780365
1787025436444,0.001392,1342312.0,0.001393,1182326.0,0.0013925,7.181328545780365
1787025436445,0.001392,1342312.0,0.001393,1182326.0,0.0013925,7.181328545780365
1787025437234,0.001392,1356919.0,0.001393,1182326.0,0.0013925,7.181328545780365
1787025437713,0.001392,1354753.0,0.001393,1182326.0,0.0013925,7.181328545780365
1787025439057,0.001392,1351886.0,0.001393,1182326.0,0.0013925,7.181328545780365
1787025440193,0.001392,1348014.0,0.001393,1182326.0,0.0013925,7.181328545780365
1787025440371,0.001392,1348014.0,0.001393,1146289.0,0.0013925,7.181328545780365
1787025440372,0.001392,1348014.0,0.001393,1150238.0,0.0013925,7.181328545780365
1787025441158,0.001392,1348014.0,0.001393,80501.0,0.0013925,7.181328545780365
1787025441160,0.001393,453979.0,0.001394,2462178.0,0.0013935,7.17617509867336
1787025441161,0.001393,413081.0,0.001394,1653015.0,0.0013935,7.17617509867336
1787025441162,0.001393,417030.0,0.001394,1092493.0,0.0013935,7.17617509867336
1787025441163,0.001393,465507.0,0.001394,1164172.0,0.0013935,7.17617509867336
1787025441164,0.001393,513984.0,0.001394,1242735.0,0.0013935,7.17617509867336
1787025441165,0.001393,513984.0,0.001394,1201280.0,0.0013935,7.17617509867336
1787025441166,0.001393,465507.0,0.001394,1201280.0,0.0013935,7.17617509867336
1787025441187,0.001393,461775.0,0.001394,1201280.0,0.0013935,7.17617509867336
1787025441235,0.001393,461775.0,0.001394,1122717.0,0.0013935,7.17617509867336
1787025441241,0.001393,461775.0,0.001394,1198958.0,0.0013935,7.17617509867336
1787025441278,0.001393,473616.0,0.001394,1210799.0,0.0013935,7.17617509867336
1787025441280,0.001393,473616.0,0.001394,1134558.0,0.0013935,7.17617509867336
1787025441297,0.001393,480792.0,0.001394,1134558.0,0.0013935,7.17617509867336
1787025441352,0.001393,480792.0,0.001394,1130611.0,0.0013935,7.17617509867336
1787025441373,0.001393,480792.0,0.001394,2039108.0,0.0013935,7.17617509867336
1787025441431,0.001393,583702.0,0.001394,2039108.0,0.0013935,7.17617509867336
1787025441600,0.001393,583702.0,0.001394,2056629.0,0.0013935,7.17617509867336
1787025441654,0.001393,1342283.0,0.001394,2056629.0,0.0013935,7.17617509867336
1787025441656,0.001393,1342283.0,0.001394,2056629.0,0.0013935,7.17617509867336
1787025441698,0.001393,1342283.0,0.001394,2039108.0,0.0013935,7.17617509867336
1787025441974,0.001393,1346628.0,0.001394,2039108.0,0.0013935,7.17617509867336
1787025441975,0.001393,1353927.0,0.001394,2039108.0,0.0013935,7.17617509867336
1787025442040,0.001393,1394173.0,0.001394,2039108.0,0.0013935,7.17617509867336
1787025442222,0.001393,1394173.0,0.001394,1895533.0,0.0013935,7.17617509867336
1787025442319,0.001393,1389538.0,0.001394,1895533.0,0.0013935,7.17617509867336
1787025443451,0.001393,1387651.0,0.001394,1895533.0,0.0013935,7.17617509867336
1787025443688,0.001393,1387651.0,0.001394,1936772.0,0.0013935,7.17617509867336
1787025443877,0.001393,1486732.0,0.001394,1936772.0,0.0013935,7.17617509867336
1787025444795,0.001393,1484676.0,0.001394,1936772.0,0.0013935,7.17617509867336
1787025445099,0.001393,1586096.0,0.001394,1936772.0,0.0013935,7.17617509867336
1787025445100,0.001393,1687516.0,0.001394,1936772.0,0.0013935,7.17617509867336
1787025446515,0.001393,1685024.0,0.001394,1936772.0,0.0013935,7.17617509867336
1787025446995,0.001393,1685024.0,0.001394,611728.0,0.0013935,7.17617509867336
1787025446996,0.001393,1913510.0,0.001394,611728.0,0.0013935,7.17617509867336
1787025446997,0.001393,1913510.0,0.001394,456457.0,0.0013935,7.17617509867336
1787025446998,0.001393,1913510.0,0.001394,253287.0,0.0013935,7.17617509867336
1787025446999,0.001393,2946505.0,0.001394,257233.0,0.0013935,7.17617509867336
1787025447000,0.001393,2934664.0,0.001394,257233.0,0.0013935,7.17617509867336
1787025447004,0.001393,3114305.0,0.001394,257233.0,0.0013935,7.17617509867336
1787025447017,0.001393,2514305.0,0.001394,257233.0,0.0013935,7.17617509867336
1787025447019,0.001393,3423482.0,0.001394,257233.0,0.0013935,7.17617509867336
1787025447043,0.001393,3396196.0,0.001394,257233.0,0.0013935,7.17617509867336
1787025447089,0.001393,3470464.0,0.001394,257233.0,0.0013935,7.17617509867336
1787025447097,0.001393,3482305.0,0.001394,257233.0,0.0013935,7.17617509867336
1787025447098,0.001393,3482305.0,0.001394,269074.0,0.0013935,7.17617509867336
1787025447199,0.001393,3786509.0,0.001394,269074.0,0.0013935,7.17617509867336
1787025447341,0.001393,3786509.0,0.001394,274342.0,0.0013935,7.17617509867336
1787025447599,0.001393,3864773.0,0.001394,274342.0,0.0013935,7.17617509867336
1787025447627,0.001393,3862771.0,0.001394,274342.0,0.0013935,7.17617509867336
1787025447680,0.001393,4034000.0,0.001394,274342.0,0.0013935,7.17617509867336
1787025448074,0.001393,4034000.0,0.001394,262492.0,0.0013935,7.17617509867336
1787025448075,0.001393,4034000.0,0.001394,250642.0,0.0013935,7.17617509867336
1787025448076,0.001394,913512.0,0.001395,2271198.0,0.0013945,7.171029042667021
1787025448077,0.001394,983628.0,0.001395,1102642.0,0.0013945,7.171029042667021
1787025448078,0.001394,987574.0,0.001395,979420.0,0.0013945,7.171029042667021
1787025448079,0.001394,1166914.0,0.001395,787513.0,0.0013945,7.171029042667021
1787025448080,0.001394,1918301.0,0.001395,705599.0,0.0013945,7.171029042667021
1787025448081,0.001394,1690484.0,0.001395,545112.0,0.0013945,7.171029042667021
1787025448082,0.001394,1090484.0,0.001395,545112.0,0.0013945,7.171029042667021
1787025448084,0.001394,1138961.0,0.001395,588568.0,0.0013945,7.171029042667021
1787025448085,0.001394,1318474.0,0.001395,588568.0,0.0013945,7.171029042667021
1787025448105,0.001394,1318474.0,0.001395,595213.0,0.0013945,7.171029042667021
1787025448115,0.001394,1269997.0,0.001395,595213.0,0.0013945,7.171029042667021
1787025448120,0.001394,1269997.0,0.001395,823699.0,0.0013945,7.171029042667021
1787025448129,0.001394,1278602.0,0.001395,823699.0,0.0013945,7.171029042667021
1787025448199,0.001394,1582806.0,0.001395,823699.0,0.0013945,7.171029042667021
1787025448248,0.001394,1594639.0,0.001395,835532.0,0.0013945,7.171029042667021
1787025448282,0.001394,2442328.0,0.001395,835532.0,0.0013945,7.171029042667021
1787025448297,0.001394,2449499.0,0.001395,835532.0,0.0013945,7.171029042667021
1787025448350,0.001394,2449499.0,0.001395,831585.0,0.0013945,7.171029042667021
1787025448361,0.001394,2449499.0,0.001395,2739623.0,0.0013945,7.171029042667021
1787025448362,0.001394,2449499.0,0.001395,2739623.0,0.0013945,7.171029042667021
1787025448363,0.001394,2449499.0,0.001395,3503520.0,0.0013945,7.171029042667021
1787025448701,0.001394,2145295.0,0.001395,3503520.0,0.0013945,7.171029042667021
1787025448907,0.001394,2140242.0,0.001395,3503520.0,0.0013945,7.171029042667021
1787025448970,0.001394,2151886.0,0.001395,3503520.0,0.0013945,7.171029042667021
1787025449039,0.001394,2190833.0,0.001395,3503520.0,0.0013945,7.171029042667021
1787025449104,0.001394,2190833.0,0.001395,3360100.0,0.0013945,7.171029042667021
1787025449197,0.001394,2190833.0,0.001395,3592731.0,0.0013945,7.171029042667021
1787025450135,0.001394,2187312.0,0.001395,3592731.0,0.0013945,7.171029042667021
1787025450619,0.001394,2148233.0,0.001395,3592731.0,0.0013945,7.171029042667021
1787025450621,0.001394,1300544.0,0.001395,3592731.0,0.0013945,7.171029042667021
1787025450622,0.001394,1312377.0,0.001395,3592731.0,0.0013945,7.171029042667021
1787025450624,0.001394,1300544.0,0.001395,3592731.0,0.0013945,7.171029042667021
1787025450984,0.001394,2074459.0,0.001395,3592731.0,0.0013945,7.171029042667021
1787025451037,0.001394,2035512.0,0.001395,3592731.0,0.0013945,7.171029042667021
1787025451189,0.001394,2032965.0,0.001395,3592731.0,0.0013945,7.171029042667021
1787025451253,0.001394,2025938.0,0.001395,3592731.0,0.0013945,7.171029042667021
1787025451277,0.001394,2025938.0,0.001395,1684693.0,0.0013945,7.171029042667021
1787025451278,0.001394,2025938.0,0.001395,1684693.0,0.0013945,7.171029042667021
1787025451280,0.001394,2025938.0,0.001395,4029167.0,0.0013945,7.171029042667021
1787025451281,0.001394,2025938.0,0.001395,4017334.0,0.0013945,7.171029042667021
1787025451430,0.001394,2025938.0,0.001395,4029167.0,0.0013945,7.171029042667021
1787025451784,0.001394,1667001.0,0.001395,4029167.0,0.0013945,7.171029042667021
1787025451785,0.001394,447983.0,0.001395,4029167.0,0.0013945,7.171029042667021
1787025451786,0.001394,11833.0,0.001395,4029167.0,0.0013945,7.171029042667021
1787025451787,0.001393,1757149.0,0.001394,454089.0,0.0013935,7.17617509867336
1787025451788,0.001393,894631.0,0.001394,1146944.0,0.0013935,7.17617509867336
1787025451789,0.001393,894631.0,0.001394,736522.0,0.0013935,7.17617509867336
1787025451790,0.001393,894631.0,0.001394,753265.0,0.0013935,7.17617509867336
1787025451791,0.001393,894631.0,0.001394,1079515.0,0.0013935,7.17617509867336
1787025451792,0.001393,943108.0,0.001394,1079515.0,0.0013935,7.17617509867336
1787025451793,0.001393,894631.0,0.001394,1079515.0,0.0013935,7.17617509867336
1787025451838,0.001393,943108.0,0.001394,1079515.0,0.0013935,7.17617509867336
1787025451873,0.001393,894631.0,0.001394,1079515.0,0.0013935,7.17617509867336
1787025451972,0.001393,906472.0,0.001394,1091356.0,0.0013935,7.17617509867336
1787025451973,0.001393,906472.0,0.001394,843213.0,0.0013935,7.17617509867336
1787025452008,0.001393,1770058.0,0.001394,1697701.0,0.0013935,7.17617509867336
1787025452009,0.001393,906472.0,0.001394,1685860.0,0.0013935,7.17617509867336
1787025452010,0.001393,894631.0,0.001394,1685860.0,0.0013935,7.17617509867336
1787025452046,0.001393,842890.0,0.001394,1685860.0,0.0013935,7.17617509867336
1787025452157,0.001393,854731.0,0.001394,1697701.0,0.0013935,7.17617509867336
1787025452226,0.001393,1620058.0,0.001394,1697701.0,0.0013935,7.17617509867336
1787025452298,0.001393,1627234.0,0.001394,1697701.0,0.0013935,7.17617509867336
1787025452487,0.001393,1624230.0,0.001394,1697701.0,0.0013935,7.17617509867336
1787025452595,0.001393,1545966.0,0.001394,1697701.0,0.0013935,7.17617509867336
1787025452694,0.001393,552153.0,0.001394,1697701.0,0.0013935,7.17617509867336
1787025452696,0.001393,540312.0,0.001394,1697701.0,0.0013935,7.17617509867336
1787025452833,0.001393,540312.0,0.001394,1774560.0,0.0013935,7.17617509867336
